5000    
0.000000    -0.000000    0.000000    0.000000    0.000006    0.000000    0.000000    -0.000139    0.000000    0.000000  
0.010001    -0.000000    0.000000    0.000000    0.000005    0.000000    0.000000    -0.000122    0.000000    0.000000  
0.020002    -0.000000    0.000000    0.000000    0.000004    0.000000    0.000000    -0.000107    0.000000    0.000000  
0.030003    0.000000    0.000000    0.000000    0.000003    0.000000    0.000000    -0.000092    0.000000    0.000000  
0.040004    0.000000    0.000000    0.000000    0.000002    0.000000    0.000000    -0.000079    0.000000    0.000000  
0.050005    0.000000    0.000000    0.000000    0.000001    0.000000    0.000000    -0.000066    0.000000    0.000000  
0.060006    0.000000    0.000000    0.000000    0.000001    0.000000    0.000000    -0.000055    0.000000    0.000000  
0.070007    0.000000    0.000000    0.000000    0.000000    0.000000    0.000000    -0.000044    0.000000    0.000000  
0.080008    0.000000    0.000000    0.000000    -0.000000    0.000000    0.000000    -0.000034    0.000000    0.000000  
0.090009    0.000000    0.000000    0.000000    -0.000001    0.000000    0.000000    -0.000026    0.000000    0.000000  
0.100010    0.000000    0.000000    0.000000    -0.000001    0.000000    0.000000    -0.000018    0.000000    0.000000  
0.110011    0.000000    0.000000    0.000000    -0.000001    0.000000    0.000000    -0.000011    0.000000    0.000000  
0.120012    0.000000    0.000000    0.000000    -0.000001    0.000000    0.000000    -0.000005    0.000000    0.000000  
0.130013    0.000000    0.000000    0.000000    -0.000001    0.000000    0.000000    0.000000    0.000000    0.000000  
0.140014    0.000000    0.000000    0.000000    -0.000001    0.000000    0.000000    0.000005    0.000000    0.000000  
0.150015    0.000000    0.000000    0.000000    -0.000001    0.000000    0.000000    0.000008    0.000000    0.000000  
0.160016    0.000000    0.000000    0.000000    -0.000001    0.000000    0.000000    0.000011    0.000000    0.000000  
0.170017    -0.000000    0.000000    0.000000    -0.000001    0.000000    0.000000    0.000013    0.000000    0.000000  
0.180018    -0.000000    0.000000    0.000000    -0.000001    0.000000    0.000000    0.000014    0.000000    0.000000  
0.190019    -0.000000    0.000000    0.000000    -0.000000    0.000000    0.000000    0.000014    0.000000    0.000000  
0.200020    -0.000000    0.000000    0.000000    -0.000000    0.000000    0.000000    0.000014    0.000000    0.000000  
0.210021    -0.000000    0.000000    0.000000    -0.000000    0.000000    0.000000    0.000012    0.000000    0.000000  
0.220022    -0.000000    0.000000    0.000000    -0.000000    0.000000    0.000000    0.000011    0.000000    0.000000  
0.230023    -0.000000    0.000000    0.000000    0.000000    0.000000    0.000000    0.000008    0.000000    0.000000  
0.240024    -0.000000    0.000000    0.000000    0.000000    0.000000    0.000000    0.000006    0.000000    0.000000  
0.250025    -0.000000    0.000000    0.000000    0.000000    0.000000    0.000000    0.000003    0.000000    0.000000  
0.260026    0.000000    0.000000    0.000000    0.000000    0.000000    0.000000    0.000001    0.000000    0.000000  
0.270027    0.000000    0.000000    0.000000    0.000000    0.000000    0.000000    -0.000002    0.000000    0.000000  
0.280028    0.000000    0.000000    0.000000    0.000000    0.000000    0.000000    -0.000004    0.000000    0.000000  
0.290029    0.000000    0.000000    0.000000    0.000000    0.000000    0.000000    -0.000006    0.000000    0.000000  
0.300030    0.000000    0.000000    0.000000    0.000000    0.000000    0.000000    -0.000007    0.000000    0.000000  
0.310031    0.000000    0.000000    0.000000    0.000000    0.000000    0.000000    -0.000007    0.000000    0.000000  
0.320032    0.000000    0.000000    0.000000    -0.000000    0.000000    0.000000    -0.000007    0.000000    0.000000  
0.330033    0.000000    0.000000    0.000000    -0.000000    0.000000    0.000000    -0.000006    0.000000    0.000000  
0.340034    0.000000    0.000000    0.000000    -0.000000    0.000000    0.000000    -0.000005    0.000000    0.000000  
0.350035    0.000000    0.000000    0.000000    -0.000000    0.000000    0.000000    -0.000003    0.000000    0.000000  
0.360036    -0.000000    0.000000    0.000000    -0.000000    0.000000    0.000000    -0.000002    0.000000    0.000000  
0.370037    -0.000000    0.000000    0.000000    -0.000001    0.000000    0.000000    0.000000    0.000000    0.000000  
0.380038    -0.000000    0.000000    0.000000    -0.000001    0.000000    0.000000    0.000002    0.000000    0.000000  
0.390039    -0.000000    0.000000    0.000000    -0.000001    0.000000    0.000000    0.000004    0.000000    0.000000  
0.400040    -0.000000    0.000000    0.000000    -0.000001    0.000000    0.000000    0.000005    0.000000    0.000000  
0.410041    -0.000000    0.000000    0.000000    -0.000000    0.000000    0.000000    0.000006    0.000000    0.000000  
0.420042    -0.000000    0.000000    0.000000    -0.000000    0.000000    0.000000    0.000007    0.000000    0.000000  
0.430043    -0.000000    0.000000    0.000000    -0.000000    0.000000    0.000000    0.000008    0.000000    0.000000  
0.440044    -0.000000    0.000000    0.000000    -0.000000    0.000000    0.000000    0.000008    0.000000    0.000000  
0.450045    -0.000000    0.000000    0.000000    0.000000    0.000000    0.000000    0.000007    0.000000    0.000000  
0.460046    -0.000000    0.000000    0.000000    0.000000    0.000000    0.000000    0.000007    0.000000    0.000000  
0.470047    -0.000000    0.000000    0.000000    0.000000    0.000000    0.000000    0.000006    0.000000    0.000000  
0.480048    -0.000000    0.000000    0.000000    0.000001    0.000000    0.000000    0.000005    0.000000    0.000000  
0.490049    -0.000000    0.000000    0.000000    0.000001    0.000000    0.000000    0.000003    0.000000    0.000000  
0.500050    -0.000000    0.000000    0.000000    0.000001    0.000000    0.000000    0.000001    0.000000    0.000000  
0.510051    -0.000000    0.000000    0.000000    0.000001    0.000000    0.000000    -0.000001    0.000000    0.000000  
0.520052    -0.000000    0.000000    0.000000    0.000001    0.000000    0.000000    -0.000004    0.000000    0.000000  
0.530053    0.000000    0.000000    0.000000    0.000000    0.000000    0.000000    -0.000006    0.000000    0.000000  
0.540054    0.000000    0.000000    0.000000    0.000000    0.000000    0.000000    -0.000009    0.000000    0.000000  
0.550055    0.000000    0.000000    0.000000    0.000000    0.000000    0.000000    -0.000011    0.000000    0.000000  
0.560056    0.000000    0.000000    0.000000    -0.000000    0.000000    0.000000    -0.000013    0.000000    0.000000  
0.570057    0.000000    0.000000    0.000000    -0.000000    0.000000    0.000000    -0.000014    0.000000    0.000000  
0.580058    0.000000    0.000000    0.000000    -0.000000    0.000000    0.000000    -0.000015    0.000000    0.000000  
0.590059    0.000000    0.000000    0.000000    -0.000001    0.000000    0.000000    -0.000015    0.000000    0.000000  
0.600060    0.000000    0.000000    0.000000    -0.000001    0.000000    0.000000    -0.000014    0.000000    0.000000  
0.610061    0.000000    0.000000    0.000000    -0.000001    0.000000    0.000000    -0.000013    0.000000    0.000000  
0.620062    -0.000000    0.000000    0.000000    -0.000001    0.000000    0.000000    -0.000010    0.000000    0.000000  
0.630063    -0.000000    0.000000    0.000000    -0.000001    0.000000    0.000000    -0.000007    0.000000    0.000000  
0.640064    -0.000000    0.000000    0.000000    -0.000001    0.000000    0.000000    -0.000004    0.000000    0.000000  
0.650065    -0.000000    0.000000    0.000000    -0.000001    0.000000    0.000000    -0.000000    0.000000    0.000000  
0.660066    -0.000000    0.000000    0.000000    -0.000001    0.000000    0.000000    0.000004    0.000000    0.000000  
0.670067    -0.000000    0.000000    0.000000    -0.000001    0.000000    0.000000    0.000007    0.000000    0.000000  
0.680068    -0.000000    0.000000    0.000000    -0.000001    0.000000    0.000000    0.000011    0.000000    0.000000  
0.690069    -0.000000    0.000000    0.000000    -0.000001    0.000000    0.000000    0.000014    0.000000    0.000000  
0.700070    -0.000000    0.000000    0.000000    -0.000001    0.000000    0.000000    0.000016    0.000000    0.000000  
0.710071    -0.000000    0.000000    0.000000    -0.000001    0.000000    0.000000    0.000017    0.000000    0.000000  
0.720072    -0.000000    0.000000    0.000000    -0.000000    0.000000    0.000000    0.000018    0.000000    0.000000  
0.730073    -0.000000    0.000000    0.000000    -0.000000    0.000000    0.000000    0.000018    0.000000    0.000000  
0.740074    -0.000000    0.000000    0.000000    0.000000    0.000000    0.000000    0.000017    0.000000    0.000000  
0.750075    -0.000000    0.000000    0.000000    0.000000    0.000000    0.000000    0.000016    0.000000    0.000000  
0.760076    -0.000000    0.000000    0.000000    0.000001    0.000000    0.000000    0.000014    0.000000    0.000000  
0.770077    -0.000000    0.000000    0.000000    0.000001    0.000000    0.000000    0.000012    0.000000    0.000000  
0.780078    -0.000000    0.000000    0.000000    0.000001    0.000000    0.000000    0.000010    0.000000    0.000000  
0.790079    -0.000000    0.000000    0.000000    0.000001    0.000000    0.000000    0.000007    0.000000    0.000000  
0.800080    -0.000000    0.000000    0.000000    0.000001    0.000000    0.000000    0.000005    0.000000    0.000000  
0.810081    -0.000000    0.000000    0.000000    0.000001    0.000000    0.000000    0.000002    0.000000    0.000000  
0.820082    -0.000000    0.000000    0.000000    0.000001    0.000000    0.000000    -0.000000    0.000000    0.000000  
0.830083    -0.000000    0.000000    0.000000    0.000001    0.000000    0.000000    -0.000003    0.000000    0.000000  
0.840084    -0.000000    0.000000    0.000000    0.000001    0.000000    0.000000    -0.000005    0.000000    0.000000  
0.850085    -0.000000    0.000000    0.000000    0.000001    0.000000    0.000000    -0.000007    0.000000    0.000000  
0.860086    -0.000000    0.000000    0.000000    0.000001    0.000000    0.000000    -0.000008    0.000000    0.000000  
0.870087    -0.000000    0.000000    0.000000    0.000000    0.000000    0.000000    -0.000010    0.000000    0.000000  
0.880088    0.000000    0.000000    0.000000    0.000000    0.000000    0.000000    -0.000011    0.000000    0.000000  
0.890089    0.000000    0.000000    0.000000    0.000000    0.000000    0.000000    -0.000011    0.000000    0.000000  
0.900090    0.000000    0.000000    0.000000    0.000000    0.000000    0.000000    -0.000011    0.000000    0.000000  
0.910091    0.000000    0.000000    0.000000    -0.000000    0.000000    0.000000    -0.000010    0.000000    0.000000  
0.920092    0.000000    0.000000    0.000000    -0.000000    0.000000    0.000000    -0.000009    0.000000    0.000000  
0.930093    0.000000    0.000000    0.000000    -0.000000    0.000000    0.000000    -0.000008    0.000000    0.000000  
0.940094    0.000000    0.000000    0.000000    -0.000000    0.000000    0.000000    -0.000006    0.000000    0.000000  
0.950095    -0.000000    0.000000    0.000000    -0.000000    0.000000    0.000000    -0.000004    0.000000    0.000000  
0.960096    -0.000000    0.000000    0.000000    -0.000000    0.000000    0.000000    -0.000002    0.000000    0.000000  
0.970097    -0.000000    0.000000    0.000000    -0.000000    0.000000    0.000000    -0.000001    0.000000    0.000000  
0.980098    -0.000000    0.000000    0.000000    -0.000000    0.000000    0.000000    0.000001    0.000000    0.000000  
0.990099    -0.000000    0.000000    0.000000    -0.000000    0.000000    0.000000    0.000002    0.000000    0.000000  
1.000100    -0.000000    0.000000    0.000000    -0.000000    0.000000    0.000000    0.000003    0.000000    0.000000  
1.010101    -0.000000    0.000000    0.000000    -0.000000    0.000000    0.000000    0.000003    0.000000    0.000000  
1.020102    -0.000000    0.000000    0.000000    -0.000000    0.000000    0.000000    0.000003    0.000000    0.000000  
1.030103    -0.000000    0.000000    0.000000    -0.000000    0.000000    0.000000    0.000003    0.000000    0.000000  
1.040104    -0.000000    0.000000    0.000000    -0.000000    0.000000    0.000000    0.000002    0.000000    0.000000  
1.050105    -0.000000    0.000000    0.000000    0.000000    0.000000    0.000000    0.000001    0.000000    0.000000  
1.060106    -0.000000    0.000000    0.000000    0.000000    0.000000    0.000000    0.000000    0.000000    0.000000  
1.070107    -0.000000    0.000000    0.000000    0.000000    0.000000    0.000000    -0.000001    0.000000    0.000000  
1.080108    -0.000000    0.000000    0.000000    0.000000    0.000000    0.000000    -0.000002    0.000000    0.000000  
1.090109    -0.000000    0.000000    0.000000    0.000000    0.000000    0.000000    -0.000002    0.000000    0.000000  
1.100110    -0.000000    0.000000    0.000000    0.000000    0.000000    0.000000    -0.000003    0.000000    0.000000  
1.110111    -0.000000    0.000000    0.000000    -0.000000    0.000000    0.000000    -0.000003    0.000000    0.000000  
1.120112    -0.000000    0.000000    0.000000    -0.000000    0.000000    0.000000    -0.000004    0.000000    0.000000  
1.130113    -0.000000    0.000000    0.000000    -0.000000    0.000000    0.000000    -0.000003    0.000000    0.000000  
1.140114    -0.000000    0.000000    0.000000    -0.000000    0.000000    0.000000    -0.000003    0.000000    0.000000  
1.150115    -0.000000    0.000000    0.000000    -0.000000    0.000000    0.000000    -0.000003    0.000000    0.000000  
1.160116    -0.000000    0.000000    0.000000    -0.000000    0.000000    0.000000    -0.000002    0.000000    0.000000  
1.170117    -0.000000    0.000000    0.000000    -0.000000    0.000000    0.000000    -0.000001    0.000000    0.000000  
1.180118    -0.000000    0.000000    0.000000    -0.000000    0.000000    0.000000    -0.000001    0.000000    0.000000  
1.190119    -0.000000    0.000000    0.000000    -0.000000    0.000000    0.000000    0.000000    0.000000    0.000000  
1.200120    -0.000000    0.000000    0.000000    -0.000000    0.000000    0.000000    0.000001    0.000000    0.000000  
1.210121    -0.000000    0.000000    0.000000    -0.000000    0.000000    0.000000    0.000002    0.000000    0.000000  
1.220122    -0.000000    0.000000    0.000000    -0.000000    0.000000    0.000000    0.000003    0.000000    0.000000  
1.230123    -0.000000    0.000000    0.000000    -0.000000    0.000000    0.000000    0.000003    0.000000    0.000000  
1.240124    -0.000000    0.000000    0.000000    -0.000000    0.000000    0.000000    0.000004    0.000000    0.000000  
1.250125    -0.000000    0.000000    0.000000    -0.000000    0.000000    0.000000    0.000004    0.000000    0.000000  
1.260126    -0.000000    0.000000    0.000000    -0.000000    0.000000    0.000000    0.000005    0.000000    0.000000  
1.270127    -0.000000    0.000000    0.000000    -0.000000    0.000000    0.000000    0.000005    0.000000    0.000000  
1.280128    -0.000000    0.000000    0.000000    0.000000    0.000000    0.000000    0.000005    0.000000    0.000000  
1.290129    -0.000000    0.000000    0.000000    0.000000    0.000000    0.000000    0.000005    0.000000    0.000000  
1.300130    -0.000000    0.000000    0.000000    0.000000    0.000000    0.000000    0.000004    0.000000    0.000000  
1.310131    -0.000000    0.000000    0.000000    0.000000    0.000000    0.000000    0.000003    0.000000    0.000000  
1.320132    -0.000000    0.000000    0.000000    0.000000    0.000000    0.000000    0.000002    0.000000    0.000000  
1.330133    -0.000000    0.000000    0.000000    0.000000    0.000000    0.000000    0.000001    0.000000    0.000000  
1.340134    -0.000000    0.000000    0.000000    0.000000    0.000000    0.000000    -0.000000    0.000000    0.000000  
1.350135    -0.000000    0.000000    0.000000    0.000000    0.000000    0.000000    -0.000001    0.000000    0.000000  
1.360136    -0.000000    0.000000    0.000000    0.000000    0.000000    0.000000    -0.000003    0.000000    0.000000  
1.370137    -0.000000    0.000000    0.000000    0.000000    0.000000    0.000000    -0.000004    0.000000    0.000000  
1.380138    -0.000000    0.000000    0.000000    0.000000    0.000000    0.000000    -0.000005    0.000000    0.000000  
1.390139    -0.000000    0.000000    0.000000    -0.000000    0.000000    0.000000    -0.000006    0.000000    0.000000  
1.400140    -0.000000    0.000000    0.000000    -0.000000    0.000000    0.000000    -0.000006    0.000000    0.000000  
1.410141    -0.000000    0.000000    0.000000    -0.000000    0.000000    0.000000    -0.000006    0.000000    0.000000  
1.420142    -0.000000    0.000000    0.000000    -0.000000    0.000000    0.000000    -0.000006    0.000000    0.000000  
1.430143    -0.000000    0.000000    0.000000    -0.000000    0.000000    0.000000    -0.000006    0.000000    0.000000  
1.440144    -0.000000    0.000000    0.000000    -0.000000    0.000000    0.000000    -0.000005    0.000000    0.000000  
1.450145    -0.000000    0.000000    0.000000    -0.000000    0.000000    0.000000    -0.000004    0.000000    0.000000  
1.460146    -0.000000    0.000000    0.000000    -0.000000    0.000000    0.000000    -0.000003    0.000000    0.000000  
1.470147    -0.000000    0.000000    0.000000    -0.000000    0.000000    0.000000    -0.000002    0.000000    0.000000  
1.480148    -0.000000    0.000000    0.000000    -0.000000    0.000000    0.000000    -0.000001    0.000000    0.000000  
1.490149    -0.000000    0.000000    0.000000    -0.000000    0.000000    0.000000    0.000001    0.000000    0.000000  
1.500150    -0.000000    0.000000    0.000000    -0.000000    0.000000    0.000000    0.000003    0.000000    0.000000  
1.510151    -0.000000    0.000000    0.000000    -0.000000    0.000000    0.000000    0.000004    0.000000    0.000000  
1.520152    -0.000000    0.000000    0.000000    -0.000000    0.000000    0.000000    0.000006    0.000000    0.000000  
1.530153    -0.000000    0.000000    0.000000    -0.000000    0.000000    0.000000    0.000008    0.000000    0.000000  
1.540154    -0.000000    0.000000    0.000000    -0.000000    0.000000    0.000000    0.000009    0.000000    0.000000  
1.550155    -0.000000    0.000000    0.000000    -0.000000    0.000000    0.000000    0.000011    0.000000    0.000000  
1.560156    -0.000000    0.000000    0.000000    0.000000    0.000000    0.000000    0.000012    0.000000    0.000000  
1.570157    -0.000000    0.000000    0.000000    0.000000    0.000000    0.000000    0.000013    0.000000    0.000000  
1.580158    -0.000000    0.000000    0.000000    0.000000    0.000000    0.000000    0.000013    0.000000    0.000000  
1.590159    -0.000000    0.000000    0.000000    0.000000    0.000000    0.000000    0.000013    0.000000    0.000000  
1.600160    -0.000000    0.000000    0.000000    0.000000    0.000000    0.000000    0.000012    0.000000    0.000000  
1.610161    -0.000000    0.000000    0.000000    0.000001    0.000000    0.000000    0.000011    0.000000    0.000000  
1.620162    -0.000000    0.000000    0.000000    0.000001    0.000000    0.000000    0.000009    0.000000    0.000000  
1.630163    -0.000000    0.000000    0.000000    0.000001    0.000000    0.000000    0.000007    0.000000    0.000000  
1.640164    -0.000000    0.000000    0.000000    0.000001    0.000000    0.000000    0.000004    0.000000    0.000000  
1.650165    -0.000000    0.000000    0.000000    0.000001    0.000000    0.000000    0.000002    0.000000    0.000000  
1.660166    -0.000000    0.000000    0.000000    0.000001    0.000000    0.000000    -0.000001    0.000000    0.000000  
1.670167    -0.000000    0.000000    0.000000    0.000001    0.000000    0.000000    -0.000004    0.000000    0.000000  
1.680168    -0.000000    0.000000    0.000000    0.000001    0.000000    0.000000    -0.000006    0.000000    0.000000  
1.690169    0.000000    0.000000    0.000000    0.000001    0.000000    0.000000    -0.000008    0.000000    0.000000  
1.700170    0.000000    0.000000    0.000000    0.000001    0.000000    0.000000    -0.000010    0.000000    0.000000  
1.710171    0.000000    0.000000    0.000000    0.000001    0.000000    0.000000    -0.000011    0.000000    0.000000  
1.720172    0.000000    0.000000    0.000000    0.000001    0.000000    0.000000    -0.000011    0.000000    0.000000  
1.730173    0.000000    0.000000    0.000000    0.000001    0.000000    0.000000    -0.000011    0.000000    0.000000  
1.740174    0.000000    0.000000    0.000000    0.000000    0.000000    0.000000    -0.000011    0.000000    0.000000  
1.750175    0.000000    0.000000    0.000000    0.000000    0.000000    0.000000    -0.000011    0.000000    0.000000  
1.760176    0.000000    0.000000    0.000000    -0.000000    0.000000    0.000000    -0.000010    0.000000    0.000000  
1.770177    0.000000    0.000000    0.000000    -0.000000    0.000000    0.000000    -0.000009    0.000000    0.000000  
1.780178    0.000000    0.000000    0.000000    -0.000000    0.000000    0.000000    -0.000009    0.000000    0.000000  
1.790179    0.000000    0.000000    0.000000    -0.000001    0.000000    0.000000    -0.000008    0.000000    0.000000  
1.800180    0.000000    0.000000    0.000000    -0.000001    0.000000    0.000000    -0.000007    0.000000    0.000000  
1.810181    0.000000    0.000000    0.000000    -0.000001    0.000000    0.000000    -0.000007    0.000000    0.000000  
1.820182    0.000000    0.000000    0.000000    -0.000001    0.000000    0.000000    -0.000007    0.000000    0.000000  
1.830183    0.000000    0.000000    0.000000    -0.000001    0.000000    0.000000    -0.000007    0.000000    0.000000  
1.840184    0.000000    0.000000    0.000000    -0.000001    0.000000    0.000000    -0.000006    0.000000    0.000000  
1.850185    0.000000    0.000000    0.000000    -0.000001    0.000000    0.000000    -0.000006    0.000000    0.000000  
1.860186    -0.000000    0.000000    0.000000    -0.000000    0.000000    0.000000    -0.000005    0.000000    0.000000  
1.870187    -0.000000    0.000000    0.000000    -0.000000    0.000000    0.000000    -0.000003    0.000000    0.000000  
1.880188    -0.000000    0.000000    0.000000    -0.000000    0.000000    0.000000    -0.000002    0.000000    0.000000  
1.890189    -0.000000    0.000000    0.000000    -0.000000    0.000000    0.000000    0.000001    0.000000    0.000000  
1.900190    -0.000000    0.000000    0.000000    -0.000000    0.000000    0.000000    0.000004    0.000000    0.000000  
1.910191    -0.000000    0.000000    0.000000    -0.000000    0.000000    0.000000    0.000009    0.000000    0.000000  
1.920192    -0.000000    0.000000    0.000000    -0.000000    0.000000    0.000000    0.000013    0.000000    0.000000  
1.930193    -0.000000    0.000000    0.000000    -0.000000    0.000000    0.000000    0.000018    0.000000    0.000000  
1.940194    -0.000000    0.000000    0.000000    -0.000000    0.000000    0.000000    0.000022    0.000000    0.000000  
1.950195    -0.000000    0.000000    0.000000    -0.000000    0.000000    0.000000    0.000024    0.000000    0.000000  
1.960196    -0.000000    0.000000    0.000000    -0.000000    0.000000    0.000000    0.000026    0.000000    0.000000  
1.970197    0.000000    0.000000    0.000000    -0.000000    0.000000    0.000000    0.000025    0.000000    0.000000  
1.980198    0.000000    0.000000    0.000000    -0.000000    0.000000    0.000000    0.000021    0.000000    0.000000  
1.990199    0.000000    0.000000    0.000000    -0.000000    0.000000    0.000000    0.000014    0.000000    0.000000  
2.000200    0.000000    0.000000    0.000000    -0.000000    0.000000    0.000000    0.000004    0.000000    0.000000  
2.010201    0.000000    0.000000    0.000000    -0.000000    0.000000    0.000000    -0.000010    0.000000    0.000000  
2.020202    -0.000000    0.000000    0.000000    -0.000000    0.000000    0.000000    -0.000026    0.000000    0.000000  
2.030203    -0.000000    0.000000    0.000000    0.000000    0.000000    0.000000    -0.000043    0.000000    0.000000  
2.040204    -0.000000    0.000000    0.000000    0.000000    0.000000    0.000000    -0.000059    0.000000    0.000000  
2.050205    -0.000000    0.000000    0.000000    0.000000    0.000000    0.000000    -0.000071    0.000000    0.000000  
2.060206    -0.000000    0.000000    0.000000    0.000000    0.000000    0.000000    -0.000079    0.000000    0.000000  
2.070207    -0.000000    0.000000    0.000000    0.000000    0.000000    0.000000    -0.000080    0.000000    0.000000  
2.080208    -0.000000    0.000000    0.000000    0.000000    0.000000    0.000000    -0.000072    0.000000    0.000000  
2.090209    -0.000000    0.000000    0.000000    -0.000000    0.000000    0.000000    -0.000054    0.000000    0.000000  
2.100210    -0.000000    0.000000    0.000000    -0.000000    0.000000    0.000000    -0.000023    0.000000    0.000000  
2.110211    -0.000000    0.000000    0.000000    -0.000001    0.000000    0.000000    0.000020    0.000000    0.000000  
2.120212    -0.000000    0.000000    0.000000    -0.000001    0.000000    0.000000    0.000071    0.000000    0.000000  
2.130213    -0.000000    0.000000    0.000000    -0.000001    0.000000    0.000000    0.000125    0.000000    0.000000  
2.140214    -0.000000    0.000000    0.000000    -0.000001    0.000000    0.000000    0.000176    0.000000    0.000000  
2.150215    -0.000000    0.000000    0.000000    -0.000002    0.000000    0.000000    0.000218    0.000000    0.000000  
2.160216    -0.000000    0.000000    0.000000    -0.000002    0.000000    0.000000    0.000246    0.000000    0.000000  
2.170217    -0.000000    0.000000    0.000000    -0.000001    0.000000    0.000000    0.000255    0.000000    0.000000  
2.180218    -0.000000    0.000000    0.000000    -0.000001    0.000000    0.000000    0.000239    0.000000    0.000000  
2.190219    -0.000000    0.000000    0.000000    -0.000000    0.000000    0.000000    0.000191    0.000000    0.000000  
2.200220    -0.000000    0.000000    0.000000    0.000000    0.000000    0.000000    0.000108    0.000000    0.000000  
2.210221    -0.000000    0.000000    0.000000    0.000002    0.000000    0.000000    -0.000014    0.000000    0.000000  
2.220222    -0.000000    0.000000    0.000000    0.000003    0.000000    0.000000    -0.000161    0.000000    0.000000  
2.230223    -0.000000    0.000000    0.000000    0.000005    0.000000    0.000000    -0.000318    0.000000    0.000000  
2.240224    -0.000000    0.000000    0.000000    0.000006    0.000000    0.000000    -0.000468    0.000000    0.000000  
2.250225    -0.000000    0.000000    0.000000    0.000007    0.000000    0.000000    -0.000597    0.000000    0.000000  
2.260226    -0.000000    0.000000    0.000000    0.000008    0.000000    0.000000    -0.000687    0.000000    0.000000  
2.270227    -0.000000    0.000000    0.000000    0.000007    0.000000    0.000000    -0.000722    0.000000    0.000000  
2.280228    0.000000    0.000000    0.000000    0.000007    0.000000    0.000000    -0.000688    0.000000    0.000000  
2.290229    0.000000    0.000000    0.000000    0.000005    0.000000    0.000000    -0.000568    0.000000    0.000000  
2.300230    0.000000    0.000000    0.000000    0.000002    0.000000    0.000000    -0.000346    0.000000    0.000000  
2.310231    0.000000    0.000000    0.000000    -0.000002    0.000000    0.000000    -0.000016    0.000000    0.000000  
2.320232    0.000000    0.000000    0.000000    -0.000007    0.000000    0.000000    0.000387    0.000000    0.000000  
2.330233    0.000000    0.000000    0.000000    -0.000012    0.000000    0.000000    0.000820    0.000000    0.000000  
2.340234    0.000000    0.000000    0.000000    -0.000017    0.000000    0.000000    0.001240    0.000000    0.000000  
2.350235    0.000000    0.000000    0.000000    -0.000020    0.000000    0.000000    0.001603    0.000000    0.000000  
2.360236    0.000000    0.000000    0.000000    -0.000023    0.000000    0.000000    0.001868    0.000000    0.000000  
2.370237    0.000000    0.000000    0.000000    -0.000023    0.000000    0.000000    0.001990    0.000000    0.000000  
2.380238    0.000000    0.000000    0.000000    -0.000021    0.000000    0.000000    0.001926    0.000000    0.000000  
2.390239    0.000000    0.000000    0.000000    -0.000015    0.000000    0.000000    0.001634    0.000000    0.000000  
2.400240    0.000000    0.000000    0.000000    -0.000006    0.000000    0.000000    0.001070    0.000000    0.000000  
2.410241    -0.000000    0.000000    0.000000    0.000006    0.000000    0.000000    0.000217    0.000000    0.000000  
2.420242    -0.000000    0.000000    0.000000    0.000021    0.000000    0.000000    -0.000836    0.000000    0.000000  
2.430243    -0.000000    0.000000    0.000000    0.000037    0.000000    0.000000    -0.001982    0.000000    0.000000  
2.440244    -0.000000    0.000000    0.000000    0.000052    0.000000    0.000000    -0.003109    0.000000    0.000000  
2.450245    -0.000000    0.000000    0.000000    0.000064    0.000000    0.000000    -0.004108    0.000000    0.000000  
2.460246    -0.000000    0.000000    0.000000    0.000071    0.000000    0.000000    -0.004869    0.000000    0.000000  
2.470247    -0.000000    0.000000    0.000000    0.000073    0.000000    0.000000    -0.005281    0.000000    0.000000  
2.480248    -0.000000    0.000000    0.000000    0.000066    0.000000    0.000000    -0.005236    0.000000    0.000000  
2.490249    -0.000000    0.000000    0.000000    0.000050    0.000000    0.000000    -0.004623    0.000000    0.000000  
2.500250    -0.000000    0.000000    0.000000    0.000022    0.000000    0.000000    -0.003332    0.000000    0.000000  
2.510251    0.000000    0.000000    0.000000    -0.000018    0.000000    0.000000    -0.001318    0.000000    0.000000  
2.520252    0.000001    0.000000    0.000000    -0.000065    0.000000    0.000000    0.001221    0.000000    0.000000  
2.530253    0.000001    0.000000    0.000000    -0.000115    0.000000    0.000000    0.004031    0.000000    0.000000  
2.540254    0.000001    0.000000    0.000000    -0.000161    0.000000    0.000000    0.006860    0.000000    0.000000  
2.550255    0.000001    0.000000    0.000000    -0.000200    0.000000    0.000000    0.009455    0.000000    0.000000  
2.560256    0.000001    0.000000    0.000000    -0.000224    0.000000    0.000000    0.011561    0.000000    0.000000  
2.570257    0.000001    0.000000    0.000000    -0.000230    0.000000    0.000000    0.012925    0.000000    0.000000  
2.580258    0.000001    0.000000    0.000000    -0.000211    0.000000    0.000000    0.013294    0.000000    0.000000  
2.590259    0.000001    0.000000    0.000000    -0.000163    0.000000    0.000000    0.012415    0.000000    0.000000  
2.600260    0.000000    0.000000    0.000000    -0.000080    0.000000    0.000000    0.010033    0.000000    0.000000  
2.610261    -0.000001    0.000000    0.000000    0.000039    0.000000    0.000000    0.006030    0.000000    0.000000  
2.620262    -0.000002    0.000000    0.000000    0.000182    0.000000    0.000000    0.000773    0.000000    0.000000  
2.630263    -0.000003    0.000000    0.000000    0.000334    0.000000    0.000000    -0.005253    0.000000    0.000000  
2.640264    -0.000004    0.000000    0.000000    0.000478    0.000000    0.000000    -0.011565    0.000000    0.000000  
2.650265    -0.000005    0.000000    0.000000    0.000599    0.000000    0.000000    -0.017679    0.000000    0.000000  
2.660266    -0.000005    0.000000    0.000000    0.000680    0.000000    0.000000    -0.023112    0.000000    0.000000  
2.670267    -0.000005    0.000000    0.000000    0.000707    0.000000    0.000000    -0.027381    0.000000    0.000000  
2.680268    -0.000004    0.000000    0.000000    0.000664    0.000000    0.000000    -0.030002    0.000000    0.000000  
2.690269    -0.000003    0.000000    0.000000    0.000534    0.000000    0.000000    -0.030491    0.000000    0.000000  
2.700270    0.000000    0.000000    0.000000    0.000303    0.000000    0.000000    -0.028366    0.000000    0.000000  
2.710271    0.000004    0.000000    0.000000    -0.000036    0.000000    0.000000    -0.023327    0.000000    0.000000  
2.720272    0.000008    0.000000    0.000000    -0.000447    0.000000    0.000000    -0.015755    0.000000    0.000000  
2.730273    0.000012    0.000000    0.000000    -0.000888    0.000000    0.000000    -0.006186    0.000000    0.000000  
2.740274    0.000016    0.000000    0.000000    -0.001314    0.000000    0.000000    0.004843    0.000000    0.000000  
2.750275    0.000018    0.000000    0.000000    -0.001683    0.000000    0.000000    0.016794    0.000000    0.000000  
2.760276    0.000020    0.000000    0.000000    -0.001950    0.000000    0.000000    0.029131    0.000000    0.000000  
2.770277    0.000019    0.000000    0.000000    -0.002073    0.000000    0.000000    0.041317    0.000000    0.000000  
2.780278    0.000016    0.000000    0.000000    -0.002008    0.000000    0.000000    0.052814    0.000000    0.000000  
2.790279    0.000009    0.000000    0.000000    -0.001712    0.000000    0.000000    0.063085    0.000000    0.000000  
2.800280    -0.000000    0.000000    0.000000    -0.001141    0.000000    0.000000    0.071595    0.000000    0.000000  
2.810281    -0.000014    0.000000    0.000000    -0.000278    0.000000    0.000000    0.077752    0.000000    0.000000  
2.820282    -0.000029    0.000000    0.000000    0.000801    0.000000    0.000000    0.080771    0.000000    0.000000  
2.830283    -0.000044    0.000000    0.000000    0.001996    0.000000    0.000000    0.079823    0.000000    0.000000  
2.840284    -0.000057    0.000000    0.000000    0.003209    0.000000    0.000000    0.074077    0.000000    0.000000  
2.850285    -0.000065    0.000000    0.000000    0.004340    0.000000    0.000000    0.062704    0.000000    0.000000  
2.860286    -0.000066    0.000000    0.000000    0.005291    0.000000    0.000000    0.044873    0.000000    0.000000  
2.870287    -0.000059    0.000000    0.000000    0.005963    0.000000    0.000000    0.019754    0.000000    0.000000  
2.880288    -0.000041    0.000000    0.000000    0.006257    0.000000    0.000000    -0.013482    0.000000    0.000000  
2.890289    -0.000010    0.000000    0.000000    0.006075    0.000000    0.000000    -0.055666    0.000000    0.000000  
2.900290    0.000035    0.000000    0.000000    0.005316    0.000000    0.000000    -0.107628    0.000000    0.000000  
2.910291    0.000096    0.000000    0.000000    0.003899    0.000000    0.000000    -0.169648    0.000000    0.000000  
2.920292    0.000160    0.000000    0.000000    0.001797    0.000000    0.000000    -0.239995    0.000000    0.000000  
2.930293    0.000215    0.000000    0.000000    -0.001001    0.000000    0.000000    -0.316477    0.000000    0.000000  
2.940294    0.000250    0.000000    0.000000    -0.004507    0.000000    0.000000    -0.396900    0.000000    0.000000  
2.950295    0.000250    0.000000    0.000000    -0.008733    0.000000    0.000000    -0.479071    0.000000    0.000000  
2.960296    0.000204    0.000000    0.000000    -0.013692    0.000000    0.000000    -0.560799    0.000000    0.000000  
2.970297    0.000099    0.000000    0.000000    -0.019395    0.000000    0.000000    -0.639888    0.000000    0.000000  
2.980298    -0.000079    0.000000    0.000000    -0.025854    0.000000    0.000000    -0.714148    0.000000    0.000000  
2.990299    -0.000340    0.000000    0.000000    -0.033082    0.000000    0.000000    -0.781385    0.000000    0.000000  
3.000300    -0.000699    0.000000    0.000000    -0.041091    0.000000    0.000000    -0.839405    0.000000    0.000000  
3.010301    -0.001165    0.000000    0.000000    -0.049862    0.000000    0.000000    -0.886482    0.000000    0.000000  
3.020302    -0.001738    0.000000    0.000000    -0.059266    0.000000    0.000000    -0.922589    0.000000    0.000000  
3.030303    -0.002416    0.000000    0.000000    -0.069151    0.000000    0.000000    -0.948085    0.000000    0.000000  
3.040304    -0.003196    0.000000    0.000000    -0.079362    0.000000    0.000000    -0.963334    0.000000    0.000000  
3.050305    -0.004076    0.000000    0.000000    -0.089746    0.000000    0.000000    -0.968695    0.000000    0.000000  
3.060306    -0.005054    0.000000    0.000000    -0.100148    0.000000    0.000000    -0.964530    0.000000    0.000000  
3.070307    -0.006128    0.000000    0.000000    -0.110415    0.000000    0.000000    -0.951201    0.000000    0.000000  
3.080308    -0.007294    0.000000    0.000000    -0.120393    0.000000    0.000000    -0.929069    0.000000    0.000000  
3.090309    -0.008551    0.000000    0.000000    -0.129928    0.000000    0.000000    -0.898495    0.000000    0.000000  
3.100310    -0.009896    0.000000    0.000000    -0.138867    0.000000    0.000000    -0.859840    0.000000    0.000000  
3.110311    -0.011327    0.000000    0.000000    -0.147089    0.000000    0.000000    -0.813656    0.000000    0.000000  
3.120312    -0.012837    0.000000    0.000000    -0.154602    0.000000    0.000000    -0.761190    0.000000    0.000000  
3.130313    -0.014421    0.000000    0.000000    -0.161437    0.000000    0.000000    -0.703847    0.000000    0.000000  
3.140314    -0.016071    0.000000    0.000000    -0.167630    0.000000    0.000000    -0.643031    0.000000    0.000000  
3.150315    -0.017783    0.000000    0.000000    -0.173214    0.000000    0.000000    -0.580148    0.000000    0.000000  
3.160316    -0.019548    0.000000    0.000000    -0.178224    0.000000    0.000000    -0.516603    0.000000    0.000000  
3.170317    -0.021362    0.000000    0.000000    -0.182693    0.000000    0.000000    -0.453799    0.000000    0.000000  
3.180318    -0.023217    0.000000    0.000000    -0.186655    0.000000    0.000000    -0.393144    0.000000    0.000000  
3.190319    -0.025107    0.000000    0.000000    -0.190144    0.000000    0.000000    -0.336040    0.000000    0.000000  
3.200320    -0.027027    0.000000    0.000000    -0.193194    0.000000    0.000000    -0.283894    0.000000    0.000000  
3.210321    -0.028970    0.000000    0.000000    -0.195838    0.000000    0.000000    -0.237738    0.000000    0.000000  
3.220322    -0.030934    0.000000    0.000000    -0.198101    0.000000    0.000000    -0.197257    0.000000    0.000000  
3.230323    -0.032916    0.000000    0.000000    -0.200008    0.000000    0.000000    -0.161830    0.000000    0.000000  
3.240324    -0.034915    0.000000    0.000000    -0.201585    0.000000    0.000000    -0.130834    0.000000    0.000000  
3.250325    -0.036928    0.000000    0.000000    -0.202856    0.000000    0.000000    -0.103647    0.000000    0.000000  
3.260326    -0.038954    0.000000    0.000000    -0.203846    0.000000    0.000000    -0.079648    0.000000    0.000000  
3.270327    -0.040990    0.000000    0.000000    -0.204579    0.000000    0.000000    -0.058214    0.000000    0.000000  
3.280328    -0.043034    0.000000    0.000000    -0.205081    0.000000    0.000000    -0.038724    0.000000    0.000000  
3.290329    -0.045084    0.000000    0.000000    -0.205377    0.000000    0.000000    -0.020555    0.000000    0.000000  
3.300330    -0.047138    0.000000    0.000000    -0.205491    0.000000    0.000000    -0.003085    0.000000    0.000000  
3.310331    -0.049193    0.000000    0.000000    -0.205443    0.000000    0.000000    0.014188    0.000000    0.000000  
3.320332    -0.051249    0.000000    0.000000    -0.205236    0.000000    0.000000    0.031340    0.000000    0.000000  
3.330333    -0.053303    0.000000    0.000000    -0.204869    0.000000    0.000000    0.048348    0.000000    0.000000  
3.340334    -0.055352    0.000000    0.000000    -0.204340    0.000000    0.000000    0.065190    0.000000    0.000000  
3.350335    -0.057396    0.000000    0.000000    -0.203647    0.000000    0.000000    0.081843    0.000000    0.000000  
3.360336    -0.059432    0.000000    0.000000    -0.202790    0.000000    0.000000    0.098285    0.000000    0.000000  
3.370337    -0.061458    0.000000    0.000000    -0.201766    0.000000    0.000000    0.114493    0.000000    0.000000  
3.380338    -0.063473    0.000000    0.000000    -0.200576    0.000000    0.000000    0.130444    0.000000    0.000000  
3.390339    -0.065474    0.000000    0.000000    -0.199216    0.000000    0.000000    0.146117    0.000000    0.000000  
3.400340    -0.067459    0.000000    0.000000    -0.197686    0.000000    0.000000    0.161488    0.000000    0.000000  
3.410341    -0.069427    0.000000    0.000000    -0.195986    0.000000    0.000000    0.176535    0.000000    0.000000  
3.420342    -0.071377    0.000000    0.000000    -0.194122    0.000000    0.000000    0.191227    0.000000    0.000000  
3.430343    -0.073306    0.000000    0.000000    -0.192104    0.000000    0.000000    0.205536    0.000000    0.000000  
3.440344    -0.075215    0.000000    0.000000    -0.189938    0.000000    0.000000    0.219431    0.000000    0.000000  
3.450345    -0.077102    0.000000    0.000000    -0.187634    0.000000    0.000000    0.232882    0.000000    0.000000  
3.460346    -0.078965    0.000000    0.000000    -0.185199    0.000000    0.000000    0.245859    0.000000    0.000000  
3.470347    -0.080803    0.000000    0.000000    -0.182641    0.000000    0.000000    0.258333    0.000000    0.000000  
3.480348    -0.082616    0.000000    0.000000    -0.179968    0.000000    0.000000    0.270274    0.000000    0.000000  
3.490349    -0.084402    0.000000    0.000000    -0.177189    0.000000    0.000000    0.281651    0.000000    0.000000  
3.500350    -0.086160    0.000000    0.000000    -0.174311    0.000000    0.000000    0.292435    0.000000    0.000000  
3.510351    -0.087888    0.000000    0.000000    -0.171342    0.000000    0.000000    0.302612    0.000000    0.000000  
3.520352    -0.089587    0.000000    0.000000    -0.168284    0.000000    0.000000    0.312228    0.000000    0.000000  
3.530353    -0.091254    0.000000    0.000000    -0.165137    0.000000    0.000000    0.321343    0.000000    0.000000  
3.540354    -0.092889    0.000000    0.000000    -0.161905    0.000000    0.000000    0.330017    0.000000    0.000000  
3.550355    -0.094492    0.000000    0.000000    -0.158587    0.000000    0.000000    0.338307    0.000000    0.000000  
3.560356    -0.096061    0.000000    0.000000    -0.155185    0.000000    0.000000    0.346275    0.000000    0.000000  
3.570357    -0.097596    0.000000    0.000000    -0.151701    0.000000    0.000000    0.353979    0.000000    0.000000  
3.580358    -0.099096    0.000000    0.000000    -0.148136    0.000000    0.000000    0.361479    0.000000    0.000000  
3.590359    -0.100559    0.000000    0.000000    -0.144492    0.000000    0.000000    0.368833    0.000000    0.000000  
3.600360    -0.101986    0.000000    0.000000    -0.140769    0.000000    0.000000    0.376103    0.000000    0.000000  
3.610361    -0.103375    0.000000    0.000000    -0.136969    0.000000    0.000000    0.383326    0.000000    0.000000  
3.620362    -0.104725    0.000000    0.000000    -0.133096    0.000000    0.000000    0.390473    0.000000    0.000000  
3.630363    -0.106036    0.000000    0.000000    -0.129151    0.000000    0.000000    0.397496    0.000000    0.000000  
3.640364    -0.107308    0.000000    0.000000    -0.125137    0.000000    0.000000    0.404348    0.000000    0.000000  
3.650365    -0.108539    0.000000    0.000000    -0.121057    0.000000    0.000000    0.410984    0.000000    0.000000  
3.660366    -0.109730    0.000000    0.000000    -0.116915    0.000000    0.000000    0.417355    0.000000    0.000000  
3.670367    -0.110878    0.000000    0.000000    -0.112711    0.000000    0.000000    0.423414    0.000000    0.000000  
3.680368    -0.111985    0.000000    0.000000    -0.108451    0.000000    0.000000    0.429116    0.000000    0.000000  
3.690369    -0.113048    0.000000    0.000000    -0.104135    0.000000    0.000000    0.434413    0.000000    0.000000  
3.700370    -0.114068    0.000000    0.000000    -0.099767    0.000000    0.000000    0.439259    0.000000    0.000000  
3.710371    -0.115043    0.000000    0.000000    -0.095350    0.000000    0.000000    0.443623    0.000000    0.000000  
3.720372    -0.115974    0.000000    0.000000    -0.090887    0.000000    0.000000    0.447542    0.000000    0.000000  
3.730373    -0.116861    0.000000    0.000000    -0.086383    0.000000    0.000000    0.451064    0.000000    0.000000  
3.740374    -0.117702    0.000000    0.000000    -0.081842    0.000000    0.000000    0.454237    0.000000    0.000000  
3.750375    -0.118497    0.000000    0.000000    -0.077267    0.000000    0.000000    0.457111    0.000000    0.000000  
3.760376    -0.119247    0.000000    0.000000    -0.072663    0.000000    0.000000    0.459736    0.000000    0.000000  
3.770377    -0.119951    0.000000    0.000000    -0.068033    0.000000    0.000000    0.462158    0.000000    0.000000  
3.780378    -0.120609    0.000000    0.000000    -0.063382    0.000000    0.000000    0.464429    0.000000    0.000000  
3.790379    -0.121220    0.000000    0.000000    -0.058714    0.000000    0.000000    0.466597    0.000000    0.000000  
3.800380    -0.121783    0.000000    0.000000    -0.054032    0.000000    0.000000    0.468710    0.000000    0.000000  
3.810381    -0.122300    0.000000    0.000000    -0.049340    0.000000    0.000000    0.470808    0.000000    0.000000  
3.820382    -0.122770    0.000000    0.000000    -0.044636    0.000000    0.000000    0.472895    0.000000    0.000000  
3.830383    -0.123192    0.000000    0.000000    -0.039918    0.000000    0.000000    0.474969    0.000000    0.000000  
3.840384    -0.123566    0.000000    0.000000    -0.035184    0.000000    0.000000    0.477026    0.000000    0.000000  
3.850385    -0.123893    0.000000    0.000000    -0.030432    0.000000    0.000000    0.479062    0.000000    0.000000  
3.860386    -0.124172    0.000000    0.000000    -0.025660    0.000000    0.000000    0.481075    0.000000    0.000000  
3.870387    -0.124403    0.000000    0.000000    -0.020865    0.000000    0.000000    0.483061    0.000000    0.000000  
3.880388    -0.124587    0.000000    0.000000    -0.016046    0.000000    0.000000    0.485018    0.000000    0.000000  
3.890389    -0.124722    0.000000    0.000000    -0.011201    0.000000    0.000000    0.486941    0.000000    0.000000  
3.900390    -0.124810    0.000000    0.000000    -0.006327    0.000000    0.000000    0.488828    0.000000    0.000000  
3.910391    -0.124849    0.000000    0.000000    -0.001423    0.000000    0.000000    0.490664    0.000000    0.000000  
3.920392    -0.124839    0.000000    0.000000    0.003507    0.000000    0.000000    0.492399    0.000000    0.000000  
3.930393    -0.124781    0.000000    0.000000    0.008457    0.000000    0.000000    0.493971    0.000000    0.000000  
3.940394    -0.124674    0.000000    0.000000    0.013423    0.000000    0.000000    0.495319    0.000000    0.000000  
3.950395    -0.124518    0.000000    0.000000    0.018401    0.000000    0.000000    0.496384    0.000000    0.000000  
3.960396    -0.124312    0.000000    0.000000    0.023385    0.000000    0.000000    0.497105    0.000000    0.000000  
3.970397    -0.124056    0.000000    0.000000    0.028371    0.000000    0.000000    0.497422    0.000000    0.000000  
3.980398    -0.123749    0.000000    0.000000    0.033353    0.000000    0.000000    0.497274    0.000000    0.000000  
3.990399    -0.123393    0.000000    0.000000    0.038328    0.000000    0.000000    0.496601    0.000000    0.000000  
4.000400    -0.122985    0.000000    0.000000    0.043290    0.000000    0.000000    0.495342    0.000000    0.000000  
4.010401    -0.122527    0.000000    0.000000    0.048234    0.000000    0.000000    0.493461    0.000000    0.000000  
4.020402    -0.122018    0.000000    0.000000    0.053157    0.000000    0.000000    0.491004    0.000000    0.000000  
4.030403    -0.121459    0.000000    0.000000    0.058055    0.000000    0.000000    0.488036    0.000000    0.000000  
4.040404    -0.120851    0.000000    0.000000    0.062923    0.000000    0.000000    0.484623    0.000000    0.000000  
4.050405    -0.120195    0.000000    0.000000    0.067759    0.000000    0.000000    0.480830    0.000000    0.000000  
4.060406    -0.119490    0.000000    0.000000    0.072557    0.000000    0.000000    0.476723    0.000000    0.000000  
4.070407    -0.118738    0.000000    0.000000    0.077315    0.000000    0.000000    0.472366    0.000000    0.000000  
4.080408    -0.117940    0.000000    0.000000    0.082028    0.000000    0.000000    0.467826    0.000000    0.000000  
4.090409    -0.117095    0.000000    0.000000    0.086693    0.000000    0.000000    0.463166    0.000000    0.000000  
4.100410    -0.116204    0.000000    0.000000    0.091305    0.000000    0.000000    0.458453    0.000000    0.000000  
4.110411    -0.115269    0.000000    0.000000    0.095862    0.000000    0.000000    0.453739    0.000000    0.000000  
4.120412    -0.114288    0.000000    0.000000    0.100364    0.000000    0.000000    0.449025    0.000000    0.000000  
4.130413    -0.113264    0.000000    0.000000    0.104814    0.000000    0.000000    0.444307    0.000000    0.000000  
4.140414    -0.112195    0.000000    0.000000    0.109212    0.000000    0.000000    0.439575    0.000000    0.000000  
4.150415    -0.111083    0.000000    0.000000    0.113561    0.000000    0.000000    0.434823    0.000000    0.000000  
4.160416    -0.109928    0.000000    0.000000    0.117862    0.000000    0.000000    0.430044    0.000000    0.000000  
4.170417    -0.108729    0.000000    0.000000    0.122117    0.000000    0.000000    0.425230    0.000000    0.000000  
4.180418    -0.107488    0.000000    0.000000    0.126328    0.000000    0.000000    0.420373    0.000000    0.000000  
4.190419    -0.106205    0.000000    0.000000    0.130495    0.000000    0.000000    0.415468    0.000000    0.000000  
4.200420    -0.104879    0.000000    0.000000    0.134621    0.000000    0.000000    0.410506    0.000000    0.000000  
4.210421    -0.103512    0.000000    0.000000    0.138706    0.000000    0.000000    0.405478    0.000000    0.000000  
4.220422    -0.102104    0.000000    0.000000    0.142748    0.000000    0.000000    0.400365    0.000000    0.000000  
4.230423    -0.100655    0.000000    0.000000    0.146744    0.000000    0.000000    0.395145    0.000000    0.000000  
4.240424    -0.099167    0.000000    0.000000    0.150689    0.000000    0.000000    0.389798    0.000000    0.000000  
4.250425    -0.097640    0.000000    0.000000    0.154582    0.000000    0.000000    0.384303    0.000000    0.000000  
4.260426    -0.096074    0.000000    0.000000    0.158417    0.000000    0.000000    0.378639    0.000000    0.000000  
4.270427    -0.094470    0.000000    0.000000    0.162193    0.000000    0.000000    0.372785    0.000000    0.000000  
4.280428    -0.092829    0.000000    0.000000    0.165905    0.000000    0.000000    0.366720    0.000000    0.000000  
4.290429    -0.091151    0.000000    0.000000    0.169550    0.000000    0.000000    0.360424    0.000000    0.000000  
4.300430    -0.089438    0.000000    0.000000    0.173125    0.000000    0.000000    0.353874    0.000000    0.000000  
4.310431    -0.087689    0.000000    0.000000    0.176627    0.000000    0.000000    0.347059    0.000000    0.000000  
4.320432    -0.085905    0.000000    0.000000    0.180055    0.000000    0.000000    0.339996    0.000000    0.000000  
4.330433    -0.084088    0.000000    0.000000    0.183408    0.000000    0.000000    0.332710    0.000000    0.000000  
4.340434    -0.082237    0.000000    0.000000    0.186686    0.000000    0.000000    0.325225    0.000000    0.000000  
4.350435    -0.080354    0.000000    0.000000    0.189889    0.000000    0.000000    0.317564    0.000000    0.000000  
4.360436    -0.078440    0.000000    0.000000    0.193015    0.000000    0.000000    0.309753    0.000000    0.000000  
4.370437    -0.076494    0.000000    0.000000    0.196064    0.000000    0.000000    0.301814    0.000000    0.000000  
4.380438    -0.074519    0.000000    0.000000    0.199036    0.000000    0.000000    0.293773    0.000000    0.000000  
4.390439    -0.072514    0.000000    0.000000    0.201929    0.000000    0.000000    0.285653    0.000000    0.000000  
4.400440    -0.070480    0.000000    0.000000    0.204744    0.000000    0.000000    0.277479    0.000000    0.000000  
4.410441    -0.068419    0.000000    0.000000    0.207479    0.000000    0.000000    0.269269    0.000000    0.000000  
4.420442    -0.066330    0.000000    0.000000    0.210134    0.000000    0.000000    0.261018    0.000000    0.000000  
4.430443    -0.064216    0.000000    0.000000    0.212707    0.000000    0.000000    0.252719    0.000000    0.000000  
4.440444    -0.062076    0.000000    0.000000    0.215198    0.000000    0.000000    0.244363    0.000000    0.000000  
4.450445    -0.059911    0.000000    0.000000    0.217605    0.000000    0.000000    0.235942    0.000000    0.000000  
4.460446    -0.057723    0.000000    0.000000    0.219927    0.000000    0.000000    0.227447    0.000000    0.000000  
4.470447    -0.055512    0.000000    0.000000    0.222162    0.000000    0.000000    0.218869    0.000000    0.000000  
4.480448    -0.053280    0.000000    0.000000    0.224311    0.000000    0.000000    0.210201    0.000000    0.000000  
4.490449    -0.051026    0.000000    0.000000    0.226371    0.000000    0.000000    0.201434    0.000000    0.000000  
4.500450    -0.048752    0.000000    0.000000    0.228342    0.000000    0.000000    0.192560    0.000000    0.000000  
4.510451    -0.046459    0.000000    0.000000    0.230222    0.000000    0.000000    0.183573    0.000000    0.000000  
4.520452    -0.044147    0.000000    0.000000    0.232012    0.000000    0.000000    0.174478    0.000000    0.000000  
4.530453    -0.041819    0.000000    0.000000    0.233709    0.000000    0.000000    0.165285    0.000000    0.000000  
4.540454    -0.039473    0.000000    0.000000    0.235314    0.000000    0.000000    0.156000    0.000000    0.000000  
4.550455    -0.037112    0.000000    0.000000    0.236826    0.000000    0.000000    0.146633    0.000000    0.000000  
4.560456    -0.034736    0.000000    0.000000    0.238244    0.000000    0.000000    0.137190    0.000000    0.000000  
4.570457    -0.032347    0.000000    0.000000    0.239568    0.000000    0.000000    0.127680    0.000000    0.000000  
4.580458    -0.029945    0.000000    0.000000    0.240796    0.000000    0.000000    0.118111    0.000000    0.000000  
4.590459    -0.027531    0.000000    0.000000    0.241929    0.000000    0.000000    0.108491    0.000000    0.000000  
4.600460    -0.025106    0.000000    0.000000    0.242966    0.000000    0.000000    0.098828    0.000000    0.000000  
4.610461    -0.022672    0.000000    0.000000    0.243906    0.000000    0.000000    0.089129    0.000000    0.000000  
4.620462    -0.020228    0.000000    0.000000    0.244749    0.000000    0.000000    0.079402    0.000000    0.000000  
4.630463    -0.017776    0.000000    0.000000    0.245494    0.000000    0.000000    0.069651    0.000000    0.000000  
4.640464    -0.015318    0.000000    0.000000    0.246143    0.000000    0.000000    0.059883    0.000000    0.000000  
4.650465    -0.012853    0.000000    0.000000    0.246694    0.000000    0.000000    0.050103    0.000000    0.000000  
4.660466    -0.010383    0.000000    0.000000    0.247147    0.000000    0.000000    0.040318    0.000000    0.000000  
4.670467    -0.007910    0.000000    0.000000    0.247502    0.000000    0.000000    0.030534    0.000000    0.000000  
4.680468    -0.005433    0.000000    0.000000    0.247760    0.000000    0.000000    0.020757    0.000000    0.000000  
4.690469    -0.002954    0.000000    0.000000    0.247920    0.000000    0.000000    0.010992    0.000000    0.000000  
4.700470    -0.000474    0.000000    0.000000    0.247981    0.000000    0.000000    0.001245    0.000000    0.000000  
4.710471    0.002006    0.000000    0.000000    0.247945    0.000000    0.000000    -0.008478    0.000000    0.000000  
4.720472    0.004485    0.000000    0.000000    0.247810    0.000000    0.000000    -0.018178    0.000000    0.000000  
4.730473    0.006962    0.000000    0.000000    0.247578    0.000000    0.000000    -0.027856    0.000000    0.000000  
4.740474    0.009436    0.000000    0.000000    0.247249    0.000000    0.000000    -0.037513    0.000000    0.000000  
4.750475    0.011907    0.000000    0.000000    0.246823    0.000000    0.000000    -0.047150    0.000000    0.000000  
4.760476    0.014373    0.000000    0.000000    0.246301    0.000000    0.000000    -0.056768    0.000000    0.000000  
4.770477    0.016833    0.000000    0.000000    0.245683    0.000000    0.000000    -0.066368    0.000000    0.000000  
4.780478    0.019287    0.000000    0.000000    0.244970    0.000000    0.000000    -0.075951    0.000000    0.000000  
4.790479    0.021733    0.000000    0.000000    0.244161    0.000000    0.000000    -0.085519    0.000000    0.000000  
4.800480    0.024170    0.000000    0.000000    0.243257    0.000000    0.000000    -0.095072    0.000000    0.000000  
4.810481    0.026598    0.000000    0.000000    0.242259    0.000000    0.000000    -0.104610    0.000000    0.000000  
4.820482    0.029015    0.000000    0.000000    0.241167    0.000000    0.000000    -0.114129    0.000000    0.000000  
4.830483    0.031421    0.000000    0.000000    0.239981    0.000000    0.000000    -0.123623    0.000000    0.000000  
4.840484    0.033815    0.000000    0.000000    0.238700    0.000000    0.000000    -0.133086    0.000000    0.000000  
4.850485    0.036196    0.000000    0.000000    0.237326    0.000000    0.000000    -0.142513    0.000000    0.000000  
4.860486    0.038562    0.000000    0.000000    0.235857    0.000000    0.000000    -0.151899    0.000000    0.000000  
4.870487    0.040913    0.000000    0.000000    0.234295    0.000000    0.000000    -0.161238    0.000000    0.000000  
4.880488    0.043248    0.000000    0.000000    0.232639    0.000000    0.000000    -0.170524    0.000000    0.000000  
4.890489    0.045566    0.000000    0.000000    0.230890    0.000000    0.000000    -0.179752    0.000000    0.000000  
4.900490    0.047866    0.000000    0.000000    0.229047    0.000000    0.000000    -0.188917    0.000000    0.000000  
4.910491    0.050147    0.000000    0.000000    0.227111    0.000000    0.000000    -0.198012    0.000000    0.000000  
4.920492    0.052408    0.000000    0.000000    0.225084    0.000000    0.000000    -0.207032    0.000000    0.000000  
4.930493    0.054649    0.000000    0.000000    0.222965    0.000000    0.000000    -0.215969    0.000000    0.000000  
4.940494    0.056868    0.000000    0.000000    0.220757    0.000000    0.000000    -0.224816    0.000000    0.000000  
4.950495    0.059065    0.000000    0.000000    0.218461    0.000000    0.000000    -0.233566    0.000000    0.000000  
4.960496    0.061238    0.000000    0.000000    0.216079    0.000000    0.000000    -0.242214    0.000000    0.000000  
4.970497    0.063387    0.000000    0.000000    0.213611    0.000000    0.000000    -0.250751    0.000000    0.000000  
4.980498    0.065511    0.000000    0.000000    0.211059    0.000000    0.000000    -0.259171    0.000000    0.000000  
4.990499    0.067609    0.000000    0.000000    0.208424    0.000000    0.000000    -0.267468    0.000000    0.000000  
5.000500    0.069680    0.000000    0.000000    0.205708    0.000000    0.000000    -0.275634    0.000000    0.000000  
5.010501    0.071723    0.000000    0.000000    0.202911    0.000000    0.000000    -0.283666    0.000000    0.000000  
5.020502    0.073738    0.000000    0.000000    0.200036    0.000000    0.000000    -0.291564    0.000000    0.000000  
5.030503    0.075723    0.000000    0.000000    0.197082    0.000000    0.000000    -0.299336    0.000000    0.000000  
5.040504    0.077679    0.000000    0.000000    0.194051    0.000000    0.000000    -0.306984    0.000000    0.000000  
5.050505    0.079604    0.000000    0.000000    0.190945    0.000000    0.000000    -0.314513    0.000000    0.000000  
5.060506    0.081497    0.000000    0.000000    0.187763    0.000000    0.000000    -0.321929    0.000000    0.000000  
5.070507    0.083359    0.000000    0.000000    0.184508    0.000000    0.000000    -0.329235    0.000000    0.000000  
5.080508    0.085187    0.000000    0.000000    0.181179    0.000000    0.000000    -0.336436    0.000000    0.000000  
5.090509    0.086982    0.000000    0.000000    0.177779    0.000000    0.000000    -0.343537    0.000000    0.000000  
5.100510    0.088743    0.000000    0.000000    0.174309    0.000000    0.000000    -0.350542    0.000000    0.000000  
5.110511    0.090468    0.000000    0.000000    0.170768    0.000000    0.000000    -0.357453    0.000000    0.000000  
5.120512    0.092158    0.000000    0.000000    0.167159    0.000000    0.000000    -0.364259    0.000000    0.000000  
5.130513    0.093812    0.000000    0.000000    0.163484    0.000000    0.000000    -0.370948    0.000000    0.000000  
5.140514    0.095429    0.000000    0.000000    0.159743    0.000000    0.000000    -0.377507    0.000000    0.000000  
5.150515    0.097008    0.000000    0.000000    0.155937    0.000000    0.000000    -0.383923    0.000000    0.000000  
5.160516    0.098548    0.000000    0.000000    0.152069    0.000000    0.000000    -0.390185    0.000000    0.000000  
5.170517    0.100050    0.000000    0.000000    0.148139    0.000000    0.000000    -0.396278    0.000000    0.000000  
5.180518    0.101512    0.000000    0.000000    0.144148    0.000000    0.000000    -0.402192    0.000000    0.000000  
5.190519    0.102934    0.000000    0.000000    0.140099    0.000000    0.000000    -0.407913    0.000000    0.000000  
5.200520    0.104314    0.000000    0.000000    0.135993    0.000000    0.000000    -0.413428    0.000000    0.000000  
5.210521    0.105654    0.000000    0.000000    0.131831    0.000000    0.000000    -0.418728    0.000000    0.000000  
5.220522    0.106951    0.000000    0.000000    0.127615    0.000000    0.000000    -0.423808    0.000000    0.000000  
5.230523    0.108205    0.000000    0.000000    0.123348    0.000000    0.000000    -0.428665    0.000000    0.000000  
5.240524    0.109417    0.000000    0.000000    0.119033    0.000000    0.000000    -0.433299    0.000000    0.000000  
5.250525    0.110586    0.000000    0.000000    0.114673    0.000000    0.000000    -0.437706    0.000000    0.000000  
5.260526    0.111710    0.000000    0.000000    0.110270    0.000000    0.000000    -0.441884    0.000000    0.000000  
5.270527    0.112791    0.000000    0.000000    0.105827    0.000000    0.000000    -0.445830    0.000000    0.000000  
5.280528    0.113827    0.000000    0.000000    0.101346    0.000000    0.000000    -0.449543    0.000000    0.000000  
5.290529    0.114818    0.000000    0.000000    0.096831    0.000000    0.000000    -0.453020    0.000000    0.000000  
5.300530    0.115764    0.000000    0.000000    0.092283    0.000000    0.000000    -0.456260    0.000000    0.000000  
5.310531    0.116664    0.000000    0.000000    0.087706    0.000000    0.000000    -0.459264    0.000000    0.000000  
5.320532    0.117518    0.000000    0.000000    0.083100    0.000000    0.000000    -0.462055    0.000000    0.000000  
5.330533    0.118326    0.000000    0.000000    0.078466    0.000000    0.000000    -0.464658    0.000000    0.000000  
5.340534    0.119087    0.000000    0.000000    0.073807    0.000000    0.000000    -0.467101    0.000000    0.000000  
5.350535    0.119802    0.000000    0.000000    0.069123    0.000000    0.000000    -0.469407    0.000000    0.000000  
5.360536    0.120469    0.000000    0.000000    0.064416    0.000000    0.000000    -0.471604    0.000000    0.000000  
5.370537    0.121090    0.000000    0.000000    0.059686    0.000000    0.000000    -0.473717    0.000000    0.000000  
5.380538    0.121663    0.000000    0.000000    0.054935    0.000000    0.000000    -0.475773    0.000000    0.000000  
5.390539    0.122189    0.000000    0.000000    0.050164    0.000000    0.000000    -0.477796    0.000000    0.000000  
5.400540    0.122666    0.000000    0.000000    0.045375    0.000000    0.000000    -0.479812    0.000000    0.000000  
5.410541    0.123096    0.000000    0.000000    0.040567    0.000000    0.000000    -0.481838    0.000000    0.000000  
5.420542    0.123478    0.000000    0.000000    0.035743    0.000000    0.000000    -0.483852    0.000000    0.000000  
5.430543    0.123811    0.000000    0.000000    0.030901    0.000000    0.000000    -0.485825    0.000000    0.000000  
5.440544    0.124096    0.000000    0.000000    0.026043    0.000000    0.000000    -0.487730    0.000000    0.000000  
5.450545    0.124332    0.000000    0.000000    0.021168    0.000000    0.000000    -0.489537    0.000000    0.000000  
5.460546    0.124519    0.000000    0.000000    0.016277    0.000000    0.000000    -0.491218    0.000000    0.000000  
5.470547    0.124657    0.000000    0.000000    0.011369    0.000000    0.000000    -0.492745    0.000000    0.000000  
5.480548    0.124746    0.000000    0.000000    0.006446    0.000000    0.000000    -0.494090    0.000000    0.000000  
5.490549    0.124786    0.000000    0.000000    0.001507    0.000000    0.000000    -0.495223    0.000000    0.000000  
5.500550    0.124776    0.000000    0.000000    -0.003447    0.000000    0.000000    -0.496116    0.000000    0.000000  
5.510551    0.124717    0.000000    0.000000    -0.008416    0.000000    0.000000    -0.496744    0.000000    0.000000  
5.520552    0.124608    0.000000    0.000000    -0.013395    0.000000    0.000000    -0.497092    0.000000    0.000000  
5.530553    0.124449    0.000000    0.000000    -0.018380    0.000000    0.000000    -0.497148    0.000000    0.000000  
5.540554    0.124241    0.000000    0.000000    -0.023366    0.000000    0.000000    -0.496900    0.000000    0.000000  
5.550555    0.123984    0.000000    0.000000    -0.028349    0.000000    0.000000    -0.496334    0.000000    0.000000  
5.560556    0.123676    0.000000    0.000000    -0.033325    0.000000    0.000000    -0.495439    0.000000    0.000000  
5.570557    0.123319    0.000000    0.000000    -0.038287    0.000000    0.000000    -0.494202    0.000000    0.000000  
5.580558    0.122913    0.000000    0.000000    -0.043233    0.000000    0.000000    -0.492611    0.000000    0.000000  
5.590559    0.122456    0.000000    0.000000    -0.048157    0.000000    0.000000    -0.490653    0.000000    0.000000  
5.600560    0.121951    0.000000    0.000000    -0.053055    0.000000    0.000000    -0.488316    0.000000    0.000000  
5.610561    0.121395    0.000000    0.000000    -0.057923    0.000000    0.000000    -0.485597    0.000000    0.000000  
5.620562    0.120791    0.000000    0.000000    -0.062758    0.000000    0.000000    -0.482529    0.000000    0.000000  
5.630563    0.120138    0.000000    0.000000    -0.067561    0.000000    0.000000    -0.479150    0.000000    0.000000  
5.640564    0.119437    0.000000    0.000000    -0.072328    0.000000    0.000000    -0.475500    0.000000    0.000000  
5.650565    0.118688    0.000000    0.000000    -0.077058    0.000000    0.000000    -0.471617    0.000000    0.000000  
5.660566    0.117892    0.000000    0.000000    -0.081750    0.000000    0.000000    -0.467542    0.000000    0.000000  
5.670567    0.117050    0.000000    0.000000    -0.086402    0.000000    0.000000    -0.463312    0.000000    0.000000  
5.680568    0.116162    0.000000    0.000000    -0.091014    0.000000    0.000000    -0.458968    0.000000    0.000000  
5.690569    0.115228    0.000000    0.000000    -0.095582    0.000000    0.000000    -0.454547    0.000000    0.000000  
5.700570    0.114249    0.000000    0.000000    -0.100106    0.000000    0.000000    -0.450090    0.000000    0.000000  
5.710571    0.113226    0.000000    0.000000    -0.104584    0.000000    0.000000    -0.445624    0.000000    0.000000  
5.720572    0.112159    0.000000    0.000000    -0.109016    0.000000    0.000000    -0.441137    0.000000    0.000000  
5.730573    0.111047    0.000000    0.000000    -0.113402    0.000000    0.000000    -0.436612    0.000000    0.000000  
5.740574    0.109893    0.000000    0.000000    -0.117740    0.000000    0.000000    -0.432029    0.000000    0.000000  
5.750575    0.108695    0.000000    0.000000    -0.122031    0.000000    0.000000    -0.427369    0.000000    0.000000  
5.760576    0.107455    0.000000    0.000000    -0.126275    0.000000    0.000000    -0.422614    0.000000    0.000000  
5.770577    0.106172    0.000000    0.000000    -0.130470    0.000000    0.000000    -0.417744    0.000000    0.000000  
5.780578    0.104847    0.000000    0.000000    -0.134616    0.000000    0.000000    -0.412740    0.000000    0.000000  
5.790579    0.103481    0.000000    0.000000    -0.138714    0.000000    0.000000    -0.407584    0.000000    0.000000  
5.800580    0.102074    0.000000    0.000000    -0.142762    0.000000    0.000000    -0.402256    0.000000    0.000000  
5.810581    0.100626    0.000000    0.000000    -0.146759    0.000000    0.000000    -0.396743    0.000000    0.000000  
5.820582    0.099138    0.000000    0.000000    -0.150705    0.000000    0.000000    -0.391043    0.000000    0.000000  
5.830583    0.097610    0.000000    0.000000    -0.154595    0.000000    0.000000    -0.385161    0.000000    0.000000  
5.840584    0.096044    0.000000    0.000000    -0.158427    0.000000    0.000000    -0.379100    0.000000    0.000000  
5.850585    0.094440    0.000000    0.000000    -0.162198    0.000000    0.000000    -0.372863    0.000000    0.000000  
5.860586    0.092798    0.000000    0.000000    -0.165907    0.000000    0.000000    -0.366454    0.000000    0.000000  
5.870587    0.091120    0.000000    0.000000    -0.169550    0.000000    0.000000    -0.359875    0.000000    0.000000  
5.880588    0.089406    0.000000    0.000000    -0.173124    0.000000    0.000000    -0.353131    0.000000    0.000000  
5.890589    0.087657    0.000000    0.000000    -0.176627    0.000000    0.000000    -0.346224    0.000000    0.000000  
5.900590    0.085873    0.000000    0.000000    -0.180056    0.000000    0.000000    -0.339158    0.000000    0.000000  
5.910591    0.084055    0.000000    0.000000    -0.183410    0.000000    0.000000    -0.331937    0.000000    0.000000  
5.920592    0.082205    0.000000    0.000000    -0.186687    0.000000    0.000000    -0.324570    0.000000    0.000000  
5.930593    0.080322    0.000000    0.000000    -0.189887    0.000000    0.000000    -0.317065    0.000000    0.000000  
5.940594    0.078408    0.000000    0.000000    -0.193010    0.000000    0.000000    -0.309432    0.000000    0.000000  
5.950595    0.076462    0.000000    0.000000    -0.196055    0.000000    0.000000    -0.301680    0.000000    0.000000  
5.960596    0.074487    0.000000    0.000000    -0.199023    0.000000    0.000000    -0.293817    0.000000    0.000000  
5.970597    0.072483    0.000000    0.000000    -0.201913    0.000000    0.000000    -0.285852    0.000000    0.000000  
5.980598    0.070449    0.000000    0.000000    -0.204725    0.000000    0.000000    -0.277795    0.000000    0.000000  
5.990599    0.068388    0.000000    0.000000    -0.207458    0.000000    0.000000    -0.269655    0.000000    0.000000  
6.000600    0.066300    0.000000    0.000000    -0.210113    0.000000    0.000000    -0.261440    0.000000    0.000000  
6.010601    0.064186    0.000000    0.000000    -0.212688    0.000000    0.000000    -0.253157    0.000000    0.000000  
6.020602    0.062046    0.000000    0.000000    -0.215182    0.000000    0.000000    -0.244803    0.000000    0.000000  
6.030603    0.059882    0.000000    0.000000    -0.217594    0.000000    0.000000    -0.236372    0.000000    0.000000  
6.040604    0.057694    0.000000    0.000000    -0.219923    0.000000    0.000000    -0.227860    0.000000    0.000000  
6.050605    0.055483    0.000000    0.000000    -0.222166    0.000000    0.000000    -0.219260    0.000000    0.000000  
6.060606    0.053250    0.000000    0.000000    -0.224322    0.000000    0.000000    -0.210569    0.000000    0.000000  
6.070607    0.050996    0.000000    0.000000    -0.226391    0.000000    0.000000    -0.201780    0.000000    0.000000  
6.080608    0.048722    0.000000    0.000000    -0.228369    0.000000    0.000000    -0.192889    0.000000    0.000000  
6.090609    0.046429    0.000000    0.000000    -0.230257    0.000000    0.000000    -0.183890    0.000000    0.000000  
6.100610    0.044117    0.000000    0.000000    -0.232051    0.000000    0.000000    -0.174779    0.000000    0.000000  
6.110611    0.041787    0.000000    0.000000    -0.233752    0.000000    0.000000    -0.165553    0.000000    0.000000  
6.120612    0.039441    0.000000    0.000000    -0.235358    0.000000    0.000000    -0.156222    0.000000    0.000000  
6.130613    0.037080    0.000000    0.000000    -0.236870    0.000000    0.000000    -0.146798    0.000000    0.000000  
6.140614    0.034704    0.000000    0.000000    -0.238286    0.000000    0.000000    -0.137293    0.000000    0.000000  
6.150615    0.032314    0.000000    0.000000    -0.239608    0.000000    0.000000    -0.127718    0.000000    0.000000  
6.160616    0.029911    0.000000    0.000000    -0.240833    0.000000    0.000000    -0.118084    0.000000    0.000000  
6.170617    0.027497    0.000000    0.000000    -0.241963    0.000000    0.000000    -0.108405    0.000000    0.000000  
6.180618    0.025072    0.000000    0.000000    -0.242997    0.000000    0.000000    -0.098691    0.000000    0.000000  
6.190619    0.022637    0.000000    0.000000    -0.243934    0.000000    0.000000    -0.088955    0.000000    0.000000  
6.200620    0.020193    0.000000    0.000000    -0.244775    0.000000    0.000000    -0.079208    0.000000    0.000000  
6.210621    0.017741    0.000000    0.000000    -0.245519    0.000000    0.000000    -0.069459    0.000000    0.000000  
6.220622    0.015282    0.000000    0.000000    -0.246165    0.000000    0.000000    -0.059711    0.000000    0.000000  
6.230623    0.012818    0.000000    0.000000    -0.246715    0.000000    0.000000    -0.049963    0.000000    0.000000  
6.240624    0.010348    0.000000    0.000000    -0.247167    0.000000    0.000000    -0.040217    0.000000    0.000000  
6.250625    0.007874    0.000000    0.000000    -0.247522    0.000000    0.000000    -0.030471    0.000000    0.000000  
6.260626    0.005397    0.000000    0.000000    -0.247779    0.000000    0.000000    -0.020727    0.000000    0.000000  
6.270627    0.002919    0.000000    0.000000    -0.247939    0.000000    0.000000    -0.010985    0.000000    0.000000  
6.280628    0.000439    0.000000    0.000000    -0.248001    0.000000    0.000000    -0.001245    0.000000    0.000000  
6.290629    -0.002042    0.000000    0.000000    -0.247966    0.000000    0.000000    0.008493    0.000000    0.000000  
6.300630    -0.004521    0.000000    0.000000    -0.247832    0.000000    0.000000    0.018229    0.000000    0.000000  
6.310631    -0.006998    0.000000    0.000000    -0.247601    0.000000    0.000000    0.027961    0.000000    0.000000  
6.320632    -0.009473    0.000000    0.000000    -0.247272    0.000000    0.000000    0.037686    0.000000    0.000000  
6.330633    -0.011944    0.000000    0.000000    -0.246846    0.000000    0.000000    0.047399    0.000000    0.000000  
6.340634    -0.014410    0.000000    0.000000    -0.246323    0.000000    0.000000    0.057095    0.000000    0.000000  
6.350635    -0.016871    0.000000    0.000000    -0.245703    0.000000    0.000000    0.066771    0.000000    0.000000  
6.360636    -0.019325    0.000000    0.000000    -0.244986    0.000000    0.000000    0.076422    0.000000    0.000000  
6.370637    -0.021771    0.000000    0.000000    -0.244173    0.000000    0.000000    0.086044    0.000000    0.000000  
6.380638    -0.024209    0.000000    0.000000    -0.243265    0.000000    0.000000    0.095632    0.000000    0.000000  
6.390639    -0.026637    0.000000    0.000000    -0.242261    0.000000    0.000000    0.105181    0.000000    0.000000  
6.400640    -0.029054    0.000000    0.000000    -0.241161    0.000000    0.000000    0.114687    0.000000    0.000000  
6.410641    -0.031460    0.000000    0.000000    -0.239967    0.000000    0.000000    0.124148    0.000000    0.000000  
6.420642    -0.033854    0.000000    0.000000    -0.238678    0.000000    0.000000    0.133561    0.000000    0.000000  
6.430643    -0.036234    0.000000    0.000000    -0.237295    0.000000    0.000000    0.142928    0.000000    0.000000  
6.440644    -0.038600    0.000000    0.000000    -0.235819    0.000000    0.000000    0.152248    0.000000    0.000000  
6.450645    -0.040950    0.000000    0.000000    -0.234249    0.000000    0.000000    0.161521    0.000000    0.000000  
6.460646    -0.043285    0.000000    0.000000    -0.232587    0.000000    0.000000    0.170747    0.000000    0.000000  
6.470647    -0.045602    0.000000    0.000000    -0.230833    0.000000    0.000000    0.179926    0.000000    0.000000  
6.480648    -0.047901    0.000000    0.000000    -0.228988    0.000000    0.000000    0.189059    0.000000    0.000000  
6.490649    -0.050182    0.000000    0.000000    -0.227052    0.000000    0.000000    0.198145    0.000000    0.000000  
6.500650    -0.052442    0.000000    0.000000    -0.225025    0.000000    0.000000    0.207184    0.000000    0.000000  
6.510651    -0.054682    0.000000    0.000000    -0.222908    0.000000    0.000000    0.216173    0.000000    0.000000  
6.520652    -0.056901    0.000000    0.000000    -0.220702    0.000000    0.000000    0.225098    0.000000    0.000000  
6.530653    -0.059097    0.000000    0.000000    -0.218408    0.000000    0.000000    0.233943    0.000000    0.000000  
6.540654    -0.061269    0.000000    0.000000    -0.216027    0.000000    0.000000    0.242692    0.000000    0.000000  
6.550655    -0.063418    0.000000    0.000000    -0.213560    0.000000    0.000000    0.251329    0.000000    0.000000  
6.560656    -0.065541    0.000000    0.000000    -0.211008    0.000000    0.000000    0.259838    0.000000    0.000000  
6.570657    -0.067638    0.000000    0.000000    -0.208372    0.000000    0.000000    0.268202    0.000000    0.000000  
6.580658    -0.069709    0.000000    0.000000    -0.205652    0.000000    0.000000    0.276405    0.000000    0.000000  
6.590659    -0.071752    0.000000    0.000000    -0.202850    0.000000    0.000000    0.284432    0.000000    0.000000  
6.600660    -0.073766    0.000000    0.000000    -0.199968    0.000000    0.000000    0.292266    0.000000    0.000000  
6.610661    -0.075752    0.000000    0.000000    -0.197005    0.000000    0.000000    0.299898    0.000000    0.000000  
6.620662    -0.077706    0.000000    0.000000    -0.193964    0.000000    0.000000    0.307346    0.000000    0.000000  
6.630663    -0.079631    0.000000    0.000000    -0.190846    0.000000    0.000000    0.314629    0.000000    0.000000  
6.640664    -0.081523    0.000000    0.000000    -0.187654    0.000000    0.000000    0.321770    0.000000    0.000000  
6.650665    -0.083384    0.000000    0.000000    -0.184390    0.000000    0.000000    0.328789    0.000000    0.000000  
6.660666    -0.085211    0.000000    0.000000    -0.181055    0.000000    0.000000    0.335708    0.000000    0.000000  
6.670667    -0.087005    0.000000    0.000000    -0.177652    0.000000    0.000000    0.342548    0.000000    0.000000  
6.680668    -0.088765    0.000000    0.000000    -0.174182    0.000000    0.000000    0.349330    0.000000    0.000000  
6.690669    -0.090489    0.000000    0.000000    -0.170648    0.000000    0.000000    0.356076    0.000000    0.000000  
6.700670    -0.092178    0.000000    0.000000    -0.167050    0.000000    0.000000    0.362806    0.000000    0.000000  
6.710671    -0.093830    0.000000    0.000000    -0.163392    0.000000    0.000000    0.369531    0.000000    0.000000  
6.720672    -0.095446    0.000000    0.000000    -0.159672    0.000000    0.000000    0.376228    0.000000    0.000000  
6.730673    -0.097023    0.000000    0.000000    -0.155891    0.000000    0.000000    0.382863    0.000000    0.000000  
6.740674    -0.098563    0.000000    0.000000    -0.152048    0.000000    0.000000    0.389405    0.000000    0.000000  
6.750675    -0.100063    0.000000    0.000000    -0.148143    0.000000    0.000000    0.395822    0.000000    0.000000  
6.760676    -0.101525    0.000000    0.000000    -0.144176    0.000000    0.000000    0.402083    0.000000    0.000000  
6.770677    -0.102946    0.000000    0.000000    -0.140146    0.000000    0.000000    0.408155    0.000000    0.000000  
6.780678    -0.104327    0.000000    0.000000    -0.136054    0.000000    0.000000    0.414007    0.000000    0.000000  
6.790679    -0.105667    0.000000    0.000000    -0.131899    0.000000    0.000000    0.419608    0.000000    0.000000  
6.800680    -0.106965    0.000000    0.000000    -0.127680    0.000000    0.000000    0.424925    0.000000    0.000000  
6.810681    -0.108220    0.000000    0.000000    -0.123399    0.000000    0.000000    0.429934    0.000000    0.000000  
6.820682    -0.109433    0.000000    0.000000    -0.119060    0.000000    0.000000    0.434637    0.000000    0.000000  
6.830683    -0.110603    0.000000    0.000000    -0.114668    0.000000    0.000000    0.439042    0.000000    0.000000  
6.840684    -0.111729    0.000000    0.000000    -0.110228    0.000000    0.000000    0.443154    0.000000    0.000000  
6.850685    -0.112810    0.000000    0.000000    -0.105747    0.000000    0.000000    0.446981    0.000000    0.000000  
6.860686    -0.113847    0.000000    0.000000    -0.101228    0.000000    0.000000    0.450531    0.000000    0.000000  
6.870687    -0.114838    0.000000    0.000000    -0.096678    0.000000    0.000000    0.453809    0.000000    0.000000  
6.880688    -0.115784    0.000000    0.000000    -0.092101    0.000000    0.000000    0.456822    0.000000    0.000000  
6.890689    -0.116683    0.000000    0.000000    -0.087503    0.000000    0.000000    0.459579    0.000000    0.000000  
6.900690    -0.117536    0.000000    0.000000    -0.082889    0.000000    0.000000    0.462085    0.000000    0.000000  
6.910691    -0.118341    0.000000    0.000000    -0.078263    0.000000    0.000000    0.464355    0.000000    0.000000  
6.920692    -0.119099    0.000000    0.000000    -0.073624    0.000000    0.000000    0.466427    0.000000    0.000000  
6.930693    -0.119810    0.000000    0.000000    -0.068970    0.000000    0.000000    0.468346    0.000000    0.000000  
6.940694    -0.120474    0.000000    0.000000    -0.064300    0.000000    0.000000    0.470155    0.000000    0.000000  
6.950695    -0.121090    0.000000    0.000000    -0.059613    0.000000    0.000000    0.471896    0.000000    0.000000  
6.960696    -0.121660    0.000000    0.000000    -0.054907    0.000000    0.000000    0.473615    0.000000    0.000000  
6.970697    -0.122183    0.000000    0.000000    -0.050179    0.000000    0.000000    0.475354    0.000000    0.000000  
6.980698    -0.122659    0.000000    0.000000    -0.045430    0.000000    0.000000    0.477157    0.000000    0.000000  
6.990699    -0.123087    0.000000    0.000000    -0.040657    0.000000    0.000000    0.479068    0.000000    0.000000  
7.000700    -0.123470    0.000000    0.000000    -0.035858    0.000000    0.000000    0.481130    0.000000    0.000000  
7.010701    -0.123805    0.000000    0.000000    -0.031032    0.000000    0.000000    0.483363    0.000000    0.000000  
7.020702    -0.124093    0.000000    0.000000    -0.026182    0.000000    0.000000    0.485710    0.000000    0.000000  
7.030703    -0.124333    0.000000    0.000000    -0.021308    0.000000    0.000000    0.488100    0.000000    0.000000  
7.040704    -0.124525    0.000000    0.000000    -0.016411    0.000000    0.000000    0.490461    0.000000    0.000000  
7.050705    -0.124668    0.000000    0.000000    -0.011495    0.000000    0.000000    0.492720    0.000000    0.000000  
7.060706    -0.124762    0.000000    0.000000    -0.006559    0.000000    0.000000    0.494806    0.000000    0.000000  
7.070707    -0.124806    0.000000    0.000000    -0.001606    0.000000    0.000000    0.496647    0.000000    0.000000  
7.080708    -0.124800    0.000000    0.000000    0.003362    0.000000    0.000000    0.498170    0.000000    0.000000  
7.090709    -0.124743    0.000000    0.000000    0.008345    0.000000    0.000000    0.499303    0.000000    0.000000  
7.100710    -0.124636    0.000000    0.000000    0.013340    0.000000    0.000000    0.499975    0.000000    0.000000  
7.110711    -0.124476    0.000000    0.000000    0.018345    0.000000    0.000000    0.500135    0.000000    0.000000  
7.120712    -0.124266    0.000000    0.000000    0.023355    0.000000    0.000000    0.499798    0.000000    0.000000  
7.130713    -0.124005    0.000000    0.000000    0.028365    0.000000    0.000000    0.498994    0.000000    0.000000  
7.140714    -0.123693    0.000000    0.000000    0.033368    0.000000    0.000000    0.497754    0.000000    0.000000  
7.150715    -0.123332    0.000000    0.000000    0.038360    0.000000    0.000000    0.496106    0.000000    0.000000  
7.160716    -0.122920    0.000000    0.000000    0.043334    0.000000    0.000000    0.494082    0.000000    0.000000  
7.170717    -0.122460    0.000000    0.000000    0.048285    0.000000    0.000000    0.491709    0.000000    0.000000  
7.180718    -0.121951    0.000000    0.000000    0.053208    0.000000    0.000000    0.489019    0.000000    0.000000  
7.190719    -0.121393    0.000000    0.000000    0.058097    0.000000    0.000000    0.486041    0.000000    0.000000  
7.200720    -0.120788    0.000000    0.000000    0.062947    0.000000    0.000000    0.482805    0.000000    0.000000  
7.210721    -0.120134    0.000000    0.000000    0.067752    0.000000    0.000000    0.479339    0.000000    0.000000  
7.220722    -0.119434    0.000000    0.000000    0.072514    0.000000    0.000000    0.475665    0.000000    0.000000  
7.230723    -0.118686    0.000000    0.000000    0.077232    0.000000    0.000000    0.471805    0.000000    0.000000  
7.240724    -0.117892    0.000000    0.000000    0.081907    0.000000    0.000000    0.467778    0.000000    0.000000  
7.250725    -0.117051    0.000000    0.000000    0.086540    0.000000    0.000000    0.463607    0.000000    0.000000  
7.260726    -0.116164    0.000000    0.000000    0.091132    0.000000    0.000000    0.459313    0.000000    0.000000  
7.270727    -0.115231    0.000000    0.000000    0.095684    0.000000    0.000000    0.454916    0.000000    0.000000  
7.280728    -0.114253    0.000000    0.000000    0.100195    0.000000    0.000000    0.450437    0.000000    0.000000  
7.290729    -0.113229    0.000000    0.000000    0.104667    0.000000    0.000000    0.445899    0.000000    0.000000  
7.300730    -0.112160    0.000000    0.000000    0.109100    0.000000    0.000000    0.441321    0.000000    0.000000  
7.310731    -0.111047    0.000000    0.000000    0.113495    0.000000    0.000000    0.436717    0.000000    0.000000  
7.320732    -0.109889    0.000000    0.000000    0.117849    0.000000    0.000000    0.432071    0.000000    0.000000  
7.330733    -0.108688    0.000000    0.000000    0.122160    0.000000    0.000000    0.427363    0.000000    0.000000  
7.340734    -0.107444    0.000000    0.000000    0.126425    0.000000    0.000000    0.422572    0.000000    0.000000  
7.350735    -0.106158    0.000000    0.000000    0.130643    0.000000    0.000000    0.417678    0.000000    0.000000  
7.360736    -0.104830    0.000000    0.000000    0.134810    0.000000    0.000000    0.412659    0.000000    0.000000  
7.370737    -0.103460    0.000000    0.000000    0.138923    0.000000    0.000000    0.407497    0.000000    0.000000  
7.380738    -0.102050    0.000000    0.000000    0.142982    0.000000    0.000000    0.402169    0.000000    0.000000  
7.390739    -0.100600    0.000000    0.000000    0.146983    0.000000    0.000000    0.396656    0.000000    0.000000  
7.400740    -0.099110    0.000000    0.000000    0.150923    0.000000    0.000000    0.390936    0.000000    0.000000  
7.410741    -0.097581    0.000000    0.000000    0.154801    0.000000    0.000000    0.384997    0.000000    0.000000  
7.420742    -0.096014    0.000000    0.000000    0.158615    0.000000    0.000000    0.378847    0.000000    0.000000  
7.430743    -0.094409    0.000000    0.000000    0.162365    0.000000    0.000000    0.372498    0.000000    0.000000  
7.440744    -0.092767    0.000000    0.000000    0.166050    0.000000    0.000000    0.365964    0.000000    0.000000  
7.450745    -0.091089    0.000000    0.000000    0.169668    0.000000    0.000000    0.359258    0.000000    0.000000  
7.460746    -0.089375    0.000000    0.000000    0.173219    0.000000    0.000000    0.352393    0.000000    0.000000  
7.470747    -0.087626    0.000000    0.000000    0.176701    0.000000    0.000000    0.345381    0.000000    0.000000  
7.480748    -0.085842    0.000000    0.000000    0.180114    0.000000    0.000000    0.338236    0.000000    0.000000  
7.490749    -0.084024    0.000000    0.000000    0.183458    0.000000    0.000000    0.330971    0.000000    0.000000  
7.500750    -0.082173    0.000000    0.000000    0.186730    0.000000    0.000000    0.323598    0.000000    0.000000  
7.510751    -0.080289    0.000000    0.000000    0.189930    0.000000    0.000000    0.316128    0.000000    0.000000  
7.520752    -0.078374    0.000000    0.000000    0.193057    0.000000    0.000000    0.308563    0.000000    0.000000  
7.530753    -0.076427    0.000000    0.000000    0.196109    0.000000    0.000000    0.300900    0.000000    0.000000  
7.540754    -0.074451    0.000000    0.000000    0.199085    0.000000    0.000000    0.293140    0.000000    0.000000  
7.550755    -0.072445    0.000000    0.000000    0.201983    0.000000    0.000000    0.285282    0.000000    0.000000  
7.560756    -0.070410    0.000000    0.000000    0.204802    0.000000    0.000000    0.277324    0.000000    0.000000  
7.570757    -0.068348    0.000000    0.000000    0.207540    0.000000    0.000000    0.269267    0.000000    0.000000  
7.580758    -0.066258    0.000000    0.000000    0.210196    0.000000    0.000000    0.261109    0.000000    0.000000  
7.590759    -0.064143    0.000000    0.000000    0.212769    0.000000    0.000000    0.252850    0.000000    0.000000  
7.600760    -0.062003    0.000000    0.000000    0.215257    0.000000    0.000000    0.244489    0.000000    0.000000  
7.610761    -0.059838    0.000000    0.000000    0.217659    0.000000    0.000000    0.236027    0.000000    0.000000  
7.620762    -0.057650    0.000000    0.000000    0.219974    0.000000    0.000000    0.227465    0.000000    0.000000  
7.630763    -0.055439    0.000000    0.000000    0.222201    0.000000    0.000000    0.218807    0.000000    0.000000  
7.640764    -0.053206    0.000000    0.000000    0.224342    0.000000    0.000000    0.210058    0.000000    0.000000  
7.650765    -0.050952    0.000000    0.000000    0.226394    0.000000    0.000000    0.201219    0.000000    0.000000  
7.660766    -0.048678    0.000000    0.000000    0.228357    0.000000    0.000000    0.192294    0.000000    0.000000  
7.670767    -0.046385    0.000000    0.000000    0.230231    0.000000    0.000000    0.183288    0.000000    0.000000  
7.680768    -0.044074    0.000000    0.000000    0.232015    0.000000    0.000000    0.174202    0.000000    0.000000  
7.690769    -0.041745    0.000000    0.000000    0.233710    0.000000    0.000000    0.165041    0.000000    0.000000  
7.700770    -0.039400    0.000000    0.000000    0.235314    0.000000    0.000000    0.155808    0.000000    0.000000  
7.710771    -0.037039    0.000000    0.000000    0.236826    0.000000    0.000000    0.146505    0.000000    0.000000  
7.720772    -0.034663    0.000000    0.000000    0.238247    0.000000    0.000000    0.137137    0.000000    0.000000  
7.730773    -0.032273    0.000000    0.000000    0.239575    0.000000    0.000000    0.127706    0.000000    0.000000  
7.740774    -0.029871    0.000000    0.000000    0.240809    0.000000    0.000000    0.118215    0.000000    0.000000  
7.750775    -0.027457    0.000000    0.000000    0.241948    0.000000    0.000000    0.108666    0.000000    0.000000  
7.760776    -0.025031    0.000000    0.000000    0.242991    0.000000    0.000000    0.099064    0.000000    0.000000  
7.770777    -0.022596    0.000000    0.000000    0.243938    0.000000    0.000000    0.089410    0.000000    0.000000  
7.780778    -0.020152    0.000000    0.000000    0.244787    0.000000    0.000000    0.079708    0.000000    0.000000  
7.790779    -0.017700    0.000000    0.000000    0.245538    0.000000    0.000000    0.069961    0.000000    0.000000  
7.800780    -0.015241    0.000000    0.000000    0.246190    0.000000    0.000000    0.060171    0.000000    0.000000  
7.810781    -0.012776    0.000000    0.000000    0.246741    0.000000    0.000000    0.050343    0.000000    0.000000  
7.820782    -0.010306    0.000000    0.000000    0.247193    0.000000    0.000000    0.040485    0.000000    0.000000  
7.830783    -0.007832    0.000000    0.000000    0.247545    0.000000    0.000000    0.030606    0.000000    0.000000  
7.840784    -0.005355    0.000000    0.000000    0.247798    0.000000    0.000000    0.020715    0.000000    0.000000  
7.850785    -0.002876    0.000000    0.000000    0.247953    0.000000    0.000000    0.010822    0.000000    0.000000  
7.860786    -0.000396    0.000000    0.000000    0.248008    0.000000    0.000000    0.000935    0.000000    0.000000  
7.870787    0.002085    0.000000    0.000000    0.247966    0.000000    0.000000    -0.008937    0.000000    0.000000  
7.880788    0.004564    0.000000    0.000000    0.247825    0.000000    0.000000    -0.018784    0.000000    0.000000  
7.890789    0.007041    0.000000    0.000000    0.247587    0.000000    0.000000    -0.028597    0.000000    0.000000  
7.900790    0.009516    0.000000    0.000000    0.247252    0.000000    0.000000    -0.038368    0.000000    0.000000  
7.910791    0.011987    0.000000    0.000000    0.246820    0.000000    0.000000    -0.048090    0.000000    0.000000  
7.920792    0.014452    0.000000    0.000000    0.246292    0.000000    0.000000    -0.057762    0.000000    0.000000  
7.930793    0.016912    0.000000    0.000000    0.245667    0.000000    0.000000    -0.067385    0.000000    0.000000  
7.940794    0.019366    0.000000    0.000000    0.244946    0.000000    0.000000    -0.076962    0.000000    0.000000  
7.950795    0.021811    0.000000    0.000000    0.244130    0.000000    0.000000    -0.086494    0.000000    0.000000  
7.960796    0.024248    0.000000    0.000000    0.243218    0.000000    0.000000    -0.095982    0.000000    0.000000  
7.970797    0.026676    0.000000    0.000000    0.242212    0.000000    0.000000    -0.105427    0.000000    0.000000  
7.980798    0.029093    0.000000    0.000000    0.241112    0.000000    0.000000    -0.114831    0.000000    0.000000  
7.990799    0.031498    0.000000    0.000000    0.239917    0.000000    0.000000    -0.124195    0.000000    0.000000  
8.000800    0.033891    0.000000    0.000000    0.238628    0.000000    0.000000    -0.133520    0.000000    0.000000  
8.010801    0.036271    0.000000    0.000000    0.237246    0.000000    0.000000    -0.142808    0.000000    0.000000  
8.020802    0.038636    0.000000    0.000000    0.235771    0.000000    0.000000    -0.152057    0.000000    0.000000  
8.030803    0.040986    0.000000    0.000000    0.234204    0.000000    0.000000    -0.161265    0.000000    0.000000  
8.040804    0.043321    0.000000    0.000000    0.232545    0.000000    0.000000    -0.170430    0.000000    0.000000  
8.050805    0.045638    0.000000    0.000000    0.230794    0.000000    0.000000    -0.179551    0.000000    0.000000  
8.060806    0.047937    0.000000    0.000000    0.228952    0.000000    0.000000    -0.188627    0.000000    0.000000  
8.070807    0.050217    0.000000    0.000000    0.227020    0.000000    0.000000    -0.197654    0.000000    0.000000  
8.080808    0.052478    0.000000    0.000000    0.224998    0.000000    0.000000    -0.206633    0.000000    0.000000  
8.090809    0.054717    0.000000    0.000000    0.222887    0.000000    0.000000    -0.215560    0.000000    0.000000  
8.100810    0.056936    0.000000    0.000000    0.220687    0.000000    0.000000    -0.224434    0.000000    0.000000  
8.110811    0.059131    0.000000    0.000000    0.218398    0.000000    0.000000    -0.233252    0.000000    0.000000  
8.120812    0.061304    0.000000    0.000000    0.216022    0.000000    0.000000    -0.242001    0.000000    0.000000  
8.130813    0.063452    0.000000    0.000000    0.213560    0.000000    0.000000    -0.250667    0.000000    0.000000  
8.140814    0.065575    0.000000    0.000000    0.211012    0.000000    0.000000    -0.259238    0.000000    0.000000  
8.150815    0.067672    0.000000    0.000000    0.208380    0.000000    0.000000    -0.267700    0.000000    0.000000  
8.160816    0.069743    0.000000    0.000000    0.205664    0.000000    0.000000    -0.276039    0.000000    0.000000  
8.170817    0.071786    0.000000    0.000000    0.202865    0.000000    0.000000    -0.284243    0.000000    0.000000  
8.180818    0.073800    0.000000    0.000000    0.199985    0.000000    0.000000    -0.292297    0.000000    0.000000  
8.190819    0.075786    0.000000    0.000000    0.197025    0.000000    0.000000    -0.300189    0.000000    0.000000  
8.200820    0.077741    0.000000    0.000000    0.193985    0.000000    0.000000    -0.307905    0.000000    0.000000  
8.210821    0.079665    0.000000    0.000000    0.190866    0.000000    0.000000    -0.315437    0.000000    0.000000  
8.220822    0.081558    0.000000    0.000000    0.187671    0.000000    0.000000    -0.322794    0.000000    0.000000  
8.230823    0.083419    0.000000    0.000000    0.184401    0.000000    0.000000    -0.329990    0.000000    0.000000  
8.240824    0.085247    0.000000    0.000000    0.181059    0.000000    0.000000    -0.337038    0.000000    0.000000  
8.250825    0.087040    0.000000    0.000000    0.177645    0.000000    0.000000    -0.343949    0.000000    0.000000  
8.260826    0.088800    0.000000    0.000000    0.174163    0.000000    0.000000    -0.350738    0.000000    0.000000  
8.270827    0.090524    0.000000    0.000000    0.170613    0.000000    0.000000    -0.357417    0.000000    0.000000  
8.280828    0.092213    0.000000    0.000000    0.166999    0.000000    0.000000    -0.363999    0.000000    0.000000  
8.290829    0.093865    0.000000    0.000000    0.163321    0.000000    0.000000    -0.370497    0.000000    0.000000  
8.300830    0.095480    0.000000    0.000000    0.159582    0.000000    0.000000    -0.376923    0.000000    0.000000  
8.310831    0.097057    0.000000    0.000000    0.155783    0.000000    0.000000    -0.383283    0.000000    0.000000  
8.320832    0.098595    0.000000    0.000000    0.151925    0.000000    0.000000    -0.389560    0.000000    0.000000  
8.330833    0.100095    0.000000    0.000000    0.148008    0.000000    0.000000    -0.395729    0.000000    0.000000  
8.340834    0.101554    0.000000    0.000000    0.144033    0.000000    0.000000    -0.401769    0.000000    0.000000  
8.350835    0.102974    0.000000    0.000000    0.140001    0.000000    0.000000    -0.407658    0.000000    0.000000  
8.360836    0.104354    0.000000    0.000000    0.135911    0.000000    0.000000    -0.413371    0.000000    0.000000  
8.370837    0.105692    0.000000    0.000000    0.131765    0.000000    0.000000    -0.418888    0.000000    0.000000  
8.380838    0.106988    0.000000    0.000000    0.127562    0.000000    0.000000    -0.424184    0.000000    0.000000  
8.390839    0.108242    0.000000    0.000000    0.123304    0.000000    0.000000    -0.429238    0.000000    0.000000  
8.400840    0.109454    0.000000    0.000000    0.118990    0.000000    0.000000    -0.434027    0.000000    0.000000  
8.410841    0.110622    0.000000    0.000000    0.114622    0.000000    0.000000    -0.438534    0.000000    0.000000  
8.420842    0.111747    0.000000    0.000000    0.110204    0.000000    0.000000    -0.442766    0.000000    0.000000  
8.430843    0.112828    0.000000    0.000000    0.105739    0.000000    0.000000    -0.446732    0.000000    0.000000  
8.440844    0.113864    0.000000    0.000000    0.101232    0.000000    0.000000    -0.450441    0.000000    0.000000  
8.450845    0.114854    0.000000    0.000000    0.096688    0.000000    0.000000    -0.453903    0.000000    0.000000  
8.460846    0.115800    0.000000    0.000000    0.092110    0.000000    0.000000    -0.457127    0.000000    0.000000  
8.470847    0.116699    0.000000    0.000000    0.087502    0.000000    0.000000    -0.460123    0.000000    0.000000  
8.480848    0.117553    0.000000    0.000000    0.082869    0.000000    0.000000    -0.462901    0.000000    0.000000  
8.490849    0.118359    0.000000    0.000000    0.078215    0.000000    0.000000    -0.465470    0.000000    0.000000  
8.500850    0.119118    0.000000    0.000000    0.073544    0.000000    0.000000    -0.467839    0.000000    0.000000  
8.510851    0.119830    0.000000    0.000000    0.068859    0.000000    0.000000    -0.470021    0.000000    0.000000  
8.520852    0.120494    0.000000    0.000000    0.064160    0.000000    0.000000    -0.472044    0.000000    0.000000  
8.530853    0.121110    0.000000    0.000000    0.059446    0.000000    0.000000    -0.473936    0.000000    0.000000  
8.540854    0.121679    0.000000    0.000000    0.054716    0.000000    0.000000    -0.475725    0.000000    0.000000  
8.550855    0.122200    0.000000    0.000000    0.049968    0.000000    0.000000    -0.477439    0.000000    0.000000  
8.560856    0.122674    0.000000    0.000000    0.045203    0.000000    0.000000    -0.479108    0.000000    0.000000  
8.570857    0.123100    0.000000    0.000000    0.040418    0.000000    0.000000    -0.480759    0.000000    0.000000  
8.580858    0.123478    0.000000    0.000000    0.035613    0.000000    0.000000    -0.482422    0.000000    0.000000  
8.590859    0.123809    0.000000    0.000000    0.030787    0.000000    0.000000    -0.484124    0.000000    0.000000  
8.600860    0.124092    0.000000    0.000000    0.025938    0.000000    0.000000    -0.485895    0.000000    0.000000  
8.610861    0.124328    0.000000    0.000000    0.021067    0.000000    0.000000    -0.487743    0.000000    0.000000  
8.620862    0.124516    0.000000    0.000000    0.016175    0.000000    0.000000    -0.489621    0.000000    0.000000  
8.630863    0.124655    0.000000    0.000000    0.011265    0.000000    0.000000    -0.491466    0.000000    0.000000  
8.640864    0.124746    0.000000    0.000000    0.006337    0.000000    0.000000    -0.493219    0.000000    0.000000  
8.650865    0.124787    0.000000    0.000000    0.001396    0.000000    0.000000    -0.494820    0.000000    0.000000  
8.660866    0.124780    0.000000    0.000000    -0.003559    0.000000    0.000000    -0.496206    0.000000    0.000000  
8.670867    0.124722    0.000000    0.000000    -0.008524    0.000000    0.000000    -0.497319    0.000000    0.000000  
8.680868    0.124614    0.000000    0.000000    -0.013497    0.000000    0.000000    -0.498098    0.000000    0.000000  
8.690869    0.124456    0.000000    0.000000    -0.018476    0.000000    0.000000    -0.498481    0.000000    0.000000  
8.700870    0.124247    0.000000    0.000000    -0.023460    0.000000    0.000000    -0.498409    0.000000    0.000000  
8.710871    0.123986    0.000000    0.000000    -0.028445    0.000000    0.000000    -0.497840    0.000000    0.000000  
8.720872    0.123675    0.000000    0.000000    -0.033427    0.000000    0.000000    -0.496797    0.000000    0.000000  
8.730873    0.123314    0.000000    0.000000    -0.038401    0.000000    0.000000    -0.495311    0.000000    0.000000  
8.740874    0.122903    0.000000    0.000000    -0.043361    0.000000    0.000000    -0.493415    0.000000    0.000000  
8.750875    0.122442    0.000000    0.000000    -0.048303    0.000000    0.000000    -0.491142    0.000000    0.000000  
8.760876    0.121932    0.000000    0.000000    -0.053222    0.000000    0.000000    -0.488526    0.000000    0.000000  
8.770877    0.121373    0.000000    0.000000    -0.058113    0.000000    0.000000    -0.485598    0.000000    0.000000  
8.780878    0.120766    0.000000    0.000000    -0.062970    0.000000    0.000000    -0.482391    0.000000    0.000000  
8.790879    0.120112    0.000000    0.000000    -0.067789    0.000000    0.000000    -0.478939    0.000000    0.000000  
8.800880    0.119410    0.000000    0.000000    -0.072565    0.000000    0.000000    -0.475273    0.000000    0.000000  
8.810881    0.118661    0.000000    0.000000    -0.077294    0.000000    0.000000    -0.471424    0.000000    0.000000  
8.820882    0.117865    0.000000    0.000000    -0.081975    0.000000    0.000000    -0.467410    0.000000    0.000000  
8.830883    0.117023    0.000000    0.000000    -0.086610    0.000000    0.000000    -0.463249    0.000000    0.000000  
8.840884    0.116135    0.000000    0.000000    -0.091200    0.000000    0.000000    -0.458957    0.000000    0.000000  
8.850885    0.115201    0.000000    0.000000    -0.095745    0.000000    0.000000    -0.454551    0.000000    0.000000  
8.860886    0.114222    0.000000    0.000000    -0.100247    0.000000    0.000000    -0.450049    0.000000    0.000000  
8.870887    0.113198    0.000000    0.000000    -0.104706    0.000000    0.000000    -0.445468    0.000000    0.000000  
8.880888    0.112130    0.000000    0.000000    -0.109123    0.000000    0.000000    -0.440824    0.000000    0.000000  
8.890889    0.111017    0.000000    0.000000    -0.113498    0.000000    0.000000    -0.436134    0.000000    0.000000  
8.900890    0.109860    0.000000    0.000000    -0.117833    0.000000    0.000000    -0.431417    0.000000    0.000000  
8.910891    0.108660    0.000000    0.000000    -0.122128    0.000000    0.000000    -0.426679    0.000000    0.000000  
8.920892    0.107417    0.000000    0.000000    -0.126381    0.000000    0.000000    -0.421902    0.000000    0.000000  
8.930893    0.106131    0.000000    0.000000    -0.130589    0.000000    0.000000    -0.417061    0.000000    0.000000  
8.940894    0.104804    0.000000    0.000000    -0.134750    0.000000    0.000000    -0.412134    0.000000    0.000000  
8.950895    0.103435    0.000000    0.000000    -0.138861    0.000000    0.000000    -0.407094    0.000000    0.000000  
8.960896    0.102026    0.000000    0.000000    -0.142920    0.000000    0.000000    -0.401919    0.000000    0.000000  
8.970897    0.100576    0.000000    0.000000    -0.146924    0.000000    0.000000    -0.396585    0.000000    0.000000  
8.980898    0.099087    0.000000    0.000000    -0.150871    0.000000    0.000000    -0.391066    0.000000    0.000000  
8.990899    0.097558    0.000000    0.000000    -0.154759    0.000000    0.000000    -0.385340    0.000000    0.000000  
9.000900    0.095991    0.000000    0.000000    -0.158584    0.000000    0.000000    -0.379381    0.000000    0.000000  
9.010901    0.094386    0.000000    0.000000    -0.162346    0.000000    0.000000    -0.373175    0.000000    0.000000  
9.020902    0.092744    0.000000    0.000000    -0.166042    0.000000    0.000000    -0.366735    0.000000    0.000000  
9.030903    0.091065    0.000000    0.000000    -0.169671    0.000000    0.000000    -0.360077    0.000000    0.000000  
9.040904    0.089351    0.000000    0.000000    -0.173232    0.000000    0.000000    -0.353220    0.000000    0.000000  
9.050905    0.087601    0.000000    0.000000    -0.176724    0.000000    0.000000    -0.346181    0.000000    0.000000  
9.060906    0.085817    0.000000    0.000000    -0.180145    0.000000    0.000000    -0.338978    0.000000    0.000000  
9.070907    0.083999    0.000000    0.000000    -0.183495    0.000000    0.000000    -0.331628    0.000000    0.000000  
9.080908    0.082147    0.000000    0.000000    -0.186772    0.000000    0.000000    -0.324150    0.000000    0.000000  
9.090909    0.080264    0.000000    0.000000    -0.189974    0.000000    0.000000    -0.316561    0.000000    0.000000  
9.100910    0.078348    0.000000    0.000000    -0.193101    0.000000    0.000000    -0.308878    0.000000    0.000000  
9.110911    0.076401    0.000000    0.000000    -0.196152    0.000000    0.000000    -0.301116    0.000000    0.000000  
9.120912    0.074424    0.000000    0.000000    -0.199125    0.000000    0.000000    -0.293274    0.000000    0.000000  
9.130913    0.072418    0.000000    0.000000    -0.202020    0.000000    0.000000    -0.285351    0.000000    0.000000  
9.140914    0.070383    0.000000    0.000000    -0.204835    0.000000    0.000000    -0.277344    0.000000    0.000000  
9.150915    0.068321    0.000000    0.000000    -0.207570    0.000000    0.000000    -0.269253    0.000000    0.000000  
9.160916    0.066231    0.000000    0.000000    -0.210223    0.000000    0.000000    -0.261074    0.000000    0.000000  
9.170917    0.064116    0.000000    0.000000    -0.212794    0.000000    0.000000    -0.252806    0.000000    0.000000  
9.180918    0.061975    0.000000    0.000000    -0.215281    0.000000    0.000000    -0.244448    0.000000    0.000000  
9.190919    0.059810    0.000000    0.000000    -0.217684    0.000000    0.000000    -0.235997    0.000000    0.000000  
9.200920    0.057621    0.000000    0.000000    -0.220002    0.000000    0.000000    -0.227452    0.000000    0.000000  
9.210921    0.055409    0.000000    0.000000    -0.222234    0.000000    0.000000    -0.218810    0.000000    0.000000  
9.220922    0.053176    0.000000    0.000000    -0.224378    0.000000    0.000000    -0.210076    0.000000    0.000000  
9.230923    0.050922    0.000000    0.000000    -0.226434    0.000000    0.000000    -0.201249    0.000000    0.000000  
9.240924    0.048648    0.000000    0.000000    -0.228402    0.000000    0.000000    -0.192334    0.000000    0.000000  
9.250925    0.046354    0.000000    0.000000    -0.230280    0.000000    0.000000    -0.183333    0.000000    0.000000  
9.260926    0.044042    0.000000    0.000000    -0.232068    0.000000    0.000000    -0.174247    0.000000    0.000000  
9.270927    0.041713    0.000000    0.000000    -0.233764    0.000000    0.000000    -0.165079    0.000000    0.000000  
9.280928    0.039367    0.000000    0.000000    -0.235369    0.000000    0.000000    -0.155833    0.000000    0.000000  
9.290929    0.037006    0.000000    0.000000    -0.236881    0.000000    0.000000    -0.146509    0.000000    0.000000  
9.300930    0.034630    0.000000    0.000000    -0.238299    0.000000    0.000000    -0.137111    0.000000    0.000000  
9.310931    0.032240    0.000000    0.000000    -0.239623    0.000000    0.000000    -0.127641    0.000000    0.000000  
9.320932    0.029837    0.000000    0.000000    -0.240852    0.000000    0.000000    -0.118106    0.000000    0.000000  
9.330933    0.027422    0.000000    0.000000    -0.241986    0.000000    0.000000    -0.108511    0.000000    0.000000  
9.340934    0.024997    0.000000    0.000000    -0.243024    0.000000    0.000000    -0.098861    0.000000    0.000000  
9.350935    0.022561    0.000000    0.000000    -0.243965    0.000000    0.000000    -0.089164    0.000000    0.000000  
9.360936    0.020116    0.000000    0.000000    -0.244809    0.000000    0.000000    -0.079424    0.000000    0.000000  
9.370937    0.017664    0.000000    0.000000    -0.245556    0.000000    0.000000    -0.069648    0.000000    0.000000  
9.380938    0.015205    0.000000    0.000000    -0.246205    0.000000    0.000000    -0.059841    0.000000    0.000000  
9.390939    0.012740    0.000000    0.000000    -0.246755    0.000000    0.000000    -0.050010    0.000000    0.000000  
9.400940    0.010269    0.000000    0.000000    -0.247207    0.000000    0.000000    -0.040161    0.000000    0.000000  
9.410941    0.007795    0.000000    0.000000    -0.247559    0.000000    0.000000    -0.030299    0.000000    0.000000  
9.420942    0.005318    0.000000    0.000000    -0.247811    0.000000    0.000000    -0.020431    0.000000    0.000000  
9.430943    0.002839    0.000000    0.000000    -0.247965    0.000000    0.000000    -0.010564    0.000000    0.000000  
9.440944    0.000359    0.000000    0.000000    -0.248020    0.000000    0.000000    -0.000705    0.000000    0.000000  
9.450945    -0.002121    0.000000    0.000000    -0.247977    0.000000    0.000000    0.009139    0.000000    0.000000  
9.460946    -0.004600    0.000000    0.000000    -0.247835    0.000000    0.000000    0.018962    0.000000    0.000000  
9.470947    -0.007078    0.000000    0.000000    -0.247596    0.000000    0.000000    0.028756    0.000000    0.000000  
9.480948    -0.009552    0.000000    0.000000    -0.247260    0.000000    0.000000    0.038516    0.000000    0.000000  
9.490949    -0.012023    0.000000    0.000000    -0.246826    0.000000    0.000000    0.048233    0.000000    0.000000  
9.500950    -0.014489    0.000000    0.000000    -0.246295    0.000000    0.000000    0.057901    0.000000    0.000000  
9.510951    -0.016949    0.000000    0.000000    -0.245668    0.000000    0.000000    0.067516    0.000000    0.000000  
9.520952    -0.019403    0.000000    0.000000    -0.244944    0.000000    0.000000    0.077080    0.000000    0.000000  
9.530953    -0.021848    0.000000    0.000000    -0.244125    0.000000    0.000000    0.086596    0.000000    0.000000  
9.540954    -0.024286    0.000000    0.000000    -0.243211    0.000000    0.000000    0.096069    0.000000    0.000000  
9.550955    -0.026713    0.000000    0.000000    -0.242202    0.000000    0.000000    0.105501    0.000000    0.000000  
9.560956    -0.029130    0.000000    0.000000    -0.241098    0.000000    0.000000    0.114896    0.000000    0.000000  
9.570957    -0.031536    0.000000    0.000000    -0.239901    0.000000    0.000000    0.124258    0.000000    0.000000  
9.580958    -0.033929    0.000000    0.000000    -0.238611    0.000000    0.000000    0.133590    0.000000    0.000000  
9.590959    -0.036308    0.000000    0.000000    -0.237227    0.000000    0.000000    0.142897    0.000000    0.000000  
9.600960    -0.038673    0.000000    0.000000    -0.235751    0.000000    0.000000    0.152181    0.000000    0.000000  
9.610961    -0.041023    0.000000    0.000000    -0.234184    0.000000    0.000000    0.161444    0.000000    0.000000  
9.620962    -0.043357    0.000000    0.000000    -0.232524    0.000000    0.000000    0.170678    0.000000    0.000000  
9.630963    -0.045674    0.000000    0.000000    -0.230773    0.000000    0.000000    0.179877    0.000000    0.000000  
9.640964    -0.047972    0.000000    0.000000    -0.228931    0.000000    0.000000    0.189033    0.000000    0.000000  
9.650965    -0.050252    0.000000    0.000000    -0.226999    0.000000    0.000000    0.198136    0.000000    0.000000  
9.660966    -0.052512    0.000000    0.000000    -0.224976    0.000000    0.000000    0.207180    0.000000    0.000000  
9.670967    -0.054751    0.000000    0.000000    -0.222862    0.000000    0.000000    0.216157    0.000000    0.000000  
9.680968    -0.056969    0.000000    0.000000    -0.220659    0.000000    0.000000    0.225058    0.000000    0.000000  
9.690969    -0.059165    0.000000    0.000000    -0.218366    0.000000    0.000000    0.233875    0.000000    0.000000  
9.700970    -0.061337    0.000000    0.000000    -0.215985    0.000000    0.000000    0.242601    0.000000    0.000000  
9.710971    -0.063484    0.000000    0.000000    -0.213514    0.000000    0.000000    0.251228    0.000000    0.000000  
9.720972    -0.065607    0.000000    0.000000    -0.210956    0.000000    0.000000    0.259746    0.000000    0.000000  
9.730973    -0.067704    0.000000    0.000000    -0.208313    0.000000    0.000000    0.268148    0.000000    0.000000  
9.740974    -0.069774    0.000000    0.000000    -0.205586    0.000000    0.000000    0.276423    0.000000    0.000000  
9.750975    -0.071817    0.000000    0.000000    -0.202777    0.000000    0.000000    0.284564    0.000000    0.000000  
9.760976    -0.073831    0.000000    0.000000    -0.199888    0.000000    0.000000    0.292562    0.000000    0.000000  
9.770977    -0.075816    0.000000    0.000000    -0.196921    0.000000    0.000000    0.300407    0.000000    0.000000  
9.780978    -0.077770    0.000000    0.000000    -0.193876    0.000000    0.000000    0.308091    0.000000    0.000000  
9.790979    -0.079694    0.000000    0.000000    -0.190756    0.000000    0.000000    0.315605    0.000000    0.000000  
9.800980    -0.081586    0.000000    0.000000    -0.187562    0.000000    0.000000    0.322941    0.000000    0.000000  
9.810981    -0.083446    0.000000    0.000000    -0.184297    0.000000    0.000000    0.330094    0.000000    0.000000  
9.820982    -0.085272    0.000000    0.000000    -0.180961    0.000000    0.000000    0.337079    0.000000    0.000000  
9.830983    -0.087064    0.000000    0.000000    -0.177555    0.000000    0.000000    0.343911    0.000000    0.000000  
9.840984    -0.088822    0.000000    0.000000    -0.174081    0.000000    0.000000    0.350607    0.000000    0.000000  
9.850985    -0.090544    0.000000    0.000000    -0.170540    0.000000    0.000000    0.357183    0.000000    0.000000  
9.860986    -0.092231    0.000000    0.000000    -0.166934    0.000000    0.000000    0.363656    0.000000    0.000000  
9.870987    -0.093882    0.000000    0.000000    -0.163262    0.000000    0.000000    0.370042    0.000000    0.000000  
9.880988    -0.095496    0.000000    0.000000    -0.159527    0.000000    0.000000    0.376357    0.000000    0.000000  
9.890989    -0.097072    0.000000    0.000000    -0.155730    0.000000    0.000000    0.382618    0.000000    0.000000  
9.900990    -0.098610    0.000000    0.000000    -0.151871    0.000000    0.000000    0.388840    0.000000    0.000000  
9.910991    -0.100110    0.000000    0.000000    -0.147953    0.000000    0.000000    0.395029    0.000000    0.000000  
9.920992    -0.101570    0.000000    0.000000    -0.143976    0.000000    0.000000    0.401154    0.000000    0.000000  
9.930993    -0.102990    0.000000    0.000000    -0.139941    0.000000    0.000000    0.407179    0.000000    0.000000  
9.940994    -0.104370    0.000000    0.000000    -0.135849    0.000000    0.000000    0.413066    0.000000    0.000000  
9.950995    -0.105708    0.000000    0.000000    -0.131701    0.000000    0.000000    0.418779    0.000000    0.000000  
9.960996    -0.107005    0.000000    0.000000    -0.127499    0.000000    0.000000    0.424281    0.000000    0.000000  
9.970997    -0.108259    0.000000    0.000000    -0.123243    0.000000    0.000000    0.429536    0.000000    0.000000  
9.980998    -0.109471    0.000000    0.000000    -0.118934    0.000000    0.000000    0.434506    0.000000    0.000000  
9.990999    -0.110639    0.000000    0.000000    -0.114574    0.000000    0.000000    0.439155    0.000000    0.000000  
10.001000    -0.111763    0.000000    0.000000    -0.110163    0.000000    0.000000    0.443445    0.000000    0.000000  
10.011001    -0.112842    0.000000    0.000000    -0.105703    0.000000    0.000000    0.447357    0.000000    0.000000  
10.021002    -0.113877    0.000000    0.000000    -0.101199    0.000000    0.000000    0.450915    0.000000    0.000000  
10.031003    -0.114866    0.000000    0.000000    -0.096655    0.000000    0.000000    0.454154    0.000000    0.000000  
10.041004    -0.115809    0.000000    0.000000    -0.092074    0.000000    0.000000    0.457107    0.000000    0.000000  
10.051005    -0.116707    0.000000    0.000000    -0.087462    0.000000    0.000000    0.459809    0.000000    0.000000  
10.061006    -0.117559    0.000000    0.000000    -0.082823    0.000000    0.000000    0.462293    0.000000    0.000000  
10.071007    -0.118364    0.000000    0.000000    -0.078161    0.000000    0.000000    0.464595    0.000000    0.000000  
10.081008    -0.119123    0.000000    0.000000    -0.073481    0.000000    0.000000    0.466747    0.000000    0.000000  
10.091009    -0.119835    0.000000    0.000000    -0.068787    0.000000    0.000000    0.468785    0.000000    0.000000  
10.101010    -0.120500    0.000000    0.000000    -0.064084    0.000000    0.000000    0.470741    0.000000    0.000000  
10.111011    -0.121117    0.000000    0.000000    -0.059374    0.000000    0.000000    0.472646    0.000000    0.000000  
10.121012    -0.121686    0.000000    0.000000    -0.054656    0.000000    0.000000    0.474511    0.000000    0.000000  
10.131013    -0.122208    0.000000    0.000000    -0.049927    0.000000    0.000000    0.476346    0.000000    0.000000  
10.141014    -0.122682    0.000000    0.000000    -0.045185    0.000000    0.000000    0.478161    0.000000    0.000000  
10.151015    -0.123109    0.000000    0.000000    -0.040426    0.000000    0.000000    0.479966    0.000000    0.000000  
10.161016    -0.123488    0.000000    0.000000    -0.035649    0.000000    0.000000    0.481771    0.000000    0.000000  
10.171017    -0.123819    0.000000    0.000000    -0.030850    0.000000    0.000000    0.483584    0.000000    0.000000  
10.181018    -0.124102    0.000000    0.000000    -0.026028    0.000000    0.000000    0.485416    0.000000    0.000000  
10.191019    -0.124337    0.000000    0.000000    -0.021179    0.000000    0.000000    0.487277    0.000000    0.000000  
10.201020    -0.124524    0.000000    0.000000    -0.016301    0.000000    0.000000    0.489176    0.000000    0.000000  
10.211021    -0.124663    0.000000    0.000000    -0.011392    0.000000    0.000000    0.491106    0.000000    0.000000  
10.221022    -0.124754    0.000000    0.000000    -0.006457    0.000000    0.000000    0.493009    0.000000    0.000000  
10.231023    -0.124796    0.000000    0.000000    -0.001500    0.000000    0.000000    0.494817    0.000000    0.000000  
10.241024    -0.124788    0.000000    0.000000    0.003476    0.000000    0.000000    0.496465    0.000000    0.000000  
10.251025    -0.124731    0.000000    0.000000    0.008466    0.000000    0.000000    0.497884    0.000000    0.000000  
10.261026    -0.124625    0.000000    0.000000    0.013466    0.000000    0.000000    0.499007    0.000000    0.000000  
10.271027    -0.124468    0.000000    0.000000    0.018472    0.000000    0.000000    0.499769    0.000000    0.000000  
10.281028    -0.124261    0.000000    0.000000    0.023479    0.000000    0.000000    0.500100    0.000000    0.000000  
10.291029    -0.124003    0.000000    0.000000    0.028484    0.000000    0.000000    0.499935    0.000000    0.000000  
10.301030    -0.123693    0.000000    0.000000    0.033481    0.000000    0.000000    0.499205    0.000000    0.000000  
10.311031    -0.123333    0.000000    0.000000    0.038467    0.000000    0.000000    0.497873    0.000000    0.000000  
10.321032    -0.122921    0.000000    0.000000    0.043438    0.000000    0.000000    0.495980    0.000000    0.000000  
10.331033    -0.122459    0.000000    0.000000    0.048389    0.000000    0.000000    0.493584    0.000000    0.000000  
10.341034    -0.121948    0.000000    0.000000    0.053317    0.000000    0.000000    0.490742    0.000000    0.000000  
10.351035    -0.121387    0.000000    0.000000    0.058218    0.000000    0.000000    0.487512    0.000000    0.000000  
10.361036    -0.120777    0.000000    0.000000    0.063086    0.000000    0.000000    0.483952    0.000000    0.000000  
10.371037    -0.120120    0.000000    0.000000    0.067919    0.000000    0.000000    0.480119    0.000000    0.000000  
10.381038    -0.119415    0.000000    0.000000    0.072712    0.000000    0.000000    0.476070    0.000000    0.000000  
10.391039    -0.118663    0.000000    0.000000    0.077460    0.000000    0.000000    0.471864    0.000000    0.000000  
10.401040    -0.117864    0.000000    0.000000    0.082161    0.000000    0.000000    0.467557    0.000000    0.000000  
10.411041    -0.117020    0.000000    0.000000    0.086810    0.000000    0.000000    0.463194    0.000000    0.000000  
10.421042    -0.116129    0.000000    0.000000    0.091409    0.000000    0.000000    0.458781    0.000000    0.000000  
10.431043    -0.115194    0.000000    0.000000    0.095959    0.000000    0.000000    0.454314    0.000000    0.000000  
10.441044    -0.114214    0.000000    0.000000    0.100460    0.000000    0.000000    0.449794    0.000000    0.000000  
10.451045    -0.113189    0.000000    0.000000    0.104914    0.000000    0.000000    0.445217    0.000000    0.000000  
10.461046    -0.112119    0.000000    0.000000    0.109323    0.000000    0.000000    0.440583    0.000000    0.000000  
10.471047    -0.111006    0.000000    0.000000    0.113686    0.000000    0.000000    0.435888    0.000000    0.000000  
10.481048    -0.109848    0.000000    0.000000    0.118006    0.000000    0.000000    0.431133    0.000000    0.000000  
10.491049    -0.108648    0.000000    0.000000    0.122283    0.000000    0.000000    0.426314    0.000000    0.000000  
10.501050    -0.107404    0.000000    0.000000    0.126519    0.000000    0.000000    0.421429    0.000000    0.000000  
10.511051    -0.106117    0.000000    0.000000    0.130714    0.000000    0.000000    0.416475    0.000000    0.000000  
10.521052    -0.104788    0.000000    0.000000    0.134865    0.000000    0.000000    0.411436    0.000000    0.000000  
10.531053    -0.103418    0.000000    0.000000    0.138970    0.000000    0.000000    0.406296    0.000000    0.000000  
10.541054    -0.102006    0.000000    0.000000    0.143025    0.000000    0.000000    0.401039    0.000000    0.000000  
10.551055    -0.100555    0.000000    0.000000    0.147027    0.000000    0.000000    0.395648    0.000000    0.000000  
10.561056    -0.099064    0.000000    0.000000    0.150975    0.000000    0.000000    0.390107    0.000000    0.000000  
10.571057    -0.097533    0.000000    0.000000    0.154863    0.000000    0.000000    0.384401    0.000000    0.000000  
10.581058    -0.095965    0.000000    0.000000    0.158691    0.000000    0.000000    0.378511    0.000000    0.000000  
10.591059    -0.094359    0.000000    0.000000    0.162453    0.000000    0.000000    0.372423    0.000000    0.000000  
10.601060    -0.092715    0.000000    0.000000    0.166149    0.000000    0.000000    0.366120    0.000000    0.000000  
10.611061    -0.091036    0.000000    0.000000    0.169775    0.000000    0.000000    0.359592    0.000000    0.000000  
10.621062    -0.089320    0.000000    0.000000    0.173330    0.000000    0.000000    0.352853    0.000000    0.000000  
10.631063    -0.087570    0.000000    0.000000    0.176814    0.000000    0.000000    0.345917    0.000000    0.000000  
10.641064    -0.085785    0.000000    0.000000    0.180226    0.000000    0.000000    0.338802    0.000000    0.000000  
10.651065    -0.083966    0.000000    0.000000    0.183567    0.000000    0.000000    0.331523    0.000000    0.000000  
10.661066    -0.082114    0.000000    0.000000    0.186834    0.000000    0.000000    0.324095    0.000000    0.000000  
10.671067    -0.080230    0.000000    0.000000    0.190028    0.000000    0.000000    0.316536    0.000000    0.000000  
10.681068    -0.078315    0.000000    0.000000    0.193148    0.000000    0.000000    0.308861    0.000000    0.000000  
10.691069    -0.076368    0.000000    0.000000    0.196194    0.000000    0.000000    0.301086    0.000000    0.000000  
10.701070    -0.074391    0.000000    0.000000    0.199164    0.000000    0.000000    0.293227    0.000000    0.000000  
10.711071    -0.072385    0.000000    0.000000    0.202059    0.000000    0.000000    0.285296    0.000000    0.000000  
10.721072    -0.070349    0.000000    0.000000    0.204877    0.000000    0.000000    0.277289    0.000000    0.000000  
10.731073    -0.068286    0.000000    0.000000    0.207616    0.000000    0.000000    0.269203    0.000000    0.000000  
10.741074    -0.066196    0.000000    0.000000    0.210274    0.000000    0.000000    0.261031    0.000000    0.000000  
10.751075    -0.064080    0.000000    0.000000    0.212851    0.000000    0.000000    0.252770    0.000000    0.000000  
10.761076    -0.061938    0.000000    0.000000    0.215345    0.000000    0.000000    0.244415    0.000000    0.000000  
10.771077    -0.059772    0.000000    0.000000    0.217753    0.000000    0.000000    0.235960    0.000000    0.000000  
10.781078    -0.057582    0.000000    0.000000    0.220075    0.000000    0.000000    0.227402    0.000000    0.000000  
10.791079    -0.055370    0.000000    0.000000    0.222309    0.000000    0.000000    0.218734    0.000000    0.000000  
10.801080    -0.053136    0.000000    0.000000    0.224454    0.000000    0.000000    0.209952    0.000000    0.000000  
10.811081    -0.050881    0.000000    0.000000    0.226508    0.000000    0.000000    0.201054    0.000000    0.000000  
10.821082    -0.048606    0.000000    0.000000    0.228471    0.000000    0.000000    0.192048    0.000000    0.000000  
10.831083    -0.046311    0.000000    0.000000    0.230342    0.000000    0.000000    0.182944    0.000000    0.000000  
10.841084    -0.043999    0.000000    0.000000    0.232121    0.000000    0.000000    0.173750    0.000000    0.000000  
10.851085    -0.041669    0.000000    0.000000    0.233808    0.000000    0.000000    0.164475    0.000000    0.000000  
10.861086    -0.039323    0.000000    0.000000    0.235402    0.000000    0.000000    0.155129    0.000000    0.000000  
10.871087    -0.036961    0.000000    0.000000    0.236903    0.000000    0.000000    0.145721    0.000000    0.000000  
10.881088    -0.034585    0.000000    0.000000    0.238310    0.000000    0.000000    0.136260    0.000000    0.000000  
10.891089    -0.032195    0.000000    0.000000    0.239624    0.000000    0.000000    0.126755    0.000000    0.000000  
10.901090    -0.029792    0.000000    0.000000    0.240843    0.000000    0.000000    0.117216    0.000000    0.000000  
10.911091    -0.027378    0.000000    0.000000    0.241968    0.000000    0.000000    0.107650    0.000000    0.000000  
10.921092    -0.024953    0.000000    0.000000    0.242999    0.000000    0.000000    0.098059    0.000000    0.000000  
10.931093    -0.022518    0.000000    0.000000    0.243933    0.000000    0.000000    0.088446    0.000000    0.000000  
10.941094    -0.020074    0.000000    0.000000    0.244772    0.000000    0.000000    0.078811    0.000000    0.000000  
10.951095    -0.017622    0.000000    0.000000    0.245515    0.000000    0.000000    0.069158    0.000000    0.000000  
10.961096    -0.015163    0.000000    0.000000    0.246162    0.000000    0.000000    0.059487    0.000000    0.000000  
10.971097    -0.012698    0.000000    0.000000    0.246711    0.000000    0.000000    0.049800    0.000000    0.000000  
10.981098    -0.010228    0.000000    0.000000    0.247163    0.000000    0.000000    0.040099    0.000000    0.000000  
10.991099    -0.007755    0.000000    0.000000    0.247517    0.000000    0.000000    0.030385    0.000000    0.000000  
11.001100    -0.005278    0.000000    0.000000    0.247772    0.000000    0.000000    0.020661    0.000000    0.000000  
11.011101    -0.002799    0.000000    0.000000    0.247930    0.000000    0.000000    0.010928    0.000000    0.000000  
11.021102    -0.000319    0.000000    0.000000    0.247988    0.000000    0.000000    0.001188    0.000000    0.000000  
11.031103    0.002161    0.000000    0.000000    0.247949    0.000000    0.000000    -0.008556    0.000000    0.000000  
11.041104    0.004640    0.000000    0.000000    0.247812    0.000000    0.000000    -0.018302    0.000000    0.000000  
11.051105    0.007117    0.000000    0.000000    0.247578    0.000000    0.000000    -0.028047    0.000000    0.000000  
11.061106    0.009592    0.000000    0.000000    0.247246    0.000000    0.000000    -0.037789    0.000000    0.000000  
11.071107    0.012062    0.000000    0.000000    0.246817    0.000000    0.000000    -0.047526    0.000000    0.000000  
11.081108    0.014528    0.000000    0.000000    0.246291    0.000000    0.000000    -0.057255    0.000000    0.000000  
11.091109    0.016988    0.000000    0.000000    0.245668    0.000000    0.000000    -0.066974    0.000000    0.000000  
11.101110    0.019442    0.000000    0.000000    0.244950    0.000000    0.000000    -0.076681    0.000000    0.000000  
11.111111    0.021888    0.000000    0.000000    0.244135    0.000000    0.000000    -0.086372    0.000000    0.000000  
11.121112    0.024325    0.000000    0.000000    0.243224    0.000000    0.000000    -0.096040    0.000000    0.000000  
11.131113    0.026752    0.000000    0.000000    0.242218    0.000000    0.000000    -0.105678    0.000000    0.000000  
11.141114    0.029169    0.000000    0.000000    0.241116    0.000000    0.000000    -0.115280    0.000000    0.000000  
11.151115    0.031575    0.000000    0.000000    0.239919    0.000000    0.000000    -0.124838    0.000000    0.000000  
11.161116    0.033968    0.000000    0.000000    0.238627    0.000000    0.000000    -0.134344    0.000000    0.000000  
11.171117    0.036347    0.000000    0.000000    0.237240    0.000000    0.000000    -0.143793    0.000000    0.000000  
11.181118    0.038713    0.000000    0.000000    0.235758    0.000000    0.000000    -0.153177    0.000000    0.000000  
11.191119    0.041063    0.000000    0.000000    0.234182    0.000000    0.000000    -0.162488    0.000000    0.000000  
11.201120    0.043396    0.000000    0.000000    0.232511    0.000000    0.000000    -0.171719    0.000000    0.000000  
11.211121    0.045713    0.000000    0.000000    0.230747    0.000000    0.000000    -0.180865    0.000000    0.000000  
11.221122    0.048012    0.000000    0.000000    0.228890    0.000000    0.000000    -0.189925    0.000000    0.000000  
11.231123    0.050291    0.000000    0.000000    0.226942    0.000000    0.000000    -0.198898    0.000000    0.000000  
11.241124    0.052551    0.000000    0.000000    0.224903    0.000000    0.000000    -0.207782    0.000000    0.000000  
11.251125    0.054790    0.000000    0.000000    0.222776    0.000000    0.000000    -0.216577    0.000000    0.000000  
11.261126    0.057007    0.000000    0.000000    0.220561    0.000000    0.000000    -0.225283    0.000000    0.000000  
11.271127    0.059202    0.000000    0.000000    0.218260    0.000000    0.000000    -0.233899    0.000000    0.000000  
11.281128    0.061373    0.000000    0.000000    0.215875    0.000000    0.000000    -0.242423    0.000000    0.000000  
11.291129    0.063520    0.000000    0.000000    0.213406    0.000000    0.000000    -0.250856    0.000000    0.000000  
11.301130    0.065642    0.000000    0.000000    0.210854    0.000000    0.000000    -0.259197    0.000000    0.000000  
11.311131    0.067737    0.000000    0.000000    0.208222    0.000000    0.000000    -0.267444    0.000000    0.000000  
11.321132    0.069806    0.000000    0.000000    0.205509    0.000000    0.000000    -0.275594    0.000000    0.000000  
11.331133    0.071847    0.000000    0.000000    0.202717    0.000000    0.000000    -0.283643    0.000000    0.000000  
11.341134    0.073859    0.000000    0.000000    0.199846    0.000000    0.000000    -0.291587    0.000000    0.000000  
11.351135    0.075843    0.000000    0.000000    0.196896    0.000000    0.000000    -0.299424    0.000000    0.000000  
11.361136    0.077797    0.000000    0.000000    0.193868    0.000000    0.000000    -0.307150    0.000000    0.000000  
11.371137    0.079720    0.000000    0.000000    0.190764    0.000000    0.000000    -0.314760    0.000000    0.000000  
11.381138    0.081612    0.000000    0.000000    0.187583    0.000000    0.000000    -0.322252    0.000000    0.000000  
11.391139    0.083471    0.000000    0.000000    0.184326    0.000000    0.000000    -0.329621    0.000000    0.000000  
11.401140    0.085298    0.000000    0.000000    0.180994    0.000000    0.000000    -0.336864    0.000000    0.000000  
11.411141    0.087091    0.000000    0.000000    0.177588    0.000000    0.000000    -0.343979    0.000000    0.000000  
11.421142    0.088850    0.000000    0.000000    0.174109    0.000000    0.000000    -0.350963    0.000000    0.000000  
11.431143    0.090574    0.000000    0.000000    0.170560    0.000000    0.000000    -0.357816    0.000000    0.000000  
11.441144    0.092262    0.000000    0.000000    0.166942    0.000000    0.000000    -0.364536    0.000000    0.000000  
11.451145    0.093914    0.000000    0.000000    0.163257    0.000000    0.000000    -0.371123    0.000000    0.000000  
11.461146    0.095529    0.000000    0.000000    0.159507    0.000000    0.000000    -0.377575    0.000000    0.000000  
11.471147    0.097106    0.000000    0.000000    0.155693    0.000000    0.000000    -0.383891    0.000000    0.000000  
11.481148    0.098644    0.000000    0.000000    0.151818    0.000000    0.000000    -0.390071    0.000000    0.000000  
11.491149    0.100143    0.000000    0.000000    0.147884    0.000000    0.000000    -0.396113    0.000000    0.000000  
11.501150    0.101603    0.000000    0.000000    0.143892    0.000000    0.000000    -0.402015    0.000000    0.000000  
11.511151    0.103021    0.000000    0.000000    0.139844    0.000000    0.000000    -0.407775    0.000000    0.000000  
11.521152    0.104399    0.000000    0.000000    0.135742    0.000000    0.000000    -0.413376    0.000000    0.000000  
11.531153    0.105735    0.000000    0.000000    0.131586    0.000000    0.000000    -0.418803    0.000000    0.000000  
11.541154    0.107029    0.000000    0.000000    0.127379    0.000000    0.000000    -0.424040    0.000000    0.000000  
11.551155    0.108281    0.000000    0.000000    0.123122    0.000000    0.000000    -0.429070    0.000000    0.000000  
11.561156    0.109490    0.000000    0.000000    0.118817    0.000000    0.000000    -0.433878    0.000000    0.000000  
11.571157    0.110656    0.000000    0.000000    0.114464    0.000000    0.000000    -0.438446    0.000000    0.000000  
11.581158    0.111779    0.000000    0.000000    0.110065    0.000000    0.000000    -0.442759    0.000000    0.000000  
11.591159    0.112857    0.000000    0.000000    0.105622    0.000000    0.000000    -0.446800    0.000000    0.000000  
11.601160    0.113891    0.000000    0.000000    0.101137    0.000000    0.000000    -0.450553    0.000000    0.000000  
11.611161    0.114880    0.000000    0.000000    0.096610    0.000000    0.000000    -0.454013    0.000000    0.000000  
11.621162    0.115824    0.000000    0.000000    0.092045    0.000000    0.000000    -0.457199    0.000000    0.000000  
11.631163    0.116722    0.000000    0.000000    0.087446    0.000000    0.000000    -0.460138    0.000000    0.000000  
11.641164    0.117574    0.000000    0.000000    0.082815    0.000000    0.000000    -0.462856    0.000000    0.000000  
11.651165    0.118380    0.000000    0.000000    0.078155    0.000000    0.000000    -0.465379    0.000000    0.000000  
11.661166    0.119139    0.000000    0.000000    0.073471    0.000000    0.000000    -0.467734    0.000000    0.000000  
11.671167    0.119852    0.000000    0.000000    0.068764    0.000000    0.000000    -0.469945    0.000000    0.000000  
11.681168    0.120517    0.000000    0.000000    0.064038    0.000000    0.000000    -0.472039    0.000000    0.000000  
11.691169    0.121134    0.000000    0.000000    0.059297    0.000000    0.000000    -0.474043    0.000000    0.000000  
11.701170    0.121704    0.000000    0.000000    0.054543    0.000000    0.000000    -0.475982    0.000000    0.000000  
11.711171    0.122225    0.000000    0.000000    0.049778    0.000000    0.000000    -0.477876    0.000000    0.000000  
11.721172    0.122698    0.000000    0.000000    0.045003    0.000000    0.000000    -0.479724    0.000000    0.000000  
11.731173    0.123123    0.000000    0.000000    0.040214    0.000000    0.000000    -0.481526    0.000000    0.000000  
11.741174    0.123499    0.000000    0.000000    0.035412    0.000000    0.000000    -0.483278    0.000000    0.000000  
11.751175    0.123827    0.000000    0.000000    0.030594    0.000000    0.000000    -0.484977    0.000000    0.000000  
11.761176    0.124107    0.000000    0.000000    0.025760    0.000000    0.000000    -0.486621    0.000000    0.000000  
11.771177    0.124338    0.000000    0.000000    0.020907    0.000000    0.000000    -0.488207    0.000000    0.000000  
11.781178    0.124522    0.000000    0.000000    0.016034    0.000000    0.000000    -0.489733    0.000000    0.000000  
11.791179    0.124656    0.000000    0.000000    0.011141    0.000000    0.000000    -0.491197    0.000000    0.000000  
11.801180    0.124743    0.000000    0.000000    0.006225    0.000000    0.000000    -0.492594    0.000000    0.000000  
11.811181    0.124781    0.000000    0.000000    0.001286    0.000000    0.000000    -0.493913    0.000000    0.000000  
11.821182    0.124771    0.000000    0.000000    -0.003671    0.000000    0.000000    -0.495110    0.000000    0.000000  
11.831183    0.124711    0.000000    0.000000    -0.008643    0.000000    0.000000    -0.496137    0.000000    0.000000  
11.841184    0.124603    0.000000    0.000000    -0.013625    0.000000    0.000000    -0.496944    0.000000    0.000000  
11.851185    0.124445    0.000000    0.000000    -0.018613    0.000000    0.000000    -0.497485    0.000000    0.000000  
11.861186    0.124237    0.000000    0.000000    -0.023603    0.000000    0.000000    -0.497710    0.000000    0.000000  
11.871187    0.123979    0.000000    0.000000    -0.028591    0.000000    0.000000    -0.497570    0.000000    0.000000  
11.881188    0.123671    0.000000    0.000000    -0.033571    0.000000    0.000000    -0.497019    0.000000    0.000000  
11.891189    0.123312    0.000000    0.000000    -0.038541    0.000000    0.000000    -0.496006    0.000000    0.000000  
11.901190    0.122902    0.000000    0.000000    -0.043495    0.000000    0.000000    -0.494484    0.000000    0.000000  
11.911191    0.122442    0.000000    0.000000    -0.048430    0.000000    0.000000    -0.492428    0.000000    0.000000  
11.921192    0.121931    0.000000    0.000000    -0.053342    0.000000    0.000000    -0.489882    0.000000    0.000000  
11.931193    0.121370    0.000000    0.000000    -0.058228    0.000000    0.000000    -0.486902    0.000000    0.000000  
11.941194    0.120760    0.000000    0.000000    -0.063084    0.000000    0.000000    -0.483542    0.000000    0.000000  
11.951195    0.120101    0.000000    0.000000    -0.067908    0.000000    0.000000    -0.479860    0.000000    0.000000  
11.961196    0.119395    0.000000    0.000000    -0.072696    0.000000    0.000000    -0.475909    0.000000    0.000000  
11.971197    0.118641    0.000000    0.000000    -0.077444    0.000000    0.000000    -0.471746    0.000000    0.000000  
11.981198    0.117841    0.000000    0.000000    -0.082150    0.000000    0.000000    -0.467425    0.000000    0.000000  
11.991199    0.116995    0.000000    0.000000    -0.086810    0.000000    0.000000    -0.463003    0.000000    0.000000  
12.001200    0.116103    0.000000    0.000000    -0.091421    0.000000    0.000000    -0.458535    0.000000    0.000000  
12.011201    0.115166    0.000000    0.000000    -0.095980    0.000000    0.000000    -0.454061    0.000000    0.000000  
12.021202    0.114185    0.000000    0.000000    -0.100488    0.000000    0.000000    -0.449575    0.000000    0.000000  
12.031203    0.113160    0.000000    0.000000    -0.104946    0.000000    0.000000    -0.445066    0.000000    0.000000  
12.041204    0.112091    0.000000    0.000000    -0.109356    0.000000    0.000000    -0.440521    0.000000    0.000000  
12.051205    0.110978    0.000000    0.000000    -0.113718    0.000000    0.000000    -0.435927    0.000000    0.000000  
12.061206    0.109821    0.000000    0.000000    -0.118033    0.000000    0.000000    -0.431273    0.000000    0.000000  
12.071207    0.108622    0.000000    0.000000    -0.122303    0.000000    0.000000    -0.426545    0.000000    0.000000  
12.081208    0.107379    0.000000    0.000000    -0.126529    0.000000    0.000000    -0.421731    0.000000    0.000000  
12.091209    0.106094    0.000000    0.000000    -0.130711    0.000000    0.000000    -0.416819    0.000000    0.000000  
12.101210    0.104766    0.000000    0.000000    -0.134852    0.000000    0.000000    -0.411797    0.000000    0.000000  
12.111211    0.103396    0.000000    0.000000    -0.138950    0.000000    0.000000    -0.406652    0.000000    0.000000  
12.121212    0.101985    0.000000    0.000000    -0.143003    0.000000    0.000000    -0.401373    0.000000    0.000000  
12.131213    0.100534    0.000000    0.000000    -0.147007    0.000000    0.000000    -0.395951    0.000000    0.000000  
12.141214    0.099042    0.000000    0.000000    -0.150960    0.000000    0.000000    -0.390374    0.000000    0.000000  
12.151215    0.097511    0.000000    0.000000    -0.154857    0.000000    0.000000    -0.384631    0.000000    0.000000  
12.161216    0.095942    0.000000    0.000000    -0.158695    0.000000    0.000000    -0.378713    0.000000    0.000000  
12.171217    0.094335    0.000000    0.000000    -0.162471    0.000000    0.000000    -0.372609    0.000000    0.000000  
12.181218    0.092690    0.000000    0.000000    -0.166180    0.000000    0.000000    -0.366308    0.000000    0.000000  
12.191219    0.091009    0.000000    0.000000    -0.169821    0.000000    0.000000    -0.359799    0.000000    0.000000  
12.201220    0.089293    0.000000    0.000000    -0.173389    0.000000    0.000000    -0.353072    0.000000    0.000000  
12.211221    0.087542    0.000000    0.000000    -0.176881    0.000000    0.000000    -0.346124    0.000000    0.000000  
12.221222    0.085756    0.000000    0.000000    -0.180297    0.000000    0.000000    -0.338971    0.000000    0.000000  
12.231223    0.083937    0.000000    0.000000    -0.183637    0.000000    0.000000    -0.331632    0.000000    0.000000  
12.241224    0.082085    0.000000    0.000000    -0.186902    0.000000    0.000000    -0.324127    0.000000    0.000000  
12.251225    0.080200    0.000000    0.000000    -0.190090    0.000000    0.000000    -0.316477    0.000000    0.000000  
12.261226    0.078284    0.000000    0.000000    -0.193202    0.000000    0.000000    -0.308701    0.000000    0.000000  
12.271227    0.076338    0.000000    0.000000    -0.196237    0.000000    0.000000    -0.300819    0.000000    0.000000  
12.281228    0.074361    0.000000    0.000000    -0.199197    0.000000    0.000000    -0.292851    0.000000    0.000000  
12.291229    0.072355    0.000000    0.000000    -0.202080    0.000000    0.000000    -0.284817    0.000000    0.000000  
12.301230    0.070320    0.000000    0.000000    -0.204886    0.000000    0.000000    -0.276735    0.000000    0.000000  
12.311231    0.068257    0.000000    0.000000    -0.207616    0.000000    0.000000    -0.268620    0.000000    0.000000  
12.321232    0.066167    0.000000    0.000000    -0.210267    0.000000    0.000000    -0.260463    0.000000    0.000000  
12.331233    0.064050    0.000000    0.000000    -0.212838    0.000000    0.000000    -0.252255    0.000000    0.000000  
12.341234    0.061908    0.000000    0.000000    -0.215329    0.000000    0.000000    -0.243983    0.000000    0.000000  
12.351235    0.059742    0.000000    0.000000    -0.217736    0.000000    0.000000    -0.235639    0.000000    0.000000  
12.361236    0.057553    0.000000    0.000000    -0.220059    0.000000    0.000000    -0.227210    0.000000    0.000000  
12.371237    0.055340    0.000000    0.000000    -0.222296    0.000000    0.000000    -0.218686    0.000000    0.000000  
12.381238    0.053106    0.000000    0.000000    -0.224445    0.000000    0.000000    -0.210057    0.000000    0.000000  
12.391239    0.050851    0.000000    0.000000    -0.226506    0.000000    0.000000    -0.201312    0.000000    0.000000  
12.401240    0.048575    0.000000    0.000000    -0.228476    0.000000    0.000000    -0.192439    0.000000    0.000000  
12.411241    0.046281    0.000000    0.000000    -0.230354    0.000000    0.000000    -0.183434    0.000000    0.000000  
12.421242    0.043968    0.000000    0.000000    -0.232140    0.000000    0.000000    -0.174307    0.000000    0.000000  
12.431243    0.041638    0.000000    0.000000    -0.233833    0.000000    0.000000    -0.165067    0.000000    0.000000  
12.441244    0.039292    0.000000    0.000000    -0.235433    0.000000    0.000000    -0.155728    0.000000    0.000000  
12.451245    0.036930    0.000000    0.000000    -0.236939    0.000000    0.000000    -0.146301    0.000000    0.000000  
12.461246    0.034554    0.000000    0.000000    -0.238351    0.000000    0.000000    -0.136797    0.000000    0.000000  
12.471247    0.032164    0.000000    0.000000    -0.239668    0.000000    0.000000    -0.127228    0.000000    0.000000  
12.481248    0.029761    0.000000    0.000000    -0.240890    0.000000    0.000000    -0.117607    0.000000    0.000000  
12.491249    0.027346    0.000000    0.000000    -0.242017    0.000000    0.000000    -0.107944    0.000000    0.000000  
12.501250    0.024920    0.000000    0.000000    -0.243048    0.000000    0.000000    -0.098251    0.000000    0.000000  
12.511251    0.022485    0.000000    0.000000    -0.243982    0.000000    0.000000    -0.088538    0.000000    0.000000  
12.521252    0.020040    0.000000    0.000000    -0.244820    0.000000    0.000000    -0.078809    0.000000    0.000000  
12.531253    0.017588    0.000000    0.000000    -0.245561    0.000000    0.000000    -0.069065    0.000000    0.000000  
12.541254    0.015128    0.000000    0.000000    -0.246205    0.000000    0.000000    -0.059309    0.000000    0.000000  
12.551255    0.012663    0.000000    0.000000    -0.246752    0.000000    0.000000    -0.049544    0.000000    0.000000  
12.561256    0.010192    0.000000    0.000000    -0.247200    0.000000    0.000000    -0.039772    0.000000    0.000000  
12.571257    0.007718    0.000000    0.000000    -0.247551    0.000000    0.000000    -0.029996    0.000000    0.000000  
12.581258    0.005241    0.000000    0.000000    -0.247804    0.000000    0.000000    -0.020217    0.000000    0.000000  
12.591259    0.002761    0.000000    0.000000    -0.247959    0.000000    0.000000    -0.010438    0.000000    0.000000  
12.601260    0.000281    0.000000    0.000000    -0.248015    0.000000    0.000000    -0.000663    0.000000    0.000000  
12.611261    -0.002199    0.000000    0.000000    -0.247972    0.000000    0.000000    0.009107    0.000000    0.000000  
12.621262    -0.004678    0.000000    0.000000    -0.247831    0.000000    0.000000    0.018869    0.000000    0.000000  
12.631263    -0.007155    0.000000    0.000000    -0.247591    0.000000    0.000000    0.028620    0.000000    0.000000  
12.641264    -0.009630    0.000000    0.000000    -0.247254    0.000000    0.000000    0.038357    0.000000    0.000000  
12.651265    -0.012100    0.000000    0.000000    -0.246820    0.000000    0.000000    0.048076    0.000000    0.000000  
12.661266    -0.014566    0.000000    0.000000    -0.246289    0.000000    0.000000    0.057775    0.000000    0.000000  
12.671267    -0.017026    0.000000    0.000000    -0.245661    0.000000    0.000000    0.067451    0.000000    0.000000  
12.681268    -0.019479    0.000000    0.000000    -0.244937    0.000000    0.000000    0.077101    0.000000    0.000000  
12.691269    -0.021925    0.000000    0.000000    -0.244117    0.000000    0.000000    0.086721    0.000000    0.000000  
12.701270    -0.024361    0.000000    0.000000    -0.243201    0.000000    0.000000    0.096310    0.000000    0.000000  
12.711271    -0.026789    0.000000    0.000000    -0.242190    0.000000    0.000000    0.105863    0.000000    0.000000  
12.721272    -0.029206    0.000000    0.000000    -0.241085    0.000000    0.000000    0.115379    0.000000    0.000000  
12.731273    -0.031611    0.000000    0.000000    -0.239885    0.000000    0.000000    0.124855    0.000000    0.000000  
12.741274    -0.034004    0.000000    0.000000    -0.238591    0.000000    0.000000    0.134289    0.000000    0.000000  
12.751275    -0.036383    0.000000    0.000000    -0.237203    0.000000    0.000000    0.143679    0.000000    0.000000  
12.761276    -0.038748    0.000000    0.000000    -0.235721    0.000000    0.000000    0.153021    0.000000    0.000000  
12.771277    -0.041098    0.000000    0.000000    -0.234146    0.000000    0.000000    0.162314    0.000000    0.000000  
12.781278    -0.043432    0.000000    0.000000    -0.232478    0.000000    0.000000    0.171556    0.000000    0.000000  
12.791279    -0.045748    0.000000    0.000000    -0.230717    0.000000    0.000000    0.180744    0.000000    0.000000  
12.801280    -0.048046    0.000000    0.000000    -0.228864    0.000000    0.000000    0.189875    0.000000    0.000000  
12.811281    -0.050326    0.000000    0.000000    -0.226920    0.000000    0.000000    0.198946    0.000000    0.000000  
12.821282    -0.052585    0.000000    0.000000    -0.224884    0.000000    0.000000    0.207948    0.000000    0.000000  
12.831283    -0.054823    0.000000    0.000000    -0.222758    0.000000    0.000000    0.216871    0.000000    0.000000  
12.841284    -0.057040    0.000000    0.000000    -0.220544    0.000000    0.000000    0.225705    0.000000    0.000000  
12.851285    -0.059234    0.000000    0.000000    -0.218243    0.000000    0.000000    0.234441    0.000000    0.000000  
12.861286    -0.061405    0.000000    0.000000    -0.215855    0.000000    0.000000    0.243070    0.000000    0.000000  
12.871287    -0.063551    0.000000    0.000000    -0.213381    0.000000    0.000000    0.251582    0.000000    0.000000  
12.881288    -0.065673    0.000000    0.000000    -0.210823    0.000000    0.000000    0.259967    0.000000    0.000000  
12.891289    -0.067768    0.000000    0.000000    -0.208183    0.000000    0.000000    0.268215    0.000000    0.000000  
12.901290    -0.069837    0.000000    0.000000    -0.205460    0.000000    0.000000    0.276318    0.000000    0.000000  
12.911291    -0.071877    0.000000    0.000000    -0.202656    0.000000    0.000000    0.284269    0.000000    0.000000  
12.921292    -0.073890    0.000000    0.000000    -0.199773    0.000000    0.000000    0.292076    0.000000    0.000000  
12.931293    -0.075873    0.000000    0.000000    -0.196811    0.000000    0.000000    0.299748    0.000000    0.000000  
12.941294    -0.077826    0.000000    0.000000    -0.193773    0.000000    0.000000    0.307293    0.000000    0.000000  
12.951295    -0.079749    0.000000    0.000000    -0.190659    0.000000    0.000000    0.314719    0.000000    0.000000  
12.961296    -0.081640    0.000000    0.000000    -0.187472    0.000000    0.000000    0.322037    0.000000    0.000000  
12.971297    -0.083499    0.000000    0.000000    -0.184211    0.000000    0.000000    0.329255    0.000000    0.000000  
12.981298    -0.085324    0.000000    0.000000    -0.180879    0.000000    0.000000    0.336381    0.000000    0.000000  
12.991299    -0.087117    0.000000    0.000000    -0.177478    0.000000    0.000000    0.343424    0.000000    0.000000  
13.001300    -0.088874    0.000000    0.000000    -0.174008    0.000000    0.000000    0.350394    0.000000    0.000000  
13.011301    -0.090597    0.000000    0.000000    -0.170470    0.000000    0.000000    0.357293    0.000000    0.000000  
13.021302    -0.092284    0.000000    0.000000    -0.166866    0.000000    0.000000    0.364109    0.000000    0.000000  
13.031303    -0.093934    0.000000    0.000000    -0.163196    0.000000    0.000000    0.370828    0.000000    0.000000  
13.041304    -0.095547    0.000000    0.000000    -0.159461    0.000000    0.000000    0.377435    0.000000    0.000000  
13.051305    -0.097123    0.000000    0.000000    -0.155662    0.000000    0.000000    0.383915    0.000000    0.000000  
13.061306    -0.098660    0.000000    0.000000    -0.151799    0.000000    0.000000    0.390253    0.000000    0.000000  
13.071307    -0.100158    0.000000    0.000000    -0.147873    0.000000    0.000000    0.396434    0.000000    0.000000  
13.081308    -0.101617    0.000000    0.000000    -0.143886    0.000000    0.000000    0.402445    0.000000    0.000000  
13.091309    -0.103036    0.000000    0.000000    -0.139836    0.000000    0.000000    0.408270    0.000000    0.000000  
13.101310    -0.104414    0.000000    0.000000    -0.135726    0.000000    0.000000    0.413895    0.000000    0.000000  
13.111311    -0.105751    0.000000    0.000000    -0.131557    0.000000    0.000000    0.419306    0.000000    0.000000  
13.121312    -0.107045    0.000000    0.000000    -0.127332    0.000000    0.000000    0.424493    0.000000    0.000000  
13.131313    -0.108298    0.000000    0.000000    -0.123053    0.000000    0.000000    0.429449    0.000000    0.000000  
13.141314    -0.109507    0.000000    0.000000    -0.118726    0.000000    0.000000    0.434163    0.000000    0.000000  
13.151315    -0.110674    0.000000    0.000000    -0.114351    0.000000    0.000000    0.438628    0.000000    0.000000  
13.161316    -0.111796    0.000000    0.000000    -0.109934    0.000000    0.000000    0.442834    0.000000    0.000000  
13.171317    -0.112874    0.000000    0.000000    -0.105478    0.000000    0.000000    0.446772    0.000000    0.000000  
13.181318    -0.113907    0.000000    0.000000    -0.100985    0.000000    0.000000    0.450434    0.000000    0.000000  
13.191319    -0.114895    0.000000    0.000000    -0.096459    0.000000    0.000000    0.453810    0.000000    0.000000  
13.201320    -0.115838    0.000000    0.000000    -0.091904    0.000000    0.000000    0.456893    0.000000    0.000000  
13.211321    -0.116733    0.000000    0.000000    -0.087322    0.000000    0.000000    0.459684    0.000000    0.000000  
13.221322    -0.117583    0.000000    0.000000    -0.082714    0.000000    0.000000    0.462218    0.000000    0.000000  
13.231323    -0.118386    0.000000    0.000000    -0.078082    0.000000    0.000000    0.464538    0.000000    0.000000  
13.241324    -0.119142    0.000000    0.000000    -0.073427    0.000000    0.000000    0.466681    0.000000    0.000000  
13.251325    -0.119852    0.000000    0.000000    -0.068749    0.000000    0.000000    0.468690    0.000000    0.000000  
13.261326    -0.120515    0.000000    0.000000    -0.064051    0.000000    0.000000    0.470605    0.000000    0.000000  
13.271327    -0.121131    0.000000    0.000000    -0.059332    0.000000    0.000000    0.472465    0.000000    0.000000  
13.281328    -0.121700    0.000000    0.000000    -0.054593    0.000000    0.000000    0.474312    0.000000    0.000000  
13.291329    -0.122222    0.000000    0.000000    -0.049837    0.000000    0.000000    0.476186    0.000000    0.000000  
13.301330    -0.122696    0.000000    0.000000    -0.045064    0.000000    0.000000    0.478127    0.000000    0.000000  
13.311331    -0.123123    0.000000    0.000000    -0.040275    0.000000    0.000000    0.480157    0.000000    0.000000  
13.321332    -0.123502    0.000000    0.000000    -0.035469    0.000000    0.000000    0.482247    0.000000    0.000000  
13.331333    -0.123834    0.000000    0.000000    -0.030646    0.000000    0.000000    0.484360    0.000000    0.000000  
13.341334    -0.124117    0.000000    0.000000    -0.025805    0.000000    0.000000    0.486458    0.000000    0.000000  
13.351335    -0.124352    0.000000    0.000000    -0.020946    0.000000    0.000000    0.488506    0.000000    0.000000  
13.361336    -0.124538    0.000000    0.000000    -0.016068    0.000000    0.000000    0.490464    0.000000    0.000000  
13.371337    -0.124675    0.000000    0.000000    -0.011171    0.000000    0.000000    0.492297    0.000000    0.000000  
13.381338    -0.124762    0.000000    0.000000    -0.006254    0.000000    0.000000    0.493967    0.000000    0.000000  
13.391339    -0.124801    0.000000    0.000000    -0.001317    0.000000    0.000000    0.495437    0.000000    0.000000  
13.401340    -0.124789    0.000000    0.000000    0.003641    0.000000    0.000000    0.496669    0.000000    0.000000  
13.411341    -0.124728    0.000000    0.000000    0.008619    0.000000    0.000000    0.497630    0.000000    0.000000  
13.421342    -0.124616    0.000000    0.000000    0.013612    0.000000    0.000000    0.498299    0.000000    0.000000  
13.431343    -0.124455    0.000000    0.000000    0.018615    0.000000    0.000000    0.498656    0.000000    0.000000  
13.441344    -0.124244    0.000000    0.000000    0.023623    0.000000    0.000000    0.498682    0.000000    0.000000  
13.451345    -0.123983    0.000000    0.000000    0.028629    0.000000    0.000000    0.498355    0.000000    0.000000  
13.461346    -0.123672    0.000000    0.000000    0.033630    0.000000    0.000000    0.497656    0.000000    0.000000  
13.471347    -0.123311    0.000000    0.000000    0.038619    0.000000    0.000000    0.496566    0.000000    0.000000  
13.481348    -0.122901    0.000000    0.000000    0.043591    0.000000    0.000000    0.495064    0.000000    0.000000  
13.491349    -0.122440    0.000000    0.000000    0.048541    0.000000    0.000000    0.493131    0.000000    0.000000  
13.501350    -0.121930    0.000000    0.000000    0.053464    0.000000    0.000000    0.490746    0.000000    0.000000  
13.511351    -0.121371    0.000000    0.000000    0.058354    0.000000    0.000000    0.487907    0.000000    0.000000  
13.521352    -0.120762    0.000000    0.000000    0.063211    0.000000    0.000000    0.484656    0.000000    0.000000  
13.531353    -0.120105    0.000000    0.000000    0.068032    0.000000    0.000000    0.481041    0.000000    0.000000  
13.541354    -0.119400    0.000000    0.000000    0.072815    0.000000    0.000000    0.477112    0.000000    0.000000  
13.551355    -0.118647    0.000000    0.000000    0.077559    0.000000    0.000000    0.472919    0.000000    0.000000  
13.561356    -0.117846    0.000000    0.000000    0.082262    0.000000    0.000000    0.468510    0.000000    0.000000  
13.571357    -0.117000    0.000000    0.000000    0.086922    0.000000    0.000000    0.463935    0.000000    0.000000  
13.581358    -0.116106    0.000000    0.000000    0.091538    0.000000    0.000000    0.459243    0.000000    0.000000  
13.591359    -0.115168    0.000000    0.000000    0.096108    0.000000    0.000000    0.454484    0.000000    0.000000  
13.601360    -0.114184    0.000000    0.000000    0.100630    0.000000    0.000000    0.449706    0.000000    0.000000  
13.611361    -0.113155    0.000000    0.000000    0.105102    0.000000    0.000000    0.444944    0.000000    0.000000  
13.621362    -0.112082    0.000000    0.000000    0.109525    0.000000    0.000000    0.440187    0.000000    0.000000  
13.631363    -0.110966    0.000000    0.000000    0.113899    0.000000    0.000000    0.435421    0.000000    0.000000  
13.641364    -0.109805    0.000000    0.000000    0.118224    0.000000    0.000000    0.430629    0.000000    0.000000  
13.651365    -0.108602    0.000000    0.000000    0.122500    0.000000    0.000000    0.425795    0.000000    0.000000  
13.661366    -0.107357    0.000000    0.000000    0.126726    0.000000    0.000000    0.420903    0.000000    0.000000  
13.671367    -0.106069    0.000000    0.000000    0.130903    0.000000    0.000000    0.415936    0.000000    0.000000  
13.681368    -0.104740    0.000000    0.000000    0.135031    0.000000    0.000000    0.410880    0.000000    0.000000  
13.691369    -0.103369    0.000000    0.000000    0.139110    0.000000    0.000000    0.405718    0.000000    0.000000  
13.701370    -0.101958    0.000000    0.000000    0.143140    0.000000    0.000000    0.400434    0.000000    0.000000  
13.711371    -0.100506    0.000000    0.000000    0.147120    0.000000    0.000000    0.395014    0.000000    0.000000  
13.721372    -0.099015    0.000000    0.000000    0.151048    0.000000    0.000000    0.389450    0.000000    0.000000  
13.731373    -0.097484    0.000000    0.000000    0.154923    0.000000    0.000000    0.383736    0.000000    0.000000  
13.741374    -0.095916    0.000000    0.000000    0.158740    0.000000    0.000000    0.377865    0.000000    0.000000  
13.751375    -0.094309    0.000000    0.000000    0.162498    0.000000    0.000000    0.371831    0.000000    0.000000  
13.761376    -0.092665    0.000000    0.000000    0.166195    0.000000    0.000000    0.365625    0.000000    0.000000  
13.771377    -0.090985    0.000000    0.000000    0.169828    0.000000    0.000000    0.359243    0.000000    0.000000  
13.781378    -0.089269    0.000000    0.000000    0.173394    0.000000    0.000000    0.352676    0.000000    0.000000  
13.791379    -0.087517    0.000000    0.000000    0.176892    0.000000    0.000000    0.345919    0.000000    0.000000  
13.801380    -0.085731    0.000000    0.000000    0.180318    0.000000    0.000000    0.338965    0.000000    0.000000  
13.811381    -0.083911    0.000000    0.000000    0.183670    0.000000    0.000000    0.331811    0.000000    0.000000  
13.821382    -0.082057    0.000000    0.000000    0.186949    0.000000    0.000000    0.324471    0.000000    0.000000  
13.831383    -0.080171    0.000000    0.000000    0.190151    0.000000    0.000000    0.316957    0.000000    0.000000  
13.841384    -0.078253    0.000000    0.000000    0.193277    0.000000    0.000000    0.309286    0.000000    0.000000  
13.851385    -0.076305    0.000000    0.000000    0.196327    0.000000    0.000000    0.301471    0.000000    0.000000  
13.861386    -0.074327    0.000000    0.000000    0.199297    0.000000    0.000000    0.293527    0.000000    0.000000  
13.871387    -0.072319    0.000000    0.000000    0.202189    0.000000    0.000000    0.285467    0.000000    0.000000  
13.881388    -0.070282    0.000000    0.000000    0.205001    0.000000    0.000000    0.277307    0.000000    0.000000  
13.891389    -0.068219    0.000000    0.000000    0.207732    0.000000    0.000000    0.269061    0.000000    0.000000  
13.901390    -0.066128    0.000000    0.000000    0.210381    0.000000    0.000000    0.260742    0.000000    0.000000  
13.911391    -0.064011    0.000000    0.000000    0.212947    0.000000    0.000000    0.252362    0.000000    0.000000  
13.921392    -0.061869    0.000000    0.000000    0.215430    0.000000    0.000000    0.243916    0.000000    0.000000  
13.931393    -0.059702    0.000000    0.000000    0.217828    0.000000    0.000000    0.235402    0.000000    0.000000  
13.941394    -0.057512    0.000000    0.000000    0.220140    0.000000    0.000000    0.226814    0.000000    0.000000  
13.951395    -0.055299    0.000000    0.000000    0.222367    0.000000    0.000000    0.218149    0.000000    0.000000  
13.961396    -0.053065    0.000000    0.000000    0.224506    0.000000    0.000000    0.209401    0.000000    0.000000  
13.971397    -0.050809    0.000000    0.000000    0.226556    0.000000    0.000000    0.200567    0.000000    0.000000  
13.981398    -0.048534    0.000000    0.000000    0.228518    0.000000    0.000000    0.191641    0.000000    0.000000  
13.991399    -0.046239    0.000000    0.000000    0.230390    0.000000    0.000000    0.182620    0.000000    0.000000  
14.001400    -0.043926    0.000000    0.000000    0.232171    0.000000    0.000000    0.173499    0.000000    0.000000  
14.011401    -0.041596    0.000000    0.000000    0.233860    0.000000    0.000000    0.164277    0.000000    0.000000  
14.021402    -0.039249    0.000000    0.000000    0.235457    0.000000    0.000000    0.154963    0.000000    0.000000  
14.031403    -0.036886    0.000000    0.000000    0.236960    0.000000    0.000000    0.145566    0.000000    0.000000  
14.041404    -0.034509    0.000000    0.000000    0.238370    0.000000    0.000000    0.136097    0.000000    0.000000  
14.051405    -0.032118    0.000000    0.000000    0.239685    0.000000    0.000000    0.126566    0.000000    0.000000  
14.061406    -0.029715    0.000000    0.000000    0.240905    0.000000    0.000000    0.116982    0.000000    0.000000  
14.071407    -0.027299    0.000000    0.000000    0.242029    0.000000    0.000000    0.107355    0.000000    0.000000  
14.081408    -0.024874    0.000000    0.000000    0.243057    0.000000    0.000000    0.097696    0.000000    0.000000  
14.091409    -0.022438    0.000000    0.000000    0.243987    0.000000    0.000000    0.088015    0.000000    0.000000  
14.101410    -0.019994    0.000000    0.000000    0.244820    0.000000    0.000000    0.078320    0.000000    0.000000  
14.111411    -0.017541    0.000000    0.000000    0.245553    0.000000    0.000000    0.068621    0.000000    0.000000  
14.121412    -0.015082    0.000000    0.000000    0.246189    0.000000    0.000000    0.058919    0.000000    0.000000  
14.131413    -0.012618    0.000000    0.000000    0.246727    0.000000    0.000000    0.049215    0.000000    0.000000  
14.141414    -0.010148    0.000000    0.000000    0.247167    0.000000    0.000000    0.039509    0.000000    0.000000  
14.151415    -0.007674    0.000000    0.000000    0.247510    0.000000    0.000000    0.029803    0.000000    0.000000  
14.161416    -0.005197    0.000000    0.000000    0.247755    0.000000    0.000000    0.020097    0.000000    0.000000  
14.171417    -0.002719    0.000000    0.000000    0.247904    0.000000    0.000000    0.010392    0.000000    0.000000  
14.181418    -0.000239    0.000000    0.000000    0.247957    0.000000    0.000000    0.000689    0.000000    0.000000  
14.191419    0.002241    0.000000    0.000000    0.247914    0.000000    0.000000    -0.009012    0.000000    0.000000  
14.201420    0.004719    0.000000    0.000000    0.247775    0.000000    0.000000    -0.018708    0.000000    0.000000  
14.211421    0.007196    0.000000    0.000000    0.247540    0.000000    0.000000    -0.028400    0.000000    0.000000  
14.221422    0.009670    0.000000    0.000000    0.247210    0.000000    0.000000    -0.038087    0.000000    0.000000  
14.231423    0.012141    0.000000    0.000000    0.246783    0.000000    0.000000    -0.047765    0.000000    0.000000  
14.241424    0.014606    0.000000    0.000000    0.246261    0.000000    0.000000    -0.057435    0.000000    0.000000  
14.251425    0.017066    0.000000    0.000000    0.245642    0.000000    0.000000    -0.067094    0.000000    0.000000  
14.261426    0.019519    0.000000    0.000000    0.244927    0.000000    0.000000    -0.076742    0.000000    0.000000  
14.271427    0.021964    0.000000    0.000000    0.244115    0.000000    0.000000    -0.086376    0.000000    0.000000  
14.281428    0.024401    0.000000    0.000000    0.243206    0.000000    0.000000    -0.095996    0.000000    0.000000  
14.291429    0.026828    0.000000    0.000000    0.242199    0.000000    0.000000    -0.105599    0.000000    0.000000  
14.301430    0.029245    0.000000    0.000000    0.241096    0.000000    0.000000    -0.115184    0.000000    0.000000  
14.311431    0.031650    0.000000    0.000000    0.239895    0.000000    0.000000    -0.124748    0.000000    0.000000  
14.321432    0.034043    0.000000    0.000000    0.238598    0.000000    0.000000    -0.134284    0.000000    0.000000  
14.331433    0.036423    0.000000    0.000000    0.237205    0.000000    0.000000    -0.143781    0.000000    0.000000  
14.341434    0.038788    0.000000    0.000000    0.235717    0.000000    0.000000    -0.153231    0.000000    0.000000  
14.351435    0.041138    0.000000    0.000000    0.234135    0.000000    0.000000    -0.162625    0.000000    0.000000  
14.361436    0.043472    0.000000    0.000000    0.232460    0.000000    0.000000    -0.171954    0.000000    0.000000  
14.371437    0.045788    0.000000    0.000000    0.230692    0.000000    0.000000    -0.181210    0.000000    0.000000  
14.381438    0.048086    0.000000    0.000000    0.228833    0.000000    0.000000    -0.190383    0.000000    0.000000  
14.391439    0.050365    0.000000    0.000000    0.226883    0.000000    0.000000    -0.199465    0.000000    0.000000  
14.401440    0.052624    0.000000    0.000000    0.224843    0.000000    0.000000    -0.208446    0.000000    0.000000  
14.411441    0.054862    0.000000    0.000000    0.222714    0.000000    0.000000    -0.217320    0.000000    0.000000  
14.421442    0.057078    0.000000    0.000000    0.220497    0.000000    0.000000    -0.226083    0.000000    0.000000  
14.431443    0.059272    0.000000    0.000000    0.218193    0.000000    0.000000    -0.234732    0.000000    0.000000  
14.441444    0.061442    0.000000    0.000000    0.215804    0.000000    0.000000    -0.243266    0.000000    0.000000  
14.451445    0.063587    0.000000    0.000000    0.213330    0.000000    0.000000    -0.251682    0.000000    0.000000  
14.461446    0.065708    0.000000    0.000000    0.210772    0.000000    0.000000    -0.259977    0.000000    0.000000  
14.471447    0.067803    0.000000    0.000000    0.208132    0.000000    0.000000    -0.268148    0.000000    0.000000  
14.481448    0.069871    0.000000    0.000000    0.205411    0.000000    0.000000    -0.276195    0.000000    0.000000  
14.491449    0.071911    0.000000    0.000000    0.202610    0.000000    0.000000    -0.284113    0.000000    0.000000  
14.501450    0.073923    0.000000    0.000000    0.199729    0.000000    0.000000    -0.291900    0.000000    0.000000  
14.511451    0.075906    0.000000    0.000000    0.196771    0.000000    0.000000    -0.299558    0.000000    0.000000  
14.521452    0.077858    0.000000    0.000000    0.193736    0.000000    0.000000    -0.307093    0.000000    0.000000  
14.531453    0.079781    0.000000    0.000000    0.190626    0.000000    0.000000    -0.314514    0.000000    0.000000  
14.541454    0.081671    0.000000    0.000000    0.187441    0.000000    0.000000    -0.321830    0.000000    0.000000  
14.551455    0.083530    0.000000    0.000000    0.184183    0.000000    0.000000    -0.329051    0.000000    0.000000  
14.561456    0.085356    0.000000    0.000000    0.180853    0.000000    0.000000    -0.336184    0.000000    0.000000  
14.571457    0.087148    0.000000    0.000000    0.177452    0.000000    0.000000    -0.343238    0.000000    0.000000  
14.581458    0.088906    0.000000    0.000000    0.173981    0.000000    0.000000    -0.350224    0.000000    0.000000  
14.591459    0.090628    0.000000    0.000000    0.170442    0.000000    0.000000    -0.357148    0.000000    0.000000  
14.601460    0.092315    0.000000    0.000000    0.166835    0.000000    0.000000    -0.364020    0.000000    0.000000  
14.611461    0.093965    0.000000    0.000000    0.163161    0.000000    0.000000    -0.370841    0.000000    0.000000  
14.621462    0.095578    0.000000    0.000000    0.159423    0.000000    0.000000    -0.377585    0.000000    0.000000  
14.631463    0.097153    0.000000    0.000000    0.155620    0.000000    0.000000    -0.384226    0.000000    0.000000  
14.641464    0.098690    0.000000    0.000000    0.151753    0.000000    0.000000    -0.390736    0.000000    0.000000  
14.651465    0.100187    0.000000    0.000000    0.147824    0.000000    0.000000    -0.397087    0.000000    0.000000  
14.661466    0.101646    0.000000    0.000000    0.143833    0.000000    0.000000    -0.403252    0.000000    0.000000  
14.671467    0.103064    0.000000    0.000000    0.139782    0.000000    0.000000    -0.409204    0.000000    0.000000  
14.681468    0.104441    0.000000    0.000000    0.135671    0.000000    0.000000    -0.414915    0.000000    0.000000  
14.691469    0.105777    0.000000    0.000000    0.131501    0.000000    0.000000    -0.420358    0.000000    0.000000  
14.701470    0.107071    0.000000    0.000000    0.127273    0.000000    0.000000    -0.425504    0.000000    0.000000  
14.711471    0.108322    0.000000    0.000000    0.122989    0.000000    0.000000    -0.430338    0.000000    0.000000  
14.721472    0.109531    0.000000    0.000000    0.118652    0.000000    0.000000    -0.434867    0.000000    0.000000  
14.731473    0.110696    0.000000    0.000000    0.114268    0.000000    0.000000    -0.439107    0.000000    0.000000  
14.741474    0.111818    0.000000    0.000000    0.109839    0.000000    0.000000    -0.443071    0.000000    0.000000  
14.751475    0.112895    0.000000    0.000000    0.105370    0.000000    0.000000    -0.446771    0.000000    0.000000  
14.761476    0.113927    0.000000    0.000000    0.100864    0.000000    0.000000    -0.450224    0.000000    0.000000  
14.771477    0.114914    0.000000    0.000000    0.096327    0.000000    0.000000    -0.453441    0.000000    0.000000  
14.781478    0.115856    0.000000    0.000000    0.091762    0.000000    0.000000    -0.456437    0.000000    0.000000  
14.791479    0.116751    0.000000    0.000000    0.087173    0.000000    0.000000    -0.459226    0.000000    0.000000  
14.801480    0.117600    0.000000    0.000000    0.082564    0.000000    0.000000    -0.461820    0.000000    0.000000  
14.811481    0.118402    0.000000    0.000000    0.077939    0.000000    0.000000    -0.464239    0.000000    0.000000  
14.821482    0.119158    0.000000    0.000000    0.073295    0.000000    0.000000    -0.466509    0.000000    0.000000  
14.831483    0.119866    0.000000    0.000000    0.068634    0.000000    0.000000    -0.468660    0.000000    0.000000  
14.841484    0.120527    0.000000    0.000000    0.063953    0.000000    0.000000    -0.470721    0.000000    0.000000  
14.851485    0.121141    0.000000    0.000000    0.059252    0.000000    0.000000    -0.472722    0.000000    0.000000  
14.861486    0.121708    0.000000    0.000000    0.054530    0.000000    0.000000    -0.474691    0.000000    0.000000  
14.871487    0.122228    0.000000    0.000000    0.049785    0.000000    0.000000    -0.476657    0.000000    0.000000  
14.881488    0.122701    0.000000    0.000000    0.045018    0.000000    0.000000    -0.478651    0.000000    0.000000  
14.891489    0.123126    0.000000    0.000000    0.040226    0.000000    0.000000    -0.480700    0.000000    0.000000  
14.901490    0.123504    0.000000    0.000000    0.035409    0.000000    0.000000    -0.482836    0.000000    0.000000  
14.911491    0.123834    0.000000    0.000000    0.030568    0.000000    0.000000    -0.485063    0.000000    0.000000  
14.921492    0.124117    0.000000    0.000000    0.025702    0.000000    0.000000    -0.487330    0.000000    0.000000  
14.931493    0.124351    0.000000    0.000000    0.020814    0.000000    0.000000    -0.489576    0.000000    0.000000  
14.941494    0.124537    0.000000    0.000000    0.015906    0.000000    0.000000    -0.491739    0.000000    0.000000  
14.951495    0.124674    0.000000    0.000000    0.010980    0.000000    0.000000    -0.493759    0.000000    0.000000  
14.961496    0.124762    0.000000    0.000000    0.006036    0.000000    0.000000    -0.495574    0.000000    0.000000  
14.971497    0.124800    0.000000    0.000000    0.001078    0.000000    0.000000    -0.497123    0.000000    0.000000  
14.981498    0.124788    0.000000    0.000000    -0.003894    0.000000    0.000000    -0.498345    0.000000    0.000000  
14.991499    0.124725    0.000000    0.000000    -0.008877    0.000000    0.000000    -0.499178    0.000000    0.000000  
15.001500    0.124612    0.000000    0.000000    -0.013869    0.000000    0.000000    -0.499561    0.000000    0.000000  
15.011501    0.124448    0.000000    0.000000    -0.018869    0.000000    0.000000    -0.499456    0.000000    0.000000  
15.021502    0.124233    0.000000    0.000000    -0.023871    0.000000    0.000000    -0.498884    0.000000    0.000000  
15.031503    0.123967    0.000000    0.000000    -0.028870    0.000000    0.000000    -0.497872    0.000000    0.000000  
15.041504    0.123651    0.000000    0.000000    -0.033861    0.000000    0.000000    -0.496452    0.000000    0.000000  
15.051505    0.123286    0.000000    0.000000    -0.038838    0.000000    0.000000    -0.494652    0.000000    0.000000  
15.061506    0.122871    0.000000    0.000000    -0.043796    0.000000    0.000000    -0.492502    0.000000    0.000000  
15.071507    0.122407    0.000000    0.000000    -0.048731    0.000000    0.000000    -0.490031    0.000000    0.000000  
15.081508    0.121894    0.000000    0.000000    -0.053635    0.000000    0.000000    -0.487269    0.000000    0.000000  
15.091509    0.121333    0.000000    0.000000    -0.058506    0.000000    0.000000    -0.484244    0.000000    0.000000  
15.101510    0.120723    0.000000    0.000000    -0.063336    0.000000    0.000000    -0.480987    0.000000    0.000000  
15.111511    0.120066    0.000000    0.000000    -0.068123    0.000000    0.000000    -0.477525    0.000000    0.000000  
15.121512    0.119361    0.000000    0.000000    -0.072866    0.000000    0.000000    -0.473877    0.000000    0.000000  
15.131513    0.118610    0.000000    0.000000    -0.077567    0.000000    0.000000    -0.470065    0.000000    0.000000  
15.141514    0.117811    0.000000    0.000000    -0.082225    0.000000    0.000000    -0.466106    0.000000    0.000000  
15.151515    0.116966    0.000000    0.000000    -0.086843    0.000000    0.000000    -0.462021    0.000000    0.000000  
15.161516    0.116076    0.000000    0.000000    -0.091421    0.000000    0.000000    -0.457830    0.000000    0.000000  
15.171517    0.115139    0.000000    0.000000    -0.095958    0.000000    0.000000    -0.453551    0.000000    0.000000  
15.181518    0.114157    0.000000    0.000000    -0.100457    0.000000    0.000000    -0.449206    0.000000    0.000000  
15.191519    0.113130    0.000000    0.000000    -0.104919    0.000000    0.000000    -0.444812    0.000000    0.000000  
15.201520    0.112059    0.000000    0.000000    -0.109342    0.000000    0.000000    -0.440390    0.000000    0.000000  
15.211521    0.110943    0.000000    0.000000    -0.113729    0.000000    0.000000    -0.435949    0.000000    0.000000  
15.221522    0.109784    0.000000    0.000000    -0.118076    0.000000    0.000000    -0.431468    0.000000    0.000000  
15.231523    0.108581    0.000000    0.000000    -0.122382    0.000000    0.000000    -0.426921    0.000000    0.000000  
15.241524    0.107336    0.000000    0.000000    -0.126642    0.000000    0.000000    -0.422285    0.000000    0.000000  
15.251525    0.106049    0.000000    0.000000    -0.130856    0.000000    0.000000    -0.417535    0.000000    0.000000  
15.261526    0.104719    0.000000    0.000000    -0.135021    0.000000    0.000000    -0.412646    0.000000    0.000000  
15.271527    0.103348    0.000000    0.000000    -0.139134    0.000000    0.000000    -0.407594    0.000000    0.000000  
15.281528    0.101937    0.000000    0.000000    -0.143193    0.000000    0.000000    -0.402352    0.000000    0.000000  
15.291529    0.100485    0.000000    0.000000    -0.147194    0.000000    0.000000    -0.396898    0.000000    0.000000  
15.301530    0.098993    0.000000    0.000000    -0.151137    0.000000    0.000000    -0.391205    0.000000    0.000000  
15.311531    0.097462    0.000000    0.000000    -0.155017    0.000000    0.000000    -0.385261    0.000000    0.000000  
15.321532    0.095892    0.000000    0.000000    -0.158836    0.000000    0.000000    -0.379080    0.000000    0.000000  
15.331533    0.094285    0.000000    0.000000    -0.162589    0.000000    0.000000    -0.372679    0.000000    0.000000  
15.341534    0.092640    0.000000    0.000000    -0.166278    0.000000    0.000000    -0.366077    0.000000    0.000000  
15.351535    0.090958    0.000000    0.000000    -0.169900    0.000000    0.000000    -0.359293    0.000000    0.000000  
15.361536    0.089241    0.000000    0.000000    -0.173454    0.000000    0.000000    -0.352345    0.000000    0.000000  
15.371537    0.087488    0.000000    0.000000    -0.176939    0.000000    0.000000    -0.345252    0.000000    0.000000  
15.381538    0.085702    0.000000    0.000000    -0.180354    0.000000    0.000000    -0.338033    0.000000    0.000000  
15.391539    0.083881    0.000000    0.000000    -0.183697    0.000000    0.000000    -0.330705    0.000000    0.000000  
15.401540    0.082027    0.000000    0.000000    -0.186967    0.000000    0.000000    -0.323287    0.000000    0.000000  
15.411541    0.080142    0.000000    0.000000    -0.190163    0.000000    0.000000    -0.315791    0.000000    0.000000  
15.421542    0.078224    0.000000    0.000000    -0.193284    0.000000    0.000000    -0.308217    0.000000    0.000000  
15.431543    0.076276    0.000000    0.000000    -0.196329    0.000000    0.000000    -0.300559    0.000000    0.000000  
15.441544    0.074298    0.000000    0.000000    -0.199297    0.000000    0.000000    -0.292813    0.000000    0.000000  
15.451545    0.072290    0.000000    0.000000    -0.202186    0.000000    0.000000    -0.284974    0.000000    0.000000  
15.461546    0.070255    0.000000    0.000000    -0.204997    0.000000    0.000000    -0.277039    0.000000    0.000000  
15.471547    0.068191    0.000000    0.000000    -0.207728    0.000000    0.000000    -0.269003    0.000000    0.000000  
15.481548    0.066100    0.000000    0.000000    -0.210377    0.000000    0.000000    -0.260862    0.000000    0.000000  
15.491549    0.063984    0.000000    0.000000    -0.212945    0.000000    0.000000    -0.252611    0.000000    0.000000  
15.501550    0.061842    0.000000    0.000000    -0.215430    0.000000    0.000000    -0.244246    0.000000    0.000000  
15.511551    0.059675    0.000000    0.000000    -0.217830    0.000000    0.000000    -0.235765    0.000000    0.000000  
15.521552    0.057485    0.000000    0.000000    -0.220146    0.000000    0.000000    -0.227173    0.000000    0.000000  
15.531553    0.055271    0.000000    0.000000    -0.222375    0.000000    0.000000    -0.218475    0.000000    0.000000  
15.541554    0.053036    0.000000    0.000000    -0.224517    0.000000    0.000000    -0.209675    0.000000    0.000000  
15.551555    0.050780    0.000000    0.000000    -0.226571    0.000000    0.000000    -0.200780    0.000000    0.000000  
15.561556    0.048504    0.000000    0.000000    -0.228536    0.000000    0.000000    -0.191795    0.000000    0.000000  
15.571557    0.046209    0.000000    0.000000    -0.230411    0.000000    0.000000    -0.182725    0.000000    0.000000  
15.581558    0.043895    0.000000    0.000000    -0.232194    0.000000    0.000000    -0.173575    0.000000    0.000000  
15.591559    0.041565    0.000000    0.000000    -0.233885    0.000000    0.000000    -0.164351    0.000000    0.000000  
15.601560    0.039218    0.000000    0.000000    -0.235483    0.000000    0.000000    -0.155058    0.000000    0.000000  
15.611561    0.036855    0.000000    0.000000    -0.236986    0.000000    0.000000    -0.145702    0.000000    0.000000  
15.621562    0.034478    0.000000    0.000000    -0.238395    0.000000    0.000000    -0.136285    0.000000    0.000000  
15.631563    0.032087    0.000000    0.000000    -0.239709    0.000000    0.000000    -0.126812    0.000000    0.000000  
15.641564    0.029684    0.000000    0.000000    -0.240927    0.000000    0.000000    -0.117287    0.000000    0.000000  
15.651565    0.027268    0.000000    0.000000    -0.242051    0.000000    0.000000    -0.107714    0.000000    0.000000  
15.661566    0.024843    0.000000    0.000000    -0.243078    0.000000    0.000000    -0.098097    0.000000    0.000000  
15.671567    0.022407    0.000000    0.000000    -0.244009    0.000000    0.000000    -0.088439    0.000000    0.000000  
15.681568    0.019963    0.000000    0.000000    -0.244844    0.000000    0.000000    -0.078745    0.000000    0.000000  
15.691569    0.017510    0.000000    0.000000    -0.245583    0.000000    0.000000    -0.069018    0.000000    0.000000  
15.701570    0.015051    0.000000    0.000000    -0.246224    0.000000    0.000000    -0.059263    0.000000    0.000000  
15.711571    0.012585    0.000000    0.000000    -0.246768    0.000000    0.000000    -0.049484    0.000000    0.000000  
15.721572    0.010115    0.000000    0.000000    -0.247215    0.000000    0.000000    -0.039684    0.000000    0.000000  
15.731573    0.007641    0.000000    0.000000    -0.247564    0.000000    0.000000    -0.029871    0.000000    0.000000  
15.741574    0.005163    0.000000    0.000000    -0.247815    0.000000    0.000000    -0.020047    0.000000    0.000000  
15.751575    0.002684    0.000000    0.000000    -0.247969    0.000000    0.000000    -0.010220    0.000000    0.000000  
15.761576    0.000204    0.000000    0.000000    -0.248024    0.000000    0.000000    -0.000392    0.000000    0.000000  
15.771577    -0.002277    0.000000    0.000000    -0.247981    0.000000    0.000000    0.009430    0.000000    0.000000  
15.781578    -0.004756    0.000000    0.000000    -0.247839    0.000000    0.000000    0.019241    0.000000    0.000000  
15.791579    -0.007234    0.000000    0.000000    -0.247599    0.000000    0.000000    0.029038    0.000000    0.000000  
15.801580    -0.009709    0.000000    0.000000    -0.247260    0.000000    0.000000    0.038814    0.000000    0.000000  
15.811581    -0.012179    0.000000    0.000000    -0.246823    0.000000    0.000000    0.048565    0.000000    0.000000  
15.821582    -0.014645    0.000000    0.000000    -0.246287    0.000000    0.000000    0.058289    0.000000    0.000000  
15.831583    -0.017105    0.000000    0.000000    -0.245653    0.000000    0.000000    0.067982    0.000000    0.000000  
15.841584    -0.019558    0.000000    0.000000    -0.244922    0.000000    0.000000    0.077642    0.000000    0.000000  
15.851585    -0.022004    0.000000    0.000000    -0.244095    0.000000    0.000000    0.087267    0.000000    0.000000  
15.861586    -0.024440    0.000000    0.000000    -0.243172    0.000000    0.000000    0.096854    0.000000    0.000000  
15.871587    -0.026867    0.000000    0.000000    -0.242153    0.000000    0.000000    0.106399    0.000000    0.000000  
15.881588    -0.029284    0.000000    0.000000    -0.241040    0.000000    0.000000    0.115901    0.000000    0.000000  
15.891589    -0.031689    0.000000    0.000000    -0.239833    0.000000    0.000000    0.125357    0.000000    0.000000  
15.901590    -0.034081    0.000000    0.000000    -0.238532    0.000000    0.000000    0.134764    0.000000    0.000000  
15.911591    -0.036459    0.000000    0.000000    -0.237137    0.000000    0.000000    0.144119    0.000000    0.000000  
15.921592    -0.038824    0.000000    0.000000    -0.235651    0.000000    0.000000    0.153422    0.000000    0.000000  
15.931593    -0.041172    0.000000    0.000000    -0.234072    0.000000    0.000000    0.162670    0.000000    0.000000  
15.941594    -0.043505    0.000000    0.000000    -0.232401    0.000000    0.000000    0.171861    0.000000    0.000000  
15.951595    -0.045820    0.000000    0.000000    -0.230639    0.000000    0.000000    0.180995    0.000000    0.000000  
15.961596    -0.048118    0.000000    0.000000    -0.228786    0.000000    0.000000    0.190068    0.000000    0.000000  
15.971597    -0.050396    0.000000    0.000000    -0.226842    0.000000    0.000000    0.199081    0.000000    0.000000  
15.981598    -0.052655    0.000000    0.000000    -0.224808    0.000000    0.000000    0.208030    0.000000    0.000000  
15.991599    -0.054893    0.000000    0.000000    -0.222684    0.000000    0.000000    0.216915    0.000000    0.000000  
16.001600    -0.057109    0.000000    0.000000    -0.220471    0.000000    0.000000    0.225733    0.000000    0.000000  
16.011601    -0.059302    0.000000    0.000000    -0.218169    0.000000    0.000000    0.234481    0.000000    0.000000  
16.021602    -0.061472    0.000000    0.000000    -0.215780    0.000000    0.000000    0.243146    0.000000    0.000000  
16.031603    -0.063618    0.000000    0.000000    -0.213304    0.000000    0.000000    0.251716    0.000000    0.000000  
16.041604    -0.065739    0.000000    0.000000    -0.210743    0.000000    0.000000    0.260179    0.000000    0.000000  
16.051605    -0.067833    0.000000    0.000000    -0.208099    0.000000    0.000000    0.268523    0.000000    0.000000  
16.061606    -0.069901    0.000000    0.000000    -0.205373    0.000000    0.000000    0.276733    0.000000    0.000000  
16.071607    -0.071942    0.000000    0.000000    -0.202565    0.000000    0.000000    0.284799    0.000000    0.000000  
16.081608    -0.073953    0.000000    0.000000    -0.199678    0.000000    0.000000    0.292707    0.000000    0.000000  
16.091609    -0.075936    0.000000    0.000000    -0.196713    0.000000    0.000000    0.300445    0.000000    0.000000  
16.101610    -0.077888    0.000000    0.000000    -0.193670    0.000000    0.000000    0.308000    0.000000    0.000000  
16.111611    -0.079809    0.000000    0.000000    -0.190552    0.000000    0.000000    0.315369    0.000000    0.000000  
16.121612    -0.081699    0.000000    0.000000    -0.187360    0.000000    0.000000    0.322568    0.000000    0.000000  
16.131613    -0.083556    0.000000    0.000000    -0.184095    0.000000    0.000000    0.329617    0.000000    0.000000  
16.141614    -0.085380    0.000000    0.000000    -0.180759    0.000000    0.000000    0.336538    0.000000    0.000000  
16.151615    -0.087171    0.000000    0.000000    -0.177352    0.000000    0.000000    0.343349    0.000000    0.000000  
16.161616    -0.088927    0.000000    0.000000    -0.173878    0.000000    0.000000    0.350073    0.000000    0.000000  
16.171617    -0.090648    0.000000    0.000000    -0.170336    0.000000    0.000000    0.356728    0.000000    0.000000  
16.181618    -0.092334    0.000000    0.000000    -0.166729    0.000000    0.000000    0.363335    0.000000    0.000000  
16.191619    -0.093983    0.000000    0.000000    -0.163058    0.000000    0.000000    0.369915    0.000000    0.000000  
16.201620    -0.095595    0.000000    0.000000    -0.159324    0.000000    0.000000    0.376488    0.000000    0.000000  
16.211621    -0.097170    0.000000    0.000000    -0.155529    0.000000    0.000000    0.383058    0.000000    0.000000  
16.221622    -0.098706    0.000000    0.000000    -0.151673    0.000000    0.000000    0.389591    0.000000    0.000000  
16.231623    -0.100203    0.000000    0.000000    -0.147756    0.000000    0.000000    0.396049    0.000000    0.000000  
16.241624    -0.101661    0.000000    0.000000    -0.143779    0.000000    0.000000    0.402390    0.000000    0.000000  
16.251625    -0.103079    0.000000    0.000000    -0.139743    0.000000    0.000000    0.408575    0.000000    0.000000  
16.261626    -0.104456    0.000000    0.000000    -0.135646    0.000000    0.000000    0.414564    0.000000    0.000000  
16.271627    -0.105792    0.000000    0.000000    -0.131491    0.000000    0.000000    0.420317    0.000000    0.000000  
16.281628    -0.107086    0.000000    0.000000    -0.127276    0.000000    0.000000    0.425795    0.000000    0.000000  
16.291629    -0.108337    0.000000    0.000000    -0.123003    0.000000    0.000000    0.430957    0.000000    0.000000  
16.301630    -0.109546    0.000000    0.000000    -0.118672    0.000000    0.000000    0.435764    0.000000    0.000000  
16.311631    -0.110711    0.000000    0.000000    -0.114285    0.000000    0.000000    0.440193    0.000000    0.000000  
16.321632    -0.111832    0.000000    0.000000    -0.109846    0.000000    0.000000    0.444261    0.000000    0.000000  
16.331633    -0.112908    0.000000    0.000000    -0.105360    0.000000    0.000000    0.447992    0.000000    0.000000  
16.341634    -0.113940    0.000000    0.000000    -0.100834    0.000000    0.000000    0.451410    0.000000    0.000000  
16.351635    -0.114927    0.000000    0.000000    -0.096271    0.000000    0.000000    0.454538    0.000000    0.000000  
16.361636    -0.115868    0.000000    0.000000    -0.091679    0.000000    0.000000    0.457402    0.000000    0.000000  
16.371637    -0.116763    0.000000    0.000000    -0.087060    0.000000    0.000000    0.460024    0.000000    0.000000  
16.381638    -0.117612    0.000000    0.000000    -0.082423    0.000000    0.000000    0.462428    0.000000    0.000000  
16.391639    -0.118413    0.000000    0.000000    -0.077770    0.000000    0.000000    0.464639    0.000000    0.000000  
16.401640    -0.119168    0.000000    0.000000    -0.073108    0.000000    0.000000    0.466681    0.000000    0.000000  
16.411641    -0.119875    0.000000    0.000000    -0.068440    0.000000    0.000000    0.468578    0.000000    0.000000  
16.421642    -0.120535    0.000000    0.000000    -0.063764    0.000000    0.000000    0.470365    0.000000    0.000000  
16.431643    -0.121148    0.000000    0.000000    -0.059078    0.000000    0.000000    0.472072    0.000000    0.000000  
16.441644    -0.121713    0.000000    0.000000    -0.054378    0.000000    0.000000    0.473734    0.000000    0.000000  
16.451645    -0.122230    0.000000    0.000000    -0.049663    0.000000    0.000000    0.475383    0.000000    0.000000  
16.461646    -0.122701    0.000000    0.000000    -0.044930    0.000000    0.000000    0.477052    0.000000    0.000000  
16.471647    -0.123124    0.000000    0.000000    -0.040175    0.000000    0.000000    0.478774    0.000000    0.000000  
16.481648    -0.123499    0.000000    0.000000    -0.035397    0.000000    0.000000    0.480581    0.000000    0.000000  
16.491649    -0.123828    0.000000    0.000000    -0.030594    0.000000    0.000000    0.482506    0.000000    0.000000  
16.501650    -0.124109    0.000000    0.000000    -0.025761    0.000000    0.000000    0.484583    0.000000    0.000000  
16.511651    -0.124344    0.000000    0.000000    -0.020898    0.000000    0.000000    0.486814    0.000000    0.000000  
16.521652    -0.124530    0.000000    0.000000    -0.016008    0.000000    0.000000    0.489129    0.000000    0.000000  
16.531653    -0.124668    0.000000    0.000000    -0.011093    0.000000    0.000000    0.491446    0.000000    0.000000  
16.541654    -0.124758    0.000000    0.000000    -0.006156    0.000000    0.000000    0.493686    0.000000    0.000000  
16.551655    -0.124799    0.000000    0.000000    -0.001201    0.000000    0.000000    0.495766    0.000000    0.000000  
16.561656    -0.124790    0.000000    0.000000    0.003772    0.000000    0.000000    0.497605    0.000000    0.000000  
16.571657    -0.124730    0.000000    0.000000    0.008757    0.000000    0.000000    0.499121    0.000000    0.000000  
16.581658    -0.124621    0.000000    0.000000    0.013753    0.000000    0.000000    0.500235    0.000000    0.000000  
16.591659    -0.124460    0.000000    0.000000    0.018757    0.000000    0.000000    0.500864    0.000000    0.000000  
16.601660    -0.124248    0.000000    0.000000    0.023766    0.000000    0.000000    0.500928    0.000000    0.000000  
16.611661    -0.123984    0.000000    0.000000    0.028777    0.000000    0.000000    0.500379    0.000000    0.000000  
16.621662    -0.123669    0.000000    0.000000    0.033783    0.000000    0.000000    0.499254    0.000000    0.000000  
16.631663    -0.123303    0.000000    0.000000    0.038781    0.000000    0.000000    0.497603    0.000000    0.000000  
16.641664    -0.122887    0.000000    0.000000    0.043763    0.000000    0.000000    0.495475    0.000000    0.000000  
16.651665    -0.122422    0.000000    0.000000    0.048725    0.000000    0.000000    0.492919    0.000000    0.000000  
16.661666    -0.121907    0.000000    0.000000    0.053662    0.000000    0.000000    0.489985    0.000000    0.000000  
16.671667    -0.121343    0.000000    0.000000    0.058567    0.000000    0.000000    0.486722    0.000000    0.000000  
16.681668    -0.120731    0.000000    0.000000    0.063436    0.000000    0.000000    0.483180    0.000000    0.000000  
16.691669    -0.120071    0.000000    0.000000    0.068262    0.000000    0.000000    0.479408    0.000000    0.000000  
16.701670    -0.119364    0.000000    0.000000    0.073041    0.000000    0.000000    0.475455    0.000000    0.000000  
16.711671    -0.118610    0.000000    0.000000    0.077768    0.000000    0.000000    0.471362    0.000000    0.000000  
16.721672    -0.117810    0.000000    0.000000    0.082445    0.000000    0.000000    0.467146    0.000000    0.000000  
16.731673    -0.116964    0.000000    0.000000    0.087072    0.000000    0.000000    0.462821    0.000000    0.000000  
16.741674    -0.116072    0.000000    0.000000    0.091653    0.000000    0.000000    0.458401    0.000000    0.000000  
16.751675    -0.115135    0.000000    0.000000    0.096187    0.000000    0.000000    0.453901    0.000000    0.000000  
16.761676    -0.114152    0.000000    0.000000    0.100677    0.000000    0.000000    0.449333    0.000000    0.000000  
16.771677    -0.113124    0.000000    0.000000    0.105124    0.000000    0.000000    0.444713    0.000000    0.000000  
16.781678    -0.112052    0.000000    0.000000    0.109530    0.000000    0.000000    0.440055    0.000000    0.000000  
16.791679    -0.110936    0.000000    0.000000    0.113896    0.000000    0.000000    0.435372    0.000000    0.000000  
16.801680    -0.109775    0.000000    0.000000    0.118223    0.000000    0.000000    0.430679    0.000000    0.000000  
16.811681    -0.108571    0.000000    0.000000    0.122513    0.000000    0.000000    0.425978    0.000000    0.000000  
16.821682    -0.107324    0.000000    0.000000    0.126762    0.000000    0.000000    0.421246    0.000000    0.000000  
16.831683    -0.106034    0.000000    0.000000    0.130968    0.000000    0.000000    0.416455    0.000000    0.000000  
16.841684    -0.104702    0.000000    0.000000    0.135128    0.000000    0.000000    0.411577    0.000000    0.000000  
16.851685    -0.103329    0.000000    0.000000    0.139238    0.000000    0.000000    0.406584    0.000000    0.000000  
16.861686    -0.101916    0.000000    0.000000    0.143296    0.000000    0.000000    0.401448    0.000000    0.000000  
16.871687    -0.100462    0.000000    0.000000    0.147300    0.000000    0.000000    0.396142    0.000000    0.000000  
16.881688    -0.098968    0.000000    0.000000    0.151246    0.000000    0.000000    0.390636    0.000000    0.000000  
16.891689    -0.097436    0.000000    0.000000    0.155131    0.000000    0.000000    0.384905    0.000000    0.000000  
16.901690    -0.095866    0.000000    0.000000    0.158952    0.000000    0.000000    0.378918    0.000000    0.000000  
16.911691    -0.094257    0.000000    0.000000    0.162708    0.000000    0.000000    0.372663    0.000000    0.000000  
16.921692    -0.092612    0.000000    0.000000    0.166396    0.000000    0.000000    0.366156    0.000000    0.000000  
16.931693    -0.090930    0.000000    0.000000    0.170016    0.000000    0.000000    0.359420    0.000000    0.000000  
16.941694    -0.089212    0.000000    0.000000    0.173567    0.000000    0.000000    0.352478    0.000000    0.000000  
16.951695    -0.087459    0.000000    0.000000    0.177048    0.000000    0.000000    0.345351    0.000000    0.000000  
16.961696    -0.085672    0.000000    0.000000    0.180458    0.000000    0.000000    0.338063    0.000000    0.000000  
16.971697    -0.083851    0.000000    0.000000    0.183796    0.000000    0.000000    0.330635    0.000000    0.000000  
16.981698    -0.081997    0.000000    0.000000    0.187061    0.000000    0.000000    0.323090    0.000000    0.000000  
16.991699    -0.080110    0.000000    0.000000    0.190251    0.000000    0.000000    0.315451    0.000000    0.000000  
17.001700    -0.078192    0.000000    0.000000    0.193367    0.000000    0.000000    0.307739    0.000000    0.000000  
17.011701    -0.076243    0.000000    0.000000    0.196407    0.000000    0.000000    0.299971    0.000000    0.000000  
17.021702    -0.074263    0.000000    0.000000    0.199370    0.000000    0.000000    0.292142    0.000000    0.000000  
17.031703    -0.072254    0.000000    0.000000    0.202255    0.000000    0.000000    0.284249    0.000000    0.000000  
17.041704    -0.070217    0.000000    0.000000    0.205060    0.000000    0.000000    0.276286    0.000000    0.000000  
17.051705    -0.068152    0.000000    0.000000    0.207786    0.000000    0.000000    0.268247    0.000000    0.000000  
17.061706    -0.066060    0.000000    0.000000    0.210431    0.000000    0.000000    0.260128    0.000000    0.000000  
17.071707    -0.063942    0.000000    0.000000    0.212993    0.000000    0.000000    0.251923    0.000000    0.000000  
17.081708    -0.061799    0.000000    0.000000    0.215473    0.000000    0.000000    0.243628    0.000000    0.000000  
17.091709    -0.059632    0.000000    0.000000    0.217869    0.000000    0.000000    0.235236    0.000000    0.000000  
17.101710    -0.057442    0.000000    0.000000    0.220179    0.000000    0.000000    0.226743    0.000000    0.000000  
17.111711    -0.055229    0.000000    0.000000    0.222403    0.000000    0.000000    0.218145    0.000000    0.000000  
17.121712    -0.052994    0.000000    0.000000    0.224541    0.000000    0.000000    0.209445    0.000000    0.000000  
17.131713    -0.050738    0.000000    0.000000    0.226590    0.000000    0.000000    0.200643    0.000000    0.000000  
17.141714    -0.048462    0.000000    0.000000    0.228551    0.000000    0.000000    0.191742    0.000000    0.000000  
17.151715    -0.046168    0.000000    0.000000    0.230423    0.000000    0.000000    0.182745    0.000000    0.000000  
17.161716    -0.043855    0.000000    0.000000    0.232204    0.000000    0.000000    0.173652    0.000000    0.000000  
17.171717    -0.041524    0.000000    0.000000    0.233894    0.000000    0.000000    0.164467    0.000000    0.000000  
17.181718    -0.039177    0.000000    0.000000    0.235492    0.000000    0.000000    0.155192    0.000000    0.000000  
17.191719    -0.036815    0.000000    0.000000    0.236997    0.000000    0.000000    0.145827    0.000000    0.000000  
17.201720    -0.034438    0.000000    0.000000    0.238408    0.000000    0.000000    0.136377    0.000000    0.000000  
17.211721    -0.032047    0.000000    0.000000    0.239725    0.000000    0.000000    0.126844    0.000000    0.000000  
17.221722    -0.029643    0.000000    0.000000    0.240946    0.000000    0.000000    0.117238    0.000000    0.000000  
17.231723    -0.027227    0.000000    0.000000    0.242072    0.000000    0.000000    0.107570    0.000000    0.000000  
17.241724    -0.024800    0.000000    0.000000    0.243101    0.000000    0.000000    0.097848    0.000000    0.000000  
17.251725    -0.022364    0.000000    0.000000    0.244033    0.000000    0.000000    0.088084    0.000000    0.000000  
17.261726    -0.019918    0.000000    0.000000    0.244868    0.000000    0.000000    0.078286    0.000000    0.000000  
17.271727    -0.017465    0.000000    0.000000    0.245605    0.000000    0.000000    0.068467    0.000000    0.000000  
17.281728    -0.015005    0.000000    0.000000    0.246244    0.000000    0.000000    0.058634    0.000000    0.000000  
17.291729    -0.012540    0.000000    0.000000    0.246783    0.000000    0.000000    0.048798    0.000000    0.000000  
17.301730    -0.010069    0.000000    0.000000    0.247222    0.000000    0.000000    0.038970    0.000000    0.000000  
17.311731    -0.007595    0.000000    0.000000    0.247562    0.000000    0.000000    0.029157    0.000000    0.000000  
17.321732    -0.005118    0.000000    0.000000    0.247802    0.000000    0.000000    0.019361    0.000000    0.000000  
17.331733    -0.002639    0.000000    0.000000    0.247943    0.000000    0.000000    0.009583    0.000000    0.000000  
17.341734    -0.000160    0.000000    0.000000    0.247985    0.000000    0.000000    -0.000177    0.000000    0.000000  
17.351735    0.002320    0.000000    0.000000    0.247930    0.000000    0.000000    -0.009916    0.000000    0.000000  
17.361736    0.004799    0.000000    0.000000    0.247778    0.000000    0.000000    -0.019635    0.000000    0.000000  
17.371737    0.007275    0.000000    0.000000    0.247529    0.000000    0.000000    -0.029331    0.000000    0.000000  
17.381738    0.009749    0.000000    0.000000    0.247184    0.000000    0.000000    -0.039005    0.000000    0.000000  
17.391739    0.012219    0.000000    0.000000    0.246743    0.000000    0.000000    -0.048654    0.000000    0.000000  
17.401740    0.014684    0.000000    0.000000    0.246208    0.000000    0.000000    -0.058278    0.000000    0.000000  
17.411741    0.017143    0.000000    0.000000    0.245578    0.000000    0.000000    -0.067876    0.000000    0.000000  
17.421742    0.019596    0.000000    0.000000    0.244854    0.000000    0.000000    -0.077446    0.000000    0.000000  
17.431743    0.022041    0.000000    0.000000    0.244036    0.000000    0.000000    -0.086985    0.000000    0.000000  
17.441744    0.024477    0.000000    0.000000    0.243123    0.000000    0.000000    -0.096494    0.000000    0.000000  
17.451745    0.026904    0.000000    0.000000    0.242115    0.000000    0.000000    -0.105969    0.000000    0.000000  
17.461746    0.029320    0.000000    0.000000    0.241013    0.000000    0.000000    -0.115409    0.000000    0.000000  
17.471747    0.031724    0.000000    0.000000    0.239816    0.000000    0.000000    -0.124812    0.000000    0.000000  
17.481748    0.034116    0.000000    0.000000    0.238524    0.000000    0.000000    -0.134177    0.000000    0.000000  
17.491749    0.036495    0.000000    0.000000    0.237138    0.000000    0.000000    -0.143502    0.000000    0.000000  
17.501750    0.038859    0.000000    0.000000    0.235657    0.000000    0.000000    -0.152784    0.000000    0.000000  
17.511751    0.041208    0.000000    0.000000    0.234081    0.000000    0.000000    -0.162023    0.000000    0.000000  
17.521752    0.043541    0.000000    0.000000    0.232412    0.000000    0.000000    -0.171215    0.000000    0.000000  
17.531753    0.045857    0.000000    0.000000    0.230650    0.000000    0.000000    -0.180357    0.000000    0.000000  
17.541754    0.048154    0.000000    0.000000    0.228797    0.000000    0.000000    -0.189447    0.000000    0.000000  
17.551755    0.050433    0.000000    0.000000    0.226852    0.000000    0.000000    -0.198482    0.000000    0.000000  
17.561756    0.052692    0.000000    0.000000    0.224818    0.000000    0.000000    -0.207459    0.000000    0.000000  
17.571757    0.054930    0.000000    0.000000    0.222695    0.000000    0.000000    -0.216375    0.000000    0.000000  
17.581758    0.057146    0.000000    0.000000    0.220483    0.000000    0.000000    -0.225227    0.000000    0.000000  
17.591759    0.059340    0.000000    0.000000    0.218185    0.000000    0.000000    -0.234013    0.000000    0.000000  
17.601760    0.061510    0.000000    0.000000    0.215800    0.000000    0.000000    -0.242730    0.000000    0.000000  
17.611761    0.063656    0.000000    0.000000    0.213331    0.000000    0.000000    -0.251372    0.000000    0.000000  
17.621762    0.065777    0.000000    0.000000    0.210776    0.000000    0.000000    -0.259929    0.000000    0.000000  
17.631763    0.067871    0.000000    0.000000    0.208138    0.000000    0.000000    -0.268392    0.000000    0.000000  
17.641764    0.069939    0.000000    0.000000    0.205418    0.000000    0.000000    -0.276749    0.000000    0.000000  
17.651765    0.071979    0.000000    0.000000    0.202615    0.000000    0.000000    -0.284988    0.000000    0.000000  
17.661766    0.073991    0.000000    0.000000    0.199730    0.000000    0.000000    -0.293101    0.000000    0.000000  
17.671767    0.075974    0.000000    0.000000    0.196765    0.000000    0.000000    -0.301075    0.000000    0.000000  
17.681768    0.077927    0.000000    0.000000    0.193720    0.000000    0.000000    -0.308900    0.000000    0.000000  
17.691769    0.079849    0.000000    0.000000    0.190596    0.000000    0.000000    -0.316564    0.000000    0.000000  
17.701770    0.081739    0.000000    0.000000    0.187393    0.000000    0.000000    -0.324059    0.000000    0.000000  
17.711771    0.083597    0.000000    0.000000    0.184114    0.000000    0.000000    -0.331376    0.000000    0.000000  
17.721772    0.085421    0.000000    0.000000    0.180759    0.000000    0.000000    -0.338523    0.000000    0.000000  
17.731773    0.087212    0.000000    0.000000    0.177331    0.000000    0.000000    -0.345505    0.000000    0.000000  
17.741774    0.088968    0.000000    0.000000    0.173832    0.000000    0.000000    -0.352331    0.000000    0.000000  
17.751775    0.090690    0.000000    0.000000    0.170265    0.000000    0.000000    -0.359006    0.000000    0.000000  
17.761776    0.092375    0.000000    0.000000    0.166632    0.000000    0.000000    -0.365540    0.000000    0.000000  
17.771777    0.094023    0.000000    0.000000    0.162935    0.000000    0.000000    -0.371938    0.000000    0.000000  
17.781778    0.095634    0.000000    0.000000    0.159176    0.000000    0.000000    -0.378208    0.000000    0.000000  
17.791779    0.097208    0.000000    0.000000    0.155358    0.000000    0.000000    -0.384357    0.000000    0.000000  
17.801780    0.098742    0.000000    0.000000    0.151482    0.000000    0.000000    -0.390393    0.000000    0.000000  
17.811781    0.100237    0.000000    0.000000    0.147551    0.000000    0.000000    -0.396316    0.000000    0.000000  
17.821782    0.101693    0.000000    0.000000    0.143565    0.000000    0.000000    -0.402113    0.000000    0.000000  
17.831783    0.103108    0.000000    0.000000    0.139526    0.000000    0.000000    -0.407769    0.000000    0.000000  
17.841784    0.104482    0.000000    0.000000    0.135433    0.000000    0.000000    -0.413268    0.000000    0.000000  
17.851785    0.105815    0.000000    0.000000    0.131287    0.000000    0.000000    -0.418597    0.000000    0.000000  
17.861786    0.107106    0.000000    0.000000    0.127090    0.000000    0.000000    -0.423738    0.000000    0.000000  
17.871787    0.108355    0.000000    0.000000    0.122841    0.000000    0.000000    -0.428678    0.000000    0.000000  
17.881788    0.109562    0.000000    0.000000    0.118542    0.000000    0.000000    -0.433401    0.000000    0.000000  
17.891789    0.110726    0.000000    0.000000    0.114192    0.000000    0.000000    -0.437891    0.000000    0.000000  
17.901790    0.111846    0.000000    0.000000    0.109794    0.000000    0.000000    -0.442133    0.000000    0.000000  
17.911791    0.112922    0.000000    0.000000    0.105347    0.000000    0.000000    -0.446121    0.000000    0.000000  
17.921792    0.113953    0.000000    0.000000    0.100856    0.000000    0.000000    -0.449863    0.000000    0.000000  
17.931793    0.114940    0.000000    0.000000    0.096324    0.000000    0.000000    -0.453374    0.000000    0.000000  
17.941794    0.115882    0.000000    0.000000    0.091755    0.000000    0.000000    -0.456665    0.000000    0.000000  
17.951795    0.116778    0.000000    0.000000    0.087152    0.000000    0.000000    -0.459749    0.000000    0.000000  
17.961796    0.117628    0.000000    0.000000    0.082519    0.000000    0.000000    -0.462640    0.000000    0.000000  
17.971797    0.118431    0.000000    0.000000    0.077860    0.000000    0.000000    -0.465350    0.000000    0.000000  
17.981798    0.119187    0.000000    0.000000    0.073177    0.000000    0.000000    -0.467892    0.000000    0.000000  
17.991799    0.119897    0.000000    0.000000    0.068476    0.000000    0.000000    -0.470278    0.000000    0.000000  
18.001800    0.120558    0.000000    0.000000    0.063758    0.000000    0.000000    -0.472523    0.000000    0.000000  
18.011801    0.121172    0.000000    0.000000    0.059028    0.000000    0.000000    -0.474637    0.000000    0.000000  
18.021802    0.121737    0.000000    0.000000    0.054283    0.000000    0.000000    -0.476636    0.000000    0.000000  
18.031803    0.122254    0.000000    0.000000    0.049523    0.000000    0.000000    -0.478533    0.000000    0.000000  
18.041804    0.122724    0.000000    0.000000    0.044748    0.000000    0.000000    -0.480340    0.000000    0.000000  
18.051805    0.123145    0.000000    0.000000    0.039956    0.000000    0.000000    -0.482072    0.000000    0.000000  
18.061806    0.123518    0.000000    0.000000    0.035146    0.000000    0.000000    -0.483742    0.000000    0.000000  
18.071807    0.123844    0.000000    0.000000    0.030317    0.000000    0.000000    -0.485364    0.000000    0.000000  
18.081808    0.124121    0.000000    0.000000    0.025468    0.000000    0.000000    -0.486951    0.000000    0.000000  
18.091809    0.124350    0.000000    0.000000    0.020599    0.000000    0.000000    -0.488517    0.000000    0.000000  
18.101810    0.124531    0.000000    0.000000    0.015708    0.000000    0.000000    -0.490074    0.000000    0.000000  
18.111811    0.124665    0.000000    0.000000    0.010795    0.000000    0.000000    -0.491620    0.000000    0.000000  
18.121812    0.124749    0.000000    0.000000    0.005863    0.000000    0.000000    -0.493108    0.000000    0.000000  
18.131813    0.124786    0.000000    0.000000    0.000915    0.000000    0.000000    -0.494485    0.000000    0.000000  
18.141814    0.124773    0.000000    0.000000    -0.004046    0.000000    0.000000    -0.495701    0.000000    0.000000  
18.151815    0.124710    0.000000    0.000000    -0.009016    0.000000    0.000000    -0.496703    0.000000    0.000000  
18.161816    0.124599    0.000000    0.000000    -0.013992    0.000000    0.000000    -0.497440    0.000000    0.000000  
18.171817    0.124437    0.000000    0.000000    -0.018972    0.000000    0.000000    -0.497859    0.000000    0.000000  
18.181818    0.124225    0.000000    0.000000    -0.023953    0.000000    0.000000    -0.497909    0.000000    0.000000  
18.191819    0.123962    0.000000    0.000000    -0.028930    0.000000    0.000000    -0.497537    0.000000    0.000000  
18.201820    0.123648    0.000000    0.000000    -0.033902    0.000000    0.000000    -0.496693    0.000000    0.000000  
18.211821    0.123283    0.000000    0.000000    -0.038864    0.000000    0.000000    -0.495348    0.000000    0.000000  
18.221822    0.122868    0.000000    0.000000    -0.043814    0.000000    0.000000    -0.493537    0.000000    0.000000  
18.231823    0.122402    0.000000    0.000000    -0.048745    0.000000    0.000000    -0.491299    0.000000    0.000000  
18.241824    0.121887    0.000000    0.000000    -0.053656    0.000000    0.000000    -0.488677    0.000000    0.000000  
18.251825    0.121323    0.000000    0.000000    -0.058540    0.000000    0.000000    -0.485710    0.000000    0.000000  
18.261826    0.120711    0.000000    0.000000    -0.063395    0.000000    0.000000    -0.482440    0.000000    0.000000  
18.271827    0.120050    0.000000    0.000000    -0.068216    0.000000    0.000000    -0.478908    0.000000    0.000000  
18.281828    0.119342    0.000000    0.000000    -0.072999    0.000000    0.000000    -0.475154    0.000000    0.000000  
18.291829    0.118587    0.000000    0.000000    -0.077740    0.000000    0.000000    -0.471221    0.000000    0.000000  
18.301830    0.117786    0.000000    0.000000    -0.082435    0.000000    0.000000    -0.467148    0.000000    0.000000  
18.311831    0.116939    0.000000    0.000000    -0.087081    0.000000    0.000000    -0.462967    0.000000    0.000000  
18.321832    0.116046    0.000000    0.000000    -0.091678    0.000000    0.000000    -0.458685    0.000000    0.000000  
18.331833    0.115108    0.000000    0.000000    -0.096228    0.000000    0.000000    -0.454306    0.000000    0.000000  
18.341834    0.114125    0.000000    0.000000    -0.100730    0.000000    0.000000    -0.449835    0.000000    0.000000  
18.351835    0.113097    0.000000    0.000000    -0.105186    0.000000    0.000000    -0.445275    0.000000    0.000000  
18.361836    0.112025    0.000000    0.000000    -0.109596    0.000000    0.000000    -0.440631    0.000000    0.000000  
18.371837    0.110909    0.000000    0.000000    -0.113962    0.000000    0.000000    -0.435907    0.000000    0.000000  
18.381838    0.109749    0.000000    0.000000    -0.118283    0.000000    0.000000    -0.431106    0.000000    0.000000  
18.391839    0.108545    0.000000    0.000000    -0.122561    0.000000    0.000000    -0.426233    0.000000    0.000000  
18.401840    0.107298    0.000000    0.000000    -0.126797    0.000000    0.000000    -0.421292    0.000000    0.000000  
18.411841    0.106009    0.000000    0.000000    -0.130990    0.000000    0.000000    -0.416283    0.000000    0.000000  
18.421842    0.104677    0.000000    0.000000    -0.135138    0.000000    0.000000    -0.411190    0.000000    0.000000  
18.431843    0.103304    0.000000    0.000000    -0.139239    0.000000    0.000000    -0.406001    0.000000    0.000000  
18.441844    0.101890    0.000000    0.000000    -0.143289    0.000000    0.000000    -0.400699    0.000000    0.000000  
18.451845    0.100436    0.000000    0.000000    -0.147285    0.000000    0.000000    -0.395270    0.000000    0.000000  
18.461846    0.098942    0.000000    0.000000    -0.151226    0.000000    0.000000    -0.389698    0.000000    0.000000  
18.471847    0.097409    0.000000    0.000000    -0.155109    0.000000    0.000000    -0.383970    0.000000    0.000000  
18.481848    0.095838    0.000000    0.000000    -0.158930    0.000000    0.000000    -0.378069    0.000000    0.000000  
18.491849    0.094229    0.000000    0.000000    -0.162687    0.000000    0.000000    -0.371981    0.000000    0.000000  
18.501850    0.092584    0.000000    0.000000    -0.166377    0.000000    0.000000    -0.365691    0.000000    0.000000  
18.511851    0.090902    0.000000    0.000000    -0.169999    0.000000    0.000000    -0.359191    0.000000    0.000000  
18.521852    0.089184    0.000000    0.000000    -0.173551    0.000000    0.000000    -0.352492    0.000000    0.000000  
18.531853    0.087431    0.000000    0.000000    -0.177033    0.000000    0.000000    -0.345604    0.000000    0.000000  
18.541854    0.085645    0.000000    0.000000    -0.180444    0.000000    0.000000    -0.338541    0.000000    0.000000  
18.551855    0.083824    0.000000    0.000000    -0.183783    0.000000    0.000000    -0.331314    0.000000    0.000000  
18.561856    0.081970    0.000000    0.000000    -0.187049    0.000000    0.000000    -0.323935    0.000000    0.000000  
18.571857    0.080084    0.000000    0.000000    -0.190243    0.000000    0.000000    -0.316417    0.000000    0.000000  
18.581858    0.078167    0.000000    0.000000    -0.193362    0.000000    0.000000    -0.308771    0.000000    0.000000  
18.591859    0.076218    0.000000    0.000000    -0.196408    0.000000    0.000000    -0.301010    0.000000    0.000000  
18.601860    0.074239    0.000000    0.000000    -0.199378    0.000000    0.000000    -0.293145    0.000000    0.000000  
18.611861    0.072230    0.000000    0.000000    -0.202272    0.000000    0.000000    -0.285186    0.000000    0.000000  
18.621862    0.070193    0.000000    0.000000    -0.205088    0.000000    0.000000    -0.277132    0.000000    0.000000  
18.631863    0.068127    0.000000    0.000000    -0.207826    0.000000    0.000000    -0.268982    0.000000    0.000000  
18.641864    0.066035    0.000000    0.000000    -0.210482    0.000000    0.000000    -0.260736    0.000000    0.000000  
18.651865    0.063916    0.000000    0.000000    -0.213056    0.000000    0.000000    -0.252393    0.000000    0.000000  
18.661866    0.061772    0.000000    0.000000    -0.215546    0.000000    0.000000    -0.243950    0.000000    0.000000  
18.671867    0.059604    0.000000    0.000000    -0.217950    0.000000    0.000000    -0.235409    0.000000    0.000000  
18.681868    0.057413    0.000000    0.000000    -0.220266    0.000000    0.000000    -0.226767    0.000000    0.000000  
18.691869    0.055198    0.000000    0.000000    -0.222494    0.000000    0.000000    -0.218024    0.000000    0.000000  
18.701870    0.052962    0.000000    0.000000    -0.224632    0.000000    0.000000    -0.209178    0.000000    0.000000  
18.711871    0.050706    0.000000    0.000000    -0.226677    0.000000    0.000000    -0.200232    0.000000    0.000000  
18.721872    0.048429    0.000000    0.000000    -0.228630    0.000000    0.000000    -0.191193    0.000000    0.000000  
18.731873    0.046133    0.000000    0.000000    -0.230492    0.000000    0.000000    -0.182069    0.000000    0.000000  
18.741874    0.043819    0.000000    0.000000    -0.232261    0.000000    0.000000    -0.172869    0.000000    0.000000  
18.751875    0.041488    0.000000    0.000000    -0.233937    0.000000    0.000000    -0.163602    0.000000    0.000000  
18.761876    0.039141    0.000000    0.000000    -0.235521    0.000000    0.000000    -0.154275    0.000000    0.000000  
18.771877    0.036778    0.000000    0.000000    -0.237012    0.000000    0.000000    -0.144898    0.000000    0.000000  
18.781878    0.034401    0.000000    0.000000    -0.238411    0.000000    0.000000    -0.135478    0.000000    0.000000  
18.791879    0.032010    0.000000    0.000000    -0.239716    0.000000    0.000000    -0.126024    0.000000    0.000000  
18.801880    0.029607    0.000000    0.000000    -0.240929    0.000000    0.000000    -0.116545    0.000000    0.000000  
18.811881    0.027191    0.000000    0.000000    -0.242048    0.000000    0.000000    -0.107046    0.000000    0.000000  
18.821882    0.024765    0.000000    0.000000    -0.243073    0.000000    0.000000    -0.097525    0.000000    0.000000  
18.831883    0.022329    0.000000    0.000000    -0.244004    0.000000    0.000000    -0.087980    0.000000    0.000000  
18.841884    0.019885    0.000000    0.000000    -0.244840    0.000000    0.000000    -0.078409    0.000000    0.000000  
18.851885    0.017432    0.000000    0.000000    -0.245579    0.000000    0.000000    -0.068808    0.000000    0.000000  
18.861886    0.014973    0.000000    0.000000    -0.246223    0.000000    0.000000    -0.059175    0.000000    0.000000  
18.871887    0.012507    0.000000    0.000000    -0.246769    0.000000    0.000000    -0.049507    0.000000    0.000000  
18.881888    0.010037    0.000000    0.000000    -0.247219    0.000000    0.000000    -0.039802    0.000000    0.000000  
18.891889    0.007563    0.000000    0.000000    -0.247569    0.000000    0.000000    -0.030058    0.000000    0.000000  
18.901890    0.005085    0.000000    0.000000    -0.247821    0.000000    0.000000    -0.020271    0.000000    0.000000  
18.911891    0.002606    0.000000    0.000000    -0.247974    0.000000    0.000000    -0.010442    0.000000    0.000000  
18.921892    0.000126    0.000000    0.000000    -0.248028    0.000000    0.000000    -0.000582    0.000000    0.000000  
18.931893    -0.002355    0.000000    0.000000    -0.247983    0.000000    0.000000    0.009300    0.000000    0.000000  
18.941894    -0.004834    0.000000    0.000000    -0.247839    0.000000    0.000000    0.019193    0.000000    0.000000  
18.951895    -0.007312    0.000000    0.000000    -0.247597    0.000000    0.000000    0.029086    0.000000    0.000000  
18.961896    -0.009786    0.000000    0.000000    -0.247256    0.000000    0.000000    0.038970    0.000000    0.000000  
18.971897    -0.012257    0.000000    0.000000    -0.246816    0.000000    0.000000    0.048834    0.000000    0.000000  
18.981898    -0.014723    0.000000    0.000000    -0.246279    0.000000    0.000000    0.058667    0.000000    0.000000  
18.991899    -0.017183    0.000000    0.000000    -0.245643    0.000000    0.000000    0.068458    0.000000    0.000000  
19.001900    -0.019636    0.000000    0.000000    -0.244910    0.000000    0.000000    0.078198    0.000000    0.000000  
19.011901    -0.022081    0.000000    0.000000    -0.244079    0.000000    0.000000    0.087879    0.000000    0.000000  
19.021902    -0.024518    0.000000    0.000000    -0.243152    0.000000    0.000000    0.097499    0.000000    0.000000  
19.031903    -0.026944    0.000000    0.000000    -0.242128    0.000000    0.000000    0.107060    0.000000    0.000000  
19.041904    -0.029360    0.000000    0.000000    -0.241008    0.000000    0.000000    0.116560    0.000000    0.000000  
19.051905    -0.031765    0.000000    0.000000    -0.239794    0.000000    0.000000    0.126001    0.000000    0.000000  
19.061906    -0.034157    0.000000    0.000000    -0.238486    0.000000    0.000000    0.135381    0.000000    0.000000  
19.071907    -0.036535    0.000000    0.000000    -0.237084    0.000000    0.000000    0.144701    0.000000    0.000000  
19.081908    -0.038899    0.000000    0.000000    -0.235590    0.000000    0.000000    0.153962    0.000000    0.000000  
19.091909    -0.041247    0.000000    0.000000    -0.234003    0.000000    0.000000    0.163162    0.000000    0.000000  
19.101910    -0.043579    0.000000    0.000000    -0.232326    0.000000    0.000000    0.172303    0.000000    0.000000  
19.111911    -0.045894    0.000000    0.000000    -0.230557    0.000000    0.000000    0.181383    0.000000    0.000000  
19.121912    -0.048190    0.000000    0.000000    -0.228699    0.000000    0.000000    0.190399    0.000000    0.000000  
19.131913    -0.050468    0.000000    0.000000    -0.226751    0.000000    0.000000    0.199347    0.000000    0.000000  
19.141914    -0.052725    0.000000    0.000000    -0.224715    0.000000    0.000000    0.208224    0.000000    0.000000  
19.151915    -0.054962    0.000000    0.000000    -0.222590    0.000000    0.000000    0.217026    0.000000    0.000000  
19.161916    -0.057177    0.000000    0.000000    -0.220378    0.000000    0.000000    0.225750    0.000000    0.000000  
19.171917    -0.059369    0.000000    0.000000    -0.218079    0.000000    0.000000    0.234392    0.000000    0.000000  
19.181918    -0.061538    0.000000    0.000000    -0.215694    0.000000    0.000000    0.242949    0.000000    0.000000  
19.191919    -0.063683    0.000000    0.000000    -0.213223    0.000000    0.000000    0.251417    0.000000    0.000000  
19.201920    -0.065803    0.000000    0.000000    -0.210667    0.000000    0.000000    0.259792    0.000000    0.000000  
19.211921    -0.067897    0.000000    0.000000    -0.208026    0.000000    0.000000    0.268071    0.000000    0.000000  
19.221922    -0.069964    0.000000    0.000000    -0.205303    0.000000    0.000000    0.276248    0.000000    0.000000  
19.231923    -0.072003    0.000000    0.000000    -0.202498    0.000000    0.000000    0.284320    0.000000    0.000000  
19.241924    -0.074014    0.000000    0.000000    -0.199613    0.000000    0.000000    0.292279    0.000000    0.000000  
19.251925    -0.075996    0.000000    0.000000    -0.196649    0.000000    0.000000    0.300122    0.000000    0.000000  
19.261926    -0.077948    0.000000    0.000000    -0.193607    0.000000    0.000000    0.307844    0.000000    0.000000  
19.271927    -0.079869    0.000000    0.000000    -0.190489    0.000000    0.000000    0.315439    0.000000    0.000000  
19.281928    -0.081759    0.000000    0.000000    -0.187296    0.000000    0.000000    0.322902    0.000000    0.000000  
19.291929    -0.083616    0.000000    0.000000    -0.184030    0.000000    0.000000    0.330229    0.000000    0.000000  
19.301930    -0.085440    0.000000    0.000000    -0.180691    0.000000    0.000000    0.337413    0.000000    0.000000  
19.311931    -0.087230    0.000000    0.000000    -0.177281    0.000000    0.000000    0.344454    0.000000    0.000000  
19.321932    -0.088985    0.000000    0.000000    -0.173802    0.000000    0.000000    0.351355    0.000000    0.000000  
19.331933    -0.090705    0.000000    0.000000    -0.170254    0.000000    0.000000    0.358120    0.000000    0.000000  
19.341934    -0.092389    0.000000    0.000000    -0.166639    0.000000    0.000000    0.364753    0.000000    0.000000  
19.351935    -0.094037    0.000000    0.000000    -0.162959    0.000000    0.000000    0.371261    0.000000    0.000000  
19.361936    -0.095648    0.000000    0.000000    -0.159213    0.000000    0.000000    0.377646    0.000000    0.000000  
19.371937    -0.097221    0.000000    0.000000    -0.155404    0.000000    0.000000    0.383913    0.000000    0.000000  
19.381938    -0.098756    0.000000    0.000000    -0.151533    0.000000    0.000000    0.390068    0.000000    0.000000  
19.391939    -0.100252    0.000000    0.000000    -0.147601    0.000000    0.000000    0.396114    0.000000    0.000000  
19.401940    -0.101708    0.000000    0.000000    -0.143610    0.000000    0.000000    0.402056    0.000000    0.000000  
19.411941    -0.103124    0.000000    0.000000    -0.139560    0.000000    0.000000    0.407891    0.000000    0.000000  
19.421942    -0.104499    0.000000    0.000000    -0.135454    0.000000    0.000000    0.413594    0.000000    0.000000  
19.431943    -0.105833    0.000000    0.000000    -0.131293    0.000000    0.000000    0.419141    0.000000    0.000000  
19.441944    -0.107126    0.000000    0.000000    -0.127079    0.000000    0.000000    0.424504    0.000000    0.000000  
19.451945    -0.108376    0.000000    0.000000    -0.122814    0.000000    0.000000    0.429659    0.000000    0.000000  
19.461946    -0.109583    0.000000    0.000000    -0.118500    0.000000    0.000000    0.434578    0.000000    0.000000  
19.471947    -0.110747    0.000000    0.000000    -0.114137    0.000000    0.000000    0.439236    0.000000    0.000000  
19.481948    -0.111867    0.000000    0.000000    -0.109729    0.000000    0.000000    0.443608    0.000000    0.000000  
19.491949    -0.112942    0.000000    0.000000    -0.105277    0.000000    0.000000    0.447666    0.000000    0.000000  
19.501950    -0.113973    0.000000    0.000000    -0.100782    0.000000    0.000000    0.451386    0.000000    0.000000  
19.511951    -0.114958    0.000000    0.000000    -0.096247    0.000000    0.000000    0.454758    0.000000    0.000000  
19.521952    -0.115897    0.000000    0.000000    -0.091676    0.000000    0.000000    0.457813    0.000000    0.000000  
19.531953    -0.116791    0.000000    0.000000    -0.087070    0.000000    0.000000    0.460585    0.000000    0.000000  
19.541954    -0.117638    0.000000    0.000000    -0.082435    0.000000    0.000000    0.463111    0.000000    0.000000  
19.551955    -0.118439    0.000000    0.000000    -0.077773    0.000000    0.000000    0.465425    0.000000    0.000000  
19.561956    -0.119194    0.000000    0.000000    -0.073087    0.000000    0.000000    0.467564    0.000000    0.000000  
19.571957    -0.119901    0.000000    0.000000    -0.068382    0.000000    0.000000    0.469562    0.000000    0.000000  
19.581958    -0.120562    0.000000    0.000000    -0.063659    0.000000    0.000000    0.471455    0.000000    0.000000  
19.591959    -0.121175    0.000000    0.000000    -0.058924    0.000000    0.000000    0.473278    0.000000    0.000000  
19.601960    -0.121741    0.000000    0.000000    -0.054179    0.000000    0.000000    0.475067    0.000000    0.000000  
19.611961    -0.122258    0.000000    0.000000    -0.049426    0.000000    0.000000    0.476846    0.000000    0.000000  
19.621962    -0.122729    0.000000    0.000000    -0.044663    0.000000    0.000000    0.478616    0.000000    0.000000  
19.631963    -0.123151    0.000000    0.000000    -0.039889    0.000000    0.000000    0.480374    0.000000    0.000000  
19.641964    -0.123525    0.000000    0.000000    -0.035101    0.000000    0.000000    0.482117    0.000000    0.000000  
19.651965    -0.123851    0.000000    0.000000    -0.030298    0.000000    0.000000    0.483843    0.000000    0.000000  
19.661966    -0.124129    0.000000    0.000000    -0.025478    0.000000    0.000000    0.485548    0.000000    0.000000  
19.671967    -0.124358    0.000000    0.000000    -0.020638    0.000000    0.000000    0.487230    0.000000    0.000000  
19.681968    -0.124540    0.000000    0.000000    -0.015776    0.000000    0.000000    0.488886    0.000000    0.000000  
19.691969    -0.124672    0.000000    0.000000    -0.010891    0.000000    0.000000    0.490513    0.000000    0.000000  
19.701970    -0.124757    0.000000    0.000000    -0.005981    0.000000    0.000000    0.492109    0.000000    0.000000  
19.711971    -0.124792    0.000000    0.000000    -0.001045    0.000000    0.000000    0.493655    0.000000    0.000000  
19.721972    -0.124779    0.000000    0.000000    0.003913    0.000000    0.000000    0.495099    0.000000    0.000000  
19.731973    -0.124716    0.000000    0.000000    0.008888    0.000000    0.000000    0.496385    0.000000    0.000000  
19.741974    -0.124604    0.000000    0.000000    0.013876    0.000000    0.000000    0.497456    0.000000    0.000000  
19.751975    -0.124443    0.000000    0.000000    0.018872    0.000000    0.000000    0.498255    0.000000    0.000000  
19.761976    -0.124232    0.000000    0.000000    0.023872    0.000000    0.000000    0.498725    0.000000    0.000000  
19.771977    -0.123970    0.000000    0.000000    0.028871    0.000000    0.000000    0.498811    0.000000    0.000000  
19.781978    -0.123659    0.000000    0.000000    0.033866    0.000000    0.000000    0.498454    0.000000    0.000000  
19.791979    -0.123296    0.000000    0.000000    0.038850    0.000000    0.000000    0.497599    0.000000    0.000000  
19.801980    -0.122883    0.000000    0.000000    0.043821    0.000000    0.000000    0.496189    0.000000    0.000000  
19.811981    -0.122419    0.000000    0.000000    0.048773    0.000000    0.000000    0.494199    0.000000    0.000000  
19.821982    -0.121905    0.000000    0.000000    0.053703    0.000000    0.000000    0.491677    0.000000    0.000000  
19.831983    -0.121341    0.000000    0.000000    0.058607    0.000000    0.000000    0.488681    0.000000    0.000000  
19.841984    -0.120728    0.000000    0.000000    0.063482    0.000000    0.000000    0.485268    0.000000    0.000000  
19.851985    -0.120067    0.000000    0.000000    0.068324    0.000000    0.000000    0.481496    0.000000    0.000000  
19.861986    -0.119357    0.000000    0.000000    0.073128    0.000000    0.000000    0.477421    0.000000    0.000000  
19.871987    -0.118600    0.000000    0.000000    0.077891    0.000000    0.000000    0.473103    0.000000    0.000000  
19.881988    -0.117796    0.000000    0.000000    0.082610    0.000000    0.000000    0.468597    0.000000    0.000000  
19.891989    -0.116945    0.000000    0.000000    0.087281    0.000000    0.000000    0.463962    0.000000    0.000000  
19.901990    -0.116049    0.000000    0.000000    0.091900    0.000000    0.000000    0.459255    0.000000    0.000000  
19.911991    -0.115107    0.000000    0.000000    0.096464    0.000000    0.000000    0.454517    0.000000    0.000000  
19.921992    -0.114121    0.000000    0.000000    0.100975    0.000000    0.000000    0.449748    0.000000    0.000000  
19.931993    -0.113090    0.000000    0.000000    0.105433    0.000000    0.000000    0.444946    0.000000    0.000000  
19.941994    -0.112015    0.000000    0.000000    0.109840    0.000000    0.000000    0.440108    0.000000    0.000000  
19.951995    -0.110896    0.000000    0.000000    0.114197    0.000000    0.000000    0.435229    0.000000    0.000000  
19.961996    -0.109734    0.000000    0.000000    0.118505    0.000000    0.000000    0.430307    0.000000    0.000000  
19.971997    -0.108529    0.000000    0.000000    0.122766    0.000000    0.000000    0.425338    0.000000    0.000000  
19.981998    -0.107281    0.000000    0.000000    0.126980    0.000000    0.000000    0.420319    0.000000    0.000000  
19.991999    -0.105991    0.000000    0.000000    0.131149    0.000000    0.000000    0.415246    0.000000    0.000000  
20.002000    -0.104658    0.000000    0.000000    0.135274    0.000000    0.000000    0.410116    0.000000    0.000000  
20.012001    -0.103285    0.000000    0.000000    0.139355    0.000000    0.000000    0.404922    0.000000    0.000000  
20.022002    -0.101870    0.000000    0.000000    0.143389    0.000000    0.000000    0.399646    0.000000    0.000000  
20.032003    -0.100416    0.000000    0.000000    0.147374    0.000000    0.000000    0.394271    0.000000    0.000000  
20.042004    -0.098921    0.000000    0.000000    0.151307    0.000000    0.000000    0.388779    0.000000    0.000000  
20.052005    -0.097388    0.000000    0.000000    0.155184    0.000000    0.000000    0.383151    0.000000    0.000000  
20.062006    -0.095816    0.000000    0.000000    0.159004    0.000000    0.000000    0.377371    0.000000    0.000000  
20.072007    -0.094207    0.000000    0.000000    0.162762    0.000000    0.000000    0.371419    0.000000    0.000000  
20.082008    -0.092560    0.000000    0.000000    0.166457    0.000000    0.000000    0.365278    0.000000    0.000000  
20.092009    -0.090877    0.000000    0.000000    0.170085    0.000000    0.000000    0.358929    0.000000    0.000000  
20.102010    -0.089158    0.000000    0.000000    0.173644    0.000000    0.000000    0.352356    0.000000    0.000000  
20.112011    -0.087404    0.000000    0.000000    0.177131    0.000000    0.000000    0.345550    0.000000    0.000000  
20.122012    -0.085616    0.000000    0.000000    0.180545    0.000000    0.000000    0.338526    0.000000    0.000000  
20.132013    -0.083793    0.000000    0.000000    0.183885    0.000000    0.000000    0.331303    0.000000    0.000000  
20.142014    -0.081938    0.000000    0.000000    0.187152    0.000000    0.000000    0.323898    0.000000    0.000000  
20.152015    -0.080050    0.000000    0.000000    0.190344    0.000000    0.000000    0.316330    0.000000    0.000000  
20.162016    -0.078131    0.000000    0.000000    0.193460    0.000000    0.000000    0.308616    0.000000    0.000000  
20.172017    -0.076182    0.000000    0.000000    0.196500    0.000000    0.000000    0.300776    0.000000    0.000000  
20.182018    -0.074202    0.000000    0.000000    0.199463    0.000000    0.000000    0.292826    0.000000    0.000000  
20.192019    -0.072193    0.000000    0.000000    0.202348    0.000000    0.000000    0.284785    0.000000    0.000000  
20.202020    -0.070155    0.000000    0.000000    0.205155    0.000000    0.000000    0.276672    0.000000    0.000000  
20.212021    -0.068089    0.000000    0.000000    0.207882    0.000000    0.000000    0.268497    0.000000    0.000000  
20.222022    -0.065997    0.000000    0.000000    0.210530    0.000000    0.000000    0.260256    0.000000    0.000000  
20.232023    -0.063878    0.000000    0.000000    0.213095    0.000000    0.000000    0.251944    0.000000    0.000000  
20.242024    -0.061734    0.000000    0.000000    0.215578    0.000000    0.000000    0.243554    0.000000    0.000000  
20.252025    -0.059566    0.000000    0.000000    0.217976    0.000000    0.000000    0.235081    0.000000    0.000000  
20.262026    -0.057375    0.000000    0.000000    0.220288    0.000000    0.000000    0.226518    0.000000    0.000000  
20.272027    -0.055160    0.000000    0.000000    0.222514    0.000000    0.000000    0.217859    0.000000    0.000000  
20.282028    -0.052924    0.000000    0.000000    0.224652    0.000000    0.000000    0.209099    0.000000    0.000000  
20.292029    -0.050667    0.000000    0.000000    0.226701    0.000000    0.000000    0.200231    0.000000    0.000000  
20.302030    -0.048390    0.000000    0.000000    0.228659    0.000000    0.000000    0.191249    0.000000    0.000000  
20.312031    -0.046094    0.000000    0.000000    0.230526    0.000000    0.000000    0.182152    0.000000    0.000000  
20.322032    -0.043779    0.000000    0.000000    0.232300    0.000000    0.000000    0.172950    0.000000    0.000000  
20.332033    -0.041447    0.000000    0.000000    0.233981    0.000000    0.000000    0.163655    0.000000    0.000000  
20.342034    -0.039099    0.000000    0.000000    0.235570    0.000000    0.000000    0.154277    0.000000    0.000000  
20.352035    -0.036736    0.000000    0.000000    0.237064    0.000000    0.000000    0.144828    0.000000    0.000000  
20.362036    -0.034358    0.000000    0.000000    0.238464    0.000000    0.000000    0.135319    0.000000    0.000000  
20.372037    -0.031966    0.000000    0.000000    0.239770    0.000000    0.000000    0.125761    0.000000    0.000000  
20.382038    -0.029562    0.000000    0.000000    0.240980    0.000000    0.000000    0.116165    0.000000    0.000000  
20.392039    -0.027147    0.000000    0.000000    0.242094    0.000000    0.000000    0.106543    0.000000    0.000000  
20.402040    -0.024720    0.000000    0.000000    0.243111    0.000000    0.000000    0.096905    0.000000    0.000000  
20.412041    -0.022284    0.000000    0.000000    0.244032    0.000000    0.000000    0.087261    0.000000    0.000000  
20.422042    -0.019839    0.000000    0.000000    0.244855    0.000000    0.000000    0.077610    0.000000    0.000000  
20.432043    -0.017387    0.000000    0.000000    0.245582    0.000000    0.000000    0.067954    0.000000    0.000000  
20.442044    -0.014927    0.000000    0.000000    0.246212    0.000000    0.000000    0.058291    0.000000    0.000000  
20.452045    -0.012462    0.000000    0.000000    0.246746    0.000000    0.000000    0.048622    0.000000    0.000000  
20.462046    -0.009992    0.000000    0.000000    0.247183    0.000000    0.000000    0.038948    0.000000    0.000000  
20.472047    -0.007518    0.000000    0.000000    0.247523    0.000000    0.000000    0.029267    0.000000    0.000000  
20.482048    -0.005042    0.000000    0.000000    0.247766    0.000000    0.000000    0.019581    0.000000    0.000000  
20.492049    -0.002563    0.000000    0.000000    0.247913    0.000000    0.000000    0.009888    0.000000    0.000000  
20.502050    -0.000083    0.000000    0.000000    0.247963    0.000000    0.000000    0.000190    0.000000    0.000000  
20.512051    0.002397    0.000000    0.000000    0.247917    0.000000    0.000000    -0.009513    0.000000    0.000000  
20.522052    0.004875    0.000000    0.000000    0.247774    0.000000    0.000000    -0.019220    0.000000    0.000000  
20.532053    0.007352    0.000000    0.000000    0.247534    0.000000    0.000000    -0.028928    0.000000    0.000000  
20.542054    0.009826    0.000000    0.000000    0.247198    0.000000    0.000000    -0.038635    0.000000    0.000000  
20.552055    0.012296    0.000000    0.000000    0.246764    0.000000    0.000000    -0.048340    0.000000    0.000000  
20.562056    0.014761    0.000000    0.000000    0.246234    0.000000    0.000000    -0.058041    0.000000    0.000000  
20.572057    0.017221    0.000000    0.000000    0.245607    0.000000    0.000000    -0.067735    0.000000    0.000000  
20.582058    0.019674    0.000000    0.000000    0.244882    0.000000    0.000000    -0.077421    0.000000    0.000000  
20.592059    0.022119    0.000000    0.000000    0.244060    0.000000    0.000000    -0.087096    0.000000    0.000000  
20.602060    0.024555    0.000000    0.000000    0.243141    0.000000    0.000000    -0.096760    0.000000    0.000000  
20.612061    0.026982    0.000000    0.000000    0.242125    0.000000    0.000000    -0.106407    0.000000    0.000000  
20.622062    0.029398    0.000000    0.000000    0.241012    0.000000    0.000000    -0.116029    0.000000    0.000000  
20.632063    0.031802    0.000000    0.000000    0.239803    0.000000    0.000000    -0.125617    0.000000    0.000000  
20.642064    0.034194    0.000000    0.000000    0.238498    0.000000    0.000000    -0.135162    0.000000    0.000000  
20.652065    0.036573    0.000000    0.000000    0.237098    0.000000    0.000000    -0.144655    0.000000    0.000000  
20.662066    0.038937    0.000000    0.000000    0.235605    0.000000    0.000000    -0.154086    0.000000    0.000000  
20.672067    0.041285    0.000000    0.000000    0.234017    0.000000    0.000000    -0.163446    0.000000    0.000000  
20.682068    0.043618    0.000000    0.000000    0.232337    0.000000    0.000000    -0.172727    0.000000    0.000000  
20.692069    0.045933    0.000000    0.000000    0.230564    0.000000    0.000000    -0.181918    0.000000    0.000000  
20.702070    0.048229    0.000000    0.000000    0.228699    0.000000    0.000000    -0.191011    0.000000    0.000000  
20.712071    0.050507    0.000000    0.000000    0.226743    0.000000    0.000000    -0.199999    0.000000    0.000000  
20.722072    0.052764    0.000000    0.000000    0.224698    0.000000    0.000000    -0.208883    0.000000    0.000000  
20.732073    0.055001    0.000000    0.000000    0.222563    0.000000    0.000000    -0.217661    0.000000    0.000000  
20.742074    0.057215    0.000000    0.000000    0.220341    0.000000    0.000000    -0.226335    0.000000    0.000000  
20.752075    0.059407    0.000000    0.000000    0.218033    0.000000    0.000000    -0.234906    0.000000    0.000000  
20.762076    0.061576    0.000000    0.000000    0.215639    0.000000    0.000000    -0.243372    0.000000    0.000000  
20.772077    0.063720    0.000000    0.000000    0.213162    0.000000    0.000000    -0.251736    0.000000    0.000000  
20.782078    0.065839    0.000000    0.000000    0.210601    0.000000    0.000000    -0.259996    0.000000    0.000000  
20.792079    0.067932    0.000000    0.000000    0.207959    0.000000    0.000000    -0.268154    0.000000    0.000000  
20.802080    0.069999    0.000000    0.000000    0.205237    0.000000    0.000000    -0.276211    0.000000    0.000000  
20.812081    0.072037    0.000000    0.000000    0.202435    0.000000    0.000000    -0.284165    0.000000    0.000000  
20.822082    0.074047    0.000000    0.000000    0.199555    0.000000    0.000000    -0.292018    0.000000    0.000000  
20.832083    0.076028    0.000000    0.000000    0.196597    0.000000    0.000000    -0.299770    0.000000    0.000000  
20.842084    0.077979    0.000000    0.000000    0.193563    0.000000    0.000000    -0.307422    0.000000    0.000000  
20.852085    0.079900    0.000000    0.000000    0.190452    0.000000    0.000000    -0.314974    0.000000    0.000000  
20.862086    0.081789    0.000000    0.000000    0.187266    0.000000    0.000000    -0.322427    0.000000    0.000000  
20.872087    0.083645    0.000000    0.000000    0.184007    0.000000    0.000000    -0.329780    0.000000    0.000000  
20.882088    0.085469    0.000000    0.000000    0.180673    0.000000    0.000000    -0.337035    0.000000    0.000000  
20.892089    0.087259    0.000000    0.000000    0.177268    0.000000    0.000000    -0.344191    0.000000    0.000000  
20.902090    0.089015    0.000000    0.000000    0.173790    0.000000    0.000000    -0.351250    0.000000    0.000000  
20.912091    0.090735    0.000000    0.000000    0.170242    0.000000    0.000000    -0.358208    0.000000    0.000000  
20.922092    0.092420    0.000000    0.000000    0.166625    0.000000    0.000000    -0.365055    0.000000    0.000000  
20.932093    0.094068    0.000000    0.000000    0.162940    0.000000    0.000000    -0.371780    0.000000    0.000000  
20.942094    0.095678    0.000000    0.000000    0.159189    0.000000    0.000000    -0.378371    0.000000    0.000000  
20.952095    0.097251    0.000000    0.000000    0.155373    0.000000    0.000000    -0.384817    0.000000    0.000000  
20.962096    0.098786    0.000000    0.000000    0.151493    0.000000    0.000000    -0.391106    0.000000    0.000000  
20.972097    0.100282    0.000000    0.000000    0.147552    0.000000    0.000000    -0.397229    0.000000    0.000000  
20.982098    0.101738    0.000000    0.000000    0.143551    0.000000    0.000000    -0.403172    0.000000    0.000000  
20.992099    0.103153    0.000000    0.000000    0.139491    0.000000    0.000000    -0.408925    0.000000    0.000000  
21.002100    0.104528    0.000000    0.000000    0.135374    0.000000    0.000000    -0.414477    0.000000    0.000000  
21.012101    0.105861    0.000000    0.000000    0.131201    0.000000    0.000000    -0.419818    0.000000    0.000000  
21.022102    0.107152    0.000000    0.000000    0.126975    0.000000    0.000000    -0.424941    0.000000    0.000000  
21.032103    0.108400    0.000000    0.000000    0.122699    0.000000    0.000000    -0.429842    0.000000    0.000000  
21.042104    0.109606    0.000000    0.000000    0.118374    0.000000    0.000000    -0.434514    0.000000    0.000000  
21.052105    0.110768    0.000000    0.000000    0.114005    0.000000    0.000000    -0.438951    0.000000    0.000000  
21.062106    0.111886    0.000000    0.000000    0.109592    0.000000    0.000000    -0.443149    0.000000    0.000000  
21.072107    0.112960    0.000000    0.000000    0.105139    0.000000    0.000000    -0.447101    0.000000    0.000000  
21.082108    0.113989    0.000000    0.000000    0.100648    0.000000    0.000000    -0.450802    0.000000    0.000000  
21.092109    0.114974    0.000000    0.000000    0.096122    0.000000    0.000000    -0.454246    0.000000    0.000000  
21.102110    0.115912    0.000000    0.000000    0.091562    0.000000    0.000000    -0.457427    0.000000    0.000000  
21.112111    0.116805    0.000000    0.000000    0.086973    0.000000    0.000000    -0.460350    0.000000    0.000000  
21.122112    0.117651    0.000000    0.000000    0.082354    0.000000    0.000000    -0.463042    0.000000    0.000000  
21.132113    0.118451    0.000000    0.000000    0.077709    0.000000    0.000000    -0.465530    0.000000    0.000000  
21.142114    0.119205    0.000000    0.000000    0.073038    0.000000    0.000000    -0.467844    0.000000    0.000000  
21.152115    0.119912    0.000000    0.000000    0.068343    0.000000    0.000000    -0.470014    0.000000    0.000000  
21.162116    0.120571    0.000000    0.000000    0.063625    0.000000    0.000000    -0.472068    0.000000    0.000000  
21.172117    0.121184    0.000000    0.000000    0.058888    0.000000    0.000000    -0.474035    0.000000    0.000000  
21.182118    0.121749    0.000000    0.000000    0.054131    0.000000    0.000000    -0.475945    0.000000    0.000000  
21.192119    0.122266    0.000000    0.000000    0.049358    0.000000    0.000000    -0.477826    0.000000    0.000000  
21.202120    0.122736    0.000000    0.000000    0.044568    0.000000    0.000000    -0.479708    0.000000    0.000000  
21.212121    0.123158    0.000000    0.000000    0.039764    0.000000    0.000000    -0.481604    0.000000    0.000000  
21.222122    0.123531    0.000000    0.000000    0.034946    0.000000    0.000000    -0.483493    0.000000    0.000000  
21.232123    0.123856    0.000000    0.000000    0.030112    0.000000    0.000000    -0.485351    0.000000    0.000000  
21.242124    0.124133    0.000000    0.000000    0.025264    0.000000    0.000000    -0.487153    0.000000    0.000000  
21.252125    0.124362    0.000000    0.000000    0.020399    0.000000    0.000000    -0.488875    0.000000    0.000000  
21.262126    0.124541    0.000000    0.000000    0.015519    0.000000    0.000000    -0.490492    0.000000    0.000000  
21.272127    0.124672    0.000000    0.000000    0.010622    0.000000    0.000000    -0.491980    0.000000    0.000000  
21.282128    0.124753    0.000000    0.000000    0.005708    0.000000    0.000000    -0.493313    0.000000    0.000000  
21.292129    0.124786    0.000000    0.000000    0.000778    0.000000    0.000000    -0.494468    0.000000    0.000000  
21.302130    0.124769    0.000000    0.000000    -0.004170    0.000000    0.000000    -0.495419    0.000000    0.000000  
21.312131    0.124702    0.000000    0.000000    -0.009134    0.000000    0.000000    -0.496143    0.000000    0.000000  
21.322132    0.124586    0.000000    0.000000    -0.014110    0.000000    0.000000    -0.496618    0.000000    0.000000  
21.332133    0.124421    0.000000    0.000000    -0.019093    0.000000    0.000000    -0.496824    0.000000    0.000000  
21.342134    0.124206    0.000000    0.000000    -0.024079    0.000000    0.000000    -0.496739    0.000000    0.000000  
21.352135    0.123941    0.000000    0.000000    -0.029062    0.000000    0.000000    -0.496342    0.000000    0.000000  
21.362136    0.123627    0.000000    0.000000    -0.034039    0.000000    0.000000    -0.495611    0.000000    0.000000  
21.372137    0.123263    0.000000    0.000000    -0.039005    0.000000    0.000000    -0.494526    0.000000    0.000000  
21.382138    0.122849    0.000000    0.000000    -0.043954    0.000000    0.000000    -0.493066    0.000000    0.000000  
21.392139    0.122386    0.000000    0.000000    -0.048882    0.000000    0.000000    -0.491208    0.000000    0.000000  
21.402140    0.121873    0.000000    0.000000    -0.053785    0.000000    0.000000    -0.488933    0.000000    0.000000  
21.412141    0.121310    0.000000    0.000000    -0.058659    0.000000    0.000000    -0.486237    0.000000    0.000000  
21.422142    0.120698    0.000000    0.000000    -0.063501    0.000000    0.000000    -0.483159    0.000000    0.000000  
21.432143    0.120037    0.000000    0.000000    -0.068310    0.000000    0.000000    -0.479739    0.000000    0.000000  
21.442144    0.119328    0.000000    0.000000    -0.073084    0.000000    0.000000    -0.476021    0.000000    0.000000  
21.452145    0.118572    0.000000    0.000000    -0.077820    0.000000    0.000000    -0.472047    0.000000    0.000000  
21.462146    0.117769    0.000000    0.000000    -0.082518    0.000000    0.000000    -0.467860    0.000000    0.000000  
21.472147    0.116919    0.000000    0.000000    -0.087174    0.000000    0.000000    -0.463501    0.000000    0.000000  
21.482148    0.116023    0.000000    0.000000    -0.091788    0.000000    0.000000    -0.459013    0.000000    0.000000  
21.492149    0.115081    0.000000    0.000000    -0.096356    0.000000    0.000000    -0.454440    0.000000    0.000000  
21.502150    0.114095    0.000000    0.000000    -0.100879    0.000000    0.000000    -0.449822    0.000000    0.000000  
21.512151    0.113064    0.000000    0.000000    -0.105353    0.000000    0.000000    -0.445186    0.000000    0.000000  
21.522152    0.111989    0.000000    0.000000    -0.109778    0.000000    0.000000    -0.440522    0.000000    0.000000  
21.532153    0.110870    0.000000    0.000000    -0.114156    0.000000    0.000000    -0.435817    0.000000    0.000000  
21.542154    0.109708    0.000000    0.000000    -0.118484    0.000000    0.000000    -0.431057    0.000000    0.000000  
21.552155    0.108503    0.000000    0.000000    -0.122764    0.000000    0.000000    -0.426228    0.000000    0.000000  
21.562156    0.107255    0.000000    0.000000    -0.126994    0.000000    0.000000    -0.421316    0.000000    0.000000  
21.572157    0.105965    0.000000    0.000000    -0.131175    0.000000    0.000000    -0.416307    0.000000    0.000000  
21.582158    0.104634    0.000000    0.000000    -0.135307    0.000000    0.000000    -0.411188    0.000000    0.000000  
21.592159    0.103261    0.000000    0.000000    -0.139389    0.000000    0.000000    -0.405944    0.000000    0.000000  
21.602160    0.101847    0.000000    0.000000    -0.143421    0.000000    0.000000    -0.400563    0.000000    0.000000  
21.612161    0.100392    0.000000    0.000000    -0.147402    0.000000    0.000000    -0.395033    0.000000    0.000000  
21.622162    0.098897    0.000000    0.000000    -0.151330    0.000000    0.000000    -0.389352    0.000000    0.000000  
21.632163    0.097364    0.000000    0.000000    -0.155203    0.000000    0.000000    -0.383517    0.000000    0.000000  
21.642164    0.095791    0.000000    0.000000    -0.159018    0.000000    0.000000    -0.377526    0.000000    0.000000  
21.652165    0.094181    0.000000    0.000000    -0.162773    0.000000    0.000000    -0.371378    0.000000    0.000000  
21.662166    0.092534    0.000000    0.000000    -0.166466    0.000000    0.000000    -0.365069    0.000000    0.000000  
21.672167    0.090850    0.000000    0.000000    -0.170093    0.000000    0.000000    -0.358599    0.000000    0.000000  
21.682168    0.089131    0.000000    0.000000    -0.173653    0.000000    0.000000    -0.351965    0.000000    0.000000  
21.692169    0.087376    0.000000    0.000000    -0.177144    0.000000    0.000000    -0.345165    0.000000    0.000000  
21.702170    0.085588    0.000000    0.000000    -0.180562    0.000000    0.000000    -0.338196    0.000000    0.000000  
21.712171    0.083765    0.000000    0.000000    -0.183906    0.000000    0.000000    -0.331061    0.000000    0.000000  
21.722172    0.081910    0.000000    0.000000    -0.187176    0.000000    0.000000    -0.323764    0.000000    0.000000  
21.732173    0.080022    0.000000    0.000000    -0.190370    0.000000    0.000000    -0.316315    0.000000    0.000000  
21.742174    0.078103    0.000000    0.000000    -0.193488    0.000000    0.000000    -0.308720    0.000000    0.000000  
21.752175    0.076153    0.000000    0.000000    -0.196529    0.000000    0.000000    -0.300987    0.000000    0.000000  
21.762176    0.074174    0.000000    0.000000    -0.199492    0.000000    0.000000    -0.293124    0.000000    0.000000  
21.772177    0.072164    0.000000    0.000000    -0.202377    0.000000    0.000000    -0.285138    0.000000    0.000000  
21.782178    0.070127    0.000000    0.000000    -0.205183    0.000000    0.000000    -0.277037    0.000000    0.000000  
21.792179    0.068061    0.000000    0.000000    -0.207910    0.000000    0.000000    -0.268829    0.000000    0.000000  
21.802180    0.065969    0.000000    0.000000    -0.210556    0.000000    0.000000    -0.260520    0.000000    0.000000  
21.812181    0.063850    0.000000    0.000000    -0.213121    0.000000    0.000000    -0.252118    0.000000    0.000000  
21.822182    0.061706    0.000000    0.000000    -0.215604    0.000000    0.000000    -0.243623    0.000000    0.000000  
21.832183    0.059537    0.000000    0.000000    -0.218003    0.000000    0.000000    -0.235039    0.000000    0.000000  
21.842184    0.057345    0.000000    0.000000    -0.220317    0.000000    0.000000    -0.226368    0.000000    0.000000  
21.852185    0.055130    0.000000    0.000000    -0.222544    0.000000    0.000000    -0.217611    0.000000    0.000000  
21.862186    0.052893    0.000000    0.000000    -0.224683    0.000000    0.000000    -0.208770    0.000000    0.000000  
21.872187    0.050635    0.000000    0.000000    -0.226732    0.000000    0.000000    -0.199848    0.000000    0.000000  
21.882188    0.048358    0.000000    0.000000    -0.228691    0.000000    0.000000    -0.190846    0.000000    0.000000  
21.892189    0.046061    0.000000    0.000000    -0.230557    0.000000    0.000000    -0.181767    0.000000    0.000000  
21.902190    0.043746    0.000000    0.000000    -0.232330    0.000000    0.000000    -0.172613    0.000000    0.000000  
21.912191    0.041414    0.000000    0.000000    -0.234009    0.000000    0.000000    -0.163386    0.000000    0.000000  
21.922192    0.039066    0.000000    0.000000    -0.235592    0.000000    0.000000    -0.154092    0.000000    0.000000  
21.932193    0.036702    0.000000    0.000000    -0.237081    0.000000    0.000000    -0.144736    0.000000    0.000000  
21.942194    0.034324    0.000000    0.000000    -0.238476    0.000000    0.000000    -0.135322    0.000000    0.000000  
21.952195    0.031933    0.000000    0.000000    -0.239776    0.000000    0.000000    -0.125857    0.000000    0.000000  
21.962196    0.029529    0.000000    0.000000    -0.240981    0.000000    0.000000    -0.116345    0.000000    0.000000  
21.972197    0.027113    0.000000    0.000000    -0.242092    0.000000    0.000000    -0.106792    0.000000    0.000000  
21.982198    0.024687    0.000000    0.000000    -0.243108    0.000000    0.000000    -0.097203    0.000000    0.000000  
21.992199    0.022251    0.000000    0.000000    -0.244029    0.000000    0.000000    -0.087582    0.000000    0.000000  
22.002200    0.019806    0.000000    0.000000    -0.244857    0.000000    0.000000    -0.077936    0.000000    0.000000  
22.012201    0.017354    0.000000    0.000000    -0.245589    0.000000    0.000000    -0.068267    0.000000    0.000000  
22.022202    0.014894    0.000000    0.000000    -0.246226    0.000000    0.000000    -0.058579    0.000000    0.000000  
22.032203    0.012429    0.000000    0.000000    -0.246768    0.000000    0.000000    -0.048872    0.000000    0.000000  
22.042204    0.009959    0.000000    0.000000    -0.247213    0.000000    0.000000    -0.039147    0.000000    0.000000  
22.052205    0.007485    0.000000    0.000000    -0.247561    0.000000    0.000000    -0.029406    0.000000    0.000000  
22.062206    0.005007    0.000000    0.000000    -0.247812    0.000000    0.000000    -0.019651    0.000000    0.000000  
22.072207    0.002528    0.000000    0.000000    -0.247964    0.000000    0.000000    -0.009881    0.000000    0.000000  
22.082208    0.000048    0.000000    0.000000    -0.248018    0.000000    0.000000    -0.000100    0.000000    0.000000  
22.092209    -0.002432    0.000000    0.000000    -0.247973    0.000000    0.000000    0.009692    0.000000    0.000000  
22.102210    -0.004911    0.000000    0.000000    -0.247827    0.000000    0.000000    0.019494    0.000000    0.000000  
22.112211    -0.007389    0.000000    0.000000    -0.247582    0.000000    0.000000    0.029303    0.000000    0.000000  
22.122212    -0.009863    0.000000    0.000000    -0.247237    0.000000    0.000000    0.039110    0.000000    0.000000  
22.132213    -0.012334    0.000000    0.000000    -0.246793    0.000000    0.000000    0.048909    0.000000    0.000000  
22.142214    -0.014800    0.000000    0.000000    -0.246251    0.000000    0.000000    0.058691    0.000000    0.000000  
22.152215    -0.017260    0.000000    0.000000    -0.245611    0.000000    0.000000    0.068450    0.000000    0.000000  
22.162216    -0.019713    0.000000    0.000000    -0.244874    0.000000    0.000000    0.078177    0.000000    0.000000  
22.172217    -0.022158    0.000000    0.000000    -0.244040    0.000000    0.000000    0.087864    0.000000    0.000000  
22.182218    -0.024594    0.000000    0.000000    -0.243111    0.000000    0.000000    0.097505    0.000000    0.000000  
22.192219    -0.027021    0.000000    0.000000    -0.242087    0.000000    0.000000    0.107090    0.000000    0.000000  
22.202220    -0.029436    0.000000    0.000000    -0.240968    0.000000    0.000000    0.116614    0.000000    0.000000  
22.212221    -0.031840    0.000000    0.000000    -0.239755    0.000000    0.000000    0.126070    0.000000    0.000000  
22.222222    -0.034231    0.000000    0.000000    -0.238448    0.000000    0.000000    0.135460    0.000000    0.000000  
22.232223    -0.036609    0.000000    0.000000    -0.237049    0.000000    0.000000    0.144787    0.000000    0.000000  
22.242224    -0.038972    0.000000    0.000000    -0.235556    0.000000    0.000000    0.154052    0.000000    0.000000  
22.252225    -0.041319    0.000000    0.000000    -0.233971    0.000000    0.000000    0.163259    0.000000    0.000000  
22.262226    -0.043651    0.000000    0.000000    -0.232295    0.000000    0.000000    0.172410    0.000000    0.000000  
22.272227    -0.045965    0.000000    0.000000    -0.230526    0.000000    0.000000    0.181506    0.000000    0.000000  
22.282228    -0.048261    0.000000    0.000000    -0.228667    0.000000    0.000000    0.190551    0.000000    0.000000  
22.292229    -0.050538    0.000000    0.000000    -0.226717    0.000000    0.000000    0.199545    0.000000    0.000000  
22.302230    -0.052795    0.000000    0.000000    -0.224677    0.000000    0.000000    0.208493    0.000000    0.000000  
22.312231    -0.055032    0.000000    0.000000    -0.222547    0.000000    0.000000    0.217391    0.000000    0.000000  
22.322232    -0.057247    0.000000    0.000000    -0.220328    0.000000    0.000000    0.226226    0.000000    0.000000  
22.332233    -0.059439    0.000000    0.000000    -0.218022    0.000000    0.000000    0.234985    0.000000    0.000000  
22.342234    -0.061608    0.000000    0.000000    -0.215629    0.000000    0.000000    0.243653    0.000000    0.000000  
22.352235    -0.063753    0.000000    0.000000    -0.213151    0.000000    0.000000    0.252218    0.000000    0.000000  
22.362236    -0.065872    0.000000    0.000000    -0.210588    0.000000    0.000000    0.260665    0.000000    0.000000  
22.372237    -0.067965    0.000000    0.000000    -0.207941    0.000000    0.000000    0.268980    0.000000    0.000000  
22.382238    -0.070032    0.000000    0.000000    -0.205212    0.000000    0.000000    0.277150    0.000000    0.000000  
22.392239    -0.072070    0.000000    0.000000    -0.202402    0.000000    0.000000    0.285160    0.000000    0.000000  
22.402240    -0.074080    0.000000    0.000000    -0.199511    0.000000    0.000000    0.292997    0.000000    0.000000  
22.412241    -0.076061    0.000000    0.000000    -0.196541    0.000000    0.000000    0.300656    0.000000    0.000000  
22.422242    -0.078011    0.000000    0.000000    -0.193493    0.000000    0.000000    0.308152    0.000000    0.000000  
22.432243    -0.079930    0.000000    0.000000    -0.190370    0.000000    0.000000    0.315500    0.000000    0.000000  
22.442244    -0.081818    0.000000    0.000000    -0.187172    0.000000    0.000000    0.322718    0.000000    0.000000  
22.452245    -0.083673    0.000000    0.000000    -0.183901    0.000000    0.000000    0.329823    0.000000    0.000000  
22.462246    -0.085495    0.000000    0.000000    -0.180559    0.000000    0.000000    0.336830    0.000000    0.000000  
22.472247    -0.087284    0.000000    0.000000    -0.177148    0.000000    0.000000    0.343757    0.000000    0.000000  
22.482248    -0.089038    0.000000    0.000000    -0.173669    0.000000    0.000000    0.350620    0.000000    0.000000  
22.492249    -0.090757    0.000000    0.000000    -0.170124    0.000000    0.000000    0.357436    0.000000    0.000000  
22.502250    -0.092440    0.000000    0.000000    -0.166514    0.000000    0.000000    0.364222    0.000000    0.000000  
22.512251    -0.094087    0.000000    0.000000    -0.162841    0.000000    0.000000    0.370980    0.000000    0.000000  
22.522252    -0.095697    0.000000    0.000000    -0.159105    0.000000    0.000000    0.377684    0.000000    0.000000  
22.532253    -0.097270    0.000000    0.000000    -0.155306    0.000000    0.000000    0.384304    0.000000    0.000000  
22.542254    -0.098804    0.000000    0.000000    -0.151445    0.000000    0.000000    0.390812    0.000000    0.000000  
22.552255    -0.100299    0.000000    0.000000    -0.147521    0.000000    0.000000    0.397177    0.000000    0.000000  
22.562256    -0.101754    0.000000    0.000000    -0.143536    0.000000    0.000000    0.403369    0.000000    0.000000  
22.572257    -0.103170    0.000000    0.000000    -0.139489    0.000000    0.000000    0.409361    0.000000    0.000000  
22.582258    -0.104544    0.000000    0.000000    -0.135380    0.000000    0.000000    0.415121    0.000000    0.000000  
22.592259    -0.105877    0.000000    0.000000    -0.131210    0.000000    0.000000    0.420620    0.000000    0.000000  
22.602260    -0.107169    0.000000    0.000000    -0.126980    0.000000    0.000000    0.425828    0.000000    0.000000  
22.612261    -0.108417    0.000000    0.000000    -0.122690    0.000000    0.000000    0.430729    0.000000    0.000000  
22.622262    -0.109623    0.000000    0.000000    -0.118345    0.000000    0.000000    0.435327    0.000000    0.000000  
22.632263    -0.110785    0.000000    0.000000    -0.113950    0.000000    0.000000    0.439631    0.000000    0.000000  
22.642264    -0.111903    0.000000    0.000000    -0.109510    0.000000    0.000000    0.443651    0.000000    0.000000  
22.652265    -0.112976    0.000000    0.000000    -0.105029    0.000000    0.000000    0.447395    0.000000    0.000000  
22.662266    -0.114005    0.000000    0.000000    -0.100512    0.000000    0.000000    0.450871    0.000000    0.000000  
22.672267    -0.114989    0.000000    0.000000    -0.095964    0.000000    0.000000    0.454090    0.000000    0.000000  
22.682268    -0.115927    0.000000    0.000000    -0.091389    0.000000    0.000000    0.457059    0.000000    0.000000  
22.692269    -0.116818    0.000000    0.000000    -0.086792    0.000000    0.000000    0.459787    0.000000    0.000000  
22.702270    -0.117663    0.000000    0.000000    -0.082179    0.000000    0.000000    0.462284    0.000000    0.000000  
22.712271    -0.118462    0.000000    0.000000    -0.077551    0.000000    0.000000    0.464568    0.000000    0.000000  
22.722272    -0.119213    0.000000    0.000000    -0.072908    0.000000    0.000000    0.466673    0.000000    0.000000  
22.732273    -0.119917    0.000000    0.000000    -0.068248    0.000000    0.000000    0.468640    0.000000    0.000000  
22.742274    -0.120574    0.000000    0.000000    -0.063572    0.000000    0.000000    0.470506    0.000000    0.000000  
22.752275    -0.121185    0.000000    0.000000    -0.058877    0.000000    0.000000    0.472310    0.000000    0.000000  
22.762276    -0.121748    0.000000    0.000000    -0.054162    0.000000    0.000000    0.474091    0.000000    0.000000  
22.772277    -0.122264    0.000000    0.000000    -0.049426    0.000000    0.000000    0.475887    0.000000    0.000000  
22.782278    -0.122733    0.000000    0.000000    -0.044668    0.000000    0.000000    0.477737    0.000000    0.000000  
22.792279    -0.123155    0.000000    0.000000    -0.039886    0.000000    0.000000    0.479679    0.000000    0.000000  
22.802280    -0.123529    0.000000    0.000000    -0.035080    0.000000    0.000000    0.481752    0.000000    0.000000  
22.812281    -0.123857    0.000000    0.000000    -0.030249    0.000000    0.000000    0.483962    0.000000    0.000000  
22.822282    -0.124136    0.000000    0.000000    -0.025394    0.000000    0.000000    0.486253    0.000000    0.000000  
22.832283    -0.124368    0.000000    0.000000    -0.020516    0.000000    0.000000    0.488559    0.000000    0.000000  
22.842284    -0.124551    0.000000    0.000000    -0.015618    0.000000    0.000000    0.490815    0.000000    0.000000  
22.852285    -0.124685    0.000000    0.000000    -0.010700    0.000000    0.000000    0.492956    0.000000    0.000000  
22.862286    -0.124770    0.000000    0.000000    -0.005764    0.000000    0.000000    0.494917    0.000000    0.000000  
22.872287    -0.124806    0.000000    0.000000    -0.000812    0.000000    0.000000    0.496633    0.000000    0.000000  
22.882288    -0.124791    0.000000    0.000000    0.004155    0.000000    0.000000    0.498038    0.000000    0.000000  
22.892289    -0.124726    0.000000    0.000000    0.009136    0.000000    0.000000    0.499067    0.000000    0.000000  
22.902290    -0.124610    0.000000    0.000000    0.014129    0.000000    0.000000    0.499655    0.000000    0.000000  
22.912291    -0.124443    0.000000    0.000000    0.019132    0.000000    0.000000    0.499765    0.000000    0.000000  
22.922292    -0.124225    0.000000    0.000000    0.024139    0.000000    0.000000    0.499411    0.000000    0.000000  
22.932293    -0.123957    0.000000    0.000000    0.029144    0.000000    0.000000    0.498616    0.000000    0.000000  
22.942294    -0.123638    0.000000    0.000000    0.034143    0.000000    0.000000    0.497404    0.000000    0.000000  
22.952295    -0.123270    0.000000    0.000000    0.039131    0.000000    0.000000    0.495796    0.000000    0.000000  
22.962296    -0.122852    0.000000    0.000000    0.044100    0.000000    0.000000    0.493816    0.000000    0.000000  
22.972297    -0.122385    0.000000    0.000000    0.049047    0.000000    0.000000    0.491485    0.000000    0.000000  
22.982298    -0.121869    0.000000    0.000000    0.053966    0.000000    0.000000    0.488828    0.000000    0.000000  
22.992299    -0.121304    0.000000    0.000000    0.058851    0.000000    0.000000    0.485866    0.000000    0.000000  
23.002300    -0.120691    0.000000    0.000000    0.063696    0.000000    0.000000    0.482622    0.000000    0.000000  
23.012301    -0.120030    0.000000    0.000000    0.068499    0.000000    0.000000    0.479119    0.000000    0.000000  
23.022302    -0.119322    0.000000    0.000000    0.073259    0.000000    0.000000    0.475385    0.000000    0.000000  
23.032303    -0.118566    0.000000    0.000000    0.077976    0.000000    0.000000    0.471445    0.000000    0.000000  
23.042304    -0.117763    0.000000    0.000000    0.082651    0.000000    0.000000    0.467325    0.000000    0.000000  
23.052305    -0.116914    0.000000    0.000000    0.087283    0.000000    0.000000    0.463051    0.000000    0.000000  
23.062306    -0.116019    0.000000    0.000000    0.091873    0.000000    0.000000    0.458650    0.000000    0.000000  
23.072307    -0.115078    0.000000    0.000000    0.096422    0.000000    0.000000    0.454149    0.000000    0.000000  
23.082308    -0.114092    0.000000    0.000000    0.100929    0.000000    0.000000    0.449572    0.000000    0.000000  
23.092309    -0.113060    0.000000    0.000000    0.105395    0.000000    0.000000    0.444946    0.000000    0.000000  
23.102310    -0.111984    0.000000    0.000000    0.109820    0.000000    0.000000    0.440299    0.000000    0.000000  
23.112311    -0.110864    0.000000    0.000000    0.114204    0.000000    0.000000    0.435640    0.000000    0.000000  
23.122312    -0.109699    0.000000    0.000000    0.118545    0.000000    0.000000    0.430952    0.000000    0.000000  
23.132313    -0.108492    0.000000    0.000000    0.122841    0.000000    0.000000    0.426215    0.000000    0.000000  
23.142314    -0.107242    0.000000    0.000000    0.127090    0.000000    0.000000    0.421405    0.000000    0.000000  
23.152315    -0.105950    0.000000    0.000000    0.131290    0.000000    0.000000    0.416503    0.000000    0.000000  
23.162316    -0.104616    0.000000    0.000000    0.135440    0.000000    0.000000    0.411485    0.000000    0.000000  
23.172317    -0.103240    0.000000    0.000000    0.139537    0.000000    0.000000    0.406331    0.000000    0.000000  
23.182318    -0.101825    0.000000    0.000000    0.143579    0.000000    0.000000    0.401019    0.000000    0.000000  
23.192319    -0.100369    0.000000    0.000000    0.147566    0.000000    0.000000    0.395528    0.000000    0.000000  
23.202320    -0.098873    0.000000    0.000000    0.151494    0.000000    0.000000    0.389836    0.000000    0.000000  
23.212321    -0.097339    0.000000    0.000000    0.155362    0.000000    0.000000    0.383931    0.000000    0.000000  
23.222322    -0.095766    0.000000    0.000000    0.159168    0.000000    0.000000    0.377822    0.000000    0.000000  
23.232323    -0.094155    0.000000    0.000000    0.162912    0.000000    0.000000    0.371519    0.000000    0.000000  
23.242324    -0.092508    0.000000    0.000000    0.166592    0.000000    0.000000    0.365034    0.000000    0.000000  
23.252325    -0.090823    0.000000    0.000000    0.170206    0.000000    0.000000    0.358376    0.000000    0.000000  
23.262326    -0.089104    0.000000    0.000000    0.173753    0.000000    0.000000    0.351558    0.000000    0.000000  
23.272327    -0.087349    0.000000    0.000000    0.177232    0.000000    0.000000    0.344588    0.000000    0.000000  
23.282328    -0.085559    0.000000    0.000000    0.180641    0.000000    0.000000    0.337479    0.000000    0.000000  
23.292329    -0.083736    0.000000    0.000000    0.183980    0.000000    0.000000    0.330241    0.000000    0.000000  
23.302330    -0.081880    0.000000    0.000000    0.187245    0.000000    0.000000    0.322884    0.000000    0.000000  
23.312331    -0.079991    0.000000    0.000000    0.190438    0.000000    0.000000    0.315417    0.000000    0.000000  
23.322332    -0.078070    0.000000    0.000000    0.193555    0.000000    0.000000    0.307840    0.000000    0.000000  
23.332333    -0.076119    0.000000    0.000000    0.196596    0.000000    0.000000    0.300155    0.000000    0.000000  
23.342334    -0.074138    0.000000    0.000000    0.199560    0.000000    0.000000    0.292362    0.000000    0.000000  
23.352335    -0.072128    0.000000    0.000000    0.202446    0.000000    0.000000    0.284462    0.000000    0.000000  
23.362336    -0.070089    0.000000    0.000000    0.205252    0.000000    0.000000    0.276457    0.000000    0.000000  
23.372337    -0.068022    0.000000    0.000000    0.207978    0.000000    0.000000    0.268346    0.000000    0.000000  
23.382338    -0.065929    0.000000    0.000000    0.210622    0.000000    0.000000    0.260130    0.000000    0.000000  
23.392339    -0.063810    0.000000    0.000000    0.213182    0.000000    0.000000    0.251810    0.000000    0.000000  
23.402340    -0.061665    0.000000    0.000000    0.215659    0.000000    0.000000    0.243388    0.000000    0.000000  
23.412341    -0.059496    0.000000    0.000000    0.218050    0.000000    0.000000    0.234864    0.000000    0.000000  
23.422342    -0.057304    0.000000    0.000000    0.220355    0.000000    0.000000    0.226241    0.000000    0.000000  
23.432343    -0.055089    0.000000    0.000000    0.222573    0.000000    0.000000    0.217523    0.000000    0.000000  
23.442344    -0.052852    0.000000    0.000000    0.224704    0.000000    0.000000    0.208711    0.000000    0.000000  
23.452345    -0.050595    0.000000    0.000000    0.226746    0.000000    0.000000    0.199810    0.000000    0.000000  
23.462346    -0.048317    0.000000    0.000000    0.228699    0.000000    0.000000    0.190822    0.000000    0.000000  
23.472347    -0.046021    0.000000    0.000000    0.230561    0.000000    0.000000    0.181749    0.000000    0.000000  
23.482348    -0.043706    0.000000    0.000000    0.232333    0.000000    0.000000    0.172596    0.000000    0.000000  
23.492349    -0.041374    0.000000    0.000000    0.234013    0.000000    0.000000    0.163365    0.000000    0.000000  
23.502350    -0.039026    0.000000    0.000000    0.235600    0.000000    0.000000    0.154059    0.000000    0.000000  
23.512351    -0.036662    0.000000    0.000000    0.237094    0.000000    0.000000    0.144682    0.000000    0.000000  
23.522352    -0.034284    0.000000    0.000000    0.238494    0.000000    0.000000    0.135240    0.000000    0.000000  
23.532353    -0.031892    0.000000    0.000000    0.239800    0.000000    0.000000    0.125739    0.000000    0.000000  
23.542354    -0.029487    0.000000    0.000000    0.241011    0.000000    0.000000    0.116187    0.000000    0.000000  
23.552355    -0.027071    0.000000    0.000000    0.242126    0.000000    0.000000    0.106590    0.000000    0.000000  
23.562356    -0.024644    0.000000    0.000000    0.243146    0.000000    0.000000    0.096953    0.000000    0.000000  
23.572357    -0.022208    0.000000    0.000000    0.244069    0.000000    0.000000    0.087285    0.000000    0.000000  
23.582358    -0.019763    0.000000    0.000000    0.244895    0.000000    0.000000    0.077590    0.000000    0.000000  
23.592359    -0.017310    0.000000    0.000000    0.245624    0.000000    0.000000    0.067876    0.000000    0.000000  
23.602360    -0.014850    0.000000    0.000000    0.246254    0.000000    0.000000    0.058149    0.000000    0.000000  
23.612361    -0.012384    0.000000    0.000000    0.246786    0.000000    0.000000    0.048414    0.000000    0.000000  
23.622362    -0.009914    0.000000    0.000000    0.247220    0.000000    0.000000    0.038673    0.000000    0.000000  
23.632363    -0.007440    0.000000    0.000000    0.247556    0.000000    0.000000    0.028928    0.000000    0.000000  
23.642364    -0.004963    0.000000    0.000000    0.247794    0.000000    0.000000    0.019181    0.000000    0.000000  
23.652365    -0.002484    0.000000    0.000000    0.247935    0.000000    0.000000    0.009434    0.000000    0.000000  
23.662366    -0.000004    0.000000    0.000000    0.247978    0.000000    0.000000    -0.000312    0.000000    0.000000  
23.672367    0.002476    0.000000    0.000000    0.247924    0.000000    0.000000    -0.010055    0.000000    0.000000  
23.682368    0.004955    0.000000    0.000000    0.247773    0.000000    0.000000    -0.019793    0.000000    0.000000  
23.692369    0.007432    0.000000    0.000000    0.247526    0.000000    0.000000    -0.029525    0.000000    0.000000  
23.702370    0.009905    0.000000    0.000000    0.247181    0.000000    0.000000    -0.039248    0.000000    0.000000  
23.712371    0.012375    0.000000    0.000000    0.246741    0.000000    0.000000    -0.048960    0.000000    0.000000  
23.722372    0.014840    0.000000    0.000000    0.246204    0.000000    0.000000    -0.058657    0.000000    0.000000  
23.732373    0.017300    0.000000    0.000000    0.245571    0.000000    0.000000    -0.068335    0.000000    0.000000  
23.742374    0.019752    0.000000    0.000000    0.244842    0.000000    0.000000    -0.077991    0.000000    0.000000  
23.752375    0.022197    0.000000    0.000000    0.244017    0.000000    0.000000    -0.087621    0.000000    0.000000  
23.762376    0.024632    0.000000    0.000000    0.243096    0.000000    0.000000    -0.097219    0.000000    0.000000  
23.772377    0.027059    0.000000    0.000000    0.242078    0.000000    0.000000    -0.106784    0.000000    0.000000  
23.782378    0.029474    0.000000    0.000000    0.240965    0.000000    0.000000    -0.116309    0.000000    0.000000  
23.792379    0.031878    0.000000    0.000000    0.239756    0.000000    0.000000    -0.125793    0.000000    0.000000  
23.802380    0.034269    0.000000    0.000000    0.238451    0.000000    0.000000    -0.135229    0.000000    0.000000  
23.812381    0.036647    0.000000    0.000000    0.237051    0.000000    0.000000    -0.144616    0.000000    0.000000  
23.822382    0.039011    0.000000    0.000000    0.235555    0.000000    0.000000    -0.153951    0.000000    0.000000  
23.832383    0.041359    0.000000    0.000000    0.233967    0.000000    0.000000    -0.163230    0.000000    0.000000  
23.842384    0.043690    0.000000    0.000000    0.232285    0.000000    0.000000    -0.172451    0.000000    0.000000  
23.852385    0.046005    0.000000    0.000000    0.230511    0.000000    0.000000    -0.181611    0.000000    0.000000  
23.862386    0.048301    0.000000    0.000000    0.228646    0.000000    0.000000    -0.190709    0.000000    0.000000  
23.872387    0.050578    0.000000    0.000000    0.226691    0.000000    0.000000    -0.199741    0.000000    0.000000  
23.882388    0.052836    0.000000    0.000000    0.224646    0.000000    0.000000    -0.208705    0.000000    0.000000  
23.892389    0.055072    0.000000    0.000000    0.222513    0.000000    0.000000    -0.217597    0.000000    0.000000  
23.902390    0.057286    0.000000    0.000000    0.220293    0.000000    0.000000    -0.226417    0.000000    0.000000  
23.912391    0.059478    0.000000    0.000000    0.217985    0.000000    0.000000    -0.235158    0.000000    0.000000  
23.922392    0.061646    0.000000    0.000000    0.215592    0.000000    0.000000    -0.243811    0.000000    0.000000  
23.932393    0.063789    0.000000    0.000000    0.213114    0.000000    0.000000    -0.252365    0.000000    0.000000  
23.942394    0.065908    0.000000    0.000000    0.210552    0.000000    0.000000    -0.260811    0.000000    0.000000  
23.952395    0.068000    0.000000    0.000000    0.207906    0.000000    0.000000    -0.269138    0.000000    0.000000  
23.962396    0.070066    0.000000    0.000000    0.205179    0.000000    0.000000    -0.277336    0.000000    0.000000  
23.972397    0.072103    0.000000    0.000000    0.202369    0.000000    0.000000    -0.285395    0.000000    0.000000  
23.982398    0.074113    0.000000    0.000000    0.199480    0.000000    0.000000    -0.293305    0.000000    0.000000  
23.992399    0.076093    0.000000    0.000000    0.196510    0.000000    0.000000    -0.301054    0.000000    0.000000  
24.002400    0.078043    0.000000    0.000000    0.193462    0.000000    0.000000    -0.308634    0.000000    0.000000  
24.012401    0.079962    0.000000    0.000000    0.190336    0.000000    0.000000    -0.316042    0.000000    0.000000  
24.022402    0.081850    0.000000    0.000000    0.187134    0.000000    0.000000    -0.323291    0.000000    0.000000  
24.032403    0.083706    0.000000    0.000000    0.183859    0.000000    0.000000    -0.330397    0.000000    0.000000  
24.042404    0.085528    0.000000    0.000000    0.180511    0.000000    0.000000    -0.337375    0.000000    0.000000  
24.052405    0.087317    0.000000    0.000000    0.177092    0.000000    0.000000    -0.344241    0.000000    0.000000  
24.062406    0.089071    0.000000    0.000000    0.173605    0.000000    0.000000    -0.351010    0.000000    0.000000  
24.072407    0.090790    0.000000    0.000000    0.170051    0.000000    0.000000    -0.357697    0.000000    0.000000  
24.082408    0.092473    0.000000    0.000000    0.166433    0.000000    0.000000    -0.364318    0.000000    0.000000  
24.092409    0.094119    0.000000    0.000000    0.162751    0.000000    0.000000    -0.370888    0.000000    0.000000  
24.102410    0.095728    0.000000    0.000000    0.159007    0.000000    0.000000    -0.377423    0.000000    0.000000  
24.112411    0.097299    0.000000    0.000000    0.155204    0.000000    0.000000    -0.383923    0.000000    0.000000  
24.122412    0.098832    0.000000    0.000000    0.151341    0.000000    0.000000    -0.390359    0.000000    0.000000  
24.132413    0.100325    0.000000    0.000000    0.147419    0.000000    0.000000    -0.396699    0.000000    0.000000  
24.142414    0.101779    0.000000    0.000000    0.143438    0.000000    0.000000    -0.402910    0.000000    0.000000  
24.152415    0.103193    0.000000    0.000000    0.139398    0.000000    0.000000    -0.408959    0.000000    0.000000  
24.162416    0.104566    0.000000    0.000000    0.135299    0.000000    0.000000    -0.414815    0.000000    0.000000  
24.172417    0.105897    0.000000    0.000000    0.131141    0.000000    0.000000    -0.420444    0.000000    0.000000  
24.182418    0.107187    0.000000    0.000000    0.126926    0.000000    0.000000    -0.425815    0.000000    0.000000  
24.192419    0.108435    0.000000    0.000000    0.122653    0.000000    0.000000    -0.430894    0.000000    0.000000  
24.202420    0.109640    0.000000    0.000000    0.118322    0.000000    0.000000    -0.435650    0.000000    0.000000  
24.212421    0.110802    0.000000    0.000000    0.113935    0.000000    0.000000    -0.440066    0.000000    0.000000  
24.222422    0.111920    0.000000    0.000000    0.109497    0.000000    0.000000    -0.444157    0.000000    0.000000  
24.232423    0.112993    0.000000    0.000000    0.105013    0.000000    0.000000    -0.447942    0.000000    0.000000  
24.242424    0.114022    0.000000    0.000000    0.100487    0.000000    0.000000    -0.451441    0.000000    0.000000  
24.252425    0.115006    0.000000    0.000000    0.095926    0.000000    0.000000    -0.454672    0.000000    0.000000  
24.262426    0.115944    0.000000    0.000000    0.091333    0.000000    0.000000    -0.457654    0.000000    0.000000  
24.272427    0.116837    0.000000    0.000000    0.086714    0.000000    0.000000    -0.460406    0.000000    0.000000  
24.282428    0.117682    0.000000    0.000000    0.082073    0.000000    0.000000    -0.462947    0.000000    0.000000  
24.292429    0.118481    0.000000    0.000000    0.077417    0.000000    0.000000    -0.465297    0.000000    0.000000  
24.302430    0.119232    0.000000    0.000000    0.072749    0.000000    0.000000    -0.467473    0.000000    0.000000  
24.312431    0.119936    0.000000    0.000000    0.068073    0.000000    0.000000    -0.469499    0.000000    0.000000  
24.322432    0.120591    0.000000    0.000000    0.063386    0.000000    0.000000    -0.471403    0.000000    0.000000  
24.332433    0.121199    0.000000    0.000000    0.058688    0.000000    0.000000    -0.473215    0.000000    0.000000  
24.342434    0.121760    0.000000    0.000000    0.053974    0.000000    0.000000    -0.474964    0.000000    0.000000  
24.352435    0.122273    0.000000    0.000000    0.049244    0.000000    0.000000    -0.476679    0.000000    0.000000  
24.362436    0.122738    0.000000    0.000000    0.044496    0.000000    0.000000    -0.478390    0.000000    0.000000  
24.372437    0.123156    0.000000    0.000000    0.039726    0.000000    0.000000    -0.480126    0.000000    0.000000  
24.382438    0.123527    0.000000    0.000000    0.034933    0.000000    0.000000    -0.481918    0.000000    0.000000  
24.392439    0.123851    0.000000    0.000000    0.030114    0.000000    0.000000    -0.483793    0.000000    0.000000  
24.402440    0.124128    0.000000    0.000000    0.025268    0.000000    0.000000    -0.485782    0.000000    0.000000  
24.412441    0.124357    0.000000    0.000000    0.020394    0.000000    0.000000    -0.487882    0.000000    0.000000  
24.422442    0.124539    0.000000    0.000000    0.015495    0.000000    0.000000    -0.490025    0.000000    0.000000  
24.432443    0.124672    0.000000    0.000000    0.010572    0.000000    0.000000    -0.492137    0.000000    0.000000  
24.442444    0.124757    0.000000    0.000000    0.005630    0.000000    0.000000    -0.494143    0.000000    0.000000  
24.452445    0.124793    0.000000    0.000000    0.000671    0.000000    0.000000    -0.495970    0.000000    0.000000  
24.462446    0.124779    0.000000    0.000000    -0.004302    0.000000    0.000000    -0.497543    0.000000    0.000000  
24.472447    0.124715    0.000000    0.000000    -0.009286    0.000000    0.000000    -0.498786    0.000000    0.000000  
24.482448    0.124601    0.000000    0.000000    -0.014278    0.000000    0.000000    -0.499627    0.000000    0.000000  
24.492449    0.124435    0.000000    0.000000    -0.019275    0.000000    0.000000    -0.499990    0.000000    0.000000  
24.502450    0.124218    0.000000    0.000000    -0.024274    0.000000    0.000000    -0.499801    0.000000    0.000000  
24.512451    0.123949    0.000000    0.000000    -0.029272    0.000000    0.000000    -0.499026    0.000000    0.000000  
24.522452    0.123628    0.000000    0.000000    -0.034264    0.000000    0.000000    -0.497706    0.000000    0.000000  
24.532453    0.123257    0.000000    0.000000    -0.039244    0.000000    0.000000    -0.495893    0.000000    0.000000  
24.542454    0.122836    0.000000    0.000000    -0.044208    0.000000    0.000000    -0.493638    0.000000    0.000000  
24.552455    0.122365    0.000000    0.000000    -0.049150    0.000000    0.000000    -0.490991    0.000000    0.000000  
24.562456    0.121846    0.000000    0.000000    -0.054066    0.000000    0.000000    -0.488005    0.000000    0.000000  
24.572457    0.121277    0.000000    0.000000    -0.058951    0.000000    0.000000    -0.484729    0.000000    0.000000  
24.582458    0.120661    0.000000    0.000000    -0.063798    0.000000    0.000000    -0.481216    0.000000    0.000000  
24.592459    0.119998    0.000000    0.000000    -0.068604    0.000000    0.000000    -0.477517    0.000000    0.000000  
24.602460    0.119288    0.000000    0.000000    -0.073364    0.000000    0.000000    -0.473682    0.000000    0.000000  
24.612461    0.118531    0.000000    0.000000    -0.078073    0.000000    0.000000    -0.469748    0.000000    0.000000  
24.622462    0.117728    0.000000    0.000000    -0.082734    0.000000    0.000000    -0.465722    0.000000    0.000000  
24.632463    0.116880    0.000000    0.000000    -0.087348    0.000000    0.000000    -0.461611    0.000000    0.000000  
24.642464    0.115986    0.000000    0.000000    -0.091917    0.000000    0.000000    -0.457417    0.000000    0.000000  
24.652465    0.115046    0.000000    0.000000    -0.096441    0.000000    0.000000    -0.453146    0.000000    0.000000  
24.662466    0.114062    0.000000    0.000000    -0.100924    0.000000    0.000000    -0.448803    0.000000    0.000000  
24.672467    0.113032    0.000000    0.000000    -0.105365    0.000000    0.000000    -0.444391    0.000000    0.000000  
24.682468    0.111958    0.000000    0.000000    -0.109768    0.000000    0.000000    -0.439917    0.000000    0.000000  
24.692469    0.110839    0.000000    0.000000    -0.114132    0.000000    0.000000    -0.435383    0.000000    0.000000  
24.702470    0.109676    0.000000    0.000000    -0.118461    0.000000    0.000000    -0.430795    0.000000    0.000000  
24.712471    0.108470    0.000000    0.000000    -0.122754    0.000000    0.000000    -0.426149    0.000000    0.000000  
24.722472    0.107220    0.000000    0.000000    -0.127007    0.000000    0.000000    -0.421428    0.000000    0.000000  
24.732473    0.105927    0.000000    0.000000    -0.131218    0.000000    0.000000    -0.416610    0.000000    0.000000  
24.742474    0.104592    0.000000    0.000000    -0.135383    0.000000    0.000000    -0.411677    0.000000    0.000000  
24.752475    0.103216    0.000000    0.000000    -0.139499    0.000000    0.000000    -0.406606    0.000000    0.000000  
24.762476    0.101799    0.000000    0.000000    -0.143562    0.000000    0.000000    -0.401379    0.000000    0.000000  
24.772477    0.100343    0.000000    0.000000    -0.147569    0.000000    0.000000    -0.395975    0.000000    0.000000  
24.782478    0.098846    0.000000    0.000000    -0.151516    0.000000    0.000000    -0.390373    0.000000    0.000000  
24.792479    0.097311    0.000000    0.000000    -0.155400    0.000000    0.000000    -0.384555    0.000000    0.000000  
24.802480    0.095738    0.000000    0.000000    -0.159218    0.000000    0.000000    -0.378499    0.000000    0.000000  
24.812481    0.094127    0.000000    0.000000    -0.162966    0.000000    0.000000    -0.372197    0.000000    0.000000  
24.822482    0.092479    0.000000    0.000000    -0.166646    0.000000    0.000000    -0.365667    0.000000    0.000000  
24.832483    0.090795    0.000000    0.000000    -0.170256    0.000000    0.000000    -0.358929    0.000000    0.000000  
24.842484    0.089075    0.000000    0.000000    -0.173796    0.000000    0.000000    -0.352000    0.000000    0.000000  
24.852485    0.087320    0.000000    0.000000    -0.177265    0.000000    0.000000    -0.344901    0.000000    0.000000  
24.862486    0.085531    0.000000    0.000000    -0.180664    0.000000    0.000000    -0.337652    0.000000    0.000000  
24.872487    0.083708    0.000000    0.000000    -0.183992    0.000000    0.000000    -0.330271    0.000000    0.000000  
24.882488    0.081852    0.000000    0.000000    -0.187248    0.000000    0.000000    -0.322779    0.000000    0.000000  
24.892489    0.079964    0.000000    0.000000    -0.190433    0.000000    0.000000    -0.315194    0.000000    0.000000  
24.902490    0.078044    0.000000    0.000000    -0.193546    0.000000    0.000000    -0.307537    0.000000    0.000000  
24.912491    0.076093    0.000000    0.000000    -0.196586    0.000000    0.000000    -0.299817    0.000000    0.000000  
24.922492    0.074112    0.000000    0.000000    -0.199552    0.000000    0.000000    -0.292030    0.000000    0.000000  
24.932493    0.072101    0.000000    0.000000    -0.202442    0.000000    0.000000    -0.284169    0.000000    0.000000  
24.942494    0.070061    0.000000    0.000000    -0.205254    0.000000    0.000000    -0.276226    0.000000    0.000000  
24.952495    0.067994    0.000000    0.000000    -0.207986    0.000000    0.000000    -0.268195    0.000000    0.000000  
24.962496    0.065901    0.000000    0.000000    -0.210637    0.000000    0.000000    -0.260067    0.000000    0.000000  
24.972497    0.063781    0.000000    0.000000    -0.213205    0.000000    0.000000    -0.251837    0.000000    0.000000  
24.982498    0.061636    0.000000    0.000000    -0.215688    0.000000    0.000000    -0.243497    0.000000    0.000000  
24.992499    0.059467    0.000000    0.000000    -0.218085    0.000000    0.000000    -0.235039    0.000000    0.000000  
25.002500    0.057274    0.000000    0.000000    -0.220394    0.000000    0.000000    -0.226457    0.000000    0.000000  
25.012501    0.055059    0.000000    0.000000    -0.222613    0.000000    0.000000    -0.217748    0.000000    0.000000  
25.022502    0.052822    0.000000    0.000000    -0.224742    0.000000    0.000000    -0.208921    0.000000    0.000000  
25.032503    0.050564    0.000000    0.000000    -0.226781    0.000000    0.000000    -0.199985    0.000000    0.000000  
25.042504    0.048286    0.000000    0.000000    -0.228730    0.000000    0.000000    -0.190949    0.000000    0.000000  
25.052505    0.045989    0.000000    0.000000    -0.230587    0.000000    0.000000    -0.181823    0.000000    0.000000  
25.062506    0.043675    0.000000    0.000000    -0.232354    0.000000    0.000000    -0.172616    0.000000    0.000000  
25.072507    0.041343    0.000000    0.000000    -0.234029    0.000000    0.000000    -0.163336    0.000000    0.000000  
25.082508    0.038994    0.000000    0.000000    -0.235612    0.000000    0.000000    -0.153994    0.000000    0.000000  
25.092509    0.036631    0.000000    0.000000    -0.237103    0.000000    0.000000    -0.144598    0.000000    0.000000  
25.102510    0.034252    0.000000    0.000000    -0.238501    0.000000    0.000000    -0.135158    0.000000    0.000000  
25.112511    0.031860    0.000000    0.000000    -0.239807    0.000000    0.000000    -0.125680    0.000000    0.000000  
25.122512    0.029456    0.000000    0.000000    -0.241019    0.000000    0.000000    -0.116166    0.000000    0.000000  
25.132513    0.027039    0.000000    0.000000    -0.242137    0.000000    0.000000    -0.106617    0.000000    0.000000  
25.142514    0.024613    0.000000    0.000000    -0.243159    0.000000    0.000000    -0.097032    0.000000    0.000000  
25.152515    0.022176    0.000000    0.000000    -0.244086    0.000000    0.000000    -0.087415    0.000000    0.000000  
25.162516    0.019730    0.000000    0.000000    -0.244917    0.000000    0.000000    -0.077764    0.000000    0.000000  
25.172517    0.017277    0.000000    0.000000    -0.245650    0.000000    0.000000    -0.068081    0.000000    0.000000  
25.182518    0.014817    0.000000    0.000000    -0.246286    0.000000    0.000000    -0.058367    0.000000    0.000000  
25.192519    0.012351    0.000000    0.000000    -0.246823    0.000000    0.000000    -0.048623    0.000000    0.000000  
25.202520    0.009880    0.000000    0.000000    -0.247261    0.000000    0.000000    -0.038849    0.000000    0.000000  
25.212521    0.007406    0.000000    0.000000    -0.247599    0.000000    0.000000    -0.029048    0.000000    0.000000  
25.222522    0.004928    0.000000    0.000000    -0.247838    0.000000    0.000000    -0.019228    0.000000    0.000000  
25.232523    0.002449    0.000000    0.000000    -0.247978    0.000000    0.000000    -0.009395    0.000000    0.000000  
25.242524    -0.000032    0.000000    0.000000    -0.248019    0.000000    0.000000    0.000444    0.000000    0.000000  
25.252525    -0.002512    0.000000    0.000000    -0.247962    0.000000    0.000000    0.010281    0.000000    0.000000  
25.262526    -0.004991    0.000000    0.000000    -0.247807    0.000000    0.000000    0.020109    0.000000    0.000000  
25.272527    -0.007468    0.000000    0.000000    -0.247555    0.000000    0.000000    0.029922    0.000000    0.000000  
25.282528    -0.009943    0.000000    0.000000    -0.247205    0.000000    0.000000    0.039711    0.000000    0.000000  
25.292529    -0.012413    0.000000    0.000000    -0.246758    0.000000    0.000000    0.049470    0.000000    0.000000  
25.302530    -0.014878    0.000000    0.000000    -0.246214    0.000000    0.000000    0.059192    0.000000    0.000000  
25.312531    -0.017337    0.000000    0.000000    -0.245574    0.000000    0.000000    0.068872    0.000000    0.000000  
25.322532    -0.019790    0.000000    0.000000    -0.244838    0.000000    0.000000    0.078509    0.000000    0.000000  
25.332533    -0.022234    0.000000    0.000000    -0.244007    0.000000    0.000000    0.088106    0.000000    0.000000  
25.342534    -0.024670    0.000000    0.000000    -0.243079    0.000000    0.000000    0.097661    0.000000    0.000000  
25.352535    -0.027096    0.000000    0.000000    -0.242057    0.000000    0.000000    0.107176    0.000000    0.000000  
25.362536    -0.029511    0.000000    0.000000    -0.240939    0.000000    0.000000    0.116651    0.000000    0.000000  
25.372537    -0.031914    0.000000    0.000000    -0.239727    0.000000    0.000000    0.126087    0.000000    0.000000  
25.382538    -0.034305    0.000000    0.000000    -0.238420    0.000000    0.000000    0.135484    0.000000    0.000000  
25.392539    -0.036683    0.000000    0.000000    -0.237019    0.000000    0.000000    0.144843    0.000000    0.000000  
25.402540    -0.039046    0.000000    0.000000    -0.235524    0.000000    0.000000    0.154164    0.000000    0.000000  
25.412541    -0.041393    0.000000    0.000000    -0.233935    0.000000    0.000000    0.163446    0.000000    0.000000  
25.422542    -0.043725    0.000000    0.000000    -0.232254    0.000000    0.000000    0.172682    0.000000    0.000000  
25.432543    -0.046039    0.000000    0.000000    -0.230480    0.000000    0.000000    0.181864    0.000000    0.000000  
25.442544    -0.048335    0.000000    0.000000    -0.228615    0.000000    0.000000    0.190986    0.000000    0.000000  
25.452545    -0.050612    0.000000    0.000000    -0.226659    0.000000    0.000000    0.200040    0.000000    0.000000  
25.462546    -0.052869    0.000000    0.000000    -0.224614    0.000000    0.000000    0.209019    0.000000    0.000000  
25.472547    -0.055105    0.000000    0.000000    -0.222479    0.000000    0.000000    0.217916    0.000000    0.000000  
25.482548    -0.057319    0.000000    0.000000    -0.220256    0.000000    0.000000    0.226725    0.000000    0.000000  
25.492549    -0.059510    0.000000    0.000000    -0.217946    0.000000    0.000000    0.235436    0.000000    0.000000  
25.502550    -0.061678    0.000000    0.000000    -0.215548    0.000000    0.000000    0.244045    0.000000    0.000000  
25.512551    -0.063821    0.000000    0.000000    -0.213064    0.000000    0.000000    0.252543    0.000000    0.000000  
25.522552    -0.065939    0.000000    0.000000    -0.210496    0.000000    0.000000    0.260928    0.000000    0.000000  
25.532553    -0.068031    0.000000    0.000000    -0.207844    0.000000    0.000000    0.269194    0.000000    0.000000  
25.542554    -0.070096    0.000000    0.000000    -0.205111    0.000000    0.000000    0.277337    0.000000    0.000000  
25.552555    -0.072133    0.000000    0.000000    -0.202296    0.000000    0.000000    0.285353    0.000000    0.000000  
25.562556    -0.074142    0.000000    0.000000    -0.199403    0.000000    0.000000    0.293238    0.000000    0.000000  
25.572557    -0.076121    0.000000    0.000000    -0.196431    0.000000    0.000000    0.300988    0.000000    0.000000  
25.582558    -0.078071    0.000000    0.000000    -0.193383    0.000000    0.000000    0.308597    0.000000    0.000000  
25.592559    -0.079989    0.000000    0.000000    -0.190259    0.000000    0.000000    0.316062    0.000000    0.000000  
25.602560    -0.081876    0.000000    0.000000    -0.187061    0.000000    0.000000    0.323379    0.000000    0.000000  
25.612561    -0.083730    0.000000    0.000000    -0.183791    0.000000    0.000000    0.330548    0.000000    0.000000  
25.622562    -0.085552    0.000000    0.000000    -0.180449    0.000000    0.000000    0.337579    0.000000    0.000000  
25.632563    -0.087339    0.000000    0.000000    -0.177037    0.000000    0.000000    0.344481    0.000000    0.000000  
25.642564    -0.089093    0.000000    0.000000    -0.173556    0.000000    0.000000    0.351266    0.000000    0.000000  
25.652565    -0.090811    0.000000    0.000000    -0.170007    0.000000    0.000000    0.357944    0.000000    0.000000  
25.662566    -0.092493    0.000000    0.000000    -0.166392    0.000000    0.000000    0.364525    0.000000    0.000000  
25.672567    -0.094139    0.000000    0.000000    -0.162710    0.000000    0.000000    0.371020    0.000000    0.000000  
25.682568    -0.095748    0.000000    0.000000    -0.158965    0.000000    0.000000    0.377439    0.000000    0.000000  
25.692569    -0.097319    0.000000    0.000000    -0.155157    0.000000    0.000000    0.383793    0.000000    0.000000  
25.702570    -0.098851    0.000000    0.000000    -0.151286    0.000000    0.000000    0.390092    0.000000    0.000000  
25.712571    -0.100344    0.000000    0.000000    -0.147356    0.000000    0.000000    0.396332    0.000000    0.000000  
25.722572    -0.101798    0.000000    0.000000    -0.143365    0.000000    0.000000    0.402482    0.000000    0.000000  
25.732573    -0.103211    0.000000    0.000000    -0.139317    0.000000    0.000000    0.408508    0.000000    0.000000  
25.742574    -0.104584    0.000000    0.000000    -0.135211    0.000000    0.000000    0.414375    0.000000    0.000000  
25.752575    -0.105916    0.000000    0.000000    -0.131050    0.000000    0.000000    0.420050    0.000000    0.000000  
25.762576    -0.107205    0.000000    0.000000    -0.126834    0.000000    0.000000    0.425497    0.000000    0.000000  
25.772577    -0.108452    0.000000    0.000000    -0.122565    0.000000    0.000000    0.430684    0.000000    0.000000  
25.782578    -0.109657    0.000000    0.000000    -0.118244    0.000000    0.000000    0.435575    0.000000    0.000000  
25.792579    -0.110817    0.000000    0.000000    -0.113872    0.000000    0.000000    0.440137    0.000000    0.000000  
25.802580    -0.111934    0.000000    0.000000    -0.109451    0.000000    0.000000    0.444336    0.000000    0.000000  
25.812581    -0.113007    0.000000    0.000000    -0.104982    0.000000    0.000000    0.448158    0.000000    0.000000  
25.822582    -0.114034    0.000000    0.000000    -0.100470    0.000000    0.000000    0.451633    0.000000    0.000000  
25.832583    -0.115016    0.000000    0.000000    -0.095919    0.000000    0.000000    0.454794    0.000000    0.000000  
25.842584    -0.115953    0.000000    0.000000    -0.091333    0.000000    0.000000    0.457675    0.000000    0.000000  
25.852585    -0.116844    0.000000    0.000000    -0.086717    0.000000    0.000000    0.460309    0.000000    0.000000  
25.862586    -0.117689    0.000000    0.000000    -0.082075    0.000000    0.000000    0.462729    0.000000    0.000000  
25.872587    -0.118487    0.000000    0.000000    -0.077411    0.000000    0.000000    0.464968    0.000000    0.000000  
25.882588    -0.119239    0.000000    0.000000    -0.072730    0.000000    0.000000    0.467060    0.000000    0.000000  
25.892589    -0.119944    0.000000    0.000000    -0.068035    0.000000    0.000000    0.469038    0.000000    0.000000  
25.902590    -0.120601    0.000000    0.000000    -0.063332    0.000000    0.000000    0.470936    0.000000    0.000000  
25.912591    -0.121210    0.000000    0.000000    -0.058622    0.000000    0.000000    0.472779    0.000000    0.000000  
25.922592    -0.121772    0.000000    0.000000    -0.053903    0.000000    0.000000    0.474583    0.000000    0.000000  
25.932593    -0.122286    0.000000    0.000000    -0.049173    0.000000    0.000000    0.476360    0.000000    0.000000  
25.942594    -0.122752    0.000000    0.000000    -0.044429    0.000000    0.000000    0.478123    0.000000    0.000000  
25.952595    -0.123170    0.000000    0.000000    -0.039669    0.000000    0.000000    0.479884    0.000000    0.000000  
25.962596    -0.123541    0.000000    0.000000    -0.034890    0.000000    0.000000    0.481656    0.000000    0.000000  
25.972597    -0.123864    0.000000    0.000000    -0.030089    0.000000    0.000000    0.483453    0.000000    0.000000  
25.982598    -0.124139    0.000000    0.000000    -0.025265    0.000000    0.000000    0.485286    0.000000    0.000000  
25.992599    -0.124366    0.000000    0.000000    -0.020414    0.000000    0.000000    0.487169    0.000000    0.000000  
26.002600    -0.124546    0.000000    0.000000    -0.015535    0.000000    0.000000    0.489114    0.000000    0.000000  
26.012601    -0.124678    0.000000    0.000000    -0.010627    0.000000    0.000000    0.491106    0.000000    0.000000  
26.022602    -0.124761    0.000000    0.000000    -0.005692    0.000000    0.000000    0.493079    0.000000    0.000000  
26.032603    -0.124796    0.000000    0.000000    -0.000736    0.000000    0.000000    0.494961    0.000000    0.000000  
26.042604    -0.124781    0.000000    0.000000    0.004238    0.000000    0.000000    0.496680    0.000000    0.000000  
26.052605    -0.124717    0.000000    0.000000    0.009226    0.000000    0.000000    0.498164    0.000000    0.000000  
26.062606    -0.124603    0.000000    0.000000    0.014224    0.000000    0.000000    0.499341    0.000000    0.000000  
26.072607    -0.124439    0.000000    0.000000    0.019229    0.000000    0.000000    0.500139    0.000000    0.000000  
26.082608    -0.124225    0.000000    0.000000    0.024236    0.000000    0.000000    0.500485    0.000000    0.000000  
26.092609    -0.123959    0.000000    0.000000    0.029242    0.000000    0.000000    0.500308    0.000000    0.000000  
26.102610    -0.123642    0.000000    0.000000    0.034242    0.000000    0.000000    0.499536    0.000000    0.000000  
26.112611    -0.123273    0.000000    0.000000    0.039233    0.000000    0.000000    0.498140    0.000000    0.000000  
26.122612    -0.122854    0.000000    0.000000    0.044209    0.000000    0.000000    0.496170    0.000000    0.000000  
26.132613    -0.122384    0.000000    0.000000    0.049167    0.000000    0.000000    0.493687    0.000000    0.000000  
26.142614    -0.121864    0.000000    0.000000    0.054101    0.000000    0.000000    0.490748    0.000000    0.000000  
26.152615    -0.121295    0.000000    0.000000    0.059006    0.000000    0.000000    0.487415    0.000000    0.000000  
26.162616    -0.120678    0.000000    0.000000    0.063879    0.000000    0.000000    0.483745    0.000000    0.000000  
26.172617    -0.120012    0.000000    0.000000    0.068714    0.000000    0.000000    0.479799    0.000000    0.000000  
26.182618    -0.119299    0.000000    0.000000    0.073507    0.000000    0.000000    0.475637    0.000000    0.000000  
26.192619    -0.118539    0.000000    0.000000    0.078253    0.000000    0.000000    0.471317    0.000000    0.000000  
26.202620    -0.117733    0.000000    0.000000    0.082947    0.000000    0.000000    0.466899    0.000000    0.000000  
26.212621    -0.116881    0.000000    0.000000    0.087586    0.000000    0.000000    0.462424    0.000000    0.000000  
26.222622    -0.115983    0.000000    0.000000    0.092173    0.000000    0.000000    0.457898    0.000000    0.000000  
26.232623    -0.115040    0.000000    0.000000    0.096708    0.000000    0.000000    0.453323    0.000000    0.000000  
26.242624    -0.114052    0.000000    0.000000    0.101193    0.000000    0.000000    0.448703    0.000000    0.000000  
26.252625    -0.113020    0.000000    0.000000    0.105631    0.000000    0.000000    0.444038    0.000000    0.000000  
26.262626    -0.111943    0.000000    0.000000    0.110023    0.000000    0.000000    0.439332    0.000000    0.000000  
26.272627    -0.110823    0.000000    0.000000    0.114369    0.000000    0.000000    0.434588    0.000000    0.000000  
26.282628    -0.109659    0.000000    0.000000    0.118674    0.000000    0.000000    0.429807    0.000000    0.000000  
26.292629    -0.108451    0.000000    0.000000    0.122937    0.000000    0.000000    0.424992    0.000000    0.000000  
26.302630    -0.107201    0.000000    0.000000    0.127161    0.000000    0.000000    0.420146    0.000000    0.000000  
26.312631    -0.105908    0.000000    0.000000    0.131345    0.000000    0.000000    0.415261    0.000000    0.000000  
26.322632    -0.104572    0.000000    0.000000    0.135488    0.000000    0.000000    0.410316    0.000000    0.000000  
26.332633    -0.103196    0.000000    0.000000    0.139585    0.000000    0.000000    0.405285    0.000000    0.000000  
26.342634    -0.101779    0.000000    0.000000    0.143633    0.000000    0.000000    0.400143    0.000000    0.000000  
26.352635    -0.100321    0.000000    0.000000    0.147630    0.000000    0.000000    0.394867    0.000000    0.000000  
26.362636    -0.098824    0.000000    0.000000    0.151572    0.000000    0.000000    0.389432    0.000000    0.000000  
26.372637    -0.097288    0.000000    0.000000    0.155455    0.000000    0.000000    0.383812    0.000000    0.000000  
26.382638    -0.095714    0.000000    0.000000    0.159277    0.000000    0.000000    0.377984    0.000000    0.000000  
26.392639    -0.094102    0.000000    0.000000    0.163035    0.000000    0.000000    0.371922    0.000000    0.000000  
26.402640    -0.092453    0.000000    0.000000    0.166724    0.000000    0.000000    0.365603    0.000000    0.000000  
26.412641    -0.090768    0.000000    0.000000    0.170344    0.000000    0.000000    0.359017    0.000000    0.000000  
26.422642    -0.089046    0.000000    0.000000    0.173892    0.000000    0.000000    0.352185    0.000000    0.000000  
26.432643    -0.087290    0.000000    0.000000    0.177369    0.000000    0.000000    0.345131    0.000000    0.000000  
26.442644    -0.085499    0.000000    0.000000    0.180773    0.000000    0.000000    0.337880    0.000000    0.000000  
26.452645    -0.083675    0.000000    0.000000    0.184104    0.000000    0.000000    0.330456    0.000000    0.000000  
26.462646    -0.081818    0.000000    0.000000    0.187362    0.000000    0.000000    0.322883    0.000000    0.000000  
26.472647    -0.079929    0.000000    0.000000    0.190544    0.000000    0.000000    0.315184    0.000000    0.000000  
26.482648    -0.078008    0.000000    0.000000    0.193652    0.000000    0.000000    0.307384    0.000000    0.000000  
26.492649    -0.076056    0.000000    0.000000    0.196684    0.000000    0.000000    0.299507    0.000000    0.000000  
26.502650    -0.074074    0.000000    0.000000    0.199639    0.000000    0.000000    0.291578    0.000000    0.000000  
26.512651    -0.072063    0.000000    0.000000    0.202517    0.000000    0.000000    0.283608    0.000000    0.000000  
26.522652    -0.070023    0.000000    0.000000    0.205316    0.000000    0.000000    0.275592    0.000000    0.000000  
26.532653    -0.067956    0.000000    0.000000    0.208036    0.000000    0.000000    0.267520    0.000000    0.000000  
26.542654    -0.065862    0.000000    0.000000    0.210675    0.000000    0.000000    0.259383    0.000000    0.000000  
26.552655    -0.063742    0.000000    0.000000    0.213232    0.000000    0.000000    0.251172    0.000000    0.000000  
26.562656    -0.061596    0.000000    0.000000    0.215706    0.000000    0.000000    0.242877    0.000000    0.000000  
26.572657    -0.059427    0.000000    0.000000    0.218096    0.000000    0.000000    0.234490    0.000000    0.000000  
26.582658    -0.057234    0.000000    0.000000    0.220401    0.000000    0.000000    0.226002    0.000000    0.000000  
26.592659    -0.055019    0.000000    0.000000    0.222619    0.000000    0.000000    0.217403    0.000000    0.000000  
26.602660    -0.052781    0.000000    0.000000    0.224750    0.000000    0.000000    0.208684    0.000000    0.000000  
26.612661    -0.050523    0.000000    0.000000    0.226793    0.000000    0.000000    0.199841    0.000000    0.000000  
26.622662    -0.048245    0.000000    0.000000    0.228746    0.000000    0.000000    0.190883    0.000000    0.000000  
26.632663    -0.045949    0.000000    0.000000    0.230609    0.000000    0.000000    0.181818    0.000000    0.000000  
26.642664    -0.043633    0.000000    0.000000    0.232381    0.000000    0.000000    0.172653    0.000000    0.000000  
26.652665    -0.041301    0.000000    0.000000    0.234061    0.000000    0.000000    0.163398    0.000000    0.000000  
26.662666    -0.038953    0.000000    0.000000    0.235648    0.000000    0.000000    0.154061    0.000000    0.000000  
26.672667    -0.036589    0.000000    0.000000    0.237142    0.000000    0.000000    0.144650    0.000000    0.000000  
26.682668    -0.034210    0.000000    0.000000    0.238542    0.000000    0.000000    0.135175    0.000000    0.000000  
26.692669    -0.031818    0.000000    0.000000    0.239847    0.000000    0.000000    0.125642    0.000000    0.000000  
26.702670    -0.029413    0.000000    0.000000    0.241056    0.000000    0.000000    0.116061    0.000000    0.000000  
26.712671    -0.026997    0.000000    0.000000    0.242168    0.000000    0.000000    0.106440    0.000000    0.000000  
26.722672    -0.024569    0.000000    0.000000    0.243183    0.000000    0.000000    0.096782    0.000000    0.000000  
26.732673    -0.022132    0.000000    0.000000    0.244102    0.000000    0.000000    0.087093    0.000000    0.000000  
26.742674    -0.019686    0.000000    0.000000    0.244924    0.000000    0.000000    0.077377    0.000000    0.000000  
26.752675    -0.017233    0.000000    0.000000    0.245649    0.000000    0.000000    0.067640    0.000000    0.000000  
26.762676    -0.014773    0.000000    0.000000    0.246276    0.000000    0.000000    0.057885    0.000000    0.000000  
26.772677    -0.012306    0.000000    0.000000    0.246806    0.000000    0.000000    0.048119    0.000000    0.000000  
26.782678    -0.009836    0.000000    0.000000    0.247238    0.000000    0.000000    0.038344    0.000000    0.000000  
26.792679    -0.007361    0.000000    0.000000    0.247573    0.000000    0.000000    0.028566    0.000000    0.000000  
26.802680    -0.004884    0.000000    0.000000    0.247810    0.000000    0.000000    0.018791    0.000000    0.000000  
26.812681    -0.002405    0.000000    0.000000    0.247949    0.000000    0.000000    0.009020    0.000000    0.000000  
26.822682    0.000075    0.000000    0.000000    0.247990    0.000000    0.000000    -0.000742    0.000000    0.000000  
26.832683    0.002555    0.000000    0.000000    0.247933    0.000000    0.000000    -0.010496    0.000000    0.000000  
26.842684    0.005033    0.000000    0.000000    0.247780    0.000000    0.000000    -0.020239    0.000000    0.000000  
26.852685    0.007510    0.000000    0.000000    0.247528    0.000000    0.000000    -0.029969    0.000000    0.000000  
26.862686    0.009983    0.000000    0.000000    0.247180    0.000000    0.000000    -0.039685    0.000000    0.000000  
26.872687    0.012453    0.000000    0.000000    0.246735    0.000000    0.000000    -0.049384    0.000000    0.000000  
26.882688    0.014918    0.000000    0.000000    0.246192    0.000000    0.000000    -0.059066    0.000000    0.000000  
26.892689    0.017377    0.000000    0.000000    0.245553    0.000000    0.000000    -0.068729    0.000000    0.000000  
26.902690    0.019829    0.000000    0.000000    0.244818    0.000000    0.000000    -0.078370    0.000000    0.000000  
26.912691    0.022273    0.000000    0.000000    0.243986    0.000000    0.000000    -0.087988    0.000000    0.000000  
26.922692    0.024709    0.000000    0.000000    0.243058    0.000000    0.000000    -0.097577    0.000000    0.000000  
26.932693    0.027135    0.000000    0.000000    0.242034    0.000000    0.000000    -0.107133    0.000000    0.000000  
26.942694    0.029550    0.000000    0.000000    0.240916    0.000000    0.000000    -0.116651    0.000000    0.000000  
26.952695    0.031954    0.000000    0.000000    0.239703    0.000000    0.000000    -0.126127    0.000000    0.000000  
26.962696    0.034345    0.000000    0.000000    0.238395    0.000000    0.000000    -0.135555    0.000000    0.000000  
26.972697    0.036723    0.000000    0.000000    0.236993    0.000000    0.000000    -0.144931    0.000000    0.000000  
26.982698    0.039086    0.000000    0.000000    0.235498    0.000000    0.000000    -0.154251    0.000000    0.000000  
26.992699    0.041434    0.000000    0.000000    0.233910    0.000000    0.000000    -0.163509    0.000000    0.000000  
27.002700    0.043765    0.000000    0.000000    0.232228    0.000000    0.000000    -0.172702    0.000000    0.000000  
27.012701    0.046078    0.000000    0.000000    0.230455    0.000000    0.000000    -0.181824    0.000000    0.000000  
27.022702    0.048374    0.000000    0.000000    0.228590    0.000000    0.000000    -0.190875    0.000000    0.000000  
27.032703    0.050650    0.000000    0.000000    0.226635    0.000000    0.000000    -0.199852    0.000000    0.000000  
27.042704    0.052906    0.000000    0.000000    0.224591    0.000000    0.000000    -0.208755    0.000000    0.000000  
27.052705    0.055141    0.000000    0.000000    0.222457    0.000000    0.000000    -0.217581    0.000000    0.000000  
27.062706    0.057355    0.000000    0.000000    0.220236    0.000000    0.000000    -0.226328    0.000000    0.000000  
27.072707    0.059546    0.000000    0.000000    0.217928    0.000000    0.000000    -0.234996    0.000000    0.000000  
27.082708    0.061713    0.000000    0.000000    0.215534    0.000000    0.000000    -0.243583    0.000000    0.000000  
27.092709    0.063856    0.000000    0.000000    0.213055    0.000000    0.000000    -0.252086    0.000000    0.000000  
27.102710    0.065974    0.000000    0.000000    0.210492    0.000000    0.000000    -0.260504    0.000000    0.000000  
27.112711    0.068066    0.000000    0.000000    0.207845    0.000000    0.000000    -0.268834    0.000000    0.000000  
27.122712    0.070131    0.000000    0.000000    0.205116    0.000000    0.000000    -0.277069    0.000000    0.000000  
27.132713    0.072169    0.000000    0.000000    0.202306    0.000000    0.000000    -0.285202    0.000000    0.000000  
27.142714    0.074178    0.000000    0.000000    0.199415    0.000000    0.000000    -0.293227    0.000000    0.000000  
27.152715    0.076158    0.000000    0.000000    0.196445    0.000000    0.000000    -0.301137    0.000000    0.000000  
27.162716    0.078108    0.000000    0.000000    0.193397    0.000000    0.000000    -0.308924    0.000000    0.000000  
27.172717    0.080027    0.000000    0.000000    0.190272    0.000000    0.000000    -0.316582    0.000000    0.000000  
27.182718    0.081914    0.000000    0.000000    0.187070    0.000000    0.000000    -0.324104    0.000000    0.000000  
27.192719    0.083769    0.000000    0.000000    0.183793    0.000000    0.000000    -0.331483    0.000000    0.000000  
27.202720    0.085590    0.000000    0.000000    0.180442    0.000000    0.000000    -0.338713    0.000000    0.000000  
27.212721    0.087377    0.000000    0.000000    0.177018    0.000000    0.000000    -0.345788    0.000000    0.000000  
27.222722    0.089130    0.000000    0.000000    0.173523    0.000000    0.000000    -0.352712    0.000000    0.000000  
27.232723    0.090848    0.000000    0.000000    0.169958    0.000000    0.000000    -0.359484    0.000000    0.000000  
27.242724    0.092529    0.000000    0.000000    0.166326    0.000000    0.000000    -0.366109    0.000000    0.000000  
27.252725    0.094174    0.000000    0.000000    0.162627    0.000000    0.000000    -0.372586    0.000000    0.000000  
27.262726    0.095782    0.000000    0.000000    0.158865    0.000000    0.000000    -0.378919    0.000000    0.000000  
27.272727    0.097351    0.000000    0.000000    0.155041    0.000000    0.000000    -0.385108    0.000000    0.000000  
27.282728    0.098882    0.000000    0.000000    0.151156    0.000000    0.000000    -0.391157    0.000000    0.000000  
27.292729    0.100375    0.000000    0.000000    0.147212    0.000000    0.000000    -0.397067    0.000000    0.000000  
27.302730    0.101827    0.000000    0.000000    0.143212    0.000000    0.000000    -0.402839    0.000000    0.000000  
27.312731    0.103239    0.000000    0.000000    0.139156    0.000000    0.000000    -0.408470    0.000000    0.000000  
27.322732    0.104610    0.000000    0.000000    0.135047    0.000000    0.000000    -0.413947    0.000000    0.000000  
27.332733    0.105940    0.000000    0.000000    0.130885    0.000000    0.000000    -0.419254    0.000000    0.000000  
27.342734    0.107228    0.000000    0.000000    0.126673    0.000000    0.000000    -0.424377    0.000000    0.000000  
27.352735    0.108473    0.000000    0.000000    0.122412    0.000000    0.000000    -0.429301    0.000000    0.000000  
27.362736    0.109676    0.000000    0.000000    0.118103    0.000000    0.000000    -0.434011    0.000000    0.000000  
27.372737    0.110836    0.000000    0.000000    0.113747    0.000000    0.000000    -0.438492    0.000000    0.000000  
27.382738    0.111952    0.000000    0.000000    0.109347    0.000000    0.000000    -0.442729    0.000000    0.000000  
27.392739    0.113023    0.000000    0.000000    0.104904    0.000000    0.000000    -0.446708    0.000000    0.000000  
27.402740    0.114050    0.000000    0.000000    0.100418    0.000000    0.000000    -0.450415    0.000000    0.000000  
27.412741    0.115031    0.000000    0.000000    0.095893    0.000000    0.000000    -0.453846    0.000000    0.000000  
27.422742    0.115968    0.000000    0.000000    0.091330    0.000000    0.000000    -0.457025    0.000000    0.000000  
27.432743    0.116858    0.000000    0.000000    0.086734    0.000000    0.000000    -0.459976    0.000000    0.000000  
27.442744    0.117702    0.000000    0.000000    0.082106    0.000000    0.000000    -0.462723    0.000000    0.000000  
27.452745    0.118500    0.000000    0.000000    0.077450    0.000000    0.000000    -0.465292    0.000000    0.000000  
27.462746    0.119252    0.000000    0.000000    0.072768    0.000000    0.000000    -0.467706    0.000000    0.000000  
27.472747    0.119957    0.000000    0.000000    0.068063    0.000000    0.000000    -0.469990    0.000000    0.000000  
27.482748    0.120614    0.000000    0.000000    0.063339    0.000000    0.000000    -0.472169    0.000000    0.000000  
27.492749    0.121224    0.000000    0.000000    0.058598    0.000000    0.000000    -0.474267    0.000000    0.000000  
27.502750    0.121786    0.000000    0.000000    0.053843    0.000000    0.000000    -0.476308    0.000000    0.000000  
27.512751    0.122301    0.000000    0.000000    0.049075    0.000000    0.000000    -0.478308    0.000000    0.000000  
27.522752    0.122767    0.000000    0.000000    0.044294    0.000000    0.000000    -0.480262    0.000000    0.000000  
27.532753    0.123186    0.000000    0.000000    0.039499    0.000000    0.000000    -0.482162    0.000000    0.000000  
27.542754    0.123556    0.000000    0.000000    0.034688    0.000000    0.000000    -0.484004    0.000000    0.000000  
27.552755    0.123877    0.000000    0.000000    0.029861    0.000000    0.000000    -0.485781    0.000000    0.000000  
27.562756    0.124151    0.000000    0.000000    0.025016    0.000000    0.000000    -0.487486    0.000000    0.000000  
27.572757    0.124376    0.000000    0.000000    0.020152    0.000000    0.000000    -0.489114    0.000000    0.000000  
27.582758    0.124552    0.000000    0.000000    0.015269    0.000000    0.000000    -0.490657    0.000000    0.000000  
27.592759    0.124680    0.000000    0.000000    0.010365    0.000000    0.000000    -0.492111    0.000000    0.000000  
27.602760    0.124758    0.000000    0.000000    0.005438    0.000000    0.000000    -0.493467    0.000000    0.000000  
27.612761    0.124789    0.000000    0.000000    0.000490    0.000000    0.000000    -0.494709    0.000000    0.000000  
27.622762    0.124770    0.000000    0.000000    -0.004475    0.000000    0.000000    -0.495796    0.000000    0.000000  
27.632763    0.124701    0.000000    0.000000    -0.009453    0.000000    0.000000    -0.496687    0.000000    0.000000  
27.642764    0.124584    0.000000    0.000000    -0.014440    0.000000    0.000000    -0.497339    0.000000    0.000000  
27.652765    0.124416    0.000000    0.000000    -0.019431    0.000000    0.000000    -0.497709    0.000000    0.000000  
27.662766    0.124199    0.000000    0.000000    -0.024422    0.000000    0.000000    -0.497758    0.000000    0.000000  
27.672767    0.123932    0.000000    0.000000    -0.029409    0.000000    0.000000    -0.497441    0.000000    0.000000  
27.682768    0.123615    0.000000    0.000000    -0.034388    0.000000    0.000000    -0.496717    0.000000    0.000000  
27.692769    0.123248    0.000000    0.000000    -0.039354    0.000000    0.000000    -0.495545    0.000000    0.000000  
27.702770    0.122830    0.000000    0.000000    -0.044303    0.000000    0.000000    -0.493882    0.000000    0.000000  
27.712771    0.122361    0.000000    0.000000    -0.049230    0.000000    0.000000    -0.491718    0.000000    0.000000  
27.722772    0.121843    0.000000    0.000000    -0.054134    0.000000    0.000000    -0.489097    0.000000    0.000000  
27.732773    0.121275    0.000000    0.000000    -0.059010    0.000000    0.000000    -0.486071    0.000000    0.000000  
27.742774    0.120658    0.000000    0.000000    -0.063856    0.000000    0.000000    -0.482691    0.000000    0.000000  
27.752775    0.119992    0.000000    0.000000    -0.068670    0.000000    0.000000    -0.479007    0.000000    0.000000  
27.762776    0.119279    0.000000    0.000000    -0.073447    0.000000    0.000000    -0.475071    0.000000    0.000000  
27.772777    0.118519    0.000000    0.000000    -0.078184    0.000000    0.000000    -0.470933    0.000000    0.000000  
27.782778    0.117712    0.000000    0.000000    -0.082880    0.000000    0.000000    -0.466644    0.000000    0.000000  
27.792779    0.116859    0.000000    0.000000    -0.087530    0.000000    0.000000    -0.462256    0.000000    0.000000  
27.802780    0.115961    0.000000    0.000000    -0.092132    0.000000    0.000000    -0.457819    0.000000    0.000000  
27.812781    0.115017    0.000000    0.000000    -0.096684    0.000000    0.000000    -0.453363    0.000000    0.000000  
27.822782    0.114029    0.000000    0.000000    -0.101187    0.000000    0.000000    -0.448881    0.000000    0.000000  
27.832783    0.112996    0.000000    0.000000    -0.105640    0.000000    0.000000    -0.444364    0.000000    0.000000  
27.842784    0.111919    0.000000    0.000000    -0.110046    0.000000    0.000000    -0.439800    0.000000    0.000000  
27.852785    0.110798    0.000000    0.000000    -0.114404    0.000000    0.000000    -0.435180    0.000000    0.000000  
27.862786    0.109634    0.000000    0.000000    -0.118716    0.000000    0.000000    -0.430492    0.000000    0.000000  
27.872787    0.108427    0.000000    0.000000    -0.122982    0.000000    0.000000    -0.425726    0.000000    0.000000  
27.882788    0.107177    0.000000    0.000000    -0.127203    0.000000    0.000000    -0.420872    0.000000    0.000000  
27.892789    0.105884    0.000000    0.000000    -0.131379    0.000000    0.000000    -0.415919    0.000000    0.000000  
27.902790    0.104550    0.000000    0.000000    -0.135512    0.000000    0.000000    -0.410856    0.000000    0.000000  
27.912791    0.103174    0.000000    0.000000    -0.139601    0.000000    0.000000    -0.405674    0.000000    0.000000  
27.922792    0.101756    0.000000    0.000000    -0.143642    0.000000    0.000000    -0.400361    0.000000    0.000000  
27.932793    0.100299    0.000000    0.000000    -0.147634    0.000000    0.000000    -0.394908    0.000000    0.000000  
27.942794    0.098802    0.000000    0.000000    -0.151572    0.000000    0.000000    -0.389303    0.000000    0.000000  
27.952795    0.097266    0.000000    0.000000    -0.155454    0.000000    0.000000    -0.383537    0.000000    0.000000  
27.962796    0.095691    0.000000    0.000000    -0.159276    0.000000    0.000000    -0.377599    0.000000    0.000000  
27.972797    0.094079    0.000000    0.000000    -0.163037    0.000000    0.000000    -0.371478    0.000000    0.000000  
27.982798    0.092429    0.000000    0.000000    -0.166731    0.000000    0.000000    -0.365165    0.000000    0.000000  
27.992799    0.090743    0.000000    0.000000    -0.170358    0.000000    0.000000    -0.358649    0.000000    0.000000  
28.002800    0.089022    0.000000    0.000000    -0.173912    0.000000    0.000000    -0.351918    0.000000    0.000000  
28.012801    0.087265    0.000000    0.000000    -0.177393    0.000000    0.000000    -0.344974    0.000000    0.000000  
28.022802    0.085474    0.000000    0.000000    -0.180800    0.000000    0.000000    -0.337832    0.000000    0.000000  
28.032803    0.083649    0.000000    0.000000    -0.184132    0.000000    0.000000    -0.330510    0.000000    0.000000  
28.042804    0.081792    0.000000    0.000000    -0.187388    0.000000    0.000000    -0.323027    0.000000    0.000000  
28.052805    0.079902    0.000000    0.000000    -0.190570    0.000000    0.000000    -0.315401    0.000000    0.000000  
28.062806    0.077981    0.000000    0.000000    -0.193675    0.000000    0.000000    -0.307649    0.000000    0.000000  
28.072807    0.076029    0.000000    0.000000    -0.196704    0.000000    0.000000    -0.299791    0.000000    0.000000  
28.082808    0.074047    0.000000    0.000000    -0.199656    0.000000    0.000000    -0.291844    0.000000    0.000000  
28.092809    0.072036    0.000000    0.000000    -0.202531    0.000000    0.000000    -0.283826    0.000000    0.000000  
28.102810    0.069997    0.000000    0.000000    -0.205329    0.000000    0.000000    -0.275757    0.000000    0.000000  
28.112811    0.067929    0.000000    0.000000    -0.208048    0.000000    0.000000    -0.267644    0.000000    0.000000  
28.122812    0.065835    0.000000    0.000000    -0.210688    0.000000    0.000000    -0.259479    0.000000    0.000000  
28.132813    0.063715    0.000000    0.000000    -0.213247    0.000000    0.000000    -0.251254    0.000000    0.000000  
28.142814    0.061570    0.000000    0.000000    -0.215724    0.000000    0.000000    -0.242958    0.000000    0.000000  
28.152815    0.059400    0.000000    0.000000    -0.218117    0.000000    0.000000    -0.234582    0.000000    0.000000  
28.162816    0.057207    0.000000    0.000000    -0.220426    0.000000    0.000000    -0.226117    0.000000    0.000000  
28.172817    0.054991    0.000000    0.000000    -0.222649    0.000000    0.000000    -0.217553    0.000000    0.000000  
28.182818    0.052754    0.000000    0.000000    -0.224785    0.000000    0.000000    -0.208881    0.000000    0.000000  
28.192819    0.050495    0.000000    0.000000    -0.226831    0.000000    0.000000    -0.200090    0.000000    0.000000  
28.202820    0.048217    0.000000    0.000000    -0.228788    0.000000    0.000000    -0.191172    0.000000    0.000000  
28.212821    0.045919    0.000000    0.000000    -0.230654    0.000000    0.000000    -0.182123    0.000000    0.000000  
28.222822    0.043604    0.000000    0.000000    -0.232428    0.000000    0.000000    -0.172955    0.000000    0.000000  
28.232823    0.041271    0.000000    0.000000    -0.234110    0.000000    0.000000    -0.163676    0.000000    0.000000  
28.242824    0.038921    0.000000    0.000000    -0.235698    0.000000    0.000000    -0.154299    0.000000    0.000000  
28.252825    0.036557    0.000000    0.000000    -0.237193    0.000000    0.000000    -0.144833    0.000000    0.000000  
28.262826    0.034177    0.000000    0.000000    -0.238593    0.000000    0.000000    -0.135290    0.000000    0.000000  
28.272827    0.031785    0.000000    0.000000    -0.239898    0.000000    0.000000    -0.125681    0.000000    0.000000  
28.282828    0.029379    0.000000    0.000000    -0.241106    0.000000    0.000000    -0.116016    0.000000    0.000000  
28.292829    0.026962    0.000000    0.000000    -0.242218    0.000000    0.000000    -0.106306    0.000000    0.000000  
28.302830    0.024535    0.000000    0.000000    -0.243233    0.000000    0.000000    -0.096563    0.000000    0.000000  
28.312831    0.022098    0.000000    0.000000    -0.244149    0.000000    0.000000    -0.086794    0.000000    0.000000  
28.322832    0.019652    0.000000    0.000000    -0.244968    0.000000    0.000000    -0.077007    0.000000    0.000000  
28.332833    0.017198    0.000000    0.000000    -0.245689    0.000000    0.000000    -0.067207    0.000000    0.000000  
28.342834    0.014737    0.000000    0.000000    -0.246312    0.000000    0.000000    -0.057399    0.000000    0.000000  
28.352835    0.012271    0.000000    0.000000    -0.246837    0.000000    0.000000    -0.047591    0.000000    0.000000  
28.362836    0.009800    0.000000    0.000000    -0.247264    0.000000    0.000000    -0.037787    0.000000    0.000000  
28.372837    0.007325    0.000000    0.000000    -0.247594    0.000000    0.000000    -0.027994    0.000000    0.000000  
28.382838    0.004848    0.000000    0.000000    -0.247826    0.000000    0.000000    -0.018217    0.000000    0.000000  
28.392839    0.002369    0.000000    0.000000    -0.247960    0.000000    0.000000    -0.008462    0.000000    0.000000  
28.402840    -0.000112    0.000000    0.000000    -0.247996    0.000000    0.000000    0.001265    0.000000    0.000000  
28.412841    -0.002592    0.000000    0.000000    -0.247934    0.000000    0.000000    0.010961    0.000000    0.000000  
28.422842    -0.005070    0.000000    0.000000    -0.247775    0.000000    0.000000    0.020629    0.000000    0.000000  
28.432843    -0.007547    0.000000    0.000000    -0.247519    0.000000    0.000000    0.030273    0.000000    0.000000  
28.442844    -0.010021    0.000000    0.000000    -0.247166    0.000000    0.000000    0.039894    0.000000    0.000000  
28.452845    -0.012490    0.000000    0.000000    -0.246717    0.000000    0.000000    0.049496    0.000000    0.000000  
28.462846    -0.014955    0.000000    0.000000    -0.246172    0.000000    0.000000    0.059083    0.000000    0.000000  
28.472847    -0.017414    0.000000    0.000000    -0.245531    0.000000    0.000000    0.068658    0.000000    0.000000  
28.482848    -0.019866    0.000000    0.000000    -0.244795    0.000000    0.000000    0.078223    0.000000    0.000000  
28.492849    -0.022310    0.000000    0.000000    -0.243964    0.000000    0.000000    0.087782    0.000000    0.000000  
28.502850    -0.024745    0.000000    0.000000    -0.243038    0.000000    0.000000    0.097338    0.000000    0.000000  
28.512851    -0.027171    0.000000    0.000000    -0.242018    0.000000    0.000000    0.106890    0.000000    0.000000  
28.522852    -0.029586    0.000000    0.000000    -0.240903    0.000000    0.000000    0.116432    0.000000    0.000000  
28.532853    -0.031989    0.000000    0.000000    -0.239694    0.000000    0.000000    0.125956    0.000000    0.000000  
28.542854    -0.034380    0.000000    0.000000    -0.238390    0.000000    0.000000    0.135454    0.000000    0.000000  
28.552855    -0.036757    0.000000    0.000000    -0.236992    0.000000    0.000000    0.144919    0.000000    0.000000  
28.562856    -0.039120    0.000000    0.000000    -0.235500    0.000000    0.000000    0.154343    0.000000    0.000000  
28.572857    -0.041467    0.000000    0.000000    -0.233914    0.000000    0.000000    0.163719    0.000000    0.000000  
28.582858    -0.043798    0.000000    0.000000    -0.232234    0.000000    0.000000    0.173038    0.000000    0.000000  
28.592859    -0.046112    0.000000    0.000000    -0.230459    0.000000    0.000000    0.182294    0.000000    0.000000  
28.602860    -0.048408    0.000000    0.000000    -0.228590    0.000000    0.000000    0.191480    0.000000    0.000000  
28.612861    -0.050684    0.000000    0.000000    -0.226628    0.000000    0.000000    0.200586    0.000000    0.000000  
28.622862    -0.052940    0.000000    0.000000    -0.224574    0.000000    0.000000    0.209606    0.000000    0.000000  
28.632863    -0.055176    0.000000    0.000000    -0.222429    0.000000    0.000000    0.218533    0.000000    0.000000  
28.642864    -0.057389    0.000000    0.000000    -0.220195    0.000000    0.000000    0.227358    0.000000    0.000000  
28.652865    -0.059580    0.000000    0.000000    -0.217873    0.000000    0.000000    0.236075    0.000000    0.000000  
28.662866    -0.061748    0.000000    0.000000    -0.215465    0.000000    0.000000    0.244675    0.000000    0.000000  
28.672867    -0.063890    0.000000    0.000000    -0.212972    0.000000    0.000000    0.253151    0.000000    0.000000  
28.682868    -0.066008    0.000000    0.000000    -0.210396    0.000000    0.000000    0.261496    0.000000    0.000000  
28.692869    -0.068099    0.000000    0.000000    -0.207738    0.000000    0.000000    0.269701    0.000000    0.000000  
28.702870    -0.070163    0.000000    0.000000    -0.205000    0.000000    0.000000    0.277760    0.000000    0.000000  
28.712871    -0.072199    0.000000    0.000000    -0.202184    0.000000    0.000000    0.285671    0.000000    0.000000  
28.722872    -0.074206    0.000000    0.000000    -0.199289    0.000000    0.000000    0.293439    0.000000    0.000000  
28.732873    -0.076184    0.000000    0.000000    -0.196317    0.000000    0.000000    0.301074    0.000000    0.000000  
28.742874    -0.078132    0.000000    0.000000    -0.193270    0.000000    0.000000    0.308583    0.000000    0.000000  
28.752875    -0.080049    0.000000    0.000000    -0.190148    0.000000    0.000000    0.315973    0.000000    0.000000  
28.762876    -0.081935    0.000000    0.000000    -0.186952    0.000000    0.000000    0.323253    0.000000    0.000000  
28.772877    -0.083788    0.000000    0.000000    -0.183684    0.000000    0.000000    0.330431    0.000000    0.000000  
28.782878    -0.085608    0.000000    0.000000    -0.180344    0.000000    0.000000    0.337515    0.000000    0.000000  
28.792879    -0.087394    0.000000    0.000000    -0.176933    0.000000    0.000000    0.344511    0.000000    0.000000  
28.802880    -0.089147    0.000000    0.000000    -0.173453    0.000000    0.000000    0.351429    0.000000    0.000000  
28.812881    -0.090864    0.000000    0.000000    -0.169905    0.000000    0.000000    0.358270    0.000000    0.000000  
28.822882    -0.092545    0.000000    0.000000    -0.166289    0.000000    0.000000    0.365021    0.000000    0.000000  
28.832883    -0.094190    0.000000    0.000000    -0.162606    0.000000    0.000000    0.371672    0.000000    0.000000  
28.842884    -0.095798    0.000000    0.000000    -0.158859    0.000000    0.000000    0.378210    0.000000    0.000000  
28.852885    -0.097368    0.000000    0.000000    -0.155047    0.000000    0.000000    0.384623    0.000000    0.000000  
28.862886    -0.098900    0.000000    0.000000    -0.151172    0.000000    0.000000    0.390899    0.000000    0.000000  
28.872887    -0.100392    0.000000    0.000000    -0.147235    0.000000    0.000000    0.397026    0.000000    0.000000  
28.882888    -0.101845    0.000000    0.000000    -0.143238    0.000000    0.000000    0.402992    0.000000    0.000000  
28.892889    -0.103258    0.000000    0.000000    -0.139180    0.000000    0.000000    0.408784    0.000000    0.000000  
28.902890    -0.104629    0.000000    0.000000    -0.135064    0.000000    0.000000    0.414391    0.000000    0.000000  
28.912891    -0.105959    0.000000    0.000000    -0.130891    0.000000    0.000000    0.419801    0.000000    0.000000  
28.922892    -0.107247    0.000000    0.000000    -0.126664    0.000000    0.000000    0.425003    0.000000    0.000000  
28.932893    -0.108492    0.000000    0.000000    -0.122385    0.000000    0.000000    0.429984    0.000000    0.000000  
28.942894    -0.109694    0.000000    0.000000    -0.118057    0.000000    0.000000    0.434734    0.000000    0.000000  
28.952895    -0.110853    0.000000    0.000000    -0.113684    0.000000    0.000000    0.439241    0.000000    0.000000  
28.962896    -0.111968    0.000000    0.000000    -0.109266    0.000000    0.000000    0.443494    0.000000    0.000000  
28.972897    -0.113038    0.000000    0.000000    -0.104809    0.000000    0.000000    0.447482    0.000000    0.000000  
28.982898    -0.114064    0.000000    0.000000    -0.100313    0.000000    0.000000    0.451193    0.000000    0.000000  
28.992899    -0.115045    0.000000    0.000000    -0.095783    0.000000    0.000000    0.454615    0.000000    0.000000  
29.002900    -0.115980    0.000000    0.000000    -0.091221    0.000000    0.000000    0.457738    0.000000    0.000000  
29.012901    -0.116870    0.000000    0.000000    -0.086628    0.000000    0.000000    0.460567    0.000000    0.000000  
29.022902    -0.117713    0.000000    0.000000    -0.082008    0.000000    0.000000    0.463137    0.000000    0.000000  
29.032903    -0.118509    0.000000    0.000000    -0.077361    0.000000    0.000000    0.465484    0.000000    0.000000  
29.042904    -0.119259    0.000000    0.000000    -0.072690    0.000000    0.000000    0.467645    0.000000    0.000000  
29.052905    -0.119963    0.000000    0.000000    -0.067997    0.000000    0.000000    0.469659    0.000000    0.000000  
29.062906    -0.120619    0.000000    0.000000    -0.063282    0.000000    0.000000    0.471562    0.000000    0.000000  
29.072907    -0.121228    0.000000    0.000000    -0.058548    0.000000    0.000000    0.473391    0.000000    0.000000  
29.082908    -0.121790    0.000000    0.000000    -0.053797    0.000000    0.000000    0.475184    0.000000    0.000000  
29.092909    -0.122304    0.000000    0.000000    -0.049031    0.000000    0.000000    0.476978    0.000000    0.000000  
29.102910    -0.122771    0.000000    0.000000    -0.044250    0.000000    0.000000    0.478809    0.000000    0.000000  
29.112911    -0.123189    0.000000    0.000000    -0.039457    0.000000    0.000000    0.480693    0.000000    0.000000  
29.122912    -0.123560    0.000000    0.000000    -0.034650    0.000000    0.000000    0.482607    0.000000    0.000000  
29.132913    -0.123882    0.000000    0.000000    -0.029828    0.000000    0.000000    0.484525    0.000000    0.000000  
29.142914    -0.124156    0.000000    0.000000    -0.024990    0.000000    0.000000    0.486418    0.000000    0.000000  
29.152915    -0.124381    0.000000    0.000000    -0.020136    0.000000    0.000000    0.488262    0.000000    0.000000  
29.162916    -0.124558    0.000000    0.000000    -0.015265    0.000000    0.000000    0.490028    0.000000    0.000000  
29.172917    -0.124686    0.000000    0.000000    -0.010375    0.000000    0.000000    0.491690    0.000000    0.000000  
29.182918    -0.124764    0.000000    0.000000    -0.005466    0.000000    0.000000    0.493222    0.000000    0.000000  
29.192919    -0.124794    0.000000    0.000000    -0.000536    0.000000    0.000000    0.494596    0.000000    0.000000  
29.202920    -0.124775    0.000000    0.000000    0.004414    0.000000    0.000000    0.495787    0.000000    0.000000  
29.212921    -0.124706    0.000000    0.000000    0.009385    0.000000    0.000000    0.496765    0.000000    0.000000  
29.222922    -0.124588    0.000000    0.000000    0.014371    0.000000    0.000000    0.497499    0.000000    0.000000  
29.232923    -0.124420    0.000000    0.000000    0.019366    0.000000    0.000000    0.497959    0.000000    0.000000  
29.242924    -0.124203    0.000000    0.000000    0.024367    0.000000    0.000000    0.498112    0.000000    0.000000  
29.252925    -0.123936    0.000000    0.000000    0.029368    0.000000    0.000000    0.497928    0.000000    0.000000  
29.262926    -0.123619    0.000000    0.000000    0.034363    0.000000    0.000000    0.497376    0.000000    0.000000  
29.272927    -0.123252    0.000000    0.000000    0.039347    0.000000    0.000000    0.496424    0.000000    0.000000  
29.282928    -0.122835    0.000000    0.000000    0.044316    0.000000    0.000000    0.495041    0.000000    0.000000  
29.292929    -0.122368    0.000000    0.000000    0.049264    0.000000    0.000000    0.493195    0.000000    0.000000  
29.302930    -0.121851    0.000000    0.000000    0.054187    0.000000    0.000000    0.490856    0.000000    0.000000  
29.312931    -0.121284    0.000000    0.000000    0.059079    0.000000    0.000000    0.488022    0.000000    0.000000  
29.322932    -0.120667    0.000000    0.000000    0.063938    0.000000    0.000000    0.484743    0.000000    0.000000  
29.332933    -0.120001    0.000000    0.000000    0.068763    0.000000    0.000000    0.481075    0.000000    0.000000  
29.342934    -0.119288    0.000000    0.000000    0.073551    0.000000    0.000000    0.477073    0.000000    0.000000  
29.352935    -0.118526    0.000000    0.000000    0.078299    0.000000    0.000000    0.472791    0.000000    0.000000  
29.362936    -0.117717    0.000000    0.000000    0.083006    0.000000    0.000000    0.468284    0.000000    0.000000  
29.372937    -0.116862    0.000000    0.000000    0.087668    0.000000    0.000000    0.463608    0.000000    0.000000  
29.382938    -0.115961    0.000000    0.000000    0.092284    0.000000    0.000000    0.458819    0.000000    0.000000  
29.392939    -0.115014    0.000000    0.000000    0.096852    0.000000    0.000000    0.453969    0.000000    0.000000  
29.402940    -0.114023    0.000000    0.000000    0.101368    0.000000    0.000000    0.449116    0.000000    0.000000  
29.412941    -0.112987    0.000000    0.000000    0.105833    0.000000    0.000000    0.444288    0.000000    0.000000  
29.422942    -0.111908    0.000000    0.000000    0.110245    0.000000    0.000000    0.439474    0.000000    0.000000  
29.432943    -0.110785    0.000000    0.000000    0.114607    0.000000    0.000000    0.434657    0.000000    0.000000  
29.442944    -0.109618    0.000000    0.000000    0.118917    0.000000    0.000000    0.429820    0.000000    0.000000  
29.452945    -0.108409    0.000000    0.000000    0.123178    0.000000    0.000000    0.424948    0.000000    0.000000  
29.462946    -0.107158    0.000000    0.000000    0.127390    0.000000    0.000000    0.420024    0.000000    0.000000  
29.472947    -0.105864    0.000000    0.000000    0.131553    0.000000    0.000000    0.415031    0.000000    0.000000  
29.482948    -0.104529    0.000000    0.000000    0.135668    0.000000    0.000000    0.409953    0.000000    0.000000  
29.492949    -0.103153    0.000000    0.000000    0.139735    0.000000    0.000000    0.404774    0.000000    0.000000  
29.502950    -0.101735    0.000000    0.000000    0.143755    0.000000    0.000000    0.399477    0.000000    0.000000  
29.512951    -0.100277    0.000000    0.000000    0.147728    0.000000    0.000000    0.394049    0.000000    0.000000  
29.522952    -0.098779    0.000000    0.000000    0.151651    0.000000    0.000000    0.388480    0.000000    0.000000  
29.532953    -0.097242    0.000000    0.000000    0.155521    0.000000    0.000000    0.382764    0.000000    0.000000  
29.542954    -0.095667    0.000000    0.000000    0.159334    0.000000    0.000000    0.376892    0.000000    0.000000  
29.552955    -0.094054    0.000000    0.000000    0.163089    0.000000    0.000000    0.370855    0.000000    0.000000  
29.562956    -0.092403    0.000000    0.000000    0.166782    0.000000    0.000000    0.364645    0.000000    0.000000  
29.572957    -0.090716    0.000000    0.000000    0.170409    0.000000    0.000000    0.358256    0.000000    0.000000  
29.582958    -0.088994    0.000000    0.000000    0.173969    0.000000    0.000000    0.351677    0.000000    0.000000  
29.592959    -0.087236    0.000000    0.000000    0.177459    0.000000    0.000000    0.344902    0.000000    0.000000  
29.602960    -0.085444    0.000000    0.000000    0.180874    0.000000    0.000000    0.337921    0.000000    0.000000  
29.612961    -0.083619    0.000000    0.000000    0.184214    0.000000    0.000000    0.330736    0.000000    0.000000  
29.622962    -0.081760    0.000000    0.000000    0.187478    0.000000    0.000000    0.323361    0.000000    0.000000  
29.632963    -0.079870    0.000000    0.000000    0.190665    0.000000    0.000000    0.315811    0.000000    0.000000  
29.642964    -0.077947    0.000000    0.000000    0.193774    0.000000    0.000000    0.308102    0.000000    0.000000  
29.652965    -0.075995    0.000000    0.000000    0.196806    0.000000    0.000000    0.300250    0.000000    0.000000  
29.662966    -0.074012    0.000000    0.000000    0.199760    0.000000    0.000000    0.292271    0.000000    0.000000  
29.672967    -0.072000    0.000000    0.000000    0.202634    0.000000    0.000000    0.284179    0.000000    0.000000  
29.682968    -0.069960    0.000000    0.000000    0.205430    0.000000    0.000000    0.275992    0.000000    0.000000  
29.692969    -0.067892    0.000000    0.000000    0.208145    0.000000    0.000000    0.267724    0.000000    0.000000  
29.702970    -0.065797    0.000000    0.000000    0.210781    0.000000    0.000000    0.259392    0.000000    0.000000  
29.712971    -0.063676    0.000000    0.000000    0.213335    0.000000    0.000000    0.251002    0.000000    0.000000  
29.722972    -0.061530    0.000000    0.000000    0.215807    0.000000    0.000000    0.242552    0.000000    0.000000  
29.732973    -0.059359    0.000000    0.000000    0.218195    0.000000    0.000000    0.234035    0.000000    0.000000  
29.742974    -0.057165    0.000000    0.000000    0.220499    0.000000    0.000000    0.225446    0.000000    0.000000  
29.752975    -0.054949    0.000000    0.000000    0.222716    0.000000    0.000000    0.216778    0.000000    0.000000  
29.762976    -0.052710    0.000000    0.000000    0.224846    0.000000    0.000000    0.208027    0.000000    0.000000  
29.772977    -0.050451    0.000000    0.000000    0.226887    0.000000    0.000000    0.199185    0.000000    0.000000  
29.782978    -0.048172    0.000000    0.000000    0.228838    0.000000    0.000000    0.190248    0.000000    0.000000  
29.792979    -0.045874    0.000000    0.000000    0.230698    0.000000    0.000000    0.181210    0.000000    0.000000  
29.802980    -0.043558    0.000000    0.000000    0.232465    0.000000    0.000000    0.172065    0.000000    0.000000  
29.812981    -0.041225    0.000000    0.000000    0.234138    0.000000    0.000000    0.162813    0.000000    0.000000  
29.822982    -0.038875    0.000000    0.000000    0.235717    0.000000    0.000000    0.153466    0.000000    0.000000  
29.832983    -0.036510    0.000000    0.000000    0.237202    0.000000    0.000000    0.144035    0.000000    0.000000  
29.842984    -0.034131    0.000000    0.000000    0.238593    0.000000    0.000000    0.134533    0.000000    0.000000  
29.852985    -0.031738    0.000000    0.000000    0.239888    0.000000    0.000000    0.124970    0.000000    0.000000  
29.862986    -0.029333    0.000000    0.000000    0.241088    0.000000    0.000000    0.115359    0.000000    0.000000  
29.872987    -0.026916    0.000000    0.000000    0.242193    0.000000    0.000000    0.105711    0.000000    0.000000  
29.882988    -0.024489    0.000000    0.000000    0.243201    0.000000    0.000000    0.096040    0.000000    0.000000  
29.892989    -0.022052    0.000000    0.000000    0.244113    0.000000    0.000000    0.086355    0.000000    0.000000  
29.902990    -0.019607    0.000000    0.000000    0.244928    0.000000    0.000000    0.076670    0.000000    0.000000  
29.912991    -0.017154    0.000000    0.000000    0.245646    0.000000    0.000000    0.066991    0.000000    0.000000  
29.922992    -0.014694    0.000000    0.000000    0.246268    0.000000    0.000000    0.057316    0.000000    0.000000  
29.932993    -0.012228    0.000000    0.000000    0.246792    0.000000    0.000000    0.047645    0.000000    0.000000  
29.942994    -0.009757    0.000000    0.000000    0.247220    0.000000    0.000000    0.037975    0.000000    0.000000  
29.952995    -0.007283    0.000000    0.000000    0.247551    0.000000    0.000000    0.028304    0.000000    0.000000  
29.962996    -0.004806    0.000000    0.000000    0.247785    0.000000    0.000000    0.018630    0.000000    0.000000  
29.972997    -0.002327    0.000000    0.000000    0.247922    0.000000    0.000000    0.008951    0.000000    0.000000  
29.982998    0.000153    0.000000    0.000000    0.247962    0.000000    0.000000    -0.000735    0.000000    0.000000  
29.992999    0.002632    0.000000    0.000000    0.247906    0.000000    0.000000    -0.010429    0.000000    0.000000  
30.003000    0.005111    0.000000    0.000000    0.247753    0.000000    0.000000    -0.020135    0.000000    0.000000  
30.013001    0.007588    0.000000    0.000000    0.247504    0.000000    0.000000    -0.029850    0.000000    0.000000  
30.023002    0.010061    0.000000    0.000000    0.247157    0.000000    0.000000    -0.039571    0.000000    0.000000  
30.033003    0.012531    0.000000    0.000000    0.246714    0.000000    0.000000    -0.049293    0.000000    0.000000  
30.043004    0.014995    0.000000    0.000000    0.246174    0.000000    0.000000    -0.059009    0.000000    0.000000  
30.053005    0.017454    0.000000    0.000000    0.245538    0.000000    0.000000    -0.068715    0.000000    0.000000  
30.063006    0.019906    0.000000    0.000000    0.244804    0.000000    0.000000    -0.078405    0.000000    0.000000  
30.073007    0.022350    0.000000    0.000000    0.243974    0.000000    0.000000    -0.088075    0.000000    0.000000  
30.083008    0.024786    0.000000    0.000000    0.243047    0.000000    0.000000    -0.097719    0.000000    0.000000  
30.093009    0.027211    0.000000    0.000000    0.242023    0.000000    0.000000    -0.107332    0.000000    0.000000  
30.103010    0.029626    0.000000    0.000000    0.240902    0.000000    0.000000    -0.116908    0.000000    0.000000  
30.113011    0.032030    0.000000    0.000000    0.239684    0.000000    0.000000    -0.126443    0.000000    0.000000  
30.123012    0.034420    0.000000    0.000000    0.238370    0.000000    0.000000    -0.135932    0.000000    0.000000  
30.133013    0.036797    0.000000    0.000000    0.236961    0.000000    0.000000    -0.145369    0.000000    0.000000  
30.143014    0.039160    0.000000    0.000000    0.235458    0.000000    0.000000    -0.154751    0.000000    0.000000  
30.153015    0.041507    0.000000    0.000000    0.233862    0.000000    0.000000    -0.164071    0.000000    0.000000  
30.163016    0.043838    0.000000    0.000000    0.232172    0.000000    0.000000    -0.173326    0.000000    0.000000  
30.173017    0.046151    0.000000    0.000000    0.230391    0.000000    0.000000    -0.182510    0.000000    0.000000  
30.183018    0.048446    0.000000    0.000000    0.228519    0.000000    0.000000    -0.191618    0.000000    0.000000  
30.193019    0.050722    0.000000    0.000000    0.226557    0.000000    0.000000    -0.200646    0.000000    0.000000  
30.203020    0.052978    0.000000    0.000000    0.224506    0.000000    0.000000    -0.209588    0.000000    0.000000  
30.213021    0.055213    0.000000    0.000000    0.222366    0.000000    0.000000    -0.218440    0.000000    0.000000  
30.223022    0.057425    0.000000    0.000000    0.220138    0.000000    0.000000    -0.227197    0.000000    0.000000  
30.233023    0.059615    0.000000    0.000000    0.217824    0.000000    0.000000    -0.235853    0.000000    0.000000  
30.243024    0.061781    0.000000    0.000000    0.215424    0.000000    0.000000    -0.244404    0.000000    0.000000  
30.253025    0.063923    0.000000    0.000000    0.212940    0.000000    0.000000    -0.252844    0.000000    0.000000  
30.263026    0.066040    0.000000    0.000000    0.210372    0.000000    0.000000    -0.261168    0.000000    0.000000  
30.273027    0.068130    0.000000    0.000000    0.207721    0.000000    0.000000    -0.269371    0.000000    0.000000  
30.283028    0.070194    0.000000    0.000000    0.204989    0.000000    0.000000    -0.277448    0.000000    0.000000  
30.293029    0.072230    0.000000    0.000000    0.202175    0.000000    0.000000    -0.285394    0.000000    0.000000  
30.303030    0.074238    0.000000    0.000000    0.199282    0.000000    0.000000    -0.293203    0.000000    0.000000  
30.313031    0.076216    0.000000    0.000000    0.196310    0.000000    0.000000    -0.300877    0.000000    0.000000  
30.323032    0.078164    0.000000    0.000000    0.193261    0.000000    0.000000    -0.308421    0.000000    0.000000  
30.333033    0.080081    0.000000    0.000000    0.190136    0.000000    0.000000    -0.315845    0.000000    0.000000  
30.343034    0.081967    0.000000    0.000000    0.186936    0.000000    0.000000    -0.323157    0.000000    0.000000  
30.353035    0.083821    0.000000    0.000000    0.183663    0.000000    0.000000    -0.330366    0.000000    0.000000  
30.363036    0.085641    0.000000    0.000000    0.180318    0.000000    0.000000    -0.337480    0.000000    0.000000  
30.373037    0.087428    0.000000    0.000000    0.176903    0.000000    0.000000    -0.344508    0.000000    0.000000  
30.383038    0.089180    0.000000    0.000000    0.173418    0.000000    0.000000    -0.351457    0.000000    0.000000  
30.393039    0.090897    0.000000    0.000000    0.169866    0.000000    0.000000    -0.358337    0.000000    0.000000  
30.403040    0.092578    0.000000    0.000000    0.166248    0.000000    0.000000    -0.365156    0.000000    0.000000  
30.413041    0.094222    0.000000    0.000000    0.162564    0.000000    0.000000    -0.371910    0.000000    0.000000  
30.423042    0.095829    0.000000    0.000000    0.158817    0.000000    0.000000    -0.378579    0.000000    0.000000  
30.433043    0.097398    0.000000    0.000000    0.155005    0.000000    0.000000    -0.385138    0.000000    0.000000  
30.443044    0.098928    0.000000    0.000000    0.151131    0.000000    0.000000    -0.391564    0.000000    0.000000  
30.453045    0.100420    0.000000    0.000000    0.147195    0.000000    0.000000    -0.397834    0.000000    0.000000  
30.463046    0.101871    0.000000    0.000000    0.143198    0.000000    0.000000    -0.403924    0.000000    0.000000  
30.473047    0.103283    0.000000    0.000000    0.139140    0.000000    0.000000    -0.409811    0.000000    0.000000  
30.483048    0.104654    0.000000    0.000000    0.135023    0.000000    0.000000    -0.415470    0.000000    0.000000  
30.493049    0.105983    0.000000    0.000000    0.130847    0.000000    0.000000    -0.420879    0.000000    0.000000  
30.503050    0.107270    0.000000    0.000000    0.126613    0.000000    0.000000    -0.426013    0.000000    0.000000  
30.513051    0.108515    0.000000    0.000000    0.122323    0.000000    0.000000    -0.430862    0.000000    0.000000  
30.523052    0.109717    0.000000    0.000000    0.117981    0.000000    0.000000    -0.435430    0.000000    0.000000  
30.533053    0.110876    0.000000    0.000000    0.113591    0.000000    0.000000    -0.439727    0.000000    0.000000  
30.543054    0.111991    0.000000    0.000000    0.109156    0.000000    0.000000    -0.443759    0.000000    0.000000  
30.553055    0.113061    0.000000    0.000000    0.104680    0.000000    0.000000    -0.447534    0.000000    0.000000  
30.563056    0.114087    0.000000    0.000000    0.100169    0.000000    0.000000    -0.451062    0.000000    0.000000  
30.573057    0.115067    0.000000    0.000000    0.095625    0.000000    0.000000    -0.454349    0.000000    0.000000  
30.583058    0.116002    0.000000    0.000000    0.091052    0.000000    0.000000    -0.457403    0.000000    0.000000  
30.593059    0.116890    0.000000    0.000000    0.086455    0.000000    0.000000    -0.460233    0.000000    0.000000  
30.603060    0.117732    0.000000    0.000000    0.081838    0.000000    0.000000    -0.462846    0.000000    0.000000  
30.613061    0.118527    0.000000    0.000000    0.077202    0.000000    0.000000    -0.465259    0.000000    0.000000  
30.623062    0.119274    0.000000    0.000000    0.072548    0.000000    0.000000    -0.467501    0.000000    0.000000  
30.633063    0.119975    0.000000    0.000000    0.067875    0.000000    0.000000    -0.469604    0.000000    0.000000  
30.643064    0.120628    0.000000    0.000000    0.063182    0.000000    0.000000    -0.471600    0.000000    0.000000  
30.653065    0.121235    0.000000    0.000000    0.058470    0.000000    0.000000    -0.473519    0.000000    0.000000  
30.663066    0.121794    0.000000    0.000000    0.053737    0.000000    0.000000    -0.475392    0.000000    0.000000  
30.673067    0.122305    0.000000    0.000000    0.048983    0.000000    0.000000    -0.477251    0.000000    0.000000  
30.683068    0.122770    0.000000    0.000000    0.044207    0.000000    0.000000    -0.479127    0.000000    0.000000  
30.693069    0.123187    0.000000    0.000000    0.039410    0.000000    0.000000    -0.481051    0.000000    0.000000  
30.703070    0.123557    0.000000    0.000000    0.034589    0.000000    0.000000    -0.483055    0.000000    0.000000  
30.713071    0.123880    0.000000    0.000000    0.029746    0.000000    0.000000    -0.485138    0.000000    0.000000  
30.723072    0.124154    0.000000    0.000000    0.024882    0.000000    0.000000    -0.487250    0.000000    0.000000  
30.733073    0.124380    0.000000    0.000000    0.019998    0.000000    0.000000    -0.489337    0.000000    0.000000  
30.743074    0.124558    0.000000    0.000000    0.015096    0.000000    0.000000    -0.491344    0.000000    0.000000  
30.753075    0.124687    0.000000    0.000000    0.010177    0.000000    0.000000    -0.493216    0.000000    0.000000  
30.763076    0.124767    0.000000    0.000000    0.005242    0.000000    0.000000    -0.494898    0.000000    0.000000  
30.773077    0.124796    0.000000    0.000000    0.000292    0.000000    0.000000    -0.496335    0.000000    0.000000  
30.783078    0.124776    0.000000    0.000000    -0.004670    0.000000    0.000000    -0.497472    0.000000    0.000000  
30.793079    0.124706    0.000000    0.000000    -0.009644    0.000000    0.000000    -0.498255    0.000000    0.000000  
30.803080    0.124585    0.000000    0.000000    -0.014629    0.000000    0.000000    -0.498629    0.000000    0.000000  
30.813081    0.124413    0.000000    0.000000    -0.019620    0.000000    0.000000    -0.498566    0.000000    0.000000  
30.823082    0.124190    0.000000    0.000000    -0.024615    0.000000    0.000000    -0.498080    0.000000    0.000000  
30.833083    0.123917    0.000000    0.000000    -0.029606    0.000000    0.000000    -0.497189    0.000000    0.000000  
30.843084    0.123594    0.000000    0.000000    -0.034590    0.000000    0.000000    -0.495914    0.000000    0.000000  
30.853085    0.123222    0.000000    0.000000    -0.039562    0.000000    0.000000    -0.494272    0.000000    0.000000  
30.863086    0.122800    0.000000    0.000000    -0.044515    0.000000    0.000000    -0.492281    0.000000    0.000000  
30.873087    0.122329    0.000000    0.000000    -0.049445    0.000000    0.000000    -0.489962    0.000000    0.000000  
30.883088    0.121809    0.000000    0.000000    -0.054347    0.000000    0.000000    -0.487332    0.000000    0.000000  
30.893089    0.121241    0.000000    0.000000    -0.059216    0.000000    0.000000    -0.484410    0.000000    0.000000  
30.903090    0.120624    0.000000    0.000000    -0.064047    0.000000    0.000000    -0.481215    0.000000    0.000000  
30.913091    0.119960    0.000000    0.000000    -0.068836    0.000000    0.000000    -0.477769    0.000000    0.000000  
30.923092    0.119248    0.000000    0.000000    -0.073583    0.000000    0.000000    -0.474096    0.000000    0.000000  
30.933093    0.118489    0.000000    0.000000    -0.078289    0.000000    0.000000    -0.470225    0.000000    0.000000  
30.943094    0.117684    0.000000    0.000000    -0.082953    0.000000    0.000000    -0.466180    0.000000    0.000000  
30.953095    0.116831    0.000000    0.000000    -0.087576    0.000000    0.000000    -0.461989    0.000000    0.000000  
30.963096    0.115933    0.000000    0.000000    -0.092158    0.000000    0.000000    -0.457678    0.000000    0.000000  
30.973097    0.114989    0.000000    0.000000    -0.096699    0.000000    0.000000    -0.453274    0.000000    0.000000  
30.983098    0.114000    0.000000    0.000000    -0.101200    0.000000    0.000000    -0.448802    0.000000    0.000000  
30.993099    0.112966    0.000000    0.000000    -0.105660    0.000000    0.000000    -0.444289    0.000000    0.000000  
31.003100    0.111887    0.000000    0.000000    -0.110080    0.000000    0.000000    -0.439761    0.000000    0.000000  
31.013101    0.110764    0.000000    0.000000    -0.114459    0.000000    0.000000    -0.435226    0.000000    0.000000  
31.023102    0.109597    0.000000    0.000000    -0.118795    0.000000    0.000000    -0.430663    0.000000    0.000000  
31.033103    0.108387    0.000000    0.000000    -0.123087    0.000000    0.000000    -0.426046    0.000000    0.000000  
31.043104    0.107135    0.000000    0.000000    -0.127332    0.000000    0.000000    -0.421349    0.000000    0.000000  
31.053105    0.105840    0.000000    0.000000    -0.131530    0.000000    0.000000    -0.416550    0.000000    0.000000  
31.063106    0.104504    0.000000    0.000000    -0.135678    0.000000    0.000000    -0.411621    0.000000    0.000000  
31.073107    0.103126    0.000000    0.000000    -0.139774    0.000000    0.000000    -0.406539    0.000000    0.000000  
31.083108    0.101708    0.000000    0.000000    -0.143817    0.000000    0.000000    -0.401279    0.000000    0.000000  
31.093109    0.100250    0.000000    0.000000    -0.147804    0.000000    0.000000    -0.395815    0.000000    0.000000  
31.103110    0.098752    0.000000    0.000000    -0.151735    0.000000    0.000000    -0.390123    0.000000    0.000000  
31.113111    0.097215    0.000000    0.000000    -0.155607    0.000000    0.000000    -0.384192    0.000000    0.000000  
31.123112    0.095640    0.000000    0.000000    -0.159418    0.000000    0.000000    -0.378034    0.000000    0.000000  
31.133113    0.094027    0.000000    0.000000    -0.163166    0.000000    0.000000    -0.371663    0.000000    0.000000  
31.143114    0.092377    0.000000    0.000000    -0.166850    0.000000    0.000000    -0.365092    0.000000    0.000000  
31.153115    0.090690    0.000000    0.000000    -0.170468    0.000000    0.000000    -0.358335    0.000000    0.000000  
31.163116    0.088967    0.000000    0.000000    -0.174019    0.000000    0.000000    -0.351406    0.000000    0.000000  
31.173117    0.087210    0.000000    0.000000    -0.177499    0.000000    0.000000    -0.344320    0.000000    0.000000  
31.183118    0.085418    0.000000    0.000000    -0.180908    0.000000    0.000000    -0.337089    0.000000    0.000000  
31.193119    0.083592    0.000000    0.000000    -0.184244    0.000000    0.000000    -0.329729    0.000000    0.000000  
31.203120    0.081733    0.000000    0.000000    -0.187504    0.000000    0.000000    -0.322252    0.000000    0.000000  
31.213121    0.079842    0.000000    0.000000    -0.190688    0.000000    0.000000    -0.314668    0.000000    0.000000  
31.223122    0.077919    0.000000    0.000000    -0.193795    0.000000    0.000000    -0.306984    0.000000    0.000000  
31.233123    0.075965    0.000000    0.000000    -0.196824    0.000000    0.000000    -0.299202    0.000000    0.000000  
31.243124    0.073981    0.000000    0.000000    -0.199774    0.000000    0.000000    -0.291327    0.000000    0.000000  
31.253125    0.071969    0.000000    0.000000    -0.202646    0.000000    0.000000    -0.283362    0.000000    0.000000  
31.263126    0.069928    0.000000    0.000000    -0.205437    0.000000    0.000000    -0.275313    0.000000    0.000000  
31.273127    0.067859    0.000000    0.000000    -0.208148    0.000000    0.000000    -0.267183    0.000000    0.000000  
31.283128    0.065764    0.000000    0.000000    -0.210777    0.000000    0.000000    -0.258976    0.000000    0.000000  
31.293129    0.063643    0.000000    0.000000    -0.213325    0.000000    0.000000    -0.250697    0.000000    0.000000  
31.303130    0.061497    0.000000    0.000000    -0.215791    0.000000    0.000000    -0.242348    0.000000    0.000000  
31.313131    0.059327    0.000000    0.000000    -0.218173    0.000000    0.000000    -0.233932    0.000000    0.000000  
31.323132    0.057134    0.000000    0.000000    -0.220471    0.000000    0.000000    -0.225444    0.000000    0.000000  
31.333133    0.054918    0.000000    0.000000    -0.222684    0.000000    0.000000    -0.216878    0.000000    0.000000  
31.343134    0.052681    0.000000    0.000000    -0.224810    0.000000    0.000000    -0.208230    0.000000    0.000000  
31.353135    0.050422    0.000000    0.000000    -0.226850    0.000000    0.000000    -0.199494    0.000000    0.000000  
31.363136    0.048144    0.000000    0.000000    -0.228802    0.000000    0.000000    -0.190666    0.000000    0.000000  
31.373137    0.045847    0.000000    0.000000    -0.230664    0.000000    0.000000    -0.181741    0.000000    0.000000  
31.383138    0.043532    0.000000    0.000000    -0.232437    0.000000    0.000000    -0.172713    0.000000    0.000000  
31.393139    0.041199    0.000000    0.000000    -0.234119    0.000000    0.000000    -0.163577    0.000000    0.000000  
31.403140    0.038850    0.000000    0.000000    -0.235708    0.000000    0.000000    -0.154329    0.000000    0.000000  
31.413141    0.036485    0.000000    0.000000    -0.237205    0.000000    0.000000    -0.144969    0.000000    0.000000  
31.423142    0.034105    0.000000    0.000000    -0.238609    0.000000    0.000000    -0.135507    0.000000    0.000000  
31.433143    0.031711    0.000000    0.000000    -0.239917    0.000000    0.000000    -0.125955    0.000000    0.000000  
31.443144    0.029305    0.000000    0.000000    -0.241131    0.000000    0.000000    -0.116323    0.000000    0.000000  
31.453145    0.026888    0.000000    0.000000    -0.242248    0.000000    0.000000    -0.106623    0.000000    0.000000  
31.463146    0.024459    0.000000    0.000000    -0.243269    0.000000    0.000000    -0.096865    0.000000    0.000000  
31.473147    0.022021    0.000000    0.000000    -0.244192    0.000000    0.000000    -0.087061    0.000000    0.000000  
31.483148    0.019575    0.000000    0.000000    -0.245016    0.000000    0.000000    -0.077221    0.000000    0.000000  
31.493149    0.017120    0.000000    0.000000    -0.245741    0.000000    0.000000    -0.067356    0.000000    0.000000  
31.503150    0.014659    0.000000    0.000000    -0.246365    0.000000    0.000000    -0.057478    0.000000    0.000000  
31.513151    0.012193    0.000000    0.000000    -0.246889    0.000000    0.000000    -0.047595    0.000000    0.000000  
31.523152    0.009722    0.000000    0.000000    -0.247313    0.000000    0.000000    -0.037713    0.000000    0.000000  
31.533153    0.007247    0.000000    0.000000    -0.247637    0.000000    0.000000    -0.027836    0.000000    0.000000  
31.543154    0.004769    0.000000    0.000000    -0.247862    0.000000    0.000000    -0.017969    0.000000    0.000000  
31.553155    0.002290    0.000000    0.000000    -0.247989    0.000000    0.000000    -0.008118    0.000000    0.000000  
31.563156    -0.000190    0.000000    0.000000    -0.248017    0.000000    0.000000    0.001714    0.000000    0.000000  
31.573157    -0.002670    0.000000    0.000000    -0.247948    0.000000    0.000000    0.011520    0.000000    0.000000  
31.583158    -0.005149    0.000000    0.000000    -0.247782    0.000000    0.000000    0.021297    0.000000    0.000000  
31.593159    -0.007626    0.000000    0.000000    -0.247519    0.000000    0.000000    0.031038    0.000000    0.000000  
31.603160    -0.010100    0.000000    0.000000    -0.247160    0.000000    0.000000    0.040740    0.000000    0.000000  
31.613161    -0.012569    0.000000    0.000000    -0.246705    0.000000    0.000000    0.050399    0.000000    0.000000  
31.623162    -0.015034    0.000000    0.000000    -0.246154    0.000000    0.000000    0.060018    0.000000    0.000000  
31.633163    -0.017493    0.000000    0.000000    -0.245508    0.000000    0.000000    0.069598    0.000000    0.000000  
31.643164    -0.019945    0.000000    0.000000    -0.244767    0.000000    0.000000    0.079140    0.000000    0.000000  
31.653165    -0.022388    0.000000    0.000000    -0.243930    0.000000    0.000000    0.088647    0.000000    0.000000  
31.663166    -0.024824    0.000000    0.000000    -0.242999    0.000000    0.000000    0.098120    0.000000    0.000000  
31.673167    -0.027249    0.000000    0.000000    -0.241972    0.000000    0.000000    0.107561    0.000000    0.000000  
31.683168    -0.029663    0.000000    0.000000    -0.240851    0.000000    0.000000    0.116971    0.000000    0.000000  
31.693169    -0.032066    0.000000    0.000000    -0.239635    0.000000    0.000000    0.126353    0.000000    0.000000  
31.703170    -0.034456    0.000000    0.000000    -0.238325    0.000000    0.000000    0.135709    0.000000    0.000000  
31.713171    -0.036833    0.000000    0.000000    -0.236920    0.000000    0.000000    0.145037    0.000000    0.000000  
31.723172    -0.039195    0.000000    0.000000    -0.235422    0.000000    0.000000    0.154334    0.000000    0.000000  
31.733173    -0.041541    0.000000    0.000000    -0.233831    0.000000    0.000000    0.163596    0.000000    0.000000  
31.743174    -0.043871    0.000000    0.000000    -0.232147    0.000000    0.000000    0.172818    0.000000    0.000000  
31.753175    -0.046184    0.000000    0.000000    -0.230372    0.000000    0.000000    0.181997    0.000000    0.000000  
31.763176    -0.048479    0.000000    0.000000    -0.228505    0.000000    0.000000    0.191127    0.000000    0.000000  
31.773177    -0.050754    0.000000    0.000000    -0.226547    0.000000    0.000000    0.200205    0.000000    0.000000  
31.783178    -0.053010    0.000000    0.000000    -0.224499    0.000000    0.000000    0.209227    0.000000    0.000000  
31.793179    -0.055245    0.000000    0.000000    -0.222362    0.000000    0.000000    0.218188    0.000000    0.000000  
31.803180    -0.057457    0.000000    0.000000    -0.220135    0.000000    0.000000    0.227084    0.000000    0.000000  
31.813181    -0.059647    0.000000    0.000000    -0.217820    0.000000    0.000000    0.235907    0.000000    0.000000  
31.823182    -0.061814    0.000000    0.000000    -0.215418    0.000000    0.000000    0.244643    0.000000    0.000000  
31.833183    -0.063956    0.000000    0.000000    -0.212929    0.000000    0.000000    0.253278    0.000000    0.000000  
31.843184    -0.066073    0.000000    0.000000    -0.210356    0.000000    0.000000    0.261798    0.000000    0.000000  
31.853185    -0.068164    0.000000    0.000000    -0.207699    0.000000    0.000000    0.270187    0.000000    0.000000  
31.863186    -0.070227    0.000000    0.000000    -0.204959    0.000000    0.000000    0.278432    0.000000    0.000000  
31.873187    -0.072263    0.000000    0.000000    -0.202138    0.000000    0.000000    0.286517    0.000000    0.000000  
31.883188    -0.074271    0.000000    0.000000    -0.199236    0.000000    0.000000    0.294430    0.000000    0.000000  
31.893189    -0.076249    0.000000    0.000000    -0.196255    0.000000    0.000000    0.302154    0.000000    0.000000  
31.903190    -0.078196    0.000000    0.000000    -0.193196    0.000000    0.000000    0.309676    0.000000    0.000000  
31.913191    -0.080113    0.000000    0.000000    -0.190060    0.000000    0.000000    0.316996    0.000000    0.000000  
31.923192    -0.081997    0.000000    0.000000    -0.186849    0.000000    0.000000    0.324133    0.000000    0.000000  
31.933193    -0.083849    0.000000    0.000000    -0.183565    0.000000    0.000000    0.331110    0.000000    0.000000  
31.943194    -0.085668    0.000000    0.000000    -0.180210    0.000000    0.000000    0.337949    0.000000    0.000000  
31.953195    -0.087454    0.000000    0.000000    -0.176786    0.000000    0.000000    0.344674    0.000000    0.000000  
31.963196    -0.089204    0.000000    0.000000    -0.173294    0.000000    0.000000    0.351307    0.000000    0.000000  
31.973197    -0.090920    0.000000    0.000000    -0.169737    0.000000    0.000000    0.357870    0.000000    0.000000  
31.983198    -0.092599    0.000000    0.000000    -0.166116    0.000000    0.000000    0.364385    0.000000    0.000000  
31.993199    -0.094242    0.000000    0.000000    -0.162433    0.000000    0.000000    0.370876    0.000000    0.000000  
32.003200    -0.095848    0.000000    0.000000    -0.158690    0.000000    0.000000    0.377365    0.000000    0.000000  
32.013201    -0.097416    0.000000    0.000000    -0.154889    0.000000    0.000000    0.383851    0.000000    0.000000  
32.023202    -0.098946    0.000000    0.000000    -0.151029    0.000000    0.000000    0.390302    0.000000    0.000000  
32.033203    -0.100436    0.000000    0.000000    -0.147110    0.000000    0.000000    0.396679    0.000000    0.000000  
32.043204    -0.101887    0.000000    0.000000    -0.143131    0.000000    0.000000    0.402947    0.000000    0.000000  
32.053205    -0.103298    0.000000    0.000000    -0.139094    0.000000    0.000000    0.409066    0.000000    0.000000  
32.063206    -0.104669    0.000000    0.000000    -0.134997    0.000000    0.000000    0.415002    0.000000    0.000000  
32.073207    -0.105998    0.000000    0.000000    -0.130841    0.000000    0.000000    0.420715    0.000000    0.000000  
32.083208    -0.107285    0.000000    0.000000    -0.126624    0.000000    0.000000    0.426169    0.000000    0.000000  
32.093209    -0.108530    0.000000    0.000000    -0.122348    0.000000    0.000000    0.431328    0.000000    0.000000  
32.103210    -0.109732    0.000000    0.000000    -0.118012    0.000000    0.000000    0.436153    0.000000    0.000000  
32.113211    -0.110890    0.000000    0.000000    -0.113618    0.000000    0.000000    0.440628    0.000000    0.000000  
32.123212    -0.112005    0.000000    0.000000    -0.109171    0.000000    0.000000    0.444765    0.000000    0.000000  
32.133213    -0.113075    0.000000    0.000000    -0.104677    0.000000    0.000000    0.448580    0.000000    0.000000  
32.143214    -0.114100    0.000000    0.000000    -0.100141    0.000000    0.000000    0.452090    0.000000    0.000000  
32.153215    -0.115081    0.000000    0.000000    -0.095569    0.000000    0.000000    0.455309    0.000000    0.000000  
32.163216    -0.116015    0.000000    0.000000    -0.090967    0.000000    0.000000    0.458255    0.000000    0.000000  
32.173217    -0.116904    0.000000    0.000000    -0.086339    0.000000    0.000000    0.460943    0.000000    0.000000  
32.183218    -0.117745    0.000000    0.000000    -0.081692    0.000000    0.000000    0.463388    0.000000    0.000000  
32.193219    -0.118540    0.000000    0.000000    -0.077031    0.000000    0.000000    0.465607    0.000000    0.000000  
32.203220    -0.119287    0.000000    0.000000    -0.072362    0.000000    0.000000    0.467616    0.000000    0.000000  
32.213221    -0.119987    0.000000    0.000000    -0.067687    0.000000    0.000000    0.469439    0.000000    0.000000  
32.223222    -0.120639    0.000000    0.000000    -0.063004    0.000000    0.000000    0.471119    0.000000    0.000000  
32.233223    -0.121243    0.000000    0.000000    -0.058311    0.000000    0.000000    0.472697    0.000000    0.000000  
32.243224    -0.121799    0.000000    0.000000    -0.053605    0.000000    0.000000    0.474215    0.000000    0.000000  
32.253225    -0.122309    0.000000    0.000000    -0.048884    0.000000    0.000000    0.475715    0.000000    0.000000  
32.263226    -0.122771    0.000000    0.000000    -0.044146    0.000000    0.000000    0.477240    0.000000    0.000000  
32.273227    -0.123185    0.000000    0.000000    -0.039388    0.000000    0.000000    0.478830    0.000000    0.000000  
32.283228    -0.123553    0.000000    0.000000    -0.034607    0.000000    0.000000    0.480530    0.000000    0.000000  
32.293229    -0.123874    0.000000    0.000000    -0.029801    0.000000    0.000000    0.482380    0.000000    0.000000  
32.303230    -0.124147    0.000000    0.000000    -0.024968    0.000000    0.000000    0.484422    0.000000    0.000000  
32.313231    -0.124374    0.000000    0.000000    -0.020108    0.000000    0.000000    0.486650    0.000000    0.000000  
32.323232    -0.124553    0.000000    0.000000    -0.015221    0.000000    0.000000    0.488985    0.000000    0.000000  
32.333233    -0.124684    0.000000    0.000000    -0.010311    0.000000    0.000000    0.491339    0.000000    0.000000  
32.343234    -0.124766    0.000000    0.000000    -0.005379    0.000000    0.000000    0.493626    0.000000    0.000000  
32.353235    -0.124799    0.000000    0.000000    -0.000429    0.000000    0.000000    0.495758    0.000000    0.000000  
32.363236    -0.124783    0.000000    0.000000    0.004538    0.000000    0.000000    0.497648    0.000000    0.000000  
32.373237    -0.124717    0.000000    0.000000    0.009520    0.000000    0.000000    0.499210    0.000000    0.000000  
32.383238    -0.124600    0.000000    0.000000    0.014513    0.000000    0.000000    0.500357    0.000000    0.000000  
32.393239    -0.124431    0.000000    0.000000    0.019516    0.000000    0.000000    0.501002    0.000000    0.000000  
32.403240    -0.124211    0.000000    0.000000    0.024527    0.000000    0.000000    0.501059    0.000000    0.000000  
32.413241    -0.123940    0.000000    0.000000    0.029541    0.000000    0.000000    0.500491    0.000000    0.000000  
32.423242    -0.123617    0.000000    0.000000    0.034552    0.000000    0.000000    0.499340    0.000000    0.000000  
32.433243    -0.123243    0.000000    0.000000    0.039556    0.000000    0.000000    0.497655    0.000000    0.000000  
32.443244    -0.122819    0.000000    0.000000    0.044545    0.000000    0.000000    0.495485    0.000000    0.000000  
32.453245    -0.122345    0.000000    0.000000    0.049513    0.000000    0.000000    0.492879    0.000000    0.000000  
32.463246    -0.121822    0.000000    0.000000    0.054454    0.000000    0.000000    0.489886    0.000000    0.000000  
32.473247    -0.121250    0.000000    0.000000    0.059363    0.000000    0.000000    0.486555    0.000000    0.000000  
32.483248    -0.120630    0.000000    0.000000    0.064233    0.000000    0.000000    0.482936    0.000000    0.000000  
32.493249    -0.119963    0.000000    0.000000    0.069057    0.000000    0.000000    0.479076    0.000000    0.000000  
32.503250    -0.119248    0.000000    0.000000    0.073831    0.000000    0.000000    0.475026    0.000000    0.000000  
32.513251    -0.118486    0.000000    0.000000    0.078550    0.000000    0.000000    0.470822    0.000000    0.000000  
32.523252    -0.117679    0.000000    0.000000    0.083217    0.000000    0.000000    0.466486    0.000000    0.000000  
32.533253    -0.116825    0.000000    0.000000    0.087832    0.000000    0.000000    0.462037    0.000000    0.000000  
32.543254    -0.115925    0.000000    0.000000    0.092399    0.000000    0.000000    0.457493    0.000000    0.000000  
32.553255    -0.114980    0.000000    0.000000    0.096919    0.000000    0.000000    0.452876    0.000000    0.000000  
32.563256    -0.113990    0.000000    0.000000    0.101394    0.000000    0.000000    0.448202    0.000000    0.000000  
32.573257    -0.112956    0.000000    0.000000    0.105827    0.000000    0.000000    0.443493    0.000000    0.000000  
32.583258    -0.111876    0.000000    0.000000    0.110218    0.000000    0.000000    0.438767    0.000000    0.000000  
32.593259    -0.110753    0.000000    0.000000    0.114571    0.000000    0.000000    0.434042    0.000000    0.000000  
32.603260    -0.109585    0.000000    0.000000    0.118886    0.000000    0.000000    0.429340    0.000000    0.000000  
32.613261    -0.108375    0.000000    0.000000    0.123165    0.000000    0.000000    0.424658    0.000000    0.000000  
32.623262    -0.107121    0.000000    0.000000    0.127403    0.000000    0.000000    0.419966    0.000000    0.000000  
32.633263    -0.105825    0.000000    0.000000    0.131600    0.000000    0.000000    0.415233    0.000000    0.000000  
32.643264    -0.104487    0.000000    0.000000    0.135750    0.000000    0.000000    0.410424    0.000000    0.000000  
32.653265    -0.103108    0.000000    0.000000    0.139852    0.000000    0.000000    0.405508    0.000000    0.000000  
32.663266    -0.101689    0.000000    0.000000    0.143902    0.000000    0.000000    0.400449    0.000000    0.000000  
32.673267    -0.100229    0.000000    0.000000    0.147897    0.000000    0.000000    0.395217    0.000000    0.000000  
32.683268    -0.098730    0.000000    0.000000    0.151834    0.000000    0.000000    0.389778    0.000000    0.000000  
32.693269    -0.097192    0.000000    0.000000    0.155711    0.000000    0.000000    0.384098    0.000000    0.000000  
32.703270    -0.095616    0.000000    0.000000    0.159524    0.000000    0.000000    0.378146    0.000000    0.000000  
32.713271    -0.094001    0.000000    0.000000    0.163271    0.000000    0.000000    0.371909    0.000000    0.000000  
32.723272    -0.092350    0.000000    0.000000    0.166950    0.000000    0.000000    0.365410    0.000000    0.000000  
32.733273    -0.090663    0.000000    0.000000    0.170562    0.000000    0.000000    0.358672    0.000000    0.000000  
32.743274    -0.088939    0.000000    0.000000    0.174104    0.000000    0.000000    0.351719    0.000000    0.000000  
32.753275    -0.087181    0.000000    0.000000    0.177577    0.000000    0.000000    0.344577    0.000000    0.000000  
32.763276    -0.085388    0.000000    0.000000    0.180978    0.000000    0.000000    0.337270    0.000000    0.000000  
32.773277    -0.083562    0.000000    0.000000    0.184307    0.000000    0.000000    0.329822    0.000000    0.000000  
32.783278    -0.081703    0.000000    0.000000    0.187564    0.000000    0.000000    0.322257    0.000000    0.000000  
32.793279    -0.079811    0.000000    0.000000    0.190746    0.000000    0.000000    0.314600    0.000000    0.000000  
32.803280    -0.077888    0.000000    0.000000    0.193853    0.000000    0.000000    0.306875    0.000000    0.000000  
32.813281    -0.075934    0.000000    0.000000    0.196885    0.000000    0.000000    0.299095    0.000000    0.000000  
32.823282    -0.073949    0.000000    0.000000    0.199839    0.000000    0.000000    0.291255    0.000000    0.000000  
32.833283    -0.071936    0.000000    0.000000    0.202716    0.000000    0.000000    0.283346    0.000000    0.000000  
32.843284    -0.069894    0.000000    0.000000    0.205512    0.000000    0.000000    0.275364    0.000000    0.000000  
32.853285    -0.067825    0.000000    0.000000    0.208229    0.000000    0.000000    0.267299    0.000000    0.000000  
32.863286    -0.065729    0.000000    0.000000    0.210864    0.000000    0.000000    0.259146    0.000000    0.000000  
32.873287    -0.063607    0.000000    0.000000    0.213417    0.000000    0.000000    0.250898    0.000000    0.000000  
32.883288    -0.061460    0.000000    0.000000    0.215886    0.000000    0.000000    0.242547    0.000000    0.000000  
32.893289    -0.059289    0.000000    0.000000    0.218270    0.000000    0.000000    0.234086    0.000000    0.000000  
32.903290    -0.057095    0.000000    0.000000    0.220569    0.000000    0.000000    0.225510    0.000000    0.000000  
32.913291    -0.054878    0.000000    0.000000    0.222780    0.000000    0.000000    0.216815    0.000000    0.000000  
32.923292    -0.052639    0.000000    0.000000    0.224904    0.000000    0.000000    0.208007    0.000000    0.000000  
32.933293    -0.050380    0.000000    0.000000    0.226939    0.000000    0.000000    0.199095    0.000000    0.000000  
32.943294    -0.048101    0.000000    0.000000    0.228885    0.000000    0.000000    0.190083    0.000000    0.000000  
32.953295    -0.045802    0.000000    0.000000    0.230740    0.000000    0.000000    0.180980    0.000000    0.000000  
32.963296    -0.043486    0.000000    0.000000    0.232505    0.000000    0.000000    0.171792    0.000000    0.000000  
32.973297    -0.041153    0.000000    0.000000    0.234177    0.000000    0.000000    0.162525    0.000000    0.000000  
32.983298    -0.038803    0.000000    0.000000    0.235756    0.000000    0.000000    0.153187    0.000000    0.000000  
32.993299    -0.036438    0.000000    0.000000    0.237242    0.000000    0.000000    0.143784    0.000000    0.000000  
33.003300    -0.034058    0.000000    0.000000    0.238632    0.000000    0.000000    0.134323    0.000000    0.000000  
33.013301    -0.031665    0.000000    0.000000    0.239928    0.000000    0.000000    0.124810    0.000000    0.000000  
33.023302    -0.029259    0.000000    0.000000    0.241128    0.000000    0.000000    0.115249    0.000000    0.000000  
33.033303    -0.026841    0.000000    0.000000    0.242232    0.000000    0.000000    0.105647    0.000000    0.000000  
33.043304    -0.024413    0.000000    0.000000    0.243240    0.000000    0.000000    0.096008    0.000000    0.000000  
33.053305    -0.021976    0.000000    0.000000    0.244151    0.000000    0.000000    0.086336    0.000000    0.000000  
33.063306    -0.019530    0.000000    0.000000    0.244966    0.000000    0.000000    0.076637    0.000000    0.000000  
33.073307    -0.017076    0.000000    0.000000    0.245684    0.000000    0.000000    0.066916    0.000000    0.000000  
33.083308    -0.014615    0.000000    0.000000    0.246305    0.000000    0.000000    0.057177    0.000000    0.000000  
33.093309    -0.012149    0.000000    0.000000    0.246828    0.000000    0.000000    0.047425    0.000000    0.000000  
33.103310    -0.009678    0.000000    0.000000    0.247253    0.000000    0.000000    0.037666    0.000000    0.000000  
33.113311    -0.007204    0.000000    0.000000    0.247581    0.000000    0.000000    0.027903    0.000000    0.000000  
33.123312    -0.004727    0.000000    0.000000    0.247811    0.000000    0.000000    0.018139    0.000000    0.000000  
33.133313    -0.002248    0.000000    0.000000    0.247943    0.000000    0.000000    0.008377    0.000000    0.000000  
33.143314    0.000232    0.000000    0.000000    0.247978    0.000000    0.000000    -0.001381    0.000000    0.000000  
33.153315    0.002711    0.000000    0.000000    0.247915    0.000000    0.000000    -0.011132    0.000000    0.000000  
33.163316    0.005190    0.000000    0.000000    0.247755    0.000000    0.000000    -0.020873    0.000000    0.000000  
33.173317    0.007666    0.000000    0.000000    0.247498    0.000000    0.000000    -0.030602    0.000000    0.000000  
33.183318    0.010139    0.000000    0.000000    0.247143    0.000000    0.000000    -0.040317    0.000000    0.000000  
33.193319    0.012609    0.000000    0.000000    0.246692    0.000000    0.000000    -0.050014    0.000000    0.000000  
33.203320    0.015073    0.000000    0.000000    0.246143    0.000000    0.000000    -0.059691    0.000000    0.000000  
33.213321    0.017532    0.000000    0.000000    0.245498    0.000000    0.000000    -0.069345    0.000000    0.000000  
33.223322    0.019984    0.000000    0.000000    0.244756    0.000000    0.000000    -0.078972    0.000000    0.000000  
33.233323    0.022428    0.000000    0.000000    0.243918    0.000000    0.000000    -0.088570    0.000000    0.000000  
33.243324    0.024863    0.000000    0.000000    0.242985    0.000000    0.000000    -0.098134    0.000000    0.000000  
33.253325    0.027288    0.000000    0.000000    0.241956    0.000000    0.000000    -0.107662    0.000000    0.000000  
33.263326    0.029703    0.000000    0.000000    0.240832    0.000000    0.000000    -0.117149    0.000000    0.000000  
33.273327    0.032106    0.000000    0.000000    0.239614    0.000000    0.000000    -0.126593    0.000000    0.000000  
33.283328    0.034496    0.000000    0.000000    0.238301    0.000000    0.000000    -0.135990    0.000000    0.000000  
33.293329    0.036872    0.000000    0.000000    0.236895    0.000000    0.000000    -0.145336    0.000000    0.000000  
33.303330    0.039234    0.000000    0.000000    0.235395    0.000000    0.000000    -0.154628    0.000000    0.000000  
33.313331    0.041580    0.000000    0.000000    0.233802    0.000000    0.000000    -0.163863    0.000000    0.000000  
33.323332    0.043910    0.000000    0.000000    0.232116    0.000000    0.000000    -0.173040    0.000000    0.000000  
33.333333    0.046222    0.000000    0.000000    0.230340    0.000000    0.000000    -0.182158    0.000000    0.000000  
33.343334    0.048516    0.000000    0.000000    0.228472    0.000000    0.000000    -0.191214    0.000000    0.000000  
33.353335    0.050791    0.000000    0.000000    0.226514    0.000000    0.000000    -0.200207    0.000000    0.000000  
33.363336    0.053046    0.000000    0.000000    0.224466    0.000000    0.000000    -0.209135    0.000000    0.000000  
33.373337    0.055280    0.000000    0.000000    0.222330    0.000000    0.000000    -0.217998    0.000000    0.000000  
33.383338    0.057493    0.000000    0.000000    0.220105    0.000000    0.000000    -0.226794    0.000000    0.000000  
33.393339    0.059682    0.000000    0.000000    0.217793    0.000000    0.000000    -0.235521    0.000000    0.000000  
33.403340    0.061848    0.000000    0.000000    0.215394    0.000000    0.000000    -0.244177    0.000000    0.000000  
33.413341    0.063990    0.000000    0.000000    0.212909    0.000000    0.000000    -0.252758    0.000000    0.000000  
33.423342    0.066107    0.000000    0.000000    0.210340    0.000000    0.000000    -0.261253    0.000000    0.000000  
33.433343    0.068198    0.000000    0.000000    0.207686    0.000000    0.000000    -0.269650    0.000000    0.000000  
33.443344    0.070261    0.000000    0.000000    0.204950    0.000000    0.000000    -0.277939    0.000000    0.000000  
33.453345    0.072297    0.000000    0.000000    0.202132    0.000000    0.000000    -0.286107    0.000000    0.000000  
33.463346    0.074305    0.000000    0.000000    0.199233    0.000000    0.000000    -0.294145    0.000000    0.000000  
33.473347    0.076283    0.000000    0.000000    0.196255    0.000000    0.000000    -0.302042    0.000000    0.000000  
33.483348    0.078231    0.000000    0.000000    0.193198    0.000000    0.000000    -0.309784    0.000000    0.000000  
33.493349    0.080147    0.000000    0.000000    0.190064    0.000000    0.000000    -0.317363    0.000000    0.000000  
33.503350    0.082032    0.000000    0.000000    0.186853    0.000000    0.000000    -0.324766    0.000000    0.000000  
33.513351    0.083885    0.000000    0.000000    0.183567    0.000000    0.000000    -0.331991    0.000000    0.000000  
33.523352    0.085703    0.000000    0.000000    0.180208    0.000000    0.000000    -0.339048    0.000000    0.000000  
33.533353    0.087488    0.000000    0.000000    0.176777    0.000000    0.000000    -0.345949    0.000000    0.000000  
33.543354    0.089239    0.000000    0.000000    0.173277    0.000000    0.000000    -0.352706    0.000000    0.000000  
33.553355    0.090954    0.000000    0.000000    0.169709    0.000000    0.000000    -0.359329    0.000000    0.000000  
33.563356    0.092633    0.000000    0.000000    0.166075    0.000000    0.000000    -0.365831    0.000000    0.000000  
33.573357    0.094275    0.000000    0.000000    0.162377    0.000000    0.000000    -0.372222    0.000000    0.000000  
33.583358    0.095880    0.000000    0.000000    0.158617    0.000000    0.000000    -0.378515    0.000000    0.000000  
33.593359    0.097448    0.000000    0.000000    0.154797    0.000000    0.000000    -0.384721    0.000000    0.000000  
33.603360    0.098976    0.000000    0.000000    0.150918    0.000000    0.000000    -0.390850    0.000000    0.000000  
33.613361    0.100466    0.000000    0.000000    0.146982    0.000000    0.000000    -0.396901    0.000000    0.000000  
33.623362    0.101916    0.000000    0.000000    0.142990    0.000000    0.000000    -0.402851    0.000000    0.000000  
33.633363    0.103326    0.000000    0.000000    0.138942    0.000000    0.000000    -0.408676    0.000000    0.000000  
33.643364    0.104695    0.000000    0.000000    0.134839    0.000000    0.000000    -0.414351    0.000000    0.000000  
33.653365    0.106022    0.000000    0.000000    0.130682    0.000000    0.000000    -0.419851    0.000000    0.000000  
33.663366    0.107308    0.000000    0.000000    0.126472    0.000000    0.000000    -0.425152    0.000000    0.000000  
33.673367    0.108552    0.000000    0.000000    0.122209    0.000000    0.000000    -0.430230    0.000000    0.000000  
33.683368    0.109753    0.000000    0.000000    0.117894    0.000000    0.000000    -0.435059    0.000000    0.000000  
33.693369    0.110910    0.000000    0.000000    0.113528    0.000000    0.000000    -0.439615    0.000000    0.000000  
33.703370    0.112023    0.000000    0.000000    0.109111    0.000000    0.000000    -0.443875    0.000000    0.000000  
33.713371    0.113092    0.000000    0.000000    0.104645    0.000000    0.000000    -0.447829    0.000000    0.000000  
33.723372    0.114116    0.000000    0.000000    0.100135    0.000000    0.000000    -0.451496    0.000000    0.000000  
33.733373    0.115095    0.000000    0.000000    0.095584    0.000000    0.000000    -0.454894    0.000000    0.000000  
33.743374    0.116029    0.000000    0.000000    0.090997    0.000000    0.000000    -0.458042    0.000000    0.000000  
33.753375    0.116917    0.000000    0.000000    0.086378    0.000000    0.000000    -0.460960    0.000000    0.000000  
33.763376    0.117758    0.000000    0.000000    0.081730    0.000000    0.000000    -0.463667    0.000000    0.000000  
33.773377    0.118553    0.000000    0.000000    0.077058    0.000000    0.000000    -0.466181    0.000000    0.000000  
33.783378    0.119301    0.000000    0.000000    0.072366    0.000000    0.000000    -0.468523    0.000000    0.000000  
33.793379    0.120002    0.000000    0.000000    0.067658    0.000000    0.000000    -0.470711    0.000000    0.000000  
33.803380    0.120655    0.000000    0.000000    0.062939    0.000000    0.000000    -0.472764    0.000000    0.000000  
33.813381    0.121260    0.000000    0.000000    0.058209    0.000000    0.000000    -0.474701    0.000000    0.000000  
33.823382    0.121818    0.000000    0.000000    0.053468    0.000000    0.000000    -0.476537    0.000000    0.000000  
33.833383    0.122327    0.000000    0.000000    0.048715    0.000000    0.000000    -0.478287    0.000000    0.000000  
33.843384    0.122789    0.000000    0.000000    0.043947    0.000000    0.000000    -0.479969    0.000000    0.000000  
33.853385    0.123203    0.000000    0.000000    0.039164    0.000000    0.000000    -0.481596    0.000000    0.000000  
33.863386    0.123568    0.000000    0.000000    0.034363    0.000000    0.000000    -0.483185    0.000000    0.000000  
33.873387    0.123886    0.000000    0.000000    0.029543    0.000000    0.000000    -0.484751    0.000000    0.000000  
33.883388    0.124156    0.000000    0.000000    0.024703    0.000000    0.000000    -0.486310    0.000000    0.000000  
33.893389    0.124378    0.000000    0.000000    0.019840    0.000000    0.000000    -0.487879    0.000000    0.000000  
33.903390    0.124552    0.000000    0.000000    0.014954    0.000000    0.000000    -0.489471    0.000000    0.000000  
33.913391    0.124678    0.000000    0.000000    0.010045    0.000000    0.000000    -0.491075    0.000000    0.000000  
33.923392    0.124755    0.000000    0.000000    0.005116    0.000000    0.000000    -0.492637    0.000000    0.000000  
33.933393    0.124783    0.000000    0.000000    0.000170    0.000000    0.000000    -0.494100    0.000000    0.000000  
33.943394    0.124763    0.000000    0.000000    -0.004790    0.000000    0.000000    -0.495407    0.000000    0.000000  
33.953395    0.124693    0.000000    0.000000    -0.009760    0.000000    0.000000    -0.496500    0.000000    0.000000  
33.963396    0.124574    0.000000    0.000000    -0.014737    0.000000    0.000000    -0.497322    0.000000    0.000000  
33.973397    0.124404    0.000000    0.000000    -0.019718    0.000000    0.000000    -0.497815    0.000000    0.000000  
33.983398    0.124184    0.000000    0.000000    -0.024700    0.000000    0.000000    -0.497922    0.000000    0.000000  
33.993399    0.123914    0.000000    0.000000    -0.029678    0.000000    0.000000    -0.497587    0.000000    0.000000  
34.003400    0.123592    0.000000    0.000000    -0.034651    0.000000    0.000000    -0.496752    0.000000    0.000000  
34.013401    0.123220    0.000000    0.000000    -0.039614    0.000000    0.000000    -0.495399    0.000000    0.000000  
34.023402    0.122797    0.000000    0.000000    -0.044563    0.000000    0.000000    -0.493565    0.000000    0.000000  
34.033403    0.122324    0.000000    0.000000    -0.049494    0.000000    0.000000    -0.491295    0.000000    0.000000  
34.043404    0.121802    0.000000    0.000000    -0.054403    0.000000    0.000000    -0.488630    0.000000    0.000000  
34.053405    0.121230    0.000000    0.000000    -0.059286    0.000000    0.000000    -0.485615    0.000000    0.000000  
34.063406    0.120611    0.000000    0.000000    -0.064139    0.000000    0.000000    -0.482293    0.000000    0.000000  
34.073407    0.119943    0.000000    0.000000    -0.068957    0.000000    0.000000    -0.478706    0.000000    0.000000  
34.083408    0.119228    0.000000    0.000000    -0.073737    0.000000    0.000000    -0.474899    0.000000    0.000000  
34.093409    0.118466    0.000000    0.000000    -0.078474    0.000000    0.000000    -0.470914    0.000000    0.000000  
34.103410    0.117657    0.000000    0.000000    -0.083164    0.000000    0.000000    -0.466794    0.000000    0.000000  
34.113411    0.116803    0.000000    0.000000    -0.087806    0.000000    0.000000    -0.462567    0.000000    0.000000  
34.123412    0.115903    0.000000    0.000000    -0.092398    0.000000    0.000000    -0.458240    0.000000    0.000000  
34.133413    0.114957    0.000000    0.000000    -0.096943    0.000000    0.000000    -0.453818    0.000000    0.000000  
34.143414    0.113967    0.000000    0.000000    -0.101441    0.000000    0.000000    -0.449304    0.000000    0.000000  
34.153415    0.112932    0.000000    0.000000    -0.105892    0.000000    0.000000    -0.444704    0.000000    0.000000  
34.163416    0.111853    0.000000    0.000000    -0.110297    0.000000    0.000000    -0.440021    0.000000    0.000000  
34.173417    0.110729    0.000000    0.000000    -0.114658    0.000000    0.000000    -0.435260    0.000000    0.000000  
34.183418    0.109562    0.000000    0.000000    -0.118974    0.000000    0.000000    -0.430426    0.000000    0.000000  
34.193419    0.108351    0.000000    0.000000    -0.123247    0.000000    0.000000    -0.425522    0.000000    0.000000  
34.203420    0.107098    0.000000    0.000000    -0.127476    0.000000    0.000000    -0.420554    0.000000    0.000000  
34.213421    0.105801    0.000000    0.000000    -0.131663    0.000000    0.000000    -0.415518    0.000000    0.000000  
34.223422    0.104463    0.000000    0.000000    -0.135803    0.000000    0.000000    -0.410399    0.000000    0.000000  
34.233423    0.103083    0.000000    0.000000    -0.139895    0.000000    0.000000    -0.405182    0.000000    0.000000  
34.243424    0.101663    0.000000    0.000000    -0.143936    0.000000    0.000000    -0.399852    0.000000    0.000000  
34.253425    0.100202    0.000000    0.000000    -0.147923    0.000000    0.000000    -0.394392    0.000000    0.000000  
34.263426    0.098702    0.000000    0.000000    -0.151853    0.000000    0.000000    -0.388787    0.000000    0.000000  
34.273427    0.097163    0.000000    0.000000    -0.155725    0.000000    0.000000    -0.383021    0.000000    0.000000  
34.283428    0.095586    0.000000    0.000000    -0.159535    0.000000    0.000000    -0.377080    0.000000    0.000000  
34.293429    0.093972    0.000000    0.000000    -0.163281    0.000000    0.000000    -0.370947    0.000000    0.000000  
34.303430    0.092320    0.000000    0.000000    -0.166960    0.000000    0.000000    -0.364607    0.000000    0.000000  
34.313431    0.090633    0.000000    0.000000    -0.170570    0.000000    0.000000    -0.358056    0.000000    0.000000  
34.323432    0.088909    0.000000    0.000000    -0.174111    0.000000    0.000000    -0.351305    0.000000    0.000000  
34.333433    0.087151    0.000000    0.000000    -0.177582    0.000000    0.000000    -0.344367    0.000000    0.000000  
34.343434    0.085359    0.000000    0.000000    -0.180981    0.000000    0.000000    -0.337256    0.000000    0.000000  
34.353435    0.083533    0.000000    0.000000    -0.184308    0.000000    0.000000    -0.329985    0.000000    0.000000  
34.363436    0.081674    0.000000    0.000000    -0.187563    0.000000    0.000000    -0.322567    0.000000    0.000000  
34.373437    0.079783    0.000000    0.000000    -0.190744    0.000000    0.000000    -0.315015    0.000000    0.000000  
34.383438    0.077860    0.000000    0.000000    -0.193851    0.000000    0.000000    -0.307343    0.000000    0.000000  
34.393439    0.075906    0.000000    0.000000    -0.196883    0.000000    0.000000    -0.299563    0.000000    0.000000  
34.403440    0.073923    0.000000    0.000000    -0.199839    0.000000    0.000000    -0.291688    0.000000    0.000000  
34.413441    0.071909    0.000000    0.000000    -0.202719    0.000000    0.000000    -0.283727    0.000000    0.000000  
34.423442    0.069867    0.000000    0.000000    -0.205520    0.000000    0.000000    -0.275677    0.000000    0.000000  
34.433443    0.067798    0.000000    0.000000    -0.208241    0.000000    0.000000    -0.267538    0.000000    0.000000  
34.443444    0.065701    0.000000    0.000000    -0.210882    0.000000    0.000000    -0.259309    0.000000    0.000000  
34.453445    0.063579    0.000000    0.000000    -0.213440    0.000000    0.000000    -0.250986    0.000000    0.000000  
34.463446    0.061431    0.000000    0.000000    -0.215914    0.000000    0.000000    -0.242570    0.000000    0.000000  
34.473447    0.059260    0.000000    0.000000    -0.218303    0.000000    0.000000    -0.234057    0.000000    0.000000  
34.483448    0.057064    0.000000    0.000000    -0.220605    0.000000    0.000000    -0.225448    0.000000    0.000000  
34.493449    0.054847    0.000000    0.000000    -0.222818    0.000000    0.000000    -0.216739    0.000000    0.000000  
34.503450    0.052608    0.000000    0.000000    -0.224942    0.000000    0.000000    -0.207930    0.000000    0.000000  
34.513451    0.050348    0.000000    0.000000    -0.226976    0.000000    0.000000    -0.199022    0.000000    0.000000  
34.523452    0.048068    0.000000    0.000000    -0.228918    0.000000    0.000000    -0.190019    0.000000    0.000000  
34.533453    0.045770    0.000000    0.000000    -0.230769    0.000000    0.000000    -0.180929    0.000000    0.000000  
34.543454    0.043453    0.000000    0.000000    -0.232528    0.000000    0.000000    -0.171757    0.000000    0.000000  
34.553455    0.041120    0.000000    0.000000    -0.234194    0.000000    0.000000    -0.162508    0.000000    0.000000  
34.563456    0.038770    0.000000    0.000000    -0.235769    0.000000    0.000000    -0.153189    0.000000    0.000000  
34.573457    0.036405    0.000000    0.000000    -0.237250    0.000000    0.000000    -0.143805    0.000000    0.000000  
34.583458    0.034025    0.000000    0.000000    -0.238639    0.000000    0.000000    -0.134361    0.000000    0.000000  
34.593459    0.031632    0.000000    0.000000    -0.239934    0.000000    0.000000    -0.124865    0.000000    0.000000  
34.603460    0.029227    0.000000    0.000000    -0.241134    0.000000    0.000000    -0.115321    0.000000    0.000000  
34.613461    0.026809    0.000000    0.000000    -0.242241    0.000000    0.000000    -0.105734    0.000000    0.000000  
34.623462    0.024381    0.000000    0.000000    -0.243252    0.000000    0.000000    -0.096108    0.000000    0.000000  
34.633463    0.021944    0.000000    0.000000    -0.244169    0.000000    0.000000    -0.086448    0.000000    0.000000  
34.643464    0.019497    0.000000    0.000000    -0.244989    0.000000    0.000000    -0.076757    0.000000    0.000000  
34.653465    0.017043    0.000000    0.000000    -0.245712    0.000000    0.000000    -0.067038    0.000000    0.000000  
34.663466    0.014582    0.000000    0.000000    -0.246338    0.000000    0.000000    -0.057295    0.000000    0.000000  
34.673467    0.012116    0.000000    0.000000    -0.246866    0.000000    0.000000    -0.047533    0.000000    0.000000  
34.683468    0.009645    0.000000    0.000000    -0.247295    0.000000    0.000000    -0.037754    0.000000    0.000000  
34.693469    0.007170    0.000000    0.000000    -0.247626    0.000000    0.000000    -0.027963    0.000000    0.000000  
34.703470    0.004692    0.000000    0.000000    -0.247857    0.000000    0.000000    -0.018164    0.000000    0.000000  
34.713471    0.002212    0.000000    0.000000    -0.247988    0.000000    0.000000    -0.008359    0.000000    0.000000  
34.723472    -0.000268    0.000000    0.000000    -0.248020    0.000000    0.000000    0.001445    0.000000    0.000000  
34.733473    -0.002748    0.000000    0.000000    -0.247953    0.000000    0.000000    0.011246    0.000000    0.000000  
34.743474    -0.005227    0.000000    0.000000    -0.247787    0.000000    0.000000    0.021039    0.000000    0.000000  
34.753475    -0.007704    0.000000    0.000000    -0.247524    0.000000    0.000000    0.030820    0.000000    0.000000  
34.763476    -0.010178    0.000000    0.000000    -0.247163    0.000000    0.000000    0.040584    0.000000    0.000000  
34.773477    -0.012647    0.000000    0.000000    -0.246705    0.000000    0.000000    0.050327    0.000000    0.000000  
34.783478    -0.015112    0.000000    0.000000    -0.246151    0.000000    0.000000    0.060045    0.000000    0.000000  
34.793479    -0.017570    0.000000    0.000000    -0.245500    0.000000    0.000000    0.069734    0.000000    0.000000  
34.803480    -0.020022    0.000000    0.000000    -0.244754    0.000000    0.000000    0.079390    0.000000    0.000000  
34.813481    -0.022466    0.000000    0.000000    -0.243913    0.000000    0.000000    0.089009    0.000000    0.000000  
34.823482    -0.024901    0.000000    0.000000    -0.242977    0.000000    0.000000    0.098589    0.000000    0.000000  
34.833483    -0.027325    0.000000    0.000000    -0.241946    0.000000    0.000000    0.108128    0.000000    0.000000  
34.843484    -0.029740    0.000000    0.000000    -0.240821    0.000000    0.000000    0.117625    0.000000    0.000000  
34.853485    -0.032142    0.000000    0.000000    -0.239601    0.000000    0.000000    0.127078    0.000000    0.000000  
34.863486    -0.034532    0.000000    0.000000    -0.238286    0.000000    0.000000    0.136485    0.000000    0.000000  
34.873487    -0.036908    0.000000    0.000000    -0.236878    0.000000    0.000000    0.145843    0.000000    0.000000  
34.883488    -0.039269    0.000000    0.000000    -0.235375    0.000000    0.000000    0.155152    0.000000    0.000000  
34.893489    -0.041616    0.000000    0.000000    -0.233779    0.000000    0.000000    0.164409    0.000000    0.000000  
34.903490    -0.043945    0.000000    0.000000    -0.232088    0.000000    0.000000    0.173612    0.000000    0.000000  
34.913491    -0.046257    0.000000    0.000000    -0.230305    0.000000    0.000000    0.182758    0.000000    0.000000  
34.923492    -0.048551    0.000000    0.000000    -0.228430    0.000000    0.000000    0.191841    0.000000    0.000000  
34.933493    -0.050826    0.000000    0.000000    -0.226464    0.000000    0.000000    0.200854    0.000000    0.000000  
34.943494    -0.053081    0.000000    0.000000    -0.224407    0.000000    0.000000    0.209791    0.000000    0.000000  
34.953495    -0.055315    0.000000    0.000000    -0.222262    0.000000    0.000000    0.218645    0.000000    0.000000  
34.963496    -0.057527    0.000000    0.000000    -0.220029    0.000000    0.000000    0.227410    0.000000    0.000000  
34.973497    -0.059716    0.000000    0.000000    -0.217709    0.000000    0.000000    0.236081    0.000000    0.000000  
34.983498    -0.061882    0.000000    0.000000    -0.215304    0.000000    0.000000    0.244650    0.000000    0.000000  
34.993499    -0.064023    0.000000    0.000000    -0.212814    0.000000    0.000000    0.253110    0.000000    0.000000  
35.003500    -0.066138    0.000000    0.000000    -0.210241    0.000000    0.000000    0.261457    0.000000    0.000000  
35.013501    -0.068228    0.000000    0.000000    -0.207585    0.000000    0.000000    0.269685    0.000000    0.000000  
35.023502    -0.070290    0.000000    0.000000    -0.204848    0.000000    0.000000    0.277795    0.000000    0.000000  
35.033503    -0.072324    0.000000    0.000000    -0.202031    0.000000    0.000000    0.285786    0.000000    0.000000  
35.043504    -0.074330    0.000000    0.000000    -0.199135    0.000000    0.000000    0.293658    0.000000    0.000000  
35.053505    -0.076307    0.000000    0.000000    -0.196161    0.000000    0.000000    0.301410    0.000000    0.000000  
35.063506    -0.078253    0.000000    0.000000    -0.193109    0.000000    0.000000    0.309044    0.000000    0.000000  
35.073507    -0.080169    0.000000    0.000000    -0.189982    0.000000    0.000000    0.316557    0.000000    0.000000  
35.083508    -0.082053    0.000000    0.000000    -0.186780    0.000000    0.000000    0.323951    0.000000    0.000000  
35.093509    -0.083904    0.000000    0.000000    -0.183504    0.000000    0.000000    0.331225    0.000000    0.000000  
35.103510    -0.085723    0.000000    0.000000    -0.180156    0.000000    0.000000    0.338379    0.000000    0.000000  
35.113511    -0.087508    0.000000    0.000000    -0.176736    0.000000    0.000000    0.345412    0.000000    0.000000  
35.123512    -0.089258    0.000000    0.000000    -0.173246    0.000000    0.000000    0.352324    0.000000    0.000000  
35.133513    -0.090973    0.000000    0.000000    -0.169687    0.000000    0.000000    0.359114    0.000000    0.000000  
35.143514    -0.092652    0.000000    0.000000    -0.166061    0.000000    0.000000    0.365781    0.000000    0.000000  
35.153515    -0.094295    0.000000    0.000000    -0.162369    0.000000    0.000000    0.372323    0.000000    0.000000  
35.163516    -0.095900    0.000000    0.000000    -0.158612    0.000000    0.000000    0.378741    0.000000    0.000000  
35.173517    -0.097468    0.000000    0.000000    -0.154792    0.000000    0.000000    0.385034    0.000000    0.000000  
35.183518    -0.098997    0.000000    0.000000    -0.150909    0.000000    0.000000    0.391199    0.000000    0.000000  
35.193519    -0.100486    0.000000    0.000000    -0.146966    0.000000    0.000000    0.397238    0.000000    0.000000  
35.203520    -0.101936    0.000000    0.000000    -0.142963    0.000000    0.000000    0.403149    0.000000    0.000000  
35.213521    -0.103346    0.000000    0.000000    -0.138903    0.000000    0.000000    0.408922    0.000000    0.000000  
35.223522    -0.104714    0.000000    0.000000    -0.134787    0.000000    0.000000    0.414540    0.000000    0.000000  
35.233523    -0.106041    0.000000    0.000000    -0.130617    0.000000    0.000000    0.419981    0.000000    0.000000  
35.243524    -0.107326    0.000000    0.000000    -0.126394    0.000000    0.000000    0.425226    0.000000    0.000000  
35.253525    -0.108569    0.000000    0.000000    -0.122121    0.000000    0.000000    0.430254    0.000000    0.000000  
35.263526    -0.109768    0.000000    0.000000    -0.117800    0.000000    0.000000    0.435045    0.000000    0.000000  
35.273527    -0.110925    0.000000    0.000000    -0.113432    0.000000    0.000000    0.439579    0.000000    0.000000  
35.283528    -0.112037    0.000000    0.000000    -0.109019    0.000000    0.000000    0.443835    0.000000    0.000000  
35.293529    -0.113105    0.000000    0.000000    -0.104564    0.000000    0.000000    0.447794    0.000000    0.000000  
35.303530    -0.114128    0.000000    0.000000    -0.100068    0.000000    0.000000    0.451435    0.000000    0.000000  
35.313531    -0.115107    0.000000    0.000000    -0.095533    0.000000    0.000000    0.454758    0.000000    0.000000  
35.323532    -0.116039    0.000000    0.000000    -0.090962    0.000000    0.000000    0.457794    0.000000    0.000000  
35.333533    -0.116926    0.000000    0.000000    -0.086359    0.000000    0.000000    0.460574    0.000000    0.000000  
35.343534    -0.117767    0.000000    0.000000    -0.081726    0.000000    0.000000    0.463132    0.000000    0.000000  
35.353535    -0.118561    0.000000    0.000000    -0.077066    0.000000    0.000000    0.465498    0.000000    0.000000  
35.363536    -0.119309    0.000000    0.000000    -0.072382    0.000000    0.000000    0.467706    0.000000    0.000000  
35.373537    -0.120010    0.000000    0.000000    -0.067678    0.000000    0.000000    0.469788    0.000000    0.000000  
35.383538    -0.120664    0.000000    0.000000    -0.062957    0.000000    0.000000    0.471775    0.000000    0.000000  
35.393539    -0.121270    0.000000    0.000000    -0.058220    0.000000    0.000000    0.473700    0.000000    0.000000  
35.403540    -0.121828    0.000000    0.000000    -0.053472    0.000000    0.000000    0.475595    0.000000    0.000000  
35.413541    -0.122339    0.000000    0.000000    -0.048713    0.000000    0.000000    0.477477    0.000000    0.000000  
35.423542    -0.122802    0.000000    0.000000    -0.043943    0.000000    0.000000    0.479343    0.000000    0.000000  
35.433543    -0.123216    0.000000    0.000000    -0.039159    0.000000    0.000000    0.481186    0.000000    0.000000  
35.443544    -0.123583    0.000000    0.000000    -0.034360    0.000000    0.000000    0.483000    0.000000    0.000000  
35.453545    -0.123901    0.000000    0.000000    -0.029544    0.000000    0.000000    0.484781    0.000000    0.000000  
35.463546    -0.124171    0.000000    0.000000    -0.024711    0.000000    0.000000    0.486521    0.000000    0.000000  
35.473547    -0.124393    0.000000    0.000000    -0.019858    0.000000    0.000000    0.488216    0.000000    0.000000  
35.483548    -0.124566    0.000000    0.000000    -0.014984    0.000000    0.000000    0.489860    0.000000    0.000000  
35.493549    -0.124691    0.000000    0.000000    -0.010087    0.000000    0.000000    0.491447    0.000000    0.000000  
35.503550    -0.124767    0.000000    0.000000    -0.005165    0.000000    0.000000    0.492970    0.000000    0.000000  
35.513551    -0.124794    0.000000    0.000000    -0.000221    0.000000    0.000000    0.494407    0.000000    0.000000  
35.523552    -0.124773    0.000000    0.000000    0.004743    0.000000    0.000000    0.495709    0.000000    0.000000  
35.533553    -0.124702    0.000000    0.000000    0.009722    0.000000    0.000000    0.496827    0.000000    0.000000  
35.543554    -0.124582    0.000000    0.000000    0.014712    0.000000    0.000000    0.497709    0.000000    0.000000  
35.553555    -0.124413    0.000000    0.000000    0.019708    0.000000    0.000000    0.498306    0.000000    0.000000  
35.563556    -0.124193    0.000000    0.000000    0.024706    0.000000    0.000000    0.498567    0.000000    0.000000  
35.573557    -0.123924    0.000000    0.000000    0.029701    0.000000    0.000000    0.498443    0.000000    0.000000  
35.583558    -0.123604    0.000000    0.000000    0.034690    0.000000    0.000000    0.497882    0.000000    0.000000  
35.593559    -0.123233    0.000000    0.000000    0.039667    0.000000    0.000000    0.496836    0.000000    0.000000  
35.603560    -0.122812    0.000000    0.000000    0.044629    0.000000    0.000000    0.495253    0.000000    0.000000  
35.613561    -0.122340    0.000000    0.000000    0.049571    0.000000    0.000000    0.493126    0.000000    0.000000  
35.623562    -0.121818    0.000000    0.000000    0.054490    0.000000    0.000000    0.490504    0.000000    0.000000  
35.633563    -0.121246    0.000000    0.000000    0.059382    0.000000    0.000000    0.487443    0.000000    0.000000  
35.643564    -0.120625    0.000000    0.000000    0.064244    0.000000    0.000000    0.483997    0.000000    0.000000  
35.653565    -0.119955    0.000000    0.000000    0.069073    0.000000    0.000000    0.480221    0.000000    0.000000  
35.663566    -0.119238    0.000000    0.000000    0.073864    0.000000    0.000000    0.476170    0.000000    0.000000  
35.673567    -0.118473    0.000000    0.000000    0.078615    0.000000    0.000000    0.471898    0.000000    0.000000  
35.683568    -0.117662    0.000000    0.000000    0.083321    0.000000    0.000000    0.467461    0.000000    0.000000  
35.693569    -0.116804    0.000000    0.000000    0.087980    0.000000    0.000000    0.462914    0.000000    0.000000  
35.703570    -0.115901    0.000000    0.000000    0.092587    0.000000    0.000000    0.458310    0.000000    0.000000  
35.713571    -0.114953    0.000000    0.000000    0.097142    0.000000    0.000000    0.453680    0.000000    0.000000  
35.723572    -0.113960    0.000000    0.000000    0.101645    0.000000    0.000000    0.449021    0.000000    0.000000  
35.733573    -0.112923    0.000000    0.000000    0.106096    0.000000    0.000000    0.444327    0.000000    0.000000  
35.743574    -0.111842    0.000000    0.000000    0.110498    0.000000    0.000000    0.439589    0.000000    0.000000  
35.753575    -0.110716    0.000000    0.000000    0.114851    0.000000    0.000000    0.434803    0.000000    0.000000  
35.763576    -0.109548    0.000000    0.000000    0.119156    0.000000    0.000000    0.429962    0.000000    0.000000  
35.773577    -0.108336    0.000000    0.000000    0.123414    0.000000    0.000000    0.425058    0.000000    0.000000  
35.783578    -0.107082    0.000000    0.000000    0.127626    0.000000    0.000000    0.420086    0.000000    0.000000  
35.793579    -0.105786    0.000000    0.000000    0.131794    0.000000    0.000000    0.415039    0.000000    0.000000  
35.803580    -0.104447    0.000000    0.000000    0.135918    0.000000    0.000000    0.409910    0.000000    0.000000  
35.813581    -0.103067    0.000000    0.000000    0.139998    0.000000    0.000000    0.404690    0.000000    0.000000  
35.823582    -0.101646    0.000000    0.000000    0.144031    0.000000    0.000000    0.399364    0.000000    0.000000  
35.833583    -0.100184    0.000000    0.000000    0.148013    0.000000    0.000000    0.393916    0.000000    0.000000  
35.843584    -0.098683    0.000000    0.000000    0.151943    0.000000    0.000000    0.388333    0.000000    0.000000  
35.853585    -0.097143    0.000000    0.000000    0.155816    0.000000    0.000000    0.382599    0.000000    0.000000  
35.863586    -0.095565    0.000000    0.000000    0.159630    0.000000    0.000000    0.376699    0.000000    0.000000  
35.873587    -0.093949    0.000000    0.000000    0.163382    0.000000    0.000000    0.370619    0.000000    0.000000  
35.883588    -0.092296    0.000000    0.000000    0.167068    0.000000    0.000000    0.364342    0.000000    0.000000  
35.893589    -0.090607    0.000000    0.000000    0.170686    0.000000    0.000000    0.357855    0.000000    0.000000  
35.903590    -0.088882    0.000000    0.000000    0.174232    0.000000    0.000000    0.351143    0.000000    0.000000  
35.913591    -0.087122    0.000000    0.000000    0.177705    0.000000    0.000000    0.344204    0.000000    0.000000  
35.923592    -0.085328    0.000000    0.000000    0.181104    0.000000    0.000000    0.337058    0.000000    0.000000  
35.933593    -0.083501    0.000000    0.000000    0.184428    0.000000    0.000000    0.329724    0.000000    0.000000  
35.943594    -0.081640    0.000000    0.000000    0.187677    0.000000    0.000000    0.322223    0.000000    0.000000  
35.953595    -0.079748    0.000000    0.000000    0.190851    0.000000    0.000000    0.314575    0.000000    0.000000  
35.963596    -0.077824    0.000000    0.000000    0.193948    0.000000    0.000000    0.306801    0.000000    0.000000  
35.973597    -0.075870    0.000000    0.000000    0.196970    0.000000    0.000000    0.298920    0.000000    0.000000  
35.983598    -0.073885    0.000000    0.000000    0.199914    0.000000    0.000000    0.290953    0.000000    0.000000  
35.993599    -0.071872    0.000000    0.000000    0.202780    0.000000    0.000000    0.282920    0.000000    0.000000  
36.003600    -0.069830    0.000000    0.000000    0.205569    0.000000    0.000000    0.274842    0.000000    0.000000  
36.013601    -0.067760    0.000000    0.000000    0.208279    0.000000    0.000000    0.266725    0.000000    0.000000  
36.023602    -0.065663    0.000000    0.000000    0.210909    0.000000    0.000000    0.258562    0.000000    0.000000  
36.033603    -0.063541    0.000000    0.000000    0.213458    0.000000    0.000000    0.250342    0.000000    0.000000  
36.043604    -0.061394    0.000000    0.000000    0.215925    0.000000    0.000000    0.242054    0.000000    0.000000  
36.053605    -0.059222    0.000000    0.000000    0.218309    0.000000    0.000000    0.233689    0.000000    0.000000  
36.063606    -0.057027    0.000000    0.000000    0.220607    0.000000    0.000000    0.225235    0.000000    0.000000  
36.073607    -0.054809    0.000000    0.000000    0.222820    0.000000    0.000000    0.216682    0.000000    0.000000  
36.083608    -0.052570    0.000000    0.000000    0.224946    0.000000    0.000000    0.208020    0.000000    0.000000  
36.093609    -0.050310    0.000000    0.000000    0.226984    0.000000    0.000000    0.199239    0.000000    0.000000  
36.103610    -0.048030    0.000000    0.000000    0.228932    0.000000    0.000000    0.190327    0.000000    0.000000  
36.113611    -0.045731    0.000000    0.000000    0.230790    0.000000    0.000000    0.181285    0.000000    0.000000  
36.123612    -0.043414    0.000000    0.000000    0.232556    0.000000    0.000000    0.172120    0.000000    0.000000  
36.133613    -0.041080    0.000000    0.000000    0.234231    0.000000    0.000000    0.162846    0.000000    0.000000  
36.143614    -0.038730    0.000000    0.000000    0.235812    0.000000    0.000000    0.153471    0.000000    0.000000  
36.153615    -0.036364    0.000000    0.000000    0.237300    0.000000    0.000000    0.144009    0.000000    0.000000  
36.163616    -0.033984    0.000000    0.000000    0.238693    0.000000    0.000000    0.134470    0.000000    0.000000  
36.173617    -0.031590    0.000000    0.000000    0.239991    0.000000    0.000000    0.124864    0.000000    0.000000  
36.183618    -0.029184    0.000000    0.000000    0.241192    0.000000    0.000000    0.115204    0.000000    0.000000  
36.193619    -0.026767    0.000000    0.000000    0.242297    0.000000    0.000000    0.105499    0.000000    0.000000  
36.203620    -0.024338    0.000000    0.000000    0.243303    0.000000    0.000000    0.095762    0.000000    0.000000  
36.213621    -0.021900    0.000000    0.000000    0.244212    0.000000    0.000000    0.086000    0.000000    0.000000  
36.223622    -0.019454    0.000000    0.000000    0.245022    0.000000    0.000000    0.076220    0.000000    0.000000  
36.233623    -0.016999    0.000000    0.000000    0.245733    0.000000    0.000000    0.066427    0.000000    0.000000  
36.243624    -0.014538    0.000000    0.000000    0.246347    0.000000    0.000000    0.056626    0.000000    0.000000  
36.253625    -0.012071    0.000000    0.000000    0.246863    0.000000    0.000000    0.046821    0.000000    0.000000  
36.263626    -0.009600    0.000000    0.000000    0.247281    0.000000    0.000000    0.037019    0.000000    0.000000  
36.273627    -0.007125    0.000000    0.000000    0.247601    0.000000    0.000000    0.027224    0.000000    0.000000  
36.283628    -0.004647    0.000000    0.000000    0.247824    0.000000    0.000000    0.017443    0.000000    0.000000  
36.293629    -0.002168    0.000000    0.000000    0.247950    0.000000    0.000000    0.007679    0.000000    0.000000  
36.303630    0.000312    0.000000    0.000000    0.247978    0.000000    0.000000    -0.002062    0.000000    0.000000  
36.313631    0.002792    0.000000    0.000000    0.247909    0.000000    0.000000    -0.011776    0.000000    0.000000  
36.323632    0.005270    0.000000    0.000000    0.247742    0.000000    0.000000    -0.021466    0.000000    0.000000  
36.333633    0.007746    0.000000    0.000000    0.247480    0.000000    0.000000    -0.031131    0.000000    0.000000  
36.343634    0.010219    0.000000    0.000000    0.247120    0.000000    0.000000    -0.040772    0.000000    0.000000  
36.353635    0.012688    0.000000    0.000000    0.246664    0.000000    0.000000    -0.050392    0.000000    0.000000  
36.363636    0.015152    0.000000    0.000000    0.246112    0.000000    0.000000    -0.059990    0.000000    0.000000  
36.373637    0.017610    0.000000    0.000000    0.245465    0.000000    0.000000    -0.069567    0.000000    0.000000  
36.383638    0.020061    0.000000    0.000000    0.244721    0.000000    0.000000    -0.079125    0.000000    0.000000  
36.393639    0.022504    0.000000    0.000000    0.243882    0.000000    0.000000    -0.088664    0.000000    0.000000  
36.403640    0.024939    0.000000    0.000000    0.242948    0.000000    0.000000    -0.098186    0.000000    0.000000  
36.413641    0.027363    0.000000    0.000000    0.241918    0.000000    0.000000    -0.107689    0.000000    0.000000  
36.423642    0.029777    0.000000    0.000000    0.240794    0.000000    0.000000    -0.117168    0.000000    0.000000  
36.433643    0.032180    0.000000    0.000000    0.239576    0.000000    0.000000    -0.126621    0.000000    0.000000  
36.443644    0.034570    0.000000    0.000000    0.238263    0.000000    0.000000    -0.136041    0.000000    0.000000  
36.453645    0.036946    0.000000    0.000000    0.236856    0.000000    0.000000    -0.145425    0.000000    0.000000  
36.463646    0.039308    0.000000    0.000000    0.235356    0.000000    0.000000    -0.154768    0.000000    0.000000  
36.473647    0.041654    0.000000    0.000000    0.233763    0.000000    0.000000    -0.164066    0.000000    0.000000  
36.483648    0.043984    0.000000    0.000000    0.232077    0.000000    0.000000    -0.173315    0.000000    0.000000  
36.493649    0.046296    0.000000    0.000000    0.230298    0.000000    0.000000    -0.182509    0.000000    0.000000  
36.503650    0.048590    0.000000    0.000000    0.228427    0.000000    0.000000    -0.191645    0.000000    0.000000  
36.513651    0.050865    0.000000    0.000000    0.226465    0.000000    0.000000    -0.200716    0.000000    0.000000  
36.523652    0.053119    0.000000    0.000000    0.224412    0.000000    0.000000    -0.209716    0.000000    0.000000  
36.533653    0.055353    0.000000    0.000000    0.222269    0.000000    0.000000    -0.218638    0.000000    0.000000  
36.543654    0.057564    0.000000    0.000000    0.220037    0.000000    0.000000    -0.227472    0.000000    0.000000  
36.553655    0.059753    0.000000    0.000000    0.217718    0.000000    0.000000    -0.236213    0.000000    0.000000  
36.563656    0.061918    0.000000    0.000000    0.215312    0.000000    0.000000    -0.244853    0.000000    0.000000  
36.573657    0.064059    0.000000    0.000000    0.212821    0.000000    0.000000    -0.253383    0.000000    0.000000  
36.583658    0.066175    0.000000    0.000000    0.210245    0.000000    0.000000    -0.261798    0.000000    0.000000  
36.593659    0.068264    0.000000    0.000000    0.207585    0.000000    0.000000    -0.270089    0.000000    0.000000  
36.603660    0.070327    0.000000    0.000000    0.204843    0.000000    0.000000    -0.278249    0.000000    0.000000  
36.613661    0.072361    0.000000    0.000000    0.202020    0.000000    0.000000    -0.286274    0.000000    0.000000  
36.623662    0.074367    0.000000    0.000000    0.199117    0.000000    0.000000    -0.294167    0.000000    0.000000  
36.633663    0.076344    0.000000    0.000000    0.196135    0.000000    0.000000    -0.301929    0.000000    0.000000  
36.643664    0.078290    0.000000    0.000000    0.193075    0.000000    0.000000    -0.309564    0.000000    0.000000  
36.653665    0.080206    0.000000    0.000000    0.189940    0.000000    0.000000    -0.317073    0.000000    0.000000  
36.663666    0.082090    0.000000    0.000000    0.186730    0.000000    0.000000    -0.324458    0.000000    0.000000  
36.673667    0.083941    0.000000    0.000000    0.183447    0.000000    0.000000    -0.331723    0.000000    0.000000  
36.683668    0.085760    0.000000    0.000000    0.180093    0.000000    0.000000    -0.338869    0.000000    0.000000  
36.693669    0.087544    0.000000    0.000000    0.176668    0.000000    0.000000    -0.345899    0.000000    0.000000  
36.703670    0.089293    0.000000    0.000000    0.173173    0.000000    0.000000    -0.352815    0.000000    0.000000  
36.713671    0.091007    0.000000    0.000000    0.169612    0.000000    0.000000    -0.359615    0.000000    0.000000  
36.723672    0.092685    0.000000    0.000000    0.165983    0.000000    0.000000    -0.366295    0.000000    0.000000  
36.733673    0.094326    0.000000    0.000000    0.162289    0.000000    0.000000    -0.372847    0.000000    0.000000  
36.743674    0.095930    0.000000    0.000000    0.158531    0.000000    0.000000    -0.379265    0.000000    0.000000  
36.753675    0.097496    0.000000    0.000000    0.154710    0.000000    0.000000    -0.385544    0.000000    0.000000  
36.763676    0.099024    0.000000    0.000000    0.150827    0.000000    0.000000    -0.391675    0.000000    0.000000  
36.773677    0.100513    0.000000    0.000000    0.146883    0.000000    0.000000    -0.397655    0.000000    0.000000  
36.783678    0.101961    0.000000    0.000000    0.142880    0.000000    0.000000    -0.403475    0.000000    0.000000  
36.793679    0.103370    0.000000    0.000000    0.138818    0.000000    0.000000    -0.409129    0.000000    0.000000  
36.803680    0.104738    0.000000    0.000000    0.134699    0.000000    0.000000    -0.414612    0.000000    0.000000  
36.813681    0.106064    0.000000    0.000000    0.130524    0.000000    0.000000    -0.419915    0.000000    0.000000  
36.823682    0.107349    0.000000    0.000000    0.126297    0.000000    0.000000    -0.425028    0.000000    0.000000  
36.833683    0.108591    0.000000    0.000000    0.122019    0.000000    0.000000    -0.429940    0.000000    0.000000  
36.843684    0.109790    0.000000    0.000000    0.117692    0.000000    0.000000    -0.434641    0.000000    0.000000  
36.853685    0.110946    0.000000    0.000000    0.113320    0.000000    0.000000    -0.439121    0.000000    0.000000  
36.863686    0.112058    0.000000    0.000000    0.108905    0.000000    0.000000    -0.443368    0.000000    0.000000  
36.873687    0.113125    0.000000    0.000000    0.104449    0.000000    0.000000    -0.447373    0.000000    0.000000  
36.883688    0.114148    0.000000    0.000000    0.099955    0.000000    0.000000    -0.451124    0.000000    0.000000  
36.893689    0.115126    0.000000    0.000000    0.095425    0.000000    0.000000    -0.454612    0.000000    0.000000  
36.903690    0.116057    0.000000    0.000000    0.090862    0.000000    0.000000    -0.457826    0.000000    0.000000  
36.913691    0.116943    0.000000    0.000000    0.086268    0.000000    0.000000    -0.460772    0.000000    0.000000  
36.923692    0.117782    0.000000    0.000000    0.081645    0.000000    0.000000    -0.463478    0.000000    0.000000  
36.933693    0.118574    0.000000    0.000000    0.076995    0.000000    0.000000    -0.465975    0.000000    0.000000  
36.943694    0.119320    0.000000    0.000000    0.072318    0.000000    0.000000    -0.468294    0.000000    0.000000  
36.953695    0.120019    0.000000    0.000000    0.067618    0.000000    0.000000    -0.470463    0.000000    0.000000  
36.963696    0.120671    0.000000    0.000000    0.062896    0.000000    0.000000    -0.472515    0.000000    0.000000  
36.973697    0.121276    0.000000    0.000000    0.058154    0.000000    0.000000    -0.474478    0.000000    0.000000  
36.983698    0.121833    0.000000    0.000000    0.053392    0.000000    0.000000    -0.476383    0.000000    0.000000  
36.993699    0.122343    0.000000    0.000000    0.048615    0.000000    0.000000    -0.478261    0.000000    0.000000  
37.003700    0.122805    0.000000    0.000000    0.043821    0.000000    0.000000    -0.480141    0.000000    0.000000  
37.013701    0.123220    0.000000    0.000000    0.039014    0.000000    0.000000    -0.482031    0.000000    0.000000  
37.023702    0.123586    0.000000    0.000000    0.034193    0.000000    0.000000    -0.483909    0.000000    0.000000  
37.033703    0.123904    0.000000    0.000000    0.029356    0.000000    0.000000    -0.485752    0.000000    0.000000  
37.043704    0.124174    0.000000    0.000000    0.024504    0.000000    0.000000    -0.487535    0.000000    0.000000  
37.053705    0.124395    0.000000    0.000000    0.019637    0.000000    0.000000    -0.489234    0.000000    0.000000  
37.063706    0.124567    0.000000    0.000000    0.014754    0.000000    0.000000    -0.490823    0.000000    0.000000  
37.073707    0.124690    0.000000    0.000000    0.009854    0.000000    0.000000    -0.492280    0.000000    0.000000  
37.083708    0.124765    0.000000    0.000000    0.004937    0.000000    0.000000    -0.493580    0.000000    0.000000  
37.093709    0.124789    0.000000    0.000000    0.000004    0.000000    0.000000    -0.494699    0.000000    0.000000  
37.103710    0.124765    0.000000    0.000000    -0.004947    0.000000    0.000000    -0.495612    0.000000    0.000000  
37.113711    0.124690    0.000000    0.000000    -0.009914    0.000000    0.000000    -0.496296    0.000000    0.000000  
37.123712    0.124566    0.000000    0.000000    -0.014893    0.000000    0.000000    -0.496730    0.000000    0.000000  
37.133713    0.124393    0.000000    0.000000    -0.019878    0.000000    0.000000    -0.496893    0.000000    0.000000  
37.143714    0.124170    0.000000    0.000000    -0.024864    0.000000    0.000000    -0.496763    0.000000    0.000000  
37.153715    0.123897    0.000000    0.000000    -0.029849    0.000000    0.000000    -0.496318    0.000000    0.000000  
37.163716    0.123574    0.000000    0.000000    -0.034825    0.000000    0.000000    -0.495538    0.000000    0.000000  
37.173717    0.123202    0.000000    0.000000    -0.039790    0.000000    0.000000    -0.494400    0.000000    0.000000  
37.183718    0.122780    0.000000    0.000000    -0.044737    0.000000    0.000000    -0.492884    0.000000    0.000000  
37.193719    0.122309    0.000000    0.000000    -0.049663    0.000000    0.000000    -0.490968    0.000000    0.000000  
37.203720    0.121788    0.000000    0.000000    -0.054562    0.000000    0.000000    -0.488631    0.000000    0.000000  
37.213721    0.121217    0.000000    0.000000    -0.059432    0.000000    0.000000    -0.485878    0.000000    0.000000  
37.223722    0.120597    0.000000    0.000000    -0.064270    0.000000    0.000000    -0.482748    0.000000    0.000000  
37.233723    0.119929    0.000000    0.000000    -0.069074    0.000000    0.000000    -0.479284    0.000000    0.000000  
37.243724    0.119213    0.000000    0.000000    -0.073842    0.000000    0.000000    -0.475526    0.000000    0.000000  
37.253725    0.118450    0.000000    0.000000    -0.078573    0.000000    0.000000    -0.471517    0.000000    0.000000  
37.263726    0.117639    0.000000    0.000000    -0.083265    0.000000    0.000000    -0.467300    0.000000    0.000000  
37.273727    0.116782    0.000000    0.000000    -0.087916    0.000000    0.000000    -0.462917    0.000000    0.000000  
37.283728    0.115879    0.000000    0.000000    -0.092523    0.000000    0.000000    -0.458408    0.000000    0.000000  
37.293729    0.114931    0.000000    0.000000    -0.097086    0.000000    0.000000    -0.453818    0.000000    0.000000  
37.303730    0.113937    0.000000    0.000000    -0.101601    0.000000    0.000000    -0.449186    0.000000    0.000000  
37.313731    0.112899    0.000000    0.000000    -0.106069    0.000000    0.000000    -0.444533    0.000000    0.000000  
37.323732    0.111816    0.000000    0.000000    -0.110488    0.000000    0.000000    -0.439848    0.000000    0.000000  
37.333733    0.110690    0.000000    0.000000    -0.114859    0.000000    0.000000    -0.435119    0.000000    0.000000  
37.343734    0.109521    0.000000    0.000000    -0.119180    0.000000    0.000000    -0.430331    0.000000    0.000000  
37.353735    0.108309    0.000000    0.000000    -0.123453    0.000000    0.000000    -0.425471    0.000000    0.000000  
37.363736    0.107054    0.000000    0.000000    -0.127677    0.000000    0.000000    -0.420527    0.000000    0.000000  
37.373737    0.105757    0.000000    0.000000    -0.131850    0.000000    0.000000    -0.415486    0.000000    0.000000  
37.383738    0.104418    0.000000    0.000000    -0.135975    0.000000    0.000000    -0.410334    0.000000    0.000000  
37.393739    0.103038    0.000000    0.000000    -0.140048    0.000000    0.000000    -0.405058    0.000000    0.000000  
37.403740    0.101618    0.000000    0.000000    -0.144072    0.000000    0.000000    -0.399646    0.000000    0.000000  
37.413741    0.100156    0.000000    0.000000    -0.148044    0.000000    0.000000    -0.394087    0.000000    0.000000  
37.423742    0.098656    0.000000    0.000000    -0.151963    0.000000    0.000000    -0.388379    0.000000    0.000000  
37.433743    0.097116    0.000000    0.000000    -0.155825    0.000000    0.000000    -0.382519    0.000000    0.000000  
37.443744    0.095538    0.000000    0.000000    -0.159629    0.000000    0.000000    -0.376501    0.000000    0.000000  
37.453745    0.093922    0.000000    0.000000    -0.163373    0.000000    0.000000    -0.370325    0.000000    0.000000  
37.463746    0.092269    0.000000    0.000000    -0.167053    0.000000    0.000000    -0.363985    0.000000    0.000000  
37.473747    0.090580    0.000000    0.000000    -0.170669    0.000000    0.000000    -0.357478    0.000000    0.000000  
37.483748    0.088855    0.000000    0.000000    -0.174216    0.000000    0.000000    -0.350803    0.000000    0.000000  
37.493749    0.087095    0.000000    0.000000    -0.177694    0.000000    0.000000    -0.343954    0.000000    0.000000  
37.503750    0.085301    0.000000    0.000000    -0.181099    0.000000    0.000000    -0.336929    0.000000    0.000000  
37.513751    0.083473    0.000000    0.000000    -0.184430    0.000000    0.000000    -0.329730    0.000000    0.000000  
37.523752    0.081613    0.000000    0.000000    -0.187687    0.000000    0.000000    -0.322367    0.000000    0.000000  
37.533753    0.079720    0.000000    0.000000    -0.190868    0.000000    0.000000    -0.314852    0.000000    0.000000  
37.543754    0.077795    0.000000    0.000000    -0.193972    0.000000    0.000000    -0.307195    0.000000    0.000000  
37.553755    0.075841    0.000000    0.000000    -0.197000    0.000000    0.000000    -0.299407    0.000000    0.000000  
37.563756    0.073856    0.000000    0.000000    -0.199949    0.000000    0.000000    -0.291499    0.000000    0.000000  
37.573757    0.071842    0.000000    0.000000    -0.202820    0.000000    0.000000    -0.283481    0.000000    0.000000  
37.583758    0.069800    0.000000    0.000000    -0.205612    0.000000    0.000000    -0.275365    0.000000    0.000000  
37.593759    0.067730    0.000000    0.000000    -0.208323    0.000000    0.000000    -0.267161    0.000000    0.000000  
37.603760    0.065633    0.000000    0.000000    -0.210953    0.000000    0.000000    -0.258880    0.000000    0.000000  
37.613761    0.063511    0.000000    0.000000    -0.213502    0.000000    0.000000    -0.250528    0.000000    0.000000  
37.623762    0.061363    0.000000    0.000000    -0.215967    0.000000    0.000000    -0.242100    0.000000    0.000000  
37.633763    0.059191    0.000000    0.000000    -0.218349    0.000000    0.000000    -0.233595    0.000000    0.000000  
37.643764    0.056995    0.000000    0.000000    -0.220645    0.000000    0.000000    -0.225009    0.000000    0.000000  
37.653765    0.054777    0.000000    0.000000    -0.222855    0.000000    0.000000    -0.216339    0.000000    0.000000  
37.663766    0.052538    0.000000    0.000000    -0.224978    0.000000    0.000000    -0.207581    0.000000    0.000000  
37.673767    0.050277    0.000000    0.000000    -0.227012    0.000000    0.000000    -0.198733    0.000000    0.000000  
37.683768    0.047997    0.000000    0.000000    -0.228957    0.000000    0.000000    -0.189791    0.000000    0.000000  
37.693769    0.045698    0.000000    0.000000    -0.230811    0.000000    0.000000    -0.180751    0.000000    0.000000  
37.703770    0.043381    0.000000    0.000000    -0.232573    0.000000    0.000000    -0.171612    0.000000    0.000000  
37.713771    0.041046    0.000000    0.000000    -0.234242    0.000000    0.000000    -0.162374    0.000000    0.000000  
37.723772    0.038696    0.000000    0.000000    -0.235819    0.000000    0.000000    -0.153047    0.000000    0.000000  
37.733773    0.036330    0.000000    0.000000    -0.237301    0.000000    0.000000    -0.143639    0.000000    0.000000  
37.743774    0.033950    0.000000    0.000000    -0.238690    0.000000    0.000000    -0.134161    0.000000    0.000000  
37.753775    0.031556    0.000000    0.000000    -0.239984    0.000000    0.000000    -0.124621    0.000000    0.000000  
37.763776    0.029150    0.000000    0.000000    -0.241182    0.000000    0.000000    -0.115030    0.000000    0.000000  
37.773777    0.026732    0.000000    0.000000    -0.242285    0.000000    0.000000    -0.105396    0.000000    0.000000  
37.783778    0.024304    0.000000    0.000000    -0.243291    0.000000    0.000000    -0.095728    0.000000    0.000000  
37.793779    0.021866    0.000000    0.000000    -0.244200    0.000000    0.000000    -0.086037    0.000000    0.000000  
37.803780    0.019420    0.000000    0.000000    -0.245012    0.000000    0.000000    -0.076331    0.000000    0.000000  
37.813781    0.016966    0.000000    0.000000    -0.245726    0.000000    0.000000    -0.066616    0.000000    0.000000  
37.823782    0.014505    0.000000    0.000000    -0.246343    0.000000    0.000000    -0.056894    0.000000    0.000000  
37.833783    0.012039    0.000000    0.000000    -0.246862    0.000000    0.000000    -0.047164    0.000000    0.000000  
37.843784    0.009567    0.000000    0.000000    -0.247284    0.000000    0.000000    -0.037429    0.000000    0.000000  
37.853785    0.007093    0.000000    0.000000    -0.247608    0.000000    0.000000    -0.027687    0.000000    0.000000  
37.863786    0.004615    0.000000    0.000000    -0.247835    0.000000    0.000000    -0.017942    0.000000    0.000000  
37.873787    0.002135    0.000000    0.000000    -0.247964    0.000000    0.000000    -0.008191    0.000000    0.000000  
37.883788    -0.000345    0.000000    0.000000    -0.247997    0.000000    0.000000    0.001562    0.000000    0.000000  
37.893789    -0.002825    0.000000    0.000000    -0.247932    0.000000    0.000000    0.011318    0.000000    0.000000  
37.903790    -0.005304    0.000000    0.000000    -0.247770    0.000000    0.000000    0.021076    0.000000    0.000000  
37.913791    -0.007780    0.000000    0.000000    -0.247511    0.000000    0.000000    0.030833    0.000000    0.000000  
37.923792    -0.010254    0.000000    0.000000    -0.247154    0.000000    0.000000    0.040587    0.000000    0.000000  
37.933793    -0.012723    0.000000    0.000000    -0.246701    0.000000    0.000000    0.050332    0.000000    0.000000  
37.943794    -0.015188    0.000000    0.000000    -0.246151    0.000000    0.000000    0.060066    0.000000    0.000000  
37.953795    -0.017646    0.000000    0.000000    -0.245504    0.000000    0.000000    0.069783    0.000000    0.000000  
37.963796    -0.020098    0.000000    0.000000    -0.244759    0.000000    0.000000    0.079481    0.000000    0.000000  
37.973797    -0.022541    0.000000    0.000000    -0.243918    0.000000    0.000000    0.089154    0.000000    0.000000  
37.983798    -0.024976    0.000000    0.000000    -0.242980    0.000000    0.000000    0.098800    0.000000    0.000000  
37.993799    -0.027401    0.000000    0.000000    -0.241945    0.000000    0.000000    0.108413    0.000000    0.000000  
38.003800    -0.029815    0.000000    0.000000    -0.240813    0.000000    0.000000    0.117991    0.000000    0.000000  
38.013801    -0.032217    0.000000    0.000000    -0.239584    0.000000    0.000000    0.127528    0.000000    0.000000  
38.023802    -0.034607    0.000000    0.000000    -0.238260    0.000000    0.000000    0.137018    0.000000    0.000000  
38.033803    -0.036983    0.000000    0.000000    -0.236841    0.000000    0.000000    0.146455    0.000000    0.000000  
38.043804    -0.039345    0.000000    0.000000    -0.235327    0.000000    0.000000    0.155832    0.000000    0.000000  
38.053805    -0.041690    0.000000    0.000000    -0.233720    0.000000    0.000000    0.165145    0.000000    0.000000  
38.063806    -0.044020    0.000000    0.000000    -0.232021    0.000000    0.000000    0.174386    0.000000    0.000000  
38.073807    -0.046332    0.000000    0.000000    -0.230230    0.000000    0.000000    0.183549    0.000000    0.000000  
38.083808    -0.048625    0.000000    0.000000    -0.228348    0.000000    0.000000    0.192628    0.000000    0.000000  
38.093809    -0.050899    0.000000    0.000000    -0.226377    0.000000    0.000000    0.201617    0.000000    0.000000  
38.103810    -0.053153    0.000000    0.000000    -0.224316    0.000000    0.000000    0.210510    0.000000    0.000000  
38.113811    -0.055386    0.000000    0.000000    -0.222166    0.000000    0.000000    0.219303    0.000000    0.000000  
38.123812    -0.057596    0.000000    0.000000    -0.219930    0.000000    0.000000    0.227991    0.000000    0.000000  
38.133813    -0.059784    0.000000    0.000000    -0.217607    0.000000    0.000000    0.236574    0.000000    0.000000  
38.143814    -0.061948    0.000000    0.000000    -0.215200    0.000000    0.000000    0.245047    0.000000    0.000000  
38.153815    -0.064087    0.000000    0.000000    -0.212708    0.000000    0.000000    0.253408    0.000000    0.000000  
38.163816    -0.066202    0.000000    0.000000    -0.210133    0.000000    0.000000    0.261656    0.000000    0.000000  
38.173817    -0.068290    0.000000    0.000000    -0.207477    0.000000    0.000000    0.269786    0.000000    0.000000  
38.183818    -0.070351    0.000000    0.000000    -0.204739    0.000000    0.000000    0.277797    0.000000    0.000000  
38.193819    -0.072385    0.000000    0.000000    -0.201922    0.000000    0.000000    0.285685    0.000000    0.000000  
38.203820    -0.074390    0.000000    0.000000    -0.199026    0.000000    0.000000    0.293448    0.000000    0.000000  
38.213821    -0.076365    0.000000    0.000000    -0.196052    0.000000    0.000000    0.301088    0.000000    0.000000  
38.223822    -0.078311    0.000000    0.000000    -0.193002    0.000000    0.000000    0.308612    0.000000    0.000000  
38.233823    -0.080226    0.000000    0.000000    -0.189877    0.000000    0.000000    0.316029    0.000000    0.000000  
38.243824    -0.082109    0.000000    0.000000    -0.186677    0.000000    0.000000    0.323345    0.000000    0.000000  
38.253825    -0.083960    0.000000    0.000000    -0.183404    0.000000    0.000000    0.330568    0.000000    0.000000  
38.263826    -0.085778    0.000000    0.000000    -0.180059    0.000000    0.000000    0.337707    0.000000    0.000000  
38.273827    -0.087562    0.000000    0.000000    -0.176643    0.000000    0.000000    0.344769    0.000000    0.000000  
38.283828    -0.089311    0.000000    0.000000    -0.173157    0.000000    0.000000    0.351762    0.000000    0.000000  
38.293829    -0.091026    0.000000    0.000000    -0.169603    0.000000    0.000000    0.358694    0.000000    0.000000  
38.303830    -0.092704    0.000000    0.000000    -0.165981    0.000000    0.000000    0.365572    0.000000    0.000000  
38.313831    -0.094345    0.000000    0.000000    -0.162292    0.000000    0.000000    0.372391    0.000000    0.000000  
38.323832    -0.095949    0.000000    0.000000    -0.158538    0.000000    0.000000    0.379124    0.000000    0.000000  
38.333833    -0.097515    0.000000    0.000000    -0.154720    0.000000    0.000000    0.385745    0.000000    0.000000  
38.343834    -0.099043    0.000000    0.000000    -0.150838    0.000000    0.000000    0.392229    0.000000    0.000000  
38.353835    -0.100532    0.000000    0.000000    -0.146894    0.000000    0.000000    0.398548    0.000000    0.000000  
38.363836    -0.101980    0.000000    0.000000    -0.142888    0.000000    0.000000    0.404676    0.000000    0.000000  
38.373837    -0.103389    0.000000    0.000000    -0.138822    0.000000    0.000000    0.410588    0.000000    0.000000  
38.383838    -0.104757    0.000000    0.000000    -0.134696    0.000000    0.000000    0.416255    0.000000    0.000000  
38.393839    -0.106083    0.000000    0.000000    -0.130511    0.000000    0.000000    0.421652    0.000000    0.000000  
38.403840    -0.107367    0.000000    0.000000    -0.126269    0.000000    0.000000    0.426753    0.000000    0.000000  
38.413841    -0.108608    0.000000    0.000000    -0.121972    0.000000    0.000000    0.431547    0.000000    0.000000  
38.423842    -0.109807    0.000000    0.000000    -0.117623    0.000000    0.000000    0.436041    0.000000    0.000000  
38.433843    -0.110962    0.000000    0.000000    -0.113227    0.000000    0.000000    0.440246    0.000000    0.000000  
38.443844    -0.112073    0.000000    0.000000    -0.108788    0.000000    0.000000    0.444171    0.000000    0.000000  
38.453845    -0.113139    0.000000    0.000000    -0.104310    0.000000    0.000000    0.447827    0.000000    0.000000  
38.463846    -0.114161    0.000000    0.000000    -0.099796    0.000000    0.000000    0.451224    0.000000    0.000000  
38.473847    -0.115137    0.000000    0.000000    -0.095252    0.000000    0.000000    0.454371    0.000000    0.000000  
38.483848    -0.116068    0.000000    0.000000    -0.090680    0.000000    0.000000    0.457277    0.000000    0.000000  
38.493849    -0.116953    0.000000    0.000000    -0.086086    0.000000    0.000000    0.459955    0.000000    0.000000  
38.503850    -0.117791    0.000000    0.000000    -0.081472    0.000000    0.000000    0.462412    0.000000    0.000000  
38.513851    -0.118582    0.000000    0.000000    -0.076842    0.000000    0.000000    0.464670    0.000000    0.000000  
38.523852    -0.119326    0.000000    0.000000    -0.072195    0.000000    0.000000    0.466765    0.000000    0.000000  
38.533853    -0.120023    0.000000    0.000000    -0.067529    0.000000    0.000000    0.468733    0.000000    0.000000  
38.543854    -0.120673    0.000000    0.000000    -0.062845    0.000000    0.000000    0.470611    0.000000    0.000000  
38.553855    -0.121276    0.000000    0.000000    -0.058142    0.000000    0.000000    0.472434    0.000000    0.000000  
38.563856    -0.121832    0.000000    0.000000    -0.053419    0.000000    0.000000    0.474240    0.000000    0.000000  
38.573857    -0.122341    0.000000    0.000000    -0.048675    0.000000    0.000000    0.476065    0.000000    0.000000  
38.583858    -0.122803    0.000000    0.000000    -0.043910    0.000000    0.000000    0.477944    0.000000    0.000000  
38.593859    -0.123217    0.000000    0.000000    -0.039122    0.000000    0.000000    0.479916    0.000000    0.000000  
38.603860    -0.123584    0.000000    0.000000    -0.034313    0.000000    0.000000    0.482015    0.000000    0.000000  
38.613861    -0.123904    0.000000    0.000000    -0.029480    0.000000    0.000000    0.484236    0.000000    0.000000  
38.623862    -0.124176    0.000000    0.000000    -0.024626    0.000000    0.000000    0.486523    0.000000    0.000000  
38.633863    -0.124399    0.000000    0.000000    -0.019751    0.000000    0.000000    0.488812    0.000000    0.000000  
38.643864    -0.124575    0.000000    0.000000    -0.014857    0.000000    0.000000    0.491041    0.000000    0.000000  
38.653865    -0.124701    0.000000    0.000000    -0.009943    0.000000    0.000000    0.493150    0.000000    0.000000  
38.663866    -0.124778    0.000000    0.000000    -0.005011    0.000000    0.000000    0.495076    0.000000    0.000000  
38.673867    -0.124805    0.000000    0.000000    -0.000063    0.000000    0.000000    0.496756    0.000000    0.000000  
38.683868    -0.124783    0.000000    0.000000    0.004902    0.000000    0.000000    0.498129    0.000000    0.000000  
38.693869    -0.124710    0.000000    0.000000    0.009882    0.000000    0.000000    0.499134    0.000000    0.000000  
38.703870    -0.124586    0.000000    0.000000    0.014877    0.000000    0.000000    0.499708    0.000000    0.000000  
38.713871    -0.124412    0.000000    0.000000    0.019882    0.000000    0.000000    0.499822    0.000000    0.000000  
38.723872    -0.124186    0.000000    0.000000    0.024893    0.000000    0.000000    0.499490    0.000000    0.000000  
38.733873    -0.123911    0.000000    0.000000    0.029904    0.000000    0.000000    0.498728    0.000000    0.000000  
38.743874    -0.123585    0.000000    0.000000    0.034909    0.000000    0.000000    0.497551    0.000000    0.000000  
38.753875    -0.123210    0.000000    0.000000    0.039902    0.000000    0.000000    0.495977    0.000000    0.000000  
38.763876    -0.122785    0.000000    0.000000    0.044877    0.000000    0.000000    0.494020    0.000000    0.000000  
38.773877    -0.122311    0.000000    0.000000    0.049828    0.000000    0.000000    0.491698    0.000000    0.000000  
38.783878    -0.121787    0.000000    0.000000    0.054750    0.000000    0.000000    0.489027    0.000000    0.000000  
38.793879    -0.121215    0.000000    0.000000    0.059636    0.000000    0.000000    0.486022    0.000000    0.000000  
38.803880    -0.120595    0.000000    0.000000    0.064482    0.000000    0.000000    0.482701    0.000000    0.000000  
38.813881    -0.119926    0.000000    0.000000    0.069283    0.000000    0.000000    0.479086    0.000000    0.000000  
38.823882    -0.119209    0.000000    0.000000    0.074040    0.000000    0.000000    0.475212    0.000000    0.000000  
38.833883    -0.118445    0.000000    0.000000    0.078753    0.000000    0.000000    0.471114    0.000000    0.000000  
38.843884    -0.117634    0.000000    0.000000    0.083422    0.000000    0.000000    0.466825    0.000000    0.000000  
38.853885    -0.116776    0.000000    0.000000    0.088048    0.000000    0.000000    0.462381    0.000000    0.000000  
38.863886    -0.115873    0.000000    0.000000    0.092631    0.000000    0.000000    0.457816    0.000000    0.000000  
38.873887    -0.114924    0.000000    0.000000    0.097171    0.000000    0.000000    0.453164    0.000000    0.000000  
38.883888    -0.113929    0.000000    0.000000    0.101669    0.000000    0.000000    0.448460    0.000000    0.000000  
38.893889    -0.112890    0.000000    0.000000    0.106124    0.000000    0.000000    0.443739    0.000000    0.000000  
38.903890    -0.111807    0.000000    0.000000    0.110538    0.000000    0.000000    0.439034    0.000000    0.000000  
38.913891    -0.110679    0.000000    0.000000    0.114909    0.000000    0.000000    0.434355    0.000000    0.000000  
38.923892    -0.109509    0.000000    0.000000    0.119236    0.000000    0.000000    0.429676    0.000000    0.000000  
38.933893    -0.108295    0.000000    0.000000    0.123519    0.000000    0.000000    0.424971    0.000000    0.000000  
38.943894    -0.107039    0.000000    0.000000    0.127754    0.000000    0.000000    0.420212    0.000000    0.000000  
38.953895    -0.105741    0.000000    0.000000    0.131940    0.000000    0.000000    0.415372    0.000000    0.000000  
38.963896    -0.104401    0.000000    0.000000    0.136076    0.000000    0.000000    0.410424    0.000000    0.000000  
38.973897    -0.103020    0.000000    0.000000    0.140160    0.000000    0.000000    0.405342    0.000000    0.000000  
38.983898    -0.101598    0.000000    0.000000    0.144191    0.000000    0.000000    0.400097    0.000000    0.000000  
38.993899    -0.100137    0.000000    0.000000    0.148167    0.000000    0.000000    0.394663    0.000000    0.000000  
39.003900    -0.098635    0.000000    0.000000    0.152086    0.000000    0.000000    0.389013    0.000000    0.000000  
39.013901    -0.097095    0.000000    0.000000    0.155947    0.000000    0.000000    0.383136    0.000000    0.000000  
39.023902    -0.095516    0.000000    0.000000    0.159747    0.000000    0.000000    0.377043    0.000000    0.000000  
39.033903    -0.093899    0.000000    0.000000    0.163486    0.000000    0.000000    0.370745    0.000000    0.000000  
39.043904    -0.092245    0.000000    0.000000    0.167161    0.000000    0.000000    0.364253    0.000000    0.000000  
39.053905    -0.090555    0.000000    0.000000    0.170771    0.000000    0.000000    0.357580    0.000000    0.000000  
39.063906    -0.088829    0.000000    0.000000    0.174314    0.000000    0.000000    0.350737    0.000000    0.000000  
39.073907    -0.087068    0.000000    0.000000    0.177788    0.000000    0.000000    0.343736    0.000000    0.000000  
39.083908    -0.085272    0.000000    0.000000    0.181191    0.000000    0.000000    0.336589    0.000000    0.000000  
39.093909    -0.083444    0.000000    0.000000    0.184522    0.000000    0.000000    0.329307    0.000000    0.000000  
39.103910    -0.081582    0.000000    0.000000    0.187778    0.000000    0.000000    0.321902    0.000000    0.000000  
39.113911    -0.079688    0.000000    0.000000    0.190959    0.000000    0.000000    0.314381    0.000000    0.000000  
39.123912    -0.077763    0.000000    0.000000    0.194064    0.000000    0.000000    0.306747    0.000000    0.000000  
39.133913    -0.075807    0.000000    0.000000    0.197091    0.000000    0.000000    0.299001    0.000000    0.000000  
39.143914    -0.073821    0.000000    0.000000    0.200040    0.000000    0.000000    0.291147    0.000000    0.000000  
39.153915    -0.071806    0.000000    0.000000    0.202910    0.000000    0.000000    0.283185    0.000000    0.000000  
39.163916    -0.069763    0.000000    0.000000    0.205699    0.000000    0.000000    0.275117    0.000000    0.000000  
39.173917    -0.067692    0.000000    0.000000    0.208408    0.000000    0.000000    0.266947    0.000000    0.000000  
39.183918    -0.065595    0.000000    0.000000    0.211035    0.000000    0.000000    0.258674    0.000000    0.000000  
39.193919    -0.063472    0.000000    0.000000    0.213580    0.000000    0.000000    0.250302    0.000000    0.000000  
39.203920    -0.061323    0.000000    0.000000    0.216041    0.000000    0.000000    0.241833    0.000000    0.000000  
39.213921    -0.059151    0.000000    0.000000    0.218417    0.000000    0.000000    0.233268    0.000000    0.000000  
39.223922    -0.056955    0.000000    0.000000    0.220708    0.000000    0.000000    0.224611    0.000000    0.000000  
39.233923    -0.054736    0.000000    0.000000    0.222913    0.000000    0.000000    0.215865    0.000000    0.000000  
39.243924    -0.052496    0.000000    0.000000    0.225030    0.000000    0.000000    0.207034    0.000000    0.000000  
39.253925    -0.050235    0.000000    0.000000    0.227058    0.000000    0.000000    0.198119    0.000000    0.000000  
39.263926    -0.047954    0.000000    0.000000    0.228997    0.000000    0.000000    0.189125    0.000000    0.000000  
39.273927    -0.045655    0.000000    0.000000    0.230846    0.000000    0.000000    0.180055    0.000000    0.000000  
39.283928    -0.043337    0.000000    0.000000    0.232603    0.000000    0.000000    0.170911    0.000000    0.000000  
39.293929    -0.041002    0.000000    0.000000    0.234267    0.000000    0.000000    0.161696    0.000000    0.000000  
39.303930    -0.038652    0.000000    0.000000    0.235838    0.000000    0.000000    0.152415    0.000000    0.000000  
39.313931    -0.036285    0.000000    0.000000    0.237315    0.000000    0.000000    0.143070    0.000000    0.000000  
39.323932    -0.033905    0.000000    0.000000    0.238697    0.000000    0.000000    0.133667    0.000000    0.000000  
39.333933    -0.031511    0.000000    0.000000    0.239984    0.000000    0.000000    0.124209    0.000000    0.000000  
39.343934    -0.029105    0.000000    0.000000    0.241177    0.000000    0.000000    0.114701    0.000000    0.000000  
39.353935    -0.026688    0.000000    0.000000    0.242274    0.000000    0.000000    0.105149    0.000000    0.000000  
39.363936    -0.024260    0.000000    0.000000    0.243276    0.000000    0.000000    0.095556    0.000000    0.000000  
39.373937    -0.021822    0.000000    0.000000    0.244181    0.000000    0.000000    0.085927    0.000000    0.000000  
39.383938    -0.019376    0.000000    0.000000    0.244991    0.000000    0.000000    0.076267    0.000000    0.000000  
39.393939    -0.016922    0.000000    0.000000    0.245705    0.000000    0.000000    0.066580    0.000000    0.000000  
39.403940    -0.014462    0.000000    0.000000    0.246322    0.000000    0.000000    0.056871    0.000000    0.000000  
39.413941    -0.011995    0.000000    0.000000    0.246843    0.000000    0.000000    0.047144    0.000000    0.000000  
39.423942    -0.009524    0.000000    0.000000    0.247267    0.000000    0.000000    0.037402    0.000000    0.000000  
39.433943    -0.007050    0.000000    0.000000    0.247593    0.000000    0.000000    0.027647    0.000000    0.000000  
39.443944    -0.004572    0.000000    0.000000    0.247823    0.000000    0.000000    0.017883    0.000000    0.000000  
39.453945    -0.002093    0.000000    0.000000    0.247954    0.000000    0.000000    0.008111    0.000000    0.000000  
39.463946    0.000387    0.000000    0.000000    0.247989    0.000000    0.000000    -0.001664    0.000000    0.000000  
39.473947    0.002867    0.000000    0.000000    0.247925    0.000000    0.000000    -0.011440    0.000000    0.000000  
39.483948    0.005346    0.000000    0.000000    0.247763    0.000000    0.000000    -0.021215    0.000000    0.000000  
39.493949    0.007822    0.000000    0.000000    0.247503    0.000000    0.000000    -0.030985    0.000000    0.000000  
39.503950    0.010296    0.000000    0.000000    0.247144    0.000000    0.000000    -0.040748    0.000000    0.000000  
39.513951    0.012765    0.000000    0.000000    0.246687    0.000000    0.000000    -0.050500    0.000000    0.000000  
39.523952    0.015230    0.000000    0.000000    0.246132    0.000000    0.000000    -0.060235    0.000000    0.000000  
39.533953    0.017688    0.000000    0.000000    0.245480    0.000000    0.000000    -0.069949    0.000000    0.000000  
39.543954    0.020140    0.000000    0.000000    0.244730    0.000000    0.000000    -0.079636    0.000000    0.000000  
39.553955    0.022583    0.000000    0.000000    0.243884    0.000000    0.000000    -0.089292    0.000000    0.000000  
39.563956    0.025018    0.000000    0.000000    0.242942    0.000000    0.000000    -0.098910    0.000000    0.000000  
39.573957    0.027442    0.000000    0.000000    0.241904    0.000000    0.000000    -0.108486    0.000000    0.000000  
39.583958    0.029856    0.000000    0.000000    0.240771    0.000000    0.000000    -0.118014    0.000000    0.000000  
39.593959    0.032258    0.000000    0.000000    0.239543    0.000000    0.000000    -0.127490    0.000000    0.000000  
39.603960    0.034647    0.000000    0.000000    0.238221    0.000000    0.000000    -0.136909    0.000000    0.000000  
39.613961    0.037023    0.000000    0.000000    0.236805    0.000000    0.000000    -0.146266    0.000000    0.000000  
39.623962    0.039383    0.000000    0.000000    0.235296    0.000000    0.000000    -0.155561    0.000000    0.000000  
39.633963    0.041729    0.000000    0.000000    0.233694    0.000000    0.000000    -0.164795    0.000000    0.000000  
39.643964    0.044057    0.000000    0.000000    0.232000    0.000000    0.000000    -0.173966    0.000000    0.000000  
39.653965    0.046369    0.000000    0.000000    0.230215    0.000000    0.000000    -0.183074    0.000000    0.000000  
39.663966    0.048662    0.000000    0.000000    0.228339    0.000000    0.000000    -0.192119    0.000000    0.000000  
39.673967    0.050935    0.000000    0.000000    0.226373    0.000000    0.000000    -0.201100    0.000000    0.000000  
39.683968    0.053189    0.000000    0.000000    0.224318    0.000000    0.000000    -0.210016    0.000000    0.000000  
39.693969    0.055422    0.000000    0.000000    0.222173    0.000000    0.000000    -0.218868    0.000000    0.000000  
39.703970    0.057633    0.000000    0.000000    0.219940    0.000000    0.000000    -0.227654    0.000000    0.000000  
39.713971    0.059821    0.000000    0.000000    0.217620    0.000000    0.000000    -0.236370    0.000000    0.000000  
39.723972    0.061985    0.000000    0.000000    0.215213    0.000000    0.000000    -0.245005    0.000000    0.000000  
39.733973    0.064125    0.000000    0.000000    0.212721    0.000000    0.000000    -0.253548    0.000000    0.000000  
39.743974    0.066240    0.000000    0.000000    0.210144    0.000000    0.000000    -0.261986    0.000000    0.000000  
39.753975    0.068329    0.000000    0.000000    0.207484    0.000000    0.000000    -0.270310    0.000000    0.000000  
39.763976    0.070390    0.000000    0.000000    0.204742    0.000000    0.000000    -0.278507    0.000000    0.000000  
39.773977    0.072424    0.000000    0.000000    0.201918    0.000000    0.000000    -0.286567    0.000000    0.000000  
39.783978    0.074429    0.000000    0.000000    0.199015    0.000000    0.000000    -0.294478    0.000000    0.000000  
39.793979    0.076405    0.000000    0.000000    0.196032    0.000000    0.000000    -0.302229    0.000000    0.000000  
39.803980    0.078350    0.000000    0.000000    0.192972    0.000000    0.000000    -0.309809    0.000000    0.000000  
39.813981    0.080264    0.000000    0.000000    0.189834    0.000000    0.000000    -0.317218    0.000000    0.000000  
39.823982    0.082147    0.000000    0.000000    0.186622    0.000000    0.000000    -0.324470    0.000000    0.000000  
39.833983    0.083997    0.000000    0.000000    0.183337    0.000000    0.000000    -0.331580    0.000000    0.000000  
39.843984    0.085813    0.000000    0.000000    0.179979    0.000000    0.000000    -0.338564    0.000000    0.000000  
39.853985    0.087596    0.000000    0.000000    0.176551    0.000000    0.000000    -0.345436    0.000000    0.000000  
39.863986    0.089344    0.000000    0.000000    0.173055    0.000000    0.000000    -0.352212    0.000000    0.000000  
39.873987    0.091057    0.000000    0.000000    0.169492    0.000000    0.000000    -0.358908    0.000000    0.000000  
39.883988    0.092734    0.000000    0.000000    0.165863    0.000000    0.000000    -0.365537    0.000000    0.000000  
39.893989    0.094375    0.000000    0.000000    0.162171    0.000000    0.000000    -0.372116    0.000000    0.000000  
39.903990    0.095978    0.000000    0.000000    0.158416    0.000000    0.000000    -0.378658    0.000000    0.000000  
39.913991    0.097543    0.000000    0.000000    0.154600    0.000000    0.000000    -0.385159    0.000000    0.000000  
39.923992    0.099070    0.000000    0.000000    0.150724    0.000000    0.000000    -0.391587    0.000000    0.000000  
39.933993    0.100557    0.000000    0.000000    0.146788    0.000000    0.000000    -0.397909    0.000000    0.000000  
39.943994    0.102005    0.000000    0.000000    0.142793    0.000000    0.000000    -0.404089    0.000000    0.000000  
39.953995    0.103413    0.000000    0.000000    0.138739    0.000000    0.000000    -0.410096    0.000000    0.000000  
39.963996    0.104780    0.000000    0.000000    0.134626    0.000000    0.000000    -0.415896    0.000000    0.000000  
39.973997    0.106106    0.000000    0.000000    0.130456    0.000000    0.000000    -0.421455    0.000000    0.000000  
39.983998    0.107389    0.000000    0.000000    0.126229    0.000000    0.000000    -0.426740    0.000000    0.000000  
39.993999    0.108630    0.000000    0.000000    0.121944    0.000000    0.000000    -0.431717    0.000000    0.000000  
40.004000    0.109828    0.000000    0.000000    0.117604    0.000000    0.000000    -0.436353    0.000000    0.000000  
40.014001    0.110982    0.000000    0.000000    0.113210    0.000000    0.000000    -0.440639    0.000000    0.000000  
40.024002    0.112093    0.000000    0.000000    0.108767    0.000000    0.000000    -0.444597    0.000000    0.000000  
40.034003    0.113158    0.000000    0.000000    0.104280    0.000000    0.000000    -0.448250    0.000000    0.000000  
40.044004    0.114180    0.000000    0.000000    0.099753    0.000000    0.000000    -0.451621    0.000000    0.000000  
40.054005    0.115155    0.000000    0.000000    0.095191    0.000000    0.000000    -0.454735    0.000000    0.000000  
40.064006    0.116086    0.000000    0.000000    0.090600    0.000000    0.000000    -0.457615    0.000000    0.000000  
40.074007    0.116970    0.000000    0.000000    0.085983    0.000000    0.000000    -0.460285    0.000000    0.000000  
40.084008    0.117808    0.000000    0.000000    0.081346    0.000000    0.000000    -0.462767    0.000000    0.000000  
40.094009    0.118599    0.000000    0.000000    0.076693    0.000000    0.000000    -0.465087    0.000000    0.000000  
40.104010    0.119342    0.000000    0.000000    0.072029    0.000000    0.000000    -0.467267    0.000000    0.000000  
40.114011    0.120039    0.000000    0.000000    0.067357    0.000000    0.000000    -0.469330    0.000000    0.000000  
40.124012    0.120688    0.000000    0.000000    0.062673    0.000000    0.000000    -0.471301    0.000000    0.000000  
40.134013    0.121289    0.000000    0.000000    0.057976    0.000000    0.000000    -0.473202    0.000000    0.000000  
40.144014    0.121843    0.000000    0.000000    0.053263    0.000000    0.000000    -0.475056    0.000000    0.000000  
40.154015    0.122350    0.000000    0.000000    0.048532    0.000000    0.000000    -0.476888    0.000000    0.000000  
40.164016    0.122809    0.000000    0.000000    0.043781    0.000000    0.000000    -0.478720    0.000000    0.000000  
40.174017    0.123220    0.000000    0.000000    0.039008    0.000000    0.000000    -0.480575    0.000000    0.000000  
40.184018    0.123585    0.000000    0.000000    0.034210    0.000000    0.000000    -0.482478    0.000000    0.000000  
40.194019    0.123902    0.000000    0.000000    0.029385    0.000000    0.000000    -0.484450    0.000000    0.000000  
40.204020    0.124171    0.000000    0.000000    0.024530    0.000000    0.000000    -0.486515    0.000000    0.000000  
40.214021    0.124393    0.000000    0.000000    0.019647    0.000000    0.000000    -0.488656    0.000000    0.000000  
40.224022    0.124567    0.000000    0.000000    0.014738    0.000000    0.000000    -0.490805    0.000000    0.000000  
40.234023    0.124693    0.000000    0.000000    0.009805    0.000000    0.000000    -0.492893    0.000000    0.000000  
40.244024    0.124769    0.000000    0.000000    0.004854    0.000000    0.000000    -0.494847    0.000000    0.000000  
40.254025    0.124797    0.000000    0.000000    -0.000114    0.000000    0.000000    -0.496598    0.000000    0.000000  
40.264026    0.124774    0.000000    0.000000    -0.005096    0.000000    0.000000    -0.498074    0.000000    0.000000  
40.274027    0.124702    0.000000    0.000000    -0.010086    0.000000    0.000000    -0.499207    0.000000    0.000000  
40.284028    0.124578    0.000000    0.000000    -0.015084    0.000000    0.000000    -0.499923    0.000000    0.000000  
40.294029    0.124404    0.000000    0.000000    -0.020085    0.000000    0.000000    -0.500154    0.000000    0.000000  
40.304030    0.124178    0.000000    0.000000    -0.025086    0.000000    0.000000    -0.499830    0.000000    0.000000  
40.314031    0.123901    0.000000    0.000000    -0.030083    0.000000    0.000000    -0.498932    0.000000    0.000000  
40.324032    0.123573    0.000000    0.000000    -0.035071    0.000000    0.000000    -0.497506    0.000000    0.000000  
40.334033    0.123194    0.000000    0.000000    -0.040046    0.000000    0.000000    -0.495601    0.000000    0.000000  
40.344034    0.122766    0.000000    0.000000    -0.045004    0.000000    0.000000    -0.493268    0.000000    0.000000  
40.354035    0.122287    0.000000    0.000000    -0.049939    0.000000    0.000000    -0.490558    0.000000    0.000000  
40.364036    0.121760    0.000000    0.000000    -0.054846    0.000000    0.000000    -0.487520    0.000000    0.000000  
40.374037    0.121185    0.000000    0.000000    -0.059722    0.000000    0.000000    -0.484205    0.000000    0.000000  
40.384038    0.120562    0.000000    0.000000    -0.064561    0.000000    0.000000    -0.480663    0.000000    0.000000  
40.394039    0.119891    0.000000    0.000000    -0.069359    0.000000    0.000000    -0.476944    0.000000    0.000000  
40.404040    0.119173    0.000000    0.000000    -0.074110    0.000000    0.000000    -0.473097    0.000000    0.000000  
40.414041    0.118409    0.000000    0.000000    -0.078814    0.000000    0.000000    -0.469154    0.000000    0.000000  
40.424042    0.117599    0.000000    0.000000    -0.083470    0.000000    0.000000    -0.465119    0.000000    0.000000  
40.434043    0.116743    0.000000    0.000000    -0.088081    0.000000    0.000000    -0.460996    0.000000    0.000000  
40.444044    0.115841    0.000000    0.000000    -0.092646    0.000000    0.000000    -0.456790    0.000000    0.000000  
40.454045    0.114894    0.000000    0.000000    -0.097169    0.000000    0.000000    -0.452504    0.000000    0.000000  
40.464046    0.113902    0.000000    0.000000    -0.101648    0.000000    0.000000    -0.448143    0.000000    0.000000  
40.474047    0.112865    0.000000    0.000000    -0.106087    0.000000    0.000000    -0.443709    0.000000    0.000000  
40.484048    0.111783    0.000000    0.000000    -0.110486    0.000000    0.000000    -0.439207    0.000000    0.000000  
40.494049    0.110657    0.000000    0.000000    -0.114847    0.000000    0.000000    -0.434642    0.000000    0.000000  
40.504050    0.109487    0.000000    0.000000    -0.119170    0.000000    0.000000    -0.430016    0.000000    0.000000  
40.514051    0.108273    0.000000    0.000000    -0.123454    0.000000    0.000000    -0.425324    0.000000    0.000000  
40.524052    0.107016    0.000000    0.000000    -0.127698    0.000000    0.000000    -0.420549    0.000000    0.000000  
40.534053    0.105717    0.000000    0.000000    -0.131898    0.000000    0.000000    -0.415673    0.000000    0.000000  
40.544054    0.104376    0.000000    0.000000    -0.136050    0.000000    0.000000    -0.410678    0.000000    0.000000  
40.554055    0.102993    0.000000    0.000000    -0.140152    0.000000    0.000000    -0.405547    0.000000    0.000000  
40.564056    0.101570    0.000000    0.000000    -0.144201    0.000000    0.000000    -0.400261    0.000000    0.000000  
40.574057    0.100107    0.000000    0.000000    -0.148193    0.000000    0.000000    -0.394804    0.000000    0.000000  
40.584058    0.098605    0.000000    0.000000    -0.152125    0.000000    0.000000    -0.389156    0.000000    0.000000  
40.594059    0.097064    0.000000    0.000000    -0.155995    0.000000    0.000000    -0.383299    0.000000    0.000000  
40.604060    0.095485    0.000000    0.000000    -0.159798    0.000000    0.000000    -0.377218    0.000000    0.000000  
40.614061    0.093868    0.000000    0.000000    -0.163534    0.000000    0.000000    -0.370908    0.000000    0.000000  
40.624062    0.092214    0.000000    0.000000    -0.167202    0.000000    0.000000    -0.364384    0.000000    0.000000  
40.634063    0.090525    0.000000    0.000000    -0.170801    0.000000    0.000000    -0.357665    0.000000    0.000000  
40.644064    0.088799    0.000000    0.000000    -0.174330    0.000000    0.000000    -0.350765    0.000000    0.000000  
40.654065    0.087039    0.000000    0.000000    -0.177790    0.000000    0.000000    -0.343702    0.000000    0.000000  
40.664066    0.085245    0.000000    0.000000    -0.181179    0.000000    0.000000    -0.336493    0.000000    0.000000  
40.674067    0.083417    0.000000    0.000000    -0.184498    0.000000    0.000000    -0.329153    0.000000    0.000000  
40.684068    0.081556    0.000000    0.000000    -0.187745    0.000000    0.000000    -0.321700    0.000000    0.000000  
40.694069    0.079663    0.000000    0.000000    -0.190921    0.000000    0.000000    -0.314151    0.000000    0.000000  
40.704070    0.077738    0.000000    0.000000    -0.194024    0.000000    0.000000    -0.306521    0.000000    0.000000  
40.714071    0.075782    0.000000    0.000000    -0.197054    0.000000    0.000000    -0.298818    0.000000    0.000000  
40.724072    0.073796    0.000000    0.000000    -0.200009    0.000000    0.000000    -0.291036    0.000000    0.000000  
40.734073    0.071781    0.000000    0.000000    -0.202888    0.000000    0.000000    -0.283170    0.000000    0.000000  
40.744074    0.069737    0.000000    0.000000    -0.205689    0.000000    0.000000    -0.275212    0.000000    0.000000  
40.754075    0.067666    0.000000    0.000000    -0.208409    0.000000    0.000000    -0.267158    0.000000    0.000000  
40.764076    0.065568    0.000000    0.000000    -0.211048    0.000000    0.000000    -0.259001    0.000000    0.000000  
40.774077    0.063444    0.000000    0.000000    -0.213604    0.000000    0.000000    -0.250735    0.000000    0.000000  
40.784078    0.061295    0.000000    0.000000    -0.216075    0.000000    0.000000    -0.242354    0.000000    0.000000  
40.794079    0.059122    0.000000    0.000000    -0.218459    0.000000    0.000000    -0.233852    0.000000    0.000000  
40.804080    0.056926    0.000000    0.000000    -0.220755    0.000000    0.000000    -0.225223    0.000000    0.000000  
40.814081    0.054707    0.000000    0.000000    -0.222962    0.000000    0.000000    -0.216467    0.000000    0.000000  
40.824082    0.052467    0.000000    0.000000    -0.225078    0.000000    0.000000    -0.207595    0.000000    0.000000  
40.834083    0.050205    0.000000    0.000000    -0.227105    0.000000    0.000000    -0.198614    0.000000    0.000000  
40.844084    0.047925    0.000000    0.000000    -0.229041    0.000000    0.000000    -0.189536    0.000000    0.000000  
40.854085    0.045625    0.000000    0.000000    -0.230885    0.000000    0.000000    -0.180368    0.000000    0.000000  
40.864086    0.043307    0.000000    0.000000    -0.232638    0.000000    0.000000    -0.171121    0.000000    0.000000  
40.874087    0.040972    0.000000    0.000000    -0.234299    0.000000    0.000000    -0.161804    0.000000    0.000000  
40.884088    0.038621    0.000000    0.000000    -0.235868    0.000000    0.000000    -0.152427    0.000000    0.000000  
40.894089    0.036255    0.000000    0.000000    -0.237344    0.000000    0.000000    -0.142998    0.000000    0.000000  
40.904090    0.033874    0.000000    0.000000    -0.238726    0.000000    0.000000    -0.133528    0.000000    0.000000  
40.914091    0.031480    0.000000    0.000000    -0.240015    0.000000    0.000000    -0.124023    0.000000    0.000000  
40.924092    0.029074    0.000000    0.000000    -0.241210    0.000000    0.000000    -0.114485    0.000000    0.000000  
40.934093    0.026655    0.000000    0.000000    -0.242310    0.000000    0.000000    -0.104915    0.000000    0.000000  
40.944094    0.024227    0.000000    0.000000    -0.243315    0.000000    0.000000    -0.095316    0.000000    0.000000  
40.954095    0.021789    0.000000    0.000000    -0.244224    0.000000    0.000000    -0.085689    0.000000    0.000000  
40.964096    0.019342    0.000000    0.000000    -0.245036    0.000000    0.000000    -0.076037    0.000000    0.000000  
40.974097    0.016888    0.000000    0.000000    -0.245751    0.000000    0.000000    -0.066361    0.000000    0.000000  
40.984098    0.014427    0.000000    0.000000    -0.246369    0.000000    0.000000    -0.056663    0.000000    0.000000  
40.994099    0.011960    0.000000    0.000000    -0.246888    0.000000    0.000000    -0.046945    0.000000    0.000000  
41.004100    0.009489    0.000000    0.000000    -0.247309    0.000000    0.000000    -0.037209    0.000000    0.000000  
41.014101    0.007014    0.000000    0.000000    -0.247632    0.000000    0.000000    -0.027458    0.000000    0.000000  
41.024102    0.004536    0.000000    0.000000    -0.247855    0.000000    0.000000    -0.017694    0.000000    0.000000  
41.034103    0.002056    0.000000    0.000000    -0.247980    0.000000    0.000000    -0.007921    0.000000    0.000000  
41.044104    -0.000424    0.000000    0.000000    -0.248007    0.000000    0.000000    0.001858    0.000000    0.000000  
41.054105    -0.002904    0.000000    0.000000    -0.247936    0.000000    0.000000    0.011640    0.000000    0.000000  
41.064106    -0.005383    0.000000    0.000000    -0.247768    0.000000    0.000000    0.021422    0.000000    0.000000  
41.074107    -0.007860    0.000000    0.000000    -0.247502    0.000000    0.000000    0.031201    0.000000    0.000000  
41.084108    -0.010333    0.000000    0.000000    -0.247139    0.000000    0.000000    0.040973    0.000000    0.000000  
41.094109    -0.012803    0.000000    0.000000    -0.246679    0.000000    0.000000    0.050735    0.000000    0.000000  
41.104110    -0.015267    0.000000    0.000000    -0.246123    0.000000    0.000000    0.060485    0.000000    0.000000  
41.114111    -0.017725    0.000000    0.000000    -0.245471    0.000000    0.000000    0.070217    0.000000    0.000000  
41.124112    -0.020176    0.000000    0.000000    -0.244722    0.000000    0.000000    0.079926    0.000000    0.000000  
41.134113    -0.022620    0.000000    0.000000    -0.243877    0.000000    0.000000    0.089605    0.000000    0.000000  
41.144114    -0.025054    0.000000    0.000000    -0.242936    0.000000    0.000000    0.099250    0.000000    0.000000  
41.154115    -0.027478    0.000000    0.000000    -0.241899    0.000000    0.000000    0.108853    0.000000    0.000000  
41.164116    -0.029892    0.000000    0.000000    -0.240767    0.000000    0.000000    0.118409    0.000000    0.000000  
41.174117    -0.032294    0.000000    0.000000    -0.239539    0.000000    0.000000    0.127912    0.000000    0.000000  
41.184118    -0.034683    0.000000    0.000000    -0.238215    0.000000    0.000000    0.137356    0.000000    0.000000  
41.194119    -0.037058    0.000000    0.000000    -0.236796    0.000000    0.000000    0.146734    0.000000    0.000000  
41.204120    -0.039419    0.000000    0.000000    -0.235283    0.000000    0.000000    0.156041    0.000000    0.000000  
41.214121    -0.041764    0.000000    0.000000    -0.233674    0.000000    0.000000    0.165274    0.000000    0.000000  
41.224122    -0.044093    0.000000    0.000000    -0.231972    0.000000    0.000000    0.174432    0.000000    0.000000  
41.234123    -0.046404    0.000000    0.000000    -0.230178    0.000000    0.000000    0.183515    0.000000    0.000000  
41.244124    -0.048697    0.000000    0.000000    -0.228292    0.000000    0.000000    0.192524    0.000000    0.000000  
41.254125    -0.050970    0.000000    0.000000    -0.226317    0.000000    0.000000    0.201459    0.000000    0.000000  
41.264126    -0.053224    0.000000    0.000000    -0.224253    0.000000    0.000000    0.210319    0.000000    0.000000  
41.274127    -0.055456    0.000000    0.000000    -0.222101    0.000000    0.000000    0.219105    0.000000    0.000000  
41.284128    -0.057667    0.000000    0.000000    -0.219863    0.000000    0.000000    0.227818    0.000000    0.000000  
41.294129    -0.059854    0.000000    0.000000    -0.217539    0.000000    0.000000    0.236456    0.000000    0.000000  
41.304130    -0.062018    0.000000    0.000000    -0.215131    0.000000    0.000000    0.245020    0.000000    0.000000  
41.314131    -0.064157    0.000000    0.000000    -0.212640    0.000000    0.000000    0.253507    0.000000    0.000000  
41.324132    -0.066270    0.000000    0.000000    -0.210066    0.000000    0.000000    0.261904    0.000000    0.000000  
41.334133    -0.068358    0.000000    0.000000    -0.207411    0.000000    0.000000    0.270204    0.000000    0.000000  
41.344134    -0.070418    0.000000    0.000000    -0.204674    0.000000    0.000000    0.278394    0.000000    0.000000  
41.354135    -0.072450    0.000000    0.000000    -0.201857    0.000000    0.000000    0.286465    0.000000    0.000000  
41.364136    -0.074454    0.000000    0.000000    -0.198959    0.000000    0.000000    0.294407    0.000000    0.000000  
41.374137    -0.076429    0.000000    0.000000    -0.195983    0.000000    0.000000    0.302210    0.000000    0.000000  
41.384138    -0.078374    0.000000    0.000000    -0.192928    0.000000    0.000000    0.309862    0.000000    0.000000  
41.394139    -0.080288    0.000000    0.000000    -0.189795    0.000000    0.000000    0.317354    0.000000    0.000000  
41.404140    -0.082170    0.000000    0.000000    -0.186584    0.000000    0.000000    0.324675    0.000000    0.000000  
41.414141    -0.084019    0.000000    0.000000    -0.183298    0.000000    0.000000    0.331827    0.000000    0.000000  
41.424142    -0.085836    0.000000    0.000000    -0.179938    0.000000    0.000000    0.338822    0.000000    0.000000  
41.434143    -0.087619    0.000000    0.000000    -0.176506    0.000000    0.000000    0.345675    0.000000    0.000000  
41.444144    -0.089367    0.000000    0.000000    -0.173003    0.000000    0.000000    0.352400    0.000000    0.000000  
41.454145    -0.091080    0.000000    0.000000    -0.169434    0.000000    0.000000    0.359011    0.000000    0.000000  
41.464146    -0.092757    0.000000    0.000000    -0.165798    0.000000    0.000000    0.365523    0.000000    0.000000  
41.474147    -0.094398    0.000000    0.000000    -0.162099    0.000000    0.000000    0.371949    0.000000    0.000000  
41.484148    -0.096001    0.000000    0.000000    -0.158338    0.000000    0.000000    0.378304    0.000000    0.000000  
41.494149    -0.097566    0.000000    0.000000    -0.154517    0.000000    0.000000    0.384602    0.000000    0.000000  
41.504150    -0.099092    0.000000    0.000000    -0.150639    0.000000    0.000000    0.390857    0.000000    0.000000  
41.514151    -0.100578    0.000000    0.000000    -0.146704    0.000000    0.000000    0.397062    0.000000    0.000000  
41.524152    -0.102025    0.000000    0.000000    -0.142714    0.000000    0.000000    0.403185    0.000000    0.000000  
41.534153    -0.103431    0.000000    0.000000    -0.138667    0.000000    0.000000    0.409192    0.000000    0.000000  
41.544154    -0.104796    0.000000    0.000000    -0.134566    0.000000    0.000000    0.415049    0.000000    0.000000  
41.554155    -0.106120    0.000000    0.000000    -0.130408    0.000000    0.000000    0.420722    0.000000    0.000000  
41.564156    -0.107403    0.000000    0.000000    -0.126196    0.000000    0.000000    0.426177    0.000000    0.000000  
41.574157    -0.108643    0.000000    0.000000    -0.121929    0.000000    0.000000    0.431381    0.000000    0.000000  
41.584158    -0.109840    0.000000    0.000000    -0.117608    0.000000    0.000000    0.436299    0.000000    0.000000  
41.594159    -0.110994    0.000000    0.000000    -0.113232    0.000000    0.000000    0.440898    0.000000    0.000000  
41.604160    -0.112104    0.000000    0.000000    -0.108802    0.000000    0.000000    0.445145    0.000000    0.000000  
41.614161    -0.113170    0.000000    0.000000    -0.104320    0.000000    0.000000    0.449031    0.000000    0.000000  
41.624162    -0.114192    0.000000    0.000000    -0.099792    0.000000    0.000000    0.452580    0.000000    0.000000  
41.634163    -0.115168    0.000000    0.000000    -0.095222    0.000000    0.000000    0.455817    0.000000    0.000000  
41.644164    -0.116099    0.000000    0.000000    -0.090616    0.000000    0.000000    0.458768    0.000000    0.000000  
41.654165    -0.116985    0.000000    0.000000    -0.085980    0.000000    0.000000    0.461458    0.000000    0.000000  
41.664166    -0.117823    0.000000    0.000000    -0.081318    0.000000    0.000000    0.463912    0.000000    0.000000  
41.674167    -0.118615    0.000000    0.000000    -0.076636    0.000000    0.000000    0.466156    0.000000    0.000000  
41.684168    -0.119360    0.000000    0.000000    -0.071938    0.000000    0.000000    0.468215    0.000000    0.000000  
41.694169    -0.120057    0.000000    0.000000    -0.067231    0.000000    0.000000    0.470114    0.000000    0.000000  
41.704170    -0.120706    0.000000    0.000000    -0.062519    0.000000    0.000000    0.471879    0.000000    0.000000  
41.714171    -0.121307    0.000000    0.000000    -0.057805    0.000000    0.000000    0.473536    0.000000    0.000000  
41.724172    -0.121859    0.000000    0.000000    -0.053084    0.000000    0.000000    0.475113    0.000000    0.000000  
41.734173    -0.122363    0.000000    0.000000    -0.048355    0.000000    0.000000    0.476639    0.000000    0.000000  
41.744174    -0.122820    0.000000    0.000000    -0.043614    0.000000    0.000000    0.478142    0.000000    0.000000  
41.754175    -0.123228    0.000000    0.000000    -0.038859    0.000000    0.000000    0.479649    0.000000    0.000000  
41.764176    -0.123589    0.000000    0.000000    -0.034087    0.000000    0.000000    0.481189    0.000000    0.000000  
41.774177    -0.123903    0.000000    0.000000    -0.029294    0.000000    0.000000    0.482790    0.000000    0.000000  
41.784178    -0.124169    0.000000    0.000000    -0.024477    0.000000    0.000000    0.484481    0.000000    0.000000  
41.794179    -0.124388    0.000000    0.000000    -0.019634    0.000000    0.000000    0.486288    0.000000    0.000000  
41.804180    -0.124560    0.000000    0.000000    -0.014762    0.000000    0.000000    0.488240    0.000000    0.000000  
41.814181    -0.124685    0.000000    0.000000    -0.009861    0.000000    0.000000    0.490313    0.000000    0.000000  
41.824182    -0.124762    0.000000    0.000000    -0.004934    0.000000    0.000000    0.492423    0.000000    0.000000  
41.834183    -0.124790    0.000000    0.000000    0.000016    0.000000    0.000000    0.494483    0.000000    0.000000  
41.844184    -0.124770    0.000000    0.000000    0.004985    0.000000    0.000000    0.496403    0.000000    0.000000  
41.854185    -0.124700    0.000000    0.000000    0.009968    0.000000    0.000000    0.498097    0.000000    0.000000  
41.864186    -0.124581    0.000000    0.000000    0.014963    0.000000    0.000000    0.499477    0.000000    0.000000  
41.874187    -0.124411    0.000000    0.000000    0.019966    0.000000    0.000000    0.500454    0.000000    0.000000  
41.884188    -0.124190    0.000000    0.000000    0.024974    0.000000    0.000000    0.500941    0.000000    0.000000  
41.894189    -0.123917    0.000000    0.000000    0.029982    0.000000    0.000000    0.500849    0.000000    0.000000  
41.904190    -0.123592    0.000000    0.000000    0.034988    0.000000    0.000000    0.500093    0.000000    0.000000  
41.914191    -0.123215    0.000000    0.000000    0.039987    0.000000    0.000000    0.498653    0.000000    0.000000  
41.924192    -0.122787    0.000000    0.000000    0.044972    0.000000    0.000000    0.496593    0.000000    0.000000  
41.934193    -0.122308    0.000000    0.000000    0.049940    0.000000    0.000000    0.493982    0.000000    0.000000  
41.944194    -0.121779    0.000000    0.000000    0.054883    0.000000    0.000000    0.490886    0.000000    0.000000  
41.954195    -0.121201    0.000000    0.000000    0.059798    0.000000    0.000000    0.487376    0.000000    0.000000  
41.964196    -0.120574    0.000000    0.000000    0.064677    0.000000    0.000000    0.483520    0.000000    0.000000  
41.974197    -0.119900    0.000000    0.000000    0.069516    0.000000    0.000000    0.479385    0.000000    0.000000  
41.984198    -0.119178    0.000000    0.000000    0.074309    0.000000    0.000000    0.475041    0.000000    0.000000  
41.994199    -0.118409    0.000000    0.000000    0.079050    0.000000    0.000000    0.470555    0.000000    0.000000  
42.004200    -0.117595    0.000000    0.000000    0.083735    0.000000    0.000000    0.465996    0.000000    0.000000  
42.014201    -0.116736    0.000000    0.000000    0.088360    0.000000    0.000000    0.461403    0.000000    0.000000  
42.024202    -0.115831    0.000000    0.000000    0.092929    0.000000    0.000000    0.456780    0.000000    0.000000  
42.034203    -0.114882    0.000000    0.000000    0.097444    0.000000    0.000000    0.452129    0.000000    0.000000  
42.044204    -0.113888    0.000000    0.000000    0.101908    0.000000    0.000000    0.447452    0.000000    0.000000  
42.054205    -0.112850    0.000000    0.000000    0.106323    0.000000    0.000000    0.442753    0.000000    0.000000  
42.064206    -0.111767    0.000000    0.000000    0.110692    0.000000    0.000000    0.438032    0.000000    0.000000  
42.074207    -0.110641    0.000000    0.000000    0.115019    0.000000    0.000000    0.433292    0.000000    0.000000  
42.084208    -0.109471    0.000000    0.000000    0.119305    0.000000    0.000000    0.428535    0.000000    0.000000  
42.094209    -0.108258    0.000000    0.000000    0.123553    0.000000    0.000000    0.423764    0.000000    0.000000  
42.104210    -0.107001    0.000000    0.000000    0.127766    0.000000    0.000000    0.418981    0.000000    0.000000  
42.114211    -0.105701    0.000000    0.000000    0.131944    0.000000    0.000000    0.414173    0.000000    0.000000  
42.124212    -0.104360    0.000000    0.000000    0.136082    0.000000    0.000000    0.409313    0.000000    0.000000  
42.134213    -0.102977    0.000000    0.000000    0.140178    0.000000    0.000000    0.404371    0.000000    0.000000  
42.144214    -0.101553    0.000000    0.000000    0.144226    0.000000    0.000000    0.399319    0.000000    0.000000  
42.154215    -0.100089    0.000000    0.000000    0.148224    0.000000    0.000000    0.394127    0.000000    0.000000  
42.164216    -0.098585    0.000000    0.000000    0.152166    0.000000    0.000000    0.388766    0.000000    0.000000  
42.174217    -0.097043    0.000000    0.000000    0.156050    0.000000    0.000000    0.383207    0.000000    0.000000  
42.184218    -0.095462    0.000000    0.000000    0.159871    0.000000    0.000000    0.377420    0.000000    0.000000  
42.194219    -0.093844    0.000000    0.000000    0.163625    0.000000    0.000000    0.371378    0.000000    0.000000  
42.204220    -0.092189    0.000000    0.000000    0.167309    0.000000    0.000000    0.365051    0.000000    0.000000  
42.214221    -0.090498    0.000000    0.000000    0.170919    0.000000    0.000000    0.358435    0.000000    0.000000  
42.224222    -0.088771    0.000000    0.000000    0.174456    0.000000    0.000000    0.351557    0.000000    0.000000  
42.234223    -0.087010    0.000000    0.000000    0.177920    0.000000    0.000000    0.344444    0.000000    0.000000  
42.244224    -0.085214    0.000000    0.000000    0.181310    0.000000    0.000000    0.337124    0.000000    0.000000  
42.254225    -0.083385    0.000000    0.000000    0.184627    0.000000    0.000000    0.329625    0.000000    0.000000  
42.264226    -0.081523    0.000000    0.000000    0.187869    0.000000    0.000000    0.321975    0.000000    0.000000  
42.274227    -0.079629    0.000000    0.000000    0.191037    0.000000    0.000000    0.314201    0.000000    0.000000  
42.284228    -0.077704    0.000000    0.000000    0.194131    0.000000    0.000000    0.306332    0.000000    0.000000  
42.294229    -0.075748    0.000000    0.000000    0.197149    0.000000    0.000000    0.298395    0.000000    0.000000  
42.304230    -0.073761    0.000000    0.000000    0.200093    0.000000    0.000000    0.290418    0.000000    0.000000  
42.314231    -0.071745    0.000000    0.000000    0.202962    0.000000    0.000000    0.282411    0.000000    0.000000  
42.324232    -0.069701    0.000000    0.000000    0.205753    0.000000    0.000000    0.274365    0.000000    0.000000  
42.334233    -0.067629    0.000000    0.000000    0.208465    0.000000    0.000000    0.266269    0.000000    0.000000  
42.344234    -0.065530    0.000000    0.000000    0.211097    0.000000    0.000000    0.258110    0.000000    0.000000  
42.354235    -0.063406    0.000000    0.000000    0.213647    0.000000    0.000000    0.249879    0.000000    0.000000  
42.364236    -0.061256    0.000000    0.000000    0.216114    0.000000    0.000000    0.241564    0.000000    0.000000  
42.374237    -0.059082    0.000000    0.000000    0.218495    0.000000    0.000000    0.233155    0.000000    0.000000  
42.384238    -0.056885    0.000000    0.000000    0.220790    0.000000    0.000000    0.224639    0.000000    0.000000  
42.394239    -0.054666    0.000000    0.000000    0.222997    0.000000    0.000000    0.216006    0.000000    0.000000  
42.404240    -0.052425    0.000000    0.000000    0.225113    0.000000    0.000000    0.207246    0.000000    0.000000  
42.414241    -0.050164    0.000000    0.000000    0.227139    0.000000    0.000000    0.198356    0.000000    0.000000  
42.424242    -0.047882    0.000000    0.000000    0.229074    0.000000    0.000000    0.189348    0.000000    0.000000  
42.434243    -0.045582    0.000000    0.000000    0.230917    0.000000    0.000000    0.180231    0.000000    0.000000  
42.444244    -0.043265    0.000000    0.000000    0.232668    0.000000    0.000000    0.171018    0.000000    0.000000  
42.454245    -0.040930    0.000000    0.000000    0.234327    0.000000    0.000000    0.161718    0.000000    0.000000  
42.464246    -0.038579    0.000000    0.000000    0.235893    0.000000    0.000000    0.152343    0.000000    0.000000  
42.474247    -0.036212    0.000000    0.000000    0.237366    0.000000    0.000000    0.142905    0.000000    0.000000  
42.484248    -0.033832    0.000000    0.000000    0.238745    0.000000    0.000000    0.133412    0.000000    0.000000  
42.494249    -0.031438    0.000000    0.000000    0.240030    0.000000    0.000000    0.123878    0.000000    0.000000  
42.504250    -0.029031    0.000000    0.000000    0.241221    0.000000    0.000000    0.114312    0.000000    0.000000  
42.514251    -0.026613    0.000000    0.000000    0.242318    0.000000    0.000000    0.104721    0.000000    0.000000  
42.524252    -0.024184    0.000000    0.000000    0.243319    0.000000    0.000000    0.095106    0.000000    0.000000  
42.534253    -0.021746    0.000000    0.000000    0.244224    0.000000    0.000000    0.085468    0.000000    0.000000  
42.544254    -0.019299    0.000000    0.000000    0.245033    0.000000    0.000000    0.075808    0.000000    0.000000  
42.554255    -0.016844    0.000000    0.000000    0.245746    0.000000    0.000000    0.066127    0.000000    0.000000  
42.564256    -0.014383    0.000000    0.000000    0.246362    0.000000    0.000000    0.056426    0.000000    0.000000  
42.574257    -0.011916    0.000000    0.000000    0.246881    0.000000    0.000000    0.046705    0.000000    0.000000  
42.584258    -0.009445    0.000000    0.000000    0.247301    0.000000    0.000000    0.036966    0.000000    0.000000  
42.594259    -0.006970    0.000000    0.000000    0.247623    0.000000    0.000000    0.027209    0.000000    0.000000  
42.604260    -0.004492    0.000000    0.000000    0.247847    0.000000    0.000000    0.017435    0.000000    0.000000  
42.614261    -0.002013    0.000000    0.000000    0.247971    0.000000    0.000000    0.007648    0.000000    0.000000  
42.624262    0.000467    0.000000    0.000000    0.247997    0.000000    0.000000    -0.002147    0.000000    0.000000  
42.634263    0.002947    0.000000    0.000000    0.247924    0.000000    0.000000    -0.011944    0.000000    0.000000  
42.644264    0.005426    0.000000    0.000000    0.247754    0.000000    0.000000    -0.021738    0.000000    0.000000  
42.654265    0.007902    0.000000    0.000000    0.247485    0.000000    0.000000    -0.031521    0.000000    0.000000  
42.664266    0.010375    0.000000    0.000000    0.247119    0.000000    0.000000    -0.041290    0.000000    0.000000  
42.674267    0.012844    0.000000    0.000000    0.246656    0.000000    0.000000    -0.051037    0.000000    0.000000  
42.684268    0.015308    0.000000    0.000000    0.246096    0.000000    0.000000    -0.060757    0.000000    0.000000  
42.694269    0.017766    0.000000    0.000000    0.245440    0.000000    0.000000    -0.070443    0.000000    0.000000  
42.704270    0.020217    0.000000    0.000000    0.244687    0.000000    0.000000    -0.080092    0.000000    0.000000  
42.714271    0.022660    0.000000    0.000000    0.243838    0.000000    0.000000    -0.089697    0.000000    0.000000  
42.724272    0.025094    0.000000    0.000000    0.242894    0.000000    0.000000    -0.099259    0.000000    0.000000  
42.734273    0.027518    0.000000    0.000000    0.241854    0.000000    0.000000    -0.108777    0.000000    0.000000  
42.744274    0.029932    0.000000    0.000000    0.240720    0.000000    0.000000    -0.118248    0.000000    0.000000  
42.754275    0.032333    0.000000    0.000000    0.239491    0.000000    0.000000    -0.127673    0.000000    0.000000  
42.764276    0.034722    0.000000    0.000000    0.238169    0.000000    0.000000    -0.137051    0.000000    0.000000  
42.774277    0.037097    0.000000    0.000000    0.236752    0.000000    0.000000    -0.146379    0.000000    0.000000  
42.784278    0.039458    0.000000    0.000000    0.235243    0.000000    0.000000    -0.155658    0.000000    0.000000  
42.794279    0.041802    0.000000    0.000000    0.233640    0.000000    0.000000    -0.164887    0.000000    0.000000  
42.804280    0.044131    0.000000    0.000000    0.231945    0.000000    0.000000    -0.174063    0.000000    0.000000  
42.814281    0.046441    0.000000    0.000000    0.230158    0.000000    0.000000    -0.183185    0.000000    0.000000  
42.824282    0.048734    0.000000    0.000000    0.228280    0.000000    0.000000    -0.192247    0.000000    0.000000  
42.834283    0.051007    0.000000    0.000000    0.226312    0.000000    0.000000    -0.201243    0.000000    0.000000  
42.844284    0.053260    0.000000    0.000000    0.224255    0.000000    0.000000    -0.210168    0.000000    0.000000  
42.854285    0.055492    0.000000    0.000000    0.222108    0.000000    0.000000    -0.219016    0.000000    0.000000  
42.864286    0.057702    0.000000    0.000000    0.219874    0.000000    0.000000    -0.227782    0.000000    0.000000  
42.874287    0.059889    0.000000    0.000000    0.217553    0.000000    0.000000    -0.236461    0.000000    0.000000  
42.884288    0.062053    0.000000    0.000000    0.215145    0.000000    0.000000    -0.245046    0.000000    0.000000  
42.894289    0.064192    0.000000    0.000000    0.212652    0.000000    0.000000    -0.253533    0.000000    0.000000  
42.904290    0.066306    0.000000    0.000000    0.210075    0.000000    0.000000    -0.261915    0.000000    0.000000  
42.914291    0.068394    0.000000    0.000000    0.207414    0.000000    0.000000    -0.270190    0.000000    0.000000  
42.924292    0.070455    0.000000    0.000000    0.204670    0.000000    0.000000    -0.278354    0.000000    0.000000  
42.934293    0.072488    0.000000    0.000000    0.201845    0.000000    0.000000    -0.286406    0.000000    0.000000  
42.944294    0.074492    0.000000    0.000000    0.198940    0.000000    0.000000    -0.294345    0.000000    0.000000  
42.954295    0.076467    0.000000    0.000000    0.195957    0.000000    0.000000    -0.302167    0.000000    0.000000  
42.964296    0.078412    0.000000    0.000000    0.192896    0.000000    0.000000    -0.309871    0.000000    0.000000  
42.974297    0.080326    0.000000    0.000000    0.189758    0.000000    0.000000    -0.317455    0.000000    0.000000  
42.984298    0.082208    0.000000    0.000000    0.186546    0.000000    0.000000    -0.324917    0.000000    0.000000  
42.994299    0.084057    0.000000    0.000000    0.183259    0.000000    0.000000    -0.332255    0.000000    0.000000  
43.004300    0.085873    0.000000    0.000000    0.179900    0.000000    0.000000    -0.339468    0.000000    0.000000  
43.014301    0.087655    0.000000    0.000000    0.176470    0.000000    0.000000    -0.346551    0.000000    0.000000  
43.024302    0.089402    0.000000    0.000000    0.172969    0.000000    0.000000    -0.353503    0.000000    0.000000  
43.034303    0.091114    0.000000    0.000000    0.169400    0.000000    0.000000    -0.360320    0.000000    0.000000  
43.044304    0.092790    0.000000    0.000000    0.165764    0.000000    0.000000    -0.367000    0.000000    0.000000  
43.054305    0.094429    0.000000    0.000000    0.162062    0.000000    0.000000    -0.373538    0.000000    0.000000  
43.064306    0.096031    0.000000    0.000000    0.158295    0.000000    0.000000    -0.379932    0.000000    0.000000  
43.074307    0.097595    0.000000    0.000000    0.154465    0.000000    0.000000    -0.386178    0.000000    0.000000  
43.084308    0.099120    0.000000    0.000000    0.150573    0.000000    0.000000    -0.392274    0.000000    0.000000  
43.094309    0.100606    0.000000    0.000000    0.146620    0.000000    0.000000    -0.398216    0.000000    0.000000  
43.104310    0.102053    0.000000    0.000000    0.142609    0.000000    0.000000    -0.404001    0.000000    0.000000  
43.114311    0.103459    0.000000    0.000000    0.138540    0.000000    0.000000    -0.409622    0.000000    0.000000  
43.124312    0.104824    0.000000    0.000000    0.134415    0.000000    0.000000    -0.415068    0.000000    0.000000  
43.134313    0.106147    0.000000    0.000000    0.130238    0.000000    0.000000    -0.420328    0.000000    0.000000  
43.144314    0.107429    0.000000    0.000000    0.126009    0.000000    0.000000    -0.425389    0.000000    0.000000  
43.154315    0.108668    0.000000    0.000000    0.121731    0.000000    0.000000    -0.430240    0.000000    0.000000  
43.164316    0.109864    0.000000    0.000000    0.117406    0.000000    0.000000    -0.434870    0.000000    0.000000  
43.174317    0.111017    0.000000    0.000000    0.113036    0.000000    0.000000    -0.439268    0.000000    0.000000  
43.184318    0.112126    0.000000    0.000000    0.108623    0.000000    0.000000    -0.443421    0.000000    0.000000  
43.194319    0.113190    0.000000    0.000000    0.104170    0.000000    0.000000    -0.447319    0.000000    0.000000  
43.204320    0.114210    0.000000    0.000000    0.099678    0.000000    0.000000    -0.450949    0.000000    0.000000  
43.214321    0.115184    0.000000    0.000000    0.095150    0.000000    0.000000    -0.454318    0.000000    0.000000  
43.224322    0.116112    0.000000    0.000000    0.090587    0.000000    0.000000    -0.457448    0.000000    0.000000  
43.234323    0.116995    0.000000    0.000000    0.085992    0.000000    0.000000    -0.460363    0.000000    0.000000  
43.244324    0.117831    0.000000    0.000000    0.081367    0.000000    0.000000    -0.463087    0.000000    0.000000  
43.254325    0.118621    0.000000    0.000000    0.076715    0.000000    0.000000    -0.465646    0.000000    0.000000  
43.264326    0.119365    0.000000    0.000000    0.072037    0.000000    0.000000    -0.468063    0.000000    0.000000  
43.274327    0.120062    0.000000    0.000000    0.067335    0.000000    0.000000    -0.470363    0.000000    0.000000  
43.284328    0.120712    0.000000    0.000000    0.062613    0.000000    0.000000    -0.472569    0.000000    0.000000  
43.294329    0.121314    0.000000    0.000000    0.057871    0.000000    0.000000    -0.474707    0.000000    0.000000  
43.304330    0.121869    0.000000    0.000000    0.053113    0.000000    0.000000    -0.476800    0.000000    0.000000  
43.314331    0.122377    0.000000    0.000000    0.048339    0.000000    0.000000    -0.478857    0.000000    0.000000  
43.324332    0.122836    0.000000    0.000000    0.043549    0.000000    0.000000    -0.480867    0.000000    0.000000  
43.334333    0.123247    0.000000    0.000000    0.038742    0.000000    0.000000    -0.482819    0.000000    0.000000  
43.344334    0.123610    0.000000    0.000000    0.033918    0.000000    0.000000    -0.484702    0.000000    0.000000  
43.354335    0.123925    0.000000    0.000000    0.029077    0.000000    0.000000    -0.486504    0.000000    0.000000  
43.364336    0.124191    0.000000    0.000000    0.024219    0.000000    0.000000    -0.488216    0.000000    0.000000  
43.374337    0.124409    0.000000    0.000000    0.019342    0.000000    0.000000    -0.489825    0.000000    0.000000  
43.384338    0.124578    0.000000    0.000000    0.014447    0.000000    0.000000    -0.491321    0.000000    0.000000  
43.394339    0.124698    0.000000    0.000000    0.009533    0.000000    0.000000    -0.492692    0.000000    0.000000  
43.404340    0.124768    0.000000    0.000000    0.004599    0.000000    0.000000    -0.493926    0.000000    0.000000  
43.414341    0.124790    0.000000    0.000000    -0.000351    0.000000    0.000000    -0.495004    0.000000    0.000000  
43.424342    0.124762    0.000000    0.000000    -0.005316    0.000000    0.000000    -0.495896    0.000000    0.000000  
43.434343    0.124684    0.000000    0.000000    -0.010291    0.000000    0.000000    -0.496569    0.000000    0.000000  
43.444344    0.124558    0.000000    0.000000    -0.015272    0.000000    0.000000    -0.496993    0.000000    0.000000  
43.454345    0.124381    0.000000    0.000000    -0.020255    0.000000    0.000000    -0.497137    0.000000    0.000000  
43.464346    0.124155    0.000000    0.000000    -0.025236    0.000000    0.000000    -0.496969    0.000000    0.000000  
43.474347    0.123879    0.000000    0.000000    -0.030212    0.000000    0.000000    -0.496459    0.000000    0.000000  
43.484348    0.123553    0.000000    0.000000    -0.035178    0.000000    0.000000    -0.495575    0.000000    0.000000  
43.494349    0.123177    0.000000    0.000000    -0.040130    0.000000    0.000000    -0.494287    0.000000    0.000000  
43.504350    0.122751    0.000000    0.000000    -0.045066    0.000000    0.000000    -0.492563    0.000000    0.000000  
43.514351    0.122275    0.000000    0.000000    -0.049980    0.000000    0.000000    -0.490404    0.000000    0.000000  
43.524352    0.121750    0.000000    0.000000    -0.054871    0.000000    0.000000    -0.487849    0.000000    0.000000  
43.534353    0.121175    0.000000    0.000000    -0.059736    0.000000    0.000000    -0.484934    0.000000    0.000000  
43.544354    0.120552    0.000000    0.000000    -0.064571    0.000000    0.000000    -0.481699    0.000000    0.000000  
43.554355    0.119881    0.000000    0.000000    -0.069374    0.000000    0.000000    -0.478184    0.000000    0.000000  
43.564356    0.119162    0.000000    0.000000    -0.074142    0.000000    0.000000    -0.474427    0.000000    0.000000  
43.574357    0.118396    0.000000    0.000000    -0.078872    0.000000    0.000000    -0.470467    0.000000    0.000000  
43.584358    0.117583    0.000000    0.000000    -0.083562    0.000000    0.000000    -0.466344    0.000000    0.000000  
43.594359    0.116724    0.000000    0.000000    -0.088208    0.000000    0.000000    -0.462095    0.000000    0.000000  
43.604360    0.115818    0.000000    0.000000    -0.092808    0.000000    0.000000    -0.457759    0.000000    0.000000  
43.614361    0.114868    0.000000    0.000000    -0.097360    0.000000    0.000000    -0.453357    0.000000    0.000000  
43.624362    0.113872    0.000000    0.000000    -0.101865    0.000000    0.000000    -0.448885    0.000000    0.000000  
43.634363    0.112831    0.000000    0.000000    -0.106322    0.000000    0.000000    -0.444340    0.000000    0.000000  
43.644364    0.111747    0.000000    0.000000    -0.110732    0.000000    0.000000    -0.439717    0.000000    0.000000  
43.654365    0.110618    0.000000    0.000000    -0.115094    0.000000    0.000000    -0.435013    0.000000    0.000000  
43.664366    0.109446    0.000000    0.000000    -0.119409    0.000000    0.000000    -0.430224    0.000000    0.000000  
43.674367    0.108231    0.000000    0.000000    -0.123677    0.000000    0.000000    -0.425346    0.000000    0.000000  
43.684368    0.106974    0.000000    0.000000    -0.127898    0.000000    0.000000    -0.420375    0.000000    0.000000  
43.694369    0.105674    0.000000    0.000000    -0.132072    0.000000    0.000000    -0.415307    0.000000    0.000000  
43.704370    0.104332    0.000000    0.000000    -0.136200    0.000000    0.000000    -0.410139    0.000000    0.000000  
43.714371    0.102950    0.000000    0.000000    -0.140279    0.000000    0.000000    -0.404863    0.000000    0.000000  
43.724372    0.101526    0.000000    0.000000    -0.144309    0.000000    0.000000    -0.399468    0.000000    0.000000  
43.734373    0.100063    0.000000    0.000000    -0.148286    0.000000    0.000000    -0.393942    0.000000    0.000000  
43.744374    0.098560    0.000000    0.000000    -0.152208    0.000000    0.000000    -0.388276    0.000000    0.000000  
43.754375    0.097018    0.000000    0.000000    -0.156072    0.000000    0.000000    -0.382456    0.000000    0.000000  
43.764376    0.095438    0.000000    0.000000    -0.159877    0.000000    0.000000    -0.376474    0.000000    0.000000  
43.774377    0.093820    0.000000    0.000000    -0.163620    0.000000    0.000000    -0.370316    0.000000    0.000000  
43.784378    0.092165    0.000000    0.000000    -0.167297    0.000000    0.000000    -0.363972    0.000000    0.000000  
43.794379    0.090474    0.000000    0.000000    -0.170908    0.000000    0.000000    -0.357431    0.000000    0.000000  
43.804380    0.088747    0.000000    0.000000    -0.174450    0.000000    0.000000    -0.350682    0.000000    0.000000  
43.814381    0.086985    0.000000    0.000000    -0.177920    0.000000    0.000000    -0.343726    0.000000    0.000000  
43.824382    0.085188    0.000000    0.000000    -0.181317    0.000000    0.000000    -0.336578    0.000000    0.000000  
43.834383    0.083358    0.000000    0.000000    -0.184642    0.000000    0.000000    -0.329256    0.000000    0.000000  
43.844384    0.081495    0.000000    0.000000    -0.187893    0.000000    0.000000    -0.321776    0.000000    0.000000  
43.854385    0.079600    0.000000    0.000000    -0.191068    0.000000    0.000000    -0.314153    0.000000    0.000000  
43.864386    0.077674    0.000000    0.000000    -0.194167    0.000000    0.000000    -0.306405    0.000000    0.000000  
43.874387    0.075716    0.000000    0.000000    -0.197190    0.000000    0.000000    -0.298547    0.000000    0.000000  
43.884388    0.073730    0.000000    0.000000    -0.200134    0.000000    0.000000    -0.290596    0.000000    0.000000  
43.894389    0.071714    0.000000    0.000000    -0.202999    0.000000    0.000000    -0.282569    0.000000    0.000000  
43.904390    0.069670    0.000000    0.000000    -0.205785    0.000000    0.000000    -0.274482    0.000000    0.000000  
43.914391    0.067598    0.000000    0.000000    -0.208490    0.000000    0.000000    -0.266339    0.000000    0.000000  
43.924392    0.065500    0.000000    0.000000    -0.211113    0.000000    0.000000    -0.258137    0.000000    0.000000  
43.934393    0.063375    0.000000    0.000000    -0.213653    0.000000    0.000000    -0.249867    0.000000    0.000000  
43.944394    0.061226    0.000000    0.000000    -0.216111    0.000000    0.000000    -0.241524    0.000000    0.000000  
43.954395    0.059053    0.000000    0.000000    -0.218484    0.000000    0.000000    -0.233101    0.000000    0.000000  
43.964396    0.056857    0.000000    0.000000    -0.220773    0.000000    0.000000    -0.224591    0.000000    0.000000  
43.974397    0.054638    0.000000    0.000000    -0.222975    0.000000    0.000000    -0.215988    0.000000    0.000000  
43.984398    0.052397    0.000000    0.000000    -0.225091    0.000000    0.000000    -0.207285    0.000000    0.000000  
43.994399    0.050136    0.000000    0.000000    -0.227120    0.000000    0.000000    -0.198476    0.000000    0.000000  
44.004400    0.047855    0.000000    0.000000    -0.229060    0.000000    0.000000    -0.189554    0.000000    0.000000  
44.014401    0.045554    0.000000    0.000000    -0.230912    0.000000    0.000000    -0.180520    0.000000    0.000000  
44.024402    0.043236    0.000000    0.000000    -0.232673    0.000000    0.000000    -0.171379    0.000000    0.000000  
44.034403    0.040901    0.000000    0.000000    -0.234343    0.000000    0.000000    -0.162140    0.000000    0.000000  
44.044404    0.038549    0.000000    0.000000    -0.235920    0.000000    0.000000    -0.152810    0.000000    0.000000  
44.054405    0.036182    0.000000    0.000000    -0.237404    0.000000    0.000000    -0.143396    0.000000    0.000000  
44.064406    0.033801    0.000000    0.000000    -0.238794    0.000000    0.000000    -0.133905    0.000000    0.000000  
44.074407    0.031406    0.000000    0.000000    -0.240089    0.000000    0.000000    -0.124346    0.000000    0.000000  
44.084408    0.028999    0.000000    0.000000    -0.241287    0.000000    0.000000    -0.114725    0.000000    0.000000  
44.094409    0.026580    0.000000    0.000000    -0.242387    0.000000    0.000000    -0.105050    0.000000    0.000000  
44.104410    0.024151    0.000000    0.000000    -0.243389    0.000000    0.000000    -0.095328    0.000000    0.000000  
44.114411    0.021712    0.000000    0.000000    -0.244293    0.000000    0.000000    -0.085567    0.000000    0.000000  
44.124412    0.019265    0.000000    0.000000    -0.245097    0.000000    0.000000    -0.075774    0.000000    0.000000  
44.134413    0.016810    0.000000    0.000000    -0.245803    0.000000    0.000000    -0.065958    0.000000    0.000000  
44.144414    0.014348    0.000000    0.000000    -0.246410    0.000000    0.000000    -0.056125    0.000000    0.000000  
44.154415    0.011881    0.000000    0.000000    -0.246919    0.000000    0.000000    -0.046283    0.000000    0.000000  
44.164416    0.009409    0.000000    0.000000    -0.247330    0.000000    0.000000    -0.036440    0.000000    0.000000  
44.174417    0.006934    0.000000    0.000000    -0.247644    0.000000    0.000000    -0.026604    0.000000    0.000000  
44.184418    0.004456    0.000000    0.000000    -0.247859    0.000000    0.000000    -0.016783    0.000000    0.000000  
44.194419    0.001976    0.000000    0.000000    -0.247977    0.000000    0.000000    -0.006983    0.000000    0.000000  
44.204420    -0.000504    0.000000    0.000000    -0.247998    0.000000    0.000000    0.002788    0.000000    0.000000  
44.214421    -0.002984    0.000000    0.000000    -0.247922    0.000000    0.000000    0.012526    0.000000    0.000000  
44.224422    -0.005462    0.000000    0.000000    -0.247749    0.000000    0.000000    0.022234    0.000000    0.000000  
44.234423    -0.007939    0.000000    0.000000    -0.247479    0.000000    0.000000    0.031914    0.000000    0.000000  
44.244424    -0.010412    0.000000    0.000000    -0.247113    0.000000    0.000000    0.041570    0.000000    0.000000  
44.254425    -0.012881    0.000000    0.000000    -0.246649    0.000000    0.000000    0.051203    0.000000    0.000000  
44.264426    -0.015344    0.000000    0.000000    -0.246090    0.000000    0.000000    0.060817    0.000000    0.000000  
44.274427    -0.017802    0.000000    0.000000    -0.245434    0.000000    0.000000    0.070414    0.000000    0.000000  
44.284428    -0.020253    0.000000    0.000000    -0.244682    0.000000    0.000000    0.079996    0.000000    0.000000  
44.294429    -0.022696    0.000000    0.000000    -0.243835    0.000000    0.000000    0.089566    0.000000    0.000000  
44.304430    -0.025130    0.000000    0.000000    -0.242891    0.000000    0.000000    0.099126    0.000000    0.000000  
44.314431    -0.027554    0.000000    0.000000    -0.241852    0.000000    0.000000    0.108676    0.000000    0.000000  
44.324432    -0.029967    0.000000    0.000000    -0.240718    0.000000    0.000000    0.118206    0.000000    0.000000  
44.334433    -0.032369    0.000000    0.000000    -0.239488    0.000000    0.000000    0.127712    0.000000    0.000000  
44.344434    -0.034757    0.000000    0.000000    -0.238165    0.000000    0.000000    0.137184    0.000000    0.000000  
44.354435    -0.037133    0.000000    0.000000    -0.236747    0.000000    0.000000    0.146616    0.000000    0.000000  
44.364436    -0.039493    0.000000    0.000000    -0.235235    0.000000    0.000000    0.156001    0.000000    0.000000  
44.374437    -0.041838    0.000000    0.000000    -0.233630    0.000000    0.000000    0.165332    0.000000    0.000000  
44.384438    -0.044166    0.000000    0.000000    -0.231931    0.000000    0.000000    0.174600    0.000000    0.000000  
44.394439    -0.046477    0.000000    0.000000    -0.230140    0.000000    0.000000    0.183800    0.000000    0.000000  
44.404440    -0.048769    0.000000    0.000000    -0.228256    0.000000    0.000000    0.192923    0.000000    0.000000  
44.414441    -0.051042    0.000000    0.000000    -0.226280    0.000000    0.000000    0.201963    0.000000    0.000000  
44.424442    -0.053295    0.000000    0.000000    -0.224214    0.000000    0.000000    0.210915    0.000000    0.000000  
44.434443    -0.055526    0.000000    0.000000    -0.222059    0.000000    0.000000    0.219772    0.000000    0.000000  
44.444444    -0.057736    0.000000    0.000000    -0.219815    0.000000    0.000000    0.228530    0.000000    0.000000  
44.454445    -0.059923    0.000000    0.000000    -0.217485    0.000000    0.000000    0.237182    0.000000    0.000000  
44.464446    -0.062086    0.000000    0.000000    -0.215069    0.000000    0.000000    0.245724    0.000000    0.000000  
44.474447    -0.064224    0.000000    0.000000    -0.212568    0.000000    0.000000    0.254149    0.000000    0.000000  
44.484448    -0.066337    0.000000    0.000000    -0.209984    0.000000    0.000000    0.262451    0.000000    0.000000  
44.494449    -0.068424    0.000000    0.000000    -0.207318    0.000000    0.000000    0.270626    0.000000    0.000000  
44.504450    -0.070484    0.000000    0.000000    -0.204571    0.000000    0.000000    0.278668    0.000000    0.000000  
44.514451    -0.072516    0.000000    0.000000    -0.201745    0.000000    0.000000    0.286575    0.000000    0.000000  
44.524452    -0.074519    0.000000    0.000000    -0.198839    0.000000    0.000000    0.294354    0.000000    0.000000  
44.534453    -0.076492    0.000000    0.000000    -0.195857    0.000000    0.000000    0.302009    0.000000    0.000000  
44.544454    -0.078436    0.000000    0.000000    -0.192798    0.000000    0.000000    0.309546    0.000000    0.000000  
44.554455    -0.080349    0.000000    0.000000    -0.189665    0.000000    0.000000    0.316970    0.000000    0.000000  
44.564456    -0.082230    0.000000    0.000000    -0.186457    0.000000    0.000000    0.324287    0.000000    0.000000  
44.574457    -0.084078    0.000000    0.000000    -0.183177    0.000000    0.000000    0.331501    0.000000    0.000000  
44.584458    -0.085894    0.000000    0.000000    -0.179825    0.000000    0.000000    0.338619    0.000000    0.000000  
44.594459    -0.087675    0.000000    0.000000    -0.176403    0.000000    0.000000    0.345644    0.000000    0.000000  
44.604460    -0.089422    0.000000    0.000000    -0.172911    0.000000    0.000000    0.352583    0.000000    0.000000  
44.614461    -0.091133    0.000000    0.000000    -0.169351    0.000000    0.000000    0.359434    0.000000    0.000000  
44.624462    -0.092809    0.000000    0.000000    -0.165725    0.000000    0.000000    0.366185    0.000000    0.000000  
44.634463    -0.094448    0.000000    0.000000    -0.162032    0.000000    0.000000    0.372827    0.000000    0.000000  
44.644464    -0.096049    0.000000    0.000000    -0.158274    0.000000    0.000000    0.379347    0.000000    0.000000  
44.654465    -0.097613    0.000000    0.000000    -0.154452    0.000000    0.000000    0.385736    0.000000    0.000000  
44.664466    -0.099138    0.000000    0.000000    -0.150567    0.000000    0.000000    0.391983    0.000000    0.000000  
44.674467    -0.100624    0.000000    0.000000    -0.146620    0.000000    0.000000    0.398076    0.000000    0.000000  
44.684468    -0.102071    0.000000    0.000000    -0.142613    0.000000    0.000000    0.404005    0.000000    0.000000  
44.694469    -0.103477    0.000000    0.000000    -0.138546    0.000000    0.000000    0.409758    0.000000    0.000000  
44.704470    -0.104842    0.000000    0.000000    -0.134420    0.000000    0.000000    0.415326    0.000000    0.000000  
44.714471    -0.106165    0.000000    0.000000    -0.130237    0.000000    0.000000    0.420697    0.000000    0.000000  
44.724472    -0.107447    0.000000    0.000000    -0.126000    0.000000    0.000000    0.425858    0.000000    0.000000  
44.734473    -0.108685    0.000000    0.000000    -0.121712    0.000000    0.000000    0.430800    0.000000    0.000000  
44.744474    -0.109881    0.000000    0.000000    -0.117376    0.000000    0.000000    0.435508    0.000000    0.000000  
44.754475    -0.111034    0.000000    0.000000    -0.112994    0.000000    0.000000    0.439973    0.000000    0.000000  
44.764476    -0.112142    0.000000    0.000000    -0.108569    0.000000    0.000000    0.444182    0.000000    0.000000  
44.774477    -0.113207    0.000000    0.000000    -0.104105    0.000000    0.000000    0.448124    0.000000    0.000000  
44.784478    -0.114226    0.000000    0.000000    -0.099603    0.000000    0.000000    0.451786    0.000000    0.000000  
44.794479    -0.115200    0.000000    0.000000    -0.095067    0.000000    0.000000    0.455157    0.000000    0.000000  
44.804480    -0.116128    0.000000    0.000000    -0.090499    0.000000    0.000000    0.458227    0.000000    0.000000  
44.814481    -0.117009    0.000000    0.000000    -0.085902    0.000000    0.000000    0.461006    0.000000    0.000000  
44.824482    -0.117845    0.000000    0.000000    -0.081278    0.000000    0.000000    0.463532    0.000000    0.000000  
44.834483    -0.118634    0.000000    0.000000    -0.076628    0.000000    0.000000    0.465842    0.000000    0.000000  
44.844484    -0.119376    0.000000    0.000000    -0.071953    0.000000    0.000000    0.467974    0.000000    0.000000  
44.854485    -0.120071    0.000000    0.000000    -0.067257    0.000000    0.000000    0.469968    0.000000    0.000000  
44.864486    -0.120720    0.000000    0.000000    -0.062539    0.000000    0.000000    0.471861    0.000000    0.000000  
44.874487    -0.121321    0.000000    0.000000    -0.057803    0.000000    0.000000    0.473691    0.000000    0.000000  
44.884488    -0.121875    0.000000    0.000000    -0.053049    0.000000    0.000000    0.475497    0.000000    0.000000  
44.894489    -0.122382    0.000000    0.000000    -0.048280    0.000000    0.000000    0.477318    0.000000    0.000000  
44.904490    -0.122841    0.000000    0.000000    -0.043497    0.000000    0.000000    0.479189    0.000000    0.000000  
44.914491    -0.123252    0.000000    0.000000    -0.038700    0.000000    0.000000    0.481118    0.000000    0.000000  
44.924492    -0.123615    0.000000    0.000000    -0.033889    0.000000    0.000000    0.483077    0.000000    0.000000  
44.934493    -0.123930    0.000000    0.000000    -0.029063    0.000000    0.000000    0.485035    0.000000    0.000000  
44.944494    -0.124197    0.000000    0.000000    -0.024221    0.000000    0.000000    0.486963    0.000000    0.000000  
44.954495    -0.124415    0.000000    0.000000    -0.019362    0.000000    0.000000    0.488831    0.000000    0.000000  
44.964496    -0.124584    0.000000    0.000000    -0.014486    0.000000    0.000000    0.490608    0.000000    0.000000  
44.974497    -0.124705    0.000000    0.000000    -0.009590    0.000000    0.000000    0.492265    0.000000    0.000000  
44.984498    -0.124776    0.000000    0.000000    -0.004675    0.000000    0.000000    0.493771    0.000000    0.000000  
44.994499    -0.124798    0.000000    0.000000    0.000260    0.000000    0.000000    0.495096    0.000000    0.000000  
45.004500    -0.124771    0.000000    0.000000    0.005217    0.000000    0.000000    0.496211    0.000000    0.000000  
45.014501    -0.124694    0.000000    0.000000    0.010193    0.000000    0.000000    0.497087    0.000000    0.000000  
45.024502    -0.124567    0.000000    0.000000    0.015183    0.000000    0.000000    0.497697    0.000000    0.000000  
45.034503    -0.124391    0.000000    0.000000    0.020182    0.000000    0.000000    0.498017    0.000000    0.000000  
45.044504    -0.124165    0.000000    0.000000    0.025185    0.000000    0.000000    0.498019    0.000000    0.000000  
45.054505    -0.123889    0.000000    0.000000    0.030186    0.000000    0.000000    0.497678    0.000000    0.000000  
45.064506    -0.123563    0.000000    0.000000    0.035179    0.000000    0.000000    0.496967    0.000000    0.000000  
45.074507    -0.123188    0.000000    0.000000    0.040161    0.000000    0.000000    0.495861    0.000000    0.000000  
45.084508    -0.122763    0.000000    0.000000    0.045125    0.000000    0.000000    0.494333    0.000000    0.000000  
45.094509    -0.122287    0.000000    0.000000    0.050065    0.000000    0.000000    0.492356    0.000000    0.000000  
45.104510    -0.121762    0.000000    0.000000    0.054978    0.000000    0.000000    0.489907    0.000000    0.000000  
45.114511    -0.121187    0.000000    0.000000    0.059858    0.000000    0.000000    0.486996    0.000000    0.000000  
45.124512    -0.120563    0.000000    0.000000    0.064705    0.000000    0.000000    0.483671    0.000000    0.000000  
45.134513    -0.119890    0.000000    0.000000    0.069516    0.000000    0.000000    0.479985    0.000000    0.000000  
45.144514    -0.119169    0.000000    0.000000    0.074290    0.000000    0.000000    0.475989    0.000000    0.000000  
45.154515    -0.118401    0.000000    0.000000    0.079023    0.000000    0.000000    0.471736    0.000000    0.000000  
45.164516    -0.117585    0.000000    0.000000    0.083716    0.000000    0.000000    0.467278    0.000000    0.000000  
45.174517    -0.116723    0.000000    0.000000    0.088365    0.000000    0.000000    0.462666    0.000000    0.000000  
45.184518    -0.115815    0.000000    0.000000    0.092970    0.000000    0.000000    0.457952    0.000000    0.000000  
45.194519    -0.114862    0.000000    0.000000    0.097527    0.000000    0.000000    0.453188    0.000000    0.000000  
45.204520    -0.113864    0.000000    0.000000    0.102035    0.000000    0.000000    0.448424    0.000000    0.000000  
45.214521    -0.112822    0.000000    0.000000    0.106494    0.000000    0.000000    0.443682    0.000000    0.000000  
45.224522    -0.111736    0.000000    0.000000    0.110904    0.000000    0.000000    0.438943    0.000000    0.000000  
45.234523    -0.110606    0.000000    0.000000    0.115263    0.000000    0.000000    0.434191    0.000000    0.000000  
45.244524    -0.109433    0.000000    0.000000    0.119574    0.000000    0.000000    0.429407    0.000000    0.000000  
45.254525    -0.108217    0.000000    0.000000    0.123835    0.000000    0.000000    0.424574    0.000000    0.000000  
45.264526    -0.106959    0.000000    0.000000    0.128047    0.000000    0.000000    0.419674    0.000000    0.000000  
45.274527    -0.105659    0.000000    0.000000    0.132210    0.000000    0.000000    0.414688    0.000000    0.000000  
45.284528    -0.104317    0.000000    0.000000    0.136325    0.000000    0.000000    0.409599    0.000000    0.000000  
45.294529    -0.102933    0.000000    0.000000    0.140391    0.000000    0.000000    0.404389    0.000000    0.000000  
45.304530    -0.101509    0.000000    0.000000    0.144408    0.000000    0.000000    0.399041    0.000000    0.000000  
45.314531    -0.100045    0.000000    0.000000    0.148376    0.000000    0.000000    0.393542    0.000000    0.000000  
45.324532    -0.098540    0.000000    0.000000    0.152292    0.000000    0.000000    0.387887    0.000000    0.000000  
45.334533    -0.096997    0.000000    0.000000    0.156152    0.000000    0.000000    0.382074    0.000000    0.000000  
45.344534    -0.095415    0.000000    0.000000    0.159955    0.000000    0.000000    0.376097    0.000000    0.000000  
45.354535    -0.093796    0.000000    0.000000    0.163698    0.000000    0.000000    0.369951    0.000000    0.000000  
45.364536    -0.092140    0.000000    0.000000    0.167378    0.000000    0.000000    0.363634    0.000000    0.000000  
45.374537    -0.090447    0.000000    0.000000    0.170992    0.000000    0.000000    0.357139    0.000000    0.000000  
45.384538    -0.088719    0.000000    0.000000    0.174538    0.000000    0.000000    0.350464    0.000000    0.000000  
45.394539    -0.086956    0.000000    0.000000    0.178013    0.000000    0.000000    0.343603    0.000000    0.000000  
45.404540    -0.085159    0.000000    0.000000    0.181415    0.000000    0.000000    0.336553    0.000000    0.000000  
45.414541    -0.083328    0.000000    0.000000    0.184741    0.000000    0.000000    0.329317    0.000000    0.000000  
45.424542    -0.081464    0.000000    0.000000    0.187991    0.000000    0.000000    0.321908    0.000000    0.000000  
45.434543    -0.079568    0.000000    0.000000    0.191165    0.000000    0.000000    0.314339    0.000000    0.000000  
45.444544    -0.077641    0.000000    0.000000    0.194262    0.000000    0.000000    0.306622    0.000000    0.000000  
45.454545    -0.075683    0.000000    0.000000    0.197281    0.000000    0.000000    0.298772    0.000000    0.000000  
45.464546    -0.073696    0.000000    0.000000    0.200221    0.000000    0.000000    0.290802    0.000000    0.000000  
45.474547    -0.071680    0.000000    0.000000    0.203083    0.000000    0.000000    0.282723    0.000000    0.000000  
45.484548    -0.069635    0.000000    0.000000    0.205865    0.000000    0.000000    0.274549    0.000000    0.000000  
45.494549    -0.067563    0.000000    0.000000    0.208568    0.000000    0.000000    0.266294    0.000000    0.000000  
45.504550    -0.065464    0.000000    0.000000    0.211189    0.000000    0.000000    0.257970    0.000000    0.000000  
45.514551    -0.063339    0.000000    0.000000    0.213729    0.000000    0.000000    0.249582    0.000000    0.000000  
45.524552    -0.061189    0.000000    0.000000    0.216186    0.000000    0.000000    0.241127    0.000000    0.000000  
45.534553    -0.059014    0.000000    0.000000    0.218560    0.000000    0.000000    0.232602    0.000000    0.000000  
45.544554    -0.056817    0.000000    0.000000    0.220848    0.000000    0.000000    0.224002    0.000000    0.000000  
45.554555    -0.054597    0.000000    0.000000    0.223050    0.000000    0.000000    0.215325    0.000000    0.000000  
45.564556    -0.052355    0.000000    0.000000    0.225164    0.000000    0.000000    0.206567    0.000000    0.000000  
45.574557    -0.050093    0.000000    0.000000    0.227190    0.000000    0.000000    0.197724    0.000000    0.000000  
45.584558    -0.047811    0.000000    0.000000    0.229125    0.000000    0.000000    0.188792    0.000000    0.000000  
45.594559    -0.045510    0.000000    0.000000    0.230970    0.000000    0.000000    0.179768    0.000000    0.000000  
45.604560    -0.043191    0.000000    0.000000    0.232723    0.000000    0.000000    0.170649    0.000000    0.000000  
45.614561    -0.040855    0.000000    0.000000    0.234382    0.000000    0.000000    0.161435    0.000000    0.000000  
45.624562    -0.038503    0.000000    0.000000    0.235948    0.000000    0.000000    0.152135    0.000000    0.000000  
45.634563    -0.036136    0.000000    0.000000    0.237420    0.000000    0.000000    0.142756    0.000000    0.000000  
45.644564    -0.033755    0.000000    0.000000    0.238797    0.000000    0.000000    0.133305    0.000000    0.000000  
45.654565    -0.031360    0.000000    0.000000    0.240080    0.000000    0.000000    0.123790    0.000000    0.000000  
45.664566    -0.028953    0.000000    0.000000    0.241268    0.000000    0.000000    0.114218    0.000000    0.000000  
45.674567    -0.026535    0.000000    0.000000    0.242361    0.000000    0.000000    0.104598    0.000000    0.000000  
45.684568    -0.024106    0.000000    0.000000    0.243357    0.000000    0.000000    0.094936    0.000000    0.000000  
45.694569    -0.021668    0.000000    0.000000    0.244258    0.000000    0.000000    0.085240    0.000000    0.000000  
45.704570    -0.019221    0.000000    0.000000    0.245062    0.000000    0.000000    0.075517    0.000000    0.000000  
45.714571    -0.016766    0.000000    0.000000    0.245769    0.000000    0.000000    0.065774    0.000000    0.000000  
45.724572    -0.014305    0.000000    0.000000    0.246379    0.000000    0.000000    0.056014    0.000000    0.000000  
45.734573    -0.011839    0.000000    0.000000    0.246891    0.000000    0.000000    0.046241    0.000000    0.000000  
45.744574    -0.009367    0.000000    0.000000    0.247306    0.000000    0.000000    0.036459    0.000000    0.000000  
45.754575    -0.006892    0.000000    0.000000    0.247624    0.000000    0.000000    0.026673    0.000000    0.000000  
45.764576    -0.004414    0.000000    0.000000    0.247844    0.000000    0.000000    0.016885    0.000000    0.000000  
45.774577    -0.001935    0.000000    0.000000    0.247966    0.000000    0.000000    0.007100    0.000000    0.000000  
45.784578    0.000546    0.000000    0.000000    0.247989    0.000000    0.000000    -0.002679    0.000000    0.000000  
45.794579    0.003025    0.000000    0.000000    0.247914    0.000000    0.000000    -0.012446    0.000000    0.000000  
45.804580    0.005504    0.000000    0.000000    0.247741    0.000000    0.000000    -0.022200    0.000000    0.000000  
45.814581    0.007980    0.000000    0.000000    0.247470    0.000000    0.000000    -0.031936    0.000000    0.000000  
45.824582    0.010454    0.000000    0.000000    0.247100    0.000000    0.000000    -0.041651    0.000000    0.000000  
45.834583    0.012922    0.000000    0.000000    0.246633    0.000000    0.000000    -0.051343    0.000000    0.000000  
45.844584    0.015386    0.000000    0.000000    0.246069    0.000000    0.000000    -0.061010    0.000000    0.000000  
45.854585    0.017844    0.000000    0.000000    0.245409    0.000000    0.000000    -0.070649    0.000000    0.000000  
45.864586    0.020295    0.000000    0.000000    0.244652    0.000000    0.000000    -0.080257    0.000000    0.000000  
45.874587    0.022737    0.000000    0.000000    0.243800    0.000000    0.000000    -0.089831    0.000000    0.000000  
45.884588    0.025171    0.000000    0.000000    0.242853    0.000000    0.000000    -0.099369    0.000000    0.000000  
45.894589    0.027595    0.000000    0.000000    0.241811    0.000000    0.000000    -0.108869    0.000000    0.000000  
45.904590    0.030007    0.000000    0.000000    0.240674    0.000000    0.000000    -0.118327    0.000000    0.000000  
45.914591    0.032408    0.000000    0.000000    0.239444    0.000000    0.000000    -0.127742    0.000000    0.000000  
45.924592    0.034796    0.000000    0.000000    0.238121    0.000000    0.000000    -0.137113    0.000000    0.000000  
45.934593    0.037171    0.000000    0.000000    0.236705    0.000000    0.000000    -0.146438    0.000000    0.000000  
45.944594    0.039530    0.000000    0.000000    0.235195    0.000000    0.000000    -0.155717    0.000000    0.000000  
45.954595    0.041875    0.000000    0.000000    0.233594    0.000000    0.000000    -0.164949    0.000000    0.000000  
45.964596    0.044202    0.000000    0.000000    0.231900    0.000000    0.000000    -0.174133    0.000000    0.000000  
45.974597    0.046513    0.000000    0.000000    0.230114    0.000000    0.000000    -0.183268    0.000000    0.000000  
45.984598    0.048805    0.000000    0.000000    0.228237    0.000000    0.000000    -0.192352    0.000000    0.000000  
45.994599    0.051078    0.000000    0.000000    0.226269    0.000000    0.000000    -0.201385    0.000000    0.000000  
46.004600    0.053330    0.000000    0.000000    0.224210    0.000000    0.000000    -0.210366    0.000000    0.000000  
46.014601    0.055562    0.000000    0.000000    0.222061    0.000000    0.000000    -0.219288    0.000000    0.000000  
46.024602    0.057772    0.000000    0.000000    0.219823    0.000000    0.000000    -0.228140    0.000000    0.000000  
46.034603    0.059959    0.000000    0.000000    0.217497    0.000000    0.000000    -0.236912    0.000000    0.000000  
46.044604    0.062122    0.000000    0.000000    0.215084    0.000000    0.000000    -0.245591    0.000000    0.000000  
46.054605    0.064261    0.000000    0.000000    0.212585    0.000000    0.000000    -0.254166    0.000000    0.000000  
46.064606    0.066374    0.000000    0.000000    0.210001    0.000000    0.000000    -0.262626    0.000000    0.000000  
46.074607    0.068462    0.000000    0.000000    0.207334    0.000000    0.000000    -0.270959    0.000000    0.000000  
46.084608    0.070522    0.000000    0.000000    0.204584    0.000000    0.000000    -0.279154    0.000000    0.000000  
46.094609    0.072554    0.000000    0.000000    0.201753    0.000000    0.000000    -0.287199    0.000000    0.000000  
46.104610    0.074557    0.000000    0.000000    0.198841    0.000000    0.000000    -0.295083    0.000000    0.000000  
46.114611    0.076531    0.000000    0.000000    0.195850    0.000000    0.000000    -0.302805    0.000000    0.000000  
46.124612    0.078474    0.000000    0.000000    0.192782    0.000000    0.000000    -0.310373    0.000000    0.000000  
46.134613    0.080386    0.000000    0.000000    0.189637    0.000000    0.000000    -0.317796    0.000000    0.000000  
46.144614    0.082266    0.000000    0.000000    0.186418    0.000000    0.000000    -0.325084    0.000000    0.000000  
46.154615    0.084114    0.000000    0.000000    0.183126    0.000000    0.000000    -0.332246    0.000000    0.000000  
46.164616    0.085929    0.000000    0.000000    0.179764    0.000000    0.000000    -0.339291    0.000000    0.000000  
46.174617    0.087710    0.000000    0.000000    0.176331    0.000000    0.000000    -0.346229    0.000000    0.000000  
46.184618    0.089456    0.000000    0.000000    0.172830    0.000000    0.000000    -0.353069    0.000000    0.000000  
46.194619    0.091167    0.000000    0.000000    0.169263    0.000000    0.000000    -0.359820    0.000000    0.000000  
46.204620    0.092841    0.000000    0.000000    0.165631    0.000000    0.000000    -0.366490    0.000000    0.000000  
46.214621    0.094479    0.000000    0.000000    0.161935    0.000000    0.000000    -0.373078    0.000000    0.000000  
46.224622    0.096080    0.000000    0.000000    0.158177    0.000000    0.000000    -0.379567    0.000000    0.000000  
46.234623    0.097643    0.000000    0.000000    0.154356    0.000000    0.000000    -0.385940    0.000000    0.000000  
46.244624    0.099167    0.000000    0.000000    0.150474    0.000000    0.000000    -0.392182    0.000000    0.000000  
46.254625    0.100652    0.000000    0.000000    0.146531    0.000000    0.000000    -0.398274    0.000000    0.000000  
46.264626    0.102097    0.000000    0.000000    0.142528    0.000000    0.000000    -0.404201    0.000000    0.000000  
46.274627    0.103502    0.000000    0.000000    0.138467    0.000000    0.000000    -0.409946    0.000000    0.000000  
46.284628    0.104867    0.000000    0.000000    0.134347    0.000000    0.000000    -0.415492    0.000000    0.000000  
46.294629    0.106190    0.000000    0.000000    0.130169    0.000000    0.000000    -0.420823    0.000000    0.000000  
46.304630    0.107470    0.000000    0.000000    0.125935    0.000000    0.000000    -0.425922    0.000000    0.000000  
46.314631    0.108708    0.000000    0.000000    0.121646    0.000000    0.000000    -0.430781    0.000000    0.000000  
46.324632    0.109903    0.000000    0.000000    0.117306    0.000000    0.000000    -0.435401    0.000000    0.000000  
46.334633    0.111055    0.000000    0.000000    0.112918    0.000000    0.000000    -0.439782    0.000000    0.000000  
46.344634    0.112163    0.000000    0.000000    0.108486    0.000000    0.000000    -0.443926    0.000000    0.000000  
46.354635    0.113226    0.000000    0.000000    0.104013    0.000000    0.000000    -0.447833    0.000000    0.000000  
46.364636    0.114244    0.000000    0.000000    0.099502    0.000000    0.000000    -0.451504    0.000000    0.000000  
46.374637    0.115218    0.000000    0.000000    0.094958    0.000000    0.000000    -0.454940    0.000000    0.000000  
46.384638    0.116145    0.000000    0.000000    0.090383    0.000000    0.000000    -0.458143    0.000000    0.000000  
46.394639    0.117026    0.000000    0.000000    0.085781    0.000000    0.000000    -0.461112    0.000000    0.000000  
46.404640    0.117861    0.000000    0.000000    0.081155    0.000000    0.000000    -0.463850    0.000000    0.000000  
46.414641    0.118649    0.000000    0.000000    0.076508    0.000000    0.000000    -0.466369    0.000000    0.000000  
46.424642    0.119390    0.000000    0.000000    0.071839    0.000000    0.000000    -0.468699    0.000000    0.000000  
46.434643    0.120084    0.000000    0.000000    0.067149    0.000000    0.000000    -0.470867    0.000000    0.000000  
46.444644    0.120731    0.000000    0.000000    0.062439    0.000000    0.000000    -0.472901    0.000000    0.000000  
46.454645    0.121330    0.000000    0.000000    0.057707    0.000000    0.000000    -0.474829    0.000000    0.000000  
46.464646    0.121882    0.000000    0.000000    0.052956    0.000000    0.000000    -0.476680    0.000000    0.000000  
46.474647    0.122387    0.000000    0.000000    0.048185    0.000000    0.000000    -0.478482    0.000000    0.000000  
46.484648    0.122844    0.000000    0.000000    0.043393    0.000000    0.000000    -0.480263    0.000000    0.000000  
46.494649    0.123254    0.000000    0.000000    0.038583    0.000000    0.000000    -0.482052    0.000000    0.000000  
46.504650    0.123615    0.000000    0.000000    0.033753    0.000000    0.000000    -0.483875    0.000000    0.000000  
46.514651    0.123929    0.000000    0.000000    0.028904    0.000000    0.000000    -0.485728    0.000000    0.000000  
46.524652    0.124195    0.000000    0.000000    0.024038    0.000000    0.000000    -0.487572    0.000000    0.000000  
46.534653    0.124412    0.000000    0.000000    0.019155    0.000000    0.000000    -0.489368    0.000000    0.000000  
46.544654    0.124580    0.000000    0.000000    0.014256    0.000000    0.000000    -0.491073    0.000000    0.000000  
46.554655    0.124700    0.000000    0.000000    0.009343    0.000000    0.000000    -0.492648    0.000000    0.000000  
46.564656    0.124770    0.000000    0.000000    0.004417    0.000000    0.000000    -0.494052    0.000000    0.000000  
46.574657    0.124791    0.000000    0.000000    -0.000522    0.000000    0.000000    -0.495244    0.000000    0.000000  
46.584658    0.124762    0.000000    0.000000    -0.005473    0.000000    0.000000    -0.496185    0.000000    0.000000  
46.594659    0.124683    0.000000    0.000000    -0.010434    0.000000    0.000000    -0.496832    0.000000    0.000000  
46.604660    0.124554    0.000000    0.000000    -0.015405    0.000000    0.000000    -0.497147    0.000000    0.000000  
46.614661    0.124375    0.000000    0.000000    -0.020382    0.000000    0.000000    -0.497110    0.000000    0.000000  
46.624662    0.124145    0.000000    0.000000    -0.025361    0.000000    0.000000    -0.496724    0.000000    0.000000  
46.634663    0.123865    0.000000    0.000000    -0.030338    0.000000    0.000000    -0.495993    0.000000    0.000000  
46.644664    0.123536    0.000000    0.000000    -0.035308    0.000000    0.000000    -0.494921    0.000000    0.000000  
46.654665    0.123158    0.000000    0.000000    -0.040267    0.000000    0.000000    -0.493512    0.000000    0.000000  
46.664666    0.122730    0.000000    0.000000    -0.045209    0.000000    0.000000    -0.491770    0.000000    0.000000  
46.674667    0.122253    0.000000    0.000000    -0.050131    0.000000    0.000000    -0.489699    0.000000    0.000000  
46.684668    0.121727    0.000000    0.000000    -0.055027    0.000000    0.000000    -0.487304    0.000000    0.000000  
46.694669    0.121152    0.000000    0.000000    -0.059893    0.000000    0.000000    -0.484588    0.000000    0.000000  
46.704670    0.120529    0.000000    0.000000    -0.064725    0.000000    0.000000    -0.481555    0.000000    0.000000  
46.714671    0.119857    0.000000    0.000000    -0.069519    0.000000    0.000000    -0.478223    0.000000    0.000000  
46.724672    0.119138    0.000000    0.000000    -0.074275    0.000000    0.000000    -0.474619    0.000000    0.000000  
46.734673    0.118372    0.000000    0.000000    -0.078992    0.000000    0.000000    -0.470774    0.000000    0.000000  
46.744674    0.117558    0.000000    0.000000    -0.083669    0.000000    0.000000    -0.466717    0.000000    0.000000  
46.754675    0.116698    0.000000    0.000000    -0.088305    0.000000    0.000000    -0.462477    0.000000    0.000000  
46.764676    0.115792    0.000000    0.000000    -0.092900    0.000000    0.000000    -0.458085    0.000000    0.000000  
46.774677    0.114840    0.000000    0.000000    -0.097452    0.000000    0.000000    -0.453569    0.000000    0.000000  
46.784678    0.113843    0.000000    0.000000    -0.101961    0.000000    0.000000    -0.448959    0.000000    0.000000  
46.794679    0.112801    0.000000    0.000000    -0.106426    0.000000    0.000000    -0.444286    0.000000    0.000000  
46.804680    0.111714    0.000000    0.000000    -0.110846    0.000000    0.000000    -0.439577    0.000000    0.000000  
46.814681    0.110584    0.000000    0.000000    -0.115219    0.000000    0.000000    -0.434840    0.000000    0.000000  
46.824682    0.109410    0.000000    0.000000    -0.119546    0.000000    0.000000    -0.430061    0.000000    0.000000  
46.834683    0.108193    0.000000    0.000000    -0.123825    0.000000    0.000000    -0.425221    0.000000    0.000000  
46.844684    0.106933    0.000000    0.000000    -0.128054    0.000000    0.000000    -0.420306    0.000000    0.000000  
46.854685    0.105632    0.000000    0.000000    -0.132233    0.000000    0.000000    -0.415297    0.000000    0.000000  
46.864686    0.104289    0.000000    0.000000    -0.136361    0.000000    0.000000    -0.410180    0.000000    0.000000  
46.874687    0.102905    0.000000    0.000000    -0.140437    0.000000    0.000000    -0.404936    0.000000    0.000000  
46.884688    0.101480    0.000000    0.000000    -0.144459    0.000000    0.000000    -0.399550    0.000000    0.000000  
46.894689    0.100016    0.000000    0.000000    -0.148426    0.000000    0.000000    -0.394005    0.000000    0.000000  
46.904690    0.098512    0.000000    0.000000    -0.152338    0.000000    0.000000    -0.388284    0.000000    0.000000  
46.914691    0.096969    0.000000    0.000000    -0.156193    0.000000    0.000000    -0.382382    0.000000    0.000000  
46.924692    0.095388    0.000000    0.000000    -0.159989    0.000000    0.000000    -0.376300    0.000000    0.000000  
46.934693    0.093769    0.000000    0.000000    -0.163724    0.000000    0.000000    -0.370042    0.000000    0.000000  
46.944694    0.092113    0.000000    0.000000    -0.167396    0.000000    0.000000    -0.363613    0.000000    0.000000  
46.954695    0.090421    0.000000    0.000000    -0.171003    0.000000    0.000000    -0.357015    0.000000    0.000000  
46.964696    0.088693    0.000000    0.000000    -0.174543    0.000000    0.000000    -0.350252    0.000000    0.000000  
46.974697    0.086930    0.000000    0.000000    -0.178015    0.000000    0.000000    -0.343328    0.000000    0.000000  
46.984698    0.085133    0.000000    0.000000    -0.181416    0.000000    0.000000    -0.336247    0.000000    0.000000  
46.994699    0.083302    0.000000    0.000000    -0.184744    0.000000    0.000000    -0.329011    0.000000    0.000000  
47.004700    0.081438    0.000000    0.000000    -0.187998    0.000000    0.000000    -0.321625    0.000000    0.000000  
47.014701    0.079542    0.000000    0.000000    -0.191176    0.000000    0.000000    -0.314094    0.000000    0.000000  
47.024702    0.077614    0.000000    0.000000    -0.194276    0.000000    0.000000    -0.306427    0.000000    0.000000  
47.034703    0.075656    0.000000    0.000000    -0.197299    0.000000    0.000000    -0.298632    0.000000    0.000000  
47.044704    0.073667    0.000000    0.000000    -0.200244    0.000000    0.000000    -0.290718    0.000000    0.000000  
47.054705    0.071650    0.000000    0.000000    -0.203109    0.000000    0.000000    -0.282693    0.000000    0.000000  
47.064706    0.069604    0.000000    0.000000    -0.205893    0.000000    0.000000    -0.274566    0.000000    0.000000  
47.074707    0.067531    0.000000    0.000000    -0.208597    0.000000    0.000000    -0.266345    0.000000    0.000000  
47.084708    0.065432    0.000000    0.000000    -0.211218    0.000000    0.000000    -0.258038    0.000000    0.000000  
47.094709    0.063307    0.000000    0.000000    -0.213756    0.000000    0.000000    -0.249655    0.000000    0.000000  
47.104710    0.061157    0.000000    0.000000    -0.216211    0.000000    0.000000    -0.241203    0.000000    0.000000  
47.114711    0.058982    0.000000    0.000000    -0.218581    0.000000    0.000000    -0.232685    0.000000    0.000000  
47.124712    0.056785    0.000000    0.000000    -0.220865    0.000000    0.000000    -0.224096    0.000000    0.000000  
47.134713    0.054565    0.000000    0.000000    -0.223063    0.000000    0.000000    -0.215434    0.000000    0.000000  
47.144714    0.052324    0.000000    0.000000    -0.225174    0.000000    0.000000    -0.206693    0.000000    0.000000  
47.154715    0.050062    0.000000    0.000000    -0.227197    0.000000    0.000000    -0.197869    0.000000    0.000000  
47.164716    0.047781    0.000000    0.000000    -0.229131    0.000000    0.000000    -0.188959    0.000000    0.000000  
47.174717    0.045480    0.000000    0.000000    -0.230976    0.000000    0.000000    -0.179957    0.000000    0.000000  
47.184718    0.043162    0.000000    0.000000    -0.232730    0.000000    0.000000    -0.170861    0.000000    0.000000  
47.194719    0.040826    0.000000    0.000000    -0.234392    0.000000    0.000000    -0.161665    0.000000    0.000000  
47.204720    0.038474    0.000000    0.000000    -0.235963    0.000000    0.000000    -0.152366    0.000000    0.000000  
47.214721    0.036106    0.000000    0.000000    -0.237440    0.000000    0.000000    -0.142968    0.000000    0.000000  
47.224722    0.033724    0.000000    0.000000    -0.238824    0.000000    0.000000    -0.133480    0.000000    0.000000  
47.234723    0.031329    0.000000    0.000000    -0.240113    0.000000    0.000000    -0.123914    0.000000    0.000000  
47.244724    0.028921    0.000000    0.000000    -0.241307    0.000000    0.000000    -0.114282    0.000000    0.000000  
47.254725    0.026502    0.000000    0.000000    -0.242405    0.000000    0.000000    -0.104595    0.000000    0.000000  
47.264726    0.024072    0.000000    0.000000    -0.243406    0.000000    0.000000    -0.094864    0.000000    0.000000  
47.274727    0.021633    0.000000    0.000000    -0.244309    0.000000    0.000000    -0.085101    0.000000    0.000000  
47.284728    0.019186    0.000000    0.000000    -0.245114    0.000000    0.000000    -0.075316    0.000000    0.000000  
47.294729    0.016731    0.000000    0.000000    -0.245821    0.000000    0.000000    -0.065522    0.000000    0.000000  
47.304730    0.014269    0.000000    0.000000    -0.246427    0.000000    0.000000    -0.055728    0.000000    0.000000  
47.314731    0.011802    0.000000    0.000000    -0.246933    0.000000    0.000000    -0.045942    0.000000    0.000000  
47.324732    0.009330    0.000000    0.000000    -0.247340    0.000000    0.000000    -0.036163    0.000000    0.000000  
47.334733    0.006855    0.000000    0.000000    -0.247649    0.000000    0.000000    -0.026393    0.000000    0.000000  
47.344734    0.004377    0.000000    0.000000    -0.247858    0.000000    0.000000    -0.016632    0.000000    0.000000  
47.354735    0.001898    0.000000    0.000000    -0.247970    0.000000    0.000000    -0.006881    0.000000    0.000000  
47.364736    -0.000582    0.000000    0.000000    -0.247985    0.000000    0.000000    0.002861    0.000000    0.000000  
47.374737    -0.003062    0.000000    0.000000    -0.247903    0.000000    0.000000    0.012593    0.000000    0.000000  
47.384738    -0.005540    0.000000    0.000000    -0.247725    0.000000    0.000000    0.022314    0.000000    0.000000  
47.394739    -0.008017    0.000000    0.000000    -0.247451    0.000000    0.000000    0.032024    0.000000    0.000000  
47.404740    -0.010490    0.000000    0.000000    -0.247082    0.000000    0.000000    0.041723    0.000000    0.000000  
47.414741    -0.012958    0.000000    0.000000    -0.246619    0.000000    0.000000    0.051408    0.000000    0.000000  
47.424742    -0.015422    0.000000    0.000000    -0.246060    0.000000    0.000000    0.061077    0.000000    0.000000  
47.434743    -0.017880    0.000000    0.000000    -0.245405    0.000000    0.000000    0.070729    0.000000    0.000000  
47.444744    -0.020330    0.000000    0.000000    -0.244656    0.000000    0.000000    0.080359    0.000000    0.000000  
47.454745    -0.022773    0.000000    0.000000    -0.243810    0.000000    0.000000    0.089967    0.000000    0.000000  
47.464746    -0.025206    0.000000    0.000000    -0.242868    0.000000    0.000000    0.099548    0.000000    0.000000  
47.474747    -0.027630    0.000000    0.000000    -0.241830    0.000000    0.000000    0.109101    0.000000    0.000000  
47.484748    -0.030043    0.000000    0.000000    -0.240695    0.000000    0.000000    0.118623    0.000000    0.000000  
47.494749    -0.032444    0.000000    0.000000    -0.239464    0.000000    0.000000    0.128112    0.000000    0.000000  
47.504750    -0.034832    0.000000    0.000000    -0.238135    0.000000    0.000000    0.137564    0.000000    0.000000  
47.514751    -0.037207    0.000000    0.000000    -0.236710    0.000000    0.000000    0.146976    0.000000    0.000000  
47.524752    -0.039567    0.000000    0.000000    -0.235190    0.000000    0.000000    0.156341    0.000000    0.000000  
47.534753    -0.041911    0.000000    0.000000    -0.233575    0.000000    0.000000    0.165653    0.000000    0.000000  
47.544754    -0.044239    0.000000    0.000000    -0.231866    0.000000    0.000000    0.174906    0.000000    0.000000  
47.554755    -0.046549    0.000000    0.000000    -0.230066    0.000000    0.000000    0.184094    0.000000    0.000000  
47.564756    -0.048841    0.000000    0.000000    -0.228174    0.000000    0.000000    0.193209    0.000000    0.000000  
47.574757    -0.051114    0.000000    0.000000    -0.226193    0.000000    0.000000    0.202247    0.000000    0.000000  
47.584758    -0.053366    0.000000    0.000000    -0.224122    0.000000    0.000000    0.211200    0.000000    0.000000  
47.594759    -0.055597    0.000000    0.000000    -0.221964    0.000000    0.000000    0.220063    0.000000    0.000000  
47.604760    -0.057806    0.000000    0.000000    -0.219719    0.000000    0.000000    0.228829    0.000000    0.000000  
47.614761    -0.059991    0.000000    0.000000    -0.217389    0.000000    0.000000    0.237492    0.000000    0.000000  
47.624762    -0.062153    0.000000    0.000000    -0.214974    0.000000    0.000000    0.246046    0.000000    0.000000  
47.634763    -0.064290    0.000000    0.000000    -0.212475    0.000000    0.000000    0.254486    0.000000    0.000000  
47.644764    -0.066402    0.000000    0.000000    -0.209893    0.000000    0.000000    0.262804    0.000000    0.000000  
47.654765    -0.068487    0.000000    0.000000    -0.207228    0.000000    0.000000    0.270995    0.000000    0.000000  
47.664766    -0.070546    0.000000    0.000000    -0.204483    0.000000    0.000000    0.279054    0.000000    0.000000  
47.674767    -0.072577    0.000000    0.000000    -0.201657    0.000000    0.000000    0.286974    0.000000    0.000000  
47.684768    -0.074579    0.000000    0.000000    -0.198752    0.000000    0.000000    0.294750    0.000000    0.000000  
47.694769    -0.076551    0.000000    0.000000    -0.195768    0.000000    0.000000    0.302374    0.000000    0.000000  
47.704770    -0.078494    0.000000    0.000000    -0.192707    0.000000    0.000000    0.309843    0.000000    0.000000  
47.714771    -0.080406    0.000000    0.000000    -0.189569    0.000000    0.000000    0.317159    0.000000    0.000000  
47.724772    -0.082286    0.000000    0.000000    -0.186356    0.000000    0.000000    0.324338    0.000000    0.000000  
47.734773    -0.084134    0.000000    0.000000    -0.183070    0.000000    0.000000    0.331394    0.000000    0.000000  
47.744774    -0.085948    0.000000    0.000000    -0.179712    0.000000    0.000000    0.338344    0.000000    0.000000  
47.754775    -0.087729    0.000000    0.000000    -0.176285    0.000000    0.000000    0.345201    0.000000    0.000000  
47.764776    -0.089475    0.000000    0.000000    -0.172789    0.000000    0.000000    0.351981    0.000000    0.000000  
47.774777    -0.091186    0.000000    0.000000    -0.169226    0.000000    0.000000    0.358699    0.000000    0.000000  
47.784778    -0.092861    0.000000    0.000000    -0.165598    0.000000    0.000000    0.365371    0.000000    0.000000  
47.794779    -0.094499    0.000000    0.000000    -0.161906    0.000000    0.000000    0.372011    0.000000    0.000000  
47.804780    -0.096100    0.000000    0.000000    -0.158152    0.000000    0.000000    0.378633    0.000000    0.000000  
47.814781    -0.097662    0.000000    0.000000    -0.154337    0.000000    0.000000    0.385228    0.000000    0.000000  
47.824782    -0.099185    0.000000    0.000000    -0.150462    0.000000    0.000000    0.391760    0.000000    0.000000  
47.834783    -0.100670    0.000000    0.000000    -0.146526    0.000000    0.000000    0.398191    0.000000    0.000000  
47.844784    -0.102115    0.000000    0.000000    -0.142530    0.000000    0.000000    0.404485    0.000000    0.000000  
47.854785    -0.103519    0.000000    0.000000    -0.138475    0.000000    0.000000    0.410605    0.000000    0.000000  
47.864786    -0.104882    0.000000    0.000000    -0.134360    0.000000    0.000000    0.416513    0.000000    0.000000  
47.874787    -0.106205    0.000000    0.000000    -0.130185    0.000000    0.000000    0.422173    0.000000    0.000000  
47.884788    -0.107485    0.000000    0.000000    -0.125952    0.000000    0.000000    0.427548    0.000000    0.000000  
47.894789    -0.108723    0.000000    0.000000    -0.121660    0.000000    0.000000    0.432600    0.000000    0.000000  
47.904790    -0.109918    0.000000    0.000000    -0.117310    0.000000    0.000000    0.437295    0.000000    0.000000  
47.914791    -0.111070    0.000000    0.000000    -0.112905    0.000000    0.000000    0.441622    0.000000    0.000000  
47.924792    -0.112177    0.000000    0.000000    -0.108449    0.000000    0.000000    0.445603    0.000000    0.000000  
47.934793    -0.113241    0.000000    0.000000    -0.103948    0.000000    0.000000    0.449258    0.000000    0.000000  
47.944794    -0.114259    0.000000    0.000000    -0.099408    0.000000    0.000000    0.452609    0.000000    0.000000  
47.954795    -0.115232    0.000000    0.000000    -0.094833    0.000000    0.000000    0.455678    0.000000    0.000000  
47.964796    -0.116160    0.000000    0.000000    -0.090230    0.000000    0.000000    0.458485    0.000000    0.000000  
47.974797    -0.117041    0.000000    0.000000    -0.085602    0.000000    0.000000    0.461053    0.000000    0.000000  
47.984798    -0.117876    0.000000    0.000000    -0.080957    0.000000    0.000000    0.463402    0.000000    0.000000  
47.994799    -0.118663    0.000000    0.000000    -0.076298    0.000000    0.000000    0.465555    0.000000    0.000000  
48.004800    -0.119403    0.000000    0.000000    -0.071632    0.000000    0.000000    0.467532    0.000000    0.000000  
48.014801    -0.120095    0.000000    0.000000    -0.066959    0.000000    0.000000    0.469362    0.000000    0.000000  
48.024802    -0.120739    0.000000    0.000000    -0.062278    0.000000    0.000000    0.471082    0.000000    0.000000  
48.034803    -0.121335    0.000000    0.000000    -0.057586    0.000000    0.000000    0.472725    0.000000    0.000000  
48.044804    -0.121885    0.000000    0.000000    -0.052880    0.000000    0.000000    0.474330    0.000000    0.000000  
48.054805    -0.122386    0.000000    0.000000    -0.048158    0.000000    0.000000    0.475931    0.000000    0.000000  
48.064806    -0.122841    0.000000    0.000000    -0.043417    0.000000    0.000000    0.477564    0.000000    0.000000  
48.074807    -0.123248    0.000000    0.000000    -0.038654    0.000000    0.000000    0.479265    0.000000    0.000000  
48.084808    -0.123608    0.000000    0.000000    -0.033868    0.000000    0.000000    0.481070    0.000000    0.000000  
48.094809    -0.123922    0.000000    0.000000    -0.029056    0.000000    0.000000    0.483016    0.000000    0.000000  
48.104810    -0.124188    0.000000    0.000000    -0.024215    0.000000    0.000000    0.485135    0.000000    0.000000  
48.114811    -0.124407    0.000000    0.000000    -0.019346    0.000000    0.000000    0.487405    0.000000    0.000000  
48.124812    -0.124579    0.000000    0.000000    -0.014450    0.000000    0.000000    0.489745    0.000000    0.000000  
48.134813    -0.124703    0.000000    0.000000    -0.009531    0.000000    0.000000    0.492072    0.000000    0.000000  
48.144814    -0.124777    0.000000    0.000000    -0.004591    0.000000    0.000000    0.494301    0.000000    0.000000  
48.154815    -0.124803    0.000000    0.000000    0.000368    0.000000    0.000000    0.496348    0.000000    0.000000  
48.164816    -0.124779    0.000000    0.000000    0.005342    0.000000    0.000000    0.498129    0.000000    0.000000  
48.174817    -0.124705    0.000000    0.000000    0.010330    0.000000    0.000000    0.499561    0.000000    0.000000  
48.184818    -0.124580    0.000000    0.000000    0.015328    0.000000    0.000000    0.500559    0.000000    0.000000  
48.194819    -0.124403    0.000000    0.000000    0.020333    0.000000    0.000000    0.501040    0.000000    0.000000  
48.204820    -0.124175    0.000000    0.000000    0.025344    0.000000    0.000000    0.500922    0.000000    0.000000  
48.214821    -0.123895    0.000000    0.000000    0.030356    0.000000    0.000000    0.500187    0.000000    0.000000  
48.224822    -0.123563    0.000000    0.000000    0.035363    0.000000    0.000000    0.498882    0.000000    0.000000  
48.234823    -0.123181    0.000000    0.000000    0.040360    0.000000    0.000000    0.497061    0.000000    0.000000  
48.244824    -0.122748    0.000000    0.000000    0.045340    0.000000    0.000000    0.494773    0.000000    0.000000  
48.254825    -0.122266    0.000000    0.000000    0.050299    0.000000    0.000000    0.492070    0.000000    0.000000  
48.264826    -0.121735    0.000000    0.000000    0.055229    0.000000    0.000000    0.489003    0.000000    0.000000  
48.274827    -0.121155    0.000000    0.000000    0.060127    0.000000    0.000000    0.485624    0.000000    0.000000  
48.284828    -0.120527    0.000000    0.000000    0.064984    0.000000    0.000000    0.481984    0.000000    0.000000  
48.294829    -0.119852    0.000000    0.000000    0.069797    0.000000    0.000000    0.478134    0.000000    0.000000  
48.304830    -0.119130    0.000000    0.000000    0.074559    0.000000    0.000000    0.474125    0.000000    0.000000  
48.314831    -0.118362    0.000000    0.000000    0.079269    0.000000    0.000000    0.469990    0.000000    0.000000  
48.324832    -0.117547    0.000000    0.000000    0.083927    0.000000    0.000000    0.465740    0.000000    0.000000  
48.334833    -0.116687    0.000000    0.000000    0.088536    0.000000    0.000000    0.461389    0.000000    0.000000  
48.344834    -0.115781    0.000000    0.000000    0.093097    0.000000    0.000000    0.456949    0.000000    0.000000  
48.354835    -0.114830    0.000000    0.000000    0.097613    0.000000    0.000000    0.452433    0.000000    0.000000  
48.364836    -0.113833    0.000000    0.000000    0.102085    0.000000    0.000000    0.447852    0.000000    0.000000  
48.374837    -0.112792    0.000000    0.000000    0.106515    0.000000    0.000000    0.443219    0.000000    0.000000  
48.384838    -0.111706    0.000000    0.000000    0.110905    0.000000    0.000000    0.438546    0.000000    0.000000  
48.394839    -0.110576    0.000000    0.000000    0.115257    0.000000    0.000000    0.433846    0.000000    0.000000  
48.404840    -0.109402    0.000000    0.000000    0.119572    0.000000    0.000000    0.429130    0.000000    0.000000  
48.414841    -0.108184    0.000000    0.000000    0.123850    0.000000    0.000000    0.424392    0.000000    0.000000  
48.424842    -0.106923    0.000000    0.000000    0.128087    0.000000    0.000000    0.419608    0.000000    0.000000  
48.434843    -0.105619    0.000000    0.000000    0.132281    0.000000    0.000000    0.414753    0.000000    0.000000  
48.444844    -0.104274    0.000000    0.000000    0.136428    0.000000    0.000000    0.409800    0.000000    0.000000  
48.454845    -0.102888    0.000000    0.000000    0.140525    0.000000    0.000000    0.404726    0.000000    0.000000  
48.464846    -0.101461    0.000000    0.000000    0.144569    0.000000    0.000000    0.399504    0.000000    0.000000  
48.474847    -0.099995    0.000000    0.000000    0.148556    0.000000    0.000000    0.394110    0.000000    0.000000  
48.484848    -0.098489    0.000000    0.000000    0.152483    0.000000    0.000000    0.388517    0.000000    0.000000  
48.494849    -0.096944    0.000000    0.000000    0.156347    0.000000    0.000000    0.382702    0.000000    0.000000  
48.504850    -0.095361    0.000000    0.000000    0.160144    0.000000    0.000000    0.376639    0.000000    0.000000  
48.514851    -0.093741    0.000000    0.000000    0.163873    0.000000    0.000000    0.370326    0.000000    0.000000  
48.524852    -0.092084    0.000000    0.000000    0.167534    0.000000    0.000000    0.363783    0.000000    0.000000  
48.534853    -0.090391    0.000000    0.000000    0.171125    0.000000    0.000000    0.357030    0.000000    0.000000  
48.544854    -0.088663    0.000000    0.000000    0.174647    0.000000    0.000000    0.350090    0.000000    0.000000  
48.554855    -0.086900    0.000000    0.000000    0.178098    0.000000    0.000000    0.342983    0.000000    0.000000  
48.564856    -0.085102    0.000000    0.000000    0.181480    0.000000    0.000000    0.335731    0.000000    0.000000  
48.574857    -0.083271    0.000000    0.000000    0.184790    0.000000    0.000000    0.328353    0.000000    0.000000  
48.584858    -0.081407    0.000000    0.000000    0.188029    0.000000    0.000000    0.320872    0.000000    0.000000  
48.594859    -0.079511    0.000000    0.000000    0.191197    0.000000    0.000000    0.313309    0.000000    0.000000  
48.604860    -0.077584    0.000000    0.000000    0.194292    0.000000    0.000000    0.305684    0.000000    0.000000  
48.614861    -0.075625    0.000000    0.000000    0.197314    0.000000    0.000000    0.298003    0.000000    0.000000  
48.624862    -0.073637    0.000000    0.000000    0.200261    0.000000    0.000000    0.290256    0.000000    0.000000  
48.634863    -0.071619    0.000000    0.000000    0.203132    0.000000    0.000000    0.282433    0.000000    0.000000  
48.644864    -0.069573    0.000000    0.000000    0.205925    0.000000    0.000000    0.274525    0.000000    0.000000  
48.654865    -0.067499    0.000000    0.000000    0.208638    0.000000    0.000000    0.266520    0.000000    0.000000  
48.664866    -0.065399    0.000000    0.000000    0.211270    0.000000    0.000000    0.258410    0.000000    0.000000  
48.674867    -0.063273    0.000000    0.000000    0.213819    0.000000    0.000000    0.250183    0.000000    0.000000  
48.684868    -0.061122    0.000000    0.000000    0.216284    0.000000    0.000000    0.241829    0.000000    0.000000  
48.694869    -0.058947    0.000000    0.000000    0.218662    0.000000    0.000000    0.233339    0.000000    0.000000  
48.704870    -0.056749    0.000000    0.000000    0.220953    0.000000    0.000000    0.224703    0.000000    0.000000  
48.714871    -0.054528    0.000000    0.000000    0.223154    0.000000    0.000000    0.215922    0.000000    0.000000  
48.724872    -0.052286    0.000000    0.000000    0.225266    0.000000    0.000000    0.207007    0.000000    0.000000  
48.734873    -0.050023    0.000000    0.000000    0.227288    0.000000    0.000000    0.197972    0.000000    0.000000  
48.744874    -0.047740    0.000000    0.000000    0.229219    0.000000    0.000000    0.188828    0.000000    0.000000  
48.754875    -0.045439    0.000000    0.000000    0.231059    0.000000    0.000000    0.179590    0.000000    0.000000  
48.764876    -0.043119    0.000000    0.000000    0.232806    0.000000    0.000000    0.170268    0.000000    0.000000  
48.774877    -0.040783    0.000000    0.000000    0.234460    0.000000    0.000000    0.160877    0.000000    0.000000  
48.784878    -0.038430    0.000000    0.000000    0.236021    0.000000    0.000000    0.151428    0.000000    0.000000  
48.794879    -0.036063    0.000000    0.000000    0.237488    0.000000    0.000000    0.141934    0.000000    0.000000  
48.804880    -0.033681    0.000000    0.000000    0.238860    0.000000    0.000000    0.132408    0.000000    0.000000  
48.814881    -0.031285    0.000000    0.000000    0.240136    0.000000    0.000000    0.122856    0.000000    0.000000  
48.824882    -0.028877    0.000000    0.000000    0.241317    0.000000    0.000000    0.113282    0.000000    0.000000  
48.834883    -0.026458    0.000000    0.000000    0.242403    0.000000    0.000000    0.103686    0.000000    0.000000  
48.844884    -0.024028    0.000000    0.000000    0.243392    0.000000    0.000000    0.094070    0.000000    0.000000  
48.854885    -0.021589    0.000000    0.000000    0.244286    0.000000    0.000000    0.084437    0.000000    0.000000  
48.864886    -0.019142    0.000000    0.000000    0.245083    0.000000    0.000000    0.074788    0.000000    0.000000  
48.874887    -0.016687    0.000000    0.000000    0.245783    0.000000    0.000000    0.065125    0.000000    0.000000  
48.884888    -0.014226    0.000000    0.000000    0.246386    0.000000    0.000000    0.055449    0.000000    0.000000  
48.894889    -0.011759    0.000000    0.000000    0.246893    0.000000    0.000000    0.045763    0.000000    0.000000  
48.904890    -0.009287    0.000000    0.000000    0.247302    0.000000    0.000000    0.036068    0.000000    0.000000  
48.914891    -0.006813    0.000000    0.000000    0.247614    0.000000    0.000000    0.026367    0.000000    0.000000  
48.924892    -0.004335    0.000000    0.000000    0.247829    0.000000    0.000000    0.016660    0.000000    0.000000  
48.934893    -0.001856    0.000000    0.000000    0.247946    0.000000    0.000000    0.006951    0.000000    0.000000  
48.944894    0.000623    0.000000    0.000000    0.247966    0.000000    0.000000    -0.002759    0.000000    0.000000  
48.954895    0.003103    0.000000    0.000000    0.247889    0.000000    0.000000    -0.012469    0.000000    0.000000  
48.964896    0.005581    0.000000    0.000000    0.247716    0.000000    0.000000    -0.022176    0.000000    0.000000  
48.974897    0.008057    0.000000    0.000000    0.247445    0.000000    0.000000    -0.031878    0.000000    0.000000  
48.984898    0.010529    0.000000    0.000000    0.247077    0.000000    0.000000    -0.041573    0.000000    0.000000  
48.994899    0.012998    0.000000    0.000000    0.246613    0.000000    0.000000    -0.051259    0.000000    0.000000  
49.004900    0.015462    0.000000    0.000000    0.246052    0.000000    0.000000    -0.060935    0.000000    0.000000  
49.014901    0.017919    0.000000    0.000000    0.245394    0.000000    0.000000    -0.070597    0.000000    0.000000  
49.024902    0.020370    0.000000    0.000000    0.244641    0.000000    0.000000    -0.080242    0.000000    0.000000  
49.034903    0.022813    0.000000    0.000000    0.243791    0.000000    0.000000    -0.089864    0.000000    0.000000  
49.044904    0.025247    0.000000    0.000000    0.242845    0.000000    0.000000    -0.099460    0.000000    0.000000  
49.054905    0.027670    0.000000    0.000000    0.241803    0.000000    0.000000    -0.109026    0.000000    0.000000  
49.064906    0.030083    0.000000    0.000000    0.240666    0.000000    0.000000    -0.118558    0.000000    0.000000  
49.074907    0.032485    0.000000    0.000000    0.239434    0.000000    0.000000    -0.128051    0.000000    0.000000  
49.084908    0.034873    0.000000    0.000000    0.238107    0.000000    0.000000    -0.137502    0.000000    0.000000  
49.094909    0.037247    0.000000    0.000000    0.236686    0.000000    0.000000    -0.146905    0.000000    0.000000  
49.104910    0.039607    0.000000    0.000000    0.235170    0.000000    0.000000    -0.156258    0.000000    0.000000  
49.114911    0.041951    0.000000    0.000000    0.233560    0.000000    0.000000    -0.165555    0.000000    0.000000  
49.124912    0.044278    0.000000    0.000000    0.231857    0.000000    0.000000    -0.174793    0.000000    0.000000  
49.134913    0.046588    0.000000    0.000000    0.230062    0.000000    0.000000    -0.183967    0.000000    0.000000  
49.144914    0.048879    0.000000    0.000000    0.228175    0.000000    0.000000    -0.193073    0.000000    0.000000  
49.154915    0.051151    0.000000    0.000000    0.226198    0.000000    0.000000    -0.202108    0.000000    0.000000  
49.164916    0.053403    0.000000    0.000000    0.224131    0.000000    0.000000    -0.211066    0.000000    0.000000  
49.174917    0.055633    0.000000    0.000000    0.221975    0.000000    0.000000    -0.219943    0.000000    0.000000  
49.184918    0.057842    0.000000    0.000000    0.219731    0.000000    0.000000    -0.228736    0.000000    0.000000  
49.194919    0.060028    0.000000    0.000000    0.217399    0.000000    0.000000    -0.237440    0.000000    0.000000  
49.204920    0.062190    0.000000    0.000000    0.214982    0.000000    0.000000    -0.246051    0.000000    0.000000  
49.214921    0.064328    0.000000    0.000000    0.212479    0.000000    0.000000    -0.254562    0.000000    0.000000  
49.224922    0.066440    0.000000    0.000000    0.209891    0.000000    0.000000    -0.262967    0.000000    0.000000  
49.234923    0.068526    0.000000    0.000000    0.207221    0.000000    0.000000    -0.271257    0.000000    0.000000  
49.244924    0.070585    0.000000    0.000000    0.204468    0.000000    0.000000    -0.279425    0.000000    0.000000  
49.254925    0.072616    0.000000    0.000000    0.201635    0.000000    0.000000    -0.287462    0.000000    0.000000  
49.264926    0.074618    0.000000    0.000000    0.198723    0.000000    0.000000    -0.295362    0.000000    0.000000  
49.274927    0.076591    0.000000    0.000000    0.195732    0.000000    0.000000    -0.303117    0.000000    0.000000  
49.284928    0.078534    0.000000    0.000000    0.192664    0.000000    0.000000    -0.310718    0.000000    0.000000  
49.294929    0.080445    0.000000    0.000000    0.189520    0.000000    0.000000    -0.318158    0.000000    0.000000  
49.304930    0.082324    0.000000    0.000000    0.186302    0.000000    0.000000    -0.325429    0.000000    0.000000  
49.314931    0.084171    0.000000    0.000000    0.183010    0.000000    0.000000    -0.332536    0.000000    0.000000  
49.324932    0.085984    0.000000    0.000000    0.179647    0.000000    0.000000    -0.339490    0.000000    0.000000  
49.334933    0.087764    0.000000    0.000000    0.176213    0.000000    0.000000    -0.346305    0.000000    0.000000  
49.344934    0.089508    0.000000    0.000000    0.172711    0.000000    0.000000    -0.352996    0.000000    0.000000  
49.354935    0.091217    0.000000    0.000000    0.169141    0.000000    0.000000    -0.359575    0.000000    0.000000  
49.364936    0.092891    0.000000    0.000000    0.165506    0.000000    0.000000    -0.366057    0.000000    0.000000  
49.374937    0.094527    0.000000    0.000000    0.161807    0.000000    0.000000    -0.372455    0.000000    0.000000  
49.384938    0.096127    0.000000    0.000000    0.158045    0.000000    0.000000    -0.378783    0.000000    0.000000  
49.394939    0.097688    0.000000    0.000000    0.154222    0.000000    0.000000    -0.385054    0.000000    0.000000  
49.404940    0.099211    0.000000    0.000000    0.150340    0.000000    0.000000    -0.391282    0.000000    0.000000  
49.414941    0.100695    0.000000    0.000000    0.146400    0.000000    0.000000    -0.397456    0.000000    0.000000  
49.424942    0.102140    0.000000    0.000000    0.142402    0.000000    0.000000    -0.403547    0.000000    0.000000  
49.434943    0.103543    0.000000    0.000000    0.138347    0.000000    0.000000    -0.409521    0.000000    0.000000  
49.444944    0.104907    0.000000    0.000000    0.134236    0.000000    0.000000    -0.415346    0.000000    0.000000  
49.454945    0.106228    0.000000    0.000000    0.130070    0.000000    0.000000    -0.420991    0.000000    0.000000  
49.464946    0.107508    0.000000    0.000000    0.125848    0.000000    0.000000    -0.426421    0.000000    0.000000  
49.474947    0.108745    0.000000    0.000000    0.121573    0.000000    0.000000    -0.431606    0.000000    0.000000  
49.484948    0.109940    0.000000    0.000000    0.117244    0.000000    0.000000    -0.436513    0.000000    0.000000  
49.494949    0.111090    0.000000    0.000000    0.112863    0.000000    0.000000    -0.441110    0.000000    0.000000  
49.504950    0.112197    0.000000    0.000000    0.108430    0.000000    0.000000    -0.445365    0.000000    0.000000  
49.514951    0.113259    0.000000    0.000000    0.103948    0.000000    0.000000    -0.449274    0.000000    0.000000  
49.524952    0.114276    0.000000    0.000000    0.099421    0.000000    0.000000    -0.452861    0.000000    0.000000  
49.534953    0.115248    0.000000    0.000000    0.094854    0.000000    0.000000    -0.456150    0.000000    0.000000  
49.544954    0.116174    0.000000    0.000000    0.090251    0.000000    0.000000    -0.459166    0.000000    0.000000  
49.554955    0.117055    0.000000    0.000000    0.085617    0.000000    0.000000    -0.461933    0.000000    0.000000  
49.564956    0.117888    0.000000    0.000000    0.080957    0.000000    0.000000    -0.464475    0.000000    0.000000  
49.574957    0.118676    0.000000    0.000000    0.076275    0.000000    0.000000    -0.466818    0.000000    0.000000  
49.584958    0.119416    0.000000    0.000000    0.071576    0.000000    0.000000    -0.468986    0.000000    0.000000  
49.594959    0.120109    0.000000    0.000000    0.066864    0.000000    0.000000    -0.471003    0.000000    0.000000  
49.604960    0.120754    0.000000    0.000000    0.062144    0.000000    0.000000    -0.472893    0.000000    0.000000  
49.614961    0.121351    0.000000    0.000000    0.057417    0.000000    0.000000    -0.474679    0.000000    0.000000  
49.624962    0.121900    0.000000    0.000000    0.052681    0.000000    0.000000    -0.476379    0.000000    0.000000  
49.634963    0.122402    0.000000    0.000000    0.047934    0.000000    0.000000    -0.478012    0.000000    0.000000  
49.644964    0.122855    0.000000    0.000000    0.043173    0.000000    0.000000    -0.479597    0.000000    0.000000  
49.654965    0.123261    0.000000    0.000000    0.038398    0.000000    0.000000    -0.481154    0.000000    0.000000  
49.664966    0.123619    0.000000    0.000000    0.033605    0.000000    0.000000    -0.482700    0.000000    0.000000  
49.674967    0.123929    0.000000    0.000000    0.028793    0.000000    0.000000    -0.484255    0.000000    0.000000  
49.684968    0.124191    0.000000    0.000000    0.023959    0.000000    0.000000    -0.485838    0.000000    0.000000  
49.694969    0.124406    0.000000    0.000000    0.019101    0.000000    0.000000    -0.487467    0.000000    0.000000  
49.704970    0.124572    0.000000    0.000000    0.014217    0.000000    0.000000    -0.489160    0.000000    0.000000  
49.714971    0.124691    0.000000    0.000000    0.009309    0.000000    0.000000    -0.490893    0.000000    0.000000  
49.724972    0.124761    0.000000    0.000000    0.004379    0.000000    0.000000    -0.492601    0.000000    0.000000  
49.734973    0.124783    0.000000    0.000000    -0.000570    0.000000    0.000000    -0.494217    0.000000    0.000000  
49.744974    0.124756    0.000000    0.000000    -0.005533    0.000000    0.000000    -0.495675    0.000000    0.000000  
49.754975    0.124679    0.000000    0.000000    -0.010508    0.000000    0.000000    -0.496908    0.000000    0.000000  
49.764976    0.124552    0.000000    0.000000    -0.015490    0.000000    0.000000    -0.497848    0.000000    0.000000  
49.774977    0.124375    0.000000    0.000000    -0.020477    0.000000    0.000000    -0.498431    0.000000    0.000000  
49.784978    0.124148    0.000000    0.000000    -0.025465    0.000000    0.000000    -0.498588    0.000000    0.000000  
49.794979    0.123870    0.000000    0.000000    -0.030450    0.000000    0.000000    -0.498253    0.000000    0.000000  
49.804980    0.123540    0.000000    0.000000    -0.035429    0.000000    0.000000    -0.497362    0.000000    0.000000  
49.814981    0.123160    0.000000    0.000000    -0.040398    0.000000    0.000000    -0.495907    0.000000    0.000000  
49.824982    0.122728    0.000000    0.000000    -0.045353    0.000000    0.000000    -0.493937    0.000000    0.000000  
49.834983    0.122247    0.000000    0.000000    -0.050289    0.000000    0.000000    -0.491503    0.000000    0.000000  
49.844984    0.121717    0.000000    0.000000    -0.055202    0.000000    0.000000    -0.488658    0.000000    0.000000  
49.854985    0.121137    0.000000    0.000000    -0.060086    0.000000    0.000000    -0.485452    0.000000    0.000000  
49.864986    0.120509    0.000000    0.000000    -0.064939    0.000000    0.000000    -0.481937    0.000000    0.000000  
49.874987    0.119833    0.000000    0.000000    -0.069755    0.000000    0.000000    -0.478166    0.000000    0.000000  
49.884988    0.119110    0.000000    0.000000    -0.074530    0.000000    0.000000    -0.474188    0.000000    0.000000  
49.894989    0.118340    0.000000    0.000000    -0.079260    0.000000    0.000000    -0.470057    0.000000    0.000000  
49.904990    0.117524    0.000000    0.000000    -0.083940    0.000000    0.000000    -0.465822    0.000000    0.000000  
49.914991    0.116662    0.000000    0.000000    -0.088568    0.000000    0.000000    -0.461509    0.000000    0.000000  
49.924992    0.115754    0.000000    0.000000    -0.093147    0.000000    0.000000    -0.457123    0.000000    0.000000  
49.934993    0.114802    0.000000    0.000000    -0.097676    0.000000    0.000000    -0.452663    0.000000    0.000000  
49.944994    0.113805    0.000000    0.000000    -0.102157    0.000000    0.000000    -0.448133    0.000000    0.000000  
49.954995    0.112763    0.000000    0.000000    -0.106592    0.000000    0.000000    -0.443532    0.000000    0.000000  
49.964996    0.111676    0.000000    0.000000    -0.110982    0.000000    0.000000    -0.438864    0.000000    0.000000  
49.974997    0.110546    0.000000    0.000000    -0.115327    0.000000    0.000000    -0.434129    0.000000    0.000000  
49.984998    0.109372    0.000000    0.000000    -0.119630    0.000000    0.000000    -0.429329    0.000000    0.000000  
49.994999    0.108155    0.000000    0.000000    -0.123891    0.000000    0.000000    -0.424466    0.000000    0.000000  
