3001
0.0000 5.00000000 0.00000000 -2.00000000 1.57079633 0.00000000 0.00000000 -0.00000000 0.00000000 0.00000000
0.0100 5.01570780 0.00000000 -2.00000000 1.57074788 0.00000000 0.00000000 -0.00968936 0.00000000 0.00000000
0.0200 5.03141463 0.00000000 -2.00000000 1.57060254 0.00000000 0.00000000 -0.01937813 0.00000000 0.00000000
0.0300 5.04711953 0.00000000 -2.00000000 1.57036032 0.00000000 0.00000000 -0.02906569 0.00000000 0.00000000
0.0400 5.06282152 0.00000000 -2.00000000 1.57002123 0.00000000 0.00000000 -0.03875147 0.00000000 0.00000000
0.0500 5.07851963 0.00000000 -2.00000000 1.56958530 0.00000000 0.00000000 -0.04843486 0.00000000 0.00000000
0.0600 5.09421290 0.00000000 -2.00000000 1.56905255 0.00000000 0.00000000 -0.05811525 0.00000000 0.00000000
0.0700 5.10990036 0.00000000 -2.00000000 1.56842301 0.00000000 0.00000000 -0.06779207 0.00000000 0.00000000
0.0800 5.12558104 0.00000000 -2.00000000 1.56769672 0.00000000 0.00000000 -0.07746470 0.00000000 0.00000000
0.0900 5.14125397 0.00000000 -2.00000000 1.56687373 0.00000000 0.00000000 -0.08713255 0.00000000 0.00000000
0.1000 5.15691819 0.00000000 -2.00000000 1.56595409 0.00000000 0.00000000 -0.09679503 0.00000000 0.00000000
0.1100 5.17257273 0.00000000 -2.00000000 1.56493785 0.00000000 0.00000000 -0.10645154 0.00000000 0.00000000
0.1200 5.18821663 0.00000000 -2.00000000 1.56382508 0.00000000 0.00000000 -0.11610148 0.00000000 0.00000000
0.1300 5.20384891 0.00000000 -2.00000000 1.56261584 0.00000000 0.00000000 -0.12574426 0.00000000 0.00000000
0.1400 5.21946862 0.00000000 -2.00000000 1.56131022 0.00000000 0.00000000 -0.13537928 0.00000000 0.00000000
0.1500 5.23507479 0.00000000 -2.00000000 1.55990828 0.00000000 0.00000000 -0.14500595 0.00000000 0.00000000
0.1600 5.25066647 0.00000000 -2.00000000 1.55841013 0.00000000 0.00000000 -0.15462368 0.00000000 0.00000000
0.1700 5.26624268 0.00000000 -2.00000000 1.55681584 0.00000000 0.00000000 -0.16423187 0.00000000 0.00000000
0.1800 5.28180246 0.00000000 -2.00000000 1.55512552 0.00000000 0.00000000 -0.17382993 0.00000000 0.00000000
0.1900 5.29734487 0.00000000 -2.00000000 1.55333928 0.00000000 0.00000000 -0.18341726 0.00000000 0.00000000
0.2000 5.31286893 0.00000000 -2.00000000 1.55145722 0.00000000 0.00000000 -0.19299329 0.00000000 0.00000000
0.2100 5.32837369 0.00000000 -2.00000000 1.54947945 0.00000000 0.00000000 -0.20255740 0.00000000 0.00000000
0.2200 5.34385820 0.00000000 -2.00000000 1.54740611 0.00000000 0.00000000 -0.21210903 0.00000000 0.00000000
0.2300 5.35932150 0.00000000 -2.00000000 1.54523732 0.00000000 0.00000000 -0.22164756 0.00000000 0.00000000
0.2400 5.37476263 0.00000000 -2.00000000 1.54297321 0.00000000 0.00000000 -0.23117243 0.00000000 0.00000000
0.2500 5.39018064 0.00000000 -2.00000000 1.54061392 0.00000000 0.00000000 -0.24068304 0.00000000 0.00000000
0.2600 5.40557459 0.00000000 -2.00000000 1.53815959 0.00000000 0.00000000 -0.25017880 0.00000000 0.00000000
0.2700 5.42094352 0.00000000 -2.00000000 1.53561039 0.00000000 0.00000000 -0.25965913 0.00000000 0.00000000
0.2800 5.43628648 0.00000000 -2.00000000 1.53296646 0.00000000 0.00000000 -0.26912344 0.00000000 0.00000000
0.2900 5.45160253 0.00000000 -2.00000000 1.53022798 0.00000000 0.00000000 -0.27857115 0.00000000 0.00000000
0.3000 5.46689073 0.00000000 -2.00000000 1.52739510 0.00000000 0.00000000 -0.28800167 0.00000000 0.00000000
0.3100 5.48215012 0.00000000 -2.00000000 1.52446800 0.00000000 0.00000000 -0.29741444 0.00000000 0.00000000
0.3200 5.49737977 0.00000000 -2.00000000 1.52144687 0.00000000 0.00000000 -0.30680885 0.00000000 0.00000000
0.3300 5.51257875 0.00000000 -2.00000000 1.51833189 0.00000000 0.00000000 -0.31618434 0.00000000 0.00000000
0.3400 5.52774610 0.00000000 -2.00000000 1.51512325 0.00000000 0.00000000 -0.32554033 0.00000000 0.00000000
0.3500 5.54288090 0.00000000 -2.00000000 1.51182115 0.00000000 0.00000000 -0.33487623 0.00000000 0.00000000
0.3600 5.55798221 0.00000000 -2.00000000 1.50842579 0.00000000 0.00000000 -0.34419148 0.00000000 0.00000000
0.3700 5.57304911 0.00000000 -2.00000000 1.50493739 0.00000000 0.00000000 -0.35348550 0.00000000 0.00000000
0.3800 5.58808065 0.00000000 -2.00000000 1.50135616 0.00000000 0.00000000 -0.36275771 0.00000000 0.00000000
0.3900 5.60307592 0.00000000 -2.00000000 1.49768231 0.00000000 0.00000000 -0.37200755 0.00000000 0.00000000
0.4000 5.61803399 0.00000000 -2.00000000 1.49391608 0.00000000 0.00000000 -0.38123444 0.00000000 0.00000000
0.4100 5.63295393 0.00000000 -2.00000000 1.49005770 0.00000000 0.00000000 -0.39043781 0.00000000 0.00000000
0.4200 5.64783484 0.00000000 -2.00000000 1.48610741 0.00000000 0.00000000 -0.39961710 0.00000000 0.00000000
0.4300 5.66267578 0.00000000 -2.00000000 1.48206544 0.00000000 0.00000000 -0.40877174 0.00000000 0.00000000
0.4400 5.67747584 0.00000000 -2.00000000 1.47793206 0.00000000 0.00000000 -0.41790116 0.00000000 0.00000000
0.4500 5.69223411 0.00000000 -2.00000000 1.47370750 0.00000000 0.00000000 -0.42700480 0.00000000 0.00000000
0.4600 5.70694969 0.00000000 -2.00000000 1.46939205 0.00000000 0.00000000 -0.43608211 0.00000000 0.00000000
0.4700 5.72162165 0.00000000 -2.00000000 1.46498595 0.00000000 0.00000000 -0.44513252 0.00000000 0.00000000
0.4800 5.73624911 0.00000000 -2.00000000 1.46048949 0.00000000 0.00000000 -0.45415546 0.00000000 0.00000000
0.4900 5.75083114 0.00000000 -2.00000000 1.45590294 0.00000000 0.00000000 -0.46315040 0.00000000 0.00000000
0.5000 5.76536686 0.00000000 -2.00000000 1.45122658 0.00000000 0.00000000 -0.47211676 0.00000000 0.00000000
0.5100 5.77985538 0.00000000 -2.00000000 1.44646070 0.00000000 0.00000000 -0.48105400 0.00000000 0.00000000
0.5200 5.79429578 0.00000000 -2.00000000 1.44160559 0.00000000 0.00000000 -0.48996157 0.00000000 0.00000000
0.5300 5.80868719 0.00000000 -2.00000000 1.43666157 0.00000000 0.00000000 -0.49883892 0.00000000 0.00000000
0.5400 5.82302872 0.00000000 -2.00000000 1.43162892 0.00000000 0.00000000 -0.50768549 0.00000000 0.00000000
0.5500 5.83731948 0.00000000 -2.00000000 1.42650796 0.00000000 0.00000000 -0.51650075 0.00000000 0.00000000
0.5600 5.85155858 0.00000000 -2.00000000 1.42129901 0.00000000 0.00000000 -0.52528415 0.00000000 0.00000000
0.5700 5.86574516 0.00000000 -2.00000000 1.41600239 0.00000000 0.00000000 -0.53403514 0.00000000 0.00000000
0.5800 5.87987834 0.00000000 -2.00000000 1.41061842 0.00000000 0.00000000 -0.54275320 0.00000000 0.00000000
0.5900 5.89395724 0.00000000 -2.00000000 1.40514743 0.00000000 0.00000000 -0.55143777 0.00000000 0.00000000
0.6000 5.90798100 0.00000000 -2.00000000 1.39958978 0.00000000 0.00000000 -0.56008833 0.00000000 0.00000000
0.6100 5.92194875 0.00000000 -2.00000000 1.39394578 0.00000000 0.00000000 -0.56870434 0.00000000 0.00000000
0.6200 5.93585963 0.00000000 -2.00000000 1.38821581 0.00000000 0.00000000 -0.57728527 0.00000000 0.00000000
0.6300 5.94971278 0.00000000 -2.00000000 1.38240020 0.00000000 0.00000000 -0.58583059 0.00000000 0.00000000
0.6400 5.96350735 0.00000000 -2.00000000 1.37649931 0.00000000 0.00000000 -0.59433977 0.00000000 0.00000000
0.6500 5.97724248 0.00000000 -2.00000000 1.37051352 0.00000000 0.00000000 -0.60281229 0.00000000 0.00000000
0.6600 5.99091734 0.00000000 -2.00000000 1.36444319 0.00000000 0.00000000 -0.61124763 0.00000000 0.00000000
0.6700 6.00453107 0.00000000 -2.00000000 1.35828870 0.00000000 0.00000000 -0.61964526 0.00000000 0.00000000
0.6800 6.01808283 0.00000000 -2.00000000 1.35205041 0.00000000 0.00000000 -0.62800467 0.00000000 0.00000000
0.6900 6.03157180 0.00000000 -2.00000000 1.34572873 0.00000000 0.00000000 -0.63632535 0.00000000 0.00000000
0.7000 6.04499713 0.00000000 -2.00000000 1.33932404 0.00000000 0.00000000 -0.64460677 0.00000000 0.00000000
0.7100 6.05835800 0.00000000 -2.00000000 1.33283673 0.00000000 0.00000000 -0.65284842 0.00000000 0.00000000
0.7200 6.07165359 0.00000000 -2.00000000 1.32626720 0.00000000 0.00000000 -0.66104981 0.00000000 0.00000000
0.7300 6.08488307 0.00000000 -2.00000000 1.31961587 0.00000000 0.00000000 -0.66921042 0.00000000 0.00000000
0.7400 6.09804564 0.00000000 -2.00000000 1.31288313 0.00000000 0.00000000 -0.67732975 0.00000000 0.00000000
0.7500 6.11114047 0.00000000 -2.00000000 1.30606941 0.00000000 0.00000000 -0.68540730 0.00000000 0.00000000
0.7600 6.12416676 0.00000000 -2.00000000 1.29917513 0.00000000 0.00000000 -0.69344257 0.00000000 0.00000000
0.7700 6.13712370 0.00000000 -2.00000000 1.29220070 0.00000000 0.00000000 -0.70143507 0.00000000 0.00000000
0.7800 6.15001050 0.00000000 -2.00000000 1.28514657 0.00000000 0.00000000 -0.70938430 0.00000000 0.00000000
0.7900 6.16282637 0.00000000 -2.00000000 1.27801316 0.00000000 0.00000000 -0.71728977 0.00000000 0.00000000
0.8000 6.17557050 0.00000000 -2.00000000 1.27080092 0.00000000 0.00000000 -0.72515099 0.00000000 0.00000000
0.8100 6.18824213 0.00000000 -2.00000000 1.26351029 0.00000000 0.00000000 -0.73296748 0.00000000 0.00000000
0.8200 6.20084045 0.00000000 -2.00000000 1.25614172 0.00000000 0.00000000 -0.74073876 0.00000000 0.00000000
0.8300 6.21336470 0.00000000 -2.00000000 1.24869567 0.00000000 0.00000000 -0.74846435 0.00000000 0.00000000
0.8400 6.22581411 0.00000000 -2.00000000 1.24117259 0.00000000 0.00000000 -0.75614377 0.00000000 0.00000000
0.8500 6.23818790 0.00000000 -2.00000000 1.23357295 0.00000000 0.00000000 -0.76377655 0.00000000 0.00000000
0.8600 6.25048531 0.00000000 -2.00000000 1.22589722 0.00000000 0.00000000 -0.77136221 0.00000000 0.00000000
0.8700 6.26270559 0.00000000 -2.00000000 1.21814586 0.00000000 0.00000000 -0.77890029 0.00000000 0.00000000
0.8800 6.27484798 0.00000000 -2.00000000 1.21031937 0.00000000 0.00000000 -0.78639033 0.00000000 0.00000000
0.8900 6.28691173 0.00000000 -2.00000000 1.20241822 0.00000000 0.00000000 -0.79383185 0.00000000 0.00000000
0.9000 6.29889610 0.00000000 -2.00000000 1.19444290 0.00000000 0.00000000 -0.80122441 0.00000000 0.00000000
0.9100 6.31080034 0.00000000 -2.00000000 1.18639390 0.00000000 0.00000000 -0.80856755 0.00000000 0.00000000
0.9200 6.32262373 0.00000000 -2.00000000 1.17827171 0.00000000 0.00000000 -0.81586081 0.00000000 0.00000000
0.9300 6.33436553 0.00000000 -2.00000000 1.17007685 0.00000000 0.00000000 -0.82310375 0.00000000 0.00000000
0.9400 6.34602503 0.00000000 -2.00000000 1.16180981 0.00000000 0.00000000 -0.83029591 0.00000000 0.00000000
0.9500 6.35760149 0.00000000 -2.00000000 1.15347110 0.00000000 0.00000000 -0.83743685 0.00000000 0.00000000
0.9600 6.36909421 0.00000000 -2.00000000 1.14506124 0.00000000 0.00000000 -0.84452614 0.00000000 0.00000000
0.9700 6.38050248 0.00000000 -2.00000000 1.13658075 0.00000000 0.00000000 -0.85156333 0.00000000 0.00000000
0.9800 6.39182559 0.00000000 -2.00000000 1.12803015 0.00000000 0.00000000 -0.85854800 0.00000000 0.00000000
0.9900 6.40306285 0.00000000 -2.00000000 1.11940997 0.00000000 0.00000000 -0.86547971 0.00000000 0.00000000
1.0000 6.41421356 0.00000000 -2.00000000 1.11072073 0.00000000 0.00000000 -0.87235802 0.00000000 0.00000000
1.0100 6.42527704 0.00000000 -2.00000000 1.10196299 0.00000000 0.00000000 -0.87918253 0.00000000 0.00000000
1.0200 6.43625260 0.00000000 -2.00000000 1.09313726 0.00000000 0.00000000 -0.88595281 0.00000000 0.00000000
1.0300 6.44713956 0.00000000 -2.00000000 1.08424411 0.00000000 0.00000000 -0.89266843 0.00000000 0.00000000
1.0400 6.45793725 0.00000000 -2.00000000 1.07528408 0.00000000 0.00000000 -0.89932900 0.00000000 0.00000000
1.0500 6.46864502 0.00000000 -2.00000000 1.06625772 0.00000000 0.00000000 -0.90593408 0.00000000 0.00000000
1.0600 6.47926219 0.00000000 -2.00000000 1.05716558 0.00000000 0.00000000 -0.91248329 0.00000000 0.00000000
1.0700 6.48978811 0.00000000 -2.00000000 1.04800824 0.00000000 0.00000000 -0.91897621 0.00000000 0.00000000
1.0800 6.50022214 0.00000000 -2.00000000 1.03878625 0.00000000 0.00000000 -0.92541244 0.00000000 0.00000000
1.0900 6.51056362 0.00000000 -2.00000000 1.02950018 0.00000000 0.00000000 -0.93179159 0.00000000 0.00000000
1.1000 6.52081193 0.00000000 -2.00000000 1.02015061 0.00000000 0.00000000 -0.93811326 0.00000000 0.00000000
1.1100 6.53096643 0.00000000 -2.00000000 1.01073811 0.00000000 0.00000000 -0.94437706 0.00000000 0.00000000
1.1200 6.54102649 0.00000000 -2.00000000 1.00126326 0.00000000 0.00000000 -0.95058261 0.00000000 0.00000000
1.1300 6.55099149 0.00000000 -2.00000000 0.99172665 0.00000000 0.00000000 -0.95672952 0.00000000 0.00000000
1.1400 6.56086081 0.00000000 -2.00000000 0.98212887 0.00000000 0.00000000 -0.96281742 0.00000000 0.00000000
1.1500 6.57063386 0.00000000 -2.00000000 0.97247050 0.00000000 0.00000000 -0.96884593 0.00000000 0.00000000
1.1600 6.58031002 0.00000000 -2.00000000 0.96275215 0.00000000 0.00000000 -0.97481467 0.00000000 0.00000000
1.1700 6.58988871 0.00000000 -2.00000000 0.95297441 0.00000000 0.00000000 -0.98072329 0.00000000 0.00000000
1.1800 6.59936932 0.00000000 -2.00000000 0.94313788 0.00000000 0.00000000 -0.98657140 0.00000000 0.00000000
1.1900 6.60875127 0.00000000 -2.00000000 0.93324318 0.00000000 0.00000000 -0.99235866 0.00000000 0.00000000
1.2000 6.61803399 0.00000000 -2.00000000 0.92329092 0.00000000 0.00000000 -0.99808471 0.00000000 0.00000000
1.2100 6.62721690 0.00000000 -2.00000000 0.91328169 0.00000000 0.00000000 -1.00374919 0.00000000 0.00000000
1.2200 6.63629943 0.00000000 -2.00000000 0.90321614 0.00000000 0.00000000 -1.00935176 0.00000000 0.00000000
1.2300 6.64528104 0.00000000 -2.00000000 0.89309487 0.00000000 0.00000000 -1.01489206 0.00000000 0.00000000
1.2400 6.65416115 0.00000000 -2.00000000 0.88291851 0.00000000 0.00000000 -1.02036976 0.00000000 0.00000000
1.2500 6.66293922 0.00000000 -2.00000000 0.87268768 0.00000000 0.00000000 -1.02578452 0.00000000 0.00000000
1.2600 6.67161472 0.00000000 -2.00000000 0.86240303 0.00000000 0.00000000 -1.03113600 0.00000000 0.00000000
1.2700 6.68018711 0.00000000 -2.00000000 0.85206517 0.00000000 0.00000000 -1.03642388 0.00000000 0.00000000
1.2800 6.68865585 0.00000000 -2.00000000 0.84167476 0.00000000 0.00000000 -1.04164783 0.00000000 0.00000000
1.2900 6.69702043 0.00000000 -2.00000000 0.83123243 0.00000000 0.00000000 -1.04680752 0.00000000 0.00000000
1.3000 6.70528033 0.00000000 -2.00000000 0.82073883 0.00000000 0.00000000 -1.05190264 0.00000000 0.00000000
1.3100 6.71343504 0.00000000 -2.00000000 0.81019459 0.00000000 0.00000000 -1.05693287 0.00000000 0.00000000
1.3200 6.72148405 0.00000000 -2.00000000 0.79960039 0.00000000 0.00000000 -1.06189791 0.00000000 0.00000000
1.3300 6.72942688 0.00000000 -2.00000000 0.78895685 0.00000000 0.00000000 -1.06679745 0.00000000 0.00000000
1.3400 6.73726303 0.00000000 -2.00000000 0.77826466 0.00000000 0.00000000 -1.07163118 0.00000000 0.00000000
1.3500 6.74499201 0.00000000 -2.00000000 0.76752445 0.00000000 0.00000000 -1.07639880 0.00000000 0.00000000
1.3600 6.75261336 0.00000000 -2.00000000 0.75673690 0.00000000 0.00000000 -1.08110003 0.00000000 0.00000000
1.3700 6.76012660 0.00000000 -2.00000000 0.74590267 0.00000000 0.00000000 -1.08573458 0.00000000 0.00000000
1.3800 6.76753126 0.00000000 -2.00000000 0.73502243 0.00000000 0.00000000 -1.09030214 0.00000000 0.00000000
1.3900 6.77482689 0.00000000 -2.00000000 0.72409685 0.00000000 0.00000000 -1.09480246 0.00000000 0.00000000
1.4000 6.78201305 0.00000000 -2.00000000 0.71312661 0.00000000 0.00000000 -1.09923524 0.00000000 0.00000000
1.4100 6.78908928 0.00000000 -2.00000000 0.70211238 0.00000000 0.00000000 -1.10360021 0.00000000 0.00000000
1.4200 6.79605515 0.00000000 -2.00000000 0.69105483 0.00000000 0.00000000 -1.10789711 0.00000000 0.00000000
1.4300 6.80291023 0.00000000 -2.00000000 0.67995466 0.00000000 0.00000000 -1.11212567 0.00000000 0.00000000
1.4400 6.80965410 0.00000000 -2.00000000 0.66881255 0.00000000 0.00000000 -1.11628563 0.00000000 0.00000000
1.4500 6.81628635 0.00000000 -2.00000000 0.65762918 0.00000000 0.00000000 -1.12037673 0.00000000 0.00000000
1.4600 6.82280655 0.00000000 -2.00000000 0.64640524 0.00000000 0.00000000 -1.12439872 0.00000000 0.00000000
1.4700 6.82921432 0.00000000 -2.00000000 0.63514143 0.00000000 0.00000000 -1.12835136 0.00000000 0.00000000
1.4800 6.83550925 0.00000000 -2.00000000 0.62383845 0.00000000 0.00000000 -1.13223439 0.00000000 0.00000000
1.4900 6.84169096 0.00000000 -2.00000000 0.61249698 0.00000000 0.00000000 -1.13604758 0.00000000 0.00000000
1.5000 6.84775907 0.00000000 -2.00000000 0.60111773 0.00000000 0.00000000 -1.13979069 0.00000000 0.00000000
1.5100 6.85371319 0.00000000 -2.00000000 0.58970140 0.00000000 0.00000000 -1.14346349 0.00000000 0.00000000
1.5200 6.85955297 0.00000000 -2.00000000 0.57824870 0.00000000 0.00000000 -1.14706576 0.00000000 0.00000000
1.5300 6.86527805 0.00000000 -2.00000000 0.56676032 0.00000000 0.00000000 -1.15059728 0.00000000 0.00000000
1.5400 6.87088806 0.00000000 -2.00000000 0.55523699 0.00000000 0.00000000 -1.15405782 0.00000000 0.00000000
1.5500 6.87638267 0.00000000 -2.00000000 0.54367940 0.00000000 0.00000000 -1.15744717 0.00000000 0.00000000
1.5600 6.88176154 0.00000000 -2.00000000 0.53208828 0.00000000 0.00000000 -1.16076512 0.00000000 0.00000000
1.5700 6.88702433 0.00000000 -2.00000000 0.52046434 0.00000000 0.00000000 -1.16401148 0.00000000 0.00000000
1.5800 6.89217072 0.00000000 -2.00000000 0.50880829 0.00000000 0.00000000 -1.16718603 0.00000000 0.00000000
1.5900 6.89720039 0.00000000 -2.00000000 0.49712086 0.00000000 0.00000000 -1.17028858 0.00000000 0.00000000
1.6000 6.90211303 0.00000000 -2.00000000 0.48540276 0.00000000 0.00000000 -1.17331895 0.00000000 0.00000000
1.6100 6.90690834 0.00000000 -2.00000000 0.47365472 0.00000000 0.00000000 -1.17627694 0.00000000 0.00000000
1.6200 6.91158603 0.00000000 -2.00000000 0.46187746 0.00000000 0.00000000 -1.17916237 0.00000000 0.00000000
1.6300 6.91614580 0.00000000 -2.00000000 0.45007171 0.00000000 0.00000000 -1.18197506 0.00000000 0.00000000
1.6400 6.92058737 0.00000000 -2.00000000 0.43823820 0.00000000 0.00000000 -1.18471485 0.00000000 0.00000000
1.6500 6.92491047 0.00000000 -2.00000000 0.42637766 0.00000000 0.00000000 -1.18738155 0.00000000 0.00000000
1.6600 6.92911484 0.00000000 -2.00000000 0.41449082 0.00000000 0.00000000 -1.18997502 0.00000000 0.00000000
1.6700 6.93320020 0.00000000 -2.00000000 0.40257841 0.00000000 0.00000000 -1.19249508 0.00000000 0.00000000
1.6800 6.93716632 0.00000000 -2.00000000 0.39064116 0.00000000 0.00000000 -1.19494158 0.00000000 0.00000000
1.6900 6.94101295 0.00000000 -2.00000000 0.37867982 0.00000000 0.00000000 -1.19731437 0.00000000 0.00000000
1.7000 6.94473984 0.00000000 -2.00000000 0.36669512 0.00000000 0.00000000 -1.19961331 0.00000000 0.00000000
1.7100 6.94834677 0.00000000 -2.00000000 0.35468780 0.00000000 0.00000000 -1.20183824 0.00000000 0.00000000
1.7200 6.95183352 0.00000000 -2.00000000 0.34265860 0.00000000 0.00000000 -1.20398905 0.00000000 0.00000000
1.7300 6.95519988 0.00000000 -2.00000000 0.33060827 0.00000000 0.00000000 -1.20606558 0.00000000 0.00000000
1.7400 6.95844562 0.00000000 -2.00000000 0.31853754 0.00000000 0.00000000 -1.20806772 0.00000000 0.00000000
1.7500 6.96157056 0.00000000 -2.00000000 0.30644716 0.00000000 0.00000000 -1.20999534 0.00000000 0.00000000
1.7600 6.96457450 0.00000000 -2.00000000 0.29433788 0.00000000 0.00000000 -1.21184832 0.00000000 0.00000000
1.7700 6.96745726 0.00000000 -2.00000000 0.28221044 0.00000000 0.00000000 -1.21362655 0.00000000 0.00000000
1.7800 6.97021865 0.00000000 -2.00000000 0.27006560 0.00000000 0.00000000 -1.21532992 0.00000000 0.00000000
1.7900 6.97285851 0.00000000 -2.00000000 0.25790410 0.00000000 0.00000000 -1.21695832 0.00000000 0.00000000
1.8000 6.97537668 0.00000000 -2.00000000 0.24572668 0.00000000 0.00000000 -1.21851165 0.00000000 0.00000000
1.8100 6.97777300 0.00000000 -2.00000000 0.23353411 0.00000000 0.00000000 -1.21998982 0.00000000 0.00000000
1.8200 6.98004732 0.00000000 -2.00000000 0.22132714 0.00000000 0.00000000 -1.22139273 0.00000000 0.00000000
1.8300 6.98219949 0.00000000 -2.00000000 0.20910651 0.00000000 0.00000000 -1.22272030 0.00000000 0.00000000
1.8400 6.98422940 0.00000000 -2.00000000 0.19687298 0.00000000 0.00000000 -1.22397245 0.00000000 0.00000000
1.8500 6.98613691 0.00000000 -2.00000000 0.18462731 0.00000000 0.00000000 -1.22514910 0.00000000 0.00000000
1.8600 6.98792191 0.00000000 -2.00000000 0.17237025 0.00000000 0.00000000 -1.22625018 0.00000000 0.00000000
1.8700 6.98958428 0.00000000 -2.00000000 0.16010256 0.00000000 0.00000000 -1.22727561 0.00000000 0.00000000
1.8800 6.99112393 0.00000000 -2.00000000 0.14782499 0.00000000 0.00000000 -1.22822534 0.00000000 0.00000000
1.8900 6.99254075 0.00000000 -2.00000000 0.13553831 0.00000000 0.00000000 -1.22909931 0.00000000 0.00000000
1.9000 6.99383467 0.00000000 -2.00000000 0.12324326 0.00000000 0.00000000 -1.22989746 0.00000000 0.00000000
1.9100 6.99500559 0.00000000 -2.00000000 0.11094061 0.00000000 0.00000000 -1.23061975 0.00000000 0.00000000
1.9200 6.99605346 0.00000000 -2.00000000 0.09863112 0.00000000 0.00000000 -1.23126612 0.00000000 0.00000000
1.9300 6.99697819 0.00000000 -2.00000000 0.08631554 0.00000000 0.00000000 -1.23183655 0.00000000 0.00000000
1.9400 6.99777975 0.00000000 -2.00000000 0.07399464 0.00000000 0.00000000 -1.23233099 0.00000000 0.00000000
1.9500 6.99845807 0.00000000 -2.00000000 0.06166917 0.00000000 0.00000000 -1.23274941 0.00000000 0.00000000
1.9600 6.99901312 0.00000000 -2.00000000 0.04933990 0.00000000 0.00000000 -1.23309179 0.00000000 0.00000000
1.9700 6.99944486 0.00000000 -2.00000000 0.03700759 0.00000000 0.00000000 -1.23335811 0.00000000 0.00000000
1.9800 6.99975326 0.00000000 -2.00000000 0.02467300 0.00000000 0.00000000 -1.23354835 0.00000000 0.00000000
1.9900 6.99993832 0.00000000 -2.00000000 0.01233688 0.00000000 0.00000000 -1.23366250 0.00000000 0.00000000
2.0000 7.00000000 0.00000000 -2.00000000 0.00000000 0.00000000 0.00000000 -1.23370055 0.00000000 0.00000000
2.0100 6.99993832 0.00000000 -2.00000000 -0.01233688 0.00000000 0.00000000 -1.23366250 0.00000000 0.00000000
2.0200 6.99975326 0.00000000 -2.00000000 -0.02467300 0.00000000 0.00000000 -1.23354835 0.00000000 0.00000000
2.0300 6.99944486 0.00000000 -2.00000000 -0.03700759 0.00000000 0.00000000 -1.23335811 0.00000000 0.00000000
2.0400 6.99901312 0.00000000 -2.00000000 -0.04933990 0.00000000 0.00000000 -1.23309179 0.00000000 0.00000000
2.0500 6.99845807 0.00000000 -2.00000000 -0.06166917 0.00000000 0.00000000 -1.23274941 0.00000000 0.00000000
2.0600 6.99777975 0.00000000 -2.00000000 -0.07399464 0.00000000 0.00000000 -1.23233099 0.00000000 0.00000000
2.0700 6.99697819 0.00000000 -2.00000000 -0.08631554 0.00000000 0.00000000 -1.23183655 0.00000000 0.00000000
2.0800 6.99605346 0.00000000 -2.00000000 -0.09863112 0.00000000 0.00000000 -1.23126612 0.00000000 0.00000000
2.0900 6.99500559 0.00000000 -2.00000000 -0.11094061 0.00000000 0.00000000 -1.23061975 0.00000000 0.00000000
2.1000 6.99383467 0.00000000 -2.00000000 -0.12324326 0.00000000 0.00000000 -1.22989746 0.00000000 0.00000000
2.1100 6.99254075 0.00000000 -2.00000000 -0.13553831 0.00000000 0.00000000 -1.22909931 0.00000000 0.00000000
2.1200 6.99112393 0.00000000 -2.00000000 -0.14782499 0.00000000 0.00000000 -1.22822534 0.00000000 0.00000000
2.1300 6.98958428 0.00000000 -2.00000000 -0.16010256 0.00000000 0.00000000 -1.22727561 0.00000000 0.00000000
2.1400 6.98792191 0.00000000 -2.00000000 -0.17237025 0.00000000 0.00000000 -1.22625018 0.00000000 0.00000000
2.1500 6.98613691 0.00000000 -2.00000000 -0.18462731 0.00000000 0.00000000 -1.22514910 0.00000000 0.00000000
2.1600 6.98422940 0.00000000 -2.00000000 -0.19687298 0.00000000 0.00000000 -1.22397245 0.00000000 0.00000000
2.1700 6.98219949 0.00000000 -2.00000000 -0.20910651 0.00000000 0.00000000 -1.22272030 0.00000000 0.00000000
2.1800 6.98004732 0.00000000 -2.00000000 -0.22132714 0.00000000 0.00000000 -1.22139273 0.00000000 0.00000000
2.1900 6.97777300 0.00000000 -2.00000000 -0.23353411 0.00000000 0.00000000 -1.21998982 0.00000000 0.00000000
2.2000 6.97537668 0.00000000 -2.00000000 -0.24572668 0.00000000 0.00000000 -1.21851165 0.00000000 0.00000000
2.2100 6.97285851 0.00000000 -2.00000000 -0.25790410 0.00000000 0.00000000 -1.21695832 0.00000000 0.00000000
2.2200 6.97021865 0.00000000 -2.00000000 -0.27006560 0.00000000 0.00000000 -1.21532992 0.00000000 0.00000000
2.2300 6.96745726 0.00000000 -2.00000000 -0.28221044 0.00000000 0.00000000 -1.21362655 0.00000000 0.00000000
2.2400 6.96457450 0.00000000 -2.00000000 -0.29433788 0.00000000 0.00000000 -1.21184832 0.00000000 0.00000000
2.2500 6.96157056 0.00000000 -2.00000000 -0.30644716 0.00000000 0.00000000 -1.20999534 0.00000000 0.00000000
2.2600 6.95844562 0.00000000 -2.00000000 -0.31853754 0.00000000 0.00000000 -1.20806772 0.00000000 0.00000000
2.2700 6.95519988 0.00000000 -2.00000000 -0.33060827 0.00000000 0.00000000 -1.20606558 0.00000000 0.00000000
2.2800 6.95183352 0.00000000 -2.00000000 -0.34265860 0.00000000 0.00000000 -1.20398905 0.00000000 0.00000000
2.2900 6.94834677 0.00000000 -2.00000000 -0.35468780 0.00000000 0.00000000 -1.20183824 0.00000000 0.00000000
2.3000 6.94473984 0.00000000 -2.00000000 -0.36669512 0.00000000 0.00000000 -1.19961331 0.00000000 0.00000000
2.3100 6.94101295 0.00000000 -2.00000000 -0.37867982 0.00000000 0.00000000 -1.19731437 0.00000000 0.00000000
2.3200 6.93716632 0.00000000 -2.00000000 -0.39064116 0.00000000 0.00000000 -1.19494158 0.00000000 0.00000000
2.3300 6.93320020 0.00000000 -2.00000000 -0.40257841 0.00000000 0.00000000 -1.19249508 0.00000000 0.00000000
2.3400 6.92911484 0.00000000 -2.00000000 -0.41449082 0.00000000 0.00000000 -1.18997502 0.00000000 0.00000000
2.3500 6.92491047 0.00000000 -2.00000000 -0.42637766 0.00000000 0.00000000 -1.18738155 0.00000000 0.00000000
2.3600 6.92058737 0.00000000 -2.00000000 -0.43823820 0.00000000 0.00000000 -1.18471485 0.00000000 0.00000000
2.3700 6.91614580 0.00000000 -2.00000000 -0.45007171 0.00000000 0.00000000 -1.18197506 0.00000000 0.00000000
2.3800 6.91158603 0.00000000 -2.00000000 -0.46187746 0.00000000 0.00000000 -1.17916237 0.00000000 0.00000000
2.3900 6.90690834 0.00000000 -2.00000000 -0.47365472 0.00000000 0.00000000 -1.17627694 0.00000000 0.00000000
2.4000 6.90211303 0.00000000 -2.00000000 -0.48540276 0.00000000 0.00000000 -1.17331895 0.00000000 0.00000000
2.4100 6.89720039 0.00000000 -2.00000000 -0.49712086 0.00000000 0.00000000 -1.17028858 0.00000000 0.00000000
2.4200 6.89217072 0.00000000 -2.00000000 -0.50880829 0.00000000 0.00000000 -1.16718603 0.00000000 0.00000000
2.4300 6.88702433 0.00000000 -2.00000000 -0.52046434 0.00000000 0.00000000 -1.16401148 0.00000000 0.00000000
2.4400 6.88176154 0.00000000 -2.00000000 -0.53208828 0.00000000 0.00000000 -1.16076512 0.00000000 0.00000000
2.4500 6.87638267 0.00000000 -2.00000000 -0.54367940 0.00000000 0.00000000 -1.15744717 0.00000000 0.00000000
2.4600 6.87088806 0.00000000 -2.00000000 -0.55523699 0.00000000 0.00000000 -1.15405782 0.00000000 0.00000000
2.4700 6.86527805 0.00000000 -2.00000000 -0.56676032 0.00000000 0.00000000 -1.15059728 0.00000000 0.00000000
2.4800 6.85955297 0.00000000 -2.00000000 -0.57824870 0.00000000 0.00000000 -1.14706576 0.00000000 0.00000000
2.4900 6.85371319 0.00000000 -2.00000000 -0.58970140 0.00000000 0.00000000 -1.14346349 0.00000000 0.00000000
2.5000 6.84775907 0.00000000 -2.00000000 -0.60111773 0.00000000 0.00000000 -1.13979069 0.00000000 0.00000000
2.5100 6.84169096 0.00000000 -2.00000000 -0.61249698 0.00000000 0.00000000 -1.13604758 0.00000000 0.00000000
2.5200 6.83550925 0.00000000 -2.00000000 -0.62383845 0.00000000 0.00000000 -1.13223439 0.00000000 0.00000000
2.5300 6.82921432 0.00000000 -2.00000000 -0.63514143 0.00000000 0.00000000 -1.12835136 0.00000000 0.00000000
2.5400 6.82280655 0.00000000 -2.00000000 -0.64640524 0.00000000 0.00000000 -1.12439872 0.00000000 0.00000000
2.5500 6.81628635 0.00000000 -2.00000000 -0.65762918 0.00000000 0.00000000 -1.12037673 0.00000000 0.00000000
2.5600 6.80965410 0.00000000 -2.00000000 -0.66881255 0.00000000 0.00000000 -1.11628563 0.00000000 0.00000000
2.5700 6.80291023 0.00000000 -2.00000000 -0.67995466 0.00000000 0.00000000 -1.11212567 0.00000000 0.00000000
2.5800 6.79605515 0.00000000 -2.00000000 -0.69105483 0.00000000 0.00000000 -1.10789711 0.00000000 0.00000000
2.5900 6.78908928 0.00000000 -2.00000000 -0.70211238 0.00000000 0.00000000 -1.10360021 0.00000000 0.00000000
2.6000 6.78201305 0.00000000 -2.00000000 -0.71312661 0.00000000 0.00000000 -1.09923524 0.00000000 0.00000000
2.6100 6.77482689 0.00000000 -2.00000000 -0.72409685 0.00000000 0.00000000 -1.09480246 0.00000000 0.00000000
2.6200 6.76753126 0.00000000 -2.00000000 -0.73502243 0.00000000 0.00000000 -1.09030214 0.00000000 0.00000000
2.6300 6.76012660 0.00000000 -2.00000000 -0.74590267 0.00000000 0.00000000 -1.08573458 0.00000000 0.00000000
2.6400 6.75261336 0.00000000 -2.00000000 -0.75673690 0.00000000 0.00000000 -1.08110003 0.00000000 0.00000000
2.6500 6.74499201 0.00000000 -2.00000000 -0.76752445 0.00000000 0.00000000 -1.07639880 0.00000000 0.00000000
2.6600 6.73726303 0.00000000 -2.00000000 -0.77826466 0.00000000 0.00000000 -1.07163118 0.00000000 0.00000000
2.6700 6.72942688 0.00000000 -2.00000000 -0.78895685 0.00000000 0.00000000 -1.06679745 0.00000000 0.00000000
2.6800 6.72148405 0.00000000 -2.00000000 -0.79960039 0.00000000 0.00000000 -1.06189791 0.00000000 0.00000000
2.6900 6.71343504 0.00000000 -2.00000000 -0.81019459 0.00000000 0.00000000 -1.05693287 0.00000000 0.00000000
2.7000 6.70528033 0.00000000 -2.00000000 -0.82073883 0.00000000 0.00000000 -1.05190264 0.00000000 0.00000000
2.7100 6.69702043 0.00000000 -2.00000000 -0.83123243 0.00000000 0.00000000 -1.04680752 0.00000000 0.00000000
2.7200 6.68865585 0.00000000 -2.00000000 -0.84167476 0.00000000 0.00000000 -1.04164783 0.00000000 0.00000000
2.7300 6.68018711 0.00000000 -2.00000000 -0.85206517 0.00000000 0.00000000 -1.03642388 0.00000000 0.00000000
2.7400 6.67161472 0.00000000 -2.00000000 -0.86240303 0.00000000 0.00000000 -1.03113600 0.00000000 0.00000000
2.7500 6.66293922 0.00000000 -2.00000000 -0.87268768 0.00000000 0.00000000 -1.02578452 0.00000000 0.00000000
2.7600 6.65416115 0.00000000 -2.00000000 -0.88291851 0.00000000 0.00000000 -1.02036976 0.00000000 0.00000000
2.7700 6.64528104 0.00000000 -2.00000000 -0.89309487 0.00000000 0.00000000 -1.01489206 0.00000000 0.00000000
2.7800 6.63629943 0.00000000 -2.00000000 -0.90321614 0.00000000 0.00000000 -1.00935176 0.00000000 0.00000000
2.7900 6.62721690 0.00000000 -2.00000000 -0.91328169 0.00000000 0.00000000 -1.00374919 0.00000000 0.00000000
2.8000 6.61803399 0.00000000 -2.00000000 -0.92329092 0.00000000 0.00000000 -0.99808471 0.00000000 0.00000000
2.8100 6.60875127 0.00000000 -2.00000000 -0.93324318 0.00000000 0.00000000 -0.99235866 0.00000000 0.00000000
2.8200 6.59936932 0.00000000 -2.00000000 -0.94313788 0.00000000 0.00000000 -0.98657140 0.00000000 0.00000000
2.8300 6.58988871 0.00000000 -2.00000000 -0.95297441 0.00000000 0.00000000 -0.98072329 0.00000000 0.00000000
2.8400 6.58031002 0.00000000 -2.00000000 -0.96275215 0.00000000 0.00000000 -0.97481467 0.00000000 0.00000000
2.8500 6.57063386 0.00000000 -2.00000000 -0.97247050 0.00000000 0.00000000 -0.96884593 0.00000000 0.00000000
2.8600 6.56086081 0.00000000 -2.00000000 -0.98212887 0.00000000 0.00000000 -0.96281742 0.00000000 0.00000000
2.8700 6.55099149 0.00000000 -2.00000000 -0.99172665 0.00000000 0.00000000 -0.95672952 0.00000000 0.00000000
2.8800 6.54102649 0.00000000 -2.00000000 -1.00126326 0.00000000 0.00000000 -0.95058261 0.00000000 0.00000000
2.8900 6.53096643 0.00000000 -2.00000000 -1.01073811 0.00000000 0.00000000 -0.94437706 0.00000000 0.00000000
2.9000 6.52081193 0.00000000 -2.00000000 -1.02015061 0.00000000 0.00000000 -0.93811326 0.00000000 0.00000000
2.9100 6.51056362 0.00000000 -2.00000000 -1.02950018 0.00000000 0.00000000 -0.93179159 0.00000000 0.00000000
2.9200 6.50022214 0.00000000 -2.00000000 -1.03878625 0.00000000 0.00000000 -0.92541244 0.00000000 0.00000000
2.9300 6.48978811 0.00000000 -2.00000000 -1.04800824 0.00000000 0.00000000 -0.91897621 0.00000000 0.00000000
2.9400 6.47926219 0.00000000 -2.00000000 -1.05716558 0.00000000 0.00000000 -0.91248329 0.00000000 0.00000000
2.9500 6.46864502 0.00000000 -2.00000000 -1.06625772 0.00000000 0.00000000 -0.90593408 0.00000000 0.00000000
2.9600 6.45793725 0.00000000 -2.00000000 -1.07528408 0.00000000 0.00000000 -0.89932900 0.00000000 0.00000000
2.9700 6.44713956 0.00000000 -2.00000000 -1.08424411 0.00000000 0.00000000 -0.89266843 0.00000000 0.00000000
2.9800 6.43625260 0.00000000 -2.00000000 -1.09313726 0.00000000 0.00000000 -0.88595281 0.00000000 0.00000000
2.9900 6.42527704 0.00000000 -2.00000000 -1.10196299 0.00000000 0.00000000 -0.87918253 0.00000000 0.00000000
3.0000 6.41421356 0.00000000 -2.00000000 -1.11072073 0.00000000 0.00000000 -0.87235802 0.00000000 0.00000000
3.0100 6.40306285 0.00000000 -2.00000000 -1.11940997 0.00000000 0.00000000 -0.86547971 0.00000000 0.00000000
3.0200 6.39182559 0.00000000 -2.00000000 -1.12803015 0.00000000 0.00000000 -0.85854800 0.00000000 0.00000000
3.0300 6.38050248 0.00000000 -2.00000000 -1.13658075 0.00000000 0.00000000 -0.85156333 0.00000000 0.00000000
3.0400 6.36909421 0.00000000 -2.00000000 -1.14506124 0.00000000 0.00000000 -0.84452614 0.00000000 0.00000000
3.0500 6.35760149 0.00000000 -2.00000000 -1.15347110 0.00000000 0.00000000 -0.83743685 0.00000000 0.00000000
3.0600 6.34602503 0.00000000 -2.00000000 -1.16180981 0.00000000 0.00000000 -0.83029591 0.00000000 0.00000000
3.0700 6.33436553 0.00000000 -2.00000000 -1.17007685 0.00000000 0.00000000 -0.82310375 0.00000000 0.00000000
3.0800 6.32262373 0.00000000 -2.00000000 -1.17827171 0.00000000 0.00000000 -0.81586081 0.00000000 0.00000000
3.0900 6.31080034 0.00000000 -2.00000000 -1.18639390 0.00000000 0.00000000 -0.80856755 0.00000000 0.00000000
3.1000 6.29889610 0.00000000 -2.00000000 -1.19444290 0.00000000 0.00000000 -0.80122441 0.00000000 0.00000000
3.1100 6.28691173 0.00000000 -2.00000000 -1.20241822 0.00000000 0.00000000 -0.79383185 0.00000000 0.00000000
3.1200 6.27484798 0.00000000 -2.00000000 -1.21031937 0.00000000 0.00000000 -0.78639033 0.00000000 0.00000000
3.1300 6.26270559 0.00000000 -2.00000000 -1.21814586 0.00000000 0.00000000 -0.77890029 0.00000000 0.00000000
3.1400 6.25048531 0.00000000 -2.00000000 -1.22589722 0.00000000 0.00000000 -0.77136221 0.00000000 0.00000000
3.1500 6.23818790 0.00000000 -2.00000000 -1.23357295 0.00000000 0.00000000 -0.76377655 0.00000000 0.00000000
3.1600 6.22581411 0.00000000 -2.00000000 -1.24117259 0.00000000 0.00000000 -0.75614377 0.00000000 0.00000000
3.1700 6.21336470 0.00000000 -2.00000000 -1.24869567 0.00000000 0.00000000 -0.74846435 0.00000000 0.00000000
3.1800 6.20084045 0.00000000 -2.00000000 -1.25614172 0.00000000 0.00000000 -0.74073876 0.00000000 0.00000000
3.1900 6.18824213 0.00000000 -2.00000000 -1.26351029 0.00000000 0.00000000 -0.73296748 0.00000000 0.00000000
3.2000 6.17557050 0.00000000 -2.00000000 -1.27080092 0.00000000 0.00000000 -0.72515099 0.00000000 0.00000000
3.2100 6.16282637 0.00000000 -2.00000000 -1.27801316 0.00000000 0.00000000 -0.71728977 0.00000000 0.00000000
3.2200 6.15001050 0.00000000 -2.00000000 -1.28514657 0.00000000 0.00000000 -0.70938430 0.00000000 0.00000000
3.2300 6.13712370 0.00000000 -2.00000000 -1.29220070 0.00000000 0.00000000 -0.70143507 0.00000000 0.00000000
3.2400 6.12416676 0.00000000 -2.00000000 -1.29917513 0.00000000 0.00000000 -0.69344257 0.00000000 0.00000000
3.2500 6.11114047 0.00000000 -2.00000000 -1.30606941 0.00000000 0.00000000 -0.68540730 0.00000000 0.00000000
3.2600 6.09804564 0.00000000 -2.00000000 -1.31288313 0.00000000 0.00000000 -0.67732975 0.00000000 0.00000000
3.2700 6.08488307 0.00000000 -2.00000000 -1.31961587 0.00000000 0.00000000 -0.66921042 0.00000000 0.00000000
3.2800 6.07165359 0.00000000 -2.00000000 -1.32626720 0.00000000 0.00000000 -0.66104981 0.00000000 0.00000000
3.2900 6.05835800 0.00000000 -2.00000000 -1.33283673 0.00000000 0.00000000 -0.65284842 0.00000000 0.00000000
3.3000 6.04499713 0.00000000 -2.00000000 -1.33932404 0.00000000 0.00000000 -0.64460677 0.00000000 0.00000000
3.3100 6.03157180 0.00000000 -2.00000000 -1.34572873 0.00000000 0.00000000 -0.63632535 0.00000000 0.00000000
3.3200 6.01808283 0.00000000 -2.00000000 -1.35205041 0.00000000 0.00000000 -0.62800467 0.00000000 0.00000000
3.3300 6.00453107 0.00000000 -2.00000000 -1.35828870 0.00000000 0.00000000 -0.61964526 0.00000000 0.00000000
3.3400 5.99091734 0.00000000 -2.00000000 -1.36444319 0.00000000 0.00000000 -0.61124763 0.00000000 0.00000000
3.3500 5.97724248 0.00000000 -2.00000000 -1.37051352 0.00000000 0.00000000 -0.60281229 0.00000000 0.00000000
3.3600 5.96350735 0.00000000 -2.00000000 -1.37649931 0.00000000 0.00000000 -0.59433977 0.00000000 0.00000000
3.3700 5.94971278 0.00000000 -2.00000000 -1.38240020 0.00000000 0.00000000 -0.58583059 0.00000000 0.00000000
3.3800 5.93585963 0.00000000 -2.00000000 -1.38821581 0.00000000 0.00000000 -0.57728527 0.00000000 0.00000000
3.3900 5.92194875 0.00000000 -2.00000000 -1.39394578 0.00000000 0.00000000 -0.56870434 0.00000000 0.00000000
3.4000 5.90798100 0.00000000 -2.00000000 -1.39958978 0.00000000 0.00000000 -0.56008833 0.00000000 0.00000000
3.4100 5.89395724 0.00000000 -2.00000000 -1.40514743 0.00000000 0.00000000 -0.55143777 0.00000000 0.00000000
3.4200 5.87987834 0.00000000 -2.00000000 -1.41061842 0.00000000 0.00000000 -0.54275320 0.00000000 0.00000000
3.4300 5.86574516 0.00000000 -2.00000000 -1.41600239 0.00000000 0.00000000 -0.53403514 0.00000000 0.00000000
3.4400 5.85155858 0.00000000 -2.00000000 -1.42129901 0.00000000 0.00000000 -0.52528415 0.00000000 0.00000000
3.4500 5.83731948 0.00000000 -2.00000000 -1.42650796 0.00000000 0.00000000 -0.51650075 0.00000000 0.00000000
3.4600 5.82302872 0.00000000 -2.00000000 -1.43162892 0.00000000 0.00000000 -0.50768549 0.00000000 0.00000000
3.4700 5.80868719 0.00000000 -2.00000000 -1.43666157 0.00000000 0.00000000 -0.49883892 0.00000000 0.00000000
3.4800 5.79429578 0.00000000 -2.00000000 -1.44160559 0.00000000 0.00000000 -0.48996157 0.00000000 0.00000000
3.4900 5.77985538 0.00000000 -2.00000000 -1.44646070 0.00000000 0.00000000 -0.48105400 0.00000000 0.00000000
3.5000 5.76536686 0.00000000 -2.00000000 -1.45122658 0.00000000 0.00000000 -0.47211676 0.00000000 0.00000000
3.5100 5.75083114 0.00000000 -2.00000000 -1.45590294 0.00000000 0.00000000 -0.46315040 0.00000000 0.00000000
3.5200 5.73624911 0.00000000 -2.00000000 -1.46048949 0.00000000 0.00000000 -0.45415546 0.00000000 0.00000000
3.5300 5.72162165 0.00000000 -2.00000000 -1.46498595 0.00000000 0.00000000 -0.44513252 0.00000000 0.00000000
3.5400 5.70694969 0.00000000 -2.00000000 -1.46939205 0.00000000 0.00000000 -0.43608211 0.00000000 0.00000000
3.5500 5.69223411 0.00000000 -2.00000000 -1.47370750 0.00000000 0.00000000 -0.42700480 0.00000000 0.00000000
3.5600 5.67747584 0.00000000 -2.00000000 -1.47793206 0.00000000 0.00000000 -0.41790116 0.00000000 0.00000000
3.5700 5.66267578 0.00000000 -2.00000000 -1.48206544 0.00000000 0.00000000 -0.40877174 0.00000000 0.00000000
3.5800 5.64783484 0.00000000 -2.00000000 -1.48610741 0.00000000 0.00000000 -0.39961710 0.00000000 0.00000000
3.5900 5.63295393 0.00000000 -2.00000000 -1.49005770 0.00000000 0.00000000 -0.39043781 0.00000000 0.00000000
3.6000 5.61803399 0.00000000 -2.00000000 -1.49391608 0.00000000 0.00000000 -0.38123444 0.00000000 0.00000000
3.6100 5.60307592 0.00000000 -2.00000000 -1.49768231 0.00000000 0.00000000 -0.37200755 0.00000000 0.00000000
3.6200 5.58808065 0.00000000 -2.00000000 -1.50135616 0.00000000 0.00000000 -0.36275771 0.00000000 0.00000000
3.6300 5.57304911 0.00000000 -2.00000000 -1.50493739 0.00000000 0.00000000 -0.35348550 0.00000000 0.00000000
3.6400 5.55798221 0.00000000 -2.00000000 -1.50842579 0.00000000 0.00000000 -0.34419148 0.00000000 0.00000000
3.6500 5.54288090 0.00000000 -2.00000000 -1.51182115 0.00000000 0.00000000 -0.33487623 0.00000000 0.00000000
3.6600 5.52774610 0.00000000 -2.00000000 -1.51512325 0.00000000 0.00000000 -0.32554033 0.00000000 0.00000000
3.6700 5.51257875 0.00000000 -2.00000000 -1.51833189 0.00000000 0.00000000 -0.31618434 0.00000000 0.00000000
3.6800 5.49737977 0.00000000 -2.00000000 -1.52144687 0.00000000 0.00000000 -0.30680885 0.00000000 0.00000000
3.6900 5.48215012 0.00000000 -2.00000000 -1.52446800 0.00000000 0.00000000 -0.29741444 0.00000000 0.00000000
3.7000 5.46689073 0.00000000 -2.00000000 -1.52739510 0.00000000 0.00000000 -0.28800167 0.00000000 0.00000000
3.7100 5.45160253 0.00000000 -2.00000000 -1.53022798 0.00000000 0.00000000 -0.27857115 0.00000000 0.00000000
3.7200 5.43628648 0.00000000 -2.00000000 -1.53296646 0.00000000 0.00000000 -0.26912344 0.00000000 0.00000000
3.7300 5.42094352 0.00000000 -2.00000000 -1.53561039 0.00000000 0.00000000 -0.25965913 0.00000000 0.00000000
3.7400 5.40557459 0.00000000 -2.00000000 -1.53815959 0.00000000 0.00000000 -0.25017880 0.00000000 0.00000000
3.7500 5.39018064 0.00000000 -2.00000000 -1.54061392 0.00000000 0.00000000 -0.24068304 0.00000000 0.00000000
3.7600 5.37476263 0.00000000 -2.00000000 -1.54297321 0.00000000 0.00000000 -0.23117243 0.00000000 0.00000000
3.7700 5.35932150 0.00000000 -2.00000000 -1.54523732 0.00000000 0.00000000 -0.22164756 0.00000000 0.00000000
3.7800 5.34385820 0.00000000 -2.00000000 -1.54740611 0.00000000 0.00000000 -0.21210903 0.00000000 0.00000000
3.7900 5.32837369 0.00000000 -2.00000000 -1.54947945 0.00000000 0.00000000 -0.20255740 0.00000000 0.00000000
3.8000 5.31286893 0.00000000 -2.00000000 -1.55145722 0.00000000 0.00000000 -0.19299329 0.00000000 0.00000000
3.8100 5.29734487 0.00000000 -2.00000000 -1.55333928 0.00000000 0.00000000 -0.18341726 0.00000000 0.00000000
3.8200 5.28180246 0.00000000 -2.00000000 -1.55512552 0.00000000 0.00000000 -0.17382993 0.00000000 0.00000000
3.8300 5.26624268 0.00000000 -2.00000000 -1.55681584 0.00000000 0.00000000 -0.16423187 0.00000000 0.00000000
3.8400 5.25066647 0.00000000 -2.00000000 -1.55841013 0.00000000 0.00000000 -0.15462368 0.00000000 0.00000000
3.8500 5.23507479 0.00000000 -2.00000000 -1.55990828 0.00000000 0.00000000 -0.14500595 0.00000000 0.00000000
3.8600 5.21946862 0.00000000 -2.00000000 -1.56131022 0.00000000 0.00000000 -0.13537928 0.00000000 0.00000000
3.8700 5.20384891 0.00000000 -2.00000000 -1.56261584 0.00000000 0.00000000 -0.12574426 0.00000000 0.00000000
3.8800 5.18821663 0.00000000 -2.00000000 -1.56382508 0.00000000 0.00000000 -0.11610148 0.00000000 0.00000000
3.8900 5.17257273 0.00000000 -2.00000000 -1.56493785 0.00000000 0.00000000 -0.10645154 0.00000000 0.00000000
3.9000 5.15691819 0.00000000 -2.00000000 -1.56595409 0.00000000 0.00000000 -0.09679503 0.00000000 0.00000000
3.9100 5.14125397 0.00000000 -2.00000000 -1.56687373 0.00000000 0.00000000 -0.08713255 0.00000000 0.00000000
3.9200 5.12558104 0.00000000 -2.00000000 -1.56769672 0.00000000 0.00000000 -0.07746470 0.00000000 0.00000000
3.9300 5.10990036 0.00000000 -2.00000000 -1.56842301 0.00000000 0.00000000 -0.06779207 0.00000000 0.00000000
3.9400 5.09421290 0.00000000 -2.00000000 -1.56905255 0.00000000 0.00000000 -0.05811525 0.00000000 0.00000000
3.9500 5.07851963 0.00000000 -2.00000000 -1.56958530 0.00000000 0.00000000 -0.04843486 0.00000000 0.00000000
3.9600 5.06282152 0.00000000 -2.00000000 -1.57002123 0.00000000 0.00000000 -0.03875147 0.00000000 0.00000000
3.9700 5.04711953 0.00000000 -2.00000000 -1.57036032 0.00000000 0.00000000 -0.02906569 0.00000000 0.00000000
3.9800 5.03141463 0.00000000 -2.00000000 -1.57060254 0.00000000 0.00000000 -0.01937813 0.00000000 0.00000000
3.9900 5.01570780 0.00000000 -2.00000000 -1.57074788 0.00000000 0.00000000 -0.00968936 0.00000000 0.00000000
4.0000 5.00000000 0.00000000 -2.00000000 -1.57079633 0.00000000 0.00000000 -0.00000000 0.00000000 0.00000000
4.0100 4.98429220 0.00000000 -2.00000000 -1.57074788 0.00000000 0.00000000 0.00968936 0.00000000 0.00000000
4.0200 4.96858537 0.00000000 -2.00000000 -1.57060254 0.00000000 0.00000000 0.01937813 0.00000000 0.00000000
4.0300 4.95288047 0.00000000 -2.00000000 -1.57036032 0.00000000 0.00000000 0.02906569 0.00000000 0.00000000
4.0400 4.93717848 0.00000000 -2.00000000 -1.57002123 0.00000000 0.00000000 0.03875147 0.00000000 0.00000000
4.0500 4.92148037 0.00000000 -2.00000000 -1.56958530 0.00000000 0.00000000 0.04843486 0.00000000 0.00000000
4.0600 4.90578710 0.00000000 -2.00000000 -1.56905255 0.00000000 0.00000000 0.05811525 0.00000000 0.00000000
4.0700 4.89009964 0.00000000 -2.00000000 -1.56842301 0.00000000 0.00000000 0.06779207 0.00000000 0.00000000
4.0800 4.87441896 0.00000000 -2.00000000 -1.56769672 0.00000000 0.00000000 0.07746470 0.00000000 0.00000000
4.0900 4.85874603 0.00000000 -2.00000000 -1.56687373 0.00000000 0.00000000 0.08713255 0.00000000 0.00000000
4.1000 4.84308181 0.00000000 -2.00000000 -1.56595409 0.00000000 0.00000000 0.09679503 0.00000000 0.00000000
4.1100 4.82742727 0.00000000 -2.00000000 -1.56493785 0.00000000 0.00000000 0.10645154 0.00000000 0.00000000
4.1200 4.81178337 0.00000000 -2.00000000 -1.56382508 0.00000000 0.00000000 0.11610148 0.00000000 0.00000000
4.1300 4.79615109 0.00000000 -2.00000000 -1.56261584 0.00000000 0.00000000 0.12574426 0.00000000 0.00000000
4.1400 4.78053138 0.00000000 -2.00000000 -1.56131022 0.00000000 0.00000000 0.13537928 0.00000000 0.00000000
4.1500 4.76492521 0.00000000 -2.00000000 -1.55990828 0.00000000 0.00000000 0.14500595 0.00000000 0.00000000
4.1600 4.74933353 0.00000000 -2.00000000 -1.55841013 0.00000000 0.00000000 0.15462368 0.00000000 0.00000000
4.1700 4.73375732 0.00000000 -2.00000000 -1.55681584 0.00000000 0.00000000 0.16423187 0.00000000 0.00000000
4.1800 4.71819754 0.00000000 -2.00000000 -1.55512552 0.00000000 0.00000000 0.17382993 0.00000000 0.00000000
4.1900 4.70265513 0.00000000 -2.00000000 -1.55333928 0.00000000 0.00000000 0.18341726 0.00000000 0.00000000
4.2000 4.68713107 0.00000000 -2.00000000 -1.55145722 0.00000000 0.00000000 0.19299329 0.00000000 0.00000000
4.2100 4.67162631 0.00000000 -2.00000000 -1.54947945 0.00000000 0.00000000 0.20255740 0.00000000 0.00000000
4.2200 4.65614180 0.00000000 -2.00000000 -1.54740611 0.00000000 0.00000000 0.21210903 0.00000000 0.00000000
4.2300 4.64067850 0.00000000 -2.00000000 -1.54523732 0.00000000 0.00000000 0.22164756 0.00000000 0.00000000
4.2400 4.62523737 0.00000000 -2.00000000 -1.54297321 0.00000000 0.00000000 0.23117243 0.00000000 0.00000000
4.2500 4.60981936 0.00000000 -2.00000000 -1.54061392 0.00000000 0.00000000 0.24068304 0.00000000 0.00000000
4.2600 4.59442541 0.00000000 -2.00000000 -1.53815959 0.00000000 0.00000000 0.25017880 0.00000000 0.00000000
4.2700 4.57905648 0.00000000 -2.00000000 -1.53561039 0.00000000 0.00000000 0.25965913 0.00000000 0.00000000
4.2800 4.56371352 0.00000000 -2.00000000 -1.53296646 0.00000000 0.00000000 0.26912344 0.00000000 0.00000000
4.2900 4.54839747 0.00000000 -2.00000000 -1.53022798 0.00000000 0.00000000 0.27857115 0.00000000 0.00000000
4.3000 4.53310927 0.00000000 -2.00000000 -1.52739510 0.00000000 0.00000000 0.28800167 0.00000000 0.00000000
4.3100 4.51784988 0.00000000 -2.00000000 -1.52446800 0.00000000 0.00000000 0.29741444 0.00000000 0.00000000
4.3200 4.50262023 0.00000000 -2.00000000 -1.52144687 0.00000000 0.00000000 0.30680885 0.00000000 0.00000000
4.3300 4.48742125 0.00000000 -2.00000000 -1.51833189 0.00000000 0.00000000 0.31618434 0.00000000 0.00000000
4.3400 4.47225390 0.00000000 -2.00000000 -1.51512325 0.00000000 0.00000000 0.32554033 0.00000000 0.00000000
4.3500 4.45711910 0.00000000 -2.00000000 -1.51182115 0.00000000 0.00000000 0.33487623 0.00000000 0.00000000
4.3600 4.44201779 0.00000000 -2.00000000 -1.50842579 0.00000000 0.00000000 0.34419148 0.00000000 0.00000000
4.3700 4.42695089 0.00000000 -2.00000000 -1.50493739 0.00000000 0.00000000 0.35348550 0.00000000 0.00000000
4.3800 4.41191935 0.00000000 -2.00000000 -1.50135616 0.00000000 0.00000000 0.36275771 0.00000000 0.00000000
4.3900 4.39692408 0.00000000 -2.00000000 -1.49768231 0.00000000 0.00000000 0.37200755 0.00000000 0.00000000
4.4000 4.38196601 0.00000000 -2.00000000 -1.49391608 0.00000000 0.00000000 0.38123444 0.00000000 0.00000000
4.4100 4.36704607 0.00000000 -2.00000000 -1.49005770 0.00000000 0.00000000 0.39043781 0.00000000 0.00000000
4.4200 4.35216516 0.00000000 -2.00000000 -1.48610741 0.00000000 0.00000000 0.39961710 0.00000000 0.00000000
4.4300 4.33732422 0.00000000 -2.00000000 -1.48206544 0.00000000 0.00000000 0.40877174 0.00000000 0.00000000
4.4400 4.32252416 0.00000000 -2.00000000 -1.47793206 0.00000000 0.00000000 0.41790116 0.00000000 0.00000000
4.4500 4.30776589 0.00000000 -2.00000000 -1.47370750 0.00000000 0.00000000 0.42700480 0.00000000 0.00000000
4.4600 4.29305031 0.00000000 -2.00000000 -1.46939205 0.00000000 0.00000000 0.43608211 0.00000000 0.00000000
4.4700 4.27837835 0.00000000 -2.00000000 -1.46498595 0.00000000 0.00000000 0.44513252 0.00000000 0.00000000
4.4800 4.26375089 0.00000000 -2.00000000 -1.46048949 0.00000000 0.00000000 0.45415546 0.00000000 0.00000000
4.4900 4.24916886 0.00000000 -2.00000000 -1.45590294 0.00000000 0.00000000 0.46315040 0.00000000 0.00000000
4.5000 4.23463314 0.00000000 -2.00000000 -1.45122658 0.00000000 0.00000000 0.47211676 0.00000000 0.00000000
4.5100 4.22014462 0.00000000 -2.00000000 -1.44646070 0.00000000 0.00000000 0.48105400 0.00000000 0.00000000
4.5200 4.20570422 0.00000000 -2.00000000 -1.44160559 0.00000000 0.00000000 0.48996157 0.00000000 0.00000000
4.5300 4.19131281 0.00000000 -2.00000000 -1.43666157 0.00000000 0.00000000 0.49883892 0.00000000 0.00000000
4.5400 4.17697128 0.00000000 -2.00000000 -1.43162892 0.00000000 0.00000000 0.50768549 0.00000000 0.00000000
4.5500 4.16268052 0.00000000 -2.00000000 -1.42650796 0.00000000 0.00000000 0.51650075 0.00000000 0.00000000
4.5600 4.14844142 0.00000000 -2.00000000 -1.42129901 0.00000000 0.00000000 0.52528415 0.00000000 0.00000000
4.5700 4.13425484 0.00000000 -2.00000000 -1.41600239 0.00000000 0.00000000 0.53403514 0.00000000 0.00000000
4.5800 4.12012166 0.00000000 -2.00000000 -1.41061842 0.00000000 0.00000000 0.54275320 0.00000000 0.00000000
4.5900 4.10604276 0.00000000 -2.00000000 -1.40514743 0.00000000 0.00000000 0.55143777 0.00000000 0.00000000
4.6000 4.09201900 0.00000000 -2.00000000 -1.39958978 0.00000000 0.00000000 0.56008833 0.00000000 0.00000000
4.6100 4.07805125 0.00000000 -2.00000000 -1.39394578 0.00000000 0.00000000 0.56870434 0.00000000 0.00000000
4.6200 4.06414037 0.00000000 -2.00000000 -1.38821581 0.00000000 0.00000000 0.57728527 0.00000000 0.00000000
4.6300 4.05028722 0.00000000 -2.00000000 -1.38240020 0.00000000 0.00000000 0.58583059 0.00000000 0.00000000
4.6400 4.03649265 0.00000000 -2.00000000 -1.37649931 0.00000000 0.00000000 0.59433977 0.00000000 0.00000000
4.6500 4.02275752 0.00000000 -2.00000000 -1.37051352 0.00000000 0.00000000 0.60281229 0.00000000 0.00000000
4.6600 4.00908266 0.00000000 -2.00000000 -1.36444319 0.00000000 0.00000000 0.61124763 0.00000000 0.00000000
4.6700 3.99546893 0.00000000 -2.00000000 -1.35828870 0.00000000 0.00000000 0.61964526 0.00000000 0.00000000
4.6800 3.98191717 0.00000000 -2.00000000 -1.35205041 0.00000000 0.00000000 0.62800467 0.00000000 0.00000000
4.6900 3.96842820 0.00000000 -2.00000000 -1.34572873 0.00000000 0.00000000 0.63632535 0.00000000 0.00000000
4.7000 3.95500287 0.00000000 -2.00000000 -1.33932404 0.00000000 0.00000000 0.64460677 0.00000000 0.00000000
4.7100 3.94164200 0.00000000 -2.00000000 -1.33283673 0.00000000 0.00000000 0.65284842 0.00000000 0.00000000
4.7200 3.92834641 0.00000000 -2.00000000 -1.32626720 0.00000000 0.00000000 0.66104981 0.00000000 0.00000000
4.7300 3.91511693 0.00000000 -2.00000000 -1.31961587 0.00000000 0.00000000 0.66921042 0.00000000 0.00000000
4.7400 3.90195436 0.00000000 -2.00000000 -1.31288313 0.00000000 0.00000000 0.67732975 0.00000000 0.00000000
4.7500 3.88885953 0.00000000 -2.00000000 -1.30606941 0.00000000 0.00000000 0.68540730 0.00000000 0.00000000
4.7600 3.87583324 0.00000000 -2.00000000 -1.29917513 0.00000000 0.00000000 0.69344257 0.00000000 0.00000000
4.7700 3.86287630 0.00000000 -2.00000000 -1.29220070 0.00000000 0.00000000 0.70143507 0.00000000 0.00000000
4.7800 3.84998950 0.00000000 -2.00000000 -1.28514657 0.00000000 0.00000000 0.70938430 0.00000000 0.00000000
4.7900 3.83717363 0.00000000 -2.00000000 -1.27801316 0.00000000 0.00000000 0.71728977 0.00000000 0.00000000
4.8000 3.82442950 0.00000000 -2.00000000 -1.27080092 0.00000000 0.00000000 0.72515099 0.00000000 0.00000000
4.8100 3.81175787 0.00000000 -2.00000000 -1.26351029 0.00000000 0.00000000 0.73296748 0.00000000 0.00000000
4.8200 3.79915955 0.00000000 -2.00000000 -1.25614172 0.00000000 0.00000000 0.74073876 0.00000000 0.00000000
4.8300 3.78663530 0.00000000 -2.00000000 -1.24869567 0.00000000 0.00000000 0.74846435 0.00000000 0.00000000
4.8400 3.77418589 0.00000000 -2.00000000 -1.24117259 0.00000000 0.00000000 0.75614377 0.00000000 0.00000000
4.8500 3.76181210 0.00000000 -2.00000000 -1.23357295 0.00000000 0.00000000 0.76377655 0.00000000 0.00000000
4.8600 3.74951469 0.00000000 -2.00000000 -1.22589722 0.00000000 0.00000000 0.77136221 0.00000000 0.00000000
4.8700 3.73729441 0.00000000 -2.00000000 -1.21814586 0.00000000 0.00000000 0.77890029 0.00000000 0.00000000
4.8800 3.72515202 0.00000000 -2.00000000 -1.21031937 0.00000000 0.00000000 0.78639033 0.00000000 0.00000000
4.8900 3.71308827 0.00000000 -2.00000000 -1.20241822 0.00000000 0.00000000 0.79383185 0.00000000 0.00000000
4.9000 3.70110390 0.00000000 -2.00000000 -1.19444290 0.00000000 0.00000000 0.80122441 0.00000000 0.00000000
4.9100 3.68919966 0.00000000 -2.00000000 -1.18639390 0.00000000 0.00000000 0.80856755 0.00000000 0.00000000
4.9200 3.67737627 0.00000000 -2.00000000 -1.17827171 0.00000000 0.00000000 0.81586081 0.00000000 0.00000000
4.9300 3.66563447 0.00000000 -2.00000000 -1.17007685 0.00000000 0.00000000 0.82310375 0.00000000 0.00000000
4.9400 3.65397497 0.00000000 -2.00000000 -1.16180981 0.00000000 0.00000000 0.83029591 0.00000000 0.00000000
4.9500 3.64239851 0.00000000 -2.00000000 -1.15347110 0.00000000 0.00000000 0.83743685 0.00000000 0.00000000
4.9600 3.63090579 0.00000000 -2.00000000 -1.14506124 0.00000000 0.00000000 0.84452614 0.00000000 0.00000000
4.9700 3.61949752 0.00000000 -2.00000000 -1.13658075 0.00000000 0.00000000 0.85156333 0.00000000 0.00000000
4.9800 3.60817441 0.00000000 -2.00000000 -1.12803015 0.00000000 0.00000000 0.85854800 0.00000000 0.00000000
4.9900 3.59693715 0.00000000 -2.00000000 -1.11940997 0.00000000 0.00000000 0.86547971 0.00000000 0.00000000
5.0000 3.58578644 0.00000000 -2.00000000 -1.11072073 0.00000000 0.00000000 0.87235802 0.00000000 0.00000000
5.0100 3.57472296 0.00000000 -2.00000000 -1.10196299 0.00000000 0.00000000 0.87918253 0.00000000 0.00000000
5.0200 3.56374740 0.00000000 -2.00000000 -1.09313726 0.00000000 0.00000000 0.88595281 0.00000000 0.00000000
5.0300 3.55286044 0.00000000 -2.00000000 -1.08424411 0.00000000 0.00000000 0.89266843 0.00000000 0.00000000
5.0400 3.54206275 0.00000000 -2.00000000 -1.07528408 0.00000000 0.00000000 0.89932900 0.00000000 0.00000000
5.0500 3.53135498 0.00000000 -2.00000000 -1.06625772 0.00000000 0.00000000 0.90593408 0.00000000 0.00000000
5.0600 3.52073781 0.00000000 -2.00000000 -1.05716558 0.00000000 0.00000000 0.91248329 0.00000000 0.00000000
5.0700 3.51021189 0.00000000 -2.00000000 -1.04800824 0.00000000 0.00000000 0.91897621 0.00000000 0.00000000
5.0800 3.49977786 0.00000000 -2.00000000 -1.03878625 0.00000000 0.00000000 0.92541244 0.00000000 0.00000000
5.0900 3.48943638 0.00000000 -2.00000000 -1.02950018 0.00000000 0.00000000 0.93179159 0.00000000 0.00000000
5.1000 3.47918807 0.00000000 -2.00000000 -1.02015061 0.00000000 0.00000000 0.93811326 0.00000000 0.00000000
5.1100 3.46903357 0.00000000 -2.00000000 -1.01073811 0.00000000 0.00000000 0.94437706 0.00000000 0.00000000
5.1200 3.45897351 0.00000000 -2.00000000 -1.00126326 0.00000000 0.00000000 0.95058261 0.00000000 0.00000000
5.1300 3.44900851 0.00000000 -2.00000000 -0.99172665 0.00000000 0.00000000 0.95672952 0.00000000 0.00000000
5.1400 3.43913919 0.00000000 -2.00000000 -0.98212887 0.00000000 0.00000000 0.96281742 0.00000000 0.00000000
5.1500 3.42936614 0.00000000 -2.00000000 -0.97247050 0.00000000 0.00000000 0.96884593 0.00000000 0.00000000
5.1600 3.41968998 0.00000000 -2.00000000 -0.96275215 0.00000000 0.00000000 0.97481467 0.00000000 0.00000000
5.1700 3.41011129 0.00000000 -2.00000000 -0.95297441 0.00000000 0.00000000 0.98072329 0.00000000 0.00000000
5.1800 3.40063068 0.00000000 -2.00000000 -0.94313788 0.00000000 0.00000000 0.98657140 0.00000000 0.00000000
5.1900 3.39124873 0.00000000 -2.00000000 -0.93324318 0.00000000 0.00000000 0.99235866 0.00000000 0.00000000
5.2000 3.38196601 0.00000000 -2.00000000 -0.92329092 0.00000000 0.00000000 0.99808471 0.00000000 0.00000000
5.2100 3.37278310 0.00000000 -2.00000000 -0.91328169 0.00000000 0.00000000 1.00374919 0.00000000 0.00000000
5.2200 3.36370057 0.00000000 -2.00000000 -0.90321614 0.00000000 0.00000000 1.00935176 0.00000000 0.00000000
5.2300 3.35471896 0.00000000 -2.00000000 -0.89309487 0.00000000 0.00000000 1.01489206 0.00000000 0.00000000
5.2400 3.34583885 0.00000000 -2.00000000 -0.88291851 0.00000000 0.00000000 1.02036976 0.00000000 0.00000000
5.2500 3.33706078 0.00000000 -2.00000000 -0.87268768 0.00000000 0.00000000 1.02578452 0.00000000 0.00000000
5.2600 3.32838528 0.00000000 -2.00000000 -0.86240303 0.00000000 0.00000000 1.03113600 0.00000000 0.00000000
5.2700 3.31981289 0.00000000 -2.00000000 -0.85206517 0.00000000 0.00000000 1.03642388 0.00000000 0.00000000
5.2800 3.31134415 0.00000000 -2.00000000 -0.84167476 0.00000000 0.00000000 1.04164783 0.00000000 0.00000000
5.2900 3.30297957 0.00000000 -2.00000000 -0.83123243 0.00000000 0.00000000 1.04680752 0.00000000 0.00000000
5.3000 3.29471967 0.00000000 -2.00000000 -0.82073883 0.00000000 0.00000000 1.05190264 0.00000000 0.00000000
5.3100 3.28656496 0.00000000 -2.00000000 -0.81019459 0.00000000 0.00000000 1.05693287 0.00000000 0.00000000
5.3200 3.27851595 0.00000000 -2.00000000 -0.79960039 0.00000000 0.00000000 1.06189791 0.00000000 0.00000000
5.3300 3.27057312 0.00000000 -2.00000000 -0.78895685 0.00000000 0.00000000 1.06679745 0.00000000 0.00000000
5.3400 3.26273697 0.00000000 -2.00000000 -0.77826466 0.00000000 0.00000000 1.07163118 0.00000000 0.00000000
5.3500 3.25500799 0.00000000 -2.00000000 -0.76752445 0.00000000 0.00000000 1.07639880 0.00000000 0.00000000
5.3600 3.24738664 0.00000000 -2.00000000 -0.75673690 0.00000000 0.00000000 1.08110003 0.00000000 0.00000000
5.3700 3.23987340 0.00000000 -2.00000000 -0.74590267 0.00000000 0.00000000 1.08573458 0.00000000 0.00000000
5.3800 3.23246874 0.00000000 -2.00000000 -0.73502243 0.00000000 0.00000000 1.09030214 0.00000000 0.00000000
5.3900 3.22517311 0.00000000 -2.00000000 -0.72409685 0.00000000 0.00000000 1.09480246 0.00000000 0.00000000
5.4000 3.21798695 0.00000000 -2.00000000 -0.71312661 0.00000000 0.00000000 1.09923524 0.00000000 0.00000000
5.4100 3.21091072 0.00000000 -2.00000000 -0.70211238 0.00000000 0.00000000 1.10360021 0.00000000 0.00000000
5.4200 3.20394485 0.00000000 -2.00000000 -0.69105483 0.00000000 0.00000000 1.10789711 0.00000000 0.00000000
5.4300 3.19708977 0.00000000 -2.00000000 -0.67995466 0.00000000 0.00000000 1.11212567 0.00000000 0.00000000
5.4400 3.19034590 0.00000000 -2.00000000 -0.66881255 0.00000000 0.00000000 1.11628563 0.00000000 0.00000000
5.4500 3.18371365 0.00000000 -2.00000000 -0.65762918 0.00000000 0.00000000 1.12037673 0.00000000 0.00000000
5.4600 3.17719345 0.00000000 -2.00000000 -0.64640524 0.00000000 0.00000000 1.12439872 0.00000000 0.00000000
5.4700 3.17078568 0.00000000 -2.00000000 -0.63514143 0.00000000 0.00000000 1.12835136 0.00000000 0.00000000
5.4800 3.16449075 0.00000000 -2.00000000 -0.62383845 0.00000000 0.00000000 1.13223439 0.00000000 0.00000000
5.4900 3.15830904 0.00000000 -2.00000000 -0.61249698 0.00000000 0.00000000 1.13604758 0.00000000 0.00000000
5.5000 3.15224093 0.00000000 -2.00000000 -0.60111773 0.00000000 0.00000000 1.13979069 0.00000000 0.00000000
5.5100 3.14628681 0.00000000 -2.00000000 -0.58970140 0.00000000 0.00000000 1.14346349 0.00000000 0.00000000
5.5200 3.14044703 0.00000000 -2.00000000 -0.57824870 0.00000000 0.00000000 1.14706576 0.00000000 0.00000000
5.5300 3.13472195 0.00000000 -2.00000000 -0.56676032 0.00000000 0.00000000 1.15059728 0.00000000 0.00000000
5.5400 3.12911194 0.00000000 -2.00000000 -0.55523699 0.00000000 0.00000000 1.15405782 0.00000000 0.00000000
5.5500 3.12361733 0.00000000 -2.00000000 -0.54367940 0.00000000 0.00000000 1.15744717 0.00000000 0.00000000
5.5600 3.11823846 0.00000000 -2.00000000 -0.53208828 0.00000000 0.00000000 1.16076512 0.00000000 0.00000000
5.5700 3.11297567 0.00000000 -2.00000000 -0.52046434 0.00000000 0.00000000 1.16401148 0.00000000 0.00000000
5.5800 3.10782928 0.00000000 -2.00000000 -0.50880829 0.00000000 0.00000000 1.16718603 0.00000000 0.00000000
5.5900 3.10279961 0.00000000 -2.00000000 -0.49712086 0.00000000 0.00000000 1.17028858 0.00000000 0.00000000
5.6000 3.09788697 0.00000000 -2.00000000 -0.48540276 0.00000000 0.00000000 1.17331895 0.00000000 0.00000000
5.6100 3.09309166 0.00000000 -2.00000000 -0.47365472 0.00000000 0.00000000 1.17627694 0.00000000 0.00000000
5.6200 3.08841397 0.00000000 -2.00000000 -0.46187746 0.00000000 0.00000000 1.17916237 0.00000000 0.00000000
5.6300 3.08385420 0.00000000 -2.00000000 -0.45007171 0.00000000 0.00000000 1.18197506 0.00000000 0.00000000
5.6400 3.07941263 0.00000000 -2.00000000 -0.43823820 0.00000000 0.00000000 1.18471485 0.00000000 0.00000000
5.6500 3.07508953 0.00000000 -2.00000000 -0.42637766 0.00000000 0.00000000 1.18738155 0.00000000 0.00000000
5.6600 3.07088516 0.00000000 -2.00000000 -0.41449082 0.00000000 0.00000000 1.18997502 0.00000000 0.00000000
5.6700 3.06679980 0.00000000 -2.00000000 -0.40257841 0.00000000 0.00000000 1.19249508 0.00000000 0.00000000
5.6800 3.06283368 0.00000000 -2.00000000 -0.39064116 0.00000000 0.00000000 1.19494158 0.00000000 0.00000000
5.6900 3.05898705 0.00000000 -2.00000000 -0.37867982 0.00000000 0.00000000 1.19731437 0.00000000 0.00000000
5.7000 3.05526016 0.00000000 -2.00000000 -0.36669512 0.00000000 0.00000000 1.19961331 0.00000000 0.00000000
5.7100 3.05165323 0.00000000 -2.00000000 -0.35468780 0.00000000 0.00000000 1.20183824 0.00000000 0.00000000
5.7200 3.04816648 0.00000000 -2.00000000 -0.34265860 0.00000000 0.00000000 1.20398905 0.00000000 0.00000000
5.7300 3.04480012 0.00000000 -2.00000000 -0.33060827 0.00000000 0.00000000 1.20606558 0.00000000 0.00000000
5.7400 3.04155438 0.00000000 -2.00000000 -0.31853754 0.00000000 0.00000000 1.20806772 0.00000000 0.00000000
5.7500 3.03842944 0.00000000 -2.00000000 -0.30644716 0.00000000 0.00000000 1.20999534 0.00000000 0.00000000
5.7600 3.03542550 0.00000000 -2.00000000 -0.29433788 0.00000000 0.00000000 1.21184832 0.00000000 0.00000000
5.7700 3.03254274 0.00000000 -2.00000000 -0.28221044 0.00000000 0.00000000 1.21362655 0.00000000 0.00000000
5.7800 3.02978135 0.00000000 -2.00000000 -0.27006560 0.00000000 0.00000000 1.21532992 0.00000000 0.00000000
5.7900 3.02714149 0.00000000 -2.00000000 -0.25790410 0.00000000 0.00000000 1.21695832 0.00000000 0.00000000
5.8000 3.02462332 0.00000000 -2.00000000 -0.24572668 0.00000000 0.00000000 1.21851165 0.00000000 0.00000000
5.8100 3.02222700 0.00000000 -2.00000000 -0.23353411 0.00000000 0.00000000 1.21998982 0.00000000 0.00000000
5.8200 3.01995268 0.00000000 -2.00000000 -0.22132714 0.00000000 0.00000000 1.22139273 0.00000000 0.00000000
5.8300 3.01780051 0.00000000 -2.00000000 -0.20910651 0.00000000 0.00000000 1.22272030 0.00000000 0.00000000
5.8400 3.01577060 0.00000000 -2.00000000 -0.19687298 0.00000000 0.00000000 1.22397245 0.00000000 0.00000000
5.8500 3.01386309 0.00000000 -2.00000000 -0.18462731 0.00000000 0.00000000 1.22514910 0.00000000 0.00000000
5.8600 3.01207809 0.00000000 -2.00000000 -0.17237025 0.00000000 0.00000000 1.22625018 0.00000000 0.00000000
5.8700 3.01041572 0.00000000 -2.00000000 -0.16010256 0.00000000 0.00000000 1.22727561 0.00000000 0.00000000
5.8800 3.00887607 0.00000000 -2.00000000 -0.14782499 0.00000000 0.00000000 1.22822534 0.00000000 0.00000000
5.8900 3.00745925 0.00000000 -2.00000000 -0.13553831 0.00000000 0.00000000 1.22909931 0.00000000 0.00000000
5.9000 3.00616533 0.00000000 -2.00000000 -0.12324326 0.00000000 0.00000000 1.22989746 0.00000000 0.00000000
5.9100 3.00499441 0.00000000 -2.00000000 -0.11094061 0.00000000 0.00000000 1.23061975 0.00000000 0.00000000
5.9200 3.00394654 0.00000000 -2.00000000 -0.09863112 0.00000000 0.00000000 1.23126612 0.00000000 0.00000000
5.9300 3.00302181 0.00000000 -2.00000000 -0.08631554 0.00000000 0.00000000 1.23183655 0.00000000 0.00000000
5.9400 3.00222025 0.00000000 -2.00000000 -0.07399464 0.00000000 0.00000000 1.23233099 0.00000000 0.00000000
5.9500 3.00154193 0.00000000 -2.00000000 -0.06166917 0.00000000 0.00000000 1.23274941 0.00000000 0.00000000
5.9600 3.00098688 0.00000000 -2.00000000 -0.04933990 0.00000000 0.00000000 1.23309179 0.00000000 0.00000000
5.9700 3.00055514 0.00000000 -2.00000000 -0.03700759 0.00000000 0.00000000 1.23335811 0.00000000 0.00000000
5.9800 3.00024674 0.00000000 -2.00000000 -0.02467300 0.00000000 0.00000000 1.23354835 0.00000000 0.00000000
5.9900 3.00006168 0.00000000 -2.00000000 -0.01233688 0.00000000 0.00000000 1.23366250 0.00000000 0.00000000
6.0000 3.00000000 0.00000000 -2.00000000 -0.00000000 0.00000000 0.00000000 1.23370055 0.00000000 0.00000000
6.0100 3.00006168 0.00000000 -2.00000000 0.01233688 0.00000000 0.00000000 1.23366250 0.00000000 0.00000000
6.0200 3.00024674 0.00000000 -2.00000000 0.02467300 0.00000000 0.00000000 1.23354835 0.00000000 0.00000000
6.0300 3.00055514 0.00000000 -2.00000000 0.03700759 0.00000000 0.00000000 1.23335811 0.00000000 0.00000000
6.0400 3.00098688 0.00000000 -2.00000000 0.04933990 0.00000000 0.00000000 1.23309179 0.00000000 0.00000000
6.0500 3.00154193 0.00000000 -2.00000000 0.06166917 0.00000000 0.00000000 1.23274941 0.00000000 0.00000000
6.0600 3.00222025 0.00000000 -2.00000000 0.07399464 0.00000000 0.00000000 1.23233099 0.00000000 0.00000000
6.0700 3.00302181 0.00000000 -2.00000000 0.08631554 0.00000000 0.00000000 1.23183655 0.00000000 0.00000000
6.0800 3.00394654 0.00000000 -2.00000000 0.09863112 0.00000000 0.00000000 1.23126612 0.00000000 0.00000000
6.0900 3.00499441 0.00000000 -2.00000000 0.11094061 0.00000000 0.00000000 1.23061975 0.00000000 0.00000000
6.1000 3.00616533 0.00000000 -2.00000000 0.12324326 0.00000000 0.00000000 1.22989746 0.00000000 0.00000000
6.1100 3.00745925 0.00000000 -2.00000000 0.13553831 0.00000000 0.00000000 1.22909931 0.00000000 0.00000000
6.1200 3.00887607 0.00000000 -2.00000000 0.14782499 0.00000000 0.00000000 1.22822534 0.00000000 0.00000000
6.1300 3.01041572 0.00000000 -2.00000000 0.16010256 0.00000000 0.00000000 1.22727561 0.00000000 0.00000000
6.1400 3.01207809 0.00000000 -2.00000000 0.17237025 0.00000000 0.00000000 1.22625018 0.00000000 0.00000000
6.1500 3.01386309 0.00000000 -2.00000000 0.18462731 0.00000000 0.00000000 1.22514910 0.00000000 0.00000000
6.1600 3.01577060 0.00000000 -2.00000000 0.19687298 0.00000000 0.00000000 1.22397245 0.00000000 0.00000000
6.1700 3.01780051 0.00000000 -2.00000000 0.20910651 0.00000000 0.00000000 1.22272030 0.00000000 0.00000000
6.1800 3.01995268 0.00000000 -2.00000000 0.22132714 0.00000000 0.00000000 1.22139273 0.00000000 0.00000000
6.1900 3.02222700 0.00000000 -2.00000000 0.23353411 0.00000000 0.00000000 1.21998982 0.00000000 0.00000000
6.2000 3.02462332 0.00000000 -2.00000000 0.24572668 0.00000000 0.00000000 1.21851165 0.00000000 0.00000000
6.2100 3.02714149 0.00000000 -2.00000000 0.25790410 0.00000000 0.00000000 1.21695832 0.00000000 0.00000000
6.2200 3.02978135 0.00000000 -2.00000000 0.27006560 0.00000000 0.00000000 1.21532992 0.00000000 0.00000000
6.2300 3.03254274 0.00000000 -2.00000000 0.28221044 0.00000000 0.00000000 1.21362655 0.00000000 0.00000000
6.2400 3.03542550 0.00000000 -2.00000000 0.29433788 0.00000000 0.00000000 1.21184832 0.00000000 0.00000000
6.2500 3.03842944 0.00000000 -2.00000000 0.30644716 0.00000000 0.00000000 1.20999534 0.00000000 0.00000000
6.2600 3.04155438 0.00000000 -2.00000000 0.31853754 0.00000000 0.00000000 1.20806772 0.00000000 0.00000000
6.2700 3.04480012 0.00000000 -2.00000000 0.33060827 0.00000000 0.00000000 1.20606558 0.00000000 0.00000000
6.2800 3.04816648 0.00000000 -2.00000000 0.34265860 0.00000000 0.00000000 1.20398905 0.00000000 0.00000000
6.2900 3.05165323 0.00000000 -2.00000000 0.35468780 0.00000000 0.00000000 1.20183824 0.00000000 0.00000000
6.3000 3.05526016 0.00000000 -2.00000000 0.36669512 0.00000000 0.00000000 1.19961331 0.00000000 0.00000000
6.3100 3.05898705 0.00000000 -2.00000000 0.37867982 0.00000000 0.00000000 1.19731437 0.00000000 0.00000000
6.3200 3.06283368 0.00000000 -2.00000000 0.39064116 0.00000000 0.00000000 1.19494158 0.00000000 0.00000000
6.3300 3.06679980 0.00000000 -2.00000000 0.40257841 0.00000000 0.00000000 1.19249508 0.00000000 0.00000000
6.3400 3.07088516 0.00000000 -2.00000000 0.41449082 0.00000000 0.00000000 1.18997502 0.00000000 0.00000000
6.3500 3.07508953 0.00000000 -2.00000000 0.42637766 0.00000000 0.00000000 1.18738155 0.00000000 0.00000000
6.3600 3.07941263 0.00000000 -2.00000000 0.43823820 0.00000000 0.00000000 1.18471485 0.00000000 0.00000000
6.3700 3.08385420 0.00000000 -2.00000000 0.45007171 0.00000000 0.00000000 1.18197506 0.00000000 0.00000000
6.3800 3.08841397 0.00000000 -2.00000000 0.46187746 0.00000000 0.00000000 1.17916237 0.00000000 0.00000000
6.3900 3.09309166 0.00000000 -2.00000000 0.47365472 0.00000000 0.00000000 1.17627694 0.00000000 0.00000000
6.4000 3.09788697 0.00000000 -2.00000000 0.48540276 0.00000000 0.00000000 1.17331895 0.00000000 0.00000000
6.4100 3.10279961 0.00000000 -2.00000000 0.49712086 0.00000000 0.00000000 1.17028858 0.00000000 0.00000000
6.4200 3.10782928 0.00000000 -2.00000000 0.50880829 0.00000000 0.00000000 1.16718603 0.00000000 0.00000000
6.4300 3.11297567 0.00000000 -2.00000000 0.52046434 0.00000000 0.00000000 1.16401148 0.00000000 0.00000000
6.4400 3.11823846 0.00000000 -2.00000000 0.53208828 0.00000000 0.00000000 1.16076512 0.00000000 0.00000000
6.4500 3.12361733 0.00000000 -2.00000000 0.54367940 0.00000000 0.00000000 1.15744717 0.00000000 0.00000000
6.4600 3.12911194 0.00000000 -2.00000000 0.55523699 0.00000000 0.00000000 1.15405782 0.00000000 0.00000000
6.4700 3.13472195 0.00000000 -2.00000000 0.56676032 0.00000000 0.00000000 1.15059728 0.00000000 0.00000000
6.4800 3.14044703 0.00000000 -2.00000000 0.57824870 0.00000000 0.00000000 1.14706576 0.00000000 0.00000000
6.4900 3.14628681 0.00000000 -2.00000000 0.58970140 0.00000000 0.00000000 1.14346349 0.00000000 0.00000000
6.5000 3.15224093 0.00000000 -2.00000000 0.60111773 0.00000000 0.00000000 1.13979069 0.00000000 0.00000000
6.5100 3.15830904 0.00000000 -2.00000000 0.61249698 0.00000000 0.00000000 1.13604758 0.00000000 0.00000000
6.5200 3.16449075 0.00000000 -2.00000000 0.62383845 0.00000000 0.00000000 1.13223439 0.00000000 0.00000000
6.5300 3.17078568 0.00000000 -2.00000000 0.63514143 0.00000000 0.00000000 1.12835136 0.00000000 0.00000000
6.5400 3.17719345 0.00000000 -2.00000000 0.64640524 0.00000000 0.00000000 1.12439872 0.00000000 0.00000000
6.5500 3.18371365 0.00000000 -2.00000000 0.65762918 0.00000000 0.00000000 1.12037673 0.00000000 0.00000000
6.5600 3.19034590 0.00000000 -2.00000000 0.66881255 0.00000000 0.00000000 1.11628563 0.00000000 0.00000000
6.5700 3.19708977 0.00000000 -2.00000000 0.67995466 0.00000000 0.00000000 1.11212567 0.00000000 0.00000000
6.5800 3.20394485 0.00000000 -2.00000000 0.69105483 0.00000000 0.00000000 1.10789711 0.00000000 0.00000000
6.5900 3.21091072 0.00000000 -2.00000000 0.70211238 0.00000000 0.00000000 1.10360021 0.00000000 0.00000000
6.6000 3.21798695 0.00000000 -2.00000000 0.71312661 0.00000000 0.00000000 1.09923524 0.00000000 0.00000000
6.6100 3.22517311 0.00000000 -2.00000000 0.72409685 0.00000000 0.00000000 1.09480246 0.00000000 0.00000000
6.6200 3.23246874 0.00000000 -2.00000000 0.73502243 0.00000000 0.00000000 1.09030214 0.00000000 0.00000000
6.6300 3.23987340 0.00000000 -2.00000000 0.74590267 0.00000000 0.00000000 1.08573458 0.00000000 0.00000000
6.6400 3.24738664 0.00000000 -2.00000000 0.75673690 0.00000000 0.00000000 1.08110003 0.00000000 0.00000000
6.6500 3.25500799 0.00000000 -2.00000000 0.76752445 0.00000000 0.00000000 1.07639880 0.00000000 0.00000000
6.6600 3.26273697 0.00000000 -2.00000000 0.77826466 0.00000000 0.00000000 1.07163118 0.00000000 0.00000000
6.6700 3.27057312 0.00000000 -2.00000000 0.78895685 0.00000000 0.00000000 1.06679745 0.00000000 0.00000000
6.6800 3.27851595 0.00000000 -2.00000000 0.79960039 0.00000000 0.00000000 1.06189791 0.00000000 0.00000000
6.6900 3.28656496 0.00000000 -2.00000000 0.81019459 0.00000000 0.00000000 1.05693287 0.00000000 0.00000000
6.7000 3.29471967 0.00000000 -2.00000000 0.82073883 0.00000000 0.00000000 1.05190264 0.00000000 0.00000000
6.7100 3.30297957 0.00000000 -2.00000000 0.83123243 0.00000000 0.00000000 1.04680752 0.00000000 0.00000000
6.7200 3.31134415 0.00000000 -2.00000000 0.84167476 0.00000000 0.00000000 1.04164783 0.00000000 0.00000000
6.7300 3.31981289 0.00000000 -2.00000000 0.85206517 0.00000000 0.00000000 1.03642388 0.00000000 0.00000000
6.7400 3.32838528 0.00000000 -2.00000000 0.86240303 0.00000000 0.00000000 1.03113600 0.00000000 0.00000000
6.7500 3.33706078 0.00000000 -2.00000000 0.87268768 0.00000000 0.00000000 1.02578452 0.00000000 0.00000000
6.7600 3.34583885 0.00000000 -2.00000000 0.88291851 0.00000000 0.00000000 1.02036976 0.00000000 0.00000000
6.7700 3.35471896 0.00000000 -2.00000000 0.89309487 0.00000000 0.00000000 1.01489206 0.00000000 0.00000000
6.7800 3.36370057 0.00000000 -2.00000000 0.90321614 0.00000000 0.00000000 1.00935176 0.00000000 0.00000000
6.7900 3.37278310 0.00000000 -2.00000000 0.91328169 0.00000000 0.00000000 1.00374919 0.00000000 0.00000000
6.8000 3.38196601 0.00000000 -2.00000000 0.92329092 0.00000000 0.00000000 0.99808471 0.00000000 0.00000000
6.8100 3.39124873 0.00000000 -2.00000000 0.93324318 0.00000000 0.00000000 0.99235866 0.00000000 0.00000000
6.8200 3.40063068 0.00000000 -2.00000000 0.94313788 0.00000000 0.00000000 0.98657140 0.00000000 0.00000000
6.8300 3.41011129 0.00000000 -2.00000000 0.95297441 0.00000000 0.00000000 0.98072329 0.00000000 0.00000000
6.8400 3.41968998 0.00000000 -2.00000000 0.96275215 0.00000000 0.00000000 0.97481467 0.00000000 0.00000000
6.8500 3.42936614 0.00000000 -2.00000000 0.97247050 0.00000000 0.00000000 0.96884593 0.00000000 0.00000000
6.8600 3.43913919 0.00000000 -2.00000000 0.98212887 0.00000000 0.00000000 0.96281742 0.00000000 0.00000000
6.8700 3.44900851 0.00000000 -2.00000000 0.99172665 0.00000000 0.00000000 0.95672952 0.00000000 0.00000000
6.8800 3.45897351 0.00000000 -2.00000000 1.00126326 0.00000000 0.00000000 0.95058261 0.00000000 0.00000000
6.8900 3.46903357 0.00000000 -2.00000000 1.01073811 0.00000000 0.00000000 0.94437706 0.00000000 0.00000000
6.9000 3.47918807 0.00000000 -2.00000000 1.02015061 0.00000000 0.00000000 0.93811326 0.00000000 0.00000000
6.9100 3.48943638 0.00000000 -2.00000000 1.02950018 0.00000000 0.00000000 0.93179159 0.00000000 0.00000000
6.9200 3.49977786 0.00000000 -2.00000000 1.03878625 0.00000000 0.00000000 0.92541244 0.00000000 0.00000000
6.9300 3.51021189 0.00000000 -2.00000000 1.04800824 0.00000000 0.00000000 0.91897621 0.00000000 0.00000000
6.9400 3.52073781 0.00000000 -2.00000000 1.05716558 0.00000000 0.00000000 0.91248329 0.00000000 0.00000000
6.9500 3.53135498 0.00000000 -2.00000000 1.06625772 0.00000000 0.00000000 0.90593408 0.00000000 0.00000000
6.9600 3.54206275 0.00000000 -2.00000000 1.07528408 0.00000000 0.00000000 0.89932900 0.00000000 0.00000000
6.9700 3.55286044 0.00000000 -2.00000000 1.08424411 0.00000000 0.00000000 0.89266843 0.00000000 0.00000000
6.9800 3.56374740 0.00000000 -2.00000000 1.09313726 0.00000000 0.00000000 0.88595281 0.00000000 0.00000000
6.9900 3.57472296 0.00000000 -2.00000000 1.10196299 0.00000000 0.00000000 0.87918253 0.00000000 0.00000000
7.0000 3.58578644 0.00000000 -2.00000000 1.11072073 0.00000000 0.00000000 0.87235802 0.00000000 0.00000000
7.0100 3.59693715 0.00000000 -2.00000000 1.11940997 0.00000000 0.00000000 0.86547971 0.00000000 0.00000000
7.0200 3.60817441 0.00000000 -2.00000000 1.12803015 0.00000000 0.00000000 0.85854800 0.00000000 0.00000000
7.0300 3.61949752 0.00000000 -2.00000000 1.13658075 0.00000000 0.00000000 0.85156333 0.00000000 0.00000000
7.0400 3.63090579 0.00000000 -2.00000000 1.14506124 0.00000000 0.00000000 0.84452614 0.00000000 0.00000000
7.0500 3.64239851 0.00000000 -2.00000000 1.15347110 0.00000000 0.00000000 0.83743685 0.00000000 0.00000000
7.0600 3.65397497 0.00000000 -2.00000000 1.16180981 0.00000000 0.00000000 0.83029591 0.00000000 0.00000000
7.0700 3.66563447 0.00000000 -2.00000000 1.17007685 0.00000000 0.00000000 0.82310375 0.00000000 0.00000000
7.0800 3.67737627 0.00000000 -2.00000000 1.17827171 0.00000000 0.00000000 0.81586081 0.00000000 0.00000000
7.0900 3.68919966 0.00000000 -2.00000000 1.18639390 0.00000000 0.00000000 0.80856755 0.00000000 0.00000000
7.1000 3.70110390 0.00000000 -2.00000000 1.19444290 0.00000000 0.00000000 0.80122441 0.00000000 0.00000000
7.1100 3.71308827 0.00000000 -2.00000000 1.20241822 0.00000000 0.00000000 0.79383185 0.00000000 0.00000000
7.1200 3.72515202 0.00000000 -2.00000000 1.21031937 0.00000000 0.00000000 0.78639033 0.00000000 0.00000000
7.1300 3.73729441 0.00000000 -2.00000000 1.21814586 0.00000000 0.00000000 0.77890029 0.00000000 0.00000000
7.1400 3.74951469 0.00000000 -2.00000000 1.22589722 0.00000000 0.00000000 0.77136221 0.00000000 0.00000000
7.1500 3.76181210 0.00000000 -2.00000000 1.23357295 0.00000000 0.00000000 0.76377655 0.00000000 0.00000000
7.1600 3.77418589 0.00000000 -2.00000000 1.24117259 0.00000000 0.00000000 0.75614377 0.00000000 0.00000000
7.1700 3.78663530 0.00000000 -2.00000000 1.24869567 0.00000000 0.00000000 0.74846435 0.00000000 0.00000000
7.1800 3.79915955 0.00000000 -2.00000000 1.25614172 0.00000000 0.00000000 0.74073876 0.00000000 0.00000000
7.1900 3.81175787 0.00000000 -2.00000000 1.26351029 0.00000000 0.00000000 0.73296748 0.00000000 0.00000000
7.2000 3.82442950 0.00000000 -2.00000000 1.27080092 0.00000000 0.00000000 0.72515099 0.00000000 0.00000000
7.2100 3.83717363 0.00000000 -2.00000000 1.27801316 0.00000000 0.00000000 0.71728977 0.00000000 0.00000000
7.2200 3.84998950 0.00000000 -2.00000000 1.28514657 0.00000000 0.00000000 0.70938430 0.00000000 0.00000000
7.2300 3.86287630 0.00000000 -2.00000000 1.29220070 0.00000000 0.00000000 0.70143507 0.00000000 0.00000000
7.2400 3.87583324 0.00000000 -2.00000000 1.29917513 0.00000000 0.00000000 0.69344257 0.00000000 0.00000000
7.2500 3.88885953 0.00000000 -2.00000000 1.30606941 0.00000000 0.00000000 0.68540730 0.00000000 0.00000000
7.2600 3.90195436 0.00000000 -2.00000000 1.31288313 0.00000000 0.00000000 0.67732975 0.00000000 0.00000000
7.2700 3.91511693 0.00000000 -2.00000000 1.31961587 0.00000000 0.00000000 0.66921042 0.00000000 0.00000000
7.2800 3.92834641 0.00000000 -2.00000000 1.32626720 0.00000000 0.00000000 0.66104981 0.00000000 0.00000000
7.2900 3.94164200 0.00000000 -2.00000000 1.33283673 0.00000000 0.00000000 0.65284842 0.00000000 0.00000000
7.3000 3.95500287 0.00000000 -2.00000000 1.33932404 0.00000000 0.00000000 0.64460677 0.00000000 0.00000000
7.3100 3.96842820 0.00000000 -2.00000000 1.34572873 0.00000000 0.00000000 0.63632535 0.00000000 0.00000000
7.3200 3.98191717 0.00000000 -2.00000000 1.35205041 0.00000000 0.00000000 0.62800467 0.00000000 0.00000000
7.3300 3.99546893 0.00000000 -2.00000000 1.35828870 0.00000000 0.00000000 0.61964526 0.00000000 0.00000000
7.3400 4.00908266 0.00000000 -2.00000000 1.36444319 0.00000000 0.00000000 0.61124763 0.00000000 0.00000000
7.3500 4.02275752 0.00000000 -2.00000000 1.37051352 0.00000000 0.00000000 0.60281229 0.00000000 0.00000000
7.3600 4.03649265 0.00000000 -2.00000000 1.37649931 0.00000000 0.00000000 0.59433977 0.00000000 0.00000000
7.3700 4.05028722 0.00000000 -2.00000000 1.38240020 0.00000000 0.00000000 0.58583059 0.00000000 0.00000000
7.3800 4.06414037 0.00000000 -2.00000000 1.38821581 0.00000000 0.00000000 0.57728527 0.00000000 0.00000000
7.3900 4.07805125 0.00000000 -2.00000000 1.39394578 0.00000000 0.00000000 0.56870434 0.00000000 0.00000000
7.4000 4.09201900 0.00000000 -2.00000000 1.39958978 0.00000000 0.00000000 0.56008833 0.00000000 0.00000000
7.4100 4.10604276 0.00000000 -2.00000000 1.40514743 0.00000000 0.00000000 0.55143777 0.00000000 0.00000000
7.4200 4.12012166 0.00000000 -2.00000000 1.41061842 0.00000000 0.00000000 0.54275320 0.00000000 0.00000000
7.4300 4.13425484 0.00000000 -2.00000000 1.41600239 0.00000000 0.00000000 0.53403514 0.00000000 0.00000000
7.4400 4.14844142 0.00000000 -2.00000000 1.42129901 0.00000000 0.00000000 0.52528415 0.00000000 0.00000000
7.4500 4.16268052 0.00000000 -2.00000000 1.42650796 0.00000000 0.00000000 0.51650075 0.00000000 0.00000000
7.4600 4.17697128 0.00000000 -2.00000000 1.43162892 0.00000000 0.00000000 0.50768549 0.00000000 0.00000000
7.4700 4.19131281 0.00000000 -2.00000000 1.43666157 0.00000000 0.00000000 0.49883892 0.00000000 0.00000000
7.4800 4.20570422 0.00000000 -2.00000000 1.44160559 0.00000000 0.00000000 0.48996157 0.00000000 0.00000000
7.4900 4.22014462 0.00000000 -2.00000000 1.44646070 0.00000000 0.00000000 0.48105400 0.00000000 0.00000000
7.5000 4.23463314 0.00000000 -2.00000000 1.45122658 0.00000000 0.00000000 0.47211676 0.00000000 0.00000000
7.5100 4.24916886 0.00000000 -2.00000000 1.45590294 0.00000000 0.00000000 0.46315040 0.00000000 0.00000000
7.5200 4.26375089 0.00000000 -2.00000000 1.46048949 0.00000000 0.00000000 0.45415546 0.00000000 0.00000000
7.5300 4.27837835 0.00000000 -2.00000000 1.46498595 0.00000000 0.00000000 0.44513252 0.00000000 0.00000000
7.5400 4.29305031 0.00000000 -2.00000000 1.46939205 0.00000000 0.00000000 0.43608211 0.00000000 0.00000000
7.5500 4.30776589 0.00000000 -2.00000000 1.47370750 0.00000000 0.00000000 0.42700480 0.00000000 0.00000000
7.5600 4.32252416 0.00000000 -2.00000000 1.47793206 0.00000000 0.00000000 0.41790116 0.00000000 0.00000000
7.5700 4.33732422 0.00000000 -2.00000000 1.48206544 0.00000000 0.00000000 0.40877174 0.00000000 0.00000000
7.5800 4.35216516 0.00000000 -2.00000000 1.48610741 0.00000000 0.00000000 0.39961710 0.00000000 0.00000000
7.5900 4.36704607 0.00000000 -2.00000000 1.49005770 0.00000000 0.00000000 0.39043781 0.00000000 0.00000000
7.6000 4.38196601 0.00000000 -2.00000000 1.49391608 0.00000000 0.00000000 0.38123444 0.00000000 0.00000000
7.6100 4.39692408 0.00000000 -2.00000000 1.49768231 0.00000000 0.00000000 0.37200755 0.00000000 0.00000000
7.6200 4.41191935 0.00000000 -2.00000000 1.50135616 0.00000000 0.00000000 0.36275771 0.00000000 0.00000000
7.6300 4.42695089 0.00000000 -2.00000000 1.50493739 0.00000000 0.00000000 0.35348550 0.00000000 0.00000000
7.6400 4.44201779 0.00000000 -2.00000000 1.50842579 0.00000000 0.00000000 0.34419148 0.00000000 0.00000000
7.6500 4.45711910 0.00000000 -2.00000000 1.51182115 0.00000000 0.00000000 0.33487623 0.00000000 0.00000000
7.6600 4.47225390 0.00000000 -2.00000000 1.51512325 0.00000000 0.00000000 0.32554033 0.00000000 0.00000000
7.6700 4.48742125 0.00000000 -2.00000000 1.51833189 0.00000000 0.00000000 0.31618434 0.00000000 0.00000000
7.6800 4.50262023 0.00000000 -2.00000000 1.52144687 0.00000000 0.00000000 0.30680885 0.00000000 0.00000000
7.6900 4.51784988 0.00000000 -2.00000000 1.52446800 0.00000000 0.00000000 0.29741444 0.00000000 0.00000000
7.7000 4.53310927 0.00000000 -2.00000000 1.52739510 0.00000000 0.00000000 0.28800167 0.00000000 0.00000000
7.7100 4.54839747 0.00000000 -2.00000000 1.53022798 0.00000000 0.00000000 0.27857115 0.00000000 0.00000000
7.7200 4.56371352 0.00000000 -2.00000000 1.53296646 0.00000000 0.00000000 0.26912344 0.00000000 0.00000000
7.7300 4.57905648 0.00000000 -2.00000000 1.53561039 0.00000000 0.00000000 0.25965913 0.00000000 0.00000000
7.7400 4.59442541 0.00000000 -2.00000000 1.53815959 0.00000000 0.00000000 0.25017880 0.00000000 0.00000000
7.7500 4.60981936 0.00000000 -2.00000000 1.54061392 0.00000000 0.00000000 0.24068304 0.00000000 0.00000000
7.7600 4.62523737 0.00000000 -2.00000000 1.54297321 0.00000000 0.00000000 0.23117243 0.00000000 0.00000000
7.7700 4.64067850 0.00000000 -2.00000000 1.54523732 0.00000000 0.00000000 0.22164756 0.00000000 0.00000000
7.7800 4.65614180 0.00000000 -2.00000000 1.54740611 0.00000000 0.00000000 0.21210903 0.00000000 0.00000000
7.7900 4.67162631 0.00000000 -2.00000000 1.54947945 0.00000000 0.00000000 0.20255740 0.00000000 0.00000000
7.8000 4.68713107 0.00000000 -2.00000000 1.55145722 0.00000000 0.00000000 0.19299329 0.00000000 0.00000000
7.8100 4.70265513 0.00000000 -2.00000000 1.55333928 0.00000000 0.00000000 0.18341726 0.00000000 0.00000000
7.8200 4.71819754 0.00000000 -2.00000000 1.55512552 0.00000000 0.00000000 0.17382993 0.00000000 0.00000000
7.8300 4.73375732 0.00000000 -2.00000000 1.55681584 0.00000000 0.00000000 0.16423187 0.00000000 0.00000000
7.8400 4.74933353 0.00000000 -2.00000000 1.55841013 0.00000000 0.00000000 0.15462368 0.00000000 0.00000000
7.8500 4.76492521 0.00000000 -2.00000000 1.55990828 0.00000000 0.00000000 0.14500595 0.00000000 0.00000000
7.8600 4.78053138 0.00000000 -2.00000000 1.56131022 0.00000000 0.00000000 0.13537928 0.00000000 0.00000000
7.8700 4.79615109 0.00000000 -2.00000000 1.56261584 0.00000000 0.00000000 0.12574426 0.00000000 0.00000000
7.8800 4.81178337 0.00000000 -2.00000000 1.56382508 0.00000000 0.00000000 0.11610148 0.00000000 0.00000000
7.8900 4.82742727 0.00000000 -2.00000000 1.56493785 0.00000000 0.00000000 0.10645154 0.00000000 0.00000000
7.9000 4.84308181 0.00000000 -2.00000000 1.56595409 0.00000000 0.00000000 0.09679503 0.00000000 0.00000000
7.9100 4.85874603 0.00000000 -2.00000000 1.56687373 0.00000000 0.00000000 0.08713255 0.00000000 0.00000000
7.9200 4.87441896 0.00000000 -2.00000000 1.56769672 0.00000000 0.00000000 0.07746470 0.00000000 0.00000000
7.9300 4.89009964 0.00000000 -2.00000000 1.56842301 0.00000000 0.00000000 0.06779207 0.00000000 0.00000000
7.9400 4.90578710 0.00000000 -2.00000000 1.56905255 0.00000000 0.00000000 0.05811525 0.00000000 0.00000000
7.9500 4.92148037 0.00000000 -2.00000000 1.56958530 0.00000000 0.00000000 0.04843486 0.00000000 0.00000000
7.9600 4.93717848 0.00000000 -2.00000000 1.57002123 0.00000000 0.00000000 0.03875147 0.00000000 0.00000000
7.9700 4.95288047 0.00000000 -2.00000000 1.57036032 0.00000000 0.00000000 0.02906569 0.00000000 0.00000000
7.9800 4.96858537 0.00000000 -2.00000000 1.57060254 0.00000000 0.00000000 0.01937813 0.00000000 0.00000000
7.9900 4.98429220 0.00000000 -2.00000000 1.57074788 0.00000000 0.00000000 0.00968936 0.00000000 0.00000000
8.0000 5.00000000 0.00000000 -2.00000000 1.57079633 0.00000000 0.00000000 0.00000000 0.00000000 0.00000000
8.0100 5.01570780 0.00000000 -2.00000000 1.57074788 0.00000000 0.00000000 -0.00968936 0.00000000 0.00000000
8.0200 5.03141463 0.00000000 -2.00000000 1.57060254 0.00000000 0.00000000 -0.01937813 0.00000000 0.00000000
8.0300 5.04711953 0.00000000 -2.00000000 1.57036032 0.00000000 0.00000000 -0.02906569 0.00000000 0.00000000
8.0400 5.06282152 0.00000000 -2.00000000 1.57002123 0.00000000 0.00000000 -0.03875147 0.00000000 0.00000000
8.0500 5.07851963 0.00000000 -2.00000000 1.56958530 0.00000000 0.00000000 -0.04843486 0.00000000 0.00000000
8.0600 5.09421290 0.00000000 -2.00000000 1.56905255 0.00000000 0.00000000 -0.05811525 0.00000000 0.00000000
8.0700 5.10990036 0.00000000 -2.00000000 1.56842301 0.00000000 0.00000000 -0.06779207 0.00000000 0.00000000
8.0800 5.12558104 0.00000000 -2.00000000 1.56769672 0.00000000 0.00000000 -0.07746470 0.00000000 0.00000000
8.0900 5.14125397 0.00000000 -2.00000000 1.56687373 0.00000000 0.00000000 -0.08713255 0.00000000 0.00000000
8.1000 5.15691819 0.00000000 -2.00000000 1.56595409 0.00000000 0.00000000 -0.09679503 0.00000000 0.00000000
8.1100 5.17257273 0.00000000 -2.00000000 1.56493785 0.00000000 0.00000000 -0.10645154 0.00000000 0.00000000
8.1200 5.18821663 0.00000000 -2.00000000 1.56382508 0.00000000 0.00000000 -0.11610148 0.00000000 0.00000000
8.1300 5.20384891 0.00000000 -2.00000000 1.56261584 0.00000000 0.00000000 -0.12574426 0.00000000 0.00000000
8.1400 5.21946862 0.00000000 -2.00000000 1.56131022 0.00000000 0.00000000 -0.13537928 0.00000000 0.00000000
8.1500 5.23507479 0.00000000 -2.00000000 1.55990828 0.00000000 0.00000000 -0.14500595 0.00000000 0.00000000
8.1600 5.25066647 0.00000000 -2.00000000 1.55841013 0.00000000 0.00000000 -0.15462368 0.00000000 0.00000000
8.1700 5.26624268 0.00000000 -2.00000000 1.55681584 0.00000000 0.00000000 -0.16423187 0.00000000 0.00000000
8.1800 5.28180246 0.00000000 -2.00000000 1.55512552 0.00000000 0.00000000 -0.17382993 0.00000000 0.00000000
8.1900 5.29734487 0.00000000 -2.00000000 1.55333928 0.00000000 0.00000000 -0.18341726 0.00000000 0.00000000
8.2000 5.31286893 0.00000000 -2.00000000 1.55145722 0.00000000 0.00000000 -0.19299329 0.00000000 0.00000000
8.2100 5.32837369 0.00000000 -2.00000000 1.54947945 0.00000000 0.00000000 -0.20255740 0.00000000 0.00000000
8.2200 5.34385820 0.00000000 -2.00000000 1.54740611 0.00000000 0.00000000 -0.21210903 0.00000000 0.00000000
8.2300 5.35932150 0.00000000 -2.00000000 1.54523732 0.00000000 0.00000000 -0.22164756 0.00000000 0.00000000
8.2400 5.37476263 0.00000000 -2.00000000 1.54297321 0.00000000 0.00000000 -0.23117243 0.00000000 0.00000000
8.2500 5.39018064 0.00000000 -2.00000000 1.54061392 0.00000000 0.00000000 -0.24068304 0.00000000 0.00000000
8.2600 5.40557459 0.00000000 -2.00000000 1.53815959 0.00000000 0.00000000 -0.25017880 0.00000000 0.00000000
8.2700 5.42094352 0.00000000 -2.00000000 1.53561039 0.00000000 0.00000000 -0.25965913 0.00000000 0.00000000
8.2800 5.43628648 0.00000000 -2.00000000 1.53296646 0.00000000 0.00000000 -0.26912344 0.00000000 0.00000000
8.2900 5.45160253 0.00000000 -2.00000000 1.53022798 0.00000000 0.00000000 -0.27857115 0.00000000 0.00000000
8.3000 5.46689073 0.00000000 -2.00000000 1.52739510 0.00000000 0.00000000 -0.28800167 0.00000000 0.00000000
8.3100 5.48215012 0.00000000 -2.00000000 1.52446800 0.00000000 0.00000000 -0.29741444 0.00000000 0.00000000
8.3200 5.49737977 0.00000000 -2.00000000 1.52144687 0.00000000 0.00000000 -0.30680885 0.00000000 0.00000000
8.3300 5.51257875 0.00000000 -2.00000000 1.51833189 0.00000000 0.00000000 -0.31618434 0.00000000 0.00000000
8.3400 5.52774610 0.00000000 -2.00000000 1.51512325 0.00000000 0.00000000 -0.32554033 0.00000000 0.00000000
8.3500 5.54288090 0.00000000 -2.00000000 1.51182115 0.00000000 0.00000000 -0.33487623 0.00000000 0.00000000
8.3600 5.55798221 0.00000000 -2.00000000 1.50842579 0.00000000 0.00000000 -0.34419148 0.00000000 0.00000000
8.3700 5.57304911 0.00000000 -2.00000000 1.50493739 0.00000000 0.00000000 -0.35348550 0.00000000 0.00000000
8.3800 5.58808065 0.00000000 -2.00000000 1.50135616 0.00000000 0.00000000 -0.36275771 0.00000000 0.00000000
8.3900 5.60307592 0.00000000 -2.00000000 1.49768231 0.00000000 0.00000000 -0.37200755 0.00000000 0.00000000
8.4000 5.61803399 0.00000000 -2.00000000 1.49391608 0.00000000 0.00000000 -0.38123444 0.00000000 0.00000000
8.4100 5.63295393 0.00000000 -2.00000000 1.49005770 0.00000000 0.00000000 -0.39043781 0.00000000 0.00000000
8.4200 5.64783484 0.00000000 -2.00000000 1.48610741 0.00000000 0.00000000 -0.39961710 0.00000000 0.00000000
8.4300 5.66267578 0.00000000 -2.00000000 1.48206544 0.00000000 0.00000000 -0.40877174 0.00000000 0.00000000
8.4400 5.67747584 0.00000000 -2.00000000 1.47793206 0.00000000 0.00000000 -0.41790116 0.00000000 0.00000000
8.4500 5.69223411 0.00000000 -2.00000000 1.47370750 0.00000000 0.00000000 -0.42700480 0.00000000 0.00000000
8.4600 5.70694969 0.00000000 -2.00000000 1.46939205 0.00000000 0.00000000 -0.43608211 0.00000000 0.00000000
8.4700 5.72162165 0.00000000 -2.00000000 1.46498595 0.00000000 0.00000000 -0.44513252 0.00000000 0.00000000
8.4800 5.73624911 0.00000000 -2.00000000 1.46048949 0.00000000 0.00000000 -0.45415546 0.00000000 0.00000000
8.4900 5.75083114 0.00000000 -2.00000000 1.45590294 0.00000000 0.00000000 -0.46315040 0.00000000 0.00000000
8.5000 5.76536686 0.00000000 -2.00000000 1.45122658 0.00000000 0.00000000 -0.47211676 0.00000000 0.00000000
8.5100 5.77985538 0.00000000 -2.00000000 1.44646070 0.00000000 0.00000000 -0.48105400 0.00000000 0.00000000
8.5200 5.79429578 0.00000000 -2.00000000 1.44160559 0.00000000 0.00000000 -0.48996157 0.00000000 0.00000000
8.5300 5.80868719 0.00000000 -2.00000000 1.43666157 0.00000000 0.00000000 -0.49883892 0.00000000 0.00000000
8.5400 5.82302872 0.00000000 -2.00000000 1.43162892 0.00000000 0.00000000 -0.50768549 0.00000000 0.00000000
8.5500 5.83731948 0.00000000 -2.00000000 1.42650796 0.00000000 0.00000000 -0.51650075 0.00000000 0.00000000
8.5600 5.85155858 0.00000000 -2.00000000 1.42129901 0.00000000 0.00000000 -0.52528415 0.00000000 0.00000000
8.5700 5.86574516 0.00000000 -2.00000000 1.41600239 0.00000000 0.00000000 -0.53403514 0.00000000 0.00000000
8.5800 5.87987834 0.00000000 -2.00000000 1.41061842 0.00000000 0.00000000 -0.54275320 0.00000000 0.00000000
8.5900 5.89395724 0.00000000 -2.00000000 1.40514743 0.00000000 0.00000000 -0.55143777 0.00000000 0.00000000
8.6000 5.90798100 0.00000000 -2.00000000 1.39958978 0.00000000 0.00000000 -0.56008833 0.00000000 0.00000000
8.6100 5.92194875 0.00000000 -2.00000000 1.39394578 0.00000000 0.00000000 -0.56870434 0.00000000 0.00000000
8.6200 5.93585963 0.00000000 -2.00000000 1.38821581 0.00000000 0.00000000 -0.57728527 0.00000000 0.00000000
8.6300 5.94971278 0.00000000 -2.00000000 1.38240020 0.00000000 0.00000000 -0.58583059 0.00000000 0.00000000
8.6400 5.96350735 0.00000000 -2.00000000 1.37649931 0.00000000 0.00000000 -0.59433977 0.00000000 0.00000000
8.6500 5.97724248 0.00000000 -2.00000000 1.37051352 0.00000000 0.00000000 -0.60281229 0.00000000 0.00000000
8.6600 5.99091734 0.00000000 -2.00000000 1.36444319 0.00000000 0.00000000 -0.61124763 0.00000000 0.00000000
8.6700 6.00453107 0.00000000 -2.00000000 1.35828870 0.00000000 0.00000000 -0.61964526 0.00000000 0.00000000
8.6800 6.01808283 0.00000000 -2.00000000 1.35205041 0.00000000 0.00000000 -0.62800467 0.00000000 0.00000000
8.6900 6.03157180 0.00000000 -2.00000000 1.34572873 0.00000000 0.00000000 -0.63632535 0.00000000 0.00000000
8.7000 6.04499713 0.00000000 -2.00000000 1.33932404 0.00000000 0.00000000 -0.64460677 0.00000000 0.00000000
8.7100 6.05835800 0.00000000 -2.00000000 1.33283673 0.00000000 0.00000000 -0.65284842 0.00000000 0.00000000
8.7200 6.07165359 0.00000000 -2.00000000 1.32626720 0.00000000 0.00000000 -0.66104981 0.00000000 0.00000000
8.7300 6.08488307 0.00000000 -2.00000000 1.31961587 0.00000000 0.00000000 -0.66921042 0.00000000 0.00000000
8.7400 6.09804564 0.00000000 -2.00000000 1.31288313 0.00000000 0.00000000 -0.67732975 0.00000000 0.00000000
8.7500 6.11114047 0.00000000 -2.00000000 1.30606941 0.00000000 0.00000000 -0.68540730 0.00000000 0.00000000
8.7600 6.12416676 0.00000000 -2.00000000 1.29917513 0.00000000 0.00000000 -0.69344257 0.00000000 0.00000000
8.7700 6.13712370 0.00000000 -2.00000000 1.29220070 0.00000000 0.00000000 -0.70143507 0.00000000 0.00000000
8.7800 6.15001050 0.00000000 -2.00000000 1.28514657 0.00000000 0.00000000 -0.70938430 0.00000000 0.00000000
8.7900 6.16282637 0.00000000 -2.00000000 1.27801316 0.00000000 0.00000000 -0.71728977 0.00000000 0.00000000
8.8000 6.17557050 0.00000000 -2.00000000 1.27080092 0.00000000 0.00000000 -0.72515099 0.00000000 0.00000000
8.8100 6.18824213 0.00000000 -2.00000000 1.26351029 0.00000000 0.00000000 -0.73296748 0.00000000 0.00000000
8.8200 6.20084045 0.00000000 -2.00000000 1.25614172 0.00000000 0.00000000 -0.74073876 0.00000000 0.00000000
8.8300 6.21336470 0.00000000 -2.00000000 1.24869567 0.00000000 0.00000000 -0.74846435 0.00000000 0.00000000
8.8400 6.22581411 0.00000000 -2.00000000 1.24117259 0.00000000 0.00000000 -0.75614377 0.00000000 0.00000000
8.8500 6.23818790 0.00000000 -2.00000000 1.23357295 0.00000000 0.00000000 -0.76377655 0.00000000 0.00000000
8.8600 6.25048531 0.00000000 -2.00000000 1.22589722 0.00000000 0.00000000 -0.77136221 0.00000000 0.00000000
8.8700 6.26270559 0.00000000 -2.00000000 1.21814586 0.00000000 0.00000000 -0.77890029 0.00000000 0.00000000
8.8800 6.27484798 0.00000000 -2.00000000 1.21031937 0.00000000 0.00000000 -0.78639033 0.00000000 0.00000000
8.8900 6.28691173 0.00000000 -2.00000000 1.20241822 0.00000000 0.00000000 -0.79383185 0.00000000 0.00000000
8.9000 6.29889610 0.00000000 -2.00000000 1.19444290 0.00000000 0.00000000 -0.80122441 0.00000000 0.00000000
8.9100 6.31080034 0.00000000 -2.00000000 1.18639390 0.00000000 0.00000000 -0.80856755 0.00000000 0.00000000
8.9200 6.32262373 0.00000000 -2.00000000 1.17827171 0.00000000 0.00000000 -0.81586081 0.00000000 0.00000000
8.9300 6.33436553 0.00000000 -2.00000000 1.17007685 0.00000000 0.00000000 -0.82310375 0.00000000 0.00000000
8.9400 6.34602503 0.00000000 -2.00000000 1.16180981 0.00000000 0.00000000 -0.83029591 0.00000000 0.00000000
8.9500 6.35760149 0.00000000 -2.00000000 1.15347110 0.00000000 0.00000000 -0.83743685 0.00000000 0.00000000
8.9600 6.36909421 0.00000000 -2.00000000 1.14506124 0.00000000 0.00000000 -0.84452614 0.00000000 0.00000000
8.9700 6.38050248 0.00000000 -2.00000000 1.13658075 0.00000000 0.00000000 -0.85156333 0.00000000 0.00000000
8.9800 6.39182559 0.00000000 -2.00000000 1.12803015 0.00000000 0.00000000 -0.85854800 0.00000000 0.00000000
8.9900 6.40306285 0.00000000 -2.00000000 1.11940997 0.00000000 0.00000000 -0.86547971 0.00000000 0.00000000
9.0000 6.41421356 0.00000000 -2.00000000 1.11072073 0.00000000 0.00000000 -0.87235802 0.00000000 0.00000000
9.0100 6.42527704 0.00000000 -2.00000000 1.10196299 0.00000000 0.00000000 -0.87918253 0.00000000 0.00000000
9.0200 6.43625260 0.00000000 -2.00000000 1.09313726 0.00000000 0.00000000 -0.88595281 0.00000000 0.00000000
9.0300 6.44713956 0.00000000 -2.00000000 1.08424411 0.00000000 0.00000000 -0.89266843 0.00000000 0.00000000
9.0400 6.45793725 0.00000000 -2.00000000 1.07528408 0.00000000 0.00000000 -0.89932900 0.00000000 0.00000000
9.0500 6.46864502 0.00000000 -2.00000000 1.06625772 0.00000000 0.00000000 -0.90593408 0.00000000 0.00000000
9.0600 6.47926219 0.00000000 -2.00000000 1.05716558 0.00000000 0.00000000 -0.91248329 0.00000000 0.00000000
9.0700 6.48978811 0.00000000 -2.00000000 1.04800824 0.00000000 0.00000000 -0.91897621 0.00000000 0.00000000
9.0800 6.50022214 0.00000000 -2.00000000 1.03878625 0.00000000 0.00000000 -0.92541244 0.00000000 0.00000000
9.0900 6.51056362 0.00000000 -2.00000000 1.02950018 0.00000000 0.00000000 -0.93179159 0.00000000 0.00000000
9.1000 6.52081193 0.00000000 -2.00000000 1.02015061 0.00000000 0.00000000 -0.93811326 0.00000000 0.00000000
9.1100 6.53096643 0.00000000 -2.00000000 1.01073811 0.00000000 0.00000000 -0.94437706 0.00000000 0.00000000
9.1200 6.54102649 0.00000000 -2.00000000 1.00126326 0.00000000 0.00000000 -0.95058261 0.00000000 0.00000000
9.1300 6.55099149 0.00000000 -2.00000000 0.99172665 0.00000000 0.00000000 -0.95672952 0.00000000 0.00000000
9.1400 6.56086081 0.00000000 -2.00000000 0.98212887 0.00000000 0.00000000 -0.96281742 0.00000000 0.00000000
9.1500 6.57063386 0.00000000 -2.00000000 0.97247050 0.00000000 0.00000000 -0.96884593 0.00000000 0.00000000
9.1600 6.58031002 0.00000000 -2.00000000 0.96275215 0.00000000 0.00000000 -0.97481467 0.00000000 0.00000000
9.1700 6.58988871 0.00000000 -2.00000000 0.95297441 0.00000000 0.00000000 -0.98072329 0.00000000 0.00000000
9.1800 6.59936932 0.00000000 -2.00000000 0.94313788 0.00000000 0.00000000 -0.98657140 0.00000000 0.00000000
9.1900 6.60875127 0.00000000 -2.00000000 0.93324318 0.00000000 0.00000000 -0.99235866 0.00000000 0.00000000
9.2000 6.61803399 0.00000000 -2.00000000 0.92329092 0.00000000 0.00000000 -0.99808471 0.00000000 0.00000000
9.2100 6.62721690 0.00000000 -2.00000000 0.91328169 0.00000000 0.00000000 -1.00374919 0.00000000 0.00000000
9.2200 6.63629943 0.00000000 -2.00000000 0.90321614 0.00000000 0.00000000 -1.00935176 0.00000000 0.00000000
9.2300 6.64528104 0.00000000 -2.00000000 0.89309487 0.00000000 0.00000000 -1.01489206 0.00000000 0.00000000
9.2400 6.65416115 0.00000000 -2.00000000 0.88291851 0.00000000 0.00000000 -1.02036976 0.00000000 0.00000000
9.2500 6.66293922 0.00000000 -2.00000000 0.87268768 0.00000000 0.00000000 -1.02578452 0.00000000 0.00000000
9.2600 6.67161472 0.00000000 -2.00000000 0.86240303 0.00000000 0.00000000 -1.03113600 0.00000000 0.00000000
9.2700 6.68018711 0.00000000 -2.00000000 0.85206517 0.00000000 0.00000000 -1.03642388 0.00000000 0.00000000
9.2800 6.68865585 0.00000000 -2.00000000 0.84167476 0.00000000 0.00000000 -1.04164783 0.00000000 0.00000000
9.2900 6.69702043 0.00000000 -2.00000000 0.83123243 0.00000000 0.00000000 -1.04680752 0.00000000 0.00000000
9.3000 6.70528033 0.00000000 -2.00000000 0.82073883 0.00000000 0.00000000 -1.05190264 0.00000000 0.00000000
9.3100 6.71343504 0.00000000 -2.00000000 0.81019459 0.00000000 0.00000000 -1.05693287 0.00000000 0.00000000
9.3200 6.72148405 0.00000000 -2.00000000 0.79960039 0.00000000 0.00000000 -1.06189791 0.00000000 0.00000000
9.3300 6.72942688 0.00000000 -2.00000000 0.78895685 0.00000000 0.00000000 -1.06679745 0.00000000 0.00000000
9.3400 6.73726303 0.00000000 -2.00000000 0.77826466 0.00000000 0.00000000 -1.07163118 0.00000000 0.00000000
9.3500 6.74499201 0.00000000 -2.00000000 0.76752445 0.00000000 0.00000000 -1.07639880 0.00000000 0.00000000
9.3600 6.75261336 0.00000000 -2.00000000 0.75673690 0.00000000 0.00000000 -1.08110003 0.00000000 0.00000000
9.3700 6.76012660 0.00000000 -2.00000000 0.74590267 0.00000000 0.00000000 -1.08573458 0.00000000 0.00000000
9.3800 6.76753126 0.00000000 -2.00000000 0.73502243 0.00000000 0.00000000 -1.09030214 0.00000000 0.00000000
9.3900 6.77482689 0.00000000 -2.00000000 0.72409685 0.00000000 0.00000000 -1.09480246 0.00000000 0.00000000
9.4000 6.78201305 0.00000000 -2.00000000 0.71312661 0.00000000 0.00000000 -1.09923524 0.00000000 0.00000000
9.4100 6.78908928 0.00000000 -2.00000000 0.70211238 0.00000000 0.00000000 -1.10360021 0.00000000 0.00000000
9.4200 6.79605515 0.00000000 -2.00000000 0.69105483 0.00000000 0.00000000 -1.10789711 0.00000000 0.00000000
9.4300 6.80291023 0.00000000 -2.00000000 0.67995466 0.00000000 0.00000000 -1.11212567 0.00000000 0.00000000
9.4400 6.80965410 0.00000000 -2.00000000 0.66881255 0.00000000 0.00000000 -1.11628563 0.00000000 0.00000000
9.4500 6.81628635 0.00000000 -2.00000000 0.65762918 0.00000000 0.00000000 -1.12037673 0.00000000 0.00000000
9.4600 6.82280655 0.00000000 -2.00000000 0.64640524 0.00000000 0.00000000 -1.12439872 0.00000000 0.00000000
9.4700 6.82921432 0.00000000 -2.00000000 0.63514143 0.00000000 0.00000000 -1.12835136 0.00000000 0.00000000
9.4800 6.83550925 0.00000000 -2.00000000 0.62383845 0.00000000 0.00000000 -1.13223439 0.00000000 0.00000000
9.4900 6.84169096 0.00000000 -2.00000000 0.61249698 0.00000000 0.00000000 -1.13604758 0.00000000 0.00000000
9.5000 6.84775907 0.00000000 -2.00000000 0.60111773 0.00000000 0.00000000 -1.13979069 0.00000000 0.00000000
9.5100 6.85371319 0.00000000 -2.00000000 0.58970140 0.00000000 0.00000000 -1.14346349 0.00000000 0.00000000
9.5200 6.85955297 0.00000000 -2.00000000 0.57824870 0.00000000 0.00000000 -1.14706576 0.00000000 0.00000000
9.5300 6.86527805 0.00000000 -2.00000000 0.56676032 0.00000000 0.00000000 -1.15059728 0.00000000 0.00000000
9.5400 6.87088806 0.00000000 -2.00000000 0.55523699 0.00000000 0.00000000 -1.15405782 0.00000000 0.00000000
9.5500 6.87638267 0.00000000 -2.00000000 0.54367940 0.00000000 0.00000000 -1.15744717 0.00000000 0.00000000
9.5600 6.88176154 0.00000000 -2.00000000 0.53208828 0.00000000 0.00000000 -1.16076512 0.00000000 0.00000000
9.5700 6.88702433 0.00000000 -2.00000000 0.52046434 0.00000000 0.00000000 -1.16401148 0.00000000 0.00000000
9.5800 6.89217072 0.00000000 -2.00000000 0.50880829 0.00000000 0.00000000 -1.16718603 0.00000000 0.00000000
9.5900 6.89720039 0.00000000 -2.00000000 0.49712086 0.00000000 0.00000000 -1.17028858 0.00000000 0.00000000
9.6000 6.90211303 0.00000000 -2.00000000 0.48540276 0.00000000 0.00000000 -1.17331895 0.00000000 0.00000000
9.6100 6.90690834 0.00000000 -2.00000000 0.47365472 0.00000000 0.00000000 -1.17627694 0.00000000 0.00000000
9.6200 6.91158603 0.00000000 -2.00000000 0.46187746 0.00000000 0.00000000 -1.17916237 0.00000000 0.00000000
9.6300 6.91614580 0.00000000 -2.00000000 0.45007171 0.00000000 0.00000000 -1.18197506 0.00000000 0.00000000
9.6400 6.92058737 0.00000000 -2.00000000 0.43823820 0.00000000 0.00000000 -1.18471485 0.00000000 0.00000000
9.6500 6.92491047 0.00000000 -2.00000000 0.42637766 0.00000000 0.00000000 -1.18738155 0.00000000 0.00000000
9.6600 6.92911484 0.00000000 -2.00000000 0.41449082 0.00000000 0.00000000 -1.18997502 0.00000000 0.00000000
9.6700 6.93320020 0.00000000 -2.00000000 0.40257841 0.00000000 0.00000000 -1.19249508 0.00000000 0.00000000
9.6800 6.93716632 0.00000000 -2.00000000 0.39064116 0.00000000 0.00000000 -1.19494158 0.00000000 0.00000000
9.6900 6.94101295 0.00000000 -2.00000000 0.37867982 0.00000000 0.00000000 -1.19731437 0.00000000 0.00000000
9.7000 6.94473984 0.00000000 -2.00000000 0.36669512 0.00000000 0.00000000 -1.19961331 0.00000000 0.00000000
9.7100 6.94834677 0.00000000 -2.00000000 0.35468780 0.00000000 0.00000000 -1.20183824 0.00000000 0.00000000
9.7200 6.95183352 0.00000000 -2.00000000 0.34265860 0.00000000 0.00000000 -1.20398905 0.00000000 0.00000000
9.7300 6.95519988 0.00000000 -2.00000000 0.33060827 0.00000000 0.00000000 -1.20606558 0.00000000 0.00000000
9.7400 6.95844562 0.00000000 -2.00000000 0.31853754 0.00000000 0.00000000 -1.20806772 0.00000000 0.00000000
9.7500 6.96157056 0.00000000 -2.00000000 0.30644716 0.00000000 0.00000000 -1.20999534 0.00000000 0.00000000
9.7600 6.96457450 0.00000000 -2.00000000 0.29433788 0.00000000 0.00000000 -1.21184832 0.00000000 0.00000000
9.7700 6.96745726 0.00000000 -2.00000000 0.28221044 0.00000000 0.00000000 -1.21362655 0.00000000 0.00000000
9.7800 6.97021865 0.00000000 -2.00000000 0.27006560 0.00000000 0.00000000 -1.21532992 0.00000000 0.00000000
9.7900 6.97285851 0.00000000 -2.00000000 0.25790410 0.00000000 0.00000000 -1.21695832 0.00000000 0.00000000
9.8000 6.97537668 0.00000000 -2.00000000 0.24572668 0.00000000 0.00000000 -1.21851165 0.00000000 0.00000000
9.8100 6.97777300 0.00000000 -2.00000000 0.23353411 0.00000000 0.00000000 -1.21998982 0.00000000 0.00000000
9.8200 6.98004732 0.00000000 -2.00000000 0.22132714 0.00000000 0.00000000 -1.22139273 0.00000000 0.00000000
9.8300 6.98219949 0.00000000 -2.00000000 0.20910651 0.00000000 0.00000000 -1.22272030 0.00000000 0.00000000
9.8400 6.98422940 0.00000000 -2.00000000 0.19687298 0.00000000 0.00000000 -1.22397245 0.00000000 0.00000000
9.8500 6.98613691 0.00000000 -2.00000000 0.18462731 0.00000000 0.00000000 -1.22514910 0.00000000 0.00000000
9.8600 6.98792191 0.00000000 -2.00000000 0.17237025 0.00000000 0.00000000 -1.22625018 0.00000000 0.00000000
9.8700 6.98958428 0.00000000 -2.00000000 0.16010256 0.00000000 0.00000000 -1.22727561 0.00000000 0.00000000
9.8800 6.99112393 0.00000000 -2.00000000 0.14782499 0.00000000 0.00000000 -1.22822534 0.00000000 0.00000000
9.8900 6.99254075 0.00000000 -2.00000000 0.13553831 0.00000000 0.00000000 -1.22909931 0.00000000 0.00000000
9.9000 6.99383467 0.00000000 -2.00000000 0.12324326 0.00000000 0.00000000 -1.22989746 0.00000000 0.00000000
9.9100 6.99500559 0.00000000 -2.00000000 0.11094061 0.00000000 0.00000000 -1.23061975 0.00000000 0.00000000
9.9200 6.99605346 0.00000000 -2.00000000 0.09863112 0.00000000 0.00000000 -1.23126612 0.00000000 0.00000000
9.9300 6.99697819 0.00000000 -2.00000000 0.08631554 0.00000000 0.00000000 -1.23183655 0.00000000 0.00000000
9.9400 6.99777975 0.00000000 -2.00000000 0.07399464 0.00000000 0.00000000 -1.23233099 0.00000000 0.00000000
9.9500 6.99845807 0.00000000 -2.00000000 0.06166917 0.00000000 0.00000000 -1.23274941 0.00000000 0.00000000
9.9600 6.99901312 0.00000000 -2.00000000 0.04933990 0.00000000 0.00000000 -1.23309179 0.00000000 0.00000000
9.9700 6.99944486 0.00000000 -2.00000000 0.03700759 0.00000000 0.00000000 -1.23335811 0.00000000 0.00000000
9.9800 6.99975326 0.00000000 -2.00000000 0.02467300 0.00000000 0.00000000 -1.23354835 0.00000000 0.00000000
9.9900 6.99993832 0.00000000 -2.00000000 0.01233688 0.00000000 0.00000000 -1.23366250 0.00000000 0.00000000
10.0000 7.00000000 0.00000000 -2.00000000 0.00000000 0.00000000 0.00000000 -1.23370055 0.00000000 0.00000000
10.0100 6.99993832 0.00000000 -2.00000000 -0.01233688 0.00000000 0.00000000 -1.23366250 0.00000000 0.00000000
10.0200 6.99975326 0.00000000 -2.00000000 -0.02467300 0.00000000 0.00000000 -1.23354835 0.00000000 0.00000000
10.0300 6.99944486 0.00000000 -2.00000000 -0.03700759 0.00000000 0.00000000 -1.23335811 0.00000000 0.00000000
10.0400 6.99901312 0.00000000 -2.00000000 -0.04933990 0.00000000 0.00000000 -1.23309179 0.00000000 0.00000000
10.0500 6.99845807 0.00000000 -2.00000000 -0.06166917 0.00000000 0.00000000 -1.23274941 0.00000000 0.00000000
10.0600 6.99777975 0.00000000 -2.00000000 -0.07399464 0.00000000 0.00000000 -1.23233099 0.00000000 0.00000000
10.0700 6.99697819 0.00000000 -2.00000000 -0.08631554 0.00000000 0.00000000 -1.23183655 0.00000000 0.00000000
10.0800 6.99605346 0.00000000 -2.00000000 -0.09863112 0.00000000 0.00000000 -1.23126612 0.00000000 0.00000000
10.0900 6.99500559 0.00000000 -2.00000000 -0.11094061 0.00000000 0.00000000 -1.23061975 0.00000000 0.00000000
10.1000 6.99383467 0.00000000 -2.00000000 -0.12324326 0.00000000 0.00000000 -1.22989746 0.00000000 0.00000000
10.1100 6.99254075 0.00000000 -2.00000000 -0.13553831 0.00000000 0.00000000 -1.22909931 0.00000000 0.00000000
10.1200 6.99112393 0.00000000 -2.00000000 -0.14782499 0.00000000 0.00000000 -1.22822534 0.00000000 0.00000000
10.1300 6.98958428 0.00000000 -2.00000000 -0.16010256 0.00000000 0.00000000 -1.22727561 0.00000000 0.00000000
10.1400 6.98792191 0.00000000 -2.00000000 -0.17237025 0.00000000 0.00000000 -1.22625018 0.00000000 0.00000000
10.1500 6.98613691 0.00000000 -2.00000000 -0.18462731 0.00000000 0.00000000 -1.22514910 0.00000000 0.00000000
10.1600 6.98422940 0.00000000 -2.00000000 -0.19687298 0.00000000 0.00000000 -1.22397245 0.00000000 0.00000000
10.1700 6.98219949 0.00000000 -2.00000000 -0.20910651 0.00000000 0.00000000 -1.22272030 0.00000000 0.00000000
10.1800 6.98004732 0.00000000 -2.00000000 -0.22132714 0.00000000 0.00000000 -1.22139273 0.00000000 0.00000000
10.1900 6.97777300 0.00000000 -2.00000000 -0.23353411 0.00000000 0.00000000 -1.21998982 0.00000000 0.00000000
10.2000 6.97537668 0.00000000 -2.00000000 -0.24572668 0.00000000 0.00000000 -1.21851165 0.00000000 0.00000000
10.2100 6.97285851 0.00000000 -2.00000000 -0.25790410 0.00000000 0.00000000 -1.21695832 0.00000000 0.00000000
10.2200 6.97021865 0.00000000 -2.00000000 -0.27006560 0.00000000 0.00000000 -1.21532992 0.00000000 0.00000000
10.2300 6.96745726 0.00000000 -2.00000000 -0.28221044 0.00000000 0.00000000 -1.21362655 0.00000000 0.00000000
10.2400 6.96457450 0.00000000 -2.00000000 -0.29433788 0.00000000 0.00000000 -1.21184832 0.00000000 0.00000000
10.2500 6.96157056 0.00000000 -2.00000000 -0.30644716 0.00000000 0.00000000 -1.20999534 0.00000000 0.00000000
10.2600 6.95844562 0.00000000 -2.00000000 -0.31853754 0.00000000 0.00000000 -1.20806772 0.00000000 0.00000000
10.2700 6.95519988 0.00000000 -2.00000000 -0.33060827 0.00000000 0.00000000 -1.20606558 0.00000000 0.00000000
10.2800 6.95183352 0.00000000 -2.00000000 -0.34265860 0.00000000 0.00000000 -1.20398905 0.00000000 0.00000000
10.2900 6.94834677 0.00000000 -2.00000000 -0.35468780 0.00000000 0.00000000 -1.20183824 0.00000000 0.00000000
10.3000 6.94473984 0.00000000 -2.00000000 -0.36669512 0.00000000 0.00000000 -1.19961331 0.00000000 0.00000000
10.3100 6.94101295 0.00000000 -2.00000000 -0.37867982 0.00000000 0.00000000 -1.19731437 0.00000000 0.00000000
10.3200 6.93716632 0.00000000 -2.00000000 -0.39064116 0.00000000 0.00000000 -1.19494158 0.00000000 0.00000000
10.3300 6.93320020 0.00000000 -2.00000000 -0.40257841 0.00000000 0.00000000 -1.19249508 0.00000000 0.00000000
10.3400 6.92911484 0.00000000 -2.00000000 -0.41449082 0.00000000 0.00000000 -1.18997502 0.00000000 0.00000000
10.3500 6.92491047 0.00000000 -2.00000000 -0.42637766 0.00000000 0.00000000 -1.18738155 0.00000000 0.00000000
10.3600 6.92058737 0.00000000 -2.00000000 -0.43823820 0.00000000 0.00000000 -1.18471485 0.00000000 0.00000000
10.3700 6.91614580 0.00000000 -2.00000000 -0.45007171 0.00000000 0.00000000 -1.18197506 0.00000000 0.00000000
10.3800 6.91158603 0.00000000 -2.00000000 -0.46187746 0.00000000 0.00000000 -1.17916237 0.00000000 0.00000000
10.3900 6.90690834 0.00000000 -2.00000000 -0.47365472 0.00000000 0.00000000 -1.17627694 0.00000000 0.00000000
10.4000 6.90211303 0.00000000 -2.00000000 -0.48540276 0.00000000 0.00000000 -1.17331895 0.00000000 0.00000000
10.4100 6.89720039 0.00000000 -2.00000000 -0.49712086 0.00000000 0.00000000 -1.17028858 0.00000000 0.00000000
10.4200 6.89217072 0.00000000 -2.00000000 -0.50880829 0.00000000 0.00000000 -1.16718603 0.00000000 0.00000000
10.4300 6.88702433 0.00000000 -2.00000000 -0.52046434 0.00000000 0.00000000 -1.16401148 0.00000000 0.00000000
10.4400 6.88176154 0.00000000 -2.00000000 -0.53208828 0.00000000 0.00000000 -1.16076512 0.00000000 0.00000000
10.4500 6.87638267 0.00000000 -2.00000000 -0.54367940 0.00000000 0.00000000 -1.15744717 0.00000000 0.00000000
10.4600 6.87088806 0.00000000 -2.00000000 -0.55523699 0.00000000 0.00000000 -1.15405782 0.00000000 0.00000000
10.4700 6.86527805 0.00000000 -2.00000000 -0.56676032 0.00000000 0.00000000 -1.15059728 0.00000000 0.00000000
10.4800 6.85955297 0.00000000 -2.00000000 -0.57824870 0.00000000 0.00000000 -1.14706576 0.00000000 0.00000000
10.4900 6.85371319 0.00000000 -2.00000000 -0.58970140 0.00000000 0.00000000 -1.14346349 0.00000000 0.00000000
10.5000 6.84775907 0.00000000 -2.00000000 -0.60111773 0.00000000 0.00000000 -1.13979069 0.00000000 0.00000000
10.5100 6.84169096 0.00000000 -2.00000000 -0.61249698 0.00000000 0.00000000 -1.13604758 0.00000000 0.00000000
10.5200 6.83550925 0.00000000 -2.00000000 -0.62383845 0.00000000 0.00000000 -1.13223439 0.00000000 0.00000000
10.5300 6.82921432 0.00000000 -2.00000000 -0.63514143 0.00000000 0.00000000 -1.12835136 0.00000000 0.00000000
10.5400 6.82280655 0.00000000 -2.00000000 -0.64640524 0.00000000 0.00000000 -1.12439872 0.00000000 0.00000000
10.5500 6.81628635 0.00000000 -2.00000000 -0.65762918 0.00000000 0.00000000 -1.12037673 0.00000000 0.00000000
10.5600 6.80965410 0.00000000 -2.00000000 -0.66881255 0.00000000 0.00000000 -1.11628563 0.00000000 0.00000000
10.5700 6.80291023 0.00000000 -2.00000000 -0.67995466 0.00000000 0.00000000 -1.11212567 0.00000000 0.00000000
10.5800 6.79605515 0.00000000 -2.00000000 -0.69105483 0.00000000 0.00000000 -1.10789711 0.00000000 0.00000000
10.5900 6.78908928 0.00000000 -2.00000000 -0.70211238 0.00000000 0.00000000 -1.10360021 0.00000000 0.00000000
10.6000 6.78201305 0.00000000 -2.00000000 -0.71312661 0.00000000 0.00000000 -1.09923524 0.00000000 0.00000000
10.6100 6.77482689 0.00000000 -2.00000000 -0.72409685 0.00000000 0.00000000 -1.09480246 0.00000000 0.00000000
10.6200 6.76753126 0.00000000 -2.00000000 -0.73502243 0.00000000 0.00000000 -1.09030214 0.00000000 0.00000000
10.6300 6.76012660 0.00000000 -2.00000000 -0.74590267 0.00000000 0.00000000 -1.08573458 0.00000000 0.00000000
10.6400 6.75261336 0.00000000 -2.00000000 -0.75673690 0.00000000 0.00000000 -1.08110003 0.00000000 0.00000000
10.6500 6.74499201 0.00000000 -2.00000000 -0.76752445 0.00000000 0.00000000 -1.07639880 0.00000000 0.00000000
10.6600 6.73726303 0.00000000 -2.00000000 -0.77826466 0.00000000 0.00000000 -1.07163118 0.00000000 0.00000000
10.6700 6.72942688 0.00000000 -2.00000000 -0.78895685 0.00000000 0.00000000 -1.06679745 0.00000000 0.00000000
10.6800 6.72148405 0.00000000 -2.00000000 -0.79960039 0.00000000 0.00000000 -1.06189791 0.00000000 0.00000000
10.6900 6.71343504 0.00000000 -2.00000000 -0.81019459 0.00000000 0.00000000 -1.05693287 0.00000000 0.00000000
10.7000 6.70528033 0.00000000 -2.00000000 -0.82073883 0.00000000 0.00000000 -1.05190264 0.00000000 0.00000000
10.7100 6.69702043 0.00000000 -2.00000000 -0.83123243 0.00000000 0.00000000 -1.04680752 0.00000000 0.00000000
10.7200 6.68865585 0.00000000 -2.00000000 -0.84167476 0.00000000 0.00000000 -1.04164783 0.00000000 0.00000000
10.7300 6.68018711 0.00000000 -2.00000000 -0.85206517 0.00000000 0.00000000 -1.03642388 0.00000000 0.00000000
10.7400 6.67161472 0.00000000 -2.00000000 -0.86240303 0.00000000 0.00000000 -1.03113600 0.00000000 0.00000000
10.7500 6.66293922 0.00000000 -2.00000000 -0.87268768 0.00000000 0.00000000 -1.02578452 0.00000000 0.00000000
10.7600 6.65416115 0.00000000 -2.00000000 -0.88291851 0.00000000 0.00000000 -1.02036976 0.00000000 0.00000000
10.7700 6.64528104 0.00000000 -2.00000000 -0.89309487 0.00000000 0.00000000 -1.01489206 0.00000000 0.00000000
10.7800 6.63629943 0.00000000 -2.00000000 -0.90321614 0.00000000 0.00000000 -1.00935176 0.00000000 0.00000000
10.7900 6.62721690 0.00000000 -2.00000000 -0.91328169 0.00000000 0.00000000 -1.00374919 0.00000000 0.00000000
10.8000 6.61803399 0.00000000 -2.00000000 -0.92329092 0.00000000 0.00000000 -0.99808471 0.00000000 0.00000000
10.8100 6.60875127 0.00000000 -2.00000000 -0.93324318 0.00000000 0.00000000 -0.99235866 0.00000000 0.00000000
10.8200 6.59936932 0.00000000 -2.00000000 -0.94313788 0.00000000 0.00000000 -0.98657140 0.00000000 0.00000000
10.8300 6.58988871 0.00000000 -2.00000000 -0.95297441 0.00000000 0.00000000 -0.98072329 0.00000000 0.00000000
10.8400 6.58031002 0.00000000 -2.00000000 -0.96275215 0.00000000 0.00000000 -0.97481467 0.00000000 0.00000000
10.8500 6.57063386 0.00000000 -2.00000000 -0.97247050 0.00000000 0.00000000 -0.96884593 0.00000000 0.00000000
10.8600 6.56086081 0.00000000 -2.00000000 -0.98212887 0.00000000 0.00000000 -0.96281742 0.00000000 0.00000000
10.8700 6.55099149 0.00000000 -2.00000000 -0.99172665 0.00000000 0.00000000 -0.95672952 0.00000000 0.00000000
10.8800 6.54102649 0.00000000 -2.00000000 -1.00126326 0.00000000 0.00000000 -0.95058261 0.00000000 0.00000000
10.8900 6.53096643 0.00000000 -2.00000000 -1.01073811 0.00000000 0.00000000 -0.94437706 0.00000000 0.00000000
10.9000 6.52081193 0.00000000 -2.00000000 -1.02015061 0.00000000 0.00000000 -0.93811326 0.00000000 0.00000000
10.9100 6.51056362 0.00000000 -2.00000000 -1.02950018 0.00000000 0.00000000 -0.93179159 0.00000000 0.00000000
10.9200 6.50022214 0.00000000 -2.00000000 -1.03878625 0.00000000 0.00000000 -0.92541244 0.00000000 0.00000000
10.9300 6.48978811 0.00000000 -2.00000000 -1.04800824 0.00000000 0.00000000 -0.91897621 0.00000000 0.00000000
10.9400 6.47926219 0.00000000 -2.00000000 -1.05716558 0.00000000 0.00000000 -0.91248329 0.00000000 0.00000000
10.9500 6.46864502 0.00000000 -2.00000000 -1.06625772 0.00000000 0.00000000 -0.90593408 0.00000000 0.00000000
10.9600 6.45793725 0.00000000 -2.00000000 -1.07528408 0.00000000 0.00000000 -0.89932900 0.00000000 0.00000000
10.9700 6.44713956 0.00000000 -2.00000000 -1.08424411 0.00000000 0.00000000 -0.89266843 0.00000000 0.00000000
10.9800 6.43625260 0.00000000 -2.00000000 -1.09313726 0.00000000 0.00000000 -0.88595281 0.00000000 0.00000000
10.9900 6.42527704 0.00000000 -2.00000000 -1.10196299 0.00000000 0.00000000 -0.87918253 0.00000000 0.00000000
11.0000 6.41421356 0.00000000 -2.00000000 -1.11072073 0.00000000 0.00000000 -0.87235802 0.00000000 0.00000000
11.0100 6.40306285 0.00000000 -2.00000000 -1.11940997 0.00000000 0.00000000 -0.86547971 0.00000000 0.00000000
11.0200 6.39182559 0.00000000 -2.00000000 -1.12803015 0.00000000 0.00000000 -0.85854800 0.00000000 0.00000000
11.0300 6.38050248 0.00000000 -2.00000000 -1.13658075 0.00000000 0.00000000 -0.85156333 0.00000000 0.00000000
11.0400 6.36909421 0.00000000 -2.00000000 -1.14506124 0.00000000 0.00000000 -0.84452614 0.00000000 0.00000000
11.0500 6.35760149 0.00000000 -2.00000000 -1.15347110 0.00000000 0.00000000 -0.83743685 0.00000000 0.00000000
11.0600 6.34602503 0.00000000 -2.00000000 -1.16180981 0.00000000 0.00000000 -0.83029591 0.00000000 0.00000000
11.0700 6.33436553 0.00000000 -2.00000000 -1.17007685 0.00000000 0.00000000 -0.82310375 0.00000000 0.00000000
11.0800 6.32262373 0.00000000 -2.00000000 -1.17827171 0.00000000 0.00000000 -0.81586081 0.00000000 0.00000000
11.0900 6.31080034 0.00000000 -2.00000000 -1.18639390 0.00000000 0.00000000 -0.80856755 0.00000000 0.00000000
11.1000 6.29889610 0.00000000 -2.00000000 -1.19444290 0.00000000 0.00000000 -0.80122441 0.00000000 0.00000000
11.1100 6.28691173 0.00000000 -2.00000000 -1.20241822 0.00000000 0.00000000 -0.79383185 0.00000000 0.00000000
11.1200 6.27484798 0.00000000 -2.00000000 -1.21031937 0.00000000 0.00000000 -0.78639033 0.00000000 0.00000000
11.1300 6.26270559 0.00000000 -2.00000000 -1.21814586 0.00000000 0.00000000 -0.77890029 0.00000000 0.00000000
11.1400 6.25048531 0.00000000 -2.00000000 -1.22589722 0.00000000 0.00000000 -0.77136221 0.00000000 0.00000000
11.1500 6.23818790 0.00000000 -2.00000000 -1.23357295 0.00000000 0.00000000 -0.76377655 0.00000000 0.00000000
11.1600 6.22581411 0.00000000 -2.00000000 -1.24117259 0.00000000 0.00000000 -0.75614377 0.00000000 0.00000000
11.1700 6.21336470 0.00000000 -2.00000000 -1.24869567 0.00000000 0.00000000 -0.74846435 0.00000000 0.00000000
11.1800 6.20084045 0.00000000 -2.00000000 -1.25614172 0.00000000 0.00000000 -0.74073876 0.00000000 0.00000000
11.1900 6.18824213 0.00000000 -2.00000000 -1.26351029 0.00000000 0.00000000 -0.73296748 0.00000000 0.00000000
11.2000 6.17557050 0.00000000 -2.00000000 -1.27080092 0.00000000 0.00000000 -0.72515099 0.00000000 0.00000000
11.2100 6.16282637 0.00000000 -2.00000000 -1.27801316 0.00000000 0.00000000 -0.71728977 0.00000000 0.00000000
11.2200 6.15001050 0.00000000 -2.00000000 -1.28514657 0.00000000 0.00000000 -0.70938430 0.00000000 0.00000000
11.2300 6.13712370 0.00000000 -2.00000000 -1.29220070 0.00000000 0.00000000 -0.70143507 0.00000000 0.00000000
11.2400 6.12416676 0.00000000 -2.00000000 -1.29917513 0.00000000 0.00000000 -0.69344257 0.00000000 0.00000000
11.2500 6.11114047 0.00000000 -2.00000000 -1.30606941 0.00000000 0.00000000 -0.68540730 0.00000000 0.00000000
11.2600 6.09804564 0.00000000 -2.00000000 -1.31288313 0.00000000 0.00000000 -0.67732975 0.00000000 0.00000000
11.2700 6.08488307 0.00000000 -2.00000000 -1.31961587 0.00000000 0.00000000 -0.66921042 0.00000000 0.00000000
11.2800 6.07165359 0.00000000 -2.00000000 -1.32626720 0.00000000 0.00000000 -0.66104981 0.00000000 0.00000000
11.2900 6.05835800 0.00000000 -2.00000000 -1.33283673 0.00000000 0.00000000 -0.65284842 0.00000000 0.00000000
11.3000 6.04499713 0.00000000 -2.00000000 -1.33932404 0.00000000 0.00000000 -0.64460677 0.00000000 0.00000000
11.3100 6.03157180 0.00000000 -2.00000000 -1.34572873 0.00000000 0.00000000 -0.63632535 0.00000000 0.00000000
11.3200 6.01808283 0.00000000 -2.00000000 -1.35205041 0.00000000 0.00000000 -0.62800467 0.00000000 0.00000000
11.3300 6.00453107 0.00000000 -2.00000000 -1.35828870 0.00000000 0.00000000 -0.61964526 0.00000000 0.00000000
11.3400 5.99091734 0.00000000 -2.00000000 -1.36444319 0.00000000 0.00000000 -0.61124763 0.00000000 0.00000000
11.3500 5.97724248 0.00000000 -2.00000000 -1.37051352 0.00000000 0.00000000 -0.60281229 0.00000000 0.00000000
11.3600 5.96350735 0.00000000 -2.00000000 -1.37649931 0.00000000 0.00000000 -0.59433977 0.00000000 0.00000000
11.3700 5.94971278 0.00000000 -2.00000000 -1.38240020 0.00000000 0.00000000 -0.58583059 0.00000000 0.00000000
11.3800 5.93585963 0.00000000 -2.00000000 -1.38821581 0.00000000 0.00000000 -0.57728527 0.00000000 0.00000000
11.3900 5.92194875 0.00000000 -2.00000000 -1.39394578 0.00000000 0.00000000 -0.56870434 0.00000000 0.00000000
11.4000 5.90798100 0.00000000 -2.00000000 -1.39958978 0.00000000 0.00000000 -0.56008833 0.00000000 0.00000000
11.4100 5.89395724 0.00000000 -2.00000000 -1.40514743 0.00000000 0.00000000 -0.55143777 0.00000000 0.00000000
11.4200 5.87987834 0.00000000 -2.00000000 -1.41061842 0.00000000 0.00000000 -0.54275320 0.00000000 0.00000000
11.4300 5.86574516 0.00000000 -2.00000000 -1.41600239 0.00000000 0.00000000 -0.53403514 0.00000000 0.00000000
11.4400 5.85155858 0.00000000 -2.00000000 -1.42129901 0.00000000 0.00000000 -0.52528415 0.00000000 0.00000000
11.4500 5.83731948 0.00000000 -2.00000000 -1.42650796 0.00000000 0.00000000 -0.51650075 0.00000000 0.00000000
11.4600 5.82302872 0.00000000 -2.00000000 -1.43162892 0.00000000 0.00000000 -0.50768549 0.00000000 0.00000000
11.4700 5.80868719 0.00000000 -2.00000000 -1.43666157 0.00000000 0.00000000 -0.49883892 0.00000000 0.00000000
11.4800 5.79429578 0.00000000 -2.00000000 -1.44160559 0.00000000 0.00000000 -0.48996157 0.00000000 0.00000000
11.4900 5.77985538 0.00000000 -2.00000000 -1.44646070 0.00000000 0.00000000 -0.48105400 0.00000000 0.00000000
11.5000 5.76536686 0.00000000 -2.00000000 -1.45122658 0.00000000 0.00000000 -0.47211676 0.00000000 0.00000000
11.5100 5.75083114 0.00000000 -2.00000000 -1.45590294 0.00000000 0.00000000 -0.46315040 0.00000000 0.00000000
11.5200 5.73624911 0.00000000 -2.00000000 -1.46048949 0.00000000 0.00000000 -0.45415546 0.00000000 0.00000000
11.5300 5.72162165 0.00000000 -2.00000000 -1.46498595 0.00000000 0.00000000 -0.44513252 0.00000000 0.00000000
11.5400 5.70694969 0.00000000 -2.00000000 -1.46939205 0.00000000 0.00000000 -0.43608211 0.00000000 0.00000000
11.5500 5.69223411 0.00000000 -2.00000000 -1.47370750 0.00000000 0.00000000 -0.42700480 0.00000000 0.00000000
11.5600 5.67747584 0.00000000 -2.00000000 -1.47793206 0.00000000 0.00000000 -0.41790116 0.00000000 0.00000000
11.5700 5.66267578 0.00000000 -2.00000000 -1.48206544 0.00000000 0.00000000 -0.40877174 0.00000000 0.00000000
11.5800 5.64783484 0.00000000 -2.00000000 -1.48610741 0.00000000 0.00000000 -0.39961710 0.00000000 0.00000000
11.5900 5.63295393 0.00000000 -2.00000000 -1.49005770 0.00000000 0.00000000 -0.39043781 0.00000000 0.00000000
11.6000 5.61803399 0.00000000 -2.00000000 -1.49391608 0.00000000 0.00000000 -0.38123444 0.00000000 0.00000000
11.6100 5.60307592 0.00000000 -2.00000000 -1.49768231 0.00000000 0.00000000 -0.37200755 0.00000000 0.00000000
11.6200 5.58808065 0.00000000 -2.00000000 -1.50135616 0.00000000 0.00000000 -0.36275771 0.00000000 0.00000000
11.6300 5.57304911 0.00000000 -2.00000000 -1.50493739 0.00000000 0.00000000 -0.35348550 0.00000000 0.00000000
11.6400 5.55798221 0.00000000 -2.00000000 -1.50842579 0.00000000 0.00000000 -0.34419148 0.00000000 0.00000000
11.6500 5.54288090 0.00000000 -2.00000000 -1.51182115 0.00000000 0.00000000 -0.33487623 0.00000000 0.00000000
11.6600 5.52774610 0.00000000 -2.00000000 -1.51512325 0.00000000 0.00000000 -0.32554033 0.00000000 0.00000000
11.6700 5.51257875 0.00000000 -2.00000000 -1.51833189 0.00000000 0.00000000 -0.31618434 0.00000000 0.00000000
11.6800 5.49737977 0.00000000 -2.00000000 -1.52144687 0.00000000 0.00000000 -0.30680885 0.00000000 0.00000000
11.6900 5.48215012 0.00000000 -2.00000000 -1.52446800 0.00000000 0.00000000 -0.29741444 0.00000000 0.00000000
11.7000 5.46689073 0.00000000 -2.00000000 -1.52739510 0.00000000 0.00000000 -0.28800167 0.00000000 0.00000000
11.7100 5.45160253 0.00000000 -2.00000000 -1.53022798 0.00000000 0.00000000 -0.27857115 0.00000000 0.00000000
11.7200 5.43628648 0.00000000 -2.00000000 -1.53296646 0.00000000 0.00000000 -0.26912344 0.00000000 0.00000000
11.7300 5.42094352 0.00000000 -2.00000000 -1.53561039 0.00000000 0.00000000 -0.25965913 0.00000000 0.00000000
11.7400 5.40557459 0.00000000 -2.00000000 -1.53815959 0.00000000 0.00000000 -0.25017880 0.00000000 0.00000000
11.7500 5.39018064 0.00000000 -2.00000000 -1.54061392 0.00000000 0.00000000 -0.24068304 0.00000000 0.00000000
11.7600 5.37476263 0.00000000 -2.00000000 -1.54297321 0.00000000 0.00000000 -0.23117243 0.00000000 0.00000000
11.7700 5.35932150 0.00000000 -2.00000000 -1.54523732 0.00000000 0.00000000 -0.22164756 0.00000000 0.00000000
11.7800 5.34385820 0.00000000 -2.00000000 -1.54740611 0.00000000 0.00000000 -0.21210903 0.00000000 0.00000000
11.7900 5.32837369 0.00000000 -2.00000000 -1.54947945 0.00000000 0.00000000 -0.20255740 0.00000000 0.00000000
11.8000 5.31286893 0.00000000 -2.00000000 -1.55145722 0.00000000 0.00000000 -0.19299329 0.00000000 0.00000000
11.8100 5.29734487 0.00000000 -2.00000000 -1.55333928 0.00000000 0.00000000 -0.18341726 0.00000000 0.00000000
11.8200 5.28180246 0.00000000 -2.00000000 -1.55512552 0.00000000 0.00000000 -0.17382993 0.00000000 0.00000000
11.8300 5.26624268 0.00000000 -2.00000000 -1.55681584 0.00000000 0.00000000 -0.16423187 0.00000000 0.00000000
11.8400 5.25066647 0.00000000 -2.00000000 -1.55841013 0.00000000 0.00000000 -0.15462368 0.00000000 0.00000000
11.8500 5.23507479 0.00000000 -2.00000000 -1.55990828 0.00000000 0.00000000 -0.14500595 0.00000000 0.00000000
11.8600 5.21946862 0.00000000 -2.00000000 -1.56131022 0.00000000 0.00000000 -0.13537928 0.00000000 0.00000000
11.8700 5.20384891 0.00000000 -2.00000000 -1.56261584 0.00000000 0.00000000 -0.12574426 0.00000000 0.00000000
11.8800 5.18821663 0.00000000 -2.00000000 -1.56382508 0.00000000 0.00000000 -0.11610148 0.00000000 0.00000000
11.8900 5.17257273 0.00000000 -2.00000000 -1.56493785 0.00000000 0.00000000 -0.10645154 0.00000000 0.00000000
11.9000 5.15691819 0.00000000 -2.00000000 -1.56595409 0.00000000 0.00000000 -0.09679503 0.00000000 0.00000000
11.9100 5.14125397 0.00000000 -2.00000000 -1.56687373 0.00000000 0.00000000 -0.08713255 0.00000000 0.00000000
11.9200 5.12558104 0.00000000 -2.00000000 -1.56769672 0.00000000 0.00000000 -0.07746470 0.00000000 0.00000000
11.9300 5.10990036 0.00000000 -2.00000000 -1.56842301 0.00000000 0.00000000 -0.06779207 0.00000000 0.00000000
11.9400 5.09421290 0.00000000 -2.00000000 -1.56905255 0.00000000 0.00000000 -0.05811525 0.00000000 0.00000000
11.9500 5.07851963 0.00000000 -2.00000000 -1.56958530 0.00000000 0.00000000 -0.04843486 0.00000000 0.00000000
11.9600 5.06282152 0.00000000 -2.00000000 -1.57002123 0.00000000 0.00000000 -0.03875147 0.00000000 0.00000000
11.9700 5.04711953 0.00000000 -2.00000000 -1.57036032 0.00000000 0.00000000 -0.02906569 0.00000000 0.00000000
11.9800 5.03141463 0.00000000 -2.00000000 -1.57060254 0.00000000 0.00000000 -0.01937813 0.00000000 0.00000000
11.9900 5.01570780 0.00000000 -2.00000000 -1.57074788 0.00000000 0.00000000 -0.00968936 0.00000000 0.00000000
12.0000 5.00000000 0.00000000 -2.00000000 -1.57079633 0.00000000 0.00000000 -0.00000000 0.00000000 0.00000000
12.0100 4.98429220 0.00000000 -2.00000000 -1.57074788 0.00000000 0.00000000 0.00968936 0.00000000 0.00000000
12.0200 4.96858537 0.00000000 -2.00000000 -1.57060254 0.00000000 0.00000000 0.01937813 0.00000000 0.00000000
12.0300 4.95288047 0.00000000 -2.00000000 -1.57036032 0.00000000 0.00000000 0.02906569 0.00000000 0.00000000
12.0400 4.93717848 0.00000000 -2.00000000 -1.57002123 0.00000000 0.00000000 0.03875147 0.00000000 0.00000000
12.0500 4.92148037 0.00000000 -2.00000000 -1.56958530 0.00000000 0.00000000 0.04843486 0.00000000 0.00000000
12.0600 4.90578710 0.00000000 -2.00000000 -1.56905255 0.00000000 0.00000000 0.05811525 0.00000000 0.00000000
12.0700 4.89009964 0.00000000 -2.00000000 -1.56842301 0.00000000 0.00000000 0.06779207 0.00000000 0.00000000
12.0800 4.87441896 0.00000000 -2.00000000 -1.56769672 0.00000000 0.00000000 0.07746470 0.00000000 0.00000000
12.0900 4.85874603 0.00000000 -2.00000000 -1.56687373 0.00000000 0.00000000 0.08713255 0.00000000 0.00000000
12.1000 4.84308181 0.00000000 -2.00000000 -1.56595409 0.00000000 0.00000000 0.09679503 0.00000000 0.00000000
12.1100 4.82742727 0.00000000 -2.00000000 -1.56493785 0.00000000 0.00000000 0.10645154 0.00000000 0.00000000
12.1200 4.81178337 0.00000000 -2.00000000 -1.56382508 0.00000000 0.00000000 0.11610148 0.00000000 0.00000000
12.1300 4.79615109 0.00000000 -2.00000000 -1.56261584 0.00000000 0.00000000 0.12574426 0.00000000 0.00000000
12.1400 4.78053138 0.00000000 -2.00000000 -1.56131022 0.00000000 0.00000000 0.13537928 0.00000000 0.00000000
12.1500 4.76492521 0.00000000 -2.00000000 -1.55990828 0.00000000 0.00000000 0.14500595 0.00000000 0.00000000
12.1600 4.74933353 0.00000000 -2.00000000 -1.55841013 0.00000000 0.00000000 0.15462368 0.00000000 0.00000000
12.1700 4.73375732 0.00000000 -2.00000000 -1.55681584 0.00000000 0.00000000 0.16423187 0.00000000 0.00000000
12.1800 4.71819754 0.00000000 -2.00000000 -1.55512552 0.00000000 0.00000000 0.17382993 0.00000000 0.00000000
12.1900 4.70265513 0.00000000 -2.00000000 -1.55333928 0.00000000 0.00000000 0.18341726 0.00000000 0.00000000
12.2000 4.68713107 0.00000000 -2.00000000 -1.55145722 0.00000000 0.00000000 0.19299329 0.00000000 0.00000000
12.2100 4.67162631 0.00000000 -2.00000000 -1.54947945 0.00000000 0.00000000 0.20255740 0.00000000 0.00000000
12.2200 4.65614180 0.00000000 -2.00000000 -1.54740611 0.00000000 0.00000000 0.21210903 0.00000000 0.00000000
12.2300 4.64067850 0.00000000 -2.00000000 -1.54523732 0.00000000 0.00000000 0.22164756 0.00000000 0.00000000
12.2400 4.62523737 0.00000000 -2.00000000 -1.54297321 0.00000000 0.00000000 0.23117243 0.00000000 0.00000000
12.2500 4.60981936 0.00000000 -2.00000000 -1.54061392 0.00000000 0.00000000 0.24068304 0.00000000 0.00000000
12.2600 4.59442541 0.00000000 -2.00000000 -1.53815959 0.00000000 0.00000000 0.25017880 0.00000000 0.00000000
12.2700 4.57905648 0.00000000 -2.00000000 -1.53561039 0.00000000 0.00000000 0.25965913 0.00000000 0.00000000
12.2800 4.56371352 0.00000000 -2.00000000 -1.53296646 0.00000000 0.00000000 0.26912344 0.00000000 0.00000000
12.2900 4.54839747 0.00000000 -2.00000000 -1.53022798 0.00000000 0.00000000 0.27857115 0.00000000 0.00000000
12.3000 4.53310927 0.00000000 -2.00000000 -1.52739510 0.00000000 0.00000000 0.28800167 0.00000000 0.00000000
12.3100 4.51784988 0.00000000 -2.00000000 -1.52446800 0.00000000 0.00000000 0.29741444 0.00000000 0.00000000
12.3200 4.50262023 0.00000000 -2.00000000 -1.52144687 0.00000000 0.00000000 0.30680885 0.00000000 0.00000000
12.3300 4.48742125 0.00000000 -2.00000000 -1.51833189 0.00000000 0.00000000 0.31618434 0.00000000 0.00000000
12.3400 4.47225390 0.00000000 -2.00000000 -1.51512325 0.00000000 0.00000000 0.32554033 0.00000000 0.00000000
12.3500 4.45711910 0.00000000 -2.00000000 -1.51182115 0.00000000 0.00000000 0.33487623 0.00000000 0.00000000
12.3600 4.44201779 0.00000000 -2.00000000 -1.50842579 0.00000000 0.00000000 0.34419148 0.00000000 0.00000000
12.3700 4.42695089 0.00000000 -2.00000000 -1.50493739 0.00000000 0.00000000 0.35348550 0.00000000 0.00000000
12.3800 4.41191935 0.00000000 -2.00000000 -1.50135616 0.00000000 0.00000000 0.36275771 0.00000000 0.00000000
12.3900 4.39692408 0.00000000 -2.00000000 -1.49768231 0.00000000 0.00000000 0.37200755 0.00000000 0.00000000
12.4000 4.38196601 0.00000000 -2.00000000 -1.49391608 0.00000000 0.00000000 0.38123444 0.00000000 0.00000000
12.4100 4.36704607 0.00000000 -2.00000000 -1.49005770 0.00000000 0.00000000 0.39043781 0.00000000 0.00000000
12.4200 4.35216516 0.00000000 -2.00000000 -1.48610741 0.00000000 0.00000000 0.39961710 0.00000000 0.00000000
12.4300 4.33732422 0.00000000 -2.00000000 -1.48206544 0.00000000 0.00000000 0.40877174 0.00000000 0.00000000
12.4400 4.32252416 0.00000000 -2.00000000 -1.47793206 0.00000000 0.00000000 0.41790116 0.00000000 0.00000000
12.4500 4.30776589 0.00000000 -2.00000000 -1.47370750 0.00000000 0.00000000 0.42700480 0.00000000 0.00000000
12.4600 4.29305031 0.00000000 -2.00000000 -1.46939205 0.00000000 0.00000000 0.43608211 0.00000000 0.00000000
12.4700 4.27837835 0.00000000 -2.00000000 -1.46498595 0.00000000 0.00000000 0.44513252 0.00000000 0.00000000
12.4800 4.26375089 0.00000000 -2.00000000 -1.46048949 0.00000000 0.00000000 0.45415546 0.00000000 0.00000000
12.4900 4.24916886 0.00000000 -2.00000000 -1.45590294 0.00000000 0.00000000 0.46315040 0.00000000 0.00000000
12.5000 4.23463314 0.00000000 -2.00000000 -1.45122658 0.00000000 0.00000000 0.47211676 0.00000000 0.00000000
12.5100 4.22014462 0.00000000 -2.00000000 -1.44646070 0.00000000 0.00000000 0.48105400 0.00000000 0.00000000
12.5200 4.20570422 0.00000000 -2.00000000 -1.44160559 0.00000000 0.00000000 0.48996157 0.00000000 0.00000000
12.5300 4.19131281 0.00000000 -2.00000000 -1.43666157 0.00000000 0.00000000 0.49883892 0.00000000 0.00000000
12.5400 4.17697128 0.00000000 -2.00000000 -1.43162892 0.00000000 0.00000000 0.50768549 0.00000000 0.00000000
12.5500 4.16268052 0.00000000 -2.00000000 -1.42650796 0.00000000 0.00000000 0.51650075 0.00000000 0.00000000
12.5600 4.14844142 0.00000000 -2.00000000 -1.42129901 0.00000000 0.00000000 0.52528415 0.00000000 0.00000000
12.5700 4.13425484 0.00000000 -2.00000000 -1.41600239 0.00000000 0.00000000 0.53403514 0.00000000 0.00000000
12.5800 4.12012166 0.00000000 -2.00000000 -1.41061842 0.00000000 0.00000000 0.54275320 0.00000000 0.00000000
12.5900 4.10604276 0.00000000 -2.00000000 -1.40514743 0.00000000 0.00000000 0.55143777 0.00000000 0.00000000
12.6000 4.09201900 0.00000000 -2.00000000 -1.39958978 0.00000000 0.00000000 0.56008833 0.00000000 0.00000000
12.6100 4.07805125 0.00000000 -2.00000000 -1.39394578 0.00000000 0.00000000 0.56870434 0.00000000 0.00000000
12.6200 4.06414037 0.00000000 -2.00000000 -1.38821581 0.00000000 0.00000000 0.57728527 0.00000000 0.00000000
12.6300 4.05028722 0.00000000 -2.00000000 -1.38240020 0.00000000 0.00000000 0.58583059 0.00000000 0.00000000
12.6400 4.03649265 0.00000000 -2.00000000 -1.37649931 0.00000000 0.00000000 0.59433977 0.00000000 0.00000000
12.6500 4.02275752 0.00000000 -2.00000000 -1.37051352 0.00000000 0.00000000 0.60281229 0.00000000 0.00000000
12.6600 4.00908266 0.00000000 -2.00000000 -1.36444319 0.00000000 0.00000000 0.61124763 0.00000000 0.00000000
12.6700 3.99546893 0.00000000 -2.00000000 -1.35828870 0.00000000 0.00000000 0.61964526 0.00000000 0.00000000
12.6800 3.98191717 0.00000000 -2.00000000 -1.35205041 0.00000000 0.00000000 0.62800467 0.00000000 0.00000000
12.6900 3.96842820 0.00000000 -2.00000000 -1.34572873 0.00000000 0.00000000 0.63632535 0.00000000 0.00000000
12.7000 3.95500287 0.00000000 -2.00000000 -1.33932404 0.00000000 0.00000000 0.64460677 0.00000000 0.00000000
12.7100 3.94164200 0.00000000 -2.00000000 -1.33283673 0.00000000 0.00000000 0.65284842 0.00000000 0.00000000
12.7200 3.92834641 0.00000000 -2.00000000 -1.32626720 0.00000000 0.00000000 0.66104981 0.00000000 0.00000000
12.7300 3.91511693 0.00000000 -2.00000000 -1.31961587 0.00000000 0.00000000 0.66921042 0.00000000 0.00000000
12.7400 3.90195436 0.00000000 -2.00000000 -1.31288313 0.00000000 0.00000000 0.67732975 0.00000000 0.00000000
12.7500 3.88885953 0.00000000 -2.00000000 -1.30606941 0.00000000 0.00000000 0.68540730 0.00000000 0.00000000
12.7600 3.87583324 0.00000000 -2.00000000 -1.29917513 0.00000000 0.00000000 0.69344257 0.00000000 0.00000000
12.7700 3.86287630 0.00000000 -2.00000000 -1.29220070 0.00000000 0.00000000 0.70143507 0.00000000 0.00000000
12.7800 3.84998950 0.00000000 -2.00000000 -1.28514657 0.00000000 0.00000000 0.70938430 0.00000000 0.00000000
12.7900 3.83717363 0.00000000 -2.00000000 -1.27801316 0.00000000 0.00000000 0.71728977 0.00000000 0.00000000
12.8000 3.82442950 0.00000000 -2.00000000 -1.27080092 0.00000000 0.00000000 0.72515099 0.00000000 0.00000000
12.8100 3.81175787 0.00000000 -2.00000000 -1.26351029 0.00000000 0.00000000 0.73296748 0.00000000 0.00000000
12.8200 3.79915955 0.00000000 -2.00000000 -1.25614172 0.00000000 0.00000000 0.74073876 0.00000000 0.00000000
12.8300 3.78663530 0.00000000 -2.00000000 -1.24869567 0.00000000 0.00000000 0.74846435 0.00000000 0.00000000
12.8400 3.77418589 0.00000000 -2.00000000 -1.24117259 0.00000000 0.00000000 0.75614377 0.00000000 0.00000000
12.8500 3.76181210 0.00000000 -2.00000000 -1.23357295 0.00000000 0.00000000 0.76377655 0.00000000 0.00000000
12.8600 3.74951469 0.00000000 -2.00000000 -1.22589722 0.00000000 0.00000000 0.77136221 0.00000000 0.00000000
12.8700 3.73729441 0.00000000 -2.00000000 -1.21814586 0.00000000 0.00000000 0.77890029 0.00000000 0.00000000
12.8800 3.72515202 0.00000000 -2.00000000 -1.21031937 0.00000000 0.00000000 0.78639033 0.00000000 0.00000000
12.8900 3.71308827 0.00000000 -2.00000000 -1.20241822 0.00000000 0.00000000 0.79383185 0.00000000 0.00000000
12.9000 3.70110390 0.00000000 -2.00000000 -1.19444290 0.00000000 0.00000000 0.80122441 0.00000000 0.00000000
12.9100 3.68919966 0.00000000 -2.00000000 -1.18639390 0.00000000 0.00000000 0.80856755 0.00000000 0.00000000
12.9200 3.67737627 0.00000000 -2.00000000 -1.17827171 0.00000000 0.00000000 0.81586081 0.00000000 0.00000000
12.9300 3.66563447 0.00000000 -2.00000000 -1.17007685 0.00000000 0.00000000 0.82310375 0.00000000 0.00000000
12.9400 3.65397497 0.00000000 -2.00000000 -1.16180981 0.00000000 0.00000000 0.83029591 0.00000000 0.00000000
12.9500 3.64239851 0.00000000 -2.00000000 -1.15347110 0.00000000 0.00000000 0.83743685 0.00000000 0.00000000
12.9600 3.63090579 0.00000000 -2.00000000 -1.14506124 0.00000000 0.00000000 0.84452614 0.00000000 0.00000000
12.9700 3.61949752 0.00000000 -2.00000000 -1.13658075 0.00000000 0.00000000 0.85156333 0.00000000 0.00000000
12.9800 3.60817441 0.00000000 -2.00000000 -1.12803015 0.00000000 0.00000000 0.85854800 0.00000000 0.00000000
12.9900 3.59693715 0.00000000 -2.00000000 -1.11940997 0.00000000 0.00000000 0.86547971 0.00000000 0.00000000
13.0000 3.58578644 0.00000000 -2.00000000 -1.11072073 0.00000000 0.00000000 0.87235802 0.00000000 0.00000000
13.0100 3.57472296 0.00000000 -2.00000000 -1.10196299 0.00000000 0.00000000 0.87918253 0.00000000 0.00000000
13.0200 3.56374740 0.00000000 -2.00000000 -1.09313726 0.00000000 0.00000000 0.88595281 0.00000000 0.00000000
13.0300 3.55286044 0.00000000 -2.00000000 -1.08424411 0.00000000 0.00000000 0.89266843 0.00000000 0.00000000
13.0400 3.54206275 0.00000000 -2.00000000 -1.07528408 0.00000000 0.00000000 0.89932900 0.00000000 0.00000000
13.0500 3.53135498 0.00000000 -2.00000000 -1.06625772 0.00000000 0.00000000 0.90593408 0.00000000 0.00000000
13.0600 3.52073781 0.00000000 -2.00000000 -1.05716558 0.00000000 0.00000000 0.91248329 0.00000000 0.00000000
13.0700 3.51021189 0.00000000 -2.00000000 -1.04800824 0.00000000 0.00000000 0.91897621 0.00000000 0.00000000
13.0800 3.49977786 0.00000000 -2.00000000 -1.03878625 0.00000000 0.00000000 0.92541244 0.00000000 0.00000000
13.0900 3.48943638 0.00000000 -2.00000000 -1.02950018 0.00000000 0.00000000 0.93179159 0.00000000 0.00000000
13.1000 3.47918807 0.00000000 -2.00000000 -1.02015061 0.00000000 0.00000000 0.93811326 0.00000000 0.00000000
13.1100 3.46903357 0.00000000 -2.00000000 -1.01073811 0.00000000 0.00000000 0.94437706 0.00000000 0.00000000
13.1200 3.45897351 0.00000000 -2.00000000 -1.00126326 0.00000000 0.00000000 0.95058261 0.00000000 0.00000000
13.1300 3.44900851 0.00000000 -2.00000000 -0.99172665 0.00000000 0.00000000 0.95672952 0.00000000 0.00000000
13.1400 3.43913919 0.00000000 -2.00000000 -0.98212887 0.00000000 0.00000000 0.96281742 0.00000000 0.00000000
13.1500 3.42936614 0.00000000 -2.00000000 -0.97247050 0.00000000 0.00000000 0.96884593 0.00000000 0.00000000
13.1600 3.41968998 0.00000000 -2.00000000 -0.96275215 0.00000000 0.00000000 0.97481467 0.00000000 0.00000000
13.1700 3.41011129 0.00000000 -2.00000000 -0.95297441 0.00000000 0.00000000 0.98072329 0.00000000 0.00000000
13.1800 3.40063068 0.00000000 -2.00000000 -0.94313788 0.00000000 0.00000000 0.98657140 0.00000000 0.00000000
13.1900 3.39124873 0.00000000 -2.00000000 -0.93324318 0.00000000 0.00000000 0.99235866 0.00000000 0.00000000
13.2000 3.38196601 0.00000000 -2.00000000 -0.92329092 0.00000000 0.00000000 0.99808471 0.00000000 0.00000000
13.2100 3.37278310 0.00000000 -2.00000000 -0.91328169 0.00000000 0.00000000 1.00374919 0.00000000 0.00000000
13.2200 3.36370057 0.00000000 -2.00000000 -0.90321614 0.00000000 0.00000000 1.00935176 0.00000000 0.00000000
13.2300 3.35471896 0.00000000 -2.00000000 -0.89309487 0.00000000 0.00000000 1.01489206 0.00000000 0.00000000
13.2400 3.34583885 0.00000000 -2.00000000 -0.88291851 0.00000000 0.00000000 1.02036976 0.00000000 0.00000000
13.2500 3.33706078 0.00000000 -2.00000000 -0.87268768 0.00000000 0.00000000 1.02578452 0.00000000 0.00000000
13.2600 3.32838528 0.00000000 -2.00000000 -0.86240303 0.00000000 0.00000000 1.03113600 0.00000000 0.00000000
13.2700 3.31981289 0.00000000 -2.00000000 -0.85206517 0.00000000 0.00000000 1.03642388 0.00000000 0.00000000
13.2800 3.31134415 0.00000000 -2.00000000 -0.84167476 0.00000000 0.00000000 1.04164783 0.00000000 0.00000000
13.2900 3.30297957 0.00000000 -2.00000000 -0.83123243 0.00000000 0.00000000 1.04680752 0.00000000 0.00000000
13.3000 3.29471967 0.00000000 -2.00000000 -0.82073883 0.00000000 0.00000000 1.05190264 0.00000000 0.00000000
13.3100 3.28656496 0.00000000 -2.00000000 -0.81019459 0.00000000 0.00000000 1.05693287 0.00000000 0.00000000
13.3200 3.27851595 0.00000000 -2.00000000 -0.79960039 0.00000000 0.00000000 1.06189791 0.00000000 0.00000000
13.3300 3.27057312 0.00000000 -2.00000000 -0.78895685 0.00000000 0.00000000 1.06679745 0.00000000 0.00000000
13.3400 3.26273697 0.00000000 -2.00000000 -0.77826466 0.00000000 0.00000000 1.07163118 0.00000000 0.00000000
13.3500 3.25500799 0.00000000 -2.00000000 -0.76752445 0.00000000 0.00000000 1.07639880 0.00000000 0.00000000
13.3600 3.24738664 0.00000000 -2.00000000 -0.75673690 0.00000000 0.00000000 1.08110003 0.00000000 0.00000000
13.3700 3.23987340 0.00000000 -2.00000000 -0.74590267 0.00000000 0.00000000 1.08573458 0.00000000 0.00000000
13.3800 3.23246874 0.00000000 -2.00000000 -0.73502243 0.00000000 0.00000000 1.09030214 0.00000000 0.00000000
13.3900 3.22517311 0.00000000 -2.00000000 -0.72409685 0.00000000 0.00000000 1.09480246 0.00000000 0.00000000
13.4000 3.21798695 0.00000000 -2.00000000 -0.71312661 0.00000000 0.00000000 1.09923524 0.00000000 0.00000000
13.4100 3.21091072 0.00000000 -2.00000000 -0.70211238 0.00000000 0.00000000 1.10360021 0.00000000 0.00000000
13.4200 3.20394485 0.00000000 -2.00000000 -0.69105483 0.00000000 0.00000000 1.10789711 0.00000000 0.00000000
13.4300 3.19708977 0.00000000 -2.00000000 -0.67995466 0.00000000 0.00000000 1.11212567 0.00000000 0.00000000
13.4400 3.19034590 0.00000000 -2.00000000 -0.66881255 0.00000000 0.00000000 1.11628563 0.00000000 0.00000000
13.4500 3.18371365 0.00000000 -2.00000000 -0.65762918 0.00000000 0.00000000 1.12037673 0.00000000 0.00000000
13.4600 3.17719345 0.00000000 -2.00000000 -0.64640524 0.00000000 0.00000000 1.12439872 0.00000000 0.00000000
13.4700 3.17078568 0.00000000 -2.00000000 -0.63514143 0.00000000 0.00000000 1.12835136 0.00000000 0.00000000
13.4800 3.16449075 0.00000000 -2.00000000 -0.62383845 0.00000000 0.00000000 1.13223439 0.00000000 0.00000000
13.4900 3.15830904 0.00000000 -2.00000000 -0.61249698 0.00000000 0.00000000 1.13604758 0.00000000 0.00000000
13.5000 3.15224093 0.00000000 -2.00000000 -0.60111773 0.00000000 0.00000000 1.13979069 0.00000000 0.00000000
13.5100 3.14628681 0.00000000 -2.00000000 -0.58970140 0.00000000 0.00000000 1.14346349 0.00000000 0.00000000
13.5200 3.14044703 0.00000000 -2.00000000 -0.57824870 0.00000000 0.00000000 1.14706576 0.00000000 0.00000000
13.5300 3.13472195 0.00000000 -2.00000000 -0.56676032 0.00000000 0.00000000 1.15059728 0.00000000 0.00000000
13.5400 3.12911194 0.00000000 -2.00000000 -0.55523699 0.00000000 0.00000000 1.15405782 0.00000000 0.00000000
13.5500 3.12361733 0.00000000 -2.00000000 -0.54367940 0.00000000 0.00000000 1.15744717 0.00000000 0.00000000
13.5600 3.11823846 0.00000000 -2.00000000 -0.53208828 0.00000000 0.00000000 1.16076512 0.00000000 0.00000000
13.5700 3.11297567 0.00000000 -2.00000000 -0.52046434 0.00000000 0.00000000 1.16401148 0.00000000 0.00000000
13.5800 3.10782928 0.00000000 -2.00000000 -0.50880829 0.00000000 0.00000000 1.16718603 0.00000000 0.00000000
13.5900 3.10279961 0.00000000 -2.00000000 -0.49712086 0.00000000 0.00000000 1.17028858 0.00000000 0.00000000
13.6000 3.09788697 0.00000000 -2.00000000 -0.48540276 0.00000000 0.00000000 1.17331895 0.00000000 0.00000000
13.6100 3.09309166 0.00000000 -2.00000000 -0.47365472 0.00000000 0.00000000 1.17627694 0.00000000 0.00000000
13.6200 3.08841397 0.00000000 -2.00000000 -0.46187746 0.00000000 0.00000000 1.17916237 0.00000000 0.00000000
13.6300 3.08385420 0.00000000 -2.00000000 -0.45007171 0.00000000 0.00000000 1.18197506 0.00000000 0.00000000
13.6400 3.07941263 0.00000000 -2.00000000 -0.43823820 0.00000000 0.00000000 1.18471485 0.00000000 0.00000000
13.6500 3.07508953 0.00000000 -2.00000000 -0.42637766 0.00000000 0.00000000 1.18738155 0.00000000 0.00000000
13.6600 3.07088516 0.00000000 -2.00000000 -0.41449082 0.00000000 0.00000000 1.18997502 0.00000000 0.00000000
13.6700 3.06679980 0.00000000 -2.00000000 -0.40257841 0.00000000 0.00000000 1.19249508 0.00000000 0.00000000
13.6800 3.06283368 0.00000000 -2.00000000 -0.39064116 0.00000000 0.00000000 1.19494158 0.00000000 0.00000000
13.6900 3.05898705 0.00000000 -2.00000000 -0.37867982 0.00000000 0.00000000 1.19731437 0.00000000 0.00000000
13.7000 3.05526016 0.00000000 -2.00000000 -0.36669512 0.00000000 0.00000000 1.19961331 0.00000000 0.00000000
13.7100 3.05165323 0.00000000 -2.00000000 -0.35468780 0.00000000 0.00000000 1.20183824 0.00000000 0.00000000
13.7200 3.04816648 0.00000000 -2.00000000 -0.34265860 0.00000000 0.00000000 1.20398905 0.00000000 0.00000000
13.7300 3.04480012 0.00000000 -2.00000000 -0.33060827 0.00000000 0.00000000 1.20606558 0.00000000 0.00000000
13.7400 3.04155438 0.00000000 -2.00000000 -0.31853754 0.00000000 0.00000000 1.20806772 0.00000000 0.00000000
13.7500 3.03842944 0.00000000 -2.00000000 -0.30644716 0.00000000 0.00000000 1.20999534 0.00000000 0.00000000
13.7600 3.03542550 0.00000000 -2.00000000 -0.29433788 0.00000000 0.00000000 1.21184832 0.00000000 0.00000000
13.7700 3.03254274 0.00000000 -2.00000000 -0.28221044 0.00000000 0.00000000 1.21362655 0.00000000 0.00000000
13.7800 3.02978135 0.00000000 -2.00000000 -0.27006560 0.00000000 0.00000000 1.21532992 0.00000000 0.00000000
13.7900 3.02714149 0.00000000 -2.00000000 -0.25790410 0.00000000 0.00000000 1.21695832 0.00000000 0.00000000
13.8000 3.02462332 0.00000000 -2.00000000 -0.24572668 0.00000000 0.00000000 1.21851165 0.00000000 0.00000000
13.8100 3.02222700 0.00000000 -2.00000000 -0.23353411 0.00000000 0.00000000 1.21998982 0.00000000 0.00000000
13.8200 3.01995268 0.00000000 -2.00000000 -0.22132714 0.00000000 0.00000000 1.22139273 0.00000000 0.00000000
13.8300 3.01780051 0.00000000 -2.00000000 -0.20910651 0.00000000 0.00000000 1.22272030 0.00000000 0.00000000
13.8400 3.01577060 0.00000000 -2.00000000 -0.19687298 0.00000000 0.00000000 1.22397245 0.00000000 0.00000000
13.8500 3.01386309 0.00000000 -2.00000000 -0.18462731 0.00000000 0.00000000 1.22514910 0.00000000 0.00000000
13.8600 3.01207809 0.00000000 -2.00000000 -0.17237025 0.00000000 0.00000000 1.22625018 0.00000000 0.00000000
13.8700 3.01041572 0.00000000 -2.00000000 -0.16010256 0.00000000 0.00000000 1.22727561 0.00000000 0.00000000
13.8800 3.00887607 0.00000000 -2.00000000 -0.14782499 0.00000000 0.00000000 1.22822534 0.00000000 0.00000000
13.8900 3.00745925 0.00000000 -2.00000000 -0.13553831 0.00000000 0.00000000 1.22909931 0.00000000 0.00000000
13.9000 3.00616533 0.00000000 -2.00000000 -0.12324326 0.00000000 0.00000000 1.22989746 0.00000000 0.00000000
13.9100 3.00499441 0.00000000 -2.00000000 -0.11094061 0.00000000 0.00000000 1.23061975 0.00000000 0.00000000
13.9200 3.00394654 0.00000000 -2.00000000 -0.09863112 0.00000000 0.00000000 1.23126612 0.00000000 0.00000000
13.9300 3.00302181 0.00000000 -2.00000000 -0.08631554 0.00000000 0.00000000 1.23183655 0.00000000 0.00000000
13.9400 3.00222025 0.00000000 -2.00000000 -0.07399464 0.00000000 0.00000000 1.23233099 0.00000000 0.00000000
13.9500 3.00154193 0.00000000 -2.00000000 -0.06166917 0.00000000 0.00000000 1.23274941 0.00000000 0.00000000
13.9600 3.00098688 0.00000000 -2.00000000 -0.04933990 0.00000000 0.00000000 1.23309179 0.00000000 0.00000000
13.9700 3.00055514 0.00000000 -2.00000000 -0.03700759 0.00000000 0.00000000 1.23335811 0.00000000 0.00000000
13.9800 3.00024674 0.00000000 -2.00000000 -0.02467300 0.00000000 0.00000000 1.23354835 0.00000000 0.00000000
13.9900 3.00006168 0.00000000 -2.00000000 -0.01233688 0.00000000 0.00000000 1.23366250 0.00000000 0.00000000
14.0000 3.00000000 0.00000000 -2.00000000 -0.00000000 0.00000000 0.00000000 1.23370055 0.00000000 0.00000000
14.0100 3.00006168 0.00000000 -2.00000000 0.01233688 0.00000000 0.00000000 1.23366250 0.00000000 0.00000000
14.0200 3.00024674 0.00000000 -2.00000000 0.02467300 0.00000000 0.00000000 1.23354835 0.00000000 0.00000000
14.0300 3.00055514 0.00000000 -2.00000000 0.03700759 0.00000000 0.00000000 1.23335811 0.00000000 0.00000000
14.0400 3.00098688 0.00000000 -2.00000000 0.04933990 0.00000000 0.00000000 1.23309179 0.00000000 0.00000000
14.0500 3.00154193 0.00000000 -2.00000000 0.06166917 0.00000000 0.00000000 1.23274941 0.00000000 0.00000000
14.0600 3.00222025 0.00000000 -2.00000000 0.07399464 0.00000000 0.00000000 1.23233099 0.00000000 0.00000000
14.0700 3.00302181 0.00000000 -2.00000000 0.08631554 0.00000000 0.00000000 1.23183655 0.00000000 0.00000000
14.0800 3.00394654 0.00000000 -2.00000000 0.09863112 0.00000000 0.00000000 1.23126612 0.00000000 0.00000000
14.0900 3.00499441 0.00000000 -2.00000000 0.11094061 0.00000000 0.00000000 1.23061975 0.00000000 0.00000000
14.1000 3.00616533 0.00000000 -2.00000000 0.12324326 0.00000000 0.00000000 1.22989746 0.00000000 0.00000000
14.1100 3.00745925 0.00000000 -2.00000000 0.13553831 0.00000000 0.00000000 1.22909931 0.00000000 0.00000000
14.1200 3.00887607 0.00000000 -2.00000000 0.14782499 0.00000000 0.00000000 1.22822534 0.00000000 0.00000000
14.1300 3.01041572 0.00000000 -2.00000000 0.16010256 0.00000000 0.00000000 1.22727561 0.00000000 0.00000000
14.1400 3.01207809 0.00000000 -2.00000000 0.17237025 0.00000000 0.00000000 1.22625018 0.00000000 0.00000000
14.1500 3.01386309 0.00000000 -2.00000000 0.18462731 0.00000000 0.00000000 1.22514910 0.00000000 0.00000000
14.1600 3.01577060 0.00000000 -2.00000000 0.19687298 0.00000000 0.00000000 1.22397245 0.00000000 0.00000000
14.1700 3.01780051 0.00000000 -2.00000000 0.20910651 0.00000000 0.00000000 1.22272030 0.00000000 0.00000000
14.1800 3.01995268 0.00000000 -2.00000000 0.22132714 0.00000000 0.00000000 1.22139273 0.00000000 0.00000000
14.1900 3.02222700 0.00000000 -2.00000000 0.23353411 0.00000000 0.00000000 1.21998982 0.00000000 0.00000000
14.2000 3.02462332 0.00000000 -2.00000000 0.24572668 0.00000000 0.00000000 1.21851165 0.00000000 0.00000000
14.2100 3.02714149 0.00000000 -2.00000000 0.25790410 0.00000000 0.00000000 1.21695832 0.00000000 0.00000000
14.2200 3.02978135 0.00000000 -2.00000000 0.27006560 0.00000000 0.00000000 1.21532992 0.00000000 0.00000000
14.2300 3.03254274 0.00000000 -2.00000000 0.28221044 0.00000000 0.00000000 1.21362655 0.00000000 0.00000000
14.2400 3.03542550 0.00000000 -2.00000000 0.29433788 0.00000000 0.00000000 1.21184832 0.00000000 0.00000000
14.2500 3.03842944 0.00000000 -2.00000000 0.30644716 0.00000000 0.00000000 1.20999534 0.00000000 0.00000000
14.2600 3.04155438 0.00000000 -2.00000000 0.31853754 0.00000000 0.00000000 1.20806772 0.00000000 0.00000000
14.2700 3.04480012 0.00000000 -2.00000000 0.33060827 0.00000000 0.00000000 1.20606558 0.00000000 0.00000000
14.2800 3.04816648 0.00000000 -2.00000000 0.34265860 0.00000000 0.00000000 1.20398905 0.00000000 0.00000000
14.2900 3.05165323 0.00000000 -2.00000000 0.35468780 0.00000000 0.00000000 1.20183824 0.00000000 0.00000000
14.3000 3.05526016 0.00000000 -2.00000000 0.36669512 0.00000000 0.00000000 1.19961331 0.00000000 0.00000000
14.3100 3.05898705 0.00000000 -2.00000000 0.37867982 0.00000000 0.00000000 1.19731437 0.00000000 0.00000000
14.3200 3.06283368 0.00000000 -2.00000000 0.39064116 0.00000000 0.00000000 1.19494158 0.00000000 0.00000000
14.3300 3.06679980 0.00000000 -2.00000000 0.40257841 0.00000000 0.00000000 1.19249508 0.00000000 0.00000000
14.3400 3.07088516 0.00000000 -2.00000000 0.41449082 0.00000000 0.00000000 1.18997502 0.00000000 0.00000000
14.3500 3.07508953 0.00000000 -2.00000000 0.42637766 0.00000000 0.00000000 1.18738155 0.00000000 0.00000000
14.3600 3.07941263 0.00000000 -2.00000000 0.43823820 0.00000000 0.00000000 1.18471485 0.00000000 0.00000000
14.3700 3.08385420 0.00000000 -2.00000000 0.45007171 0.00000000 0.00000000 1.18197506 0.00000000 0.00000000
14.3800 3.08841397 0.00000000 -2.00000000 0.46187746 0.00000000 0.00000000 1.17916237 0.00000000 0.00000000
14.3900 3.09309166 0.00000000 -2.00000000 0.47365472 0.00000000 0.00000000 1.17627694 0.00000000 0.00000000
14.4000 3.09788697 0.00000000 -2.00000000 0.48540276 0.00000000 0.00000000 1.17331895 0.00000000 0.00000000
14.4100 3.10279961 0.00000000 -2.00000000 0.49712086 0.00000000 0.00000000 1.17028858 0.00000000 0.00000000
14.4200 3.10782928 0.00000000 -2.00000000 0.50880829 0.00000000 0.00000000 1.16718603 0.00000000 0.00000000
14.4300 3.11297567 0.00000000 -2.00000000 0.52046434 0.00000000 0.00000000 1.16401148 0.00000000 0.00000000
14.4400 3.11823846 0.00000000 -2.00000000 0.53208828 0.00000000 0.00000000 1.16076512 0.00000000 0.00000000
14.4500 3.12361733 0.00000000 -2.00000000 0.54367940 0.00000000 0.00000000 1.15744717 0.00000000 0.00000000
14.4600 3.12911194 0.00000000 -2.00000000 0.55523699 0.00000000 0.00000000 1.15405782 0.00000000 0.00000000
14.4700 3.13472195 0.00000000 -2.00000000 0.56676032 0.00000000 0.00000000 1.15059728 0.00000000 0.00000000
14.4800 3.14044703 0.00000000 -2.00000000 0.57824870 0.00000000 0.00000000 1.14706576 0.00000000 0.00000000
14.4900 3.14628681 0.00000000 -2.00000000 0.58970140 0.00000000 0.00000000 1.14346349 0.00000000 0.00000000
14.5000 3.15224093 0.00000000 -2.00000000 0.60111773 0.00000000 0.00000000 1.13979069 0.00000000 0.00000000
14.5100 3.15830904 0.00000000 -2.00000000 0.61249698 0.00000000 0.00000000 1.13604758 0.00000000 0.00000000
14.5200 3.16449075 0.00000000 -2.00000000 0.62383845 0.00000000 0.00000000 1.13223439 0.00000000 0.00000000
14.5300 3.17078568 0.00000000 -2.00000000 0.63514143 0.00000000 0.00000000 1.12835136 0.00000000 0.00000000
14.5400 3.17719345 0.00000000 -2.00000000 0.64640524 0.00000000 0.00000000 1.12439872 0.00000000 0.00000000
14.5500 3.18371365 0.00000000 -2.00000000 0.65762918 0.00000000 0.00000000 1.12037673 0.00000000 0.00000000
14.5600 3.19034590 0.00000000 -2.00000000 0.66881255 0.00000000 0.00000000 1.11628563 0.00000000 0.00000000
14.5700 3.19708977 0.00000000 -2.00000000 0.67995466 0.00000000 0.00000000 1.11212567 0.00000000 0.00000000
14.5800 3.20394485 0.00000000 -2.00000000 0.69105483 0.00000000 0.00000000 1.10789711 0.00000000 0.00000000
14.5900 3.21091072 0.00000000 -2.00000000 0.70211238 0.00000000 0.00000000 1.10360021 0.00000000 0.00000000
14.6000 3.21798695 0.00000000 -2.00000000 0.71312661 0.00000000 0.00000000 1.09923524 0.00000000 0.00000000
14.6100 3.22517311 0.00000000 -2.00000000 0.72409685 0.00000000 0.00000000 1.09480246 0.00000000 0.00000000
14.6200 3.23246874 0.00000000 -2.00000000 0.73502243 0.00000000 0.00000000 1.09030214 0.00000000 0.00000000
14.6300 3.23987340 0.00000000 -2.00000000 0.74590267 0.00000000 0.00000000 1.08573458 0.00000000 0.00000000
14.6400 3.24738664 0.00000000 -2.00000000 0.75673690 0.00000000 0.00000000 1.08110003 0.00000000 0.00000000
14.6500 3.25500799 0.00000000 -2.00000000 0.76752445 0.00000000 0.00000000 1.07639880 0.00000000 0.00000000
14.6600 3.26273697 0.00000000 -2.00000000 0.77826466 0.00000000 0.00000000 1.07163118 0.00000000 0.00000000
14.6700 3.27057312 0.00000000 -2.00000000 0.78895685 0.00000000 0.00000000 1.06679745 0.00000000 0.00000000
14.6800 3.27851595 0.00000000 -2.00000000 0.79960039 0.00000000 0.00000000 1.06189791 0.00000000 0.00000000
14.6900 3.28656496 0.00000000 -2.00000000 0.81019459 0.00000000 0.00000000 1.05693287 0.00000000 0.00000000
14.7000 3.29471967 0.00000000 -2.00000000 0.82073883 0.00000000 0.00000000 1.05190264 0.00000000 0.00000000
14.7100 3.30297957 0.00000000 -2.00000000 0.83123243 0.00000000 0.00000000 1.04680752 0.00000000 0.00000000
14.7200 3.31134415 0.00000000 -2.00000000 0.84167476 0.00000000 0.00000000 1.04164783 0.00000000 0.00000000
14.7300 3.31981289 0.00000000 -2.00000000 0.85206517 0.00000000 0.00000000 1.03642388 0.00000000 0.00000000
14.7400 3.32838528 0.00000000 -2.00000000 0.86240303 0.00000000 0.00000000 1.03113600 0.00000000 0.00000000
14.7500 3.33706078 0.00000000 -2.00000000 0.87268768 0.00000000 0.00000000 1.02578452 0.00000000 0.00000000
14.7600 3.34583885 0.00000000 -2.00000000 0.88291851 0.00000000 0.00000000 1.02036976 0.00000000 0.00000000
14.7700 3.35471896 0.00000000 -2.00000000 0.89309487 0.00000000 0.00000000 1.01489206 0.00000000 0.00000000
14.7800 3.36370057 0.00000000 -2.00000000 0.90321614 0.00000000 0.00000000 1.00935176 0.00000000 0.00000000
14.7900 3.37278310 0.00000000 -2.00000000 0.91328169 0.00000000 0.00000000 1.00374919 0.00000000 0.00000000
14.8000 3.38196601 0.00000000 -2.00000000 0.92329092 0.00000000 0.00000000 0.99808471 0.00000000 0.00000000
14.8100 3.39124873 0.00000000 -2.00000000 0.93324318 0.00000000 0.00000000 0.99235866 0.00000000 0.00000000
14.8200 3.40063068 0.00000000 -2.00000000 0.94313788 0.00000000 0.00000000 0.98657140 0.00000000 0.00000000
14.8300 3.41011129 0.00000000 -2.00000000 0.95297441 0.00000000 0.00000000 0.98072329 0.00000000 0.00000000
14.8400 3.41968998 0.00000000 -2.00000000 0.96275215 0.00000000 0.00000000 0.97481467 0.00000000 0.00000000
14.8500 3.42936614 0.00000000 -2.00000000 0.97247050 0.00000000 0.00000000 0.96884593 0.00000000 0.00000000
14.8600 3.43913919 0.00000000 -2.00000000 0.98212887 0.00000000 0.00000000 0.96281742 0.00000000 0.00000000
14.8700 3.44900851 0.00000000 -2.00000000 0.99172665 0.00000000 0.00000000 0.95672952 0.00000000 0.00000000
14.8800 3.45897351 0.00000000 -2.00000000 1.00126326 0.00000000 0.00000000 0.95058261 0.00000000 0.00000000
14.8900 3.46903357 0.00000000 -2.00000000 1.01073811 0.00000000 0.00000000 0.94437706 0.00000000 0.00000000
14.9000 3.47918807 0.00000000 -2.00000000 1.02015061 0.00000000 0.00000000 0.93811326 0.00000000 0.00000000
14.9100 3.48943638 0.00000000 -2.00000000 1.02950018 0.00000000 0.00000000 0.93179159 0.00000000 0.00000000
14.9200 3.49977786 0.00000000 -2.00000000 1.03878625 0.00000000 0.00000000 0.92541244 0.00000000 0.00000000
14.9300 3.51021189 0.00000000 -2.00000000 1.04800824 0.00000000 0.00000000 0.91897621 0.00000000 0.00000000
14.9400 3.52073781 0.00000000 -2.00000000 1.05716558 0.00000000 0.00000000 0.91248329 0.00000000 0.00000000
14.9500 3.53135498 0.00000000 -2.00000000 1.06625772 0.00000000 0.00000000 0.90593408 0.00000000 0.00000000
14.9600 3.54206275 0.00000000 -2.00000000 1.07528408 0.00000000 0.00000000 0.89932900 0.00000000 0.00000000
14.9700 3.55286044 0.00000000 -2.00000000 1.08424411 0.00000000 0.00000000 0.89266843 0.00000000 0.00000000
14.9800 3.56374740 0.00000000 -2.00000000 1.09313726 0.00000000 0.00000000 0.88595281 0.00000000 0.00000000
14.9900 3.57472296 0.00000000 -2.00000000 1.10196299 0.00000000 0.00000000 0.87918253 0.00000000 0.00000000
15.0000 3.58578644 0.00000000 -2.00000000 1.11072073 0.00000000 0.00000000 0.87235802 0.00000000 0.00000000
15.0100 3.59693715 0.00000000 -2.00000000 1.11940997 0.00000000 0.00000000 0.86547971 0.00000000 0.00000000
15.0200 3.60817441 0.00000000 -2.00000000 1.12803015 0.00000000 0.00000000 0.85854800 0.00000000 0.00000000
15.0300 3.61949752 0.00000000 -2.00000000 1.13658075 0.00000000 0.00000000 0.85156333 0.00000000 0.00000000
15.0400 3.63090579 0.00000000 -2.00000000 1.14506124 0.00000000 0.00000000 0.84452614 0.00000000 0.00000000
15.0500 3.64239851 0.00000000 -2.00000000 1.15347110 0.00000000 0.00000000 0.83743685 0.00000000 0.00000000
15.0600 3.65397497 0.00000000 -2.00000000 1.16180981 0.00000000 0.00000000 0.83029591 0.00000000 0.00000000
15.0700 3.66563447 0.00000000 -2.00000000 1.17007685 0.00000000 0.00000000 0.82310375 0.00000000 0.00000000
15.0800 3.67737627 0.00000000 -2.00000000 1.17827171 0.00000000 0.00000000 0.81586081 0.00000000 0.00000000
15.0900 3.68919966 0.00000000 -2.00000000 1.18639390 0.00000000 0.00000000 0.80856755 0.00000000 0.00000000
15.1000 3.70110390 0.00000000 -2.00000000 1.19444290 0.00000000 0.00000000 0.80122441 0.00000000 0.00000000
15.1100 3.71308827 0.00000000 -2.00000000 1.20241822 0.00000000 0.00000000 0.79383185 0.00000000 0.00000000
15.1200 3.72515202 0.00000000 -2.00000000 1.21031937 0.00000000 0.00000000 0.78639033 0.00000000 0.00000000
15.1300 3.73729441 0.00000000 -2.00000000 1.21814586 0.00000000 0.00000000 0.77890029 0.00000000 0.00000000
15.1400 3.74951469 0.00000000 -2.00000000 1.22589722 0.00000000 0.00000000 0.77136221 0.00000000 0.00000000
15.1500 3.76181210 0.00000000 -2.00000000 1.23357295 0.00000000 0.00000000 0.76377655 0.00000000 0.00000000
15.1600 3.77418589 0.00000000 -2.00000000 1.24117259 0.00000000 0.00000000 0.75614377 0.00000000 0.00000000
15.1700 3.78663530 0.00000000 -2.00000000 1.24869567 0.00000000 0.00000000 0.74846435 0.00000000 0.00000000
15.1800 3.79915955 0.00000000 -2.00000000 1.25614172 0.00000000 0.00000000 0.74073876 0.00000000 0.00000000
15.1900 3.81175787 0.00000000 -2.00000000 1.26351029 0.00000000 0.00000000 0.73296748 0.00000000 0.00000000
15.2000 3.82442950 0.00000000 -2.00000000 1.27080092 0.00000000 0.00000000 0.72515099 0.00000000 0.00000000
15.2100 3.83717363 0.00000000 -2.00000000 1.27801316 0.00000000 0.00000000 0.71728977 0.00000000 0.00000000
15.2200 3.84998950 0.00000000 -2.00000000 1.28514657 0.00000000 0.00000000 0.70938430 0.00000000 0.00000000
15.2300 3.86287630 0.00000000 -2.00000000 1.29220070 0.00000000 0.00000000 0.70143507 0.00000000 0.00000000
15.2400 3.87583324 0.00000000 -2.00000000 1.29917513 0.00000000 0.00000000 0.69344257 0.00000000 0.00000000
15.2500 3.88885953 0.00000000 -2.00000000 1.30606941 0.00000000 0.00000000 0.68540730 0.00000000 0.00000000
15.2600 3.90195436 0.00000000 -2.00000000 1.31288313 0.00000000 0.00000000 0.67732975 0.00000000 0.00000000
15.2700 3.91511693 0.00000000 -2.00000000 1.31961587 0.00000000 0.00000000 0.66921042 0.00000000 0.00000000
15.2800 3.92834641 0.00000000 -2.00000000 1.32626720 0.00000000 0.00000000 0.66104981 0.00000000 0.00000000
15.2900 3.94164200 0.00000000 -2.00000000 1.33283673 0.00000000 0.00000000 0.65284842 0.00000000 0.00000000
15.3000 3.95500287 0.00000000 -2.00000000 1.33932404 0.00000000 0.00000000 0.64460677 0.00000000 0.00000000
15.3100 3.96842820 0.00000000 -2.00000000 1.34572873 0.00000000 0.00000000 0.63632535 0.00000000 0.00000000
15.3200 3.98191717 0.00000000 -2.00000000 1.35205041 0.00000000 0.00000000 0.62800467 0.00000000 0.00000000
15.3300 3.99546893 0.00000000 -2.00000000 1.35828870 0.00000000 0.00000000 0.61964526 0.00000000 0.00000000
15.3400 4.00908266 0.00000000 -2.00000000 1.36444319 0.00000000 0.00000000 0.61124763 0.00000000 0.00000000
15.3500 4.02275752 0.00000000 -2.00000000 1.37051352 0.00000000 0.00000000 0.60281229 0.00000000 0.00000000
15.3600 4.03649265 0.00000000 -2.00000000 1.37649931 0.00000000 0.00000000 0.59433977 0.00000000 0.00000000
15.3700 4.05028722 0.00000000 -2.00000000 1.38240020 0.00000000 0.00000000 0.58583059 0.00000000 0.00000000
15.3800 4.06414037 0.00000000 -2.00000000 1.38821581 0.00000000 0.00000000 0.57728527 0.00000000 0.00000000
15.3900 4.07805125 0.00000000 -2.00000000 1.39394578 0.00000000 0.00000000 0.56870434 0.00000000 0.00000000
15.4000 4.09201900 0.00000000 -2.00000000 1.39958978 0.00000000 0.00000000 0.56008833 0.00000000 0.00000000
15.4100 4.10604276 0.00000000 -2.00000000 1.40514743 0.00000000 0.00000000 0.55143777 0.00000000 0.00000000
15.4200 4.12012166 0.00000000 -2.00000000 1.41061842 0.00000000 0.00000000 0.54275320 0.00000000 0.00000000
15.4300 4.13425484 0.00000000 -2.00000000 1.41600239 0.00000000 0.00000000 0.53403514 0.00000000 0.00000000
15.4400 4.14844142 0.00000000 -2.00000000 1.42129901 0.00000000 0.00000000 0.52528415 0.00000000 0.00000000
15.4500 4.16268052 0.00000000 -2.00000000 1.42650796 0.00000000 0.00000000 0.51650075 0.00000000 0.00000000
15.4600 4.17697128 0.00000000 -2.00000000 1.43162892 0.00000000 0.00000000 0.50768549 0.00000000 0.00000000
15.4700 4.19131281 0.00000000 -2.00000000 1.43666157 0.00000000 0.00000000 0.49883892 0.00000000 0.00000000
15.4800 4.20570422 0.00000000 -2.00000000 1.44160559 0.00000000 0.00000000 0.48996157 0.00000000 0.00000000
15.4900 4.22014462 0.00000000 -2.00000000 1.44646070 0.00000000 0.00000000 0.48105400 0.00000000 0.00000000
15.5000 4.23463314 0.00000000 -2.00000000 1.45122658 0.00000000 0.00000000 0.47211676 0.00000000 0.00000000
15.5100 4.24916886 0.00000000 -2.00000000 1.45590294 0.00000000 0.00000000 0.46315040 0.00000000 0.00000000
15.5200 4.26375089 0.00000000 -2.00000000 1.46048949 0.00000000 0.00000000 0.45415546 0.00000000 0.00000000
15.5300 4.27837835 0.00000000 -2.00000000 1.46498595 0.00000000 0.00000000 0.44513252 0.00000000 0.00000000
15.5400 4.29305031 0.00000000 -2.00000000 1.46939205 0.00000000 0.00000000 0.43608211 0.00000000 0.00000000
15.5500 4.30776589 0.00000000 -2.00000000 1.47370750 0.00000000 0.00000000 0.42700480 0.00000000 0.00000000
15.5600 4.32252416 0.00000000 -2.00000000 1.47793206 0.00000000 0.00000000 0.41790116 0.00000000 0.00000000
15.5700 4.33732422 0.00000000 -2.00000000 1.48206544 0.00000000 0.00000000 0.40877174 0.00000000 0.00000000
15.5800 4.35216516 0.00000000 -2.00000000 1.48610741 0.00000000 0.00000000 0.39961710 0.00000000 0.00000000
15.5900 4.36704607 0.00000000 -2.00000000 1.49005770 0.00000000 0.00000000 0.39043781 0.00000000 0.00000000
15.6000 4.38196601 0.00000000 -2.00000000 1.49391608 0.00000000 0.00000000 0.38123444 0.00000000 0.00000000
15.6100 4.39692408 0.00000000 -2.00000000 1.49768231 0.00000000 0.00000000 0.37200755 0.00000000 0.00000000
15.6200 4.41191935 0.00000000 -2.00000000 1.50135616 0.00000000 0.00000000 0.36275771 0.00000000 0.00000000
15.6300 4.42695089 0.00000000 -2.00000000 1.50493739 0.00000000 0.00000000 0.35348550 0.00000000 0.00000000
15.6400 4.44201779 0.00000000 -2.00000000 1.50842579 0.00000000 0.00000000 0.34419148 0.00000000 0.00000000
15.6500 4.45711910 0.00000000 -2.00000000 1.51182115 0.00000000 0.00000000 0.33487623 0.00000000 0.00000000
15.6600 4.47225390 0.00000000 -2.00000000 1.51512325 0.00000000 0.00000000 0.32554033 0.00000000 0.00000000
15.6700 4.48742125 0.00000000 -2.00000000 1.51833189 0.00000000 0.00000000 0.31618434 0.00000000 0.00000000
15.6800 4.50262023 0.00000000 -2.00000000 1.52144687 0.00000000 0.00000000 0.30680885 0.00000000 0.00000000
15.6900 4.51784988 0.00000000 -2.00000000 1.52446800 0.00000000 0.00000000 0.29741444 0.00000000 0.00000000
15.7000 4.53310927 0.00000000 -2.00000000 1.52739510 0.00000000 0.00000000 0.28800167 0.00000000 0.00000000
15.7100 4.54839747 0.00000000 -2.00000000 1.53022798 0.00000000 0.00000000 0.27857115 0.00000000 0.00000000
15.7200 4.56371352 0.00000000 -2.00000000 1.53296646 0.00000000 0.00000000 0.26912344 0.00000000 0.00000000
15.7300 4.57905648 0.00000000 -2.00000000 1.53561039 0.00000000 0.00000000 0.25965913 0.00000000 0.00000000
15.7400 4.59442541 0.00000000 -2.00000000 1.53815959 0.00000000 0.00000000 0.25017880 0.00000000 0.00000000
15.7500 4.60981936 0.00000000 -2.00000000 1.54061392 0.00000000 0.00000000 0.24068304 0.00000000 0.00000000
15.7600 4.62523737 0.00000000 -2.00000000 1.54297321 0.00000000 0.00000000 0.23117243 0.00000000 0.00000000
15.7700 4.64067850 0.00000000 -2.00000000 1.54523732 0.00000000 0.00000000 0.22164756 0.00000000 0.00000000
15.7800 4.65614180 0.00000000 -2.00000000 1.54740611 0.00000000 0.00000000 0.21210903 0.00000000 0.00000000
15.7900 4.67162631 0.00000000 -2.00000000 1.54947945 0.00000000 0.00000000 0.20255740 0.00000000 0.00000000
15.8000 4.68713107 0.00000000 -2.00000000 1.55145722 0.00000000 0.00000000 0.19299329 0.00000000 0.00000000
15.8100 4.70265513 0.00000000 -2.00000000 1.55333928 0.00000000 0.00000000 0.18341726 0.00000000 0.00000000
15.8200 4.71819754 0.00000000 -2.00000000 1.55512552 0.00000000 0.00000000 0.17382993 0.00000000 0.00000000
15.8300 4.73375732 0.00000000 -2.00000000 1.55681584 0.00000000 0.00000000 0.16423187 0.00000000 0.00000000
15.8400 4.74933353 0.00000000 -2.00000000 1.55841013 0.00000000 0.00000000 0.15462368 0.00000000 0.00000000
15.8500 4.76492521 0.00000000 -2.00000000 1.55990828 0.00000000 0.00000000 0.14500595 0.00000000 0.00000000
15.8600 4.78053138 0.00000000 -2.00000000 1.56131022 0.00000000 0.00000000 0.13537928 0.00000000 0.00000000
15.8700 4.79615109 0.00000000 -2.00000000 1.56261584 0.00000000 0.00000000 0.12574426 0.00000000 0.00000000
15.8800 4.81178337 0.00000000 -2.00000000 1.56382508 0.00000000 0.00000000 0.11610148 0.00000000 0.00000000
15.8900 4.82742727 0.00000000 -2.00000000 1.56493785 0.00000000 0.00000000 0.10645154 0.00000000 0.00000000
15.9000 4.84308181 0.00000000 -2.00000000 1.56595409 0.00000000 0.00000000 0.09679503 0.00000000 0.00000000
15.9100 4.85874603 0.00000000 -2.00000000 1.56687373 0.00000000 0.00000000 0.08713255 0.00000000 0.00000000
15.9200 4.87441896 0.00000000 -2.00000000 1.56769672 0.00000000 0.00000000 0.07746470 0.00000000 0.00000000
15.9300 4.89009964 0.00000000 -2.00000000 1.56842301 0.00000000 0.00000000 0.06779207 0.00000000 0.00000000
15.9400 4.90578710 0.00000000 -2.00000000 1.56905255 0.00000000 0.00000000 0.05811525 0.00000000 0.00000000
15.9500 4.92148037 0.00000000 -2.00000000 1.56958530 0.00000000 0.00000000 0.04843486 0.00000000 0.00000000
15.9600 4.93717848 0.00000000 -2.00000000 1.57002123 0.00000000 0.00000000 0.03875147 0.00000000 0.00000000
15.9700 4.95288047 0.00000000 -2.00000000 1.57036032 0.00000000 0.00000000 0.02906569 0.00000000 0.00000000
15.9800 4.96858537 0.00000000 -2.00000000 1.57060254 0.00000000 0.00000000 0.01937813 0.00000000 0.00000000
15.9900 4.98429220 0.00000000 -2.00000000 1.57074788 0.00000000 0.00000000 0.00968936 0.00000000 0.00000000
16.0000 5.00000000 0.00000000 -2.00000000 1.57079633 0.00000000 0.00000000 0.00000000 0.00000000 0.00000000
16.0100 5.01570780 0.00000000 -2.00000000 1.57074788 0.00000000 0.00000000 -0.00968936 0.00000000 0.00000000
16.0200 5.03141463 0.00000000 -2.00000000 1.57060254 0.00000000 0.00000000 -0.01937813 0.00000000 0.00000000
16.0300 5.04711953 0.00000000 -2.00000000 1.57036032 0.00000000 0.00000000 -0.02906569 0.00000000 0.00000000
16.0400 5.06282152 0.00000000 -2.00000000 1.57002123 0.00000000 0.00000000 -0.03875147 0.00000000 0.00000000
16.0500 5.07851963 0.00000000 -2.00000000 1.56958530 0.00000000 0.00000000 -0.04843486 0.00000000 0.00000000
16.0600 5.09421290 0.00000000 -2.00000000 1.56905255 0.00000000 0.00000000 -0.05811525 0.00000000 0.00000000
16.0700 5.10990036 0.00000000 -2.00000000 1.56842301 0.00000000 0.00000000 -0.06779207 0.00000000 0.00000000
16.0800 5.12558104 0.00000000 -2.00000000 1.56769672 0.00000000 0.00000000 -0.07746470 0.00000000 0.00000000
16.0900 5.14125397 0.00000000 -2.00000000 1.56687373 0.00000000 0.00000000 -0.08713255 0.00000000 0.00000000
16.1000 5.15691819 0.00000000 -2.00000000 1.56595409 0.00000000 0.00000000 -0.09679503 0.00000000 0.00000000
16.1100 5.17257273 0.00000000 -2.00000000 1.56493785 0.00000000 0.00000000 -0.10645154 0.00000000 0.00000000
16.1200 5.18821663 0.00000000 -2.00000000 1.56382508 0.00000000 0.00000000 -0.11610148 0.00000000 0.00000000
16.1300 5.20384891 0.00000000 -2.00000000 1.56261584 0.00000000 0.00000000 -0.12574426 0.00000000 0.00000000
16.1400 5.21946862 0.00000000 -2.00000000 1.56131022 0.00000000 0.00000000 -0.13537928 0.00000000 0.00000000
16.1500 5.23507479 0.00000000 -2.00000000 1.55990828 0.00000000 0.00000000 -0.14500595 0.00000000 0.00000000
16.1600 5.25066647 0.00000000 -2.00000000 1.55841013 0.00000000 0.00000000 -0.15462368 0.00000000 0.00000000
16.1700 5.26624268 0.00000000 -2.00000000 1.55681584 0.00000000 0.00000000 -0.16423187 0.00000000 0.00000000
16.1800 5.28180246 0.00000000 -2.00000000 1.55512552 0.00000000 0.00000000 -0.17382993 0.00000000 0.00000000
16.1900 5.29734487 0.00000000 -2.00000000 1.55333928 0.00000000 0.00000000 -0.18341726 0.00000000 0.00000000
16.2000 5.31286893 0.00000000 -2.00000000 1.55145722 0.00000000 0.00000000 -0.19299329 0.00000000 0.00000000
16.2100 5.32837369 0.00000000 -2.00000000 1.54947945 0.00000000 0.00000000 -0.20255740 0.00000000 0.00000000
16.2200 5.34385820 0.00000000 -2.00000000 1.54740611 0.00000000 0.00000000 -0.21210903 0.00000000 0.00000000
16.2300 5.35932150 0.00000000 -2.00000000 1.54523732 0.00000000 0.00000000 -0.22164756 0.00000000 0.00000000
16.2400 5.37476263 0.00000000 -2.00000000 1.54297321 0.00000000 0.00000000 -0.23117243 0.00000000 0.00000000
16.2500 5.39018064 0.00000000 -2.00000000 1.54061392 0.00000000 0.00000000 -0.24068304 0.00000000 0.00000000
16.2600 5.40557459 0.00000000 -2.00000000 1.53815959 0.00000000 0.00000000 -0.25017880 0.00000000 0.00000000
16.2700 5.42094352 0.00000000 -2.00000000 1.53561039 0.00000000 0.00000000 -0.25965913 0.00000000 0.00000000
16.2800 5.43628648 0.00000000 -2.00000000 1.53296646 0.00000000 0.00000000 -0.26912344 0.00000000 0.00000000
16.2900 5.45160253 0.00000000 -2.00000000 1.53022798 0.00000000 0.00000000 -0.27857115 0.00000000 0.00000000
16.3000 5.46689073 0.00000000 -2.00000000 1.52739510 0.00000000 0.00000000 -0.28800167 0.00000000 0.00000000
16.3100 5.48215012 0.00000000 -2.00000000 1.52446800 0.00000000 0.00000000 -0.29741444 0.00000000 0.00000000
16.3200 5.49737977 0.00000000 -2.00000000 1.52144687 0.00000000 0.00000000 -0.30680885 0.00000000 0.00000000
16.3300 5.51257875 0.00000000 -2.00000000 1.51833189 0.00000000 0.00000000 -0.31618434 0.00000000 0.00000000
16.3400 5.52774610 0.00000000 -2.00000000 1.51512325 0.00000000 0.00000000 -0.32554033 0.00000000 0.00000000
16.3500 5.54288090 0.00000000 -2.00000000 1.51182115 0.00000000 0.00000000 -0.33487623 0.00000000 0.00000000
16.3600 5.55798221 0.00000000 -2.00000000 1.50842579 0.00000000 0.00000000 -0.34419148 0.00000000 0.00000000
16.3700 5.57304911 0.00000000 -2.00000000 1.50493739 0.00000000 0.00000000 -0.35348550 0.00000000 0.00000000
16.3800 5.58808065 0.00000000 -2.00000000 1.50135616 0.00000000 0.00000000 -0.36275771 0.00000000 0.00000000
16.3900 5.60307592 0.00000000 -2.00000000 1.49768231 0.00000000 0.00000000 -0.37200755 0.00000000 0.00000000
16.4000 5.61803399 0.00000000 -2.00000000 1.49391608 0.00000000 0.00000000 -0.38123444 0.00000000 0.00000000
16.4100 5.63295393 0.00000000 -2.00000000 1.49005770 0.00000000 0.00000000 -0.39043781 0.00000000 0.00000000
16.4200 5.64783484 0.00000000 -2.00000000 1.48610741 0.00000000 0.00000000 -0.39961710 0.00000000 0.00000000
16.4300 5.66267578 0.00000000 -2.00000000 1.48206544 0.00000000 0.00000000 -0.40877174 0.00000000 0.00000000
16.4400 5.67747584 0.00000000 -2.00000000 1.47793206 0.00000000 0.00000000 -0.41790116 0.00000000 0.00000000
16.4500 5.69223411 0.00000000 -2.00000000 1.47370750 0.00000000 0.00000000 -0.42700480 0.00000000 0.00000000
16.4600 5.70694969 0.00000000 -2.00000000 1.46939205 0.00000000 0.00000000 -0.43608211 0.00000000 0.00000000
16.4700 5.72162165 0.00000000 -2.00000000 1.46498595 0.00000000 0.00000000 -0.44513252 0.00000000 0.00000000
16.4800 5.73624911 0.00000000 -2.00000000 1.46048949 0.00000000 0.00000000 -0.45415546 0.00000000 0.00000000
16.4900 5.75083114 0.00000000 -2.00000000 1.45590294 0.00000000 0.00000000 -0.46315040 0.00000000 0.00000000
16.5000 5.76536686 0.00000000 -2.00000000 1.45122658 0.00000000 0.00000000 -0.47211676 0.00000000 0.00000000
16.5100 5.77985538 0.00000000 -2.00000000 1.44646070 0.00000000 0.00000000 -0.48105400 0.00000000 0.00000000
16.5200 5.79429578 0.00000000 -2.00000000 1.44160559 0.00000000 0.00000000 -0.48996157 0.00000000 0.00000000
16.5300 5.80868719 0.00000000 -2.00000000 1.43666157 0.00000000 0.00000000 -0.49883892 0.00000000 0.00000000
16.5400 5.82302872 0.00000000 -2.00000000 1.43162892 0.00000000 0.00000000 -0.50768549 0.00000000 0.00000000
16.5500 5.83731948 0.00000000 -2.00000000 1.42650796 0.00000000 0.00000000 -0.51650075 0.00000000 0.00000000
16.5600 5.85155858 0.00000000 -2.00000000 1.42129901 0.00000000 0.00000000 -0.52528415 0.00000000 0.00000000
16.5700 5.86574516 0.00000000 -2.00000000 1.41600239 0.00000000 0.00000000 -0.53403514 0.00000000 0.00000000
16.5800 5.87987834 0.00000000 -2.00000000 1.41061842 0.00000000 0.00000000 -0.54275320 0.00000000 0.00000000
16.5900 5.89395724 0.00000000 -2.00000000 1.40514743 0.00000000 0.00000000 -0.55143777 0.00000000 0.00000000
16.6000 5.90798100 0.00000000 -2.00000000 1.39958978 0.00000000 0.00000000 -0.56008833 0.00000000 0.00000000
16.6100 5.92194875 0.00000000 -2.00000000 1.39394578 0.00000000 0.00000000 -0.56870434 0.00000000 0.00000000
16.6200 5.93585963 0.00000000 -2.00000000 1.38821581 0.00000000 0.00000000 -0.57728527 0.00000000 0.00000000
16.6300 5.94971278 0.00000000 -2.00000000 1.38240020 0.00000000 0.00000000 -0.58583059 0.00000000 0.00000000
16.6400 5.96350735 0.00000000 -2.00000000 1.37649931 0.00000000 0.00000000 -0.59433977 0.00000000 0.00000000
16.6500 5.97724248 0.00000000 -2.00000000 1.37051352 0.00000000 0.00000000 -0.60281229 0.00000000 0.00000000
16.6600 5.99091734 0.00000000 -2.00000000 1.36444319 0.00000000 0.00000000 -0.61124763 0.00000000 0.00000000
16.6700 6.00453107 0.00000000 -2.00000000 1.35828870 0.00000000 0.00000000 -0.61964526 0.00000000 0.00000000
16.6800 6.01808283 0.00000000 -2.00000000 1.35205041 0.00000000 0.00000000 -0.62800467 0.00000000 0.00000000
16.6900 6.03157180 0.00000000 -2.00000000 1.34572873 0.00000000 0.00000000 -0.63632535 0.00000000 0.00000000
16.7000 6.04499713 0.00000000 -2.00000000 1.33932404 0.00000000 0.00000000 -0.64460677 0.00000000 0.00000000
16.7100 6.05835800 0.00000000 -2.00000000 1.33283673 0.00000000 0.00000000 -0.65284842 0.00000000 0.00000000
16.7200 6.07165359 0.00000000 -2.00000000 1.32626720 0.00000000 0.00000000 -0.66104981 0.00000000 0.00000000
16.7300 6.08488307 0.00000000 -2.00000000 1.31961587 0.00000000 0.00000000 -0.66921042 0.00000000 0.00000000
16.7400 6.09804564 0.00000000 -2.00000000 1.31288313 0.00000000 0.00000000 -0.67732975 0.00000000 0.00000000
16.7500 6.11114047 0.00000000 -2.00000000 1.30606941 0.00000000 0.00000000 -0.68540730 0.00000000 0.00000000
16.7600 6.12416676 0.00000000 -2.00000000 1.29917513 0.00000000 0.00000000 -0.69344257 0.00000000 0.00000000
16.7700 6.13712370 0.00000000 -2.00000000 1.29220070 0.00000000 0.00000000 -0.70143507 0.00000000 0.00000000
16.7800 6.15001050 0.00000000 -2.00000000 1.28514657 0.00000000 0.00000000 -0.70938430 0.00000000 0.00000000
16.7900 6.16282637 0.00000000 -2.00000000 1.27801316 0.00000000 0.00000000 -0.71728977 0.00000000 0.00000000
16.8000 6.17557050 0.00000000 -2.00000000 1.27080092 0.00000000 0.00000000 -0.72515099 0.00000000 0.00000000
16.8100 6.18824213 0.00000000 -2.00000000 1.26351029 0.00000000 0.00000000 -0.73296748 0.00000000 0.00000000
16.8200 6.20084045 0.00000000 -2.00000000 1.25614172 0.00000000 0.00000000 -0.74073876 0.00000000 0.00000000
16.8300 6.21336470 0.00000000 -2.00000000 1.24869567 0.00000000 0.00000000 -0.74846435 0.00000000 0.00000000
16.8400 6.22581411 0.00000000 -2.00000000 1.24117259 0.00000000 0.00000000 -0.75614377 0.00000000 0.00000000
16.8500 6.23818790 0.00000000 -2.00000000 1.23357295 0.00000000 0.00000000 -0.76377655 0.00000000 0.00000000
16.8600 6.25048531 0.00000000 -2.00000000 1.22589722 0.00000000 0.00000000 -0.77136221 0.00000000 0.00000000
16.8700 6.26270559 0.00000000 -2.00000000 1.21814586 0.00000000 0.00000000 -0.77890029 0.00000000 0.00000000
16.8800 6.27484798 0.00000000 -2.00000000 1.21031937 0.00000000 0.00000000 -0.78639033 0.00000000 0.00000000
16.8900 6.28691173 0.00000000 -2.00000000 1.20241822 0.00000000 0.00000000 -0.79383185 0.00000000 0.00000000
16.9000 6.29889610 0.00000000 -2.00000000 1.19444290 0.00000000 0.00000000 -0.80122441 0.00000000 0.00000000
16.9100 6.31080034 0.00000000 -2.00000000 1.18639390 0.00000000 0.00000000 -0.80856755 0.00000000 0.00000000
16.9200 6.32262373 0.00000000 -2.00000000 1.17827171 0.00000000 0.00000000 -0.81586081 0.00000000 0.00000000
16.9300 6.33436553 0.00000000 -2.00000000 1.17007685 0.00000000 0.00000000 -0.82310375 0.00000000 0.00000000
16.9400 6.34602503 0.00000000 -2.00000000 1.16180981 0.00000000 0.00000000 -0.83029591 0.00000000 0.00000000
16.9500 6.35760149 0.00000000 -2.00000000 1.15347110 0.00000000 0.00000000 -0.83743685 0.00000000 0.00000000
16.9600 6.36909421 0.00000000 -2.00000000 1.14506124 0.00000000 0.00000000 -0.84452614 0.00000000 0.00000000
16.9700 6.38050248 0.00000000 -2.00000000 1.13658075 0.00000000 0.00000000 -0.85156333 0.00000000 0.00000000
16.9800 6.39182559 0.00000000 -2.00000000 1.12803015 0.00000000 0.00000000 -0.85854800 0.00000000 0.00000000
16.9900 6.40306285 0.00000000 -2.00000000 1.11940997 0.00000000 0.00000000 -0.86547971 0.00000000 0.00000000
17.0000 6.41421356 0.00000000 -2.00000000 1.11072073 0.00000000 0.00000000 -0.87235802 0.00000000 0.00000000
17.0100 6.42527704 0.00000000 -2.00000000 1.10196299 0.00000000 0.00000000 -0.87918253 0.00000000 0.00000000
17.0200 6.43625260 0.00000000 -2.00000000 1.09313726 0.00000000 0.00000000 -0.88595281 0.00000000 0.00000000
17.0300 6.44713956 0.00000000 -2.00000000 1.08424411 0.00000000 0.00000000 -0.89266843 0.00000000 0.00000000
17.0400 6.45793725 0.00000000 -2.00000000 1.07528408 0.00000000 0.00000000 -0.89932900 0.00000000 0.00000000
17.0500 6.46864502 0.00000000 -2.00000000 1.06625772 0.00000000 0.00000000 -0.90593408 0.00000000 0.00000000
17.0600 6.47926219 0.00000000 -2.00000000 1.05716558 0.00000000 0.00000000 -0.91248329 0.00000000 0.00000000
17.0700 6.48978811 0.00000000 -2.00000000 1.04800824 0.00000000 0.00000000 -0.91897621 0.00000000 0.00000000
17.0800 6.50022214 0.00000000 -2.00000000 1.03878625 0.00000000 0.00000000 -0.92541244 0.00000000 0.00000000
17.0900 6.51056362 0.00000000 -2.00000000 1.02950018 0.00000000 0.00000000 -0.93179159 0.00000000 0.00000000
17.1000 6.52081193 0.00000000 -2.00000000 1.02015061 0.00000000 0.00000000 -0.93811326 0.00000000 0.00000000
17.1100 6.53096643 0.00000000 -2.00000000 1.01073811 0.00000000 0.00000000 -0.94437706 0.00000000 0.00000000
17.1200 6.54102649 0.00000000 -2.00000000 1.00126326 0.00000000 0.00000000 -0.95058261 0.00000000 0.00000000
17.1300 6.55099149 0.00000000 -2.00000000 0.99172665 0.00000000 0.00000000 -0.95672952 0.00000000 0.00000000
17.1400 6.56086081 0.00000000 -2.00000000 0.98212887 0.00000000 0.00000000 -0.96281742 0.00000000 0.00000000
17.1500 6.57063386 0.00000000 -2.00000000 0.97247050 0.00000000 0.00000000 -0.96884593 0.00000000 0.00000000
17.1600 6.58031002 0.00000000 -2.00000000 0.96275215 0.00000000 0.00000000 -0.97481467 0.00000000 0.00000000
17.1700 6.58988871 0.00000000 -2.00000000 0.95297441 0.00000000 0.00000000 -0.98072329 0.00000000 0.00000000
17.1800 6.59936932 0.00000000 -2.00000000 0.94313788 0.00000000 0.00000000 -0.98657140 0.00000000 0.00000000
17.1900 6.60875127 0.00000000 -2.00000000 0.93324318 0.00000000 0.00000000 -0.99235866 0.00000000 0.00000000
17.2000 6.61803399 0.00000000 -2.00000000 0.92329092 0.00000000 0.00000000 -0.99808471 0.00000000 0.00000000
17.2100 6.62721690 0.00000000 -2.00000000 0.91328169 0.00000000 0.00000000 -1.00374919 0.00000000 0.00000000
17.2200 6.63629943 0.00000000 -2.00000000 0.90321614 0.00000000 0.00000000 -1.00935176 0.00000000 0.00000000
17.2300 6.64528104 0.00000000 -2.00000000 0.89309487 0.00000000 0.00000000 -1.01489206 0.00000000 0.00000000
17.2400 6.65416115 0.00000000 -2.00000000 0.88291851 0.00000000 0.00000000 -1.02036976 0.00000000 0.00000000
17.2500 6.66293922 0.00000000 -2.00000000 0.87268768 0.00000000 0.00000000 -1.02578452 0.00000000 0.00000000
17.2600 6.67161472 0.00000000 -2.00000000 0.86240303 0.00000000 0.00000000 -1.03113600 0.00000000 0.00000000
17.2700 6.68018711 0.00000000 -2.00000000 0.85206517 0.00000000 0.00000000 -1.03642388 0.00000000 0.00000000
17.2800 6.68865585 0.00000000 -2.00000000 0.84167476 0.00000000 0.00000000 -1.04164783 0.00000000 0.00000000
17.2900 6.69702043 0.00000000 -2.00000000 0.83123243 0.00000000 0.00000000 -1.04680752 0.00000000 0.00000000
17.3000 6.70528033 0.00000000 -2.00000000 0.82073883 0.00000000 0.00000000 -1.05190264 0.00000000 0.00000000
17.3100 6.71343504 0.00000000 -2.00000000 0.81019459 0.00000000 0.00000000 -1.05693287 0.00000000 0.00000000
17.3200 6.72148405 0.00000000 -2.00000000 0.79960039 0.00000000 0.00000000 -1.06189791 0.00000000 0.00000000
17.3300 6.72942688 0.00000000 -2.00000000 0.78895685 0.00000000 0.00000000 -1.06679745 0.00000000 0.00000000
17.3400 6.73726303 0.00000000 -2.00000000 0.77826466 0.00000000 0.00000000 -1.07163118 0.00000000 0.00000000
17.3500 6.74499201 0.00000000 -2.00000000 0.76752445 0.00000000 0.00000000 -1.07639880 0.00000000 0.00000000
17.3600 6.75261336 0.00000000 -2.00000000 0.75673690 0.00000000 0.00000000 -1.08110003 0.00000000 0.00000000
17.3700 6.76012660 0.00000000 -2.00000000 0.74590267 0.00000000 0.00000000 -1.08573458 0.00000000 0.00000000
17.3800 6.76753126 0.00000000 -2.00000000 0.73502243 0.00000000 0.00000000 -1.09030214 0.00000000 0.00000000
17.3900 6.77482689 0.00000000 -2.00000000 0.72409685 0.00000000 0.00000000 -1.09480246 0.00000000 0.00000000
17.4000 6.78201305 0.00000000 -2.00000000 0.71312661 0.00000000 0.00000000 -1.09923524 0.00000000 0.00000000
17.4100 6.78908928 0.00000000 -2.00000000 0.70211238 0.00000000 0.00000000 -1.10360021 0.00000000 0.00000000
17.4200 6.79605515 0.00000000 -2.00000000 0.69105483 0.00000000 0.00000000 -1.10789711 0.00000000 0.00000000
17.4300 6.80291023 0.00000000 -2.00000000 0.67995466 0.00000000 0.00000000 -1.11212567 0.00000000 0.00000000
17.4400 6.80965410 0.00000000 -2.00000000 0.66881255 0.00000000 0.00000000 -1.11628563 0.00000000 0.00000000
17.4500 6.81628635 0.00000000 -2.00000000 0.65762918 0.00000000 0.00000000 -1.12037673 0.00000000 0.00000000
17.4600 6.82280655 0.00000000 -2.00000000 0.64640524 0.00000000 0.00000000 -1.12439872 0.00000000 0.00000000
17.4700 6.82921432 0.00000000 -2.00000000 0.63514143 0.00000000 0.00000000 -1.12835136 0.00000000 0.00000000
17.4800 6.83550925 0.00000000 -2.00000000 0.62383845 0.00000000 0.00000000 -1.13223439 0.00000000 0.00000000
17.4900 6.84169096 0.00000000 -2.00000000 0.61249698 0.00000000 0.00000000 -1.13604758 0.00000000 0.00000000
17.5000 6.84775907 0.00000000 -2.00000000 0.60111773 0.00000000 0.00000000 -1.13979069 0.00000000 0.00000000
17.5100 6.85371319 0.00000000 -2.00000000 0.58970140 0.00000000 0.00000000 -1.14346349 0.00000000 0.00000000
17.5200 6.85955297 0.00000000 -2.00000000 0.57824870 0.00000000 0.00000000 -1.14706576 0.00000000 0.00000000
17.5300 6.86527805 0.00000000 -2.00000000 0.56676032 0.00000000 0.00000000 -1.15059728 0.00000000 0.00000000
17.5400 6.87088806 0.00000000 -2.00000000 0.55523699 0.00000000 0.00000000 -1.15405782 0.00000000 0.00000000
17.5500 6.87638267 0.00000000 -2.00000000 0.54367940 0.00000000 0.00000000 -1.15744717 0.00000000 0.00000000
17.5600 6.88176154 0.00000000 -2.00000000 0.53208828 0.00000000 0.00000000 -1.16076512 0.00000000 0.00000000
17.5700 6.88702433 0.00000000 -2.00000000 0.52046434 0.00000000 0.00000000 -1.16401148 0.00000000 0.00000000
17.5800 6.89217072 0.00000000 -2.00000000 0.50880829 0.00000000 0.00000000 -1.16718603 0.00000000 0.00000000
17.5900 6.89720039 0.00000000 -2.00000000 0.49712086 0.00000000 0.00000000 -1.17028858 0.00000000 0.00000000
17.6000 6.90211303 0.00000000 -2.00000000 0.48540276 0.00000000 0.00000000 -1.17331895 0.00000000 0.00000000
17.6100 6.90690834 0.00000000 -2.00000000 0.47365472 0.00000000 0.00000000 -1.17627694 0.00000000 0.00000000
17.6200 6.91158603 0.00000000 -2.00000000 0.46187746 0.00000000 0.00000000 -1.17916237 0.00000000 0.00000000
17.6300 6.91614580 0.00000000 -2.00000000 0.45007171 0.00000000 0.00000000 -1.18197506 0.00000000 0.00000000
17.6400 6.92058737 0.00000000 -2.00000000 0.43823820 0.00000000 0.00000000 -1.18471485 0.00000000 0.00000000
17.6500 6.92491047 0.00000000 -2.00000000 0.42637766 0.00000000 0.00000000 -1.18738155 0.00000000 0.00000000
17.6600 6.92911484 0.00000000 -2.00000000 0.41449082 0.00000000 0.00000000 -1.18997502 0.00000000 0.00000000
17.6700 6.93320020 0.00000000 -2.00000000 0.40257841 0.00000000 0.00000000 -1.19249508 0.00000000 0.00000000
17.6800 6.93716632 0.00000000 -2.00000000 0.39064116 0.00000000 0.00000000 -1.19494158 0.00000000 0.00000000
17.6900 6.94101295 0.00000000 -2.00000000 0.37867982 0.00000000 0.00000000 -1.19731437 0.00000000 0.00000000
17.7000 6.94473984 0.00000000 -2.00000000 0.36669512 0.00000000 0.00000000 -1.19961331 0.00000000 0.00000000
17.7100 6.94834677 0.00000000 -2.00000000 0.35468780 0.00000000 0.00000000 -1.20183824 0.00000000 0.00000000
17.7200 6.95183352 0.00000000 -2.00000000 0.34265860 0.00000000 0.00000000 -1.20398905 0.00000000 0.00000000
17.7300 6.95519988 0.00000000 -2.00000000 0.33060827 0.00000000 0.00000000 -1.20606558 0.00000000 0.00000000
17.7400 6.95844562 0.00000000 -2.00000000 0.31853754 0.00000000 0.00000000 -1.20806772 0.00000000 0.00000000
17.7500 6.96157056 0.00000000 -2.00000000 0.30644716 0.00000000 0.00000000 -1.20999534 0.00000000 0.00000000
17.7600 6.96457450 0.00000000 -2.00000000 0.29433788 0.00000000 0.00000000 -1.21184832 0.00000000 0.00000000
17.7700 6.96745726 0.00000000 -2.00000000 0.28221044 0.00000000 0.00000000 -1.21362655 0.00000000 0.00000000
17.7800 6.97021865 0.00000000 -2.00000000 0.27006560 0.00000000 0.00000000 -1.21532992 0.00000000 0.00000000
17.7900 6.97285851 0.00000000 -2.00000000 0.25790410 0.00000000 0.00000000 -1.21695832 0.00000000 0.00000000
17.8000 6.97537668 0.00000000 -2.00000000 0.24572668 0.00000000 0.00000000 -1.21851165 0.00000000 0.00000000
17.8100 6.97777300 0.00000000 -2.00000000 0.23353411 0.00000000 0.00000000 -1.21998982 0.00000000 0.00000000
17.8200 6.98004732 0.00000000 -2.00000000 0.22132714 0.00000000 0.00000000 -1.22139273 0.00000000 0.00000000
17.8300 6.98219949 0.00000000 -2.00000000 0.20910651 0.00000000 0.00000000 -1.22272030 0.00000000 0.00000000
17.8400 6.98422940 0.00000000 -2.00000000 0.19687298 0.00000000 0.00000000 -1.22397245 0.00000000 0.00000000
17.8500 6.98613691 0.00000000 -2.00000000 0.18462731 0.00000000 0.00000000 -1.22514910 0.00000000 0.00000000
17.8600 6.98792191 0.00000000 -2.00000000 0.17237025 0.00000000 0.00000000 -1.22625018 0.00000000 0.00000000
17.8700 6.98958428 0.00000000 -2.00000000 0.16010256 0.00000000 0.00000000 -1.22727561 0.00000000 0.00000000
17.8800 6.99112393 0.00000000 -2.00000000 0.14782499 0.00000000 0.00000000 -1.22822534 0.00000000 0.00000000
17.8900 6.99254075 0.00000000 -2.00000000 0.13553831 0.00000000 0.00000000 -1.22909931 0.00000000 0.00000000
17.9000 6.99383467 0.00000000 -2.00000000 0.12324326 0.00000000 0.00000000 -1.22989746 0.00000000 0.00000000
17.9100 6.99500559 0.00000000 -2.00000000 0.11094061 0.00000000 0.00000000 -1.23061975 0.00000000 0.00000000
17.9200 6.99605346 0.00000000 -2.00000000 0.09863112 0.00000000 0.00000000 -1.23126612 0.00000000 0.00000000
17.9300 6.99697819 0.00000000 -2.00000000 0.08631554 0.00000000 0.00000000 -1.23183655 0.00000000 0.00000000
17.9400 6.99777975 0.00000000 -2.00000000 0.07399464 0.00000000 0.00000000 -1.23233099 0.00000000 0.00000000
17.9500 6.99845807 0.00000000 -2.00000000 0.06166917 0.00000000 0.00000000 -1.23274941 0.00000000 0.00000000
17.9600 6.99901312 0.00000000 -2.00000000 0.04933990 0.00000000 0.00000000 -1.23309179 0.00000000 0.00000000
17.9700 6.99944486 0.00000000 -2.00000000 0.03700759 0.00000000 0.00000000 -1.23335811 0.00000000 0.00000000
17.9800 6.99975326 0.00000000 -2.00000000 0.02467300 0.00000000 0.00000000 -1.23354835 0.00000000 0.00000000
17.9900 6.99993832 0.00000000 -2.00000000 0.01233688 0.00000000 0.00000000 -1.23366250 0.00000000 0.00000000
18.0000 7.00000000 0.00000000 -2.00000000 0.00000000 0.00000000 0.00000000 -1.23370055 0.00000000 0.00000000
18.0100 6.99993832 0.00000000 -2.00000000 -0.01233688 0.00000000 0.00000000 -1.23366250 0.00000000 0.00000000
18.0200 6.99975326 0.00000000 -2.00000000 -0.02467300 0.00000000 0.00000000 -1.23354835 0.00000000 0.00000000
18.0300 6.99944486 0.00000000 -2.00000000 -0.03700759 0.00000000 0.00000000 -1.23335811 0.00000000 0.00000000
18.0400 6.99901312 0.00000000 -2.00000000 -0.04933990 0.00000000 0.00000000 -1.23309179 0.00000000 0.00000000
18.0500 6.99845807 0.00000000 -2.00000000 -0.06166917 0.00000000 0.00000000 -1.23274941 0.00000000 0.00000000
18.0600 6.99777975 0.00000000 -2.00000000 -0.07399464 0.00000000 0.00000000 -1.23233099 0.00000000 0.00000000
18.0700 6.99697819 0.00000000 -2.00000000 -0.08631554 0.00000000 0.00000000 -1.23183655 0.00000000 0.00000000
18.0800 6.99605346 0.00000000 -2.00000000 -0.09863112 0.00000000 0.00000000 -1.23126612 0.00000000 0.00000000
18.0900 6.99500559 0.00000000 -2.00000000 -0.11094061 0.00000000 0.00000000 -1.23061975 0.00000000 0.00000000
18.1000 6.99383467 0.00000000 -2.00000000 -0.12324326 0.00000000 0.00000000 -1.22989746 0.00000000 0.00000000
18.1100 6.99254075 0.00000000 -2.00000000 -0.13553831 0.00000000 0.00000000 -1.22909931 0.00000000 0.00000000
18.1200 6.99112393 0.00000000 -2.00000000 -0.14782499 0.00000000 0.00000000 -1.22822534 0.00000000 0.00000000
18.1300 6.98958428 0.00000000 -2.00000000 -0.16010256 0.00000000 0.00000000 -1.22727561 0.00000000 0.00000000
18.1400 6.98792191 0.00000000 -2.00000000 -0.17237025 0.00000000 0.00000000 -1.22625018 0.00000000 0.00000000
18.1500 6.98613691 0.00000000 -2.00000000 -0.18462731 0.00000000 0.00000000 -1.22514910 0.00000000 0.00000000
18.1600 6.98422940 0.00000000 -2.00000000 -0.19687298 0.00000000 0.00000000 -1.22397245 0.00000000 0.00000000
18.1700 6.98219949 0.00000000 -2.00000000 -0.20910651 0.00000000 0.00000000 -1.22272030 0.00000000 0.00000000
18.1800 6.98004732 0.00000000 -2.00000000 -0.22132714 0.00000000 0.00000000 -1.22139273 0.00000000 0.00000000
18.1900 6.97777300 0.00000000 -2.00000000 -0.23353411 0.00000000 0.00000000 -1.21998982 0.00000000 0.00000000
18.2000 6.97537668 0.00000000 -2.00000000 -0.24572668 0.00000000 0.00000000 -1.21851165 0.00000000 0.00000000
18.2100 6.97285851 0.00000000 -2.00000000 -0.25790410 0.00000000 0.00000000 -1.21695832 0.00000000 0.00000000
18.2200 6.97021865 0.00000000 -2.00000000 -0.27006560 0.00000000 0.00000000 -1.21532992 0.00000000 0.00000000
18.2300 6.96745726 0.00000000 -2.00000000 -0.28221044 0.00000000 0.00000000 -1.21362655 0.00000000 0.00000000
18.2400 6.96457450 0.00000000 -2.00000000 -0.29433788 0.00000000 0.00000000 -1.21184832 0.00000000 0.00000000
18.2500 6.96157056 0.00000000 -2.00000000 -0.30644716 0.00000000 0.00000000 -1.20999534 0.00000000 0.00000000
18.2600 6.95844562 0.00000000 -2.00000000 -0.31853754 0.00000000 0.00000000 -1.20806772 0.00000000 0.00000000
18.2700 6.95519988 0.00000000 -2.00000000 -0.33060827 0.00000000 0.00000000 -1.20606558 0.00000000 0.00000000
18.2800 6.95183352 0.00000000 -2.00000000 -0.34265860 0.00000000 0.00000000 -1.20398905 0.00000000 0.00000000
18.2900 6.94834677 0.00000000 -2.00000000 -0.35468780 0.00000000 0.00000000 -1.20183824 0.00000000 0.00000000
18.3000 6.94473984 0.00000000 -2.00000000 -0.36669512 0.00000000 0.00000000 -1.19961331 0.00000000 0.00000000
18.3100 6.94101295 0.00000000 -2.00000000 -0.37867982 0.00000000 0.00000000 -1.19731437 0.00000000 0.00000000
18.3200 6.93716632 0.00000000 -2.00000000 -0.39064116 0.00000000 0.00000000 -1.19494158 0.00000000 0.00000000
18.3300 6.93320020 0.00000000 -2.00000000 -0.40257841 0.00000000 0.00000000 -1.19249508 0.00000000 0.00000000
18.3400 6.92911484 0.00000000 -2.00000000 -0.41449082 0.00000000 0.00000000 -1.18997502 0.00000000 0.00000000
18.3500 6.92491047 0.00000000 -2.00000000 -0.42637766 0.00000000 0.00000000 -1.18738155 0.00000000 0.00000000
18.3600 6.92058737 0.00000000 -2.00000000 -0.43823820 0.00000000 0.00000000 -1.18471485 0.00000000 0.00000000
18.3700 6.91614580 0.00000000 -2.00000000 -0.45007171 0.00000000 0.00000000 -1.18197506 0.00000000 0.00000000
18.3800 6.91158603 0.00000000 -2.00000000 -0.46187746 0.00000000 0.00000000 -1.17916237 0.00000000 0.00000000
18.3900 6.90690834 0.00000000 -2.00000000 -0.47365472 0.00000000 0.00000000 -1.17627694 0.00000000 0.00000000
18.4000 6.90211303 0.00000000 -2.00000000 -0.48540276 0.00000000 0.00000000 -1.17331895 0.00000000 0.00000000
18.4100 6.89720039 0.00000000 -2.00000000 -0.49712086 0.00000000 0.00000000 -1.17028858 0.00000000 0.00000000
18.4200 6.89217072 0.00000000 -2.00000000 -0.50880829 0.00000000 0.00000000 -1.16718603 0.00000000 0.00000000
18.4300 6.88702433 0.00000000 -2.00000000 -0.52046434 0.00000000 0.00000000 -1.16401148 0.00000000 0.00000000
18.4400 6.88176154 0.00000000 -2.00000000 -0.53208828 0.00000000 0.00000000 -1.16076512 0.00000000 0.00000000
18.4500 6.87638267 0.00000000 -2.00000000 -0.54367940 0.00000000 0.00000000 -1.15744717 0.00000000 0.00000000
18.4600 6.87088806 0.00000000 -2.00000000 -0.55523699 0.00000000 0.00000000 -1.15405782 0.00000000 0.00000000
18.4700 6.86527805 0.00000000 -2.00000000 -0.56676032 0.00000000 0.00000000 -1.15059728 0.00000000 0.00000000
18.4800 6.85955297 0.00000000 -2.00000000 -0.57824870 0.00000000 0.00000000 -1.14706576 0.00000000 0.00000000
18.4900 6.85371319 0.00000000 -2.00000000 -0.58970140 0.00000000 0.00000000 -1.14346349 0.00000000 0.00000000
18.5000 6.84775907 0.00000000 -2.00000000 -0.60111773 0.00000000 0.00000000 -1.13979069 0.00000000 0.00000000
18.5100 6.84169096 0.00000000 -2.00000000 -0.61249698 0.00000000 0.00000000 -1.13604758 0.00000000 0.00000000
18.5200 6.83550925 0.00000000 -2.00000000 -0.62383845 0.00000000 0.00000000 -1.13223439 0.00000000 0.00000000
18.5300 6.82921432 0.00000000 -2.00000000 -0.63514143 0.00000000 0.00000000 -1.12835136 0.00000000 0.00000000
18.5400 6.82280655 0.00000000 -2.00000000 -0.64640524 0.00000000 0.00000000 -1.12439872 0.00000000 0.00000000
18.5500 6.81628635 0.00000000 -2.00000000 -0.65762918 0.00000000 0.00000000 -1.12037673 0.00000000 0.00000000
18.5600 6.80965410 0.00000000 -2.00000000 -0.66881255 0.00000000 0.00000000 -1.11628563 0.00000000 0.00000000
18.5700 6.80291023 0.00000000 -2.00000000 -0.67995466 0.00000000 0.00000000 -1.11212567 0.00000000 0.00000000
18.5800 6.79605515 0.00000000 -2.00000000 -0.69105483 0.00000000 0.00000000 -1.10789711 0.00000000 0.00000000
18.5900 6.78908928 0.00000000 -2.00000000 -0.70211238 0.00000000 0.00000000 -1.10360021 0.00000000 0.00000000
18.6000 6.78201305 0.00000000 -2.00000000 -0.71312661 0.00000000 0.00000000 -1.09923524 0.00000000 0.00000000
18.6100 6.77482689 0.00000000 -2.00000000 -0.72409685 0.00000000 0.00000000 -1.09480246 0.00000000 0.00000000
18.6200 6.76753126 0.00000000 -2.00000000 -0.73502243 0.00000000 0.00000000 -1.09030214 0.00000000 0.00000000
18.6300 6.76012660 0.00000000 -2.00000000 -0.74590267 0.00000000 0.00000000 -1.08573458 0.00000000 0.00000000
18.6400 6.75261336 0.00000000 -2.00000000 -0.75673690 0.00000000 0.00000000 -1.08110003 0.00000000 0.00000000
18.6500 6.74499201 0.00000000 -2.00000000 -0.76752445 0.00000000 0.00000000 -1.07639880 0.00000000 0.00000000
18.6600 6.73726303 0.00000000 -2.00000000 -0.77826466 0.00000000 0.00000000 -1.07163118 0.00000000 0.00000000
18.6700 6.72942688 0.00000000 -2.00000000 -0.78895685 0.00000000 0.00000000 -1.06679745 0.00000000 0.00000000
18.6800 6.72148405 0.00000000 -2.00000000 -0.79960039 0.00000000 0.00000000 -1.06189791 0.00000000 0.00000000
18.6900 6.71343504 0.00000000 -2.00000000 -0.81019459 0.00000000 0.00000000 -1.05693287 0.00000000 0.00000000
18.7000 6.70528033 0.00000000 -2.00000000 -0.82073883 0.00000000 0.00000000 -1.05190264 0.00000000 0.00000000
18.7100 6.69702043 0.00000000 -2.00000000 -0.83123243 0.00000000 0.00000000 -1.04680752 0.00000000 0.00000000
18.7200 6.68865585 0.00000000 -2.00000000 -0.84167476 0.00000000 0.00000000 -1.04164783 0.00000000 0.00000000
18.7300 6.68018711 0.00000000 -2.00000000 -0.85206517 0.00000000 0.00000000 -1.03642388 0.00000000 0.00000000
18.7400 6.67161472 0.00000000 -2.00000000 -0.86240303 0.00000000 0.00000000 -1.03113600 0.00000000 0.00000000
18.7500 6.66293922 0.00000000 -2.00000000 -0.87268768 0.00000000 0.00000000 -1.02578452 0.00000000 0.00000000
18.7600 6.65416115 0.00000000 -2.00000000 -0.88291851 0.00000000 0.00000000 -1.02036976 0.00000000 0.00000000
18.7700 6.64528104 0.00000000 -2.00000000 -0.89309487 0.00000000 0.00000000 -1.01489206 0.00000000 0.00000000
18.7800 6.63629943 0.00000000 -2.00000000 -0.90321614 0.00000000 0.00000000 -1.00935176 0.00000000 0.00000000
18.7900 6.62721690 0.00000000 -2.00000000 -0.91328169 0.00000000 0.00000000 -1.00374919 0.00000000 0.00000000
18.8000 6.61803399 0.00000000 -2.00000000 -0.92329092 0.00000000 0.00000000 -0.99808471 0.00000000 0.00000000
18.8100 6.60875127 0.00000000 -2.00000000 -0.93324318 0.00000000 0.00000000 -0.99235866 0.00000000 0.00000000
18.8200 6.59936932 0.00000000 -2.00000000 -0.94313788 0.00000000 0.00000000 -0.98657140 0.00000000 0.00000000
18.8300 6.58988871 0.00000000 -2.00000000 -0.95297441 0.00000000 0.00000000 -0.98072329 0.00000000 0.00000000
18.8400 6.58031002 0.00000000 -2.00000000 -0.96275215 0.00000000 0.00000000 -0.97481467 0.00000000 0.00000000
18.8500 6.57063386 0.00000000 -2.00000000 -0.97247050 0.00000000 0.00000000 -0.96884593 0.00000000 0.00000000
18.8600 6.56086081 0.00000000 -2.00000000 -0.98212887 0.00000000 0.00000000 -0.96281742 0.00000000 0.00000000
18.8700 6.55099149 0.00000000 -2.00000000 -0.99172665 0.00000000 0.00000000 -0.95672952 0.00000000 0.00000000
18.8800 6.54102649 0.00000000 -2.00000000 -1.00126326 0.00000000 0.00000000 -0.95058261 0.00000000 0.00000000
18.8900 6.53096643 0.00000000 -2.00000000 -1.01073811 0.00000000 0.00000000 -0.94437706 0.00000000 0.00000000
18.9000 6.52081193 0.00000000 -2.00000000 -1.02015061 0.00000000 0.00000000 -0.93811326 0.00000000 0.00000000
18.9100 6.51056362 0.00000000 -2.00000000 -1.02950018 0.00000000 0.00000000 -0.93179159 0.00000000 0.00000000
18.9200 6.50022214 0.00000000 -2.00000000 -1.03878625 0.00000000 0.00000000 -0.92541244 0.00000000 0.00000000
18.9300 6.48978811 0.00000000 -2.00000000 -1.04800824 0.00000000 0.00000000 -0.91897621 0.00000000 0.00000000
18.9400 6.47926219 0.00000000 -2.00000000 -1.05716558 0.00000000 0.00000000 -0.91248329 0.00000000 0.00000000
18.9500 6.46864502 0.00000000 -2.00000000 -1.06625772 0.00000000 0.00000000 -0.90593408 0.00000000 0.00000000
18.9600 6.45793725 0.00000000 -2.00000000 -1.07528408 0.00000000 0.00000000 -0.89932900 0.00000000 0.00000000
18.9700 6.44713956 0.00000000 -2.00000000 -1.08424411 0.00000000 0.00000000 -0.89266843 0.00000000 0.00000000
18.9800 6.43625260 0.00000000 -2.00000000 -1.09313726 0.00000000 0.00000000 -0.88595281 0.00000000 0.00000000
18.9900 6.42527704 0.00000000 -2.00000000 -1.10196299 0.00000000 0.00000000 -0.87918253 0.00000000 0.00000000
19.0000 6.41421356 0.00000000 -2.00000000 -1.11072073 0.00000000 0.00000000 -0.87235802 0.00000000 0.00000000
19.0100 6.40306285 0.00000000 -2.00000000 -1.11940997 0.00000000 0.00000000 -0.86547971 0.00000000 0.00000000
19.0200 6.39182559 0.00000000 -2.00000000 -1.12803015 0.00000000 0.00000000 -0.85854800 0.00000000 0.00000000
19.0300 6.38050248 0.00000000 -2.00000000 -1.13658075 0.00000000 0.00000000 -0.85156333 0.00000000 0.00000000
19.0400 6.36909421 0.00000000 -2.00000000 -1.14506124 0.00000000 0.00000000 -0.84452614 0.00000000 0.00000000
19.0500 6.35760149 0.00000000 -2.00000000 -1.15347110 0.00000000 0.00000000 -0.83743685 0.00000000 0.00000000
19.0600 6.34602503 0.00000000 -2.00000000 -1.16180981 0.00000000 0.00000000 -0.83029591 0.00000000 0.00000000
19.0700 6.33436553 0.00000000 -2.00000000 -1.17007685 0.00000000 0.00000000 -0.82310375 0.00000000 0.00000000
19.0800 6.32262373 0.00000000 -2.00000000 -1.17827171 0.00000000 0.00000000 -0.81586081 0.00000000 0.00000000
19.0900 6.31080034 0.00000000 -2.00000000 -1.18639390 0.00000000 0.00000000 -0.80856755 0.00000000 0.00000000
19.1000 6.29889610 0.00000000 -2.00000000 -1.19444290 0.00000000 0.00000000 -0.80122441 0.00000000 0.00000000
19.1100 6.28691173 0.00000000 -2.00000000 -1.20241822 0.00000000 0.00000000 -0.79383185 0.00000000 0.00000000
19.1200 6.27484798 0.00000000 -2.00000000 -1.21031937 0.00000000 0.00000000 -0.78639033 0.00000000 0.00000000
19.1300 6.26270559 0.00000000 -2.00000000 -1.21814586 0.00000000 0.00000000 -0.77890029 0.00000000 0.00000000
19.1400 6.25048531 0.00000000 -2.00000000 -1.22589722 0.00000000 0.00000000 -0.77136221 0.00000000 0.00000000
19.1500 6.23818790 0.00000000 -2.00000000 -1.23357295 0.00000000 0.00000000 -0.76377655 0.00000000 0.00000000
19.1600 6.22581411 0.00000000 -2.00000000 -1.24117259 0.00000000 0.00000000 -0.75614377 0.00000000 0.00000000
19.1700 6.21336470 0.00000000 -2.00000000 -1.24869567 0.00000000 0.00000000 -0.74846435 0.00000000 0.00000000
19.1800 6.20084045 0.00000000 -2.00000000 -1.25614172 0.00000000 0.00000000 -0.74073876 0.00000000 0.00000000
19.1900 6.18824213 0.00000000 -2.00000000 -1.26351029 0.00000000 0.00000000 -0.73296748 0.00000000 0.00000000
19.2000 6.17557050 0.00000000 -2.00000000 -1.27080092 0.00000000 0.00000000 -0.72515099 0.00000000 0.00000000
19.2100 6.16282637 0.00000000 -2.00000000 -1.27801316 0.00000000 0.00000000 -0.71728977 0.00000000 0.00000000
19.2200 6.15001050 0.00000000 -2.00000000 -1.28514657 0.00000000 0.00000000 -0.70938430 0.00000000 0.00000000
19.2300 6.13712370 0.00000000 -2.00000000 -1.29220070 0.00000000 0.00000000 -0.70143507 0.00000000 0.00000000
19.2400 6.12416676 0.00000000 -2.00000000 -1.29917513 0.00000000 0.00000000 -0.69344257 0.00000000 0.00000000
19.2500 6.11114047 0.00000000 -2.00000000 -1.30606941 0.00000000 0.00000000 -0.68540730 0.00000000 0.00000000
19.2600 6.09804564 0.00000000 -2.00000000 -1.31288313 0.00000000 0.00000000 -0.67732975 0.00000000 0.00000000
19.2700 6.08488307 0.00000000 -2.00000000 -1.31961587 0.00000000 0.00000000 -0.66921042 0.00000000 0.00000000
19.2800 6.07165359 0.00000000 -2.00000000 -1.32626720 0.00000000 0.00000000 -0.66104981 0.00000000 0.00000000
19.2900 6.05835800 0.00000000 -2.00000000 -1.33283673 0.00000000 0.00000000 -0.65284842 0.00000000 0.00000000
19.3000 6.04499713 0.00000000 -2.00000000 -1.33932404 0.00000000 0.00000000 -0.64460677 0.00000000 0.00000000
19.3100 6.03157180 0.00000000 -2.00000000 -1.34572873 0.00000000 0.00000000 -0.63632535 0.00000000 0.00000000
19.3200 6.01808283 0.00000000 -2.00000000 -1.35205041 0.00000000 0.00000000 -0.62800467 0.00000000 0.00000000
19.3300 6.00453107 0.00000000 -2.00000000 -1.35828870 0.00000000 0.00000000 -0.61964526 0.00000000 0.00000000
19.3400 5.99091734 0.00000000 -2.00000000 -1.36444319 0.00000000 0.00000000 -0.61124763 0.00000000 0.00000000
19.3500 5.97724248 0.00000000 -2.00000000 -1.37051352 0.00000000 0.00000000 -0.60281229 0.00000000 0.00000000
19.3600 5.96350735 0.00000000 -2.00000000 -1.37649931 0.00000000 0.00000000 -0.59433977 0.00000000 0.00000000
19.3700 5.94971278 0.00000000 -2.00000000 -1.38240020 0.00000000 0.00000000 -0.58583059 0.00000000 0.00000000
19.3800 5.93585963 0.00000000 -2.00000000 -1.38821581 0.00000000 0.00000000 -0.57728527 0.00000000 0.00000000
19.3900 5.92194875 0.00000000 -2.00000000 -1.39394578 0.00000000 0.00000000 -0.56870434 0.00000000 0.00000000
19.4000 5.90798100 0.00000000 -2.00000000 -1.39958978 0.00000000 0.00000000 -0.56008833 0.00000000 0.00000000
19.4100 5.89395724 0.00000000 -2.00000000 -1.40514743 0.00000000 0.00000000 -0.55143777 0.00000000 0.00000000
19.4200 5.87987834 0.00000000 -2.00000000 -1.41061842 0.00000000 0.00000000 -0.54275320 0.00000000 0.00000000
19.4300 5.86574516 0.00000000 -2.00000000 -1.41600239 0.00000000 0.00000000 -0.53403514 0.00000000 0.00000000
19.4400 5.85155858 0.00000000 -2.00000000 -1.42129901 0.00000000 0.00000000 -0.52528415 0.00000000 0.00000000
19.4500 5.83731948 0.00000000 -2.00000000 -1.42650796 0.00000000 0.00000000 -0.51650075 0.00000000 0.00000000
19.4600 5.82302872 0.00000000 -2.00000000 -1.43162892 0.00000000 0.00000000 -0.50768549 0.00000000 0.00000000
19.4700 5.80868719 0.00000000 -2.00000000 -1.43666157 0.00000000 0.00000000 -0.49883892 0.00000000 0.00000000
19.4800 5.79429578 0.00000000 -2.00000000 -1.44160559 0.00000000 0.00000000 -0.48996157 0.00000000 0.00000000
19.4900 5.77985538 0.00000000 -2.00000000 -1.44646070 0.00000000 0.00000000 -0.48105400 0.00000000 0.00000000
19.5000 5.76536686 0.00000000 -2.00000000 -1.45122658 0.00000000 0.00000000 -0.47211676 0.00000000 0.00000000
19.5100 5.75083114 0.00000000 -2.00000000 -1.45590294 0.00000000 0.00000000 -0.46315040 0.00000000 0.00000000
19.5200 5.73624911 0.00000000 -2.00000000 -1.46048949 0.00000000 0.00000000 -0.45415546 0.00000000 0.00000000
19.5300 5.72162165 0.00000000 -2.00000000 -1.46498595 0.00000000 0.00000000 -0.44513252 0.00000000 0.00000000
19.5400 5.70694969 0.00000000 -2.00000000 -1.46939205 0.00000000 0.00000000 -0.43608211 0.00000000 0.00000000
19.5500 5.69223411 0.00000000 -2.00000000 -1.47370750 0.00000000 0.00000000 -0.42700480 0.00000000 0.00000000
19.5600 5.67747584 0.00000000 -2.00000000 -1.47793206 0.00000000 0.00000000 -0.41790116 0.00000000 0.00000000
19.5700 5.66267578 0.00000000 -2.00000000 -1.48206544 0.00000000 0.00000000 -0.40877174 0.00000000 0.00000000
19.5800 5.64783484 0.00000000 -2.00000000 -1.48610741 0.00000000 0.00000000 -0.39961710 0.00000000 0.00000000
19.5900 5.63295393 0.00000000 -2.00000000 -1.49005770 0.00000000 0.00000000 -0.39043781 0.00000000 0.00000000
19.6000 5.61803399 0.00000000 -2.00000000 -1.49391608 0.00000000 0.00000000 -0.38123444 0.00000000 0.00000000
19.6100 5.60307592 0.00000000 -2.00000000 -1.49768231 0.00000000 0.00000000 -0.37200755 0.00000000 0.00000000
19.6200 5.58808065 0.00000000 -2.00000000 -1.50135616 0.00000000 0.00000000 -0.36275771 0.00000000 0.00000000
19.6300 5.57304911 0.00000000 -2.00000000 -1.50493739 0.00000000 0.00000000 -0.35348550 0.00000000 0.00000000
19.6400 5.55798221 0.00000000 -2.00000000 -1.50842579 0.00000000 0.00000000 -0.34419148 0.00000000 0.00000000
19.6500 5.54288090 0.00000000 -2.00000000 -1.51182115 0.00000000 0.00000000 -0.33487623 0.00000000 0.00000000
19.6600 5.52774610 0.00000000 -2.00000000 -1.51512325 0.00000000 0.00000000 -0.32554033 0.00000000 0.00000000
19.6700 5.51257875 0.00000000 -2.00000000 -1.51833189 0.00000000 0.00000000 -0.31618434 0.00000000 0.00000000
19.6800 5.49737977 0.00000000 -2.00000000 -1.52144687 0.00000000 0.00000000 -0.30680885 0.00000000 0.00000000
19.6900 5.48215012 0.00000000 -2.00000000 -1.52446800 0.00000000 0.00000000 -0.29741444 0.00000000 0.00000000
19.7000 5.46689073 0.00000000 -2.00000000 -1.52739510 0.00000000 0.00000000 -0.28800167 0.00000000 0.00000000
19.7100 5.45160253 0.00000000 -2.00000000 -1.53022798 0.00000000 0.00000000 -0.27857115 0.00000000 0.00000000
19.7200 5.43628648 0.00000000 -2.00000000 -1.53296646 0.00000000 0.00000000 -0.26912344 0.00000000 0.00000000
19.7300 5.42094352 0.00000000 -2.00000000 -1.53561039 0.00000000 0.00000000 -0.25965913 0.00000000 0.00000000
19.7400 5.40557459 0.00000000 -2.00000000 -1.53815959 0.00000000 0.00000000 -0.25017880 0.00000000 0.00000000
19.7500 5.39018064 0.00000000 -2.00000000 -1.54061392 0.00000000 0.00000000 -0.24068304 0.00000000 0.00000000
19.7600 5.37476263 0.00000000 -2.00000000 -1.54297321 0.00000000 0.00000000 -0.23117243 0.00000000 0.00000000
19.7700 5.35932150 0.00000000 -2.00000000 -1.54523732 0.00000000 0.00000000 -0.22164756 0.00000000 0.00000000
19.7800 5.34385820 0.00000000 -2.00000000 -1.54740611 0.00000000 0.00000000 -0.21210903 0.00000000 0.00000000
19.7900 5.32837369 0.00000000 -2.00000000 -1.54947945 0.00000000 0.00000000 -0.20255740 0.00000000 0.00000000
19.8000 5.31286893 0.00000000 -2.00000000 -1.55145722 0.00000000 0.00000000 -0.19299329 0.00000000 0.00000000
19.8100 5.29734487 0.00000000 -2.00000000 -1.55333928 0.00000000 0.00000000 -0.18341726 0.00000000 0.00000000
19.8200 5.28180246 0.00000000 -2.00000000 -1.55512552 0.00000000 0.00000000 -0.17382993 0.00000000 0.00000000
19.8300 5.26624268 0.00000000 -2.00000000 -1.55681584 0.00000000 0.00000000 -0.16423187 0.00000000 0.00000000
19.8400 5.25066647 0.00000000 -2.00000000 -1.55841013 0.00000000 0.00000000 -0.15462368 0.00000000 0.00000000
19.8500 5.23507479 0.00000000 -2.00000000 -1.55990828 0.00000000 0.00000000 -0.14500595 0.00000000 0.00000000
19.8600 5.21946862 0.00000000 -2.00000000 -1.56131022 0.00000000 0.00000000 -0.13537928 0.00000000 0.00000000
19.8700 5.20384891 0.00000000 -2.00000000 -1.56261584 0.00000000 0.00000000 -0.12574426 0.00000000 0.00000000
19.8800 5.18821663 0.00000000 -2.00000000 -1.56382508 0.00000000 0.00000000 -0.11610148 0.00000000 0.00000000
19.8900 5.17257273 0.00000000 -2.00000000 -1.56493785 0.00000000 0.00000000 -0.10645154 0.00000000 0.00000000
19.9000 5.15691819 0.00000000 -2.00000000 -1.56595409 0.00000000 0.00000000 -0.09679503 0.00000000 0.00000000
19.9100 5.14125397 0.00000000 -2.00000000 -1.56687373 0.00000000 0.00000000 -0.08713255 0.00000000 0.00000000
19.9200 5.12558104 0.00000000 -2.00000000 -1.56769672 0.00000000 0.00000000 -0.07746470 0.00000000 0.00000000
19.9300 5.10990036 0.00000000 -2.00000000 -1.56842301 0.00000000 0.00000000 -0.06779207 0.00000000 0.00000000
19.9400 5.09421290 0.00000000 -2.00000000 -1.56905255 0.00000000 0.00000000 -0.05811525 0.00000000 0.00000000
19.9500 5.07851963 0.00000000 -2.00000000 -1.56958530 0.00000000 0.00000000 -0.04843486 0.00000000 0.00000000
19.9600 5.06282152 0.00000000 -2.00000000 -1.57002123 0.00000000 0.00000000 -0.03875147 0.00000000 0.00000000
19.9700 5.04711953 0.00000000 -2.00000000 -1.57036032 0.00000000 0.00000000 -0.02906569 0.00000000 0.00000000
19.9800 5.03141463 0.00000000 -2.00000000 -1.57060254 0.00000000 0.00000000 -0.01937813 0.00000000 0.00000000
19.9900 5.01570780 0.00000000 -2.00000000 -1.57074788 0.00000000 0.00000000 -0.00968936 0.00000000 0.00000000
20.0000 5.00000000 0.00000000 -2.00000000 -1.57079633 0.00000000 0.00000000 -0.00000000 0.00000000 0.00000000
20.0100 4.98429220 0.00000000 -2.00000000 -1.57074788 0.00000000 0.00000000 0.00968936 0.00000000 0.00000000
20.0200 4.96858537 0.00000000 -2.00000000 -1.57060254 0.00000000 0.00000000 0.01937813 0.00000000 0.00000000
20.0300 4.95288047 0.00000000 -2.00000000 -1.57036032 0.00000000 0.00000000 0.02906569 0.00000000 0.00000000
20.0400 4.93717848 0.00000000 -2.00000000 -1.57002123 0.00000000 0.00000000 0.03875147 0.00000000 0.00000000
20.0500 4.92148037 0.00000000 -2.00000000 -1.56958530 0.00000000 0.00000000 0.04843486 0.00000000 0.00000000
20.0600 4.90578710 0.00000000 -2.00000000 -1.56905255 0.00000000 0.00000000 0.05811525 0.00000000 0.00000000
20.0700 4.89009964 0.00000000 -2.00000000 -1.56842301 0.00000000 0.00000000 0.06779207 0.00000000 0.00000000
20.0800 4.87441896 0.00000000 -2.00000000 -1.56769672 0.00000000 0.00000000 0.07746470 0.00000000 0.00000000
20.0900 4.85874603 0.00000000 -2.00000000 -1.56687373 0.00000000 0.00000000 0.08713255 0.00000000 0.00000000
20.1000 4.84308181 0.00000000 -2.00000000 -1.56595409 0.00000000 0.00000000 0.09679503 0.00000000 0.00000000
20.1100 4.82742727 0.00000000 -2.00000000 -1.56493785 0.00000000 0.00000000 0.10645154 0.00000000 0.00000000
20.1200 4.81178337 0.00000000 -2.00000000 -1.56382508 0.00000000 0.00000000 0.11610148 0.00000000 0.00000000
20.1300 4.79615109 0.00000000 -2.00000000 -1.56261584 0.00000000 0.00000000 0.12574426 0.00000000 0.00000000
20.1400 4.78053138 0.00000000 -2.00000000 -1.56131022 0.00000000 0.00000000 0.13537928 0.00000000 0.00000000
20.1500 4.76492521 0.00000000 -2.00000000 -1.55990828 0.00000000 0.00000000 0.14500595 0.00000000 0.00000000
20.1600 4.74933353 0.00000000 -2.00000000 -1.55841013 0.00000000 0.00000000 0.15462368 0.00000000 0.00000000
20.1700 4.73375732 0.00000000 -2.00000000 -1.55681584 0.00000000 0.00000000 0.16423187 0.00000000 0.00000000
20.1800 4.71819754 0.00000000 -2.00000000 -1.55512552 0.00000000 0.00000000 0.17382993 0.00000000 0.00000000
20.1900 4.70265513 0.00000000 -2.00000000 -1.55333928 0.00000000 0.00000000 0.18341726 0.00000000 0.00000000
20.2000 4.68713107 0.00000000 -2.00000000 -1.55145722 0.00000000 0.00000000 0.19299329 0.00000000 0.00000000
20.2100 4.67162631 0.00000000 -2.00000000 -1.54947945 0.00000000 0.00000000 0.20255740 0.00000000 0.00000000
20.2200 4.65614180 0.00000000 -2.00000000 -1.54740611 0.00000000 0.00000000 0.21210903 0.00000000 0.00000000
20.2300 4.64067850 0.00000000 -2.00000000 -1.54523732 0.00000000 0.00000000 0.22164756 0.00000000 0.00000000
20.2400 4.62523737 0.00000000 -2.00000000 -1.54297321 0.00000000 0.00000000 0.23117243 0.00000000 0.00000000
20.2500 4.60981936 0.00000000 -2.00000000 -1.54061392 0.00000000 0.00000000 0.24068304 0.00000000 0.00000000
20.2600 4.59442541 0.00000000 -2.00000000 -1.53815959 0.00000000 0.00000000 0.25017880 0.00000000 0.00000000
20.2700 4.57905648 0.00000000 -2.00000000 -1.53561039 0.00000000 0.00000000 0.25965913 0.00000000 0.00000000
20.2800 4.56371352 0.00000000 -2.00000000 -1.53296646 0.00000000 0.00000000 0.26912344 0.00000000 0.00000000
20.2900 4.54839747 0.00000000 -2.00000000 -1.53022798 0.00000000 0.00000000 0.27857115 0.00000000 0.00000000
20.3000 4.53310927 0.00000000 -2.00000000 -1.52739510 0.00000000 0.00000000 0.28800167 0.00000000 0.00000000
20.3100 4.51784988 0.00000000 -2.00000000 -1.52446800 0.00000000 0.00000000 0.29741444 0.00000000 0.00000000
20.3200 4.50262023 0.00000000 -2.00000000 -1.52144687 0.00000000 0.00000000 0.30680885 0.00000000 0.00000000
20.3300 4.48742125 0.00000000 -2.00000000 -1.51833189 0.00000000 0.00000000 0.31618434 0.00000000 0.00000000
20.3400 4.47225390 0.00000000 -2.00000000 -1.51512325 0.00000000 0.00000000 0.32554033 0.00000000 0.00000000
20.3500 4.45711910 0.00000000 -2.00000000 -1.51182115 0.00000000 0.00000000 0.33487623 0.00000000 0.00000000
20.3600 4.44201779 0.00000000 -2.00000000 -1.50842579 0.00000000 0.00000000 0.34419148 0.00000000 0.00000000
20.3700 4.42695089 0.00000000 -2.00000000 -1.50493739 0.00000000 0.00000000 0.35348550 0.00000000 0.00000000
20.3800 4.41191935 0.00000000 -2.00000000 -1.50135616 0.00000000 0.00000000 0.36275771 0.00000000 0.00000000
20.3900 4.39692408 0.00000000 -2.00000000 -1.49768231 0.00000000 0.00000000 0.37200755 0.00000000 0.00000000
20.4000 4.38196601 0.00000000 -2.00000000 -1.49391608 0.00000000 0.00000000 0.38123444 0.00000000 0.00000000
20.4100 4.36704607 0.00000000 -2.00000000 -1.49005770 0.00000000 0.00000000 0.39043781 0.00000000 0.00000000
20.4200 4.35216516 0.00000000 -2.00000000 -1.48610741 0.00000000 0.00000000 0.39961710 0.00000000 0.00000000
20.4300 4.33732422 0.00000000 -2.00000000 -1.48206544 0.00000000 0.00000000 0.40877174 0.00000000 0.00000000
20.4400 4.32252416 0.00000000 -2.00000000 -1.47793206 0.00000000 0.00000000 0.41790116 0.00000000 0.00000000
20.4500 4.30776589 0.00000000 -2.00000000 -1.47370750 0.00000000 0.00000000 0.42700480 0.00000000 0.00000000
20.4600 4.29305031 0.00000000 -2.00000000 -1.46939205 0.00000000 0.00000000 0.43608211 0.00000000 0.00000000
20.4700 4.27837835 0.00000000 -2.00000000 -1.46498595 0.00000000 0.00000000 0.44513252 0.00000000 0.00000000
20.4800 4.26375089 0.00000000 -2.00000000 -1.46048949 0.00000000 0.00000000 0.45415546 0.00000000 0.00000000
20.4900 4.24916886 0.00000000 -2.00000000 -1.45590294 0.00000000 0.00000000 0.46315040 0.00000000 0.00000000
20.5000 4.23463314 0.00000000 -2.00000000 -1.45122658 0.00000000 0.00000000 0.47211676 0.00000000 0.00000000
20.5100 4.22014462 0.00000000 -2.00000000 -1.44646070 0.00000000 0.00000000 0.48105400 0.00000000 0.00000000
20.5200 4.20570422 0.00000000 -2.00000000 -1.44160559 0.00000000 0.00000000 0.48996157 0.00000000 0.00000000
20.5300 4.19131281 0.00000000 -2.00000000 -1.43666157 0.00000000 0.00000000 0.49883892 0.00000000 0.00000000
20.5400 4.17697128 0.00000000 -2.00000000 -1.43162892 0.00000000 0.00000000 0.50768549 0.00000000 0.00000000
20.5500 4.16268052 0.00000000 -2.00000000 -1.42650796 0.00000000 0.00000000 0.51650075 0.00000000 0.00000000
20.5600 4.14844142 0.00000000 -2.00000000 -1.42129901 0.00000000 0.00000000 0.52528415 0.00000000 0.00000000
20.5700 4.13425484 0.00000000 -2.00000000 -1.41600239 0.00000000 0.00000000 0.53403514 0.00000000 0.00000000
20.5800 4.12012166 0.00000000 -2.00000000 -1.41061842 0.00000000 0.00000000 0.54275320 0.00000000 0.00000000
20.5900 4.10604276 0.00000000 -2.00000000 -1.40514743 0.00000000 0.00000000 0.55143777 0.00000000 0.00000000
20.6000 4.09201900 0.00000000 -2.00000000 -1.39958978 0.00000000 0.00000000 0.56008833 0.00000000 0.00000000
20.6100 4.07805125 0.00000000 -2.00000000 -1.39394578 0.00000000 0.00000000 0.56870434 0.00000000 0.00000000
20.6200 4.06414037 0.00000000 -2.00000000 -1.38821581 0.00000000 0.00000000 0.57728527 0.00000000 0.00000000
20.6300 4.05028722 0.00000000 -2.00000000 -1.38240020 0.00000000 0.00000000 0.58583059 0.00000000 0.00000000
20.6400 4.03649265 0.00000000 -2.00000000 -1.37649931 0.00000000 0.00000000 0.59433977 0.00000000 0.00000000
20.6500 4.02275752 0.00000000 -2.00000000 -1.37051352 0.00000000 0.00000000 0.60281229 0.00000000 0.00000000
20.6600 4.00908266 0.00000000 -2.00000000 -1.36444319 0.00000000 0.00000000 0.61124763 0.00000000 0.00000000
20.6700 3.99546893 0.00000000 -2.00000000 -1.35828870 0.00000000 0.00000000 0.61964526 0.00000000 0.00000000
20.6800 3.98191717 0.00000000 -2.00000000 -1.35205041 0.00000000 0.00000000 0.62800467 0.00000000 0.00000000
20.6900 3.96842820 0.00000000 -2.00000000 -1.34572873 0.00000000 0.00000000 0.63632535 0.00000000 0.00000000
20.7000 3.95500287 0.00000000 -2.00000000 -1.33932404 0.00000000 0.00000000 0.64460677 0.00000000 0.00000000
20.7100 3.94164200 0.00000000 -2.00000000 -1.33283673 0.00000000 0.00000000 0.65284842 0.00000000 0.00000000
20.7200 3.92834641 0.00000000 -2.00000000 -1.32626720 0.00000000 0.00000000 0.66104981 0.00000000 0.00000000
20.7300 3.91511693 0.00000000 -2.00000000 -1.31961587 0.00000000 0.00000000 0.66921042 0.00000000 0.00000000
20.7400 3.90195436 0.00000000 -2.00000000 -1.31288313 0.00000000 0.00000000 0.67732975 0.00000000 0.00000000
20.7500 3.88885953 0.00000000 -2.00000000 -1.30606941 0.00000000 0.00000000 0.68540730 0.00000000 0.00000000
20.7600 3.87583324 0.00000000 -2.00000000 -1.29917513 0.00000000 0.00000000 0.69344257 0.00000000 0.00000000
20.7700 3.86287630 0.00000000 -2.00000000 -1.29220070 0.00000000 0.00000000 0.70143507 0.00000000 0.00000000
20.7800 3.84998950 0.00000000 -2.00000000 -1.28514657 0.00000000 0.00000000 0.70938430 0.00000000 0.00000000
20.7900 3.83717363 0.00000000 -2.00000000 -1.27801316 0.00000000 0.00000000 0.71728977 0.00000000 0.00000000
20.8000 3.82442950 0.00000000 -2.00000000 -1.27080092 0.00000000 0.00000000 0.72515099 0.00000000 0.00000000
20.8100 3.81175787 0.00000000 -2.00000000 -1.26351029 0.00000000 0.00000000 0.73296748 0.00000000 0.00000000
20.8200 3.79915955 0.00000000 -2.00000000 -1.25614172 0.00000000 0.00000000 0.74073876 0.00000000 0.00000000
20.8300 3.78663530 0.00000000 -2.00000000 -1.24869567 0.00000000 0.00000000 0.74846435 0.00000000 0.00000000
20.8400 3.77418589 0.00000000 -2.00000000 -1.24117259 0.00000000 0.00000000 0.75614377 0.00000000 0.00000000
20.8500 3.76181210 0.00000000 -2.00000000 -1.23357295 0.00000000 0.00000000 0.76377655 0.00000000 0.00000000
20.8600 3.74951469 0.00000000 -2.00000000 -1.22589722 0.00000000 0.00000000 0.77136221 0.00000000 0.00000000
20.8700 3.73729441 0.00000000 -2.00000000 -1.21814586 0.00000000 0.00000000 0.77890029 0.00000000 0.00000000
20.8800 3.72515202 0.00000000 -2.00000000 -1.21031937 0.00000000 0.00000000 0.78639033 0.00000000 0.00000000
20.8900 3.71308827 0.00000000 -2.00000000 -1.20241822 0.00000000 0.00000000 0.79383185 0.00000000 0.00000000
20.9000 3.70110390 0.00000000 -2.00000000 -1.19444290 0.00000000 0.00000000 0.80122441 0.00000000 0.00000000
20.9100 3.68919966 0.00000000 -2.00000000 -1.18639390 0.00000000 0.00000000 0.80856755 0.00000000 0.00000000
20.9200 3.67737627 0.00000000 -2.00000000 -1.17827171 0.00000000 0.00000000 0.81586081 0.00000000 0.00000000
20.9300 3.66563447 0.00000000 -2.00000000 -1.17007685 0.00000000 0.00000000 0.82310375 0.00000000 0.00000000
20.9400 3.65397497 0.00000000 -2.00000000 -1.16180981 0.00000000 0.00000000 0.83029591 0.00000000 0.00000000
20.9500 3.64239851 0.00000000 -2.00000000 -1.15347110 0.00000000 0.00000000 0.83743685 0.00000000 0.00000000
20.9600 3.63090579 0.00000000 -2.00000000 -1.14506124 0.00000000 0.00000000 0.84452614 0.00000000 0.00000000
20.9700 3.61949752 0.00000000 -2.00000000 -1.13658075 0.00000000 0.00000000 0.85156333 0.00000000 0.00000000
20.9800 3.60817441 0.00000000 -2.00000000 -1.12803015 0.00000000 0.00000000 0.85854800 0.00000000 0.00000000
20.9900 3.59693715 0.00000000 -2.00000000 -1.11940997 0.00000000 0.00000000 0.86547971 0.00000000 0.00000000
21.0000 3.58578644 0.00000000 -2.00000000 -1.11072073 0.00000000 0.00000000 0.87235802 0.00000000 0.00000000
21.0100 3.57472296 0.00000000 -2.00000000 -1.10196299 0.00000000 0.00000000 0.87918253 0.00000000 0.00000000
21.0200 3.56374740 0.00000000 -2.00000000 -1.09313726 0.00000000 0.00000000 0.88595281 0.00000000 0.00000000
21.0300 3.55286044 0.00000000 -2.00000000 -1.08424411 0.00000000 0.00000000 0.89266843 0.00000000 0.00000000
21.0400 3.54206275 0.00000000 -2.00000000 -1.07528408 0.00000000 0.00000000 0.89932900 0.00000000 0.00000000
21.0500 3.53135498 0.00000000 -2.00000000 -1.06625772 0.00000000 0.00000000 0.90593408 0.00000000 0.00000000
21.0600 3.52073781 0.00000000 -2.00000000 -1.05716558 0.00000000 0.00000000 0.91248329 0.00000000 0.00000000
21.0700 3.51021189 0.00000000 -2.00000000 -1.04800824 0.00000000 0.00000000 0.91897621 0.00000000 0.00000000
21.0800 3.49977786 0.00000000 -2.00000000 -1.03878625 0.00000000 0.00000000 0.92541244 0.00000000 0.00000000
21.0900 3.48943638 0.00000000 -2.00000000 -1.02950018 0.00000000 0.00000000 0.93179159 0.00000000 0.00000000
21.1000 3.47918807 0.00000000 -2.00000000 -1.02015061 0.00000000 0.00000000 0.93811326 0.00000000 0.00000000
21.1100 3.46903357 0.00000000 -2.00000000 -1.01073811 0.00000000 0.00000000 0.94437706 0.00000000 0.00000000
21.1200 3.45897351 0.00000000 -2.00000000 -1.00126326 0.00000000 0.00000000 0.95058261 0.00000000 0.00000000
21.1300 3.44900851 0.00000000 -2.00000000 -0.99172665 0.00000000 0.00000000 0.95672952 0.00000000 0.00000000
21.1400 3.43913919 0.00000000 -2.00000000 -0.98212887 0.00000000 0.00000000 0.96281742 0.00000000 0.00000000
21.1500 3.42936614 0.00000000 -2.00000000 -0.97247050 0.00000000 0.00000000 0.96884593 0.00000000 0.00000000
21.1600 3.41968998 0.00000000 -2.00000000 -0.96275215 0.00000000 0.00000000 0.97481467 0.00000000 0.00000000
21.1700 3.41011129 0.00000000 -2.00000000 -0.95297441 0.00000000 0.00000000 0.98072329 0.00000000 0.00000000
21.1800 3.40063068 0.00000000 -2.00000000 -0.94313788 0.00000000 0.00000000 0.98657140 0.00000000 0.00000000
21.1900 3.39124873 0.00000000 -2.00000000 -0.93324318 0.00000000 0.00000000 0.99235866 0.00000000 0.00000000
21.2000 3.38196601 0.00000000 -2.00000000 -0.92329092 0.00000000 0.00000000 0.99808471 0.00000000 0.00000000
21.2100 3.37278310 0.00000000 -2.00000000 -0.91328169 0.00000000 0.00000000 1.00374919 0.00000000 0.00000000
21.2200 3.36370057 0.00000000 -2.00000000 -0.90321614 0.00000000 0.00000000 1.00935176 0.00000000 0.00000000
21.2300 3.35471896 0.00000000 -2.00000000 -0.89309487 0.00000000 0.00000000 1.01489206 0.00000000 0.00000000
21.2400 3.34583885 0.00000000 -2.00000000 -0.88291851 0.00000000 0.00000000 1.02036976 0.00000000 0.00000000
21.2500 3.33706078 0.00000000 -2.00000000 -0.87268768 0.00000000 0.00000000 1.02578452 0.00000000 0.00000000
21.2600 3.32838528 0.00000000 -2.00000000 -0.86240303 0.00000000 0.00000000 1.03113600 0.00000000 0.00000000
21.2700 3.31981289 0.00000000 -2.00000000 -0.85206517 0.00000000 0.00000000 1.03642388 0.00000000 0.00000000
21.2800 3.31134415 0.00000000 -2.00000000 -0.84167476 0.00000000 0.00000000 1.04164783 0.00000000 0.00000000
21.2900 3.30297957 0.00000000 -2.00000000 -0.83123243 0.00000000 0.00000000 1.04680752 0.00000000 0.00000000
21.3000 3.29471967 0.00000000 -2.00000000 -0.82073883 0.00000000 0.00000000 1.05190264 0.00000000 0.00000000
21.3100 3.28656496 0.00000000 -2.00000000 -0.81019459 0.00000000 0.00000000 1.05693287 0.00000000 0.00000000
21.3200 3.27851595 0.00000000 -2.00000000 -0.79960039 0.00000000 0.00000000 1.06189791 0.00000000 0.00000000
21.3300 3.27057312 0.00000000 -2.00000000 -0.78895685 0.00000000 0.00000000 1.06679745 0.00000000 0.00000000
21.3400 3.26273697 0.00000000 -2.00000000 -0.77826466 0.00000000 0.00000000 1.07163118 0.00000000 0.00000000
21.3500 3.25500799 0.00000000 -2.00000000 -0.76752445 0.00000000 0.00000000 1.07639880 0.00000000 0.00000000
21.3600 3.24738664 0.00000000 -2.00000000 -0.75673690 0.00000000 0.00000000 1.08110003 0.00000000 0.00000000
21.3700 3.23987340 0.00000000 -2.00000000 -0.74590267 0.00000000 0.00000000 1.08573458 0.00000000 0.00000000
21.3800 3.23246874 0.00000000 -2.00000000 -0.73502243 0.00000000 0.00000000 1.09030214 0.00000000 0.00000000
21.3900 3.22517311 0.00000000 -2.00000000 -0.72409685 0.00000000 0.00000000 1.09480246 0.00000000 0.00000000
21.4000 3.21798695 0.00000000 -2.00000000 -0.71312661 0.00000000 0.00000000 1.09923524 0.00000000 0.00000000
21.4100 3.21091072 0.00000000 -2.00000000 -0.70211238 0.00000000 0.00000000 1.10360021 0.00000000 0.00000000
21.4200 3.20394485 0.00000000 -2.00000000 -0.69105483 0.00000000 0.00000000 1.10789711 0.00000000 0.00000000
21.4300 3.19708977 0.00000000 -2.00000000 -0.67995466 0.00000000 0.00000000 1.11212567 0.00000000 0.00000000
21.4400 3.19034590 0.00000000 -2.00000000 -0.66881255 0.00000000 0.00000000 1.11628563 0.00000000 0.00000000
21.4500 3.18371365 0.00000000 -2.00000000 -0.65762918 0.00000000 0.00000000 1.12037673 0.00000000 0.00000000
21.4600 3.17719345 0.00000000 -2.00000000 -0.64640524 0.00000000 0.00000000 1.12439872 0.00000000 0.00000000
21.4700 3.17078568 0.00000000 -2.00000000 -0.63514143 0.00000000 0.00000000 1.12835136 0.00000000 0.00000000
21.4800 3.16449075 0.00000000 -2.00000000 -0.62383845 0.00000000 0.00000000 1.13223439 0.00000000 0.00000000
21.4900 3.15830904 0.00000000 -2.00000000 -0.61249698 0.00000000 0.00000000 1.13604758 0.00000000 0.00000000
21.5000 3.15224093 0.00000000 -2.00000000 -0.60111773 0.00000000 0.00000000 1.13979069 0.00000000 0.00000000
21.5100 3.14628681 0.00000000 -2.00000000 -0.58970140 0.00000000 0.00000000 1.14346349 0.00000000 0.00000000
21.5200 3.14044703 0.00000000 -2.00000000 -0.57824870 0.00000000 0.00000000 1.14706576 0.00000000 0.00000000
21.5300 3.13472195 0.00000000 -2.00000000 -0.56676032 0.00000000 0.00000000 1.15059728 0.00000000 0.00000000
21.5400 3.12911194 0.00000000 -2.00000000 -0.55523699 0.00000000 0.00000000 1.15405782 0.00000000 0.00000000
21.5500 3.12361733 0.00000000 -2.00000000 -0.54367940 0.00000000 0.00000000 1.15744717 0.00000000 0.00000000
21.5600 3.11823846 0.00000000 -2.00000000 -0.53208828 0.00000000 0.00000000 1.16076512 0.00000000 0.00000000
21.5700 3.11297567 0.00000000 -2.00000000 -0.52046434 0.00000000 0.00000000 1.16401148 0.00000000 0.00000000
21.5800 3.10782928 0.00000000 -2.00000000 -0.50880829 0.00000000 0.00000000 1.16718603 0.00000000 0.00000000
21.5900 3.10279961 0.00000000 -2.00000000 -0.49712086 0.00000000 0.00000000 1.17028858 0.00000000 0.00000000
21.6000 3.09788697 0.00000000 -2.00000000 -0.48540276 0.00000000 0.00000000 1.17331895 0.00000000 0.00000000
21.6100 3.09309166 0.00000000 -2.00000000 -0.47365472 0.00000000 0.00000000 1.17627694 0.00000000 0.00000000
21.6200 3.08841397 0.00000000 -2.00000000 -0.46187746 0.00000000 0.00000000 1.17916237 0.00000000 0.00000000
21.6300 3.08385420 0.00000000 -2.00000000 -0.45007171 0.00000000 0.00000000 1.18197506 0.00000000 0.00000000
21.6400 3.07941263 0.00000000 -2.00000000 -0.43823820 0.00000000 0.00000000 1.18471485 0.00000000 0.00000000
21.6500 3.07508953 0.00000000 -2.00000000 -0.42637766 0.00000000 0.00000000 1.18738155 0.00000000 0.00000000
21.6600 3.07088516 0.00000000 -2.00000000 -0.41449082 0.00000000 0.00000000 1.18997502 0.00000000 0.00000000
21.6700 3.06679980 0.00000000 -2.00000000 -0.40257841 0.00000000 0.00000000 1.19249508 0.00000000 0.00000000
21.6800 3.06283368 0.00000000 -2.00000000 -0.39064116 0.00000000 0.00000000 1.19494158 0.00000000 0.00000000
21.6900 3.05898705 0.00000000 -2.00000000 -0.37867982 0.00000000 0.00000000 1.19731437 0.00000000 0.00000000
21.7000 3.05526016 0.00000000 -2.00000000 -0.36669512 0.00000000 0.00000000 1.19961331 0.00000000 0.00000000
21.7100 3.05165323 0.00000000 -2.00000000 -0.35468780 0.00000000 0.00000000 1.20183824 0.00000000 0.00000000
21.7200 3.04816648 0.00000000 -2.00000000 -0.34265860 0.00000000 0.00000000 1.20398905 0.00000000 0.00000000
21.7300 3.04480012 0.00000000 -2.00000000 -0.33060827 0.00000000 0.00000000 1.20606558 0.00000000 0.00000000
21.7400 3.04155438 0.00000000 -2.00000000 -0.31853754 0.00000000 0.00000000 1.20806772 0.00000000 0.00000000
21.7500 3.03842944 0.00000000 -2.00000000 -0.30644716 0.00000000 0.00000000 1.20999534 0.00000000 0.00000000
21.7600 3.03542550 0.00000000 -2.00000000 -0.29433788 0.00000000 0.00000000 1.21184832 0.00000000 0.00000000
21.7700 3.03254274 0.00000000 -2.00000000 -0.28221044 0.00000000 0.00000000 1.21362655 0.00000000 0.00000000
21.7800 3.02978135 0.00000000 -2.00000000 -0.27006560 0.00000000 0.00000000 1.21532992 0.00000000 0.00000000
21.7900 3.02714149 0.00000000 -2.00000000 -0.25790410 0.00000000 0.00000000 1.21695832 0.00000000 0.00000000
21.8000 3.02462332 0.00000000 -2.00000000 -0.24572668 0.00000000 0.00000000 1.21851165 0.00000000 0.00000000
21.8100 3.02222700 0.00000000 -2.00000000 -0.23353411 0.00000000 0.00000000 1.21998982 0.00000000 0.00000000
21.8200 3.01995268 0.00000000 -2.00000000 -0.22132714 0.00000000 0.00000000 1.22139273 0.00000000 0.00000000
21.8300 3.01780051 0.00000000 -2.00000000 -0.20910651 0.00000000 0.00000000 1.22272030 0.00000000 0.00000000
21.8400 3.01577060 0.00000000 -2.00000000 -0.19687298 0.00000000 0.00000000 1.22397245 0.00000000 0.00000000
21.8500 3.01386309 0.00000000 -2.00000000 -0.18462731 0.00000000 0.00000000 1.22514910 0.00000000 0.00000000
21.8600 3.01207809 0.00000000 -2.00000000 -0.17237025 0.00000000 0.00000000 1.22625018 0.00000000 0.00000000
21.8700 3.01041572 0.00000000 -2.00000000 -0.16010256 0.00000000 0.00000000 1.22727561 0.00000000 0.00000000
21.8800 3.00887607 0.00000000 -2.00000000 -0.14782499 0.00000000 0.00000000 1.22822534 0.00000000 0.00000000
21.8900 3.00745925 0.00000000 -2.00000000 -0.13553831 0.00000000 0.00000000 1.22909931 0.00000000 0.00000000
21.9000 3.00616533 0.00000000 -2.00000000 -0.12324326 0.00000000 0.00000000 1.22989746 0.00000000 0.00000000
21.9100 3.00499441 0.00000000 -2.00000000 -0.11094061 0.00000000 0.00000000 1.23061975 0.00000000 0.00000000
21.9200 3.00394654 0.00000000 -2.00000000 -0.09863112 0.00000000 0.00000000 1.23126612 0.00000000 0.00000000
21.9300 3.00302181 0.00000000 -2.00000000 -0.08631554 0.00000000 0.00000000 1.23183655 0.00000000 0.00000000
21.9400 3.00222025 0.00000000 -2.00000000 -0.07399464 0.00000000 0.00000000 1.23233099 0.00000000 0.00000000
21.9500 3.00154193 0.00000000 -2.00000000 -0.06166917 0.00000000 0.00000000 1.23274941 0.00000000 0.00000000
21.9600 3.00098688 0.00000000 -2.00000000 -0.04933990 0.00000000 0.00000000 1.23309179 0.00000000 0.00000000
21.9700 3.00055514 0.00000000 -2.00000000 -0.03700759 0.00000000 0.00000000 1.23335811 0.00000000 0.00000000
21.9800 3.00024674 0.00000000 -2.00000000 -0.02467300 0.00000000 0.00000000 1.23354835 0.00000000 0.00000000
21.9900 3.00006168 0.00000000 -2.00000000 -0.01233688 0.00000000 0.00000000 1.23366250 0.00000000 0.00000000
22.0000 3.00000000 0.00000000 -2.00000000 -0.00000000 0.00000000 0.00000000 1.23370055 0.00000000 0.00000000
22.0100 3.00006168 0.00000000 -2.00000000 0.01233688 0.00000000 0.00000000 1.23366250 0.00000000 0.00000000
22.0200 3.00024674 0.00000000 -2.00000000 0.02467300 0.00000000 0.00000000 1.23354835 0.00000000 0.00000000
22.0300 3.00055514 0.00000000 -2.00000000 0.03700759 0.00000000 0.00000000 1.23335811 0.00000000 0.00000000
22.0400 3.00098688 0.00000000 -2.00000000 0.04933990 0.00000000 0.00000000 1.23309179 0.00000000 0.00000000
22.0500 3.00154193 0.00000000 -2.00000000 0.06166917 0.00000000 0.00000000 1.23274941 0.00000000 0.00000000
22.0600 3.00222025 0.00000000 -2.00000000 0.07399464 0.00000000 0.00000000 1.23233099 0.00000000 0.00000000
22.0700 3.00302181 0.00000000 -2.00000000 0.08631554 0.00000000 0.00000000 1.23183655 0.00000000 0.00000000
22.0800 3.00394654 0.00000000 -2.00000000 0.09863112 0.00000000 0.00000000 1.23126612 0.00000000 0.00000000
22.0900 3.00499441 0.00000000 -2.00000000 0.11094061 0.00000000 0.00000000 1.23061975 0.00000000 0.00000000
22.1000 3.00616533 0.00000000 -2.00000000 0.12324326 0.00000000 0.00000000 1.22989746 0.00000000 0.00000000
22.1100 3.00745925 0.00000000 -2.00000000 0.13553831 0.00000000 0.00000000 1.22909931 0.00000000 0.00000000
22.1200 3.00887607 0.00000000 -2.00000000 0.14782499 0.00000000 0.00000000 1.22822534 0.00000000 0.00000000
22.1300 3.01041572 0.00000000 -2.00000000 0.16010256 0.00000000 0.00000000 1.22727561 0.00000000 0.00000000
22.1400 3.01207809 0.00000000 -2.00000000 0.17237025 0.00000000 0.00000000 1.22625018 0.00000000 0.00000000
22.1500 3.01386309 0.00000000 -2.00000000 0.18462731 0.00000000 0.00000000 1.22514910 0.00000000 0.00000000
22.1600 3.01577060 0.00000000 -2.00000000 0.19687298 0.00000000 0.00000000 1.22397245 0.00000000 0.00000000
22.1700 3.01780051 0.00000000 -2.00000000 0.20910651 0.00000000 0.00000000 1.22272030 0.00000000 0.00000000
22.1800 3.01995268 0.00000000 -2.00000000 0.22132714 0.00000000 0.00000000 1.22139273 0.00000000 0.00000000
22.1900 3.02222700 0.00000000 -2.00000000 0.23353411 0.00000000 0.00000000 1.21998982 0.00000000 0.00000000
22.2000 3.02462332 0.00000000 -2.00000000 0.24572668 0.00000000 0.00000000 1.21851165 0.00000000 0.00000000
22.2100 3.02714149 0.00000000 -2.00000000 0.25790410 0.00000000 0.00000000 1.21695832 0.00000000 0.00000000
22.2200 3.02978135 0.00000000 -2.00000000 0.27006560 0.00000000 0.00000000 1.21532992 0.00000000 0.00000000
22.2300 3.03254274 0.00000000 -2.00000000 0.28221044 0.00000000 0.00000000 1.21362655 0.00000000 0.00000000
22.2400 3.03542550 0.00000000 -2.00000000 0.29433788 0.00000000 0.00000000 1.21184832 0.00000000 0.00000000
22.2500 3.03842944 0.00000000 -2.00000000 0.30644716 0.00000000 0.00000000 1.20999534 0.00000000 0.00000000
22.2600 3.04155438 0.00000000 -2.00000000 0.31853754 0.00000000 0.00000000 1.20806772 0.00000000 0.00000000
22.2700 3.04480012 0.00000000 -2.00000000 0.33060827 0.00000000 0.00000000 1.20606558 0.00000000 0.00000000
22.2800 3.04816648 0.00000000 -2.00000000 0.34265860 0.00000000 0.00000000 1.20398905 0.00000000 0.00000000
22.2900 3.05165323 0.00000000 -2.00000000 0.35468780 0.00000000 0.00000000 1.20183824 0.00000000 0.00000000
22.3000 3.05526016 0.00000000 -2.00000000 0.36669512 0.00000000 0.00000000 1.19961331 0.00000000 0.00000000
22.3100 3.05898705 0.00000000 -2.00000000 0.37867982 0.00000000 0.00000000 1.19731437 0.00000000 0.00000000
22.3200 3.06283368 0.00000000 -2.00000000 0.39064116 0.00000000 0.00000000 1.19494158 0.00000000 0.00000000
22.3300 3.06679980 0.00000000 -2.00000000 0.40257841 0.00000000 0.00000000 1.19249508 0.00000000 0.00000000
22.3400 3.07088516 0.00000000 -2.00000000 0.41449082 0.00000000 0.00000000 1.18997502 0.00000000 0.00000000
22.3500 3.07508953 0.00000000 -2.00000000 0.42637766 0.00000000 0.00000000 1.18738155 0.00000000 0.00000000
22.3600 3.07941263 0.00000000 -2.00000000 0.43823820 0.00000000 0.00000000 1.18471485 0.00000000 0.00000000
22.3700 3.08385420 0.00000000 -2.00000000 0.45007171 0.00000000 0.00000000 1.18197506 0.00000000 0.00000000
22.3800 3.08841397 0.00000000 -2.00000000 0.46187746 0.00000000 0.00000000 1.17916237 0.00000000 0.00000000
22.3900 3.09309166 0.00000000 -2.00000000 0.47365472 0.00000000 0.00000000 1.17627694 0.00000000 0.00000000
22.4000 3.09788697 0.00000000 -2.00000000 0.48540276 0.00000000 0.00000000 1.17331895 0.00000000 0.00000000
22.4100 3.10279961 0.00000000 -2.00000000 0.49712086 0.00000000 0.00000000 1.17028858 0.00000000 0.00000000
22.4200 3.10782928 0.00000000 -2.00000000 0.50880829 0.00000000 0.00000000 1.16718603 0.00000000 0.00000000
22.4300 3.11297567 0.00000000 -2.00000000 0.52046434 0.00000000 0.00000000 1.16401148 0.00000000 0.00000000
22.4400 3.11823846 0.00000000 -2.00000000 0.53208828 0.00000000 0.00000000 1.16076512 0.00000000 0.00000000
22.4500 3.12361733 0.00000000 -2.00000000 0.54367940 0.00000000 0.00000000 1.15744717 0.00000000 0.00000000
22.4600 3.12911194 0.00000000 -2.00000000 0.55523699 0.00000000 0.00000000 1.15405782 0.00000000 0.00000000
22.4700 3.13472195 0.00000000 -2.00000000 0.56676032 0.00000000 0.00000000 1.15059728 0.00000000 0.00000000
22.4800 3.14044703 0.00000000 -2.00000000 0.57824870 0.00000000 0.00000000 1.14706576 0.00000000 0.00000000
22.4900 3.14628681 0.00000000 -2.00000000 0.58970140 0.00000000 0.00000000 1.14346349 0.00000000 0.00000000
22.5000 3.15224093 0.00000000 -2.00000000 0.60111773 0.00000000 0.00000000 1.13979069 0.00000000 0.00000000
22.5100 3.15830904 0.00000000 -2.00000000 0.61249698 0.00000000 0.00000000 1.13604758 0.00000000 0.00000000
22.5200 3.16449075 0.00000000 -2.00000000 0.62383845 0.00000000 0.00000000 1.13223439 0.00000000 0.00000000
22.5300 3.17078568 0.00000000 -2.00000000 0.63514143 0.00000000 0.00000000 1.12835136 0.00000000 0.00000000
22.5400 3.17719345 0.00000000 -2.00000000 0.64640524 0.00000000 0.00000000 1.12439872 0.00000000 0.00000000
22.5500 3.18371365 0.00000000 -2.00000000 0.65762918 0.00000000 0.00000000 1.12037673 0.00000000 0.00000000
22.5600 3.19034590 0.00000000 -2.00000000 0.66881255 0.00000000 0.00000000 1.11628563 0.00000000 0.00000000
22.5700 3.19708977 0.00000000 -2.00000000 0.67995466 0.00000000 0.00000000 1.11212567 0.00000000 0.00000000
22.5800 3.20394485 0.00000000 -2.00000000 0.69105483 0.00000000 0.00000000 1.10789711 0.00000000 0.00000000
22.5900 3.21091072 0.00000000 -2.00000000 0.70211238 0.00000000 0.00000000 1.10360021 0.00000000 0.00000000
22.6000 3.21798695 0.00000000 -2.00000000 0.71312661 0.00000000 0.00000000 1.09923524 0.00000000 0.00000000
22.6100 3.22517311 0.00000000 -2.00000000 0.72409685 0.00000000 0.00000000 1.09480246 0.00000000 0.00000000
22.6200 3.23246874 0.00000000 -2.00000000 0.73502243 0.00000000 0.00000000 1.09030214 0.00000000 0.00000000
22.6300 3.23987340 0.00000000 -2.00000000 0.74590267 0.00000000 0.00000000 1.08573458 0.00000000 0.00000000
22.6400 3.24738664 0.00000000 -2.00000000 0.75673690 0.00000000 0.00000000 1.08110003 0.00000000 0.00000000
22.6500 3.25500799 0.00000000 -2.00000000 0.76752445 0.00000000 0.00000000 1.07639880 0.00000000 0.00000000
22.6600 3.26273697 0.00000000 -2.00000000 0.77826466 0.00000000 0.00000000 1.07163118 0.00000000 0.00000000
22.6700 3.27057312 0.00000000 -2.00000000 0.78895685 0.00000000 0.00000000 1.06679745 0.00000000 0.00000000
22.6800 3.27851595 0.00000000 -2.00000000 0.79960039 0.00000000 0.00000000 1.06189791 0.00000000 0.00000000
22.6900 3.28656496 0.00000000 -2.00000000 0.81019459 0.00000000 0.00000000 1.05693287 0.00000000 0.00000000
22.7000 3.29471967 0.00000000 -2.00000000 0.82073883 0.00000000 0.00000000 1.05190264 0.00000000 0.00000000
22.7100 3.30297957 0.00000000 -2.00000000 0.83123243 0.00000000 0.00000000 1.04680752 0.00000000 0.00000000
22.7200 3.31134415 0.00000000 -2.00000000 0.84167476 0.00000000 0.00000000 1.04164783 0.00000000 0.00000000
22.7300 3.31981289 0.00000000 -2.00000000 0.85206517 0.00000000 0.00000000 1.03642388 0.00000000 0.00000000
22.7400 3.32838528 0.00000000 -2.00000000 0.86240303 0.00000000 0.00000000 1.03113600 0.00000000 0.00000000
22.7500 3.33706078 0.00000000 -2.00000000 0.87268768 0.00000000 0.00000000 1.02578452 0.00000000 0.00000000
22.7600 3.34583885 0.00000000 -2.00000000 0.88291851 0.00000000 0.00000000 1.02036976 0.00000000 0.00000000
22.7700 3.35471896 0.00000000 -2.00000000 0.89309487 0.00000000 0.00000000 1.01489206 0.00000000 0.00000000
22.7800 3.36370057 0.00000000 -2.00000000 0.90321614 0.00000000 0.00000000 1.00935176 0.00000000 0.00000000
22.7900 3.37278310 0.00000000 -2.00000000 0.91328169 0.00000000 0.00000000 1.00374919 0.00000000 0.00000000
22.8000 3.38196601 0.00000000 -2.00000000 0.92329092 0.00000000 0.00000000 0.99808471 0.00000000 0.00000000
22.8100 3.39124873 0.00000000 -2.00000000 0.93324318 0.00000000 0.00000000 0.99235866 0.00000000 0.00000000
22.8200 3.40063068 0.00000000 -2.00000000 0.94313788 0.00000000 0.00000000 0.98657140 0.00000000 0.00000000
22.8300 3.41011129 0.00000000 -2.00000000 0.95297441 0.00000000 0.00000000 0.98072329 0.00000000 0.00000000
22.8400 3.41968998 0.00000000 -2.00000000 0.96275215 0.00000000 0.00000000 0.97481467 0.00000000 0.00000000
22.8500 3.42936614 0.00000000 -2.00000000 0.97247050 0.00000000 0.00000000 0.96884593 0.00000000 0.00000000
22.8600 3.43913919 0.00000000 -2.00000000 0.98212887 0.00000000 0.00000000 0.96281742 0.00000000 0.00000000
22.8700 3.44900851 0.00000000 -2.00000000 0.99172665 0.00000000 0.00000000 0.95672952 0.00000000 0.00000000
22.8800 3.45897351 0.00000000 -2.00000000 1.00126326 0.00000000 0.00000000 0.95058261 0.00000000 0.00000000
22.8900 3.46903357 0.00000000 -2.00000000 1.01073811 0.00000000 0.00000000 0.94437706 0.00000000 0.00000000
22.9000 3.47918807 0.00000000 -2.00000000 1.02015061 0.00000000 0.00000000 0.93811326 0.00000000 0.00000000
22.9100 3.48943638 0.00000000 -2.00000000 1.02950018 0.00000000 0.00000000 0.93179159 0.00000000 0.00000000
22.9200 3.49977786 0.00000000 -2.00000000 1.03878625 0.00000000 0.00000000 0.92541244 0.00000000 0.00000000
22.9300 3.51021189 0.00000000 -2.00000000 1.04800824 0.00000000 0.00000000 0.91897621 0.00000000 0.00000000
22.9400 3.52073781 0.00000000 -2.00000000 1.05716558 0.00000000 0.00000000 0.91248329 0.00000000 0.00000000
22.9500 3.53135498 0.00000000 -2.00000000 1.06625772 0.00000000 0.00000000 0.90593408 0.00000000 0.00000000
22.9600 3.54206275 0.00000000 -2.00000000 1.07528408 0.00000000 0.00000000 0.89932900 0.00000000 0.00000000
22.9700 3.55286044 0.00000000 -2.00000000 1.08424411 0.00000000 0.00000000 0.89266843 0.00000000 0.00000000
22.9800 3.56374740 0.00000000 -2.00000000 1.09313726 0.00000000 0.00000000 0.88595281 0.00000000 0.00000000
22.9900 3.57472296 0.00000000 -2.00000000 1.10196299 0.00000000 0.00000000 0.87918253 0.00000000 0.00000000
23.0000 3.58578644 0.00000000 -2.00000000 1.11072073 0.00000000 0.00000000 0.87235802 0.00000000 0.00000000
23.0100 3.59693715 0.00000000 -2.00000000 1.11940997 0.00000000 0.00000000 0.86547971 0.00000000 0.00000000
23.0200 3.60817441 0.00000000 -2.00000000 1.12803015 0.00000000 0.00000000 0.85854800 0.00000000 0.00000000
23.0300 3.61949752 0.00000000 -2.00000000 1.13658075 0.00000000 0.00000000 0.85156333 0.00000000 0.00000000
23.0400 3.63090579 0.00000000 -2.00000000 1.14506124 0.00000000 0.00000000 0.84452614 0.00000000 0.00000000
23.0500 3.64239851 0.00000000 -2.00000000 1.15347110 0.00000000 0.00000000 0.83743685 0.00000000 0.00000000
23.0600 3.65397497 0.00000000 -2.00000000 1.16180981 0.00000000 0.00000000 0.83029591 0.00000000 0.00000000
23.0700 3.66563447 0.00000000 -2.00000000 1.17007685 0.00000000 0.00000000 0.82310375 0.00000000 0.00000000
23.0800 3.67737627 0.00000000 -2.00000000 1.17827171 0.00000000 0.00000000 0.81586081 0.00000000 0.00000000
23.0900 3.68919966 0.00000000 -2.00000000 1.18639390 0.00000000 0.00000000 0.80856755 0.00000000 0.00000000
23.1000 3.70110390 0.00000000 -2.00000000 1.19444290 0.00000000 0.00000000 0.80122441 0.00000000 0.00000000
23.1100 3.71308827 0.00000000 -2.00000000 1.20241822 0.00000000 0.00000000 0.79383185 0.00000000 0.00000000
23.1200 3.72515202 0.00000000 -2.00000000 1.21031937 0.00000000 0.00000000 0.78639033 0.00000000 0.00000000
23.1300 3.73729441 0.00000000 -2.00000000 1.21814586 0.00000000 0.00000000 0.77890029 0.00000000 0.00000000
23.1400 3.74951469 0.00000000 -2.00000000 1.22589722 0.00000000 0.00000000 0.77136221 0.00000000 0.00000000
23.1500 3.76181210 0.00000000 -2.00000000 1.23357295 0.00000000 0.00000000 0.76377655 0.00000000 0.00000000
23.1600 3.77418589 0.00000000 -2.00000000 1.24117259 0.00000000 0.00000000 0.75614377 0.00000000 0.00000000
23.1700 3.78663530 0.00000000 -2.00000000 1.24869567 0.00000000 0.00000000 0.74846435 0.00000000 0.00000000
23.1800 3.79915955 0.00000000 -2.00000000 1.25614172 0.00000000 0.00000000 0.74073876 0.00000000 0.00000000
23.1900 3.81175787 0.00000000 -2.00000000 1.26351029 0.00000000 0.00000000 0.73296748 0.00000000 0.00000000
23.2000 3.82442950 0.00000000 -2.00000000 1.27080092 0.00000000 0.00000000 0.72515099 0.00000000 0.00000000
23.2100 3.83717363 0.00000000 -2.00000000 1.27801316 0.00000000 0.00000000 0.71728977 0.00000000 0.00000000
23.2200 3.84998950 0.00000000 -2.00000000 1.28514657 0.00000000 0.00000000 0.70938430 0.00000000 0.00000000
23.2300 3.86287630 0.00000000 -2.00000000 1.29220070 0.00000000 0.00000000 0.70143507 0.00000000 0.00000000
23.2400 3.87583324 0.00000000 -2.00000000 1.29917513 0.00000000 0.00000000 0.69344257 0.00000000 0.00000000
23.2500 3.88885953 0.00000000 -2.00000000 1.30606941 0.00000000 0.00000000 0.68540730 0.00000000 0.00000000
23.2600 3.90195436 0.00000000 -2.00000000 1.31288313 0.00000000 0.00000000 0.67732975 0.00000000 0.00000000
23.2700 3.91511693 0.00000000 -2.00000000 1.31961587 0.00000000 0.00000000 0.66921042 0.00000000 0.00000000
23.2800 3.92834641 0.00000000 -2.00000000 1.32626720 0.00000000 0.00000000 0.66104981 0.00000000 0.00000000
23.2900 3.94164200 0.00000000 -2.00000000 1.33283673 0.00000000 0.00000000 0.65284842 0.00000000 0.00000000
23.3000 3.95500287 0.00000000 -2.00000000 1.33932404 0.00000000 0.00000000 0.64460677 0.00000000 0.00000000
23.3100 3.96842820 0.00000000 -2.00000000 1.34572873 0.00000000 0.00000000 0.63632535 0.00000000 0.00000000
23.3200 3.98191717 0.00000000 -2.00000000 1.35205041 0.00000000 0.00000000 0.62800467 0.00000000 0.00000000
23.3300 3.99546893 0.00000000 -2.00000000 1.35828870 0.00000000 0.00000000 0.61964526 0.00000000 0.00000000
23.3400 4.00908266 0.00000000 -2.00000000 1.36444319 0.00000000 0.00000000 0.61124763 0.00000000 0.00000000
23.3500 4.02275752 0.00000000 -2.00000000 1.37051352 0.00000000 0.00000000 0.60281229 0.00000000 0.00000000
23.3600 4.03649265 0.00000000 -2.00000000 1.37649931 0.00000000 0.00000000 0.59433977 0.00000000 0.00000000
23.3700 4.05028722 0.00000000 -2.00000000 1.38240020 0.00000000 0.00000000 0.58583059 0.00000000 0.00000000
23.3800 4.06414037 0.00000000 -2.00000000 1.38821581 0.00000000 0.00000000 0.57728527 0.00000000 0.00000000
23.3900 4.07805125 0.00000000 -2.00000000 1.39394578 0.00000000 0.00000000 0.56870434 0.00000000 0.00000000
23.4000 4.09201900 0.00000000 -2.00000000 1.39958978 0.00000000 0.00000000 0.56008833 0.00000000 0.00000000
23.4100 4.10604276 0.00000000 -2.00000000 1.40514743 0.00000000 0.00000000 0.55143777 0.00000000 0.00000000
23.4200 4.12012166 0.00000000 -2.00000000 1.41061842 0.00000000 0.00000000 0.54275320 0.00000000 0.00000000
23.4300 4.13425484 0.00000000 -2.00000000 1.41600239 0.00000000 0.00000000 0.53403514 0.00000000 0.00000000
23.4400 4.14844142 0.00000000 -2.00000000 1.42129901 0.00000000 0.00000000 0.52528415 0.00000000 0.00000000
23.4500 4.16268052 0.00000000 -2.00000000 1.42650796 0.00000000 0.00000000 0.51650075 0.00000000 0.00000000
23.4600 4.17697128 0.00000000 -2.00000000 1.43162892 0.00000000 0.00000000 0.50768549 0.00000000 0.00000000
23.4700 4.19131281 0.00000000 -2.00000000 1.43666157 0.00000000 0.00000000 0.49883892 0.00000000 0.00000000
23.4800 4.20570422 0.00000000 -2.00000000 1.44160559 0.00000000 0.00000000 0.48996157 0.00000000 0.00000000
23.4900 4.22014462 0.00000000 -2.00000000 1.44646070 0.00000000 0.00000000 0.48105400 0.00000000 0.00000000
23.5000 4.23463314 0.00000000 -2.00000000 1.45122658 0.00000000 0.00000000 0.47211676 0.00000000 0.00000000
23.5100 4.24916886 0.00000000 -2.00000000 1.45590294 0.00000000 0.00000000 0.46315040 0.00000000 0.00000000
23.5200 4.26375089 0.00000000 -2.00000000 1.46048949 0.00000000 0.00000000 0.45415546 0.00000000 0.00000000
23.5300 4.27837835 0.00000000 -2.00000000 1.46498595 0.00000000 0.00000000 0.44513252 0.00000000 0.00000000
23.5400 4.29305031 0.00000000 -2.00000000 1.46939205 0.00000000 0.00000000 0.43608211 0.00000000 0.00000000
23.5500 4.30776589 0.00000000 -2.00000000 1.47370750 0.00000000 0.00000000 0.42700480 0.00000000 0.00000000
23.5600 4.32252416 0.00000000 -2.00000000 1.47793206 0.00000000 0.00000000 0.41790116 0.00000000 0.00000000
23.5700 4.33732422 0.00000000 -2.00000000 1.48206544 0.00000000 0.00000000 0.40877174 0.00000000 0.00000000
23.5800 4.35216516 0.00000000 -2.00000000 1.48610741 0.00000000 0.00000000 0.39961710 0.00000000 0.00000000
23.5900 4.36704607 0.00000000 -2.00000000 1.49005770 0.00000000 0.00000000 0.39043781 0.00000000 0.00000000
23.6000 4.38196601 0.00000000 -2.00000000 1.49391608 0.00000000 0.00000000 0.38123444 0.00000000 0.00000000
23.6100 4.39692408 0.00000000 -2.00000000 1.49768231 0.00000000 0.00000000 0.37200755 0.00000000 0.00000000
23.6200 4.41191935 0.00000000 -2.00000000 1.50135616 0.00000000 0.00000000 0.36275771 0.00000000 0.00000000
23.6300 4.42695089 0.00000000 -2.00000000 1.50493739 0.00000000 0.00000000 0.35348550 0.00000000 0.00000000
23.6400 4.44201779 0.00000000 -2.00000000 1.50842579 0.00000000 0.00000000 0.34419148 0.00000000 0.00000000
23.6500 4.45711910 0.00000000 -2.00000000 1.51182115 0.00000000 0.00000000 0.33487623 0.00000000 0.00000000
23.6600 4.47225390 0.00000000 -2.00000000 1.51512325 0.00000000 0.00000000 0.32554033 0.00000000 0.00000000
23.6700 4.48742125 0.00000000 -2.00000000 1.51833189 0.00000000 0.00000000 0.31618434 0.00000000 0.00000000
23.6800 4.50262023 0.00000000 -2.00000000 1.52144687 0.00000000 0.00000000 0.30680885 0.00000000 0.00000000
23.6900 4.51784988 0.00000000 -2.00000000 1.52446800 0.00000000 0.00000000 0.29741444 0.00000000 0.00000000
23.7000 4.53310927 0.00000000 -2.00000000 1.52739510 0.00000000 0.00000000 0.28800167 0.00000000 0.00000000
23.7100 4.54839747 0.00000000 -2.00000000 1.53022798 0.00000000 0.00000000 0.27857115 0.00000000 0.00000000
23.7200 4.56371352 0.00000000 -2.00000000 1.53296646 0.00000000 0.00000000 0.26912344 0.00000000 0.00000000
23.7300 4.57905648 0.00000000 -2.00000000 1.53561039 0.00000000 0.00000000 0.25965913 0.00000000 0.00000000
23.7400 4.59442541 0.00000000 -2.00000000 1.53815959 0.00000000 0.00000000 0.25017880 0.00000000 0.00000000
23.7500 4.60981936 0.00000000 -2.00000000 1.54061392 0.00000000 0.00000000 0.24068304 0.00000000 0.00000000
23.7600 4.62523737 0.00000000 -2.00000000 1.54297321 0.00000000 0.00000000 0.23117243 0.00000000 0.00000000
23.7700 4.64067850 0.00000000 -2.00000000 1.54523732 0.00000000 0.00000000 0.22164756 0.00000000 0.00000000
23.7800 4.65614180 0.00000000 -2.00000000 1.54740611 0.00000000 0.00000000 0.21210903 0.00000000 0.00000000
23.7900 4.67162631 0.00000000 -2.00000000 1.54947945 0.00000000 0.00000000 0.20255740 0.00000000 0.00000000
23.8000 4.68713107 0.00000000 -2.00000000 1.55145722 0.00000000 0.00000000 0.19299329 0.00000000 0.00000000
23.8100 4.70265513 0.00000000 -2.00000000 1.55333928 0.00000000 0.00000000 0.18341726 0.00000000 0.00000000
23.8200 4.71819754 0.00000000 -2.00000000 1.55512552 0.00000000 0.00000000 0.17382993 0.00000000 0.00000000
23.8300 4.73375732 0.00000000 -2.00000000 1.55681584 0.00000000 0.00000000 0.16423187 0.00000000 0.00000000
23.8400 4.74933353 0.00000000 -2.00000000 1.55841013 0.00000000 0.00000000 0.15462368 0.00000000 0.00000000
23.8500 4.76492521 0.00000000 -2.00000000 1.55990828 0.00000000 0.00000000 0.14500595 0.00000000 0.00000000
23.8600 4.78053138 0.00000000 -2.00000000 1.56131022 0.00000000 0.00000000 0.13537928 0.00000000 0.00000000
23.8700 4.79615109 0.00000000 -2.00000000 1.56261584 0.00000000 0.00000000 0.12574426 0.00000000 0.00000000
23.8800 4.81178337 0.00000000 -2.00000000 1.56382508 0.00000000 0.00000000 0.11610148 0.00000000 0.00000000
23.8900 4.82742727 0.00000000 -2.00000000 1.56493785 0.00000000 0.00000000 0.10645154 0.00000000 0.00000000
23.9000 4.84308181 0.00000000 -2.00000000 1.56595409 0.00000000 0.00000000 0.09679503 0.00000000 0.00000000
23.9100 4.85874603 0.00000000 -2.00000000 1.56687373 0.00000000 0.00000000 0.08713255 0.00000000 0.00000000
23.9200 4.87441896 0.00000000 -2.00000000 1.56769672 0.00000000 0.00000000 0.07746470 0.00000000 0.00000000
23.9300 4.89009964 0.00000000 -2.00000000 1.56842301 0.00000000 0.00000000 0.06779207 0.00000000 0.00000000
23.9400 4.90578710 0.00000000 -2.00000000 1.56905255 0.00000000 0.00000000 0.05811525 0.00000000 0.00000000
23.9500 4.92148037 0.00000000 -2.00000000 1.56958530 0.00000000 0.00000000 0.04843486 0.00000000 0.00000000
23.9600 4.93717848 0.00000000 -2.00000000 1.57002123 0.00000000 0.00000000 0.03875147 0.00000000 0.00000000
23.9700 4.95288047 0.00000000 -2.00000000 1.57036032 0.00000000 0.00000000 0.02906569 0.00000000 0.00000000
23.9800 4.96858537 0.00000000 -2.00000000 1.57060254 0.00000000 0.00000000 0.01937813 0.00000000 0.00000000
23.9900 4.98429220 0.00000000 -2.00000000 1.57074788 0.00000000 0.00000000 0.00968936 0.00000000 0.00000000
24.0000 5.00000000 0.00000000 -2.00000000 1.57079633 0.00000000 0.00000000 0.00000000 0.00000000 0.00000000
24.0100 5.01570780 0.00000000 -2.00000000 1.57074788 0.00000000 0.00000000 -0.00968936 0.00000000 0.00000000
24.0200 5.03141463 0.00000000 -2.00000000 1.57060254 0.00000000 0.00000000 -0.01937813 0.00000000 0.00000000
24.0300 5.04711953 0.00000000 -2.00000000 1.57036032 0.00000000 0.00000000 -0.02906569 0.00000000 0.00000000
24.0400 5.06282152 0.00000000 -2.00000000 1.57002123 0.00000000 0.00000000 -0.03875147 0.00000000 0.00000000
24.0500 5.07851963 0.00000000 -2.00000000 1.56958530 0.00000000 0.00000000 -0.04843486 0.00000000 0.00000000
24.0600 5.09421290 0.00000000 -2.00000000 1.56905255 0.00000000 0.00000000 -0.05811525 0.00000000 0.00000000
24.0700 5.10990036 0.00000000 -2.00000000 1.56842301 0.00000000 0.00000000 -0.06779207 0.00000000 0.00000000
24.0800 5.12558104 0.00000000 -2.00000000 1.56769672 0.00000000 0.00000000 -0.07746470 0.00000000 0.00000000
24.0900 5.14125397 0.00000000 -2.00000000 1.56687373 0.00000000 0.00000000 -0.08713255 0.00000000 0.00000000
24.1000 5.15691819 0.00000000 -2.00000000 1.56595409 0.00000000 0.00000000 -0.09679503 0.00000000 0.00000000
24.1100 5.17257273 0.00000000 -2.00000000 1.56493785 0.00000000 0.00000000 -0.10645154 0.00000000 0.00000000
24.1200 5.18821663 0.00000000 -2.00000000 1.56382508 0.00000000 0.00000000 -0.11610148 0.00000000 0.00000000
24.1300 5.20384891 0.00000000 -2.00000000 1.56261584 0.00000000 0.00000000 -0.12574426 0.00000000 0.00000000
24.1400 5.21946862 0.00000000 -2.00000000 1.56131022 0.00000000 0.00000000 -0.13537928 0.00000000 0.00000000
24.1500 5.23507479 0.00000000 -2.00000000 1.55990828 0.00000000 0.00000000 -0.14500595 0.00000000 0.00000000
24.1600 5.25066647 0.00000000 -2.00000000 1.55841013 0.00000000 0.00000000 -0.15462368 0.00000000 0.00000000
24.1700 5.26624268 0.00000000 -2.00000000 1.55681584 0.00000000 0.00000000 -0.16423187 0.00000000 0.00000000
24.1800 5.28180246 0.00000000 -2.00000000 1.55512552 0.00000000 0.00000000 -0.17382993 0.00000000 0.00000000
24.1900 5.29734487 0.00000000 -2.00000000 1.55333928 0.00000000 0.00000000 -0.18341726 0.00000000 0.00000000
24.2000 5.31286893 0.00000000 -2.00000000 1.55145722 0.00000000 0.00000000 -0.19299329 0.00000000 0.00000000
24.2100 5.32837369 0.00000000 -2.00000000 1.54947945 0.00000000 0.00000000 -0.20255740 0.00000000 0.00000000
24.2200 5.34385820 0.00000000 -2.00000000 1.54740611 0.00000000 0.00000000 -0.21210903 0.00000000 0.00000000
24.2300 5.35932150 0.00000000 -2.00000000 1.54523732 0.00000000 0.00000000 -0.22164756 0.00000000 0.00000000
24.2400 5.37476263 0.00000000 -2.00000000 1.54297321 0.00000000 0.00000000 -0.23117243 0.00000000 0.00000000
24.2500 5.39018064 0.00000000 -2.00000000 1.54061392 0.00000000 0.00000000 -0.24068304 0.00000000 0.00000000
24.2600 5.40557459 0.00000000 -2.00000000 1.53815959 0.00000000 0.00000000 -0.25017880 0.00000000 0.00000000
24.2700 5.42094352 0.00000000 -2.00000000 1.53561039 0.00000000 0.00000000 -0.25965913 0.00000000 0.00000000
24.2800 5.43628648 0.00000000 -2.00000000 1.53296646 0.00000000 0.00000000 -0.26912344 0.00000000 0.00000000
24.2900 5.45160253 0.00000000 -2.00000000 1.53022798 0.00000000 0.00000000 -0.27857115 0.00000000 0.00000000
24.3000 5.46689073 0.00000000 -2.00000000 1.52739510 0.00000000 0.00000000 -0.28800167 0.00000000 0.00000000
24.3100 5.48215012 0.00000000 -2.00000000 1.52446800 0.00000000 0.00000000 -0.29741444 0.00000000 0.00000000
24.3200 5.49737977 0.00000000 -2.00000000 1.52144687 0.00000000 0.00000000 -0.30680885 0.00000000 0.00000000
24.3300 5.51257875 0.00000000 -2.00000000 1.51833189 0.00000000 0.00000000 -0.31618434 0.00000000 0.00000000
24.3400 5.52774610 0.00000000 -2.00000000 1.51512325 0.00000000 0.00000000 -0.32554033 0.00000000 0.00000000
24.3500 5.54288090 0.00000000 -2.00000000 1.51182115 0.00000000 0.00000000 -0.33487623 0.00000000 0.00000000
24.3600 5.55798221 0.00000000 -2.00000000 1.50842579 0.00000000 0.00000000 -0.34419148 0.00000000 0.00000000
24.3700 5.57304911 0.00000000 -2.00000000 1.50493739 0.00000000 0.00000000 -0.35348550 0.00000000 0.00000000
24.3800 5.58808065 0.00000000 -2.00000000 1.50135616 0.00000000 0.00000000 -0.36275771 0.00000000 0.00000000
24.3900 5.60307592 0.00000000 -2.00000000 1.49768231 0.00000000 0.00000000 -0.37200755 0.00000000 0.00000000
24.4000 5.61803399 0.00000000 -2.00000000 1.49391608 0.00000000 0.00000000 -0.38123444 0.00000000 0.00000000
24.4100 5.63295393 0.00000000 -2.00000000 1.49005770 0.00000000 0.00000000 -0.39043781 0.00000000 0.00000000
24.4200 5.64783484 0.00000000 -2.00000000 1.48610741 0.00000000 0.00000000 -0.39961710 0.00000000 0.00000000
24.4300 5.66267578 0.00000000 -2.00000000 1.48206544 0.00000000 0.00000000 -0.40877174 0.00000000 0.00000000
24.4400 5.67747584 0.00000000 -2.00000000 1.47793206 0.00000000 0.00000000 -0.41790116 0.00000000 0.00000000
24.4500 5.69223411 0.00000000 -2.00000000 1.47370750 0.00000000 0.00000000 -0.42700480 0.00000000 0.00000000
24.4600 5.70694969 0.00000000 -2.00000000 1.46939205 0.00000000 0.00000000 -0.43608211 0.00000000 0.00000000
24.4700 5.72162165 0.00000000 -2.00000000 1.46498595 0.00000000 0.00000000 -0.44513252 0.00000000 0.00000000
24.4800 5.73624911 0.00000000 -2.00000000 1.46048949 0.00000000 0.00000000 -0.45415546 0.00000000 0.00000000
24.4900 5.75083114 0.00000000 -2.00000000 1.45590294 0.00000000 0.00000000 -0.46315040 0.00000000 0.00000000
24.5000 5.76536686 0.00000000 -2.00000000 1.45122658 0.00000000 0.00000000 -0.47211676 0.00000000 0.00000000
24.5100 5.77985538 0.00000000 -2.00000000 1.44646070 0.00000000 0.00000000 -0.48105400 0.00000000 0.00000000
24.5200 5.79429578 0.00000000 -2.00000000 1.44160559 0.00000000 0.00000000 -0.48996157 0.00000000 0.00000000
24.5300 5.80868719 0.00000000 -2.00000000 1.43666157 0.00000000 0.00000000 -0.49883892 0.00000000 0.00000000
24.5400 5.82302872 0.00000000 -2.00000000 1.43162892 0.00000000 0.00000000 -0.50768549 0.00000000 0.00000000
24.5500 5.83731948 0.00000000 -2.00000000 1.42650796 0.00000000 0.00000000 -0.51650075 0.00000000 0.00000000
24.5600 5.85155858 0.00000000 -2.00000000 1.42129901 0.00000000 0.00000000 -0.52528415 0.00000000 0.00000000
24.5700 5.86574516 0.00000000 -2.00000000 1.41600239 0.00000000 0.00000000 -0.53403514 0.00000000 0.00000000
24.5800 5.87987834 0.00000000 -2.00000000 1.41061842 0.00000000 0.00000000 -0.54275320 0.00000000 0.00000000
24.5900 5.89395724 0.00000000 -2.00000000 1.40514743 0.00000000 0.00000000 -0.55143777 0.00000000 0.00000000
24.6000 5.90798100 0.00000000 -2.00000000 1.39958978 0.00000000 0.00000000 -0.56008833 0.00000000 0.00000000
24.6100 5.92194875 0.00000000 -2.00000000 1.39394578 0.00000000 0.00000000 -0.56870434 0.00000000 0.00000000
24.6200 5.93585963 0.00000000 -2.00000000 1.38821581 0.00000000 0.00000000 -0.57728527 0.00000000 0.00000000
24.6300 5.94971278 0.00000000 -2.00000000 1.38240020 0.00000000 0.00000000 -0.58583059 0.00000000 0.00000000
24.6400 5.96350735 0.00000000 -2.00000000 1.37649931 0.00000000 0.00000000 -0.59433977 0.00000000 0.00000000
24.6500 5.97724248 0.00000000 -2.00000000 1.37051352 0.00000000 0.00000000 -0.60281229 0.00000000 0.00000000
24.6600 5.99091734 0.00000000 -2.00000000 1.36444319 0.00000000 0.00000000 -0.61124763 0.00000000 0.00000000
24.6700 6.00453107 0.00000000 -2.00000000 1.35828870 0.00000000 0.00000000 -0.61964526 0.00000000 0.00000000
24.6800 6.01808283 0.00000000 -2.00000000 1.35205041 0.00000000 0.00000000 -0.62800467 0.00000000 0.00000000
24.6900 6.03157180 0.00000000 -2.00000000 1.34572873 0.00000000 0.00000000 -0.63632535 0.00000000 0.00000000
24.7000 6.04499713 0.00000000 -2.00000000 1.33932404 0.00000000 0.00000000 -0.64460677 0.00000000 0.00000000
24.7100 6.05835800 0.00000000 -2.00000000 1.33283673 0.00000000 0.00000000 -0.65284842 0.00000000 0.00000000
24.7200 6.07165359 0.00000000 -2.00000000 1.32626720 0.00000000 0.00000000 -0.66104981 0.00000000 0.00000000
24.7300 6.08488307 0.00000000 -2.00000000 1.31961587 0.00000000 0.00000000 -0.66921042 0.00000000 0.00000000
24.7400 6.09804564 0.00000000 -2.00000000 1.31288313 0.00000000 0.00000000 -0.67732975 0.00000000 0.00000000
24.7500 6.11114047 0.00000000 -2.00000000 1.30606941 0.00000000 0.00000000 -0.68540730 0.00000000 0.00000000
24.7600 6.12416676 0.00000000 -2.00000000 1.29917513 0.00000000 0.00000000 -0.69344257 0.00000000 0.00000000
24.7700 6.13712370 0.00000000 -2.00000000 1.29220070 0.00000000 0.00000000 -0.70143507 0.00000000 0.00000000
24.7800 6.15001050 0.00000000 -2.00000000 1.28514657 0.00000000 0.00000000 -0.70938430 0.00000000 0.00000000
24.7900 6.16282637 0.00000000 -2.00000000 1.27801316 0.00000000 0.00000000 -0.71728977 0.00000000 0.00000000
24.8000 6.17557050 0.00000000 -2.00000000 1.27080092 0.00000000 0.00000000 -0.72515099 0.00000000 0.00000000
24.8100 6.18824213 0.00000000 -2.00000000 1.26351029 0.00000000 0.00000000 -0.73296748 0.00000000 0.00000000
24.8200 6.20084045 0.00000000 -2.00000000 1.25614172 0.00000000 0.00000000 -0.74073876 0.00000000 0.00000000
24.8300 6.21336470 0.00000000 -2.00000000 1.24869567 0.00000000 0.00000000 -0.74846435 0.00000000 0.00000000
24.8400 6.22581411 0.00000000 -2.00000000 1.24117259 0.00000000 0.00000000 -0.75614377 0.00000000 0.00000000
24.8500 6.23818790 0.00000000 -2.00000000 1.23357295 0.00000000 0.00000000 -0.76377655 0.00000000 0.00000000
24.8600 6.25048531 0.00000000 -2.00000000 1.22589722 0.00000000 0.00000000 -0.77136221 0.00000000 0.00000000
24.8700 6.26270559 0.00000000 -2.00000000 1.21814586 0.00000000 0.00000000 -0.77890029 0.00000000 0.00000000
24.8800 6.27484798 0.00000000 -2.00000000 1.21031937 0.00000000 0.00000000 -0.78639033 0.00000000 0.00000000
24.8900 6.28691173 0.00000000 -2.00000000 1.20241822 0.00000000 0.00000000 -0.79383185 0.00000000 0.00000000
24.9000 6.29889610 0.00000000 -2.00000000 1.19444290 0.00000000 0.00000000 -0.80122441 0.00000000 0.00000000
24.9100 6.31080034 0.00000000 -2.00000000 1.18639390 0.00000000 0.00000000 -0.80856755 0.00000000 0.00000000
24.9200 6.32262373 0.00000000 -2.00000000 1.17827171 0.00000000 0.00000000 -0.81586081 0.00000000 0.00000000
24.9300 6.33436553 0.00000000 -2.00000000 1.17007685 0.00000000 0.00000000 -0.82310375 0.00000000 0.00000000
24.9400 6.34602503 0.00000000 -2.00000000 1.16180981 0.00000000 0.00000000 -0.83029591 0.00000000 0.00000000
24.9500 6.35760149 0.00000000 -2.00000000 1.15347110 0.00000000 0.00000000 -0.83743685 0.00000000 0.00000000
24.9600 6.36909421 0.00000000 -2.00000000 1.14506124 0.00000000 0.00000000 -0.84452614 0.00000000 0.00000000
24.9700 6.38050248 0.00000000 -2.00000000 1.13658075 0.00000000 0.00000000 -0.85156333 0.00000000 0.00000000
24.9800 6.39182559 0.00000000 -2.00000000 1.12803015 0.00000000 0.00000000 -0.85854800 0.00000000 0.00000000
24.9900 6.40306285 0.00000000 -2.00000000 1.11940997 0.00000000 0.00000000 -0.86547971 0.00000000 0.00000000
25.0000 6.41421356 0.00000000 -2.00000000 1.11072073 0.00000000 0.00000000 -0.87235802 0.00000000 0.00000000
25.0100 6.42527704 0.00000000 -2.00000000 1.10196299 0.00000000 0.00000000 -0.87918253 0.00000000 0.00000000
25.0200 6.43625260 0.00000000 -2.00000000 1.09313726 0.00000000 0.00000000 -0.88595281 0.00000000 0.00000000
25.0300 6.44713956 0.00000000 -2.00000000 1.08424411 0.00000000 0.00000000 -0.89266843 0.00000000 0.00000000
25.0400 6.45793725 0.00000000 -2.00000000 1.07528408 0.00000000 0.00000000 -0.89932900 0.00000000 0.00000000
25.0500 6.46864502 0.00000000 -2.00000000 1.06625772 0.00000000 0.00000000 -0.90593408 0.00000000 0.00000000
25.0600 6.47926219 0.00000000 -2.00000000 1.05716558 0.00000000 0.00000000 -0.91248329 0.00000000 0.00000000
25.0700 6.48978811 0.00000000 -2.00000000 1.04800824 0.00000000 0.00000000 -0.91897621 0.00000000 0.00000000
25.0800 6.50022214 0.00000000 -2.00000000 1.03878625 0.00000000 0.00000000 -0.92541244 0.00000000 0.00000000
25.0900 6.51056362 0.00000000 -2.00000000 1.02950018 0.00000000 0.00000000 -0.93179159 0.00000000 0.00000000
25.1000 6.52081193 0.00000000 -2.00000000 1.02015061 0.00000000 0.00000000 -0.93811326 0.00000000 0.00000000
25.1100 6.53096643 0.00000000 -2.00000000 1.01073811 0.00000000 0.00000000 -0.94437706 0.00000000 0.00000000
25.1200 6.54102649 0.00000000 -2.00000000 1.00126326 0.00000000 0.00000000 -0.95058261 0.00000000 0.00000000
25.1300 6.55099149 0.00000000 -2.00000000 0.99172665 0.00000000 0.00000000 -0.95672952 0.00000000 0.00000000
25.1400 6.56086081 0.00000000 -2.00000000 0.98212887 0.00000000 0.00000000 -0.96281742 0.00000000 0.00000000
25.1500 6.57063386 0.00000000 -2.00000000 0.97247050 0.00000000 0.00000000 -0.96884593 0.00000000 0.00000000
25.1600 6.58031002 0.00000000 -2.00000000 0.96275215 0.00000000 0.00000000 -0.97481467 0.00000000 0.00000000
25.1700 6.58988871 0.00000000 -2.00000000 0.95297441 0.00000000 0.00000000 -0.98072329 0.00000000 0.00000000
25.1800 6.59936932 0.00000000 -2.00000000 0.94313788 0.00000000 0.00000000 -0.98657140 0.00000000 0.00000000
25.1900 6.60875127 0.00000000 -2.00000000 0.93324318 0.00000000 0.00000000 -0.99235866 0.00000000 0.00000000
25.2000 6.61803399 0.00000000 -2.00000000 0.92329092 0.00000000 0.00000000 -0.99808471 0.00000000 0.00000000
25.2100 6.62721690 0.00000000 -2.00000000 0.91328169 0.00000000 0.00000000 -1.00374919 0.00000000 0.00000000
25.2200 6.63629943 0.00000000 -2.00000000 0.90321614 0.00000000 0.00000000 -1.00935176 0.00000000 0.00000000
25.2300 6.64528104 0.00000000 -2.00000000 0.89309487 0.00000000 0.00000000 -1.01489206 0.00000000 0.00000000
25.2400 6.65416115 0.00000000 -2.00000000 0.88291851 0.00000000 0.00000000 -1.02036976 0.00000000 0.00000000
25.2500 6.66293922 0.00000000 -2.00000000 0.87268768 0.00000000 0.00000000 -1.02578452 0.00000000 0.00000000
25.2600 6.67161472 0.00000000 -2.00000000 0.86240303 0.00000000 0.00000000 -1.03113600 0.00000000 0.00000000
25.2700 6.68018711 0.00000000 -2.00000000 0.85206517 0.00000000 0.00000000 -1.03642388 0.00000000 0.00000000
25.2800 6.68865585 0.00000000 -2.00000000 0.84167476 0.00000000 0.00000000 -1.04164783 0.00000000 0.00000000
25.2900 6.69702043 0.00000000 -2.00000000 0.83123243 0.00000000 0.00000000 -1.04680752 0.00000000 0.00000000
25.3000 6.70528033 0.00000000 -2.00000000 0.82073883 0.00000000 0.00000000 -1.05190264 0.00000000 0.00000000
25.3100 6.71343504 0.00000000 -2.00000000 0.81019459 0.00000000 0.00000000 -1.05693287 0.00000000 0.00000000
25.3200 6.72148405 0.00000000 -2.00000000 0.79960039 0.00000000 0.00000000 -1.06189791 0.00000000 0.00000000
25.3300 6.72942688 0.00000000 -2.00000000 0.78895685 0.00000000 0.00000000 -1.06679745 0.00000000 0.00000000
25.3400 6.73726303 0.00000000 -2.00000000 0.77826466 0.00000000 0.00000000 -1.07163118 0.00000000 0.00000000
25.3500 6.74499201 0.00000000 -2.00000000 0.76752445 0.00000000 0.00000000 -1.07639880 0.00000000 0.00000000
25.3600 6.75261336 0.00000000 -2.00000000 0.75673690 0.00000000 0.00000000 -1.08110003 0.00000000 0.00000000
25.3700 6.76012660 0.00000000 -2.00000000 0.74590267 0.00000000 0.00000000 -1.08573458 0.00000000 0.00000000
25.3800 6.76753126 0.00000000 -2.00000000 0.73502243 0.00000000 0.00000000 -1.09030214 0.00000000 0.00000000
25.3900 6.77482689 0.00000000 -2.00000000 0.72409685 0.00000000 0.00000000 -1.09480246 0.00000000 0.00000000
25.4000 6.78201305 0.00000000 -2.00000000 0.71312661 0.00000000 0.00000000 -1.09923524 0.00000000 0.00000000
25.4100 6.78908928 0.00000000 -2.00000000 0.70211238 0.00000000 0.00000000 -1.10360021 0.00000000 0.00000000
25.4200 6.79605515 0.00000000 -2.00000000 0.69105483 0.00000000 0.00000000 -1.10789711 0.00000000 0.00000000
25.4300 6.80291023 0.00000000 -2.00000000 0.67995466 0.00000000 0.00000000 -1.11212567 0.00000000 0.00000000
25.4400 6.80965410 0.00000000 -2.00000000 0.66881255 0.00000000 0.00000000 -1.11628563 0.00000000 0.00000000
25.4500 6.81628635 0.00000000 -2.00000000 0.65762918 0.00000000 0.00000000 -1.12037673 0.00000000 0.00000000
25.4600 6.82280655 0.00000000 -2.00000000 0.64640524 0.00000000 0.00000000 -1.12439872 0.00000000 0.00000000
25.4700 6.82921432 0.00000000 -2.00000000 0.63514143 0.00000000 0.00000000 -1.12835136 0.00000000 0.00000000
25.4800 6.83550925 0.00000000 -2.00000000 0.62383845 0.00000000 0.00000000 -1.13223439 0.00000000 0.00000000
25.4900 6.84169096 0.00000000 -2.00000000 0.61249698 0.00000000 0.00000000 -1.13604758 0.00000000 0.00000000
25.5000 6.84775907 0.00000000 -2.00000000 0.60111773 0.00000000 0.00000000 -1.13979069 0.00000000 0.00000000
25.5100 6.85371319 0.00000000 -2.00000000 0.58970140 0.00000000 0.00000000 -1.14346349 0.00000000 0.00000000
25.5200 6.85955297 0.00000000 -2.00000000 0.57824870 0.00000000 0.00000000 -1.14706576 0.00000000 0.00000000
25.5300 6.86527805 0.00000000 -2.00000000 0.56676032 0.00000000 0.00000000 -1.15059728 0.00000000 0.00000000
25.5400 6.87088806 0.00000000 -2.00000000 0.55523699 0.00000000 0.00000000 -1.15405782 0.00000000 0.00000000
25.5500 6.87638267 0.00000000 -2.00000000 0.54367940 0.00000000 0.00000000 -1.15744717 0.00000000 0.00000000
25.5600 6.88176154 0.00000000 -2.00000000 0.53208828 0.00000000 0.00000000 -1.16076512 0.00000000 0.00000000
25.5700 6.88702433 0.00000000 -2.00000000 0.52046434 0.00000000 0.00000000 -1.16401148 0.00000000 0.00000000
25.5800 6.89217072 0.00000000 -2.00000000 0.50880829 0.00000000 0.00000000 -1.16718603 0.00000000 0.00000000
25.5900 6.89720039 0.00000000 -2.00000000 0.49712086 0.00000000 0.00000000 -1.17028858 0.00000000 0.00000000
25.6000 6.90211303 0.00000000 -2.00000000 0.48540276 0.00000000 0.00000000 -1.17331895 0.00000000 0.00000000
25.6100 6.90690834 0.00000000 -2.00000000 0.47365472 0.00000000 0.00000000 -1.17627694 0.00000000 0.00000000
25.6200 6.91158603 0.00000000 -2.00000000 0.46187746 0.00000000 0.00000000 -1.17916237 0.00000000 0.00000000
25.6300 6.91614580 0.00000000 -2.00000000 0.45007171 0.00000000 0.00000000 -1.18197506 0.00000000 0.00000000
25.6400 6.92058737 0.00000000 -2.00000000 0.43823820 0.00000000 0.00000000 -1.18471485 0.00000000 0.00000000
25.6500 6.92491047 0.00000000 -2.00000000 0.42637766 0.00000000 0.00000000 -1.18738155 0.00000000 0.00000000
25.6600 6.92911484 0.00000000 -2.00000000 0.41449082 0.00000000 0.00000000 -1.18997502 0.00000000 0.00000000
25.6700 6.93320020 0.00000000 -2.00000000 0.40257841 0.00000000 0.00000000 -1.19249508 0.00000000 0.00000000
25.6800 6.93716632 0.00000000 -2.00000000 0.39064116 0.00000000 0.00000000 -1.19494158 0.00000000 0.00000000
25.6900 6.94101295 0.00000000 -2.00000000 0.37867982 0.00000000 0.00000000 -1.19731437 0.00000000 0.00000000
25.7000 6.94473984 0.00000000 -2.00000000 0.36669512 0.00000000 0.00000000 -1.19961331 0.00000000 0.00000000
25.7100 6.94834677 0.00000000 -2.00000000 0.35468780 0.00000000 0.00000000 -1.20183824 0.00000000 0.00000000
25.7200 6.95183352 0.00000000 -2.00000000 0.34265860 0.00000000 0.00000000 -1.20398905 0.00000000 0.00000000
25.7300 6.95519988 0.00000000 -2.00000000 0.33060827 0.00000000 0.00000000 -1.20606558 0.00000000 0.00000000
25.7400 6.95844562 0.00000000 -2.00000000 0.31853754 0.00000000 0.00000000 -1.20806772 0.00000000 0.00000000
25.7500 6.96157056 0.00000000 -2.00000000 0.30644716 0.00000000 0.00000000 -1.20999534 0.00000000 0.00000000
25.7600 6.96457450 0.00000000 -2.00000000 0.29433788 0.00000000 0.00000000 -1.21184832 0.00000000 0.00000000
25.7700 6.96745726 0.00000000 -2.00000000 0.28221044 0.00000000 0.00000000 -1.21362655 0.00000000 0.00000000
25.7800 6.97021865 0.00000000 -2.00000000 0.27006560 0.00000000 0.00000000 -1.21532992 0.00000000 0.00000000
25.7900 6.97285851 0.00000000 -2.00000000 0.25790410 0.00000000 0.00000000 -1.21695832 0.00000000 0.00000000
25.8000 6.97537668 0.00000000 -2.00000000 0.24572668 0.00000000 0.00000000 -1.21851165 0.00000000 0.00000000
25.8100 6.97777300 0.00000000 -2.00000000 0.23353411 0.00000000 0.00000000 -1.21998982 0.00000000 0.00000000
25.8200 6.98004732 0.00000000 -2.00000000 0.22132714 0.00000000 0.00000000 -1.22139273 0.00000000 0.00000000
25.8300 6.98219949 0.00000000 -2.00000000 0.20910651 0.00000000 0.00000000 -1.22272030 0.00000000 0.00000000
25.8400 6.98422940 0.00000000 -2.00000000 0.19687298 0.00000000 0.00000000 -1.22397245 0.00000000 0.00000000
25.8500 6.98613691 0.00000000 -2.00000000 0.18462731 0.00000000 0.00000000 -1.22514910 0.00000000 0.00000000
25.8600 6.98792191 0.00000000 -2.00000000 0.17237025 0.00000000 0.00000000 -1.22625018 0.00000000 0.00000000
25.8700 6.98958428 0.00000000 -2.00000000 0.16010256 0.00000000 0.00000000 -1.22727561 0.00000000 0.00000000
25.8800 6.99112393 0.00000000 -2.00000000 0.14782499 0.00000000 0.00000000 -1.22822534 0.00000000 0.00000000
25.8900 6.99254075 0.00000000 -2.00000000 0.13553831 0.00000000 0.00000000 -1.22909931 0.00000000 0.00000000
25.9000 6.99383467 0.00000000 -2.00000000 0.12324326 0.00000000 0.00000000 -1.22989746 0.00000000 0.00000000
25.9100 6.99500559 0.00000000 -2.00000000 0.11094061 0.00000000 0.00000000 -1.23061975 0.00000000 0.00000000
25.9200 6.99605346 0.00000000 -2.00000000 0.09863112 0.00000000 0.00000000 -1.23126612 0.00000000 0.00000000
25.9300 6.99697819 0.00000000 -2.00000000 0.08631554 0.00000000 0.00000000 -1.23183655 0.00000000 0.00000000
25.9400 6.99777975 0.00000000 -2.00000000 0.07399464 0.00000000 0.00000000 -1.23233099 0.00000000 0.00000000
25.9500 6.99845807 0.00000000 -2.00000000 0.06166917 0.00000000 0.00000000 -1.23274941 0.00000000 0.00000000
25.9600 6.99901312 0.00000000 -2.00000000 0.04933990 0.00000000 0.00000000 -1.23309179 0.00000000 0.00000000
25.9700 6.99944486 0.00000000 -2.00000000 0.03700759 0.00000000 0.00000000 -1.23335811 0.00000000 0.00000000
25.9800 6.99975326 0.00000000 -2.00000000 0.02467300 0.00000000 0.00000000 -1.23354835 0.00000000 0.00000000
25.9900 6.99993832 0.00000000 -2.00000000 0.01233688 0.00000000 0.00000000 -1.23366250 0.00000000 0.00000000
26.0000 7.00000000 0.00000000 -2.00000000 -0.00000000 0.00000000 0.00000000 -1.23370055 0.00000000 0.00000000
26.0100 6.99993832 0.00000000 -2.00000000 -0.01233688 0.00000000 0.00000000 -1.23366250 0.00000000 0.00000000
26.0200 6.99975326 0.00000000 -2.00000000 -0.02467300 0.00000000 0.00000000 -1.23354835 0.00000000 0.00000000
26.0300 6.99944486 0.00000000 -2.00000000 -0.03700759 0.00000000 0.00000000 -1.23335811 0.00000000 0.00000000
26.0400 6.99901312 0.00000000 -2.00000000 -0.04933990 0.00000000 0.00000000 -1.23309179 0.00000000 0.00000000
26.0500 6.99845807 0.00000000 -2.00000000 -0.06166917 0.00000000 0.00000000 -1.23274941 0.00000000 0.00000000
26.0600 6.99777975 0.00000000 -2.00000000 -0.07399464 0.00000000 0.00000000 -1.23233099 0.00000000 0.00000000
26.0700 6.99697819 0.00000000 -2.00000000 -0.08631554 0.00000000 0.00000000 -1.23183655 0.00000000 0.00000000
26.0800 6.99605346 0.00000000 -2.00000000 -0.09863112 0.00000000 0.00000000 -1.23126612 0.00000000 0.00000000
26.0900 6.99500559 0.00000000 -2.00000000 -0.11094061 0.00000000 0.00000000 -1.23061975 0.00000000 0.00000000
26.1000 6.99383467 0.00000000 -2.00000000 -0.12324326 0.00000000 0.00000000 -1.22989746 0.00000000 0.00000000
26.1100 6.99254075 0.00000000 -2.00000000 -0.13553831 0.00000000 0.00000000 -1.22909931 0.00000000 0.00000000
26.1200 6.99112393 0.00000000 -2.00000000 -0.14782499 0.00000000 0.00000000 -1.22822534 0.00000000 0.00000000
26.1300 6.98958428 0.00000000 -2.00000000 -0.16010256 0.00000000 0.00000000 -1.22727561 0.00000000 0.00000000
26.1400 6.98792191 0.00000000 -2.00000000 -0.17237025 0.00000000 0.00000000 -1.22625018 0.00000000 0.00000000
26.1500 6.98613691 0.00000000 -2.00000000 -0.18462731 0.00000000 0.00000000 -1.22514910 0.00000000 0.00000000
26.1600 6.98422940 0.00000000 -2.00000000 -0.19687298 0.00000000 0.00000000 -1.22397245 0.00000000 0.00000000
26.1700 6.98219949 0.00000000 -2.00000000 -0.20910651 0.00000000 0.00000000 -1.22272030 0.00000000 0.00000000
26.1800 6.98004732 0.00000000 -2.00000000 -0.22132714 0.00000000 0.00000000 -1.22139273 0.00000000 0.00000000
26.1900 6.97777300 0.00000000 -2.00000000 -0.23353411 0.00000000 0.00000000 -1.21998982 0.00000000 0.00000000
26.2000 6.97537668 0.00000000 -2.00000000 -0.24572668 0.00000000 0.00000000 -1.21851165 0.00000000 0.00000000
26.2100 6.97285851 0.00000000 -2.00000000 -0.25790410 0.00000000 0.00000000 -1.21695832 0.00000000 0.00000000
26.2200 6.97021865 0.00000000 -2.00000000 -0.27006560 0.00000000 0.00000000 -1.21532992 0.00000000 0.00000000
26.2300 6.96745726 0.00000000 -2.00000000 -0.28221044 0.00000000 0.00000000 -1.21362655 0.00000000 0.00000000
26.2400 6.96457450 0.00000000 -2.00000000 -0.29433788 0.00000000 0.00000000 -1.21184832 0.00000000 0.00000000
26.2500 6.96157056 0.00000000 -2.00000000 -0.30644716 0.00000000 0.00000000 -1.20999534 0.00000000 0.00000000
26.2600 6.95844562 0.00000000 -2.00000000 -0.31853754 0.00000000 0.00000000 -1.20806772 0.00000000 0.00000000
26.2700 6.95519988 0.00000000 -2.00000000 -0.33060827 0.00000000 0.00000000 -1.20606558 0.00000000 0.00000000
26.2800 6.95183352 0.00000000 -2.00000000 -0.34265860 0.00000000 0.00000000 -1.20398905 0.00000000 0.00000000
26.2900 6.94834677 0.00000000 -2.00000000 -0.35468780 0.00000000 0.00000000 -1.20183824 0.00000000 0.00000000
26.3000 6.94473984 0.00000000 -2.00000000 -0.36669512 0.00000000 0.00000000 -1.19961331 0.00000000 0.00000000
26.3100 6.94101295 0.00000000 -2.00000000 -0.37867982 0.00000000 0.00000000 -1.19731437 0.00000000 0.00000000
26.3200 6.93716632 0.00000000 -2.00000000 -0.39064116 0.00000000 0.00000000 -1.19494158 0.00000000 0.00000000
26.3300 6.93320020 0.00000000 -2.00000000 -0.40257841 0.00000000 0.00000000 -1.19249508 0.00000000 0.00000000
26.3400 6.92911484 0.00000000 -2.00000000 -0.41449082 0.00000000 0.00000000 -1.18997502 0.00000000 0.00000000
26.3500 6.92491047 0.00000000 -2.00000000 -0.42637766 0.00000000 0.00000000 -1.18738155 0.00000000 0.00000000
26.3600 6.92058737 0.00000000 -2.00000000 -0.43823820 0.00000000 0.00000000 -1.18471485 0.00000000 0.00000000
26.3700 6.91614580 0.00000000 -2.00000000 -0.45007171 0.00000000 0.00000000 -1.18197506 0.00000000 0.00000000
26.3800 6.91158603 0.00000000 -2.00000000 -0.46187746 0.00000000 0.00000000 -1.17916237 0.00000000 0.00000000
26.3900 6.90690834 0.00000000 -2.00000000 -0.47365472 0.00000000 0.00000000 -1.17627694 0.00000000 0.00000000
26.4000 6.90211303 0.00000000 -2.00000000 -0.48540276 0.00000000 0.00000000 -1.17331895 0.00000000 0.00000000
26.4100 6.89720039 0.00000000 -2.00000000 -0.49712086 0.00000000 0.00000000 -1.17028858 0.00000000 0.00000000
26.4200 6.89217072 0.00000000 -2.00000000 -0.50880829 0.00000000 0.00000000 -1.16718603 0.00000000 0.00000000
26.4300 6.88702433 0.00000000 -2.00000000 -0.52046434 0.00000000 0.00000000 -1.16401148 0.00000000 0.00000000
26.4400 6.88176154 0.00000000 -2.00000000 -0.53208828 0.00000000 0.00000000 -1.16076512 0.00000000 0.00000000
26.4500 6.87638267 0.00000000 -2.00000000 -0.54367940 0.00000000 0.00000000 -1.15744717 0.00000000 0.00000000
26.4600 6.87088806 0.00000000 -2.00000000 -0.55523699 0.00000000 0.00000000 -1.15405782 0.00000000 0.00000000
26.4700 6.86527805 0.00000000 -2.00000000 -0.56676032 0.00000000 0.00000000 -1.15059728 0.00000000 0.00000000
26.4800 6.85955297 0.00000000 -2.00000000 -0.57824870 0.00000000 0.00000000 -1.14706576 0.00000000 0.00000000
26.4900 6.85371319 0.00000000 -2.00000000 -0.58970140 0.00000000 0.00000000 -1.14346349 0.00000000 0.00000000
26.5000 6.84775907 0.00000000 -2.00000000 -0.60111773 0.00000000 0.00000000 -1.13979069 0.00000000 0.00000000
26.5100 6.84169096 0.00000000 -2.00000000 -0.61249698 0.00000000 0.00000000 -1.13604758 0.00000000 0.00000000
26.5200 6.83550925 0.00000000 -2.00000000 -0.62383845 0.00000000 0.00000000 -1.13223439 0.00000000 0.00000000
26.5300 6.82921432 0.00000000 -2.00000000 -0.63514143 0.00000000 0.00000000 -1.12835136 0.00000000 0.00000000
26.5400 6.82280655 0.00000000 -2.00000000 -0.64640524 0.00000000 0.00000000 -1.12439872 0.00000000 0.00000000
26.5500 6.81628635 0.00000000 -2.00000000 -0.65762918 0.00000000 0.00000000 -1.12037673 0.00000000 0.00000000
26.5600 6.80965410 0.00000000 -2.00000000 -0.66881255 0.00000000 0.00000000 -1.11628563 0.00000000 0.00000000
26.5700 6.80291023 0.00000000 -2.00000000 -0.67995466 0.00000000 0.00000000 -1.11212567 0.00000000 0.00000000
26.5800 6.79605515 0.00000000 -2.00000000 -0.69105483 0.00000000 0.00000000 -1.10789711 0.00000000 0.00000000
26.5900 6.78908928 0.00000000 -2.00000000 -0.70211238 0.00000000 0.00000000 -1.10360021 0.00000000 0.00000000
26.6000 6.78201305 0.00000000 -2.00000000 -0.71312661 0.00000000 0.00000000 -1.09923524 0.00000000 0.00000000
26.6100 6.77482689 0.00000000 -2.00000000 -0.72409685 0.00000000 0.00000000 -1.09480246 0.00000000 0.00000000
26.6200 6.76753126 0.00000000 -2.00000000 -0.73502243 0.00000000 0.00000000 -1.09030214 0.00000000 0.00000000
26.6300 6.76012660 0.00000000 -2.00000000 -0.74590267 0.00000000 0.00000000 -1.08573458 0.00000000 0.00000000
26.6400 6.75261336 0.00000000 -2.00000000 -0.75673690 0.00000000 0.00000000 -1.08110003 0.00000000 0.00000000
26.6500 6.74499201 0.00000000 -2.00000000 -0.76752445 0.00000000 0.00000000 -1.07639880 0.00000000 0.00000000
26.6600 6.73726303 0.00000000 -2.00000000 -0.77826466 0.00000000 0.00000000 -1.07163118 0.00000000 0.00000000
26.6700 6.72942688 0.00000000 -2.00000000 -0.78895685 0.00000000 0.00000000 -1.06679745 0.00000000 0.00000000
26.6800 6.72148405 0.00000000 -2.00000000 -0.79960039 0.00000000 0.00000000 -1.06189791 0.00000000 0.00000000
26.6900 6.71343504 0.00000000 -2.00000000 -0.81019459 0.00000000 0.00000000 -1.05693287 0.00000000 0.00000000
26.7000 6.70528033 0.00000000 -2.00000000 -0.82073883 0.00000000 0.00000000 -1.05190264 0.00000000 0.00000000
26.7100 6.69702043 0.00000000 -2.00000000 -0.83123243 0.00000000 0.00000000 -1.04680752 0.00000000 0.00000000
26.7200 6.68865585 0.00000000 -2.00000000 -0.84167476 0.00000000 0.00000000 -1.04164783 0.00000000 0.00000000
26.7300 6.68018711 0.00000000 -2.00000000 -0.85206517 0.00000000 0.00000000 -1.03642388 0.00000000 0.00000000
26.7400 6.67161472 0.00000000 -2.00000000 -0.86240303 0.00000000 0.00000000 -1.03113600 0.00000000 0.00000000
26.7500 6.66293922 0.00000000 -2.00000000 -0.87268768 0.00000000 0.00000000 -1.02578452 0.00000000 0.00000000
26.7600 6.65416115 0.00000000 -2.00000000 -0.88291851 0.00000000 0.00000000 -1.02036976 0.00000000 0.00000000
26.7700 6.64528104 0.00000000 -2.00000000 -0.89309487 0.00000000 0.00000000 -1.01489206 0.00000000 0.00000000
26.7800 6.63629943 0.00000000 -2.00000000 -0.90321614 0.00000000 0.00000000 -1.00935176 0.00000000 0.00000000
26.7900 6.62721690 0.00000000 -2.00000000 -0.91328169 0.00000000 0.00000000 -1.00374919 0.00000000 0.00000000
26.8000 6.61803399 0.00000000 -2.00000000 -0.92329092 0.00000000 0.00000000 -0.99808471 0.00000000 0.00000000
26.8100 6.60875127 0.00000000 -2.00000000 -0.93324318 0.00000000 0.00000000 -0.99235866 0.00000000 0.00000000
26.8200 6.59936932 0.00000000 -2.00000000 -0.94313788 0.00000000 0.00000000 -0.98657140 0.00000000 0.00000000
26.8300 6.58988871 0.00000000 -2.00000000 -0.95297441 0.00000000 0.00000000 -0.98072329 0.00000000 0.00000000
26.8400 6.58031002 0.00000000 -2.00000000 -0.96275215 0.00000000 0.00000000 -0.97481467 0.00000000 0.00000000
26.8500 6.57063386 0.00000000 -2.00000000 -0.97247050 0.00000000 0.00000000 -0.96884593 0.00000000 0.00000000
26.8600 6.56086081 0.00000000 -2.00000000 -0.98212887 0.00000000 0.00000000 -0.96281742 0.00000000 0.00000000
26.8700 6.55099149 0.00000000 -2.00000000 -0.99172665 0.00000000 0.00000000 -0.95672952 0.00000000 0.00000000
26.8800 6.54102649 0.00000000 -2.00000000 -1.00126326 0.00000000 0.00000000 -0.95058261 0.00000000 0.00000000
26.8900 6.53096643 0.00000000 -2.00000000 -1.01073811 0.00000000 0.00000000 -0.94437706 0.00000000 0.00000000
26.9000 6.52081193 0.00000000 -2.00000000 -1.02015061 0.00000000 0.00000000 -0.93811326 0.00000000 0.00000000
26.9100 6.51056362 0.00000000 -2.00000000 -1.02950018 0.00000000 0.00000000 -0.93179159 0.00000000 0.00000000
26.9200 6.50022214 0.00000000 -2.00000000 -1.03878625 0.00000000 0.00000000 -0.92541244 0.00000000 0.00000000
26.9300 6.48978811 0.00000000 -2.00000000 -1.04800824 0.00000000 0.00000000 -0.91897621 0.00000000 0.00000000
26.9400 6.47926219 0.00000000 -2.00000000 -1.05716558 0.00000000 0.00000000 -0.91248329 0.00000000 0.00000000
26.9500 6.46864502 0.00000000 -2.00000000 -1.06625772 0.00000000 0.00000000 -0.90593408 0.00000000 0.00000000
26.9600 6.45793725 0.00000000 -2.00000000 -1.07528408 0.00000000 0.00000000 -0.89932900 0.00000000 0.00000000
26.9700 6.44713956 0.00000000 -2.00000000 -1.08424411 0.00000000 0.00000000 -0.89266843 0.00000000 0.00000000
26.9800 6.43625260 0.00000000 -2.00000000 -1.09313726 0.00000000 0.00000000 -0.88595281 0.00000000 0.00000000
26.9900 6.42527704 0.00000000 -2.00000000 -1.10196299 0.00000000 0.00000000 -0.87918253 0.00000000 0.00000000
27.0000 6.41421356 0.00000000 -2.00000000 -1.11072073 0.00000000 0.00000000 -0.87235802 0.00000000 0.00000000
27.0100 6.40306285 0.00000000 -2.00000000 -1.11940997 0.00000000 0.00000000 -0.86547971 0.00000000 0.00000000
27.0200 6.39182559 0.00000000 -2.00000000 -1.12803015 0.00000000 0.00000000 -0.85854800 0.00000000 0.00000000
27.0300 6.38050248 0.00000000 -2.00000000 -1.13658075 0.00000000 0.00000000 -0.85156333 0.00000000 0.00000000
27.0400 6.36909421 0.00000000 -2.00000000 -1.14506124 0.00000000 0.00000000 -0.84452614 0.00000000 0.00000000
27.0500 6.35760149 0.00000000 -2.00000000 -1.15347110 0.00000000 0.00000000 -0.83743685 0.00000000 0.00000000
27.0600 6.34602503 0.00000000 -2.00000000 -1.16180981 0.00000000 0.00000000 -0.83029591 0.00000000 0.00000000
27.0700 6.33436553 0.00000000 -2.00000000 -1.17007685 0.00000000 0.00000000 -0.82310375 0.00000000 0.00000000
27.0800 6.32262373 0.00000000 -2.00000000 -1.17827171 0.00000000 0.00000000 -0.81586081 0.00000000 0.00000000
27.0900 6.31080034 0.00000000 -2.00000000 -1.18639390 0.00000000 0.00000000 -0.80856755 0.00000000 0.00000000
27.1000 6.29889610 0.00000000 -2.00000000 -1.19444290 0.00000000 0.00000000 -0.80122441 0.00000000 0.00000000
27.1100 6.28691173 0.00000000 -2.00000000 -1.20241822 0.00000000 0.00000000 -0.79383185 0.00000000 0.00000000
27.1200 6.27484798 0.00000000 -2.00000000 -1.21031937 0.00000000 0.00000000 -0.78639033 0.00000000 0.00000000
27.1300 6.26270559 0.00000000 -2.00000000 -1.21814586 0.00000000 0.00000000 -0.77890029 0.00000000 0.00000000
27.1400 6.25048531 0.00000000 -2.00000000 -1.22589722 0.00000000 0.00000000 -0.77136221 0.00000000 0.00000000
27.1500 6.23818790 0.00000000 -2.00000000 -1.23357295 0.00000000 0.00000000 -0.76377655 0.00000000 0.00000000
27.1600 6.22581411 0.00000000 -2.00000000 -1.24117259 0.00000000 0.00000000 -0.75614377 0.00000000 0.00000000
27.1700 6.21336470 0.00000000 -2.00000000 -1.24869567 0.00000000 0.00000000 -0.74846435 0.00000000 0.00000000
27.1800 6.20084045 0.00000000 -2.00000000 -1.25614172 0.00000000 0.00000000 -0.74073876 0.00000000 0.00000000
27.1900 6.18824213 0.00000000 -2.00000000 -1.26351029 0.00000000 0.00000000 -0.73296748 0.00000000 0.00000000
27.2000 6.17557050 0.00000000 -2.00000000 -1.27080092 0.00000000 0.00000000 -0.72515099 0.00000000 0.00000000
27.2100 6.16282637 0.00000000 -2.00000000 -1.27801316 0.00000000 0.00000000 -0.71728977 0.00000000 0.00000000
27.2200 6.15001050 0.00000000 -2.00000000 -1.28514657 0.00000000 0.00000000 -0.70938430 0.00000000 0.00000000
27.2300 6.13712370 0.00000000 -2.00000000 -1.29220070 0.00000000 0.00000000 -0.70143507 0.00000000 0.00000000
27.2400 6.12416676 0.00000000 -2.00000000 -1.29917513 0.00000000 0.00000000 -0.69344257 0.00000000 0.00000000
27.2500 6.11114047 0.00000000 -2.00000000 -1.30606941 0.00000000 0.00000000 -0.68540730 0.00000000 0.00000000
27.2600 6.09804564 0.00000000 -2.00000000 -1.31288313 0.00000000 0.00000000 -0.67732975 0.00000000 0.00000000
27.2700 6.08488307 0.00000000 -2.00000000 -1.31961587 0.00000000 0.00000000 -0.66921042 0.00000000 0.00000000
27.2800 6.07165359 0.00000000 -2.00000000 -1.32626720 0.00000000 0.00000000 -0.66104981 0.00000000 0.00000000
27.2900 6.05835800 0.00000000 -2.00000000 -1.33283673 0.00000000 0.00000000 -0.65284842 0.00000000 0.00000000
27.3000 6.04499713 0.00000000 -2.00000000 -1.33932404 0.00000000 0.00000000 -0.64460677 0.00000000 0.00000000
27.3100 6.03157180 0.00000000 -2.00000000 -1.34572873 0.00000000 0.00000000 -0.63632535 0.00000000 0.00000000
27.3200 6.01808283 0.00000000 -2.00000000 -1.35205041 0.00000000 0.00000000 -0.62800467 0.00000000 0.00000000
27.3300 6.00453107 0.00000000 -2.00000000 -1.35828870 0.00000000 0.00000000 -0.61964526 0.00000000 0.00000000
27.3400 5.99091734 0.00000000 -2.00000000 -1.36444319 0.00000000 0.00000000 -0.61124763 0.00000000 0.00000000
27.3500 5.97724248 0.00000000 -2.00000000 -1.37051352 0.00000000 0.00000000 -0.60281229 0.00000000 0.00000000
27.3600 5.96350735 0.00000000 -2.00000000 -1.37649931 0.00000000 0.00000000 -0.59433977 0.00000000 0.00000000
27.3700 5.94971278 0.00000000 -2.00000000 -1.38240020 0.00000000 0.00000000 -0.58583059 0.00000000 0.00000000
27.3800 5.93585963 0.00000000 -2.00000000 -1.38821581 0.00000000 0.00000000 -0.57728527 0.00000000 0.00000000
27.3900 5.92194875 0.00000000 -2.00000000 -1.39394578 0.00000000 0.00000000 -0.56870434 0.00000000 0.00000000
27.4000 5.90798100 0.00000000 -2.00000000 -1.39958978 0.00000000 0.00000000 -0.56008833 0.00000000 0.00000000
27.4100 5.89395724 0.00000000 -2.00000000 -1.40514743 0.00000000 0.00000000 -0.55143777 0.00000000 0.00000000
27.4200 5.87987834 0.00000000 -2.00000000 -1.41061842 0.00000000 0.00000000 -0.54275320 0.00000000 0.00000000
27.4300 5.86574516 0.00000000 -2.00000000 -1.41600239 0.00000000 0.00000000 -0.53403514 0.00000000 0.00000000
27.4400 5.85155858 0.00000000 -2.00000000 -1.42129901 0.00000000 0.00000000 -0.52528415 0.00000000 0.00000000
27.4500 5.83731948 0.00000000 -2.00000000 -1.42650796 0.00000000 0.00000000 -0.51650075 0.00000000 0.00000000
27.4600 5.82302872 0.00000000 -2.00000000 -1.43162892 0.00000000 0.00000000 -0.50768549 0.00000000 0.00000000
27.4700 5.80868719 0.00000000 -2.00000000 -1.43666157 0.00000000 0.00000000 -0.49883892 0.00000000 0.00000000
27.4800 5.79429578 0.00000000 -2.00000000 -1.44160559 0.00000000 0.00000000 -0.48996157 0.00000000 0.00000000
27.4900 5.77985538 0.00000000 -2.00000000 -1.44646070 0.00000000 0.00000000 -0.48105400 0.00000000 0.00000000
27.5000 5.76536686 0.00000000 -2.00000000 -1.45122658 0.00000000 0.00000000 -0.47211676 0.00000000 0.00000000
27.5100 5.75083114 0.00000000 -2.00000000 -1.45590294 0.00000000 0.00000000 -0.46315040 0.00000000 0.00000000
27.5200 5.73624911 0.00000000 -2.00000000 -1.46048949 0.00000000 0.00000000 -0.45415546 0.00000000 0.00000000
27.5300 5.72162165 0.00000000 -2.00000000 -1.46498595 0.00000000 0.00000000 -0.44513252 0.00000000 0.00000000
27.5400 5.70694969 0.00000000 -2.00000000 -1.46939205 0.00000000 0.00000000 -0.43608211 0.00000000 0.00000000
27.5500 5.69223411 0.00000000 -2.00000000 -1.47370750 0.00000000 0.00000000 -0.42700480 0.00000000 0.00000000
27.5600 5.67747584 0.00000000 -2.00000000 -1.47793206 0.00000000 0.00000000 -0.41790116 0.00000000 0.00000000
27.5700 5.66267578 0.00000000 -2.00000000 -1.48206544 0.00000000 0.00000000 -0.40877174 0.00000000 0.00000000
27.5800 5.64783484 0.00000000 -2.00000000 -1.48610741 0.00000000 0.00000000 -0.39961710 0.00000000 0.00000000
27.5900 5.63295393 0.00000000 -2.00000000 -1.49005770 0.00000000 0.00000000 -0.39043781 0.00000000 0.00000000
27.6000 5.61803399 0.00000000 -2.00000000 -1.49391608 0.00000000 0.00000000 -0.38123444 0.00000000 0.00000000
27.6100 5.60307592 0.00000000 -2.00000000 -1.49768231 0.00000000 0.00000000 -0.37200755 0.00000000 0.00000000
27.6200 5.58808065 0.00000000 -2.00000000 -1.50135616 0.00000000 0.00000000 -0.36275771 0.00000000 0.00000000
27.6300 5.57304911 0.00000000 -2.00000000 -1.50493739 0.00000000 0.00000000 -0.35348550 0.00000000 0.00000000
27.6400 5.55798221 0.00000000 -2.00000000 -1.50842579 0.00000000 0.00000000 -0.34419148 0.00000000 0.00000000
27.6500 5.54288090 0.00000000 -2.00000000 -1.51182115 0.00000000 0.00000000 -0.33487623 0.00000000 0.00000000
27.6600 5.52774610 0.00000000 -2.00000000 -1.51512325 0.00000000 0.00000000 -0.32554033 0.00000000 0.00000000
27.6700 5.51257875 0.00000000 -2.00000000 -1.51833189 0.00000000 0.00000000 -0.31618434 0.00000000 0.00000000
27.6800 5.49737977 0.00000000 -2.00000000 -1.52144687 0.00000000 0.00000000 -0.30680885 0.00000000 0.00000000
27.6900 5.48215012 0.00000000 -2.00000000 -1.52446800 0.00000000 0.00000000 -0.29741444 0.00000000 0.00000000
27.7000 5.46689073 0.00000000 -2.00000000 -1.52739510 0.00000000 0.00000000 -0.28800167 0.00000000 0.00000000
27.7100 5.45160253 0.00000000 -2.00000000 -1.53022798 0.00000000 0.00000000 -0.27857115 0.00000000 0.00000000
27.7200 5.43628648 0.00000000 -2.00000000 -1.53296646 0.00000000 0.00000000 -0.26912344 0.00000000 0.00000000
27.7300 5.42094352 0.00000000 -2.00000000 -1.53561039 0.00000000 0.00000000 -0.25965913 0.00000000 0.00000000
27.7400 5.40557459 0.00000000 -2.00000000 -1.53815959 0.00000000 0.00000000 -0.25017880 0.00000000 0.00000000
27.7500 5.39018064 0.00000000 -2.00000000 -1.54061392 0.00000000 0.00000000 -0.24068304 0.00000000 0.00000000
27.7600 5.37476263 0.00000000 -2.00000000 -1.54297321 0.00000000 0.00000000 -0.23117243 0.00000000 0.00000000
27.7700 5.35932150 0.00000000 -2.00000000 -1.54523732 0.00000000 0.00000000 -0.22164756 0.00000000 0.00000000
27.7800 5.34385820 0.00000000 -2.00000000 -1.54740611 0.00000000 0.00000000 -0.21210903 0.00000000 0.00000000
27.7900 5.32837369 0.00000000 -2.00000000 -1.54947945 0.00000000 0.00000000 -0.20255740 0.00000000 0.00000000
27.8000 5.31286893 0.00000000 -2.00000000 -1.55145722 0.00000000 0.00000000 -0.19299329 0.00000000 0.00000000
27.8100 5.29734487 0.00000000 -2.00000000 -1.55333928 0.00000000 0.00000000 -0.18341726 0.00000000 0.00000000
27.8200 5.28180246 0.00000000 -2.00000000 -1.55512552 0.00000000 0.00000000 -0.17382993 0.00000000 0.00000000
27.8300 5.26624268 0.00000000 -2.00000000 -1.55681584 0.00000000 0.00000000 -0.16423187 0.00000000 0.00000000
27.8400 5.25066647 0.00000000 -2.00000000 -1.55841013 0.00000000 0.00000000 -0.15462368 0.00000000 0.00000000
27.8500 5.23507479 0.00000000 -2.00000000 -1.55990828 0.00000000 0.00000000 -0.14500595 0.00000000 0.00000000
27.8600 5.21946862 0.00000000 -2.00000000 -1.56131022 0.00000000 0.00000000 -0.13537928 0.00000000 0.00000000
27.8700 5.20384891 0.00000000 -2.00000000 -1.56261584 0.00000000 0.00000000 -0.12574426 0.00000000 0.00000000
27.8800 5.18821663 0.00000000 -2.00000000 -1.56382508 0.00000000 0.00000000 -0.11610148 0.00000000 0.00000000
27.8900 5.17257273 0.00000000 -2.00000000 -1.56493785 0.00000000 0.00000000 -0.10645154 0.00000000 0.00000000
27.9000 5.15691819 0.00000000 -2.00000000 -1.56595409 0.00000000 0.00000000 -0.09679503 0.00000000 0.00000000
27.9100 5.14125397 0.00000000 -2.00000000 -1.56687373 0.00000000 0.00000000 -0.08713255 0.00000000 0.00000000
27.9200 5.12558104 0.00000000 -2.00000000 -1.56769672 0.00000000 0.00000000 -0.07746470 0.00000000 0.00000000
27.9300 5.10990036 0.00000000 -2.00000000 -1.56842301 0.00000000 0.00000000 -0.06779207 0.00000000 0.00000000
27.9400 5.09421290 0.00000000 -2.00000000 -1.56905255 0.00000000 0.00000000 -0.05811525 0.00000000 0.00000000
27.9500 5.07851963 0.00000000 -2.00000000 -1.56958530 0.00000000 0.00000000 -0.04843486 0.00000000 0.00000000
27.9600 5.06282152 0.00000000 -2.00000000 -1.57002123 0.00000000 0.00000000 -0.03875147 0.00000000 0.00000000
27.9700 5.04711953 0.00000000 -2.00000000 -1.57036032 0.00000000 0.00000000 -0.02906569 0.00000000 0.00000000
27.9800 5.03141463 0.00000000 -2.00000000 -1.57060254 0.00000000 0.00000000 -0.01937813 0.00000000 0.00000000
27.9900 5.01570780 0.00000000 -2.00000000 -1.57074788 0.00000000 0.00000000 -0.00968936 0.00000000 0.00000000
28.0000 5.00000000 0.00000000 -2.00000000 -1.57079633 0.00000000 0.00000000 -0.00000000 0.00000000 0.00000000
28.0100 4.98429220 0.00000000 -2.00000000 -1.57074788 0.00000000 0.00000000 0.00968936 0.00000000 0.00000000
28.0200 4.96858537 0.00000000 -2.00000000 -1.57060254 0.00000000 0.00000000 0.01937813 0.00000000 0.00000000
28.0300 4.95288047 0.00000000 -2.00000000 -1.57036032 0.00000000 0.00000000 0.02906569 0.00000000 0.00000000
28.0400 4.93717848 0.00000000 -2.00000000 -1.57002123 0.00000000 0.00000000 0.03875147 0.00000000 0.00000000
28.0500 4.92148037 0.00000000 -2.00000000 -1.56958530 0.00000000 0.00000000 0.04843486 0.00000000 0.00000000
28.0600 4.90578710 0.00000000 -2.00000000 -1.56905255 0.00000000 0.00000000 0.05811525 0.00000000 0.00000000
28.0700 4.89009964 0.00000000 -2.00000000 -1.56842301 0.00000000 0.00000000 0.06779207 0.00000000 0.00000000
28.0800 4.87441896 0.00000000 -2.00000000 -1.56769672 0.00000000 0.00000000 0.07746470 0.00000000 0.00000000
28.0900 4.85874603 0.00000000 -2.00000000 -1.56687373 0.00000000 0.00000000 0.08713255 0.00000000 0.00000000
28.1000 4.84308181 0.00000000 -2.00000000 -1.56595409 0.00000000 0.00000000 0.09679503 0.00000000 0.00000000
28.1100 4.82742727 0.00000000 -2.00000000 -1.56493785 0.00000000 0.00000000 0.10645154 0.00000000 0.00000000
28.1200 4.81178337 0.00000000 -2.00000000 -1.56382508 0.00000000 0.00000000 0.11610148 0.00000000 0.00000000
28.1300 4.79615109 0.00000000 -2.00000000 -1.56261584 0.00000000 0.00000000 0.12574426 0.00000000 0.00000000
28.1400 4.78053138 0.00000000 -2.00000000 -1.56131022 0.00000000 0.00000000 0.13537928 0.00000000 0.00000000
28.1500 4.76492521 0.00000000 -2.00000000 -1.55990828 0.00000000 0.00000000 0.14500595 0.00000000 0.00000000
28.1600 4.74933353 0.00000000 -2.00000000 -1.55841013 0.00000000 0.00000000 0.15462368 0.00000000 0.00000000
28.1700 4.73375732 0.00000000 -2.00000000 -1.55681584 0.00000000 0.00000000 0.16423187 0.00000000 0.00000000
28.1800 4.71819754 0.00000000 -2.00000000 -1.55512552 0.00000000 0.00000000 0.17382993 0.00000000 0.00000000
28.1900 4.70265513 0.00000000 -2.00000000 -1.55333928 0.00000000 0.00000000 0.18341726 0.00000000 0.00000000
28.2000 4.68713107 0.00000000 -2.00000000 -1.55145722 0.00000000 0.00000000 0.19299329 0.00000000 0.00000000
28.2100 4.67162631 0.00000000 -2.00000000 -1.54947945 0.00000000 0.00000000 0.20255740 0.00000000 0.00000000
28.2200 4.65614180 0.00000000 -2.00000000 -1.54740611 0.00000000 0.00000000 0.21210903 0.00000000 0.00000000
28.2300 4.64067850 0.00000000 -2.00000000 -1.54523732 0.00000000 0.00000000 0.22164756 0.00000000 0.00000000
28.2400 4.62523737 0.00000000 -2.00000000 -1.54297321 0.00000000 0.00000000 0.23117243 0.00000000 0.00000000
28.2500 4.60981936 0.00000000 -2.00000000 -1.54061392 0.00000000 0.00000000 0.24068304 0.00000000 0.00000000
28.2600 4.59442541 0.00000000 -2.00000000 -1.53815959 0.00000000 0.00000000 0.25017880 0.00000000 0.00000000
28.2700 4.57905648 0.00000000 -2.00000000 -1.53561039 0.00000000 0.00000000 0.25965913 0.00000000 0.00000000
28.2800 4.56371352 0.00000000 -2.00000000 -1.53296646 0.00000000 0.00000000 0.26912344 0.00000000 0.00000000
28.2900 4.54839747 0.00000000 -2.00000000 -1.53022798 0.00000000 0.00000000 0.27857115 0.00000000 0.00000000
28.3000 4.53310927 0.00000000 -2.00000000 -1.52739510 0.00000000 0.00000000 0.28800167 0.00000000 0.00000000
28.3100 4.51784988 0.00000000 -2.00000000 -1.52446800 0.00000000 0.00000000 0.29741444 0.00000000 0.00000000
28.3200 4.50262023 0.00000000 -2.00000000 -1.52144687 0.00000000 0.00000000 0.30680885 0.00000000 0.00000000
28.3300 4.48742125 0.00000000 -2.00000000 -1.51833189 0.00000000 0.00000000 0.31618434 0.00000000 0.00000000
28.3400 4.47225390 0.00000000 -2.00000000 -1.51512325 0.00000000 0.00000000 0.32554033 0.00000000 0.00000000
28.3500 4.45711910 0.00000000 -2.00000000 -1.51182115 0.00000000 0.00000000 0.33487623 0.00000000 0.00000000
28.3600 4.44201779 0.00000000 -2.00000000 -1.50842579 0.00000000 0.00000000 0.34419148 0.00000000 0.00000000
28.3700 4.42695089 0.00000000 -2.00000000 -1.50493739 0.00000000 0.00000000 0.35348550 0.00000000 0.00000000
28.3800 4.41191935 0.00000000 -2.00000000 -1.50135616 0.00000000 0.00000000 0.36275771 0.00000000 0.00000000
28.3900 4.39692408 0.00000000 -2.00000000 -1.49768231 0.00000000 0.00000000 0.37200755 0.00000000 0.00000000
28.4000 4.38196601 0.00000000 -2.00000000 -1.49391608 0.00000000 0.00000000 0.38123444 0.00000000 0.00000000
28.4100 4.36704607 0.00000000 -2.00000000 -1.49005770 0.00000000 0.00000000 0.39043781 0.00000000 0.00000000
28.4200 4.35216516 0.00000000 -2.00000000 -1.48610741 0.00000000 0.00000000 0.39961710 0.00000000 0.00000000
28.4300 4.33732422 0.00000000 -2.00000000 -1.48206544 0.00000000 0.00000000 0.40877174 0.00000000 0.00000000
28.4400 4.32252416 0.00000000 -2.00000000 -1.47793206 0.00000000 0.00000000 0.41790116 0.00000000 0.00000000
28.4500 4.30776589 0.00000000 -2.00000000 -1.47370750 0.00000000 0.00000000 0.42700480 0.00000000 0.00000000
28.4600 4.29305031 0.00000000 -2.00000000 -1.46939205 0.00000000 0.00000000 0.43608211 0.00000000 0.00000000
28.4700 4.27837835 0.00000000 -2.00000000 -1.46498595 0.00000000 0.00000000 0.44513252 0.00000000 0.00000000
28.4800 4.26375089 0.00000000 -2.00000000 -1.46048949 0.00000000 0.00000000 0.45415546 0.00000000 0.00000000
28.4900 4.24916886 0.00000000 -2.00000000 -1.45590294 0.00000000 0.00000000 0.46315040 0.00000000 0.00000000
28.5000 4.23463314 0.00000000 -2.00000000 -1.45122658 0.00000000 0.00000000 0.47211676 0.00000000 0.00000000
28.5100 4.22014462 0.00000000 -2.00000000 -1.44646070 0.00000000 0.00000000 0.48105400 0.00000000 0.00000000
28.5200 4.20570422 0.00000000 -2.00000000 -1.44160559 0.00000000 0.00000000 0.48996157 0.00000000 0.00000000
28.5300 4.19131281 0.00000000 -2.00000000 -1.43666157 0.00000000 0.00000000 0.49883892 0.00000000 0.00000000
28.5400 4.17697128 0.00000000 -2.00000000 -1.43162892 0.00000000 0.00000000 0.50768549 0.00000000 0.00000000
28.5500 4.16268052 0.00000000 -2.00000000 -1.42650796 0.00000000 0.00000000 0.51650075 0.00000000 0.00000000
28.5600 4.14844142 0.00000000 -2.00000000 -1.42129901 0.00000000 0.00000000 0.52528415 0.00000000 0.00000000
28.5700 4.13425484 0.00000000 -2.00000000 -1.41600239 0.00000000 0.00000000 0.53403514 0.00000000 0.00000000
28.5800 4.12012166 0.00000000 -2.00000000 -1.41061842 0.00000000 0.00000000 0.54275320 0.00000000 0.00000000
28.5900 4.10604276 0.00000000 -2.00000000 -1.40514743 0.00000000 0.00000000 0.55143777 0.00000000 0.00000000
28.6000 4.09201900 0.00000000 -2.00000000 -1.39958978 0.00000000 0.00000000 0.56008833 0.00000000 0.00000000
28.6100 4.07805125 0.00000000 -2.00000000 -1.39394578 0.00000000 0.00000000 0.56870434 0.00000000 0.00000000
28.6200 4.06414037 0.00000000 -2.00000000 -1.38821581 0.00000000 0.00000000 0.57728527 0.00000000 0.00000000
28.6300 4.05028722 0.00000000 -2.00000000 -1.38240020 0.00000000 0.00000000 0.58583059 0.00000000 0.00000000
28.6400 4.03649265 0.00000000 -2.00000000 -1.37649931 0.00000000 0.00000000 0.59433977 0.00000000 0.00000000
28.6500 4.02275752 0.00000000 -2.00000000 -1.37051352 0.00000000 0.00000000 0.60281229 0.00000000 0.00000000
28.6600 4.00908266 0.00000000 -2.00000000 -1.36444319 0.00000000 0.00000000 0.61124763 0.00000000 0.00000000
28.6700 3.99546893 0.00000000 -2.00000000 -1.35828870 0.00000000 0.00000000 0.61964526 0.00000000 0.00000000
28.6800 3.98191717 0.00000000 -2.00000000 -1.35205041 0.00000000 0.00000000 0.62800467 0.00000000 0.00000000
28.6900 3.96842820 0.00000000 -2.00000000 -1.34572873 0.00000000 0.00000000 0.63632535 0.00000000 0.00000000
28.7000 3.95500287 0.00000000 -2.00000000 -1.33932404 0.00000000 0.00000000 0.64460677 0.00000000 0.00000000
28.7100 3.94164200 0.00000000 -2.00000000 -1.33283673 0.00000000 0.00000000 0.65284842 0.00000000 0.00000000
28.7200 3.92834641 0.00000000 -2.00000000 -1.32626720 0.00000000 0.00000000 0.66104981 0.00000000 0.00000000
28.7300 3.91511693 0.00000000 -2.00000000 -1.31961587 0.00000000 0.00000000 0.66921042 0.00000000 0.00000000
28.7400 3.90195436 0.00000000 -2.00000000 -1.31288313 0.00000000 0.00000000 0.67732975 0.00000000 0.00000000
28.7500 3.88885953 0.00000000 -2.00000000 -1.30606941 0.00000000 0.00000000 0.68540730 0.00000000 0.00000000
28.7600 3.87583324 0.00000000 -2.00000000 -1.29917513 0.00000000 0.00000000 0.69344257 0.00000000 0.00000000
28.7700 3.86287630 0.00000000 -2.00000000 -1.29220070 0.00000000 0.00000000 0.70143507 0.00000000 0.00000000
28.7800 3.84998950 0.00000000 -2.00000000 -1.28514657 0.00000000 0.00000000 0.70938430 0.00000000 0.00000000
28.7900 3.83717363 0.00000000 -2.00000000 -1.27801316 0.00000000 0.00000000 0.71728977 0.00000000 0.00000000
28.8000 3.82442950 0.00000000 -2.00000000 -1.27080092 0.00000000 0.00000000 0.72515099 0.00000000 0.00000000
28.8100 3.81175787 0.00000000 -2.00000000 -1.26351029 0.00000000 0.00000000 0.73296748 0.00000000 0.00000000
28.8200 3.79915955 0.00000000 -2.00000000 -1.25614172 0.00000000 0.00000000 0.74073876 0.00000000 0.00000000
28.8300 3.78663530 0.00000000 -2.00000000 -1.24869567 0.00000000 0.00000000 0.74846435 0.00000000 0.00000000
28.8400 3.77418589 0.00000000 -2.00000000 -1.24117259 0.00000000 0.00000000 0.75614377 0.00000000 0.00000000
28.8500 3.76181210 0.00000000 -2.00000000 -1.23357295 0.00000000 0.00000000 0.76377655 0.00000000 0.00000000
28.8600 3.74951469 0.00000000 -2.00000000 -1.22589722 0.00000000 0.00000000 0.77136221 0.00000000 0.00000000
28.8700 3.73729441 0.00000000 -2.00000000 -1.21814586 0.00000000 0.00000000 0.77890029 0.00000000 0.00000000
28.8800 3.72515202 0.00000000 -2.00000000 -1.21031937 0.00000000 0.00000000 0.78639033 0.00000000 0.00000000
28.8900 3.71308827 0.00000000 -2.00000000 -1.20241822 0.00000000 0.00000000 0.79383185 0.00000000 0.00000000
28.9000 3.70110390 0.00000000 -2.00000000 -1.19444290 0.00000000 0.00000000 0.80122441 0.00000000 0.00000000
28.9100 3.68919966 0.00000000 -2.00000000 -1.18639390 0.00000000 0.00000000 0.80856755 0.00000000 0.00000000
28.9200 3.67737627 0.00000000 -2.00000000 -1.17827171 0.00000000 0.00000000 0.81586081 0.00000000 0.00000000
28.9300 3.66563447 0.00000000 -2.00000000 -1.17007685 0.00000000 0.00000000 0.82310375 0.00000000 0.00000000
28.9400 3.65397497 0.00000000 -2.00000000 -1.16180981 0.00000000 0.00000000 0.83029591 0.00000000 0.00000000
28.9500 3.64239851 0.00000000 -2.00000000 -1.15347110 0.00000000 0.00000000 0.83743685 0.00000000 0.00000000
28.9600 3.63090579 0.00000000 -2.00000000 -1.14506124 0.00000000 0.00000000 0.84452614 0.00000000 0.00000000
28.9700 3.61949752 0.00000000 -2.00000000 -1.13658075 0.00000000 0.00000000 0.85156333 0.00000000 0.00000000
28.9800 3.60817441 0.00000000 -2.00000000 -1.12803015 0.00000000 0.00000000 0.85854800 0.00000000 0.00000000
28.9900 3.59693715 0.00000000 -2.00000000 -1.11940997 0.00000000 0.00000000 0.86547971 0.00000000 0.00000000
29.0000 3.58578644 0.00000000 -2.00000000 -1.11072073 0.00000000 0.00000000 0.87235802 0.00000000 0.00000000
29.0100 3.57472296 0.00000000 -2.00000000 -1.10196299 0.00000000 0.00000000 0.87918253 0.00000000 0.00000000
29.0200 3.56374740 0.00000000 -2.00000000 -1.09313726 0.00000000 0.00000000 0.88595281 0.00000000 0.00000000
29.0300 3.55286044 0.00000000 -2.00000000 -1.08424411 0.00000000 0.00000000 0.89266843 0.00000000 0.00000000
29.0400 3.54206275 0.00000000 -2.00000000 -1.07528408 0.00000000 0.00000000 0.89932900 0.00000000 0.00000000
29.0500 3.53135498 0.00000000 -2.00000000 -1.06625772 0.00000000 0.00000000 0.90593408 0.00000000 0.00000000
29.0600 3.52073781 0.00000000 -2.00000000 -1.05716558 0.00000000 0.00000000 0.91248329 0.00000000 0.00000000
29.0700 3.51021189 0.00000000 -2.00000000 -1.04800824 0.00000000 0.00000000 0.91897621 0.00000000 0.00000000
29.0800 3.49977786 0.00000000 -2.00000000 -1.03878625 0.00000000 0.00000000 0.92541244 0.00000000 0.00000000
29.0900 3.48943638 0.00000000 -2.00000000 -1.02950018 0.00000000 0.00000000 0.93179159 0.00000000 0.00000000
29.1000 3.47918807 0.00000000 -2.00000000 -1.02015061 0.00000000 0.00000000 0.93811326 0.00000000 0.00000000
29.1100 3.46903357 0.00000000 -2.00000000 -1.01073811 0.00000000 0.00000000 0.94437706 0.00000000 0.00000000
29.1200 3.45897351 0.00000000 -2.00000000 -1.00126326 0.00000000 0.00000000 0.95058261 0.00000000 0.00000000
29.1300 3.44900851 0.00000000 -2.00000000 -0.99172665 0.00000000 0.00000000 0.95672952 0.00000000 0.00000000
29.1400 3.43913919 0.00000000 -2.00000000 -0.98212887 0.00000000 0.00000000 0.96281742 0.00000000 0.00000000
29.1500 3.42936614 0.00000000 -2.00000000 -0.97247050 0.00000000 0.00000000 0.96884593 0.00000000 0.00000000
29.1600 3.41968998 0.00000000 -2.00000000 -0.96275215 0.00000000 0.00000000 0.97481467 0.00000000 0.00000000
29.1700 3.41011129 0.00000000 -2.00000000 -0.95297441 0.00000000 0.00000000 0.98072329 0.00000000 0.00000000
29.1800 3.40063068 0.00000000 -2.00000000 -0.94313788 0.00000000 0.00000000 0.98657140 0.00000000 0.00000000
29.1900 3.39124873 0.00000000 -2.00000000 -0.93324318 0.00000000 0.00000000 0.99235866 0.00000000 0.00000000
29.2000 3.38196601 0.00000000 -2.00000000 -0.92329092 0.00000000 0.00000000 0.99808471 0.00000000 0.00000000
29.2100 3.37278310 0.00000000 -2.00000000 -0.91328169 0.00000000 0.00000000 1.00374919 0.00000000 0.00000000
29.2200 3.36370057 0.00000000 -2.00000000 -0.90321614 0.00000000 0.00000000 1.00935176 0.00000000 0.00000000
29.2300 3.35471896 0.00000000 -2.00000000 -0.89309487 0.00000000 0.00000000 1.01489206 0.00000000 0.00000000
29.2400 3.34583885 0.00000000 -2.00000000 -0.88291851 0.00000000 0.00000000 1.02036976 0.00000000 0.00000000
29.2500 3.33706078 0.00000000 -2.00000000 -0.87268768 0.00000000 0.00000000 1.02578452 0.00000000 0.00000000
29.2600 3.32838528 0.00000000 -2.00000000 -0.86240303 0.00000000 0.00000000 1.03113600 0.00000000 0.00000000
29.2700 3.31981289 0.00000000 -2.00000000 -0.85206517 0.00000000 0.00000000 1.03642388 0.00000000 0.00000000
29.2800 3.31134415 0.00000000 -2.00000000 -0.84167476 0.00000000 0.00000000 1.04164783 0.00000000 0.00000000
29.2900 3.30297957 0.00000000 -2.00000000 -0.83123243 0.00000000 0.00000000 1.04680752 0.00000000 0.00000000
29.3000 3.29471967 0.00000000 -2.00000000 -0.82073883 0.00000000 0.00000000 1.05190264 0.00000000 0.00000000
29.3100 3.28656496 0.00000000 -2.00000000 -0.81019459 0.00000000 0.00000000 1.05693287 0.00000000 0.00000000
29.3200 3.27851595 0.00000000 -2.00000000 -0.79960039 0.00000000 0.00000000 1.06189791 0.00000000 0.00000000
29.3300 3.27057312 0.00000000 -2.00000000 -0.78895685 0.00000000 0.00000000 1.06679745 0.00000000 0.00000000
29.3400 3.26273697 0.00000000 -2.00000000 -0.77826466 0.00000000 0.00000000 1.07163118 0.00000000 0.00000000
29.3500 3.25500799 0.00000000 -2.00000000 -0.76752445 0.00000000 0.00000000 1.07639880 0.00000000 0.00000000
29.3600 3.24738664 0.00000000 -2.00000000 -0.75673690 0.00000000 0.00000000 1.08110003 0.00000000 0.00000000
29.3700 3.23987340 0.00000000 -2.00000000 -0.74590267 0.00000000 0.00000000 1.08573458 0.00000000 0.00000000
29.3800 3.23246874 0.00000000 -2.00000000 -0.73502243 0.00000000 0.00000000 1.09030214 0.00000000 0.00000000
29.3900 3.22517311 0.00000000 -2.00000000 -0.72409685 0.00000000 0.00000000 1.09480246 0.00000000 0.00000000
29.4000 3.21798695 0.00000000 -2.00000000 -0.71312661 0.00000000 0.00000000 1.09923524 0.00000000 0.00000000
29.4100 3.21091072 0.00000000 -2.00000000 -0.70211238 0.00000000 0.00000000 1.10360021 0.00000000 0.00000000
29.4200 3.20394485 0.00000000 -2.00000000 -0.69105483 0.00000000 0.00000000 1.10789711 0.00000000 0.00000000
29.4300 3.19708977 0.00000000 -2.00000000 -0.67995466 0.00000000 0.00000000 1.11212567 0.00000000 0.00000000
29.4400 3.19034590 0.00000000 -2.00000000 -0.66881255 0.00000000 0.00000000 1.11628563 0.00000000 0.00000000
29.4500 3.18371365 0.00000000 -2.00000000 -0.65762918 0.00000000 0.00000000 1.12037673 0.00000000 0.00000000
29.4600 3.17719345 0.00000000 -2.00000000 -0.64640524 0.00000000 0.00000000 1.12439872 0.00000000 0.00000000
29.4700 3.17078568 0.00000000 -2.00000000 -0.63514143 0.00000000 0.00000000 1.12835136 0.00000000 0.00000000
29.4800 3.16449075 0.00000000 -2.00000000 -0.62383845 0.00000000 0.00000000 1.13223439 0.00000000 0.00000000
29.4900 3.15830904 0.00000000 -2.00000000 -0.61249698 0.00000000 0.00000000 1.13604758 0.00000000 0.00000000
29.5000 3.15224093 0.00000000 -2.00000000 -0.60111773 0.00000000 0.00000000 1.13979069 0.00000000 0.00000000
29.5100 3.14628681 0.00000000 -2.00000000 -0.58970140 0.00000000 0.00000000 1.14346349 0.00000000 0.00000000
29.5200 3.14044703 0.00000000 -2.00000000 -0.57824870 0.00000000 0.00000000 1.14706576 0.00000000 0.00000000
29.5300 3.13472195 0.00000000 -2.00000000 -0.56676032 0.00000000 0.00000000 1.15059728 0.00000000 0.00000000
29.5400 3.12911194 0.00000000 -2.00000000 -0.55523699 0.00000000 0.00000000 1.15405782 0.00000000 0.00000000
29.5500 3.12361733 0.00000000 -2.00000000 -0.54367940 0.00000000 0.00000000 1.15744717 0.00000000 0.00000000
29.5600 3.11823846 0.00000000 -2.00000000 -0.53208828 0.00000000 0.00000000 1.16076512 0.00000000 0.00000000
29.5700 3.11297567 0.00000000 -2.00000000 -0.52046434 0.00000000 0.00000000 1.16401148 0.00000000 0.00000000
29.5800 3.10782928 0.00000000 -2.00000000 -0.50880829 0.00000000 0.00000000 1.16718603 0.00000000 0.00000000
29.5900 3.10279961 0.00000000 -2.00000000 -0.49712086 0.00000000 0.00000000 1.17028858 0.00000000 0.00000000
29.6000 3.09788697 0.00000000 -2.00000000 -0.48540276 0.00000000 0.00000000 1.17331895 0.00000000 0.00000000
29.6100 3.09309166 0.00000000 -2.00000000 -0.47365472 0.00000000 0.00000000 1.17627694 0.00000000 0.00000000
29.6200 3.08841397 0.00000000 -2.00000000 -0.46187746 0.00000000 0.00000000 1.17916237 0.00000000 0.00000000
29.6300 3.08385420 0.00000000 -2.00000000 -0.45007171 0.00000000 0.00000000 1.18197506 0.00000000 0.00000000
29.6400 3.07941263 0.00000000 -2.00000000 -0.43823820 0.00000000 0.00000000 1.18471485 0.00000000 0.00000000
29.6500 3.07508953 0.00000000 -2.00000000 -0.42637766 0.00000000 0.00000000 1.18738155 0.00000000 0.00000000
29.6600 3.07088516 0.00000000 -2.00000000 -0.41449082 0.00000000 0.00000000 1.18997502 0.00000000 0.00000000
29.6700 3.06679980 0.00000000 -2.00000000 -0.40257841 0.00000000 0.00000000 1.19249508 0.00000000 0.00000000
29.6800 3.06283368 0.00000000 -2.00000000 -0.39064116 0.00000000 0.00000000 1.19494158 0.00000000 0.00000000
29.6900 3.05898705 0.00000000 -2.00000000 -0.37867982 0.00000000 0.00000000 1.19731437 0.00000000 0.00000000
29.7000 3.05526016 0.00000000 -2.00000000 -0.36669512 0.00000000 0.00000000 1.19961331 0.00000000 0.00000000
29.7100 3.05165323 0.00000000 -2.00000000 -0.35468780 0.00000000 0.00000000 1.20183824 0.00000000 0.00000000
29.7200 3.04816648 0.00000000 -2.00000000 -0.34265860 0.00000000 0.00000000 1.20398905 0.00000000 0.00000000
29.7300 3.04480012 0.00000000 -2.00000000 -0.33060827 0.00000000 0.00000000 1.20606558 0.00000000 0.00000000
29.7400 3.04155438 0.00000000 -2.00000000 -0.31853754 0.00000000 0.00000000 1.20806772 0.00000000 0.00000000
29.7500 3.03842944 0.00000000 -2.00000000 -0.30644716 0.00000000 0.00000000 1.20999534 0.00000000 0.00000000
29.7600 3.03542550 0.00000000 -2.00000000 -0.29433788 0.00000000 0.00000000 1.21184832 0.00000000 0.00000000
29.7700 3.03254274 0.00000000 -2.00000000 -0.28221044 0.00000000 0.00000000 1.21362655 0.00000000 0.00000000
29.7800 3.02978135 0.00000000 -2.00000000 -0.27006560 0.00000000 0.00000000 1.21532992 0.00000000 0.00000000
29.7900 3.02714149 0.00000000 -2.00000000 -0.25790410 0.00000000 0.00000000 1.21695832 0.00000000 0.00000000
29.8000 3.02462332 0.00000000 -2.00000000 -0.24572668 0.00000000 0.00000000 1.21851165 0.00000000 0.00000000
29.8100 3.02222700 0.00000000 -2.00000000 -0.23353411 0.00000000 0.00000000 1.21998982 0.00000000 0.00000000
29.8200 3.01995268 0.00000000 -2.00000000 -0.22132714 0.00000000 0.00000000 1.22139273 0.00000000 0.00000000
29.8300 3.01780051 0.00000000 -2.00000000 -0.20910651 0.00000000 0.00000000 1.22272030 0.00000000 0.00000000
29.8400 3.01577060 0.00000000 -2.00000000 -0.19687298 0.00000000 0.00000000 1.22397245 0.00000000 0.00000000
29.8500 3.01386309 0.00000000 -2.00000000 -0.18462731 0.00000000 0.00000000 1.22514910 0.00000000 0.00000000
29.8600 3.01207809 0.00000000 -2.00000000 -0.17237025 0.00000000 0.00000000 1.22625018 0.00000000 0.00000000
29.8700 3.01041572 0.00000000 -2.00000000 -0.16010256 0.00000000 0.00000000 1.22727561 0.00000000 0.00000000
29.8800 3.00887607 0.00000000 -2.00000000 -0.14782499 0.00000000 0.00000000 1.22822534 0.00000000 0.00000000
29.8900 3.00745925 0.00000000 -2.00000000 -0.13553831 0.00000000 0.00000000 1.22909931 0.00000000 0.00000000
29.9000 3.00616533 0.00000000 -2.00000000 -0.12324326 0.00000000 0.00000000 1.22989746 0.00000000 0.00000000
29.9100 3.00499441 0.00000000 -2.00000000 -0.11094061 0.00000000 0.00000000 1.23061975 0.00000000 0.00000000
29.9200 3.00394654 0.00000000 -2.00000000 -0.09863112 0.00000000 0.00000000 1.23126612 0.00000000 0.00000000
29.9300 3.00302181 0.00000000 -2.00000000 -0.08631554 0.00000000 0.00000000 1.23183655 0.00000000 0.00000000
29.9400 3.00222025 0.00000000 -2.00000000 -0.07399464 0.00000000 0.00000000 1.23233099 0.00000000 0.00000000
29.9500 3.00154193 0.00000000 -2.00000000 -0.06166917 0.00000000 0.00000000 1.23274941 0.00000000 0.00000000
29.9600 3.00098688 0.00000000 -2.00000000 -0.04933990 0.00000000 0.00000000 1.23309179 0.00000000 0.00000000
29.9700 3.00055514 0.00000000 -2.00000000 -0.03700759 0.00000000 0.00000000 1.23335811 0.00000000 0.00000000
29.9800 3.00024674 0.00000000 -2.00000000 -0.02467300 0.00000000 0.00000000 1.23354835 0.00000000 0.00000000
29.9900 3.00006168 0.00000000 -2.00000000 -0.01233688 0.00000000 0.00000000 1.23366250 0.00000000 0.00000000
30.0000 3.00000000 0.00000000 -2.00000000 -0.00000000 0.00000000 0.00000000 1.23370055 0.00000000 0.00000000
