5000    
0.000000    -0.000000    0.000000    0.000000    0.000001    0.000000    0.000000    -0.000021    0.000000    0.000000  
0.010001    -0.000000    0.000000    0.000000    0.000001    0.000000    0.000000    -0.000019    0.000000    0.000000  
0.020002    -0.000000    0.000000    0.000000    0.000001    0.000000    0.000000    -0.000016    0.000000    0.000000  
0.030003    -0.000000    0.000000    0.000000    0.000001    0.000000    0.000000    -0.000014    0.000000    0.000000  
0.040004    -0.000000    0.000000    0.000000    0.000001    0.000000    0.000000    -0.000012    0.000000    0.000000  
0.050005    -0.000000    0.000000    0.000000    0.000000    0.000000    0.000000    -0.000011    0.000000    0.000000  
0.060006    -0.000000    0.000000    0.000000    0.000000    0.000000    0.000000    -0.000009    0.000000    0.000000  
0.070007    -0.000000    0.000000    0.000000    0.000000    0.000000    0.000000    -0.000008    0.000000    0.000000  
0.080008    -0.000000    0.000000    0.000000    0.000000    0.000000    0.000000    -0.000006    0.000000    0.000000  
0.090009    -0.000000    0.000000    0.000000    0.000000    0.000000    0.000000    -0.000005    0.000000    0.000000  
0.100010    -0.000000    0.000000    0.000000    0.000000    0.000000    0.000000    -0.000004    0.000000    0.000000  
0.110011    -0.000000    0.000000    0.000000    0.000000    0.000000    0.000000    -0.000003    0.000000    0.000000  
0.120012    -0.000000    0.000000    0.000000    -0.000000    0.000000    0.000000    -0.000003    0.000000    0.000000  
0.130013    -0.000000    0.000000    0.000000    -0.000000    0.000000    0.000000    -0.000002    0.000000    0.000000  
0.140014    -0.000000    0.000000    0.000000    -0.000000    0.000000    0.000000    -0.000001    0.000000    0.000000  
0.150015    -0.000000    0.000000    0.000000    -0.000000    0.000000    0.000000    -0.000001    0.000000    0.000000  
0.160016    -0.000000    0.000000    0.000000    -0.000000    0.000000    0.000000    -0.000001    0.000000    0.000000  
0.170017    -0.000000    0.000000    0.000000    -0.000000    0.000000    0.000000    -0.000000    0.000000    0.000000  
0.180018    -0.000000    0.000000    0.000000    -0.000000    0.000000    0.000000    -0.000000    0.000000    0.000000  
0.190019    -0.000000    0.000000    0.000000    -0.000000    0.000000    0.000000    -0.000000    0.000000    0.000000  
0.200020    -0.000000    0.000000    0.000000    -0.000000    0.000000    0.000000    0.000000    0.000000    0.000000  
0.210021    -0.000000    0.000000    0.000000    -0.000000    0.000000    0.000000    0.000000    0.000000    0.000000  
0.220022    -0.000000    0.000000    0.000000    -0.000000    0.000000    0.000000    0.000000    0.000000    0.000000  
0.230023    -0.000000    0.000000    0.000000    -0.000000    0.000000    0.000000    -0.000000    0.000000    0.000000  
0.240024    -0.000000    0.000000    0.000000    -0.000000    0.000000    0.000000    -0.000000    0.000000    0.000000  
0.250025    -0.000000    0.000000    0.000000    -0.000000    0.000000    0.000000    -0.000000    0.000000    0.000000  
0.260026    -0.000000    0.000000    0.000000    -0.000000    0.000000    0.000000    -0.000000    0.000000    0.000000  
0.270027    -0.000000    0.000000    0.000000    -0.000000    0.000000    0.000000    -0.000000    0.000000    0.000000  
0.280028    -0.000000    0.000000    0.000000    -0.000000    0.000000    0.000000    -0.000000    0.000000    0.000000  
0.290029    -0.000000    0.000000    0.000000    -0.000000    0.000000    0.000000    -0.000000    0.000000    0.000000  
0.300030    -0.000000    0.000000    0.000000    -0.000000    0.000000    0.000000    0.000000    0.000000    0.000000  
0.310031    -0.000000    0.000000    0.000000    -0.000000    0.000000    0.000000    0.000000    0.000000    0.000000  
0.320032    -0.000000    0.000000    0.000000    -0.000000    0.000000    0.000000    0.000001    0.000000    0.000000  
0.330033    -0.000000    0.000000    0.000000    -0.000000    0.000000    0.000000    0.000001    0.000000    0.000000  
0.340034    -0.000000    0.000000    0.000000    -0.000000    0.000000    0.000000    0.000002    0.000000    0.000000  
0.350035    -0.000000    0.000000    0.000000    -0.000000    0.000000    0.000000    0.000002    0.000000    0.000000  
0.360036    -0.000000    0.000000    0.000000    -0.000000    0.000000    0.000000    0.000002    0.000000    0.000000  
0.370037    -0.000000    0.000000    0.000000    -0.000000    0.000000    0.000000    0.000003    0.000000    0.000000  
0.380038    -0.000000    0.000000    0.000000    0.000000    0.000000    0.000000    0.000003    0.000000    0.000000  
0.390039    -0.000000    0.000000    0.000000    0.000000    0.000000    0.000000    0.000003    0.000000    0.000000  
0.400040    -0.000000    0.000000    0.000000    0.000000    0.000000    0.000000    0.000003    0.000000    0.000000  
0.410041    -0.000000    0.000000    0.000000    0.000000    0.000000    0.000000    0.000003    0.000000    0.000000  
0.420042    -0.000000    0.000000    0.000000    0.000000    0.000000    0.000000    0.000003    0.000000    0.000000  
0.430043    -0.000000    0.000000    0.000000    0.000000    0.000000    0.000000    0.000003    0.000000    0.000000  
0.440044    -0.000000    0.000000    0.000000    0.000000    0.000000    0.000000    0.000002    0.000000    0.000000  
0.450045    -0.000000    0.000000    0.000000    0.000000    0.000000    0.000000    0.000002    0.000000    0.000000  
0.460046    -0.000000    0.000000    0.000000    0.000000    0.000000    0.000000    0.000001    0.000000    0.000000  
0.470047    -0.000000    0.000000    0.000000    0.000000    0.000000    0.000000    0.000001    0.000000    0.000000  
0.480048    -0.000000    0.000000    0.000000    0.000000    0.000000    0.000000    0.000000    0.000000    0.000000  
0.490049    -0.000000    0.000000    0.000000    0.000000    0.000000    0.000000    -0.000000    0.000000    0.000000  
0.500050    0.000000    0.000000    0.000000    0.000000    0.000000    0.000000    -0.000001    0.000000    0.000000  
0.510051    0.000000    0.000000    0.000000    0.000000    0.000000    0.000000    -0.000002    0.000000    0.000000  
0.520052    0.000000    0.000000    0.000000    0.000000    0.000000    0.000000    -0.000002    0.000000    0.000000  
0.530053    0.000000    0.000000    0.000000    0.000000    0.000000    0.000000    -0.000003    0.000000    0.000000  
0.540054    0.000000    0.000000    0.000000    0.000000    0.000000    0.000000    -0.000004    0.000000    0.000000  
0.550055    0.000000    0.000000    0.000000    0.000000    0.000000    0.000000    -0.000004    0.000000    0.000000  
0.560056    0.000000    0.000000    0.000000    0.000000    0.000000    0.000000    -0.000005    0.000000    0.000000  
0.570057    0.000000    0.000000    0.000000    0.000000    0.000000    0.000000    -0.000005    0.000000    0.000000  
0.580058    0.000000    0.000000    0.000000    -0.000000    0.000000    0.000000    -0.000006    0.000000    0.000000  
0.590059    0.000000    0.000000    0.000000    -0.000000    0.000000    0.000000    -0.000006    0.000000    0.000000  
0.600060    0.000000    0.000000    0.000000    -0.000000    0.000000    0.000000    -0.000006    0.000000    0.000000  
0.610061    0.000000    0.000000    0.000000    -0.000000    0.000000    0.000000    -0.000006    0.000000    0.000000  
0.620062    0.000000    0.000000    0.000000    -0.000000    0.000000    0.000000    -0.000006    0.000000    0.000000  
0.630063    0.000000    0.000000    0.000000    -0.000000    0.000000    0.000000    -0.000005    0.000000    0.000000  
0.640064    0.000000    0.000000    0.000000    -0.000000    0.000000    0.000000    -0.000005    0.000000    0.000000  
0.650065    -0.000000    0.000000    0.000000    -0.000000    0.000000    0.000000    -0.000004    0.000000    0.000000  
0.660066    -0.000000    0.000000    0.000000    -0.000000    0.000000    0.000000    -0.000003    0.000000    0.000000  
0.670067    -0.000000    0.000000    0.000000    -0.000000    0.000000    0.000000    -0.000003    0.000000    0.000000  
0.680068    -0.000000    0.000000    0.000000    -0.000000    0.000000    0.000000    -0.000002    0.000000    0.000000  
0.690069    -0.000000    0.000000    0.000000    -0.000000    0.000000    0.000000    -0.000001    0.000000    0.000000  
0.700070    -0.000000    0.000000    0.000000    -0.000000    0.000000    0.000000    0.000001    0.000000    0.000000  
0.710071    -0.000000    0.000000    0.000000    -0.000000    0.000000    0.000000    0.000002    0.000000    0.000000  
0.720072    -0.000000    0.000000    0.000000    -0.000000    0.000000    0.000000    0.000003    0.000000    0.000000  
0.730073    -0.000000    0.000000    0.000000    -0.000000    0.000000    0.000000    0.000005    0.000000    0.000000  
0.740074    -0.000000    0.000000    0.000000    -0.000000    0.000000    0.000000    0.000006    0.000000    0.000000  
0.750075    -0.000000    0.000000    0.000000    -0.000000    0.000000    0.000000    0.000007    0.000000    0.000000  
0.760076    -0.000000    0.000000    0.000000    -0.000000    0.000000    0.000000    0.000008    0.000000    0.000000  
0.770077    -0.000000    0.000000    0.000000    -0.000000    0.000000    0.000000    0.000009    0.000000    0.000000  
0.780078    -0.000000    0.000000    0.000000    -0.000000    0.000000    0.000000    0.000009    0.000000    0.000000  
0.790079    -0.000000    0.000000    0.000000    -0.000000    0.000000    0.000000    0.000010    0.000000    0.000000  
0.800080    -0.000000    0.000000    0.000000    0.000000    0.000000    0.000000    0.000009    0.000000    0.000000  
0.810081    -0.000000    0.000000    0.000000    0.000000    0.000000    0.000000    0.000009    0.000000    0.000000  
0.820082    -0.000000    0.000000    0.000000    0.000000    0.000000    0.000000    0.000008    0.000000    0.000000  
0.830083    -0.000000    0.000000    0.000000    0.000000    0.000000    0.000000    0.000007    0.000000    0.000000  
0.840084    -0.000000    0.000000    0.000000    0.000000    0.000000    0.000000    0.000005    0.000000    0.000000  
0.850085    -0.000000    0.000000    0.000000    0.000001    0.000000    0.000000    0.000003    0.000000    0.000000  
0.860086    -0.000000    0.000000    0.000000    0.000001    0.000000    0.000000    0.000002    0.000000    0.000000  
0.870087    -0.000000    0.000000    0.000000    0.000001    0.000000    0.000000    0.000000    0.000000    0.000000  
0.880088    -0.000000    0.000000    0.000000    0.000001    0.000000    0.000000    -0.000002    0.000000    0.000000  
0.890089    -0.000000    0.000000    0.000000    0.000001    0.000000    0.000000    -0.000003    0.000000    0.000000  
0.900090    -0.000000    0.000000    0.000000    0.000001    0.000000    0.000000    -0.000005    0.000000    0.000000  
0.910091    -0.000000    0.000000    0.000000    0.000001    0.000000    0.000000    -0.000006    0.000000    0.000000  
0.920092    0.000000    0.000000    0.000000    0.000000    0.000000    0.000000    -0.000007    0.000000    0.000000  
0.930093    0.000000    0.000000    0.000000    0.000000    0.000000    0.000000    -0.000008    0.000000    0.000000  
0.940094    0.000000    0.000000    0.000000    0.000000    0.000000    0.000000    -0.000008    0.000000    0.000000  
0.950095    0.000000    0.000000    0.000000    0.000000    0.000000    0.000000    -0.000008    0.000000    0.000000  
0.960096    0.000000    0.000000    0.000000    -0.000000    0.000000    0.000000    -0.000008    0.000000    0.000000  
0.970097    0.000000    0.000000    0.000000    -0.000000    0.000000    0.000000    -0.000008    0.000000    0.000000  
0.980098    0.000000    0.000000    0.000000    -0.000000    0.000000    0.000000    -0.000007    0.000000    0.000000  
0.990099    0.000000    0.000000    0.000000    -0.000000    0.000000    0.000000    -0.000006    0.000000    0.000000  
1.000100    0.000000    0.000000    0.000000    -0.000000    0.000000    0.000000    -0.000005    0.000000    0.000000  
1.010101    0.000000    0.000000    0.000000    -0.000000    0.000000    0.000000    -0.000004    0.000000    0.000000  
1.020102    0.000000    0.000000    0.000000    -0.000000    0.000000    0.000000    -0.000002    0.000000    0.000000  
1.030103    -0.000000    0.000000    0.000000    -0.000000    0.000000    0.000000    -0.000000    0.000000    0.000000  
1.040104    -0.000000    0.000000    0.000000    -0.000000    0.000000    0.000000    0.000002    0.000000    0.000000  
1.050105    -0.000000    0.000000    0.000000    -0.000000    0.000000    0.000000    0.000004    0.000000    0.000000  
1.060106    -0.000000    0.000000    0.000000    -0.000000    0.000000    0.000000    0.000005    0.000000    0.000000  
1.070107    -0.000000    0.000000    0.000000    -0.000000    0.000000    0.000000    0.000007    0.000000    0.000000  
1.080108    -0.000000    0.000000    0.000000    -0.000000    0.000000    0.000000    0.000008    0.000000    0.000000  
1.090109    -0.000000    0.000000    0.000000    -0.000000    0.000000    0.000000    0.000009    0.000000    0.000000  
1.100110    -0.000000    0.000000    0.000000    0.000000    0.000000    0.000000    0.000009    0.000000    0.000000  
1.110111    -0.000000    0.000000    0.000000    0.000000    0.000000    0.000000    0.000008    0.000000    0.000000  
1.120112    -0.000000    0.000000    0.000000    0.000000    0.000000    0.000000    0.000007    0.000000    0.000000  
1.130113    -0.000000    0.000000    0.000000    0.000000    0.000000    0.000000    0.000006    0.000000    0.000000  
1.140114    -0.000000    0.000000    0.000000    0.000000    0.000000    0.000000    0.000005    0.000000    0.000000  
1.150115    -0.000000    0.000000    0.000000    0.000000    0.000000    0.000000    0.000003    0.000000    0.000000  
1.160116    -0.000000    0.000000    0.000000    0.000000    0.000000    0.000000    0.000001    0.000000    0.000000  
1.170117    0.000000    0.000000    0.000000    0.000000    0.000000    0.000000    -0.000001    0.000000    0.000000  
1.180118    0.000000    0.000000    0.000000    0.000000    0.000000    0.000000    -0.000003    0.000000    0.000000  
1.190119    0.000000    0.000000    0.000000    0.000000    0.000000    0.000000    -0.000004    0.000000    0.000000  
1.200120    0.000000    0.000000    0.000000    0.000000    0.000000    0.000000    -0.000006    0.000000    0.000000  
1.210121    0.000000    0.000000    0.000000    0.000000    0.000000    0.000000    -0.000007    0.000000    0.000000  
1.220122    0.000000    0.000000    0.000000    0.000000    0.000000    0.000000    -0.000007    0.000000    0.000000  
1.230123    0.000000    0.000000    0.000000    0.000000    0.000000    0.000000    -0.000007    0.000000    0.000000  
1.240124    0.000000    0.000000    0.000000    -0.000000    0.000000    0.000000    -0.000007    0.000000    0.000000  
1.250125    0.000000    0.000000    0.000000    -0.000000    0.000000    0.000000    -0.000007    0.000000    0.000000  
1.260126    0.000000    0.000000    0.000000    -0.000000    0.000000    0.000000    -0.000006    0.000000    0.000000  
1.270127    0.000000    0.000000    0.000000    -0.000000    0.000000    0.000000    -0.000006    0.000000    0.000000  
1.280128    -0.000000    0.000000    0.000000    -0.000000    0.000000    0.000000    -0.000005    0.000000    0.000000  
1.290129    -0.000000    0.000000    0.000000    -0.000000    0.000000    0.000000    -0.000004    0.000000    0.000000  
1.300130    -0.000000    0.000000    0.000000    -0.000000    0.000000    0.000000    -0.000003    0.000000    0.000000  
1.310131    -0.000000    0.000000    0.000000    -0.000001    0.000000    0.000000    -0.000002    0.000000    0.000000  
1.320132    -0.000000    0.000000    0.000000    -0.000000    0.000000    0.000000    -0.000000    0.000000    0.000000  
1.330133    -0.000000    0.000000    0.000000    -0.000000    0.000000    0.000000    0.000001    0.000000    0.000000  
1.340134    -0.000000    0.000000    0.000000    -0.000000    0.000000    0.000000    0.000002    0.000000    0.000000  
1.350135    -0.000000    0.000000    0.000000    -0.000000    0.000000    0.000000    0.000002    0.000000    0.000000  
1.360136    -0.000000    0.000000    0.000000    -0.000000    0.000000    0.000000    0.000003    0.000000    0.000000  
1.370137    -0.000000    0.000000    0.000000    -0.000000    0.000000    0.000000    0.000004    0.000000    0.000000  
1.380138    -0.000000    0.000000    0.000000    -0.000000    0.000000    0.000000    0.000005    0.000000    0.000000  
1.390139    -0.000000    0.000000    0.000000    -0.000000    0.000000    0.000000    0.000005    0.000000    0.000000  
1.400140    -0.000000    0.000000    0.000000    -0.000000    0.000000    0.000000    0.000005    0.000000    0.000000  
1.410141    -0.000000    0.000000    0.000000    0.000000    0.000000    0.000000    0.000005    0.000000    0.000000  
1.420142    -0.000000    0.000000    0.000000    0.000000    0.000000    0.000000    0.000005    0.000000    0.000000  
1.430143    -0.000000    0.000000    0.000000    0.000000    0.000000    0.000000    0.000004    0.000000    0.000000  
1.440144    -0.000000    0.000000    0.000000    0.000000    0.000000    0.000000    0.000004    0.000000    0.000000  
1.450145    -0.000000    0.000000    0.000000    0.000000    0.000000    0.000000    0.000003    0.000000    0.000000  
1.460146    -0.000000    0.000000    0.000000    0.000000    0.000000    0.000000    0.000002    0.000000    0.000000  
1.470147    -0.000000    0.000000    0.000000    0.000000    0.000000    0.000000    0.000002    0.000000    0.000000  
1.480148    -0.000000    0.000000    0.000000    0.000000    0.000000    0.000000    0.000001    0.000000    0.000000  
1.490149    -0.000000    0.000000    0.000000    0.000000    0.000000    0.000000    0.000001    0.000000    0.000000  
1.500150    -0.000000    0.000000    0.000000    0.000000    0.000000    0.000000    0.000000    0.000000    0.000000  
1.510151    -0.000000    0.000000    0.000000    0.000000    0.000000    0.000000    0.000000    0.000000    0.000000  
1.520152    -0.000000    0.000000    0.000000    0.000000    0.000000    0.000000    0.000000    0.000000    0.000000  
1.530153    -0.000000    0.000000    0.000000    0.000000    0.000000    0.000000    -0.000000    0.000000    0.000000  
1.540154    -0.000000    0.000000    0.000000    0.000000    0.000000    0.000000    0.000000    0.000000    0.000000  
1.550155    -0.000000    0.000000    0.000000    0.000000    0.000000    0.000000    0.000000    0.000000    0.000000  
1.560156    -0.000000    0.000000    0.000000    0.000000    0.000000    0.000000    0.000000    0.000000    0.000000  
1.570157    -0.000000    0.000000    0.000000    0.000000    0.000000    0.000000    -0.000000    0.000000    0.000000  
1.580158    -0.000000    0.000000    0.000000    0.000000    0.000000    0.000000    -0.000000    0.000000    0.000000  
1.590159    -0.000000    0.000000    0.000000    0.000000    0.000000    0.000000    -0.000001    0.000000    0.000000  
1.600160    -0.000000    0.000000    0.000000    0.000000    0.000000    0.000000    -0.000001    0.000000    0.000000  
1.610161    -0.000000    0.000000    0.000000    0.000000    0.000000    0.000000    -0.000002    0.000000    0.000000  
1.620162    -0.000000    0.000000    0.000000    0.000000    0.000000    0.000000    -0.000003    0.000000    0.000000  
1.630163    -0.000000    0.000000    0.000000    0.000000    0.000000    0.000000    -0.000004    0.000000    0.000000  
1.640164    -0.000000    0.000000    0.000000    0.000000    0.000000    0.000000    -0.000005    0.000000    0.000000  
1.650165    -0.000000    0.000000    0.000000    0.000000    0.000000    0.000000    -0.000005    0.000000    0.000000  
1.660166    -0.000000    0.000000    0.000000    -0.000000    0.000000    0.000000    -0.000006    0.000000    0.000000  
1.670167    -0.000000    0.000000    0.000000    -0.000000    0.000000    0.000000    -0.000006    0.000000    0.000000  
1.680168    -0.000000    0.000000    0.000000    -0.000000    0.000000    0.000000    -0.000005    0.000000    0.000000  
1.690169    -0.000000    0.000000    0.000000    -0.000000    0.000000    0.000000    -0.000004    0.000000    0.000000  
1.700170    -0.000000    0.000000    0.000000    -0.000000    0.000000    0.000000    -0.000002    0.000000    0.000000  
1.710171    -0.000000    0.000000    0.000000    -0.000000    0.000000    0.000000    0.000001    0.000000    0.000000  
1.720172    -0.000000    0.000000    0.000000    -0.000000    0.000000    0.000000    0.000004    0.000000    0.000000  
1.730173    -0.000000    0.000000    0.000000    -0.000000    0.000000    0.000000    0.000007    0.000000    0.000000  
1.740174    -0.000000    0.000000    0.000000    -0.000000    0.000000    0.000000    0.000010    0.000000    0.000000  
1.750175    -0.000000    0.000000    0.000000    -0.000000    0.000000    0.000000    0.000013    0.000000    0.000000  
1.760176    -0.000000    0.000000    0.000000    -0.000000    0.000000    0.000000    0.000014    0.000000    0.000000  
1.770177    -0.000000    0.000000    0.000000    -0.000000    0.000000    0.000000    0.000015    0.000000    0.000000  
1.780178    -0.000000    0.000000    0.000000    -0.000000    0.000000    0.000000    0.000014    0.000000    0.000000  
1.790179    -0.000000    0.000000    0.000000    -0.000000    0.000000    0.000000    0.000011    0.000000    0.000000  
1.800180    -0.000000    0.000000    0.000000    0.000000    0.000000    0.000000    0.000007    0.000000    0.000000  
1.810181    -0.000000    0.000000    0.000000    0.000000    0.000000    0.000000    -0.000000    0.000000    0.000000  
1.820182    -0.000000    0.000000    0.000000    0.000000    0.000000    0.000000    -0.000009    0.000000    0.000000  
1.830183    -0.000000    0.000000    0.000000    0.000000    0.000000    0.000000    -0.000018    0.000000    0.000000  
1.840184    -0.000000    0.000000    0.000000    0.000000    0.000000    0.000000    -0.000027    0.000000    0.000000  
1.850185    -0.000000    0.000000    0.000000    0.000000    0.000000    0.000000    -0.000034    0.000000    0.000000  
1.860186    -0.000000    0.000000    0.000000    0.000000    0.000000    0.000000    -0.000038    0.000000    0.000000  
1.870187    -0.000000    0.000000    0.000000    0.000000    0.000000    0.000000    -0.000040    0.000000    0.000000  
1.880188    -0.000000    0.000000    0.000000    0.000000    0.000000    0.000000    -0.000036    0.000000    0.000000  
1.890189    -0.000000    0.000000    0.000000    0.000000    0.000000    0.000000    -0.000028    0.000000    0.000000  
1.900190    -0.000000    0.000000    0.000000    0.000000    0.000000    0.000000    -0.000013    0.000000    0.000000  
1.910191    0.000000    0.000000    0.000000    0.000000    0.000000    0.000000    0.000009    0.000000    0.000000  
1.920192    0.000000    0.000000    0.000000    -0.000000    0.000000    0.000000    0.000035    0.000000    0.000000  
1.930193    0.000000    0.000000    0.000000    -0.000000    0.000000    0.000000    0.000062    0.000000    0.000000  
1.940194    0.000000    0.000000    0.000000    -0.000000    0.000000    0.000000    0.000088    0.000000    0.000000  
1.950195    0.000000    0.000000    0.000000    -0.000001    0.000000    0.000000    0.000109    0.000000    0.000000  
1.960196    0.000000    0.000000    0.000000    -0.000001    0.000000    0.000000    0.000122    0.000000    0.000000  
1.970197    0.000000    0.000000    0.000000    -0.000001    0.000000    0.000000    0.000126    0.000000    0.000000  
1.980198    0.000000    0.000000    0.000000    -0.000001    0.000000    0.000000    0.000116    0.000000    0.000000  
1.990199    0.000000    0.000000    0.000000    -0.000000    0.000000    0.000000    0.000089    0.000000    0.000000  
2.000200    0.000000    0.000000    0.000000    0.000000    0.000000    0.000000    0.000044    0.000000    0.000000  
2.010201    0.000000    0.000000    0.000000    0.000001    0.000000    0.000000    -0.000022    0.000000    0.000000  
2.020202    0.000000    0.000000    0.000000    0.000001    0.000000    0.000000    -0.000101    0.000000    0.000000  
2.030203    0.000000    0.000000    0.000000    0.000002    0.000000    0.000000    -0.000184    0.000000    0.000000  
2.040204    0.000000    0.000000    0.000000    0.000002    0.000000    0.000000    -0.000263    0.000000    0.000000  
2.050205    0.000000    0.000000    0.000000    0.000003    0.000000    0.000000    -0.000330    0.000000    0.000000  
2.060206    0.000000    0.000000    0.000000    0.000003    0.000000    0.000000    -0.000374    0.000000    0.000000  
2.070207    0.000000    0.000000    0.000000    0.000003    0.000000    0.000000    -0.000388    0.000000    0.000000  
2.080208    0.000000    0.000000    0.000000    0.000003    0.000000    0.000000    -0.000363    0.000000    0.000000  
2.090209    0.000000    0.000000    0.000000    0.000002    0.000000    0.000000    -0.000291    0.000000    0.000000  
2.100210    0.000000    0.000000    0.000000    0.000000    0.000000    0.000000    -0.000161    0.000000    0.000000  
2.110211    0.000000    0.000000    0.000000    -0.000002    0.000000    0.000000    0.000027    0.000000    0.000000  
2.120212    0.000000    0.000000    0.000000    -0.000004    0.000000    0.000000    0.000255    0.000000    0.000000  
2.130213    0.000000    0.000000    0.000000    -0.000006    0.000000    0.000000    0.000498    0.000000    0.000000  
2.140214    0.000000    0.000000    0.000000    -0.000008    0.000000    0.000000    0.000731    0.000000    0.000000  
2.150215    0.000000    0.000000    0.000000    -0.000010    0.000000    0.000000    0.000930    0.000000    0.000000  
2.160216    0.000000    0.000000    0.000000    -0.000011    0.000000    0.000000    0.001068    0.000000    0.000000  
2.170217    0.000000    0.000000    0.000000    -0.000011    0.000000    0.000000    0.001121    0.000000    0.000000  
2.180218    0.000000    0.000000    0.000000    -0.000010    0.000000    0.000000    0.001065    0.000000    0.000000  
2.190219    -0.000000    0.000000    0.000000    -0.000007    0.000000    0.000000    0.000874    0.000000    0.000000  
2.200220    -0.000000    0.000000    0.000000    -0.000003    0.000000    0.000000    0.000524    0.000000    0.000000  
2.210221    -0.000000    0.000000    0.000000    0.000004    0.000000    0.000000    0.000007    0.000000    0.000000  
2.220222    -0.000000    0.000000    0.000000    0.000011    0.000000    0.000000    -0.000626    0.000000    0.000000  
2.230223    -0.000000    0.000000    0.000000    0.000019    0.000000    0.000000    -0.001304    0.000000    0.000000  
2.240224    -0.000000    0.000000    0.000000    0.000026    0.000000    0.000000    -0.001962    0.000000    0.000000  
2.250225    -0.000000    0.000000    0.000000    0.000031    0.000000    0.000000    -0.002531    0.000000    0.000000  
2.260226    -0.000000    0.000000    0.000000    0.000035    0.000000    0.000000    -0.002943    0.000000    0.000000  
2.270227    -0.000000    0.000000    0.000000    0.000035    0.000000    0.000000    -0.003130    0.000000    0.000000  
2.280228    -0.000000    0.000000    0.000000    0.000032    0.000000    0.000000    -0.003025    0.000000    0.000000  
2.290229    -0.000000    0.000000    0.000000    0.000023    0.000000    0.000000    -0.002560    0.000000    0.000000  
2.300230    -0.000000    0.000000    0.000000    0.000009    0.000000    0.000000    -0.001667    0.000000    0.000000  
2.310231    0.000000    0.000000    0.000000    -0.000011    0.000000    0.000000    -0.000321    0.000000    0.000000  
2.320232    0.000000    0.000000    0.000000    -0.000034    0.000000    0.000000    0.001341    0.000000    0.000000  
2.330233    0.000000    0.000000    0.000000    -0.000059    0.000000    0.000000    0.003146    0.000000    0.000000  
2.340234    0.000000    0.000000    0.000000    -0.000082    0.000000    0.000000    0.004919    0.000000    0.000000  
2.350235    0.000001    0.000000    0.000000    -0.000100    0.000000    0.000000    0.006487    0.000000    0.000000  
2.360236    0.000001    0.000000    0.000000    -0.000112    0.000000    0.000000    0.007676    0.000000    0.000000  
2.370237    0.000001    0.000000    0.000000    -0.000114    0.000000    0.000000    0.008312    0.000000    0.000000  
2.380238    0.000000    0.000000    0.000000    -0.000103    0.000000    0.000000    0.008222    0.000000    0.000000  
2.390239    0.000000    0.000000    0.000000    -0.000078    0.000000    0.000000    0.007231    0.000000    0.000000  
2.400240    -0.000000    0.000000    0.000000    -0.000035    0.000000    0.000000    0.005166    0.000000    0.000000  
2.410241    -0.000000    0.000000    0.000000    0.000026    0.000000    0.000000    0.001956    0.000000    0.000000  
2.420242    -0.000001    0.000000    0.000000    0.000100    0.000000    0.000000    -0.002081    0.000000    0.000000  
2.430243    -0.000001    0.000000    0.000000    0.000177    0.000000    0.000000    -0.006539    0.000000    0.000000  
2.440244    -0.000002    0.000000    0.000000    0.000249    0.000000    0.000000    -0.011012    0.000000    0.000000  
2.450245    -0.000002    0.000000    0.000000    0.000309    0.000000    0.000000    -0.015092    0.000000    0.000000  
2.460246    -0.000002    0.000000    0.000000    0.000348    0.000000    0.000000    -0.018373    0.000000    0.000000  
2.470247    -0.000002    0.000000    0.000000    0.000358    0.000000    0.000000    -0.020449    0.000000    0.000000  
2.480248    -0.000002    0.000000    0.000000    0.000330    0.000000    0.000000    -0.020912    0.000000    0.000000  
2.490249    -0.000001    0.000000    0.000000    0.000257    0.000000    0.000000    -0.019356    0.000000    0.000000  
2.500250    -0.000000    0.000000    0.000000    0.000130    0.000000    0.000000    -0.015375    0.000000    0.000000  
2.510251    0.000002    0.000000    0.000000    -0.000054    0.000000    0.000000    -0.008780    0.000000    0.000000  
2.520252    0.000003    0.000000    0.000000    -0.000274    0.000000    0.000000    -0.000194    0.000000    0.000000  
2.530253    0.000005    0.000000    0.000000    -0.000507    0.000000    0.000000    0.009571    0.000000    0.000000  
2.540254    0.000007    0.000000    0.000000    -0.000730    0.000000    0.000000    0.019704    0.000000    0.000000  
2.550255    0.000008    0.000000    0.000000    -0.000917    0.000000    0.000000    0.029394    0.000000    0.000000  
2.560256    0.000008    0.000000    0.000000    -0.001045    0.000000    0.000000    0.037830    0.000000    0.000000  
2.570257    0.000008    0.000000    0.000000    -0.001090    0.000000    0.000000    0.044201    0.000000    0.000000  
2.580258    0.000007    0.000000    0.000000    -0.001028    0.000000    0.000000    0.047694    0.000000    0.000000  
2.590259    0.000004    0.000000    0.000000    -0.000834    0.000000    0.000000    0.047500    0.000000    0.000000  
2.600260    -0.000000    0.000000    0.000000    -0.000485    0.000000    0.000000    0.042806    0.000000    0.000000  
2.610261    -0.000006    0.000000    0.000000    0.000027    0.000000    0.000000    0.033151    0.000000    0.000000  
2.620262    -0.000012    0.000000    0.000000    0.000651    0.000000    0.000000    0.019359    0.000000    0.000000  
2.630263    -0.000019    0.000000    0.000000    0.001321    0.000000    0.000000    0.002556    0.000000    0.000000  
2.640264    -0.000025    0.000000    0.000000    0.001973    0.000000    0.000000    -0.016134    0.000000    0.000000  
2.650265    -0.000029    0.000000    0.000000    0.002540    0.000000    0.000000    -0.035588    0.000000    0.000000  
2.660266    -0.000031    0.000000    0.000000    0.002958    0.000000    0.000000    -0.054679    0.000000    0.000000  
2.670267    -0.000030    0.000000    0.000000    0.003160    0.000000    0.000000    -0.072286    0.000000    0.000000  
2.680268    -0.000025    0.000000    0.000000    0.003083    0.000000    0.000000    -0.087282    0.000000    0.000000  
2.690269    -0.000015    0.000000    0.000000    0.002660    0.000000    0.000000    -0.098544    0.000000    0.000000  
2.700270    0.000000    0.000000    0.000000    0.001825    0.000000    0.000000    -0.104948    0.000000    0.000000  
2.710271    0.000022    0.000000    0.000000    0.000554    0.000000    0.000000    -0.105541    0.000000    0.000000  
2.720272    0.000047    0.000000    0.000000    -0.001035    0.000000    0.000000    -0.100006    0.000000    0.000000  
2.730273    0.000071    0.000000    0.000000    -0.002789    0.000000    0.000000    -0.088171    0.000000    0.000000  
2.740274    0.000094    0.000000    0.000000    -0.004555    0.000000    0.000000    -0.069864    0.000000    0.000000  
2.750275    0.000110    0.000000    0.000000    -0.006182    0.000000    0.000000    -0.044915    0.000000    0.000000  
2.760276    0.000117    0.000000    0.000000    -0.007515    0.000000    0.000000    -0.013153    0.000000    0.000000  
2.770277    0.000113    0.000000    0.000000    -0.008403    0.000000    0.000000    0.025596    0.000000    0.000000  
2.780278    0.000094    0.000000    0.000000    -0.008694    0.000000    0.000000    0.071500    0.000000    0.000000  
2.790279    0.000056    0.000000    0.000000    -0.008233    0.000000    0.000000    0.124733    0.000000    0.000000  
2.800280    -0.000002    0.000000    0.000000    -0.006869    0.000000    0.000000    0.185466    0.000000    0.000000  
2.810281    -0.000082    0.000000    0.000000    -0.004519    0.000000    0.000000    0.252621    0.000000    0.000000  
2.820282    -0.000174    0.000000    0.000000    -0.001352    0.000000    0.000000    0.320531    0.000000    0.000000  
2.830283    -0.000267    0.000000    0.000000    0.002402    0.000000    0.000000    0.382473    0.000000    0.000000  
2.840284    -0.000350    0.000000    0.000000    0.006514    0.000000    0.000000    0.431725    0.000000    0.000000  
2.850285    -0.000411    0.000000    0.000000    0.010754    0.000000    0.000000    0.461563    0.000000    0.000000  
2.860286    -0.000439    0.000000    0.000000    0.014894    0.000000    0.000000    0.465265    0.000000    0.000000  
2.870287    -0.000422    0.000000    0.000000    0.018705    0.000000    0.000000    0.436108    0.000000    0.000000  
2.880288    -0.000350    0.000000    0.000000    0.021958    0.000000    0.000000    0.367369    0.000000    0.000000  
2.890289    -0.000210    0.000000    0.000000    0.024423    0.000000    0.000000    0.252325    0.000000    0.000000  
2.900290    0.000008    0.000000    0.000000    0.025871    0.000000    0.000000    0.084253    0.000000    0.000000  
2.910291    0.000306    0.000000    0.000000    0.026042    0.000000    0.000000    -0.140508    0.000000    0.000000  
2.920292    0.000651    0.000000    0.000000    0.024562    0.000000    0.000000    -0.414397    0.000000    0.000000  
2.930293    0.001000    0.000000    0.000000    0.021031    0.000000    0.000000    -0.727282    0.000000    0.000000  
2.940294    0.001312    0.000000    0.000000    0.015049    0.000000    0.000000    -1.069028    0.000000    0.000000  
2.950295    0.001545    0.000000    0.000000    0.006214    0.000000    0.000000    -1.429503    0.000000    0.000000  
2.960296    0.001658    0.000000    0.000000    -0.005872    0.000000    0.000000    -1.798574    0.000000    0.000000  
2.970297    0.001607    0.000000    0.000000    -0.021611    0.000000    0.000000    -2.166108    0.000000    0.000000  
2.980298    0.001352    0.000000    0.000000    -0.041402    0.000000    0.000000    -2.521970    0.000000    0.000000  
2.990299    0.000850    0.000000    0.000000    -0.065646    0.000000    0.000000    -2.856028    0.000000    0.000000  
3.000300    0.000060    0.000000    0.000000    -0.094743    0.000000    0.000000    -3.158150    0.000000    0.000000  
3.010301    -0.001054    0.000000    0.000000    -0.128825    0.000000    0.000000    -3.419089    0.000000    0.000000  
3.020302    -0.002512    0.000000    0.000000    -0.167044    0.000000    0.000000    -3.632853    0.000000    0.000000  
3.030303    -0.004328    0.000000    0.000000    -0.208325    0.000000    0.000000    -3.794188    0.000000    0.000000  
3.040304    -0.006514    0.000000    0.000000    -0.251597    0.000000    0.000000    -3.897842    0.000000    0.000000  
3.050305    -0.009084    0.000000    0.000000    -0.295786    0.000000    0.000000    -3.938563    0.000000    0.000000  
3.060306    -0.012054    0.000000    0.000000    -0.339819    0.000000    0.000000    -3.911098    0.000000    0.000000  
3.070307    -0.015436    0.000000    0.000000    -0.382623    0.000000    0.000000    -3.810195    0.000000    0.000000  
3.080308    -0.019245    0.000000    0.000000    -0.423126    0.000000    0.000000    -3.630603    0.000000    0.000000  
3.090309    -0.023494    0.000000    0.000000    -0.460254    0.000000    0.000000    -3.367068    0.000000    0.000000  
3.100310    -0.028197    0.000000    0.000000    -0.492935    0.000000    0.000000    -3.014338    0.000000    0.000000  
3.110311    -0.033349    0.000000    0.000000    -0.520266    0.000000    0.000000    -2.570870    0.000000    0.000000  
3.120312    -0.038873    0.000000    0.000000    -0.541969    0.000000    0.000000    -2.048633    0.000000    0.000000  
3.130313    -0.044678    0.000000    0.000000    -0.557908    0.000000    0.000000    -1.462677    0.000000    0.000000  
3.140314    -0.050670    0.000000    0.000000    -0.567948    0.000000    0.000000    -0.828052    0.000000    0.000000  
3.150315    -0.056757    0.000000    0.000000    -0.571951    0.000000    0.000000    -0.159808    0.000000    0.000000  
3.160316    -0.062847    0.000000    0.000000    -0.569781    0.000000    0.000000    0.527008    0.000000    0.000000  
3.170317    -0.068847    0.000000    0.000000    -0.561303    0.000000    0.000000    1.217344    0.000000    0.000000  
3.180318    -0.074665    0.000000    0.000000    -0.546381    0.000000    0.000000    1.896152    0.000000    0.000000  
3.190319    -0.080209    0.000000    0.000000    -0.524877    0.000000    0.000000    2.548382    0.000000    0.000000  
3.200320    -0.085386    0.000000    0.000000    -0.496656    0.000000    0.000000    3.158985    0.000000    0.000000  
3.210321    -0.090117    0.000000    0.000000    -0.461745    0.000000    0.000000    3.715702    0.000000    0.000000  
3.220322    -0.094377    0.000000    0.000000    -0.420761    0.000000    0.000000    4.216414    0.000000    0.000000  
3.230323    -0.098150    0.000000    0.000000    -0.374457    0.000000    0.000000    4.661307    0.000000    0.000000  
3.240324    -0.101421    0.000000    0.000000    -0.323585    0.000000    0.000000    5.050564    0.000000    0.000000  
3.250325    -0.104176    0.000000    0.000000    -0.268898    0.000000    0.000000    5.384372    0.000000    0.000000  
3.260326    -0.106399    0.000000    0.000000    -0.211148    0.000000    0.000000    5.662913    0.000000    0.000000  
3.270327    -0.108075    0.000000    0.000000    -0.151087    0.000000    0.000000    5.886374    0.000000    0.000000  
3.280328    -0.109190    0.000000    0.000000    -0.089469    0.000000    0.000000    6.054939    0.000000    0.000000  
3.290329    -0.109729    0.000000    0.000000    -0.027044    0.000000    0.000000    6.168792    0.000000    0.000000  
3.300330    -0.109675    0.000000    0.000000    0.035434    0.000000    0.000000    6.228118    0.000000    0.000000  
3.310331    -0.109021    0.000000    0.000000    0.097308    0.000000    0.000000    6.233643    0.000000    0.000000  
3.320332    -0.107772    0.000000    0.000000    0.158263    0.000000    0.000000    6.188048    0.000000    0.000000  
3.330333    -0.105940    0.000000    0.000000    0.218062    0.000000    0.000000    6.094459    0.000000    0.000000  
3.340334    -0.103536    0.000000    0.000000    0.276470    0.000000    0.000000    5.956000    0.000000    0.000000  
3.350335    -0.100571    0.000000    0.000000    0.333249    0.000000    0.000000    5.775799    0.000000    0.000000  
3.360336    -0.097058    0.000000    0.000000    0.388163    0.000000    0.000000    5.556979    0.000000    0.000000  
3.370337    -0.093006    0.000000    0.000000    0.440975    0.000000    0.000000    5.302666    0.000000    0.000000  
3.380338    -0.088427    0.000000    0.000000    0.491449    0.000000    0.000000    5.015986    0.000000    0.000000  
3.390339    -0.083333    0.000000    0.000000    0.539347    0.000000    0.000000    4.700064    0.000000    0.000000  
3.400340    -0.077735    0.000000    0.000000    0.584433    0.000000    0.000000    4.358025    0.000000    0.000000  
3.410341    -0.071650    0.000000    0.000000    0.626465    0.000000    0.000000    3.992752    0.000000    0.000000  
3.420342    -0.065125    0.000000    0.000000    0.665177    0.000000    0.000000    3.606254    0.000000    0.000000  
3.430343    -0.058209    0.000000    0.000000    0.700302    0.000000    0.000000    3.200340    0.000000    0.000000  
3.440344    -0.050954    0.000000    0.000000    0.731570    0.000000    0.000000    2.776822    0.000000    0.000000  
3.450345    -0.043409    0.000000    0.000000    0.758711    0.000000    0.000000    2.337509    0.000000    0.000000  
3.460346    -0.035626    0.000000    0.000000    0.781456    0.000000    0.000000    1.884211    0.000000    0.000000  
3.470347    -0.027655    0.000000    0.000000    0.799537    0.000000    0.000000    1.418740    0.000000    0.000000  
3.480348    -0.019547    0.000000    0.000000    0.812684    0.000000    0.000000    0.942906    0.000000    0.000000  
3.490349    -0.011353    0.000000    0.000000    0.820628    0.000000    0.000000    0.458518    0.000000    0.000000  
3.500350    -0.003123    0.000000    0.000000    0.823100    0.000000    0.000000    -0.032611    0.000000    0.000000  
3.510351    0.005094    0.000000    0.000000    0.819924    0.000000    0.000000    -0.528293    0.000000    0.000000  
3.520352    0.013248    0.000000    0.000000    0.811263    0.000000    0.000000    -1.024964    0.000000    0.000000  
3.530353    0.021294    0.000000    0.000000    0.797353    0.000000    0.000000    -1.518755    0.000000    0.000000  
3.540354    0.029183    0.000000    0.000000    0.778434    0.000000    0.000000    -2.005795    0.000000    0.000000  
3.550355    0.036870    0.000000    0.000000    0.754742    0.000000    0.000000    -2.482213    0.000000    0.000000  
3.560356    0.044307    0.000000    0.000000    0.726517    0.000000    0.000000    -2.944140    0.000000    0.000000  
3.570357    0.051446    0.000000    0.000000    0.693995    0.000000    0.000000    -3.387705    0.000000    0.000000  
3.580358    0.058241    0.000000    0.000000    0.657415    0.000000    0.000000    -3.809038    0.000000    0.000000  
3.590359    0.064644    0.000000    0.000000    0.617015    0.000000    0.000000    -4.204269    0.000000    0.000000  
3.600360    0.070609    0.000000    0.000000    0.573033    0.000000    0.000000    -4.569526    0.000000    0.000000  
3.610361    0.076093    0.000000    0.000000    0.525720    0.000000    0.000000    -4.901620    0.000000    0.000000  
3.620362    0.081076    0.000000    0.000000    0.475379    0.000000    0.000000    -5.199796    0.000000    0.000000  
3.630363    0.085539    0.000000    0.000000    0.422325    0.000000    0.000000    -5.463848    0.000000    0.000000  
3.640364    0.089466    0.000000    0.000000    0.366871    0.000000    0.000000    -5.693570    0.000000    0.000000  
3.650365    0.092838    0.000000    0.000000    0.309332    0.000000    0.000000    -5.888755    0.000000    0.000000  
3.660366    0.095638    0.000000    0.000000    0.250021    0.000000    0.000000    -6.049197    0.000000    0.000000  
3.670367    0.097850    0.000000    0.000000    0.189254    0.000000    0.000000    -6.174691    0.000000    0.000000  
3.680368    0.099454    0.000000    0.000000    0.127343    0.000000    0.000000    -6.265028    0.000000    0.000000  
3.690369    0.100435    0.000000    0.000000    0.064604    0.000000    0.000000    -6.320004    0.000000    0.000000  
3.700370    0.100774    0.000000    0.000000    0.001349    0.000000    0.000000    -6.339412    0.000000    0.000000  
3.710371    0.100460    0.000000    0.000000    -0.062091    0.000000    0.000000    -6.323060    0.000000    0.000000  
3.720372    0.099505    0.000000    0.000000    -0.125329    0.000000    0.000000    -6.270807    0.000000    0.000000  
3.730373    0.097924    0.000000    0.000000    -0.187968    0.000000    0.000000    -6.182526    0.000000    0.000000  
3.740374    0.095734    0.000000    0.000000    -0.249608    0.000000    0.000000    -6.058086    0.000000    0.000000  
3.750375    0.092950    0.000000    0.000000    -0.309851    0.000000    0.000000    -5.897359    0.000000    0.000000  
3.760376    0.089588    0.000000    0.000000    -0.368298    0.000000    0.000000    -5.700217    0.000000    0.000000  
3.770377    0.085665    0.000000    0.000000    -0.424550    0.000000    0.000000    -5.466530    0.000000    0.000000  
3.780378    0.081196    0.000000    0.000000    -0.478209    0.000000    0.000000    -5.196170    0.000000    0.000000  
3.790379    0.076197    0.000000    0.000000    -0.528876    0.000000    0.000000    -4.889007    0.000000    0.000000  
3.800380    0.070685    0.000000    0.000000    -0.576152    0.000000    0.000000    -4.544914    0.000000    0.000000  
3.810381    0.064682    0.000000    0.000000    -0.619676    0.000000    0.000000    -4.164577    0.000000    0.000000  
3.820382    0.058235    0.000000    0.000000    -0.659221    0.000000    0.000000    -3.751597    0.000000    0.000000  
3.830383    0.051398    0.000000    0.000000    -0.694592    0.000000    0.000000    -3.310224    0.000000    0.000000  
3.840384    0.044223    0.000000    0.000000    -0.725591    0.000000    0.000000    -2.844707    0.000000    0.000000  
3.850385    0.036762    0.000000    0.000000    -0.752023    0.000000    0.000000    -2.359296    0.000000    0.000000  
3.860386    0.029070    0.000000    0.000000    -0.773690    0.000000    0.000000    -1.858242    0.000000    0.000000  
3.870387    0.021197    0.000000    0.000000    -0.790396    0.000000    0.000000    -1.345794    0.000000    0.000000  
3.880388    0.013198    0.000000    0.000000    -0.801945    0.000000    0.000000    -0.826203    0.000000    0.000000  
3.890389    0.005124    0.000000    0.000000    -0.808140    0.000000    0.000000    -0.303718    0.000000    0.000000  
3.900390    -0.002971    0.000000    0.000000    -0.808785    0.000000    0.000000    0.217411    0.000000    0.000000  
3.910391    -0.011036    0.000000    0.000000    -0.803767    0.000000    0.000000    0.733226    0.000000    0.000000  
3.920392    -0.019023    0.000000    0.000000    -0.793273    0.000000    0.000000    1.240816    0.000000    0.000000  
3.930393    -0.026884    0.000000    0.000000    -0.777555    0.000000    0.000000    1.737498    0.000000    0.000000  
3.940394    -0.034574    0.000000    0.000000    -0.756868    0.000000    0.000000    2.220592    0.000000    0.000000  
3.950395    -0.042044    0.000000    0.000000    -0.731463    0.000000    0.000000    2.687417    0.000000    0.000000  
3.960396    -0.049247    0.000000    0.000000    -0.701594    0.000000    0.000000    3.135291    0.000000    0.000000  
3.970397    -0.056138    0.000000    0.000000    -0.667514    0.000000    0.000000    3.561534    0.000000    0.000000  
3.980398    -0.062667    0.000000    0.000000    -0.629475    0.000000    0.000000    3.963465    0.000000    0.000000  
3.990399    -0.068790    0.000000    0.000000    -0.587732    0.000000    0.000000    4.338401    0.000000    0.000000  
4.000400    -0.074457    0.000000    0.000000    -0.542536    0.000000    0.000000    4.683664    0.000000    0.000000  
4.010401    -0.079629    0.000000    0.000000    -0.494153    0.000000    0.000000    4.996999    0.000000    0.000000  
4.020402    -0.084286    0.000000    0.000000    -0.442889    0.000000    0.000000    5.277677    0.000000    0.000000  
4.030403    -0.088412    0.000000    0.000000    -0.389060    0.000000    0.000000    5.525306    0.000000    0.000000  
4.040404    -0.091992    0.000000    0.000000    -0.332982    0.000000    0.000000    5.739491    0.000000    0.000000  
4.050405    -0.095012    0.000000    0.000000    -0.274970    0.000000    0.000000    5.919841    0.000000    0.000000  
4.060406    -0.097456    0.000000    0.000000    -0.215340    0.000000    0.000000    6.065962    0.000000    0.000000  
4.070407    -0.099310    0.000000    0.000000    -0.154408    0.000000    0.000000    6.177462    0.000000    0.000000  
4.080408    -0.100558    0.000000    0.000000    -0.092489    0.000000    0.000000    6.253947    0.000000    0.000000  
4.090409    -0.101186    0.000000    0.000000    -0.029900    0.000000    0.000000    6.295025    0.000000    0.000000  
4.100410    -0.101177    0.000000    0.000000    0.033044    0.000000    0.000000    6.300302    0.000000    0.000000  
4.110411    -0.100524    0.000000    0.000000    0.096012    0.000000    0.000000    6.269458    0.000000    0.000000  
4.120412    -0.099238    0.000000    0.000000    0.158621    0.000000    0.000000    6.202423    0.000000    0.000000  
4.130413    -0.097336    0.000000    0.000000    0.220475    0.000000    0.000000    6.099183    0.000000    0.000000  
4.140414    -0.094834    0.000000    0.000000    0.281179    0.000000    0.000000    5.959726    0.000000    0.000000  
4.150415    -0.091749    0.000000    0.000000    0.340339    0.000000    0.000000    5.784037    0.000000    0.000000  
4.160416    -0.088098    0.000000    0.000000    0.397558    0.000000    0.000000    5.572104    0.000000    0.000000  
4.170417    -0.083897    0.000000    0.000000    0.452442    0.000000    0.000000    5.323913    0.000000    0.000000  
4.180418    -0.079164    0.000000    0.000000    0.504595    0.000000    0.000000    5.039450    0.000000    0.000000  
4.190419    -0.073914    0.000000    0.000000    0.553622    0.000000    0.000000    4.718702    0.000000    0.000000  
4.200420    -0.068164    0.000000    0.000000    0.599129    0.000000    0.000000    4.361657    0.000000    0.000000  
4.210421    -0.061939    0.000000    0.000000    0.640758    0.000000    0.000000    3.969122    0.000000    0.000000  
4.220422    -0.055286    0.000000    0.000000    0.678295    0.000000    0.000000    3.544808    0.000000    0.000000  
4.230423    -0.048261    0.000000    0.000000    0.711552    0.000000    0.000000    3.093065    0.000000    0.000000  
4.240424    -0.040918    0.000000    0.000000    0.740346    0.000000    0.000000    2.618242    0.000000    0.000000  
4.250425    -0.033310    0.000000    0.000000    0.764489    0.000000    0.000000    2.124690    0.000000    0.000000  
4.260426    -0.025493    0.000000    0.000000    0.783797    0.000000    0.000000    1.616756    0.000000    0.000000  
4.270427    -0.017521    0.000000    0.000000    0.798083    0.000000    0.000000    1.098793    0.000000    0.000000  
4.280428    -0.009448    0.000000    0.000000    0.807162    0.000000    0.000000    0.575147    0.000000    0.000000  
4.290429    -0.001328    0.000000    0.000000    0.810849    0.000000    0.000000    0.050171    0.000000    0.000000  
4.300430    0.006784    0.000000    0.000000    0.808957    0.000000    0.000000    -0.471788    0.000000    0.000000  
4.310431    0.014835    0.000000    0.000000    0.801388    0.000000    0.000000    -0.986707    0.000000    0.000000  
4.320432    0.022779    0.000000    0.000000    0.788345    0.000000    0.000000    -1.491719    0.000000    0.000000  
4.330433    0.030570    0.000000    0.000000    0.770102    0.000000    0.000000    -1.984207    0.000000    0.000000  
4.340434    0.038162    0.000000    0.000000    0.746929    0.000000    0.000000    -2.461559    0.000000    0.000000  
4.350435    0.045511    0.000000    0.000000    0.719097    0.000000    0.000000    -2.921158    0.000000    0.000000  
4.360436    0.052570    0.000000    0.000000    0.686878    0.000000    0.000000    -3.360390    0.000000    0.000000  
4.370437    0.059294    0.000000    0.000000    0.650543    0.000000    0.000000    -3.776641    0.000000    0.000000  
4.380438    0.065637    0.000000    0.000000    0.610364    0.000000    0.000000    -4.167295    0.000000    0.000000  
4.390439    0.071555    0.000000    0.000000    0.566613    0.000000    0.000000    -4.529738    0.000000    0.000000  
4.400440    0.077000    0.000000    0.000000    0.519560    0.000000    0.000000    -4.861354    0.000000    0.000000  
4.410441    0.081935    0.000000    0.000000    0.469486    0.000000    0.000000    -5.159967    0.000000    0.000000  
4.420442    0.086340    0.000000    0.000000    0.416703    0.000000    0.000000    -5.424927    0.000000    0.000000  
4.430443    0.090202    0.000000    0.000000    0.361529    0.000000    0.000000    -5.655923    0.000000    0.000000  
4.440444    0.093507    0.000000    0.000000    0.304283    0.000000    0.000000    -5.852643    0.000000    0.000000  
4.450445    0.096241    0.000000    0.000000    0.245282    0.000000    0.000000    -6.014773    0.000000    0.000000  
4.460446    0.098391    0.000000    0.000000    0.184845    0.000000    0.000000    -6.142002    0.000000    0.000000  
4.470447    0.099943    0.000000    0.000000    0.123291    0.000000    0.000000    -6.234018    0.000000    0.000000  
4.480448    0.100882    0.000000    0.000000    0.060938    0.000000    0.000000    -6.290507    0.000000    0.000000  
4.490449    0.101196    0.000000    0.000000    -0.001895    0.000000    0.000000    -6.311158    0.000000    0.000000  
4.500450    0.100870    0.000000    0.000000    -0.064891    0.000000    0.000000    -6.295658    0.000000    0.000000  
4.510451    0.099898    0.000000    0.000000    -0.127717    0.000000    0.000000    -6.243785    0.000000    0.000000  
4.520452    0.098292    0.000000    0.000000    -0.189987    0.000000    0.000000    -6.155627    0.000000    0.000000  
4.530453    0.096073    0.000000    0.000000    -0.251309    0.000000    0.000000    -6.031343    0.000000    0.000000  
4.540454    0.093260    0.000000    0.000000    -0.311285    0.000000    0.000000    -5.871091    0.000000    0.000000  
4.550455    0.089872    0.000000    0.000000    -0.369522    0.000000    0.000000    -5.675029    0.000000    0.000000  
4.560456    0.085928    0.000000    0.000000    -0.425625    0.000000    0.000000    -5.443313    0.000000    0.000000  
4.570457    0.081447    0.000000    0.000000    -0.479198    0.000000    0.000000    -5.176103    0.000000    0.000000  
4.580458    0.076448    0.000000    0.000000    -0.529846    0.000000    0.000000    -4.873556    0.000000    0.000000  
4.590459    0.070950    0.000000    0.000000    -0.577175    0.000000    0.000000    -4.535830    0.000000    0.000000  
4.600460    0.064973    0.000000    0.000000    -0.620789    0.000000    0.000000    -4.163083    0.000000    0.000000  
4.610461    0.058542    0.000000    0.000000    -0.660339    0.000000    0.000000    -3.756287    0.000000    0.000000  
4.620462    0.051708    0.000000    0.000000    -0.695630    0.000000    0.000000    -3.319247    0.000000    0.000000  
4.630463    0.044524    0.000000    0.000000    -0.726501    0.000000    0.000000    -2.856390    0.000000    0.000000  
4.640464    0.037046    0.000000    0.000000    -0.752793    0.000000    0.000000    -2.372139    0.000000    0.000000  
4.650465    0.029330    0.000000    0.000000    -0.774346    0.000000    0.000000    -1.870918    0.000000    0.000000  
4.660466    0.021428    0.000000    0.000000    -0.790998    0.000000    0.000000    -1.357154    0.000000    0.000000  
4.670467    0.013398    0.000000    0.000000    -0.802590    0.000000    0.000000    -0.835269    0.000000    0.000000  
4.680468    0.005292    0.000000    0.000000    -0.808961    0.000000    0.000000    -0.309688    0.000000    0.000000  
4.690469    -0.002833    0.000000    0.000000    -0.809951    0.000000    0.000000    0.215164    0.000000    0.000000  
4.700470    -0.010923    0.000000    0.000000    -0.805401    0.000000    0.000000    0.734863    0.000000    0.000000  
4.710471    -0.018924    0.000000    0.000000    -0.795233    0.000000    0.000000    1.245365    0.000000    0.000000  
4.720472    -0.026793    0.000000    0.000000    -0.779666    0.000000    0.000000    1.743952    0.000000    0.000000  
4.730473    -0.034483    0.000000    0.000000    -0.758981    0.000000    0.000000    2.228193    0.000000    0.000000  
4.740474    -0.041950    0.000000    0.000000    -0.733459    0.000000    0.000000    2.695657    0.000000    0.000000  
4.750475    -0.049151    0.000000    0.000000    -0.703381    0.000000    0.000000    3.143913    0.000000    0.000000  
4.760476    -0.056041    0.000000    0.000000    -0.669029    0.000000    0.000000    3.570529    0.000000    0.000000  
4.770477    -0.062576    0.000000    0.000000    -0.630683    0.000000    0.000000    3.973075    0.000000    0.000000  
4.780478    -0.068711    0.000000    0.000000    -0.588626    0.000000    0.000000    4.349120    0.000000    0.000000  
4.790479    -0.074402    0.000000    0.000000    -0.543137    0.000000    0.000000    4.696233    0.000000    0.000000  
4.800480    -0.079605    0.000000    0.000000    -0.494500    0.000000    0.000000    5.011982    0.000000    0.000000  
4.810481    -0.084281    0.000000    0.000000    -0.443001    0.000000    0.000000    5.294345    0.000000    0.000000  
4.820482    -0.088415    0.000000    0.000000    -0.388958    0.000000    0.000000    5.542718    0.000000    0.000000  
4.830483    -0.091993    0.000000    0.000000    -0.332691    0.000000    0.000000    5.756800    0.000000    0.000000  
4.840484    -0.095005    0.000000    0.000000    -0.274521    0.000000    0.000000    5.936294    0.000000    0.000000  
4.850485    -0.097438    0.000000    0.000000    -0.214771    0.000000    0.000000    6.080900    0.000000    0.000000  
4.860486    -0.099279    0.000000    0.000000    -0.153760    0.000000    0.000000    6.190318    0.000000    0.000000  
4.870487    -0.100518    0.000000    0.000000    -0.091811    0.000000    0.000000    6.264251    0.000000    0.000000  
4.880488    -0.101142    0.000000    0.000000    -0.029245    0.000000    0.000000    6.302399    0.000000    0.000000  
4.890489    -0.101139    0.000000    0.000000    0.033617    0.000000    0.000000    6.304463    0.000000    0.000000  
4.900490    -0.100496    0.000000    0.000000    0.096453    0.000000    0.000000    6.270145    0.000000    0.000000  
4.910491    -0.099209    0.000000    0.000000    0.158929    0.000000    0.000000    6.199264    0.000000    0.000000  
4.920492    -0.097294    0.000000    0.000000    0.220663    0.000000    0.000000    6.092054    0.000000    0.000000  
4.930493    -0.094771    0.000000    0.000000    0.281265    0.000000    0.000000    5.948838    0.000000    0.000000  
4.940494    -0.091662    0.000000    0.000000    0.340341    0.000000    0.000000    5.769937    0.000000    0.000000  
4.950495    -0.087987    0.000000    0.000000    0.397503    0.000000    0.000000    5.555673    0.000000    0.000000  
4.960496    -0.083768    0.000000    0.000000    0.452356    0.000000    0.000000    5.306370    0.000000    0.000000  
4.970497    -0.079025    0.000000    0.000000    0.504512    0.000000    0.000000    5.022349    0.000000    0.000000  
4.980498    -0.073779    0.000000    0.000000    0.553577    0.000000    0.000000    4.703932    0.000000    0.000000  
4.990499    -0.068051    0.000000    0.000000    0.599161    0.000000    0.000000    4.351443    0.000000    0.000000  
5.000500    -0.061863    0.000000    0.000000    0.640872    0.000000    0.000000    3.965202    0.000000    0.000000  
5.010501    -0.055242    0.000000    0.000000    0.678368    0.000000    0.000000    3.546328    0.000000    0.000000  
5.020502    -0.048238    0.000000    0.000000    0.711472    0.000000    0.000000    3.098677    0.000000    0.000000  
5.030503    -0.040908    0.000000    0.000000    0.740044    0.000000    0.000000    2.626696    0.000000    0.000000  
5.040504    -0.033306    0.000000    0.000000    0.763944    0.000000    0.000000    2.134830    0.000000    0.000000  
5.050505    -0.025488    0.000000    0.000000    0.783032    0.000000    0.000000    1.627525    0.000000    0.000000  
5.060506    -0.017510    0.000000    0.000000    0.797168    0.000000    0.000000    1.109226    0.000000    0.000000  
5.070507    -0.009428    0.000000    0.000000    0.806211    0.000000    0.000000    0.584381    0.000000    0.000000  
5.080508    -0.001296    0.000000    0.000000    0.810022    0.000000    0.000000    0.057434    0.000000    0.000000  
5.090509    0.006829    0.000000    0.000000    0.808461    0.000000    0.000000    -0.467168    0.000000    0.000000  
5.100510    0.014893    0.000000    0.000000    0.801387    0.000000    0.000000    -0.984980    0.000000    0.000000  
5.110511    0.022841    0.000000    0.000000    0.788743    0.000000    0.000000    -1.491963    0.000000    0.000000  
5.120512    0.030629    0.000000    0.000000    0.770759    0.000000    0.000000    -1.985478    0.000000    0.000000  
5.130513    0.038214    0.000000    0.000000    0.747724    0.000000    0.000000    -2.463185    0.000000    0.000000  
5.140514    0.045553    0.000000    0.000000    0.719928    0.000000    0.000000    -2.922747    0.000000    0.000000  
5.150515    0.052603    0.000000    0.000000    0.687662    0.000000    0.000000    -3.361822    0.000000    0.000000  
5.160516    0.059321    0.000000    0.000000    0.651216    0.000000    0.000000    -3.778073    0.000000    0.000000  
5.170517    0.065664    0.000000    0.000000    0.610880    0.000000    0.000000    -4.169160    0.000000    0.000000  
5.180518    0.071589    0.000000    0.000000    0.566944    0.000000    0.000000    -4.532743    0.000000    0.000000  
5.190519    0.077053    0.000000    0.000000    0.519697    0.000000    0.000000    -4.866484    0.000000    0.000000  
5.200520    0.082013    0.000000    0.000000    0.469431    0.000000    0.000000    -5.168044    0.000000    0.000000  
5.210521    0.086431    0.000000    0.000000    0.416443    0.000000    0.000000    -5.435481    0.000000    0.000000  
5.220522    0.090294    0.000000    0.000000    0.361056    0.000000    0.000000    -5.668219    0.000000    0.000000  
5.230523    0.093590    0.000000    0.000000    0.303601    0.000000    0.000000    -5.865971    0.000000    0.000000  
5.240524    0.096309    0.000000    0.000000    0.244406    0.000000    0.000000    -6.028453    0.000000    0.000000  
5.250525    0.098440    0.000000    0.000000    0.183802    0.000000    0.000000    -6.155379    0.000000    0.000000  
5.260526    0.099973    0.000000    0.000000    0.122118    0.000000    0.000000    -6.246464    0.000000    0.000000  
5.270527    0.100897    0.000000    0.000000    0.059683    0.000000    0.000000    -6.301421    0.000000    0.000000  
5.280528    0.101202    0.000000    0.000000    -0.003174    0.000000    0.000000    -6.319966    0.000000    0.000000  
5.290529    0.100876    0.000000    0.000000    -0.066122    0.000000    0.000000    -6.301813    0.000000    0.000000  
5.300530    0.099910    0.000000    0.000000    -0.128833    0.000000    0.000000    -6.246675    0.000000    0.000000  
5.310531    0.098300    0.000000    0.000000    -0.190965    0.000000    0.000000    -6.154438    0.000000    0.000000  
5.320532    0.096063    0.000000    0.000000    -0.252140    0.000000    0.000000    -6.025558    0.000000    0.000000  
5.330533    0.093225    0.000000    0.000000    -0.311972    0.000000    0.000000    -5.860618    0.000000    0.000000  
5.340534    0.089807    0.000000    0.000000    -0.370073    0.000000    0.000000    -5.660198    0.000000    0.000000  
5.350535    0.085834    0.000000    0.000000    -0.426057    0.000000    0.000000    -5.424880    0.000000    0.000000  
5.360536    0.081329    0.000000    0.000000    -0.479536    0.000000    0.000000    -5.155245    0.000000    0.000000  
5.370537    0.076315    0.000000    0.000000    -0.530125    0.000000    0.000000    -4.851875    0.000000    0.000000  
5.380538    0.070816    0.000000    0.000000    -0.577436    0.000000    0.000000    -4.515350    0.000000    0.000000  
5.390539    0.064856    0.000000    0.000000    -0.621083    0.000000    0.000000    -4.146253    0.000000    0.000000  
5.400540    0.058458    0.000000    0.000000    -0.660679    0.000000    0.000000    -3.745163    0.000000    0.000000  
5.410541    0.051651    0.000000    0.000000    -0.695889    0.000000    0.000000    -3.313416    0.000000    0.000000  
5.420542    0.044487    0.000000    0.000000    -0.726563    0.000000    0.000000    -2.854907    0.000000    0.000000  
5.430543    0.037022    0.000000    0.000000    -0.752587    0.000000    0.000000    -2.374074    0.000000    0.000000  
5.440544    0.029311    0.000000    0.000000    -0.773847    0.000000    0.000000    -1.875358    0.000000    0.000000  
5.450545    0.021411    0.000000    0.000000    -0.790230    0.000000    0.000000    -1.363198    0.000000    0.000000  
5.460546    0.013376    0.000000    0.000000    -0.801622    0.000000    0.000000    -0.842033    0.000000    0.000000  
5.470547    0.005264    0.000000    0.000000    -0.807910    0.000000    0.000000    -0.316303    0.000000    0.000000  
5.480548    -0.002872    0.000000    0.000000    -0.808980    0.000000    0.000000    0.209553    0.000000    0.000000  
5.490549    -0.010974    0.000000    0.000000    -0.804718    0.000000    0.000000    0.731095    0.000000    0.000000  
5.500550    -0.018987    0.000000    0.000000    -0.795012    0.000000    0.000000    1.243883    0.000000    0.000000  
5.510551    -0.026858    0.000000    0.000000    -0.779828    0.000000    0.000000    1.743925    0.000000    0.000000  
5.520552    -0.034543    0.000000    0.000000    -0.759404    0.000000    0.000000    2.228739    0.000000    0.000000  
5.530553    -0.042001    0.000000    0.000000    -0.734037    0.000000    0.000000    2.696166    0.000000    0.000000  
5.540554    -0.049190    0.000000    0.000000    -0.704025    0.000000    0.000000    3.144045    0.000000    0.000000  
5.550555    -0.056068    0.000000    0.000000    -0.669662    0.000000    0.000000    3.570218    0.000000    0.000000  
5.560556    -0.062595    0.000000    0.000000    -0.631247    0.000000    0.000000    3.972523    0.000000    0.000000  
5.570557    -0.068727    0.000000    0.000000    -0.589074    0.000000    0.000000    4.348801    0.000000    0.000000  
5.580558    -0.074425    0.000000    0.000000    -0.543442    0.000000    0.000000    4.696893    0.000000    0.000000  
5.590559    -0.079645    0.000000    0.000000    -0.494646    0.000000    0.000000    5.014637    0.000000    0.000000  
5.600560    -0.084347    0.000000    0.000000    -0.442983    0.000000    0.000000    5.299876    0.000000    0.000000  
5.610561    -0.088495    0.000000    0.000000    -0.388757    0.000000    0.000000    5.550812    0.000000    0.000000  
5.620562    -0.092076    0.000000    0.000000    -0.332294    0.000000    0.000000    5.766883    0.000000    0.000000  
5.630563    -0.095080    0.000000    0.000000    -0.273928    0.000000    0.000000    5.947789    0.000000    0.000000  
5.640564    -0.097499    0.000000    0.000000    -0.213991    0.000000    0.000000    6.093227    0.000000    0.000000  
5.650565    -0.099324    0.000000    0.000000    -0.152816    0.000000    0.000000    6.202896    0.000000    0.000000  
5.660566    -0.100547    0.000000    0.000000    -0.090735    0.000000    0.000000    6.276493    0.000000    0.000000  
5.670567    -0.101157    0.000000    0.000000    -0.028080    0.000000    0.000000    6.313718    0.000000    0.000000  
5.680568    -0.101146    0.000000    0.000000    0.034816    0.000000    0.000000    6.314268    0.000000    0.000000  
5.690569    -0.100505    0.000000    0.000000    0.097620    0.000000    0.000000    6.277841    0.000000    0.000000  
5.700570    -0.099226    0.000000    0.000000    0.160000    0.000000    0.000000    6.204137    0.000000    0.000000  
5.710571    -0.097306    0.000000    0.000000    0.221613    0.000000    0.000000    6.093065    0.000000    0.000000  
5.720572    -0.094765    0.000000    0.000000    0.282084    0.000000    0.000000    5.945253    0.000000    0.000000  
5.730573    -0.091630    0.000000    0.000000    0.341030    0.000000    0.000000    5.761479    0.000000    0.000000  
5.740574    -0.087924    0.000000    0.000000    0.398068    0.000000    0.000000    5.542522    0.000000    0.000000  
5.750575    -0.083675    0.000000    0.000000    0.452816    0.000000    0.000000    5.289159    0.000000    0.000000  
5.760576    -0.078906    0.000000    0.000000    0.504890    0.000000    0.000000    5.002170    0.000000    0.000000  
5.770577    -0.073644    0.000000    0.000000    0.553907    0.000000    0.000000    4.682331    0.000000    0.000000  
5.780578    -0.067914    0.000000    0.000000    0.599485    0.000000    0.000000    4.330423    0.000000    0.000000  
5.790579    -0.061741    0.000000    0.000000    0.641241    0.000000    0.000000    3.947221    0.000000    0.000000  
5.800580    -0.055150    0.000000    0.000000    0.678793    0.000000    0.000000    3.533506    0.000000    0.000000  
5.810581    -0.048174    0.000000    0.000000    0.711814    0.000000    0.000000    3.090777    0.000000    0.000000  
5.820582    -0.040863    0.000000    0.000000    0.740174    0.000000    0.000000    2.622958    0.000000    0.000000  
5.830583    -0.033275    0.000000    0.000000    0.763780    0.000000    0.000000    2.134485    0.000000    0.000000  
5.840584    -0.025464    0.000000    0.000000    0.782544    0.000000    0.000000    1.629793    0.000000    0.000000  
5.850585    -0.017489    0.000000    0.000000    0.796372    0.000000    0.000000    1.113315    0.000000    0.000000  
5.860586    -0.009404    0.000000    0.000000    0.805175    0.000000    0.000000    0.589487    0.000000    0.000000  
5.870587    -0.001267    0.000000    0.000000    0.808862    0.000000    0.000000    0.062744    0.000000    0.000000  
5.880588    0.006868    0.000000    0.000000    0.807341    0.000000    0.000000    -0.462481    0.000000    0.000000  
5.890589    0.014943    0.000000    0.000000    0.800521    0.000000    0.000000    -0.981752    0.000000    0.000000  
5.900590    0.022902    0.000000    0.000000    0.788311    0.000000    0.000000    -1.490634    0.000000    0.000000  
5.910591    0.030692    0.000000    0.000000    0.770700    0.000000    0.000000    -1.985165    0.000000    0.000000  
5.920592    0.038272    0.000000    0.000000    0.747933    0.000000    0.000000    -2.462964    0.000000    0.000000  
5.930593    0.045600    0.000000    0.000000    0.720315    0.000000    0.000000    -2.921979    0.000000    0.000000  
5.940594    0.052636    0.000000    0.000000    0.688148    0.000000    0.000000    -3.360160    0.000000    0.000000  
5.950595    0.059341    0.000000    0.000000    0.651734    0.000000    0.000000    -3.775457    0.000000    0.000000  
5.960596    0.065674    0.000000    0.000000    0.611377    0.000000    0.000000    -4.165820    0.000000    0.000000  
5.970597    0.071595    0.000000    0.000000    0.567379    0.000000    0.000000    -4.529197    0.000000    0.000000  
5.980598    0.077063    0.000000    0.000000    0.520044    0.000000    0.000000    -4.863539    0.000000    0.000000  
5.990599    0.082040    0.000000    0.000000    0.469673    0.000000    0.000000    -5.166796    0.000000    0.000000  
6.000600    0.086484    0.000000    0.000000    0.416570    0.000000    0.000000    -5.436915    0.000000    0.000000  
6.010601    0.090362    0.000000    0.000000    0.361044    0.000000    0.000000    -5.672195    0.000000    0.000000  
6.020602    0.093661    0.000000    0.000000    0.303432    0.000000    0.000000    -5.872089    0.000000    0.000000  
6.030603    0.096375    0.000000    0.000000    0.244072    0.000000    0.000000    -6.036294    0.000000    0.000000  
6.040604    0.098496    0.000000    0.000000    0.183307    0.000000    0.000000    -6.164505    0.000000    0.000000  
6.050605    0.100016    0.000000    0.000000    0.121475    0.000000    0.000000    -6.256420    0.000000    0.000000  
6.060606    0.100927    0.000000    0.000000    0.058918    0.000000    0.000000    -6.311734    0.000000    0.000000  
6.070607    0.101222    0.000000    0.000000    -0.004024    0.000000    0.000000    -6.330144    0.000000    0.000000  
6.080608    0.100894    0.000000    0.000000    -0.067011    0.000000    0.000000    -6.311347    0.000000    0.000000  
6.090609    0.099935    0.000000    0.000000    -0.129703    0.000000    0.000000    -6.255037    0.000000    0.000000  
6.100610    0.098337    0.000000    0.000000    -0.191759    0.000000    0.000000    -6.160913    0.000000    0.000000  
6.110611    0.096100    0.000000    0.000000    -0.252832    0.000000    0.000000    -6.028939    0.000000    0.000000  
6.120612    0.093247    0.000000    0.000000    -0.312550    0.000000    0.000000    -5.859978    0.000000    0.000000  
6.130613    0.089806    0.000000    0.000000    -0.370536    0.000000    0.000000    -5.655081    0.000000    0.000000  
6.140614    0.085805    0.000000    0.000000    -0.426414    0.000000    0.000000    -5.415297    0.000000    0.000000  
6.150615    0.081271    0.000000    0.000000    -0.479807    0.000000    0.000000    -5.141676    0.000000    0.000000  
6.160616    0.076232    0.000000    0.000000    -0.530338    0.000000    0.000000    -4.835269    0.000000    0.000000  
6.170617    0.070716    0.000000    0.000000    -0.577632    0.000000    0.000000    -4.497125    0.000000    0.000000  
6.180618    0.064752    0.000000    0.000000    -0.621311    0.000000    0.000000    -4.128294    0.000000    0.000000  
6.190619    0.058366    0.000000    0.000000    -0.660999    0.000000    0.000000    -3.729825    0.000000    0.000000  
6.200620    0.051588    0.000000    0.000000    -0.696319    0.000000    0.000000    -3.302770    0.000000    0.000000  
6.210621    0.044449    0.000000    0.000000    -0.726957    0.000000    0.000000    -2.848845    0.000000    0.000000  
6.220622    0.037003    0.000000    0.000000    -0.752805    0.000000    0.000000    -2.371980    0.000000    0.000000  
6.230623    0.029306    0.000000    0.000000    -0.773801    0.000000    0.000000    -1.876567    0.000000    0.000000  
6.240624    0.021414    0.000000    0.000000    -0.789879    0.000000    0.000000    -1.366997    0.000000    0.000000  
6.250625    0.013383    0.000000    0.000000    -0.800975    0.000000    0.000000    -0.847661    0.000000    0.000000  
6.260626    0.005269    0.000000    0.000000    -0.807025    0.000000    0.000000    -0.322951    0.000000    0.000000  
6.270627    -0.002872    0.000000    0.000000    -0.807966    0.000000    0.000000    0.202744    0.000000    0.000000  
6.280628    -0.010983    0.000000    0.000000    -0.803733    0.000000    0.000000    0.725032    0.000000    0.000000  
6.290629    -0.019009    0.000000    0.000000    -0.794262    0.000000    0.000000    1.239522    0.000000    0.000000  
6.300630    -0.026893    0.000000    0.000000    -0.779488    0.000000    0.000000    1.741824    0.000000    0.000000  
6.310631    -0.034582    0.000000    0.000000    -0.759423    0.000000    0.000000    2.228046    0.000000    0.000000  
6.320632    -0.042036    0.000000    0.000000    -0.734321    0.000000    0.000000    2.695958    0.000000    0.000000  
6.330633    -0.049215    0.000000    0.000000    -0.704490    0.000000    0.000000    3.143672    0.000000    0.000000  
6.340634    -0.056082    0.000000    0.000000    -0.670237    0.000000    0.000000    3.569301    0.000000    0.000000  
6.350635    -0.062596    0.000000    0.000000    -0.631867    0.000000    0.000000    3.970957    0.000000    0.000000  
6.360636    -0.068720    0.000000    0.000000    -0.589689    0.000000    0.000000    4.346752    0.000000    0.000000  
6.370637    -0.074415    0.000000    0.000000    -0.544008    0.000000    0.000000    4.694798    0.000000    0.000000  
6.380638    -0.079642    0.000000    0.000000    -0.495132    0.000000    0.000000    5.013208    0.000000    0.000000  
6.390639    -0.084362    0.000000    0.000000    -0.443367    0.000000    0.000000    5.300094    0.000000    0.000000  
6.400640    -0.088536    0.000000    0.000000    -0.389020    0.000000    0.000000    5.553567    0.000000    0.000000  
6.410641    -0.092133    0.000000    0.000000    -0.332405    0.000000    0.000000    5.772056    0.000000    0.000000  
6.420642    -0.095142    0.000000    0.000000    -0.273863    0.000000    0.000000    5.955021    0.000000    0.000000  
6.430643    -0.097556    0.000000    0.000000    -0.213737    0.000000    0.000000    6.102142    0.000000    0.000000  
6.440644    -0.099371    0.000000    0.000000    -0.152373    0.000000    0.000000    6.213094    0.000000    0.000000  
6.450645    -0.100581    0.000000    0.000000    -0.090115    0.000000    0.000000    6.287556    0.000000    0.000000  
6.460646    -0.101178    0.000000    0.000000    -0.027307    0.000000    0.000000    6.325203    0.000000    0.000000  
6.470647    -0.101158    0.000000    0.000000    0.035705    0.000000    0.000000    6.325714    0.000000    0.000000  
6.480648    -0.100515    0.000000    0.000000    0.098577    0.000000    0.000000    6.288764    0.000000    0.000000  
6.490649    -0.099242    0.000000    0.000000    0.160963    0.000000    0.000000    6.214033    0.000000    0.000000  
6.500650    -0.097335    0.000000    0.000000    0.222521    0.000000    0.000000    6.101195    0.000000    0.000000  
6.510651    -0.094793    0.000000    0.000000    0.282898    0.000000    0.000000    5.950251    0.000000    0.000000  
6.520652    -0.091642    0.000000    0.000000    0.341730    0.000000    0.000000    5.762257    0.000000    0.000000  
6.530653    -0.087912    0.000000    0.000000    0.398645    0.000000    0.000000    5.538488    0.000000    0.000000  
6.540654    -0.083633    0.000000    0.000000    0.453273    0.000000    0.000000    5.280219    0.000000    0.000000  
6.550655    -0.078834    0.000000    0.000000    0.505244    0.000000    0.000000    4.988724    0.000000    0.000000  
6.560656    -0.073545    0.000000    0.000000    0.554187    0.000000    0.000000    4.665278    0.000000    0.000000  
6.570657    -0.067796    0.000000    0.000000    0.599734    0.000000    0.000000    4.311156    0.000000    0.000000  
6.580658    -0.061617    0.000000    0.000000    0.641512    0.000000    0.000000    3.927633    0.000000    0.000000  
6.590659    -0.055037    0.000000    0.000000    0.679152    0.000000    0.000000    3.515984    0.000000    0.000000  
6.600660    -0.048087    0.000000    0.000000    0.712284    0.000000    0.000000    3.077483    0.000000    0.000000  
6.610661    -0.040801    0.000000    0.000000    0.740603    0.000000    0.000000    2.614023    0.000000    0.000000  
6.620662    -0.033233    0.000000    0.000000    0.764025    0.000000    0.000000    2.129528    0.000000    0.000000  
6.630663    -0.025437    0.000000    0.000000    0.782509    0.000000    0.000000    1.628337    0.000000    0.000000  
6.640664    -0.017472    0.000000    0.000000    0.796012    0.000000    0.000000    1.114790    0.000000    0.000000  
6.650665    -0.009393    0.000000    0.000000    0.804496    0.000000    0.000000    0.593225    0.000000    0.000000  
6.660666    -0.001256    0.000000    0.000000    0.807918    0.000000    0.000000    0.067983    0.000000    0.000000  
6.670667    0.006882    0.000000    0.000000    0.806239    0.000000    0.000000    -0.456597    0.000000    0.000000  
6.680668    0.014964    0.000000    0.000000    0.799416    0.000000    0.000000    -0.976176    0.000000    0.000000  
6.690669    0.022936    0.000000    0.000000    0.787410    0.000000    0.000000    -1.486415    0.000000    0.000000  
6.700670    0.030739    0.000000    0.000000    0.770179    0.000000    0.000000    -1.982974    0.000000    0.000000  
6.710671    0.038323    0.000000    0.000000    0.747753    0.000000    0.000000    -2.462030    0.000000    0.000000  
6.720672    0.045646    0.000000    0.000000    0.720397    0.000000    0.000000    -2.921451    0.000000    0.000000  
6.730673    0.052672    0.000000    0.000000    0.688419    0.000000    0.000000    -3.359451    0.000000    0.000000  
6.740674    0.059363    0.000000    0.000000    0.652130    0.000000    0.000000    -3.774243    0.000000    0.000000  
6.750675    0.065683    0.000000    0.000000    0.611841    0.000000    0.000000    -4.164040    0.000000    0.000000  
6.760676    0.071593    0.000000    0.000000    0.567861    0.000000    0.000000    -4.527056    0.000000    0.000000  
6.770677    0.077058    0.000000    0.000000    0.520502    0.000000    0.000000    -4.861504    0.000000    0.000000  
6.780678    0.082039    0.000000    0.000000    0.470074    0.000000    0.000000    -5.165597    0.000000    0.000000  
6.790679    0.086499    0.000000    0.000000    0.416886    0.000000    0.000000    -5.437550    0.000000    0.000000  
6.800680    0.090402    0.000000    0.000000    0.361250    0.000000    0.000000    -5.675576    0.000000    0.000000  
6.810681    0.093715    0.000000    0.000000    0.303485    0.000000    0.000000    -5.878178    0.000000    0.000000  
6.820682    0.096432    0.000000    0.000000    0.243938    0.000000    0.000000    -6.044814    0.000000    0.000000  
6.830683    0.098546    0.000000    0.000000    0.182963    0.000000    0.000000    -6.175130    0.000000    0.000000  
6.840684    0.100054    0.000000    0.000000    0.120914    0.000000    0.000000    -6.268777    0.000000    0.000000  
6.850685    0.100952    0.000000    0.000000    0.058145    0.000000    0.000000    -6.325404    0.000000    0.000000  
6.860686    0.101233    0.000000    0.000000    -0.004992    0.000000    0.000000    -6.344659    0.000000    0.000000  
6.870687    0.100895    0.000000    0.000000    -0.068141    0.000000    0.000000    -6.326191    0.000000    0.000000  
6.880688    0.099932    0.000000    0.000000    -0.130950    0.000000    0.000000    -6.269650    0.000000    0.000000  
6.890689    0.098340    0.000000    0.000000    -0.193064    0.000000    0.000000    -6.174684    0.000000    0.000000  
6.900690    0.096114    0.000000    0.000000    -0.254130    0.000000    0.000000    -6.040942    0.000000    0.000000  
6.910691    0.093258    0.000000    0.000000    -0.313793    0.000000    0.000000    -5.868472    0.000000    0.000000  
6.920692    0.089799    0.000000    0.000000    -0.371690    0.000000    0.000000    -5.658623    0.000000    0.000000  
6.930693    0.085769    0.000000    0.000000    -0.427459    0.000000    0.000000    -5.413005    0.000000    0.000000  
6.940694    0.081200    0.000000    0.000000    -0.480737    0.000000    0.000000    -5.133230    0.000000    0.000000  
6.950695    0.076126    0.000000    0.000000    -0.531160    0.000000    0.000000    -4.820910    0.000000    0.000000  
6.960696    0.070578    0.000000    0.000000    -0.578365    0.000000    0.000000    -4.477655    0.000000    0.000000  
6.970697    0.064588    0.000000    0.000000    -0.621990    0.000000    0.000000    -4.105077    0.000000    0.000000  
6.980698    0.058190    0.000000    0.000000    -0.661672    0.000000    0.000000    -3.704788    0.000000    0.000000  
6.990699    0.051415    0.000000    0.000000    -0.697047    0.000000    0.000000    -3.278399    0.000000    0.000000  
7.000700    0.044296    0.000000    0.000000    -0.727753    0.000000    0.000000    -2.827522    0.000000    0.000000  
7.010701    0.036870    0.000000    0.000000    -0.753498    0.000000    0.000000    -2.354301    0.000000    0.000000  
7.020702    0.029190    0.000000    0.000000    -0.774226    0.000000    0.000000    -1.862617    0.000000    0.000000  
7.030703    0.021312    0.000000    0.000000    -0.789927    0.000000    0.000000    -1.356698    0.000000    0.000000  
7.040704    0.013292    0.000000    0.000000    -0.800592    0.000000    0.000000    -0.840774    0.000000    0.000000  
7.050705    0.005185    0.000000    0.000000    -0.806211    0.000000    0.000000    -0.319074    0.000000    0.000000  
7.060706    -0.002951    0.000000    0.000000    -0.806774    0.000000    0.000000    0.204171    0.000000    0.000000  
7.070707    -0.011062    0.000000    0.000000    -0.802272    0.000000    0.000000    0.724733    0.000000    0.000000  
7.080708    -0.019091    0.000000    0.000000    -0.792695    0.000000    0.000000    1.238381    0.000000    0.000000  
7.090709    -0.026982    0.000000    0.000000    -0.778034    0.000000    0.000000    1.740886    0.000000    0.000000  
7.100710    -0.034679    0.000000    0.000000    -0.758280    0.000000    0.000000    2.228019    0.000000    0.000000  
7.110711    -0.042131    0.000000    0.000000    -0.733486    0.000000    0.000000    2.696086    0.000000    0.000000  
7.120712    -0.049299    0.000000    0.000000    -0.703921    0.000000    0.000000    3.143128    0.000000    0.000000  
7.130713    -0.056147    0.000000    0.000000    -0.669891    0.000000    0.000000    3.567538    0.000000    0.000000  
7.140714    -0.062641    0.000000    0.000000    -0.631705    0.000000    0.000000    3.967705    0.000000    0.000000  
7.150715    -0.068744    0.000000    0.000000    -0.589672    0.000000    0.000000    4.342023    0.000000    0.000000  
7.160716    -0.074422    0.000000    0.000000    -0.544099    0.000000    0.000000    4.688882    0.000000    0.000000  
7.170717    -0.079638    0.000000    0.000000    -0.495295    0.000000    0.000000    5.006674    0.000000    0.000000  
7.180718    -0.084358    0.000000    0.000000    -0.443567    0.000000    0.000000    5.293791    0.000000    0.000000  
7.190719    -0.088546    0.000000    0.000000    -0.389226    0.000000    0.000000    5.548623    0.000000    0.000000  
7.200720    -0.092166    0.000000    0.000000    -0.332577    0.000000    0.000000    5.769564    0.000000    0.000000  
7.210721    -0.095189    0.000000    0.000000    -0.273942    0.000000    0.000000    5.955248    0.000000    0.000000  
7.220722    -0.097608    0.000000    0.000000    -0.213671    0.000000    0.000000    6.105102    0.000000    0.000000  
7.230723    -0.099421    0.000000    0.000000    -0.152126    0.000000    0.000000    6.218713    0.000000    0.000000  
7.240724    -0.100622    0.000000    0.000000    -0.089665    0.000000    0.000000    6.295666    0.000000    0.000000  
7.250725    -0.101210    0.000000    0.000000    -0.026648    0.000000    0.000000    6.335545    0.000000    0.000000  
7.260726    -0.101181    0.000000    0.000000    0.036564    0.000000    0.000000    6.337937    0.000000    0.000000  
7.270727    -0.100532    0.000000    0.000000    0.099612    0.000000    0.000000    6.302427    0.000000    0.000000  
7.280728    -0.099260    0.000000    0.000000    0.162137    0.000000    0.000000    6.228601    0.000000    0.000000  
7.290729    -0.097361    0.000000    0.000000    0.223779    0.000000    0.000000    6.116044    0.000000    0.000000  
7.300730    -0.094833    0.000000    0.000000    0.284178    0.000000    0.000000    5.964342    0.000000    0.000000  
7.310731    -0.091679    0.000000    0.000000    0.342975    0.000000    0.000000    5.773551    0.000000    0.000000  
7.320732    -0.087929    0.000000    0.000000    0.399815    0.000000    0.000000    5.545235    0.000000    0.000000  
7.330733    -0.083618    0.000000    0.000000    0.454343    0.000000    0.000000    5.281266    0.000000    0.000000  
7.340734    -0.078781    0.000000    0.000000    0.506205    0.000000    0.000000    4.983512    0.000000    0.000000  
7.350735    -0.073452    0.000000    0.000000    0.555044    0.000000    0.000000    4.653843    0.000000    0.000000  
7.360736    -0.067666    0.000000    0.000000    0.600508    0.000000    0.000000    4.294128    0.000000    0.000000  
7.370737    -0.061457    0.000000    0.000000    0.642240    0.000000    0.000000    3.906236    0.000000    0.000000  
7.380738    -0.054860    0.000000    0.000000    0.679886    0.000000    0.000000    3.492038    0.000000    0.000000  
7.390739    -0.047909    0.000000    0.000000    0.713091    0.000000    0.000000    3.053403    0.000000    0.000000  
7.400740    -0.040639    0.000000    0.000000    0.741500    0.000000    0.000000    2.592199    0.000000    0.000000  
7.410741    -0.033090    0.000000    0.000000    0.764834    0.000000    0.000000    2.110766    0.000000    0.000000  
7.420742    -0.025313    0.000000    0.000000    0.783060    0.000000    0.000000    1.612942    0.000000    0.000000  
7.430743    -0.017364    0.000000    0.000000    0.796189    0.000000    0.000000    1.102867    0.000000    0.000000  
7.440744    -0.009300    0.000000    0.000000    0.804236    0.000000    0.000000    0.584682    0.000000    0.000000  
7.450745    -0.001176    0.000000    0.000000    0.807215    0.000000    0.000000    0.062525    0.000000    0.000000  
7.460746    0.006954    0.000000    0.000000    0.805139    0.000000    0.000000    -0.459463    0.000000    0.000000  
7.470747    0.015032    0.000000    0.000000    0.798022    0.000000    0.000000    -0.977143    0.000000    0.000000  
7.480748    0.023004    0.000000    0.000000    0.785878    0.000000    0.000000    -1.486374    0.000000    0.000000  
7.490749    0.030813    0.000000    0.000000    0.768720    0.000000    0.000000    -1.983016    0.000000    0.000000  
7.500750    0.038405    0.000000    0.000000    0.746563    0.000000    0.000000    -2.462931    0.000000    0.000000  
7.510751    0.045728    0.000000    0.000000    0.719481    0.000000    0.000000    -2.922518    0.000000    0.000000  
7.520752    0.052745    0.000000    0.000000    0.687746    0.000000    0.000000    -3.359902    0.000000    0.000000  
7.530753    0.059421    0.000000    0.000000    0.651668    0.000000    0.000000    -3.773554    0.000000    0.000000  
7.540754    0.065723    0.000000    0.000000    0.611558    0.000000    0.000000    -4.161944    0.000000    0.000000  
7.550755    0.071616    0.000000    0.000000    0.567726    0.000000    0.000000    -4.523541    0.000000    0.000000  
7.560756    0.077067    0.000000    0.000000    0.520483    0.000000    0.000000    -4.856816    0.000000    0.000000  
7.570757    0.082040    0.000000    0.000000    0.470138    0.000000    0.000000    -5.160238    0.000000    0.000000  
7.580758    0.086501    0.000000    0.000000    0.417003    0.000000    0.000000    -5.432277    0.000000    0.000000  
7.590759    0.090417    0.000000    0.000000    0.361388    0.000000    0.000000    -5.671404    0.000000    0.000000  
7.600760    0.093753    0.000000    0.000000    0.303604    0.000000    0.000000    -5.876088    0.000000    0.000000  
7.610761    0.096481    0.000000    0.000000    0.243972    0.000000    0.000000    -6.045031    0.000000    0.000000  
7.620762    0.098596    0.000000    0.000000    0.182856    0.000000    0.000000    -6.177672    0.000000    0.000000  
7.630763    0.100097    0.000000    0.000000    0.120624    0.000000    0.000000    -6.273597    0.000000    0.000000  
7.640764    0.100981    0.000000    0.000000    0.057646    0.000000    0.000000    -6.332391    0.000000    0.000000  
7.650765    0.101248    0.000000    0.000000    -0.005708    0.000000    0.000000    -6.353641    0.000000    0.000000  
7.660766    0.100896    0.000000    0.000000    -0.069070    0.000000    0.000000    -6.336933    0.000000    0.000000  
7.670767    0.099924    0.000000    0.000000    -0.132068    0.000000    0.000000    -6.281853    0.000000    0.000000  
7.680768    0.098330    0.000000    0.000000    -0.194335    0.000000    0.000000    -6.187986    0.000000    0.000000  
7.690769    0.096112    0.000000    0.000000    -0.255499    0.000000    0.000000    -6.054918    0.000000    0.000000  
7.700770    0.093270    0.000000    0.000000    -0.315193    0.000000    0.000000    -5.882236    0.000000    0.000000  
7.710771    0.089810    0.000000    0.000000    -0.373051    0.000000    0.000000    -5.670068    0.000000    0.000000  
7.720772    0.085763    0.000000    0.000000    -0.428727    0.000000    0.000000    -5.420271    0.000000    0.000000  
7.730773    0.081166    0.000000    0.000000    -0.481878    0.000000    0.000000    -5.135041    0.000000    0.000000  
7.740774    0.076057    0.000000    0.000000    -0.532159    0.000000    0.000000    -4.816576    0.000000    0.000000  
7.750775    0.070472    0.000000    0.000000    -0.579228    0.000000    0.000000    -4.467075    0.000000    0.000000  
7.760776    0.064448    0.000000    0.000000    -0.622741    0.000000    0.000000    -4.088734    0.000000    0.000000  
7.770777    0.058021    0.000000    0.000000    -0.662355    0.000000    0.000000    -3.683751    0.000000    0.000000  
7.780778    0.051229    0.000000    0.000000    -0.697726    0.000000    0.000000    -3.254325    0.000000    0.000000  
7.790779    0.044108    0.000000    0.000000    -0.728511    0.000000    0.000000    -2.802652    0.000000    0.000000  
7.800780    0.036696    0.000000    0.000000    -0.754366    0.000000    0.000000    -2.330930    0.000000    0.000000  
7.810781    0.029032    0.000000    0.000000    -0.775029    0.000000    0.000000    -1.841733    0.000000    0.000000  
7.820782    0.021170    0.000000    0.000000    -0.790492    0.000000    0.000000    -1.338825    0.000000    0.000000  
7.830783    0.013165    0.000000    0.000000    -0.800798    0.000000    0.000000    -0.826203    0.000000    0.000000  
7.840784    0.005072    0.000000    0.000000    -0.805991    0.000000    0.000000    -0.307867    0.000000    0.000000  
7.850785    -0.003053    0.000000    0.000000    -0.806112    0.000000    0.000000    0.212185    0.000000    0.000000  
7.860786    -0.011156    0.000000    0.000000    -0.801205    0.000000    0.000000    0.729953    0.000000    0.000000  
7.870787    -0.019181    0.000000    0.000000    -0.791314    0.000000    0.000000    1.241440    0.000000    0.000000  
7.880788    -0.027073    0.000000    0.000000    -0.776480    0.000000    0.000000    1.742646    0.000000    0.000000  
7.890789    -0.034777    0.000000    0.000000    -0.756747    0.000000    0.000000    2.229573    0.000000    0.000000  
7.900790    -0.042237    0.000000    0.000000    -0.732158    0.000000    0.000000    2.698222    0.000000    0.000000  
7.910791    -0.049403    0.000000    0.000000    -0.702812    0.000000    0.000000    3.145147    0.000000    0.000000  
7.920792    -0.056240    0.000000    0.000000    -0.668981    0.000000    0.000000    3.568646    0.000000    0.000000  
7.930793    -0.062716    0.000000    0.000000    -0.630975    0.000000    0.000000    3.967360    0.000000    0.000000  
7.940794    -0.068798    0.000000    0.000000    -0.589102    0.000000    0.000000    4.339931    0.000000    0.000000  
7.950795    -0.074454    0.000000    0.000000    -0.543670    0.000000    0.000000    4.685002    0.000000    0.000000  
7.960796    -0.079652    0.000000    0.000000    -0.494986    0.000000    0.000000    5.001213    0.000000    0.000000  
7.970797    -0.084359    0.000000    0.000000    -0.443361    0.000000    0.000000    5.287207    0.000000    0.000000  
7.980798    -0.088543    0.000000    0.000000    -0.389101    0.000000    0.000000    5.541625    0.000000    0.000000  
7.990799    -0.092172    0.000000    0.000000    -0.332515    0.000000    0.000000    5.763109    0.000000    0.000000  
8.000800    -0.095214    0.000000    0.000000    -0.273911    0.000000    0.000000    5.950301    0.000000    0.000000  
8.010801    -0.097643    0.000000    0.000000    -0.213611    0.000000    0.000000    6.102028    0.000000    0.000000  
8.020802    -0.099455    0.000000    0.000000    -0.151981    0.000000    0.000000    6.217697    0.000000    0.000000  
8.030803    -0.100649    0.000000    0.000000    -0.089392    0.000000    0.000000    6.296829    0.000000    0.000000  
8.040804    -0.101226    0.000000    0.000000    -0.026220    0.000000    0.000000    6.338946    0.000000    0.000000  
8.050805    -0.101184    0.000000    0.000000    0.037164    0.000000    0.000000    6.343570    0.000000    0.000000  
8.060806    -0.100524    0.000000    0.000000    0.100385    0.000000    0.000000    6.310223    0.000000    0.000000  
8.070807    -0.099245    0.000000    0.000000    0.163071    0.000000    0.000000    6.238426    0.000000    0.000000  
8.080808    -0.097348    0.000000    0.000000    0.224848    0.000000    0.000000    6.127702    0.000000    0.000000  
8.090809    -0.094831    0.000000    0.000000    0.285342    0.000000    0.000000    5.977571    0.000000    0.000000  
8.100810    -0.091696    0.000000    0.000000    0.344182    0.000000    0.000000    5.787556    0.000000    0.000000  
8.110811    -0.087949    0.000000    0.000000    0.401000    0.000000    0.000000    5.557794    0.000000    0.000000  
8.120812    -0.083625    0.000000    0.000000    0.455457    0.000000    0.000000    5.290354    0.000000    0.000000  
8.130813    -0.078762    0.000000    0.000000    0.507217    0.000000    0.000000    4.987686    0.000000    0.000000  
8.140814    -0.073400    0.000000    0.000000    0.555944    0.000000    0.000000    4.652238    0.000000    0.000000  
8.150815    -0.067577    0.000000    0.000000    0.601303    0.000000    0.000000    4.286459    0.000000    0.000000  
8.160816    -0.061333    0.000000    0.000000    0.642957    0.000000    0.000000    3.892797    0.000000    0.000000  
8.170817    -0.054706    0.000000    0.000000    0.680572    0.000000    0.000000    3.473701    0.000000    0.000000  
8.180818    -0.047736    0.000000    0.000000    0.713811    0.000000    0.000000    3.031619    0.000000    0.000000  
8.190819    -0.040461    0.000000    0.000000    0.742338    0.000000    0.000000    2.569001    0.000000    0.000000  
8.200820    -0.032920    0.000000    0.000000    0.765819    0.000000    0.000000    2.088294    0.000000    0.000000  
8.210821    -0.025156    0.000000    0.000000    0.784002    0.000000    0.000000    1.592254    0.000000    0.000000  
8.220822    -0.017222    0.000000    0.000000    0.796903    0.000000    0.000000    1.084599    0.000000    0.000000  
8.230823    -0.009171    0.000000    0.000000    0.804588    0.000000    0.000000    0.569233    0.000000    0.000000  
8.240824    -0.001059    0.000000    0.000000    0.807127    0.000000    0.000000    0.050061    0.000000    0.000000  
8.250825    0.007059    0.000000    0.000000    0.804585    0.000000    0.000000    -0.469011    0.000000    0.000000  
8.260826    0.015129    0.000000    0.000000    0.797031    0.000000    0.000000    -0.984080    0.000000    0.000000  
8.270827    0.023096    0.000000    0.000000    0.784532    0.000000    0.000000    -1.491240    0.000000    0.000000  
8.280828    0.030906    0.000000    0.000000    0.767154    0.000000    0.000000    -1.986586    0.000000    0.000000  
8.290829    0.038504    0.000000    0.000000    0.744966    0.000000    0.000000    -2.466213    0.000000    0.000000  
8.300830    0.045834    0.000000    0.000000    0.718035    0.000000    0.000000    -2.926218    0.000000    0.000000  
8.310831    0.052848    0.000000    0.000000    0.686480    0.000000    0.000000    -3.363251    0.000000    0.000000  
8.320832    0.059511    0.000000    0.000000    0.650578    0.000000    0.000000    -3.775701    0.000000    0.000000  
8.330833    0.065793    0.000000    0.000000    0.610638    0.000000    0.000000    -4.162298    0.000000    0.000000  
8.340834    0.071662    0.000000    0.000000    0.566970    0.000000    0.000000    -4.521769    0.000000    0.000000  
8.350835    0.077088    0.000000    0.000000    0.519881    0.000000    0.000000    -4.852841    0.000000    0.000000  
8.360836    0.082040    0.000000    0.000000    0.469682    0.000000    0.000000    -5.154242    0.000000    0.000000  
8.370837    0.086487    0.000000    0.000000    0.416682    0.000000    0.000000    -5.424701    0.000000    0.000000  
8.380838    0.090398    0.000000    0.000000    0.361188    0.000000    0.000000    -5.662944    0.000000    0.000000  
8.390839    0.093743    0.000000    0.000000    0.303511    0.000000    0.000000    -5.867701    0.000000    0.000000  
8.400840    0.096490    0.000000    0.000000    0.243959    0.000000    0.000000    -6.037698    0.000000    0.000000  
8.410841    0.098615    0.000000    0.000000    0.182857    0.000000    0.000000    -6.171836    0.000000    0.000000  
8.420842    0.100116    0.000000    0.000000    0.120577    0.000000    0.000000    -6.269546    0.000000    0.000000  
8.430843    0.100995    0.000000    0.000000    0.057504    0.000000    0.000000    -6.330364    0.000000    0.000000  
8.440844    0.101252    0.000000    0.000000    -0.005982    0.000000    0.000000    -6.353828    0.000000    0.000000  
8.450845    0.100889    0.000000    0.000000    -0.069496    0.000000    0.000000    -6.339473    0.000000    0.000000  
8.460846    0.099908    0.000000    0.000000    -0.132657    0.000000    0.000000    -6.286835    0.000000    0.000000  
8.470847    0.098310    0.000000    0.000000    -0.195082    0.000000    0.000000    -6.195451    0.000000    0.000000  
8.480848    0.096097    0.000000    0.000000    -0.256388    0.000000    0.000000    -6.064856    0.000000    0.000000  
8.490849    0.093270    0.000000    0.000000    -0.316193    0.000000    0.000000    -5.894587    0.000000    0.000000  
8.500850    0.089830    0.000000    0.000000    -0.374113    0.000000    0.000000    -5.684181    0.000000    0.000000  
8.510851    0.085789    0.000000    0.000000    -0.429780    0.000000    0.000000    -5.433858    0.000000    0.000000  
8.520852    0.081181    0.000000    0.000000    -0.482864    0.000000    0.000000    -5.145963    0.000000    0.000000  
8.530853    0.076047    0.000000    0.000000    -0.533043    0.000000    0.000000    -4.823255    0.000000    0.000000  
8.540854    0.070430    0.000000    0.000000    -0.579997    0.000000    0.000000    -4.468489    0.000000    0.000000  
8.550855    0.064370    0.000000    0.000000    -0.623404    0.000000    0.000000    -4.084422    0.000000    0.000000  
8.560856    0.057908    0.000000    0.000000    -0.662943    0.000000    0.000000    -3.673812    0.000000    0.000000  
8.570857    0.051086    0.000000    0.000000    -0.698293    0.000000    0.000000    -3.239414    0.000000    0.000000  
8.580858    0.043944    0.000000    0.000000    -0.729132    0.000000    0.000000    -2.783987    0.000000    0.000000  
8.590859    0.036524    0.000000    0.000000    -0.755138    0.000000    0.000000    -2.310287    0.000000    0.000000  
8.600860    0.028867    0.000000    0.000000    -0.775991    0.000000    0.000000    -1.821070    0.000000    0.000000  
8.610861    0.021017    0.000000    0.000000    -0.791458    0.000000    0.000000    -1.319304    0.000000    0.000000  
8.620862    0.013026    0.000000    0.000000    -0.801580    0.000000    0.000000    -0.808605    0.000000    0.000000  
8.630863    0.004948    0.000000    0.000000    -0.806451    0.000000    0.000000    -0.292713    0.000000    0.000000  
8.640864    -0.003163    0.000000    0.000000    -0.806165    0.000000    0.000000    0.224630    0.000000    0.000000  
8.650865    -0.011253    0.000000    0.000000    -0.800817    0.000000    0.000000    0.739682    0.000000    0.000000  
8.660866    -0.019268    0.000000    0.000000    -0.790501    0.000000    0.000000    1.248703    0.000000    0.000000  
8.670867    -0.027155    0.000000    0.000000    -0.775311    0.000000    0.000000    1.747952    0.000000    0.000000  
8.680868    -0.034858    0.000000    0.000000    -0.755341    0.000000    0.000000    2.233687    0.000000    0.000000  
8.690869    -0.042325    0.000000    0.000000    -0.730686    0.000000    0.000000    2.702167    0.000000    0.000000  
8.700870    -0.049501    0.000000    0.000000    -0.701439    0.000000    0.000000    3.149650    0.000000    0.000000  
8.710871    -0.056337    0.000000    0.000000    -0.667740    0.000000    0.000000    3.572956    0.000000    0.000000  
8.720872    -0.062802    0.000000    0.000000    -0.629870    0.000000    0.000000    3.970625    0.000000    0.000000  
8.730873    -0.068866    0.000000    0.000000    -0.588135    0.000000    0.000000    4.341533    0.000000    0.000000  
8.740874    -0.074501    0.000000    0.000000    -0.542841    0.000000    0.000000    4.684553    0.000000    0.000000  
8.750875    -0.079677    0.000000    0.000000    -0.494297    0.000000    0.000000    4.998559    0.000000    0.000000  
8.760876    -0.084365    0.000000    0.000000    -0.442809    0.000000    0.000000    5.282426    0.000000    0.000000  
8.770877    -0.088535    0.000000    0.000000    -0.388683    0.000000    0.000000    5.535027    0.000000    0.000000  
8.780878    -0.092160    0.000000    0.000000    -0.332227    0.000000    0.000000    5.755237    0.000000    0.000000  
8.790879    -0.095210    0.000000    0.000000    -0.273748    0.000000    0.000000    5.941930    0.000000    0.000000  
8.800880    -0.097656    0.000000    0.000000    -0.213553    0.000000    0.000000    6.093979    0.000000    0.000000  
8.810881    -0.099475    0.000000    0.000000    -0.151964    0.000000    0.000000    6.210396    0.000000    0.000000  
8.820882    -0.100666    0.000000    0.000000    -0.089359    0.000000    0.000000    6.290609    0.000000    0.000000  
8.830883    -0.101233    0.000000    0.000000    -0.026121    0.000000    0.000000    6.334129    0.000000    0.000000  
8.840884    -0.101179    0.000000    0.000000    0.037362    0.000000    0.000000    6.340466    0.000000    0.000000  
8.850885    -0.100506    0.000000    0.000000    0.100707    0.000000    0.000000    6.309129    0.000000    0.000000  
8.860886    -0.099217    0.000000    0.000000    0.163528    0.000000    0.000000    6.239628    0.000000    0.000000  
8.870887    -0.097315    0.000000    0.000000    0.225440    0.000000    0.000000    6.131474    0.000000    0.000000  
8.880888    -0.094804    0.000000    0.000000    0.286056    0.000000    0.000000    5.984177    0.000000    0.000000  
8.890889    -0.091686    0.000000    0.000000    0.344992    0.000000    0.000000    5.797245    0.000000    0.000000  
8.900890    -0.087964    0.000000    0.000000    0.401863    0.000000    0.000000    5.570190    0.000000    0.000000  
8.910891    -0.083650    0.000000    0.000000    0.456299    0.000000    0.000000    5.303263    0.000000    0.000000  
8.920892    -0.078781    0.000000    0.000000    0.507979    0.000000    0.000000    4.998988    0.000000    0.000000  
8.930893    -0.073401    0.000000    0.000000    0.556592    0.000000    0.000000    4.660326    0.000000    0.000000  
8.940894    -0.067552    0.000000    0.000000    0.601828    0.000000    0.000000    4.290236    0.000000    0.000000  
8.950895    -0.061278    0.000000    0.000000    0.643375    0.000000    0.000000    3.891678    0.000000    0.000000  
8.960896    -0.054621    0.000000    0.000000    0.680921    0.000000    0.000000    3.467612    0.000000    0.000000  
8.970897    -0.047624    0.000000    0.000000    0.714157    0.000000    0.000000    3.020996    0.000000    0.000000  
8.980898    -0.040330    0.000000    0.000000    0.742770    0.000000    0.000000    2.554791    0.000000    0.000000  
8.990899    -0.032781    0.000000    0.000000    0.766450    0.000000    0.000000    2.071956    0.000000    0.000000  
9.000900    -0.025022    0.000000    0.000000    0.784885    0.000000    0.000000    1.575452    0.000000    0.000000  
9.010901    -0.017097    0.000000    0.000000    0.797856    0.000000    0.000000    1.068389    0.000000    0.000000  
9.020902    -0.009058    0.000000    0.000000    0.805425    0.000000    0.000000    0.554345    0.000000    0.000000  
9.030903    -0.000958    0.000000    0.000000    0.807707    0.000000    0.000000    0.036984    0.000000    0.000000  
9.040904    0.007148    0.000000    0.000000    0.804817    0.000000    0.000000    -0.480028    0.000000    0.000000  
9.050905    0.015208    0.000000    0.000000    0.796869    0.000000    0.000000    -0.993026    0.000000    0.000000  
9.060906    0.023169    0.000000    0.000000    0.783980    0.000000    0.000000    -1.498346    0.000000    0.000000  
9.070907    0.030975    0.000000    0.000000    0.766264    0.000000    0.000000    -1.992322    0.000000    0.000000  
9.080908    0.038575    0.000000    0.000000    0.743836    0.000000    0.000000    -2.471288    0.000000    0.000000  
9.090909    0.045915    0.000000    0.000000    0.716812    0.000000    0.000000    -2.931581    0.000000    0.000000  
9.100910    0.052940    0.000000    0.000000    0.685306    0.000000    0.000000    -3.369534    0.000000    0.000000  
9.110911    0.059604    0.000000    0.000000    0.649477    0.000000    0.000000    -3.782051    0.000000    0.000000  
9.120912    0.065876    0.000000    0.000000    0.609609    0.000000    0.000000    -4.167762    0.000000    0.000000  
9.130913    0.071728    0.000000    0.000000    0.566015    0.000000    0.000000    -4.525628    0.000000    0.000000  
9.140914    0.077132    0.000000    0.000000    0.519004    0.000000    0.000000    -4.854610    0.000000    0.000000  
9.150915    0.082061    0.000000    0.000000    0.468889    0.000000    0.000000    -5.153666    0.000000    0.000000  
9.160916    0.086487    0.000000    0.000000    0.415979    0.000000    0.000000    -5.421759    0.000000    0.000000  
9.170917    0.090383    0.000000    0.000000    0.360586    0.000000    0.000000    -5.657847    0.000000    0.000000  
9.180918    0.093722    0.000000    0.000000    0.303020    0.000000    0.000000    -5.860891    0.000000    0.000000  
9.190919    0.096474    0.000000    0.000000    0.243592    0.000000    0.000000    -6.029852    0.000000    0.000000  
9.200920    0.098614    0.000000    0.000000    0.182614    0.000000    0.000000    -6.163690    0.000000    0.000000  
9.210921    0.100121    0.000000    0.000000    0.120413    0.000000    0.000000    -6.261494    0.000000    0.000000  
9.220922    0.100994    0.000000    0.000000    0.057369    0.000000    0.000000    -6.322752    0.000000    0.000000  
9.230923    0.101240    0.000000    0.000000    -0.006126    0.000000    0.000000    -6.347025    0.000000    0.000000  
9.240924    0.100863    0.000000    0.000000    -0.069682    0.000000    0.000000    -6.333875    0.000000    0.000000  
9.250925    0.099867    0.000000    0.000000    -0.132908    0.000000    0.000000    -6.282862    0.000000    0.000000  
9.260926    0.098259    0.000000    0.000000    -0.195415    0.000000    0.000000    -6.193549    0.000000    0.000000  
9.270927    0.096042    0.000000    0.000000    -0.256811    0.000000    0.000000    -6.065497    0.000000    0.000000  
9.280928    0.093221    0.000000    0.000000    -0.316707    0.000000    0.000000    -5.898267    0.000000    0.000000  
9.290929    0.089801    0.000000    0.000000    -0.374710    0.000000    0.000000    -5.691421    0.000000    0.000000  
9.300930    0.085788    0.000000    0.000000    -0.430432    0.000000    0.000000    -5.444520    0.000000    0.000000  
9.310931    0.081194    0.000000    0.000000    -0.483502    0.000000    0.000000    -5.157923    0.000000    0.000000  
9.320932    0.076060    0.000000    0.000000    -0.533611    0.000000    0.000000    -4.834400    0.000000    0.000000  
9.330933    0.070429    0.000000    0.000000    -0.580463    0.000000    0.000000    -4.477179    0.000000    0.000000  
9.340934    0.064348    0.000000    0.000000    -0.623763    0.000000    0.000000    -4.089486    0.000000    0.000000  
9.350935    0.057860    0.000000    0.000000    -0.663213    0.000000    0.000000    -3.674549    0.000000    0.000000  
9.360936    0.051010    0.000000    0.000000    -0.698517    0.000000    0.000000    -3.235594    0.000000    0.000000  
9.370937    0.043844    0.000000    0.000000    -0.729379    0.000000    0.000000    -2.775848    0.000000    0.000000  
9.380938    0.036406    0.000000    0.000000    -0.755501    0.000000    0.000000    -2.298539    0.000000    0.000000  
9.390939    0.028740    0.000000    0.000000    -0.776589    0.000000    0.000000    -1.806893    0.000000    0.000000  
9.400940    0.020891    0.000000    0.000000    -0.792345    0.000000    0.000000    -1.304137    0.000000    0.000000  
9.410941    0.012906    0.000000    0.000000    -0.802569    0.000000    0.000000    -0.793555    0.000000    0.000000  
9.420942    0.004837    0.000000    0.000000    -0.807347    0.000000    0.000000    -0.278605    0.000000    0.000000  
9.430943    -0.003264    0.000000    0.000000    -0.806821    0.000000    0.000000    0.237224    0.000000    0.000000  
9.440944    -0.011344    0.000000    0.000000    -0.801132    0.000000    0.000000    0.750443    0.000000    0.000000  
9.450945    -0.019350    0.000000    0.000000    -0.790423    0.000000    0.000000    1.257562    0.000000    0.000000  
9.460946    -0.027231    0.000000    0.000000    -0.774833    0.000000    0.000000    1.755092    0.000000    0.000000  
9.470947    -0.034932    0.000000    0.000000    -0.754505    0.000000    0.000000    2.239543    0.000000    0.000000  
9.480948    -0.042402    0.000000    0.000000    -0.729581    0.000000    0.000000    2.707425    0.000000    0.000000  
9.490949    -0.049588    0.000000    0.000000    -0.700201    0.000000    0.000000    3.155250    0.000000    0.000000  
9.500950    -0.056437    0.000000    0.000000    -0.666507    0.000000    0.000000    3.579527    0.000000    0.000000  
9.510951    -0.062902    0.000000    0.000000    -0.628676    0.000000    0.000000    3.977332    0.000000    0.000000  
9.520952    -0.068955    0.000000    0.000000    -0.586996    0.000000    0.000000    4.347436    0.000000    0.000000  
9.530953    -0.074569    0.000000    0.000000    -0.541772    0.000000    0.000000    4.688929    0.000000    0.000000  
9.540954    -0.079720    0.000000    0.000000    -0.493311    0.000000    0.000000    5.000902    0.000000    0.000000  
9.550955    -0.084382    0.000000    0.000000    -0.441921    0.000000    0.000000    5.282446    0.000000    0.000000  
9.560956    -0.088529    0.000000    0.000000    -0.387907    0.000000    0.000000    5.532652    0.000000    0.000000  
9.570957    -0.092135    0.000000    0.000000    -0.331576    0.000000    0.000000    5.750610    0.000000    0.000000  
9.580958    -0.095176    0.000000    0.000000    -0.273236    0.000000    0.000000    5.935410    0.000000    0.000000  
9.590959    -0.097626    0.000000    0.000000    -0.213193    0.000000    0.000000    6.086144    0.000000    0.000000  
9.600960    -0.099458    0.000000    0.000000    -0.151753    0.000000    0.000000    6.201903    0.000000    0.000000  
9.610961    -0.100655    0.000000    0.000000    -0.089243    0.000000    0.000000    6.281875    0.000000    0.000000  
9.620962    -0.101219    0.000000    0.000000    -0.026046    0.000000    0.000000    6.325554    0.000000    0.000000  
9.630963    -0.101156    0.000000    0.000000    0.037444    0.000000    0.000000    6.332484    0.000000    0.000000  
9.640964    -0.100471    0.000000    0.000000    0.100833    0.000000    0.000000    6.302214    0.000000    0.000000  
9.650965    -0.099171    0.000000    0.000000    0.163727    0.000000    0.000000    6.234289    0.000000    0.000000  
9.660966    -0.097262    0.000000    0.000000    0.225732    0.000000    0.000000    6.128257    0.000000    0.000000  
9.670967    -0.094750    0.000000    0.000000    0.286453    0.000000    0.000000    5.983665    0.000000    0.000000  
9.680968    -0.091641    0.000000    0.000000    0.345497    0.000000    0.000000    5.800059    0.000000    0.000000  
9.690969    -0.087942    0.000000    0.000000    0.402470    0.000000    0.000000    5.576987    0.000000    0.000000  
9.700970    -0.083658    0.000000    0.000000    0.456976    0.000000    0.000000    5.313995    0.000000    0.000000  
9.710971    -0.078803    0.000000    0.000000    0.508648    0.000000    0.000000    5.011482    0.000000    0.000000  
9.720972    -0.073421    0.000000    0.000000    0.557186    0.000000    0.000000    4.672394    0.000000    0.000000  
9.730973    -0.067558    0.000000    0.000000    0.602309    0.000000    0.000000    4.300153    0.000000    0.000000  
9.740974    -0.061259    0.000000    0.000000    0.643733    0.000000    0.000000    3.898181    0.000000    0.000000  
9.750975    -0.054573    0.000000    0.000000    0.681174    0.000000    0.000000    3.469900    0.000000    0.000000  
9.760976    -0.047545    0.000000    0.000000    0.714350    0.000000    0.000000    3.018733    0.000000    0.000000  
9.770977    -0.040223    0.000000    0.000000    0.742976    0.000000    0.000000    2.548101    0.000000    0.000000  
9.780978    -0.032653    0.000000    0.000000    0.766769    0.000000    0.000000    2.061427    0.000000    0.000000  
9.790979    -0.024881    0.000000    0.000000    0.785446    0.000000    0.000000    1.562133    0.000000    0.000000  
9.800980    -0.016954    0.000000    0.000000    0.798724    0.000000    0.000000    1.053640    0.000000    0.000000  
9.810981    -0.008921    0.000000    0.000000    0.806416    0.000000    0.000000    0.539364    0.000000    0.000000  
9.820982    -0.000832    0.000000    0.000000    0.808629    0.000000    0.000000    0.022703    0.000000    0.000000  
9.830983    0.007262    0.000000    0.000000    0.805524    0.000000    0.000000    -0.492951    0.000000    0.000000  
9.840984    0.015308    0.000000    0.000000    0.797259    0.000000    0.000000    -1.004205    0.000000    0.000000  
9.850985    0.023255    0.000000    0.000000    0.783995    0.000000    0.000000    -1.507666    0.000000    0.000000  
9.860986    0.031051    0.000000    0.000000    0.765893    0.000000    0.000000    -1.999940    0.000000    0.000000  
9.870987    0.038645    0.000000    0.000000    0.743113    0.000000    0.000000    -2.477634    0.000000    0.000000  
9.880988    0.045985    0.000000    0.000000    0.715815    0.000000    0.000000    -2.937356    0.000000    0.000000  
9.890989    0.053019    0.000000    0.000000    0.684158    0.000000    0.000000    -3.375712    0.000000    0.000000  
9.900990    0.059696    0.000000    0.000000    0.648304    0.000000    0.000000    -3.789310    0.000000    0.000000  
9.910991    0.065969    0.000000    0.000000    0.608445    0.000000    0.000000    -4.175318    0.000000    0.000000  
9.920992    0.071812    0.000000    0.000000    0.564875    0.000000    0.000000    -4.532577    0.000000    0.000000  
9.930993    0.077200    0.000000    0.000000    0.517905    0.000000    0.000000    -4.860239    0.000000    0.000000  
9.940994    0.082109    0.000000    0.000000    0.467847    0.000000    0.000000    -5.157454    0.000000    0.000000  
9.950995    0.086513    0.000000    0.000000    0.415011    0.000000    0.000000    -5.423375    0.000000    0.000000  
9.960996    0.090389    0.000000    0.000000    0.359710    0.000000    0.000000    -5.657152    0.000000    0.000000  
9.970997    0.093713    0.000000    0.000000    0.302255    0.000000    0.000000    -5.857937    0.000000    0.000000  
9.980998    0.096460    0.000000    0.000000    0.242956    0.000000    0.000000    -6.024882    0.000000    0.000000  
9.990999    0.098605    0.000000    0.000000    0.182126    0.000000    0.000000    -6.157136    0.000000    0.000000  
10.001000    0.100124    0.000000    0.000000    0.120075    0.000000    0.000000    -6.253853    0.000000    0.000000  
10.011001    0.101001    0.000000    0.000000    0.057135    0.000000    0.000000    -6.314294    0.000000    0.000000  
10.021002    0.101239    0.000000    0.000000    -0.006307    0.000000    0.000000    -6.338051    0.000000    0.000000  
10.031003    0.100848    0.000000    0.000000    -0.069853    0.000000    0.000000    -6.324780    0.000000    0.000000  
10.041004    0.099835    0.000000    0.000000    -0.133106    0.000000    0.000000    -6.274133    0.000000    0.000000  
10.051005    0.098208    0.000000    0.000000    -0.195667    0.000000    0.000000    -6.185764    0.000000    0.000000  
10.061006    0.095978    0.000000    0.000000    -0.257138    0.000000    0.000000    -6.059327    0.000000    0.000000  
10.071007    0.093151    0.000000    0.000000    -0.317122    0.000000    0.000000    -5.894476    0.000000    0.000000  
10.081008    0.089737    0.000000    0.000000    -0.375219    0.000000    0.000000    -5.690865    0.000000    0.000000  
10.091009    0.085743    0.000000    0.000000    -0.431033    0.000000    0.000000    -5.448146    0.000000    0.000000  
10.101010    0.081179    0.000000    0.000000    -0.484166    0.000000    0.000000    -5.165975    0.000000    0.000000  
10.111011    0.076062    0.000000    0.000000    -0.534248    0.000000    0.000000    -4.844888    0.000000    0.000000  
10.121012    0.070434    0.000000    0.000000    -0.580999    0.000000    0.000000    -4.488031    0.000000    0.000000  
10.131013    0.064343    0.000000    0.000000    -0.624155    0.000000    0.000000    -4.099033    0.000000    0.000000  
10.141014    0.057839    0.000000    0.000000    -0.663449    0.000000    0.000000    -3.681524    0.000000    0.000000  
10.151015    0.050967    0.000000    0.000000    -0.698618    0.000000    0.000000    -3.239130    0.000000    0.000000  
10.161016    0.043777    0.000000    0.000000    -0.729396    0.000000    0.000000    -2.775481    0.000000    0.000000  
10.171017    0.036316    0.000000    0.000000    -0.755518    0.000000    0.000000    -2.294205    0.000000    0.000000  
10.181018    0.028632    0.000000    0.000000    -0.776720    0.000000    0.000000    -1.798931    0.000000    0.000000  
10.191019    0.020772    0.000000    0.000000    -0.792737    0.000000    0.000000    -1.293288    0.000000    0.000000  
10.201020    0.012786    0.000000    0.000000    -0.803303    0.000000    0.000000    -0.780903    0.000000    0.000000  
10.211021    0.004721    0.000000    0.000000    -0.808254    0.000000    0.000000    -0.265314    0.000000    0.000000  
10.221022    -0.003372    0.000000    0.000000    -0.807717    0.000000    0.000000    0.250208    0.000000    0.000000  
10.231023    -0.011442    0.000000    0.000000    -0.801873    0.000000    0.000000    0.762443    0.000000    0.000000  
10.241024    -0.019438    0.000000    0.000000    -0.790905    0.000000    0.000000    1.268171    0.000000    0.000000  
10.251025    -0.027308    0.000000    0.000000    -0.774994    0.000000    0.000000    1.764170    0.000000    0.000000  
10.261026    -0.035003    0.000000    0.000000    -0.754321    0.000000    0.000000    2.247222    0.000000    0.000000  
10.271027    -0.042471    0.000000    0.000000    -0.729069    0.000000    0.000000    2.714104    0.000000    0.000000  
10.281028    -0.049661    0.000000    0.000000    -0.699418    0.000000    0.000000    3.161597    0.000000    0.000000  
10.291029    -0.056522    0.000000    0.000000    -0.665551    0.000000    0.000000    3.586479    0.000000    0.000000  
10.301030    -0.063003    0.000000    0.000000    -0.627649    0.000000    0.000000    3.985531    0.000000    0.000000  
10.311031    -0.069059    0.000000    0.000000    -0.585922    0.000000    0.000000    4.356087    0.000000    0.000000  
10.321032    -0.074665    0.000000    0.000000    -0.540666    0.000000    0.000000    4.697113    0.000000    0.000000  
10.331033    -0.079799    0.000000    0.000000    -0.492189    0.000000    0.000000    5.007874    0.000000    0.000000  
10.341034    -0.084438    0.000000    0.000000    -0.440802    0.000000    0.000000    5.287636    0.000000    0.000000  
10.351035    -0.088560    0.000000    0.000000    -0.386814    0.000000    0.000000    5.535662    0.000000    0.000000  
10.361036    -0.092144    0.000000    0.000000    -0.330537    0.000000    0.000000    5.751220    0.000000    0.000000  
10.371037    -0.095166    0.000000    0.000000    -0.272279    0.000000    0.000000    5.933573    0.000000    0.000000  
10.381038    -0.097606    0.000000    0.000000    -0.212351    0.000000    0.000000    6.081987    0.000000    0.000000  
10.391039    -0.099440    0.000000    0.000000    -0.151063    0.000000    0.000000    6.195728    0.000000    0.000000  
10.401040    -0.100646    0.000000    0.000000    -0.088724    0.000000    0.000000    6.274059    0.000000    0.000000  
10.411041    -0.101210    0.000000    0.000000    -0.025664    0.000000    0.000000    6.316338    0.000000    0.000000  
10.421042    -0.101136    0.000000    0.000000    0.037729    0.000000    0.000000    6.322185    0.000000    0.000000  
10.431043    -0.100436    0.000000    0.000000    0.101057    0.000000    0.000000    6.291269    0.000000    0.000000  
10.441044    -0.099118    0.000000    0.000000    0.163923    0.000000    0.000000    6.223261    0.000000    0.000000  
10.451045    -0.097193    0.000000    0.000000    0.225928    0.000000    0.000000    6.117829    0.000000    0.000000  
10.461046    -0.094669    0.000000    0.000000    0.286675    0.000000    0.000000    5.974644    0.000000    0.000000  
10.471047    -0.091557    0.000000    0.000000    0.345765    0.000000    0.000000    5.793374    0.000000    0.000000  
10.481048    -0.087866    0.000000    0.000000    0.402800    0.000000    0.000000    5.573690    0.000000    0.000000  
10.491049    -0.083605    0.000000    0.000000    0.457383    0.000000    0.000000    5.315261    0.000000    0.000000  
10.501050    -0.078785    0.000000    0.000000    0.509115    0.000000    0.000000    5.017756    0.000000    0.000000  
10.511051    -0.073424    0.000000    0.000000    0.557632    0.000000    0.000000    4.681770    0.000000    0.000000  
10.521052    -0.067567    0.000000    0.000000    0.602663    0.000000    0.000000    4.310596    0.000000    0.000000  
10.531053    -0.061264    0.000000    0.000000    0.643957    0.000000    0.000000    3.908021    0.000000    0.000000  
10.541054    -0.054563    0.000000    0.000000    0.681260    0.000000    0.000000    3.477831    0.000000    0.000000  
10.551055    -0.047516    0.000000    0.000000    0.714321    0.000000    0.000000    3.023813    0.000000    0.000000  
10.561056    -0.040170    0.000000    0.000000    0.742888    0.000000    0.000000    2.549752    0.000000    0.000000  
10.571057    -0.032577    0.000000    0.000000    0.766707    0.000000    0.000000    2.059435    0.000000    0.000000  
10.581058    -0.024786    0.000000    0.000000    0.785527    0.000000    0.000000    1.556648    0.000000    0.000000  
10.591059    -0.016846    0.000000    0.000000    0.799095    0.000000    0.000000    1.045178    0.000000    0.000000  
10.601060    -0.008807    0.000000    0.000000    0.807160    0.000000    0.000000    0.528811    0.000000    0.000000  
10.611061    -0.000718    0.000000    0.000000    0.809570    0.000000    0.000000    0.011186    0.000000    0.000000  
10.621062    0.007369    0.000000    0.000000    0.806473    0.000000    0.000000    -0.504489    0.000000    0.000000  
10.631063    0.015407    0.000000    0.000000    0.798067    0.000000    0.000000    -1.015081    0.000000    0.000000  
10.641064    0.023344    0.000000    0.000000    0.784554    0.000000    0.000000    -1.517460    0.000000    0.000000  
10.651065    0.031131    0.000000    0.000000    0.766134    0.000000    0.000000    -2.008494    0.000000    0.000000  
10.661066    0.038718    0.000000    0.000000    0.743006    0.000000    0.000000    -2.485052    0.000000    0.000000  
10.671067    0.046056    0.000000    0.000000    0.715371    0.000000    0.000000    -2.944003    0.000000    0.000000  
10.681068    0.053093    0.000000    0.000000    0.683430    0.000000    0.000000    -3.382216    0.000000    0.000000  
10.691069    0.059781    0.000000    0.000000    0.647383    0.000000    0.000000    -3.796560    0.000000    0.000000  
10.701070    0.066069    0.000000    0.000000    0.607429    0.000000    0.000000    -4.183903    0.000000    0.000000  
10.711071    0.071914    0.000000    0.000000    0.563795    0.000000    0.000000    -4.541668    0.000000    0.000000  
10.721072    0.077292    0.000000    0.000000    0.516780    0.000000    0.000000    -4.868891    0.000000    0.000000  
10.731073    0.082181    0.000000    0.000000    0.466700    0.000000    0.000000    -5.164895    0.000000    0.000000  
10.741074    0.086562    0.000000    0.000000    0.413868    0.000000    0.000000    -5.429007    0.000000    0.000000  
10.751075    0.090413    0.000000    0.000000    0.358597    0.000000    0.000000    -5.660553    0.000000    0.000000  
10.761076    0.093713    0.000000    0.000000    0.301202    0.000000    0.000000    -5.858858    0.000000    0.000000  
10.771077    0.096442    0.000000    0.000000    0.241996    0.000000    0.000000    -6.023248    0.000000    0.000000  
10.781078    0.098578    0.000000    0.000000    0.181293    0.000000    0.000000    -6.153048    0.000000    0.000000  
10.791079    0.100100    0.000000    0.000000    0.119408    0.000000    0.000000    -6.247584    0.000000    0.000000  
10.801080    0.100988    0.000000    0.000000    0.056654    0.000000    0.000000    -6.306182    0.000000    0.000000  
10.811081    0.101229    0.000000    0.000000    -0.006636    0.000000    0.000000    -6.328276    0.000000    0.000000  
10.821082    0.100830    0.000000    0.000000    -0.070070    0.000000    0.000000    -6.313616    0.000000    0.000000  
10.831083    0.099803    0.000000    0.000000    -0.133248    0.000000    0.000000    -6.262009    0.000000    0.000000  
10.841084    0.098160    0.000000    0.000000    -0.195769    0.000000    0.000000    -6.173262    0.000000    0.000000  
10.851085    0.095914    0.000000    0.000000    -0.257232    0.000000    0.000000    -6.047181    0.000000    0.000000  
10.861086    0.093076    0.000000    0.000000    -0.317236    0.000000    0.000000    -5.883574    0.000000    0.000000  
10.871087    0.089659    0.000000    0.000000    -0.375379    0.000000    0.000000    -5.682247    0.000000    0.000000  
10.881088    0.085674    0.000000    0.000000    -0.431262    0.000000    0.000000    -5.443008    0.000000    0.000000  
10.891089    0.081134    0.000000    0.000000    -0.484482    0.000000    0.000000    -5.165662    0.000000    0.000000  
10.901090    0.076050    0.000000    0.000000    -0.534640    0.000000    0.000000    -4.850019    0.000000    0.000000  
10.911091    0.070443    0.000000    0.000000    -0.581373    0.000000    0.000000    -4.496822    0.000000    0.000000  
10.921092    0.064359    0.000000    0.000000    -0.624429    0.000000    0.000000    -4.109531    0.000000    0.000000  
10.931093    0.057850    0.000000    0.000000    -0.663580    0.000000    0.000000    -3.692093    0.000000    0.000000  
10.941094    0.050965    0.000000    0.000000    -0.698593    0.000000    0.000000    -3.248454    0.000000    0.000000  
10.951095    0.043756    0.000000    0.000000    -0.729239    0.000000    0.000000    -2.782562    0.000000    0.000000  
10.961096    0.036273    0.000000    0.000000    -0.755287    0.000000    0.000000    -2.298364    0.000000    0.000000  
10.971097    0.028567    0.000000    0.000000    -0.776506    0.000000    0.000000    -1.799806    0.000000    0.000000  
10.981098    0.020689    0.000000    0.000000    -0.792666    0.000000    0.000000    -1.290835    0.000000    0.000000  
10.991099    0.012690    0.000000    0.000000    -0.803537    0.000000    0.000000    -0.775398    0.000000    0.000000  
11.001100    0.004619    0.000000    0.000000    -0.808887    0.000000    0.000000    -0.257443    0.000000    0.000000  
11.011101    -0.003472    0.000000    0.000000    -0.808589    0.000000    0.000000    0.259312    0.000000    0.000000  
11.021102    -0.011535    0.000000    0.000000    -0.802806    0.000000    0.000000    0.771802    0.000000    0.000000  
11.031103    -0.019520    0.000000    0.000000    -0.791755    0.000000    0.000000    1.277080    0.000000    0.000000  
11.041104    -0.027379    0.000000    0.000000    -0.775655    0.000000    0.000000    1.772200    0.000000    0.000000  
11.051105    -0.035062    0.000000    0.000000    -0.754721    0.000000    0.000000    2.254213    0.000000    0.000000  
11.061106    -0.042522    0.000000    0.000000    -0.729171    0.000000    0.000000    2.720174    0.000000    0.000000  
11.071107    -0.049709    0.000000    0.000000    -0.699222    0.000000    0.000000    3.167136    0.000000    0.000000  
11.081108    -0.056574    0.000000    0.000000    -0.665092    0.000000    0.000000    3.592151    0.000000    0.000000  
11.091109    -0.063068    0.000000    0.000000    -0.626996    0.000000    0.000000    3.992272    0.000000    0.000000  
11.101110    -0.069143    0.000000    0.000000    -0.585153    0.000000    0.000000    4.364554    0.000000    0.000000  
11.111111    -0.074756    0.000000    0.000000    -0.539802    0.000000    0.000000    4.706583    0.000000    0.000000  
11.121112    -0.079885    0.000000    0.000000    -0.491245    0.000000    0.000000    5.017479    0.000000    0.000000  
11.131113    -0.084511    0.000000    0.000000    -0.439796    0.000000    0.000000    5.296637    0.000000    0.000000  
11.141114    -0.088615    0.000000    0.000000    -0.385770    0.000000    0.000000    5.543450    0.000000    0.000000  
11.151115    -0.092177    0.000000    0.000000    -0.329481    0.000000    0.000000    5.757315    0.000000    0.000000  
11.161116    -0.095180    0.000000    0.000000    -0.271242    0.000000    0.000000    5.937624    0.000000    0.000000  
11.171117    -0.097604    0.000000    0.000000    -0.211368    0.000000    0.000000    6.083772    0.000000    0.000000  
11.181118    -0.099430    0.000000    0.000000    -0.150173    0.000000    0.000000    6.195154    0.000000    0.000000  
11.191119    -0.100638    0.000000    0.000000    -0.087972    0.000000    0.000000    6.271165    0.000000    0.000000  
11.201120    -0.101211    0.000000    0.000000    -0.025078    0.000000    0.000000    6.311198    0.000000    0.000000  
11.211121    -0.101136    0.000000    0.000000    0.038176    0.000000    0.000000    6.314761    0.000000    0.000000  
11.221122    -0.100423    0.000000    0.000000    0.101398    0.000000    0.000000    6.281678    0.000000    0.000000  
11.231123    -0.099086    0.000000    0.000000    0.164189    0.000000    0.000000    6.211836    0.000000    0.000000  
11.241124    -0.097139    0.000000    0.000000    0.226150    0.000000    0.000000    6.105116    0.000000    0.000000  
11.251125    -0.094594    0.000000    0.000000    0.286879    0.000000    0.000000    5.961403    0.000000    0.000000  
11.261126    -0.091466    0.000000    0.000000    0.345978    0.000000    0.000000    5.780580    0.000000    0.000000  
11.271127    -0.087768    0.000000    0.000000    0.403046    0.000000    0.000000    5.562531    0.000000    0.000000  
11.281128    -0.083513    0.000000    0.000000    0.457684    0.000000    0.000000    5.307139    0.000000    0.000000  
11.291129    -0.078716    0.000000    0.000000    0.509491    0.000000    0.000000    5.014289    0.000000    0.000000  
11.301130    -0.073390    0.000000    0.000000    0.558068    0.000000    0.000000    4.683864    0.000000    0.000000  
11.311131    -0.067556    0.000000    0.000000    0.603056    0.000000    0.000000    4.316703    0.000000    0.000000  
11.321132    -0.061264    0.000000    0.000000    0.644220    0.000000    0.000000    3.916368    0.000000    0.000000  
11.331133    -0.054564    0.000000    0.000000    0.681345    0.000000    0.000000    3.486907    0.000000    0.000000  
11.341134    -0.047509    0.000000    0.000000    0.714215    0.000000    0.000000    3.032367    0.000000    0.000000  
11.351135    -0.040150    0.000000    0.000000    0.742616    0.000000    0.000000    2.556794    0.000000    0.000000  
11.361136    -0.032541    0.000000    0.000000    0.766333    0.000000    0.000000    2.064237    0.000000    0.000000  
11.371137    -0.024731    0.000000    0.000000    0.785151    0.000000    0.000000    1.558742    0.000000    0.000000  
11.381138    -0.016774    0.000000    0.000000    0.798855    0.000000    0.000000    1.044357    0.000000    0.000000  
11.391139    -0.008722    0.000000    0.000000    0.807231    0.000000    0.000000    0.525129    0.000000    0.000000  
11.401140    -0.000626    0.000000    0.000000    0.810062    0.000000    0.000000    0.005105    0.000000    0.000000  
11.411141    0.007463    0.000000    0.000000    0.807238    0.000000    0.000000    -0.511937    0.000000    0.000000  
11.421142    0.015496    0.000000    0.000000    0.798937    0.000000    0.000000    -1.022988    0.000000    0.000000  
11.431143    0.023425    0.000000    0.000000    0.785392    0.000000    0.000000    -1.525175    0.000000    0.000000  
11.441144    0.031202    0.000000    0.000000    0.766834    0.000000    0.000000    -2.015624    0.000000    0.000000  
11.451145    0.038781    0.000000    0.000000    0.743494    0.000000    0.000000    -2.491462    0.000000    0.000000  
11.461146    0.046112    0.000000    0.000000    0.715605    0.000000    0.000000    -2.949815    0.000000    0.000000  
11.471147    0.053148    0.000000    0.000000    0.683397    0.000000    0.000000    -3.387811    0.000000    0.000000  
11.481148    0.059841    0.000000    0.000000    0.647103    0.000000    0.000000    -3.802575    0.000000    0.000000  
11.491149    0.066144    0.000000    0.000000    0.606954    0.000000    0.000000    -4.191234    0.000000    0.000000  
11.501150    0.072008    0.000000    0.000000    0.563181    0.000000    0.000000    -4.550916    0.000000    0.000000  
11.511151    0.077393    0.000000    0.000000    0.516037    0.000000    0.000000    -4.879283    0.000000    0.000000  
11.521152    0.082277    0.000000    0.000000    0.465833    0.000000    0.000000    -5.175521    0.000000    0.000000  
11.531153    0.086643    0.000000    0.000000    0.412890    0.000000    0.000000    -5.439086    0.000000    0.000000  
11.541154    0.090474    0.000000    0.000000    0.357529    0.000000    0.000000    -5.669432    0.000000    0.000000  
11.551155    0.093752    0.000000    0.000000    0.300071    0.000000    0.000000    -5.866015    0.000000    0.000000  
11.561156    0.096459    0.000000    0.000000    0.240839    0.000000    0.000000    -6.028289    0.000000    0.000000  
11.571157    0.098578    0.000000    0.000000    0.180153    0.000000    0.000000    -6.155709    0.000000    0.000000  
11.581158    0.100091    0.000000    0.000000    0.118334    0.000000    0.000000    -6.247732    0.000000    0.000000  
11.591159    0.100981    0.000000    0.000000    0.055703    0.000000    0.000000    -6.303811    0.000000    0.000000  
11.601160    0.101230    0.000000    0.000000    -0.007417    0.000000    0.000000    -6.323401    0.000000    0.000000  
11.611161    0.100829    0.000000    0.000000    -0.070688    0.000000    0.000000    -6.306098    0.000000    0.000000  
11.621162    0.099789    0.000000    0.000000    -0.133721    0.000000    0.000000    -6.251889    0.000000    0.000000  
11.631163    0.098127    0.000000    0.000000    -0.196118    0.000000    0.000000    -6.160830    0.000000    0.000000  
11.641164    0.095858    0.000000    0.000000    -0.257480    0.000000    0.000000    -6.032981    0.000000    0.000000  
11.651165    0.092998    0.000000    0.000000    -0.317409    0.000000    0.000000    -5.868397    0.000000    0.000000  
11.661166    0.089565    0.000000    0.000000    -0.375508    0.000000    0.000000    -5.667136    0.000000    0.000000  
11.671167    0.085572    0.000000    0.000000    -0.431378    0.000000    0.000000    -5.429255    0.000000    0.000000  
11.681168    0.081037    0.000000    0.000000    -0.484621    0.000000    0.000000    -5.154812    0.000000    0.000000  
11.691169    0.075976    0.000000    0.000000    -0.534838    0.000000    0.000000    -4.843864    0.000000    0.000000  
11.701170    0.070404    0.000000    0.000000    -0.581633    0.000000    0.000000    -4.496469    0.000000    0.000000  
11.711171    0.064346    0.000000    0.000000    -0.624653    0.000000    0.000000    -4.113632    0.000000    0.000000  
11.721172    0.057850    0.000000    0.000000    -0.663683    0.000000    0.000000    -3.699034    0.000000    0.000000  
11.731173    0.050969    0.000000    0.000000    -0.698528    0.000000    0.000000    -3.256825    0.000000    0.000000  
11.741174    0.043756    0.000000    0.000000    -0.728996    0.000000    0.000000    -2.791155    0.000000    0.000000  
11.751175    0.036264    0.000000    0.000000    -0.754892    0.000000    0.000000    -2.306175    0.000000    0.000000  
11.761176    0.028545    0.000000    0.000000    -0.776024    0.000000    0.000000    -1.806034    0.000000    0.000000  
11.771177    0.020651    0.000000    0.000000    -0.792197    0.000000    0.000000    -1.294884    0.000000    0.000000  
11.781178    0.012637    0.000000    0.000000    -0.803219    0.000000    0.000000    -0.776875    0.000000    0.000000  
11.791179    0.004553    0.000000    0.000000    -0.808895    0.000000    0.000000    -0.256156    0.000000    0.000000  
11.801180    -0.003546    0.000000    0.000000    -0.809033    0.000000    0.000000    0.263122    0.000000    0.000000  
11.811181    -0.011611    0.000000    0.000000    -0.803542    0.000000    0.000000    0.777147    0.000000    0.000000  
11.821182    -0.019592    0.000000    0.000000    -0.792617    0.000000    0.000000    1.283059    0.000000    0.000000  
11.831183    -0.027444    0.000000    0.000000    -0.776506    0.000000    0.000000    1.778164    0.000000    0.000000  
11.841184    -0.035119    0.000000    0.000000    -0.755456    0.000000    0.000000    2.259768    0.000000    0.000000  
11.851185    -0.042571    0.000000    0.000000    -0.729713    0.000000    0.000000    2.725178    0.000000    0.000000  
11.861186    -0.049753    0.000000    0.000000    -0.699526    0.000000    0.000000    3.171699    0.000000    0.000000  
11.871187    -0.056619    0.000000    0.000000    -0.665140    0.000000    0.000000    3.596638    0.000000    0.000000  
11.881188    -0.063120    0.000000    0.000000    -0.626802    0.000000    0.000000    3.997301    0.000000    0.000000  
11.891189    -0.069211    0.000000    0.000000    -0.584760    0.000000    0.000000    4.370995    0.000000    0.000000  
11.901190    -0.074845    0.000000    0.000000    -0.539261    0.000000    0.000000    4.715026    0.000000    0.000000  
11.911191    -0.079982    0.000000    0.000000    -0.490568    0.000000    0.000000    5.027212    0.000000    0.000000  
11.921192    -0.084602    0.000000    0.000000    -0.438994    0.000000    0.000000    5.306808    0.000000    0.000000  
11.931193    -0.088692    0.000000    0.000000    -0.384860    0.000000    0.000000    5.553319    0.000000    0.000000  
11.941194    -0.092234    0.000000    0.000000    -0.328485    0.000000    0.000000    5.766249    0.000000    0.000000  
11.951195    -0.095214    0.000000    0.000000    -0.270191    0.000000    0.000000    5.945104    0.000000    0.000000  
11.961196    -0.097615    0.000000    0.000000    -0.210297    0.000000    0.000000    6.089389    0.000000    0.000000  
11.971197    -0.099423    0.000000    0.000000    -0.149126    0.000000    0.000000    6.198610    0.000000    0.000000  
11.981198    -0.100622    0.000000    0.000000    -0.086996    0.000000    0.000000    6.272270    0.000000    0.000000  
11.991199    -0.101196    0.000000    0.000000    -0.024228    0.000000    0.000000    6.309875    0.000000    0.000000  
12.001200    -0.101130    0.000000    0.000000    0.038856    0.000000    0.000000    6.310931    0.000000    0.000000  
12.011201    -0.100416    0.000000    0.000000    0.101918    0.000000    0.000000    6.275095    0.000000    0.000000  
12.021202    -0.099067    0.000000    0.000000    0.164570    0.000000    0.000000    6.202454    0.000000    0.000000  
12.031203    -0.097102    0.000000    0.000000    0.226415    0.000000    0.000000    6.093167    0.000000    0.000000  
12.041204    -0.094537    0.000000    0.000000    0.287054    0.000000    0.000000    5.947396    0.000000    0.000000  
12.051205    -0.091389    0.000000    0.000000    0.346091    0.000000    0.000000    5.765300    0.000000    0.000000  
12.061206    -0.087677    0.000000    0.000000    0.403128    0.000000    0.000000    5.547041    0.000000    0.000000  
12.071207    -0.083417    0.000000    0.000000    0.457768    0.000000    0.000000    5.292778    0.000000    0.000000  
12.081208    -0.078627    0.000000    0.000000    0.509613    0.000000    0.000000    5.002673    0.000000    0.000000  
12.091209    -0.073325    0.000000    0.000000    0.558267    0.000000    0.000000    4.676885    0.000000    0.000000  
12.101210    -0.067528    0.000000    0.000000    0.603330    0.000000    0.000000    4.315576    0.000000    0.000000  
12.111211    -0.061261    0.000000    0.000000    0.644460    0.000000    0.000000    3.919857    0.000000    0.000000  
12.121212    -0.054575    0.000000    0.000000    0.681454    0.000000    0.000000    3.493491    0.000000    0.000000  
12.131213    -0.047523    0.000000    0.000000    0.714139    0.000000    0.000000    3.040699    0.000000    0.000000  
12.141214    -0.040160    0.000000    0.000000    0.742339    0.000000    0.000000    2.565705    0.000000    0.000000  
12.151215    -0.032539    0.000000    0.000000    0.765880    0.000000    0.000000    2.072731    0.000000    0.000000  
12.161216    -0.024715    0.000000    0.000000    0.784586    0.000000    0.000000    1.566000    0.000000    0.000000  
12.171217    -0.016741    0.000000    0.000000    0.798283    0.000000    0.000000    1.049733    0.000000    0.000000  
12.181218    -0.008671    0.000000    0.000000    0.806796    0.000000    0.000000    0.528153    0.000000    0.000000  
12.191219    -0.000560    0.000000    0.000000    0.809950    0.000000    0.000000    0.005484    0.000000    0.000000  
12.201220    0.007539    0.000000    0.000000    0.807570    0.000000    0.000000    -0.514054    0.000000    0.000000  
12.211221    0.015574    0.000000    0.000000    0.799582    0.000000    0.000000    -1.026616    0.000000    0.000000  
12.221222    0.023498    0.000000    0.000000    0.786197    0.000000    0.000000    -1.529411    0.000000    0.000000  
12.231223    0.031266    0.000000    0.000000    0.767671    0.000000    0.000000    -2.019829    0.000000    0.000000  
12.241224    0.038832    0.000000    0.000000    0.744264    0.000000    0.000000    -2.495262    0.000000    0.000000  
12.251225    0.046152    0.000000    0.000000    0.716231    0.000000    0.000000    -2.953101    0.000000    0.000000  
12.261226    0.053181    0.000000    0.000000    0.683833    0.000000    0.000000    -3.390736    0.000000    0.000000  
12.271227    0.059871    0.000000    0.000000    0.647326    0.000000    0.000000    -3.805558    0.000000    0.000000  
12.281228    0.066179    0.000000    0.000000    0.606968    0.000000    0.000000    -4.194959    0.000000    0.000000  
12.291229    0.072059    0.000000    0.000000    0.563018    0.000000    0.000000    -4.556328    0.000000    0.000000  
12.301230    0.077465    0.000000    0.000000    0.515733    0.000000    0.000000    -4.887058    0.000000    0.000000  
12.311231    0.082359    0.000000    0.000000    0.465388    0.000000    0.000000    -5.185043    0.000000    0.000000  
12.321232    0.086724    0.000000    0.000000    0.412304    0.000000    0.000000    -5.449577    0.000000    0.000000  
12.331233    0.090545    0.000000    0.000000    0.356811    0.000000    0.000000    -5.680194    0.000000    0.000000  
12.341234    0.093808    0.000000    0.000000    0.299237    0.000000    0.000000    -5.876428    0.000000    0.000000  
12.351235    0.096498    0.000000    0.000000    0.239913    0.000000    0.000000    -6.037813    0.000000    0.000000  
12.361236    0.098600    0.000000    0.000000    0.179166    0.000000    0.000000    -6.163883    0.000000    0.000000  
12.371237    0.100101    0.000000    0.000000    0.117328    0.000000    0.000000    -6.254173    0.000000    0.000000  
12.381238    0.100986    0.000000    0.000000    0.054726    0.000000    0.000000    -6.308217    0.000000    0.000000  
12.391239    0.101241    0.000000    0.000000    -0.008310    0.000000    0.000000    -6.325549    0.000000    0.000000  
12.401240    0.100850    0.000000    0.000000    -0.071450    0.000000    0.000000    -6.305703    0.000000    0.000000  
12.411241    0.099808    0.000000    0.000000    -0.134351    0.000000    0.000000    -6.248418    0.000000    0.000000  
12.421242    0.098131    0.000000    0.000000    -0.196625    0.000000    0.000000    -6.153993    0.000000    0.000000  
12.431243    0.095840    0.000000    0.000000    -0.257879    0.000000    0.000000    -6.022824    0.000000    0.000000  
12.441244    0.092954    0.000000    0.000000    -0.317719    0.000000    0.000000    -5.855309    0.000000    0.000000  
12.451245    0.089494    0.000000    0.000000    -0.375751    0.000000    0.000000    -5.651843    0.000000    0.000000  
12.461246    0.085481    0.000000    0.000000    -0.431582    0.000000    0.000000    -5.412825    0.000000    0.000000  
12.471247    0.080934    0.000000    0.000000    -0.484818    0.000000    0.000000    -5.138649    0.000000    0.000000  
12.481248    0.075873    0.000000    0.000000    -0.535064    0.000000    0.000000    -4.829714    0.000000    0.000000  
12.491249    0.070320    0.000000    0.000000    -0.581928    0.000000    0.000000    -4.486414    0.000000    0.000000  
12.501250    0.064294    0.000000    0.000000    -0.625015    0.000000    0.000000    -4.109150    0.000000    0.000000  
12.511251    0.057823    0.000000    0.000000    -0.663989    0.000000    0.000000    -3.699227    0.000000    0.000000  
12.521252    0.050958    0.000000    0.000000    -0.698674    0.000000    0.000000    -3.260467    0.000000    0.000000  
12.531253    0.043753    0.000000    0.000000    -0.728917    0.000000    0.000000    -2.797120    0.000000    0.000000  
12.541254    0.036262    0.000000    0.000000    -0.754571    0.000000    0.000000    -2.313439    0.000000    0.000000  
12.551255    0.028538    0.000000    0.000000    -0.775483    0.000000    0.000000    -1.813674    0.000000    0.000000  
12.561256    0.020637    0.000000    0.000000    -0.791505    0.000000    0.000000    -1.302076    0.000000    0.000000  
12.571257    0.012612    0.000000    0.000000    -0.802485    0.000000    0.000000    -0.782896    0.000000    0.000000  
12.581258    0.004517    0.000000    0.000000    -0.808274    0.000000    0.000000    -0.260386    0.000000    0.000000  
12.591259    -0.003595    0.000000    0.000000    -0.808721    0.000000    0.000000    0.261204    0.000000    0.000000  
12.601260    -0.011668    0.000000    0.000000    -0.803677    0.000000    0.000000    0.777622    0.000000    0.000000  
12.611261    -0.019650    0.000000    0.000000    -0.793090    0.000000    0.000000    1.285046    0.000000    0.000000  
12.621262    -0.027498    0.000000    0.000000    -0.777182    0.000000    0.000000    1.780830    0.000000    0.000000  
12.631263    -0.035165    0.000000    0.000000    -0.756219    0.000000    0.000000    2.262531    0.000000    0.000000  
12.641264    -0.042608    0.000000    0.000000    -0.730471    0.000000    0.000000    2.727703    0.000000    0.000000  
12.651265    -0.049782    0.000000    0.000000    -0.700204    0.000000    0.000000    3.173903    0.000000    0.000000  
12.661266    -0.056643    0.000000    0.000000    -0.665687    0.000000    0.000000    3.598687    0.000000    0.000000  
12.671267    -0.063145    0.000000    0.000000    -0.627187    0.000000    0.000000    3.999609    0.000000    0.000000  
12.681268    -0.069245    0.000000    0.000000    -0.584971    0.000000    0.000000    4.374226    0.000000    0.000000  
12.691269    -0.074898    0.000000    0.000000    -0.539308    0.000000    0.000000    4.720093    0.000000    0.000000  
12.701270    -0.080060    0.000000    0.000000    -0.490466    0.000000    0.000000    5.034768    0.000000    0.000000  
12.711271    -0.084693    0.000000    0.000000    -0.438727    0.000000    0.000000    5.316282    0.000000    0.000000  
12.721272    -0.088783    0.000000    0.000000    -0.384415    0.000000    0.000000    5.563979    0.000000    0.000000  
12.731273    -0.092316    0.000000    0.000000    -0.327864    0.000000    0.000000    5.777425    0.000000    0.000000  
12.741274    -0.095280    0.000000    0.000000    -0.269405    0.000000    0.000000    5.956186    0.000000    0.000000  
12.751275    -0.097663    0.000000    0.000000    -0.209369    0.000000    0.000000    6.099827    0.000000    0.000000  
12.761276    -0.099453    0.000000    0.000000    -0.148089    0.000000    0.000000    6.207915    0.000000    0.000000  
12.771277    -0.100637    0.000000    0.000000    -0.085897    0.000000    0.000000    6.280014    0.000000    0.000000  
12.781278    -0.101203    0.000000    0.000000    -0.023124    0.000000    0.000000    6.315692    0.000000    0.000000  
12.791279    -0.101140    0.000000    0.000000    0.039898    0.000000    0.000000    6.314514    0.000000    0.000000  
12.801280    -0.100433    0.000000    0.000000    0.102837    0.000000    0.000000    6.276046    0.000000    0.000000  
12.811281    -0.099080    0.000000    0.000000    0.165347    0.000000    0.000000    6.200085    0.000000    0.000000  
12.821282    -0.097098    0.000000    0.000000    0.227045    0.000000    0.000000    6.087060    0.000000    0.000000  
12.831283    -0.094509    0.000000    0.000000    0.287543    0.000000    0.000000    5.937508    0.000000    0.000000  
12.841284    -0.091334    0.000000    0.000000    0.346451    0.000000    0.000000    5.751965    0.000000    0.000000  
12.851285    -0.087596    0.000000    0.000000    0.403379    0.000000    0.000000    5.530969    0.000000    0.000000  
12.861286    -0.083316    0.000000    0.000000    0.457939    0.000000    0.000000    5.275054    0.000000    0.000000  
12.871287    -0.078514    0.000000    0.000000    0.509741    0.000000    0.000000    4.984758    0.000000    0.000000  
12.881288    -0.073215    0.000000    0.000000    0.558397    0.000000    0.000000    4.660618    0.000000    0.000000  
12.891289    -0.067438    0.000000    0.000000    0.603516    0.000000    0.000000    4.303169    0.000000    0.000000  
12.901290    -0.061205    0.000000    0.000000    0.644711    0.000000    0.000000    3.912950    0.000000    0.000000  
12.911291    -0.054547    0.000000    0.000000    0.681652    0.000000    0.000000    3.491390    0.000000    0.000000  
12.921292    -0.047514    0.000000    0.000000    0.714179    0.000000    0.000000    3.042357    0.000000    0.000000  
12.931293    -0.040161    0.000000    0.000000    0.742161    0.000000    0.000000    2.570128    0.000000    0.000000  
12.941294    -0.032545    0.000000    0.000000    0.765465    0.000000    0.000000    2.078984    0.000000    0.000000  
12.951295    -0.024719    0.000000    0.000000    0.783959    0.000000    0.000000    1.573201    0.000000    0.000000  
12.961296    -0.016739    0.000000    0.000000    0.797510    0.000000    0.000000    1.057060    0.000000    0.000000  
12.971297    -0.008659    0.000000    0.000000    0.805987    0.000000    0.000000    0.534839    0.000000    0.000000  
12.981298    -0.000536    0.000000    0.000000    0.809257    0.000000    0.000000    0.010816    0.000000    0.000000  
12.991299    0.007576    0.000000    0.000000    0.807188    0.000000    0.000000    -0.510729    0.000000    0.000000  
13.001300    0.015623    0.000000    0.000000    0.799649    0.000000    0.000000    -1.025519    0.000000    0.000000  
13.011301    0.023551    0.000000    0.000000    0.786604    0.000000    0.000000    -1.529733    0.000000    0.000000  
13.021302    0.031316    0.000000    0.000000    0.768287    0.000000    0.000000    -2.020796    0.000000    0.000000  
13.031303    0.038876    0.000000    0.000000    0.744976    0.000000    0.000000    -2.496342    0.000000    0.000000  
13.041304    0.046188    0.000000    0.000000    0.716950    0.000000    0.000000    -2.954007    0.000000    0.000000  
13.051305    0.053208    0.000000    0.000000    0.684485    0.000000    0.000000    -3.391425    0.000000    0.000000  
13.061306    0.059893    0.000000    0.000000    0.647860    0.000000    0.000000    -3.806231    0.000000    0.000000  
13.071307    0.066201    0.000000    0.000000    0.607354    0.000000    0.000000    -4.196060    0.000000    0.000000  
13.081308    0.072089    0.000000    0.000000    0.563243    0.000000    0.000000    -4.558547    0.000000    0.000000  
13.091309    0.077513    0.000000    0.000000    0.515806    0.000000    0.000000    -4.891327    0.000000    0.000000  
13.101310    0.082430    0.000000    0.000000    0.465322    0.000000    0.000000    -5.192035    0.000000    0.000000  
13.111311    0.086806    0.000000    0.000000    0.412082    0.000000    0.000000    -5.458773    0.000000    0.000000  
13.121312    0.090625    0.000000    0.000000    0.356420    0.000000    0.000000    -5.690909    0.000000    0.000000  
13.131313    0.093877    0.000000    0.000000    0.298676    0.000000    0.000000    -5.888024    0.000000    0.000000  
13.141314    0.096550    0.000000    0.000000    0.239189    0.000000    0.000000    -6.049700    0.000000    0.000000  
13.151315    0.098633    0.000000    0.000000    0.178299    0.000000    0.000000    -6.175517    0.000000    0.000000  
13.161316    0.100116    0.000000    0.000000    0.116347    0.000000    0.000000    -6.265056    0.000000    0.000000  
13.171317    0.100987    0.000000    0.000000    0.053670    0.000000    0.000000    -6.317898    0.000000    0.000000  
13.181318    0.101235    0.000000    0.000000    -0.009389    0.000000    0.000000    -6.333624    0.000000    0.000000  
13.191319    0.100850    0.000000    0.000000    -0.072493    0.000000    0.000000    -6.311816    0.000000    0.000000  
13.201320    0.099819    0.000000    0.000000    -0.135301    0.000000    0.000000    -6.252054    0.000000    0.000000  
13.211321    0.098140    0.000000    0.000000    -0.197462    0.000000    0.000000    -6.154216    0.000000    0.000000  
13.221322    0.095835    0.000000    0.000000    -0.258596    0.000000    0.000000    -6.018984    0.000000    0.000000  
13.231323    0.092927    0.000000    0.000000    -0.318317    0.000000    0.000000    -5.847174    0.000000    0.000000  
13.241324    0.089441    0.000000    0.000000    -0.376240    0.000000    0.000000    -5.639599    0.000000    0.000000  
13.251325    0.085401    0.000000    0.000000    -0.431979    0.000000    0.000000    -5.397076    0.000000    0.000000  
13.261326    0.080832    0.000000    0.000000    -0.485149    0.000000    0.000000    -5.120421    0.000000    0.000000  
13.271327    0.075758    0.000000    0.000000    -0.535364    0.000000    0.000000    -4.810449    0.000000    0.000000  
13.281328    0.070203    0.000000    0.000000    -0.582239    0.000000    0.000000    -4.467975    0.000000    0.000000  
13.291329    0.064193    0.000000    0.000000    -0.625388    0.000000    0.000000    -4.093814    0.000000    0.000000  
13.301330    0.057751    0.000000    0.000000    -0.664425    0.000000    0.000000    -3.688785    0.000000    0.000000  
13.311331    0.050909    0.000000    0.000000    -0.699034    0.000000    0.000000    -3.254531    0.000000    0.000000  
13.321332    0.043719    0.000000    0.000000    -0.729080    0.000000    0.000000    -2.794932    0.000000    0.000000  
13.331333    0.036236    0.000000    0.000000    -0.754460    0.000000    0.000000    -2.314244    0.000000    0.000000  
13.341334    0.028515    0.000000    0.000000    -0.775071    0.000000    0.000000    -1.816721    0.000000    0.000000  
13.351335    0.020611    0.000000    0.000000    -0.790811    0.000000    0.000000    -1.306615    0.000000    0.000000  
13.361336    0.012580    0.000000    0.000000    -0.801574    0.000000    0.000000    -0.788181    0.000000    0.000000  
13.371337    0.004476    0.000000    0.000000    -0.807260    0.000000    0.000000    -0.265673    0.000000    0.000000  
13.381338    -0.003645    0.000000    0.000000    -0.807763    0.000000    0.000000    0.256654    0.000000    0.000000  
13.391339    -0.011729    0.000000    0.000000    -0.802982    0.000000    0.000000    0.774547    0.000000    0.000000  
13.401340    -0.019720    0.000000    0.000000    -0.792813    0.000000    0.000000    1.283753    0.000000    0.000000  
13.411341    -0.027567    0.000000    0.000000    -0.777245    0.000000    0.000000    1.780518    0.000000    0.000000  
13.421342    -0.035226    0.000000    0.000000    -0.756520    0.000000    0.000000    2.262433    0.000000    0.000000  
13.431343    -0.042655    0.000000    0.000000    -0.730918    0.000000    0.000000    2.727313    0.000000    0.000000  
13.441344    -0.049814    0.000000    0.000000    -0.700722    0.000000    0.000000    3.172973    0.000000    0.000000  
13.451345    -0.056661    0.000000    0.000000    -0.666213    0.000000    0.000000    3.597228    0.000000    0.000000  
13.461346    -0.063153    0.000000    0.000000    -0.627672    0.000000    0.000000    3.997892    0.000000    0.000000  
13.471347    -0.069249    0.000000    0.000000    -0.585382    0.000000    0.000000    4.372781    0.000000    0.000000  
13.481348    -0.074908    0.000000    0.000000    -0.539624    0.000000    0.000000    4.719709    0.000000    0.000000  
13.491349    -0.080088    0.000000    0.000000    -0.490680    0.000000    0.000000    5.036492    0.000000    0.000000  
13.501350    -0.084747    0.000000    0.000000    -0.438831    0.000000    0.000000    5.320945    0.000000    0.000000  
13.511351    -0.088851    0.000000    0.000000    -0.384375    0.000000    0.000000    5.571304    0.000000    0.000000  
13.521352    -0.092388    0.000000    0.000000    -0.327650    0.000000    0.000000    5.786936    0.000000    0.000000  
13.531353    -0.095348    0.000000    0.000000    -0.268999    0.000000    0.000000    5.967392    0.000000    0.000000  
13.541354    -0.097722    0.000000    0.000000    -0.208770    0.000000    0.000000    6.112226    0.000000    0.000000  
13.551355    -0.099500    0.000000    0.000000    -0.147305    0.000000    0.000000    6.220992    0.000000    0.000000  
13.561356    -0.100672    0.000000    0.000000    -0.084950    0.000000    0.000000    6.293240    0.000000    0.000000  
13.571357    -0.101229    0.000000    0.000000    -0.022050    0.000000    0.000000    6.328526    0.000000    0.000000  
13.581358    -0.101162    0.000000    0.000000    0.041050    0.000000    0.000000    6.326401    0.000000    0.000000  
13.591359    -0.100461    0.000000    0.000000    0.104005    0.000000    0.000000    6.286419    0.000000    0.000000  
13.601360    -0.099117    0.000000    0.000000    0.166471    0.000000    0.000000    6.208133    0.000000    0.000000  
13.611361    -0.097129    0.000000    0.000000    0.228095    0.000000    0.000000    6.091456    0.000000    0.000000  
13.621362    -0.094519    0.000000    0.000000    0.288499    0.000000    0.000000    5.937255    0.000000    0.000000  
13.631363    -0.091314    0.000000    0.000000    0.347304    0.000000    0.000000    5.746559    0.000000    0.000000  
13.641364    -0.087540    0.000000    0.000000    0.404131    0.000000    0.000000    5.520397    0.000000    0.000000  
13.651365    -0.083224    0.000000    0.000000    0.458600    0.000000    0.000000    5.259797    0.000000    0.000000  
13.661366    -0.078393    0.000000    0.000000    0.510330    0.000000    0.000000    4.965786    0.000000    0.000000  
13.671367    -0.073071    0.000000    0.000000    0.558942    0.000000    0.000000    4.639392    0.000000    0.000000  
13.681368    -0.067286    0.000000    0.000000    0.604055    0.000000    0.000000    4.281645    0.000000    0.000000  
13.691369    -0.061065    0.000000    0.000000    0.645291    0.000000    0.000000    3.893571    0.000000    0.000000  
13.701370    -0.054433    0.000000    0.000000    0.682269    0.000000    0.000000    3.476200    0.000000    0.000000  
13.711371    -0.047424    0.000000    0.000000    0.714683    0.000000    0.000000    3.031338    0.000000    0.000000  
13.721372    -0.040091    0.000000    0.000000    0.742417    0.000000    0.000000    2.562865    0.000000    0.000000  
13.731373    -0.032488    0.000000    0.000000    0.765390    0.000000    0.000000    2.075003    0.000000    0.000000  
13.741374    -0.024672    0.000000    0.000000    0.783521    0.000000    0.000000    1.571972    0.000000    0.000000  
13.751375    -0.016697    0.000000    0.000000    0.796727    0.000000    0.000000    1.057994    0.000000    0.000000  
13.761376    -0.008619    0.000000    0.000000    0.804926    0.000000    0.000000    0.537290    0.000000    0.000000  
13.771377    -0.000494    0.000000    0.000000    0.808037    0.000000    0.000000    0.014083    0.000000    0.000000  
13.781378    0.007624    0.000000    0.000000    0.805977    0.000000    0.000000    -0.507408    0.000000    0.000000  
13.791379    0.015678    0.000000    0.000000    0.798664    0.000000    0.000000    -1.022960    0.000000    0.000000  
13.801380    0.023614    0.000000    0.000000    0.786017    0.000000    0.000000    -1.528352    0.000000    0.000000  
13.811381    0.031380    0.000000    0.000000    0.768044    0.000000    0.000000    -2.019880    0.000000    0.000000  
13.821382    0.038933    0.000000    0.000000    0.744993    0.000000    0.000000    -2.495206    0.000000    0.000000  
13.831383    0.046234    0.000000    0.000000    0.717152    0.000000    0.000000    -2.952219    0.000000    0.000000  
13.841384    0.053241    0.000000    0.000000    0.684808    0.000000    0.000000    -3.388808    0.000000    0.000000  
13.851385    0.059915    0.000000    0.000000    0.648249    0.000000    0.000000    -3.802860    0.000000    0.000000  
13.861386    0.066215    0.000000    0.000000    0.607763    0.000000    0.000000    -4.192266    0.000000    0.000000  
13.871387    0.072101    0.000000    0.000000    0.563637    0.000000    0.000000    -4.554914    0.000000    0.000000  
13.881388    0.077532    0.000000    0.000000    0.516158    0.000000    0.000000    -4.888692    0.000000    0.000000  
13.891389    0.082468    0.000000    0.000000    0.465616    0.000000    0.000000    -5.191489    0.000000    0.000000  
13.901390    0.086869    0.000000    0.000000    0.412297    0.000000    0.000000    -5.461194    0.000000    0.000000  
13.911391    0.090701    0.000000    0.000000    0.356505    0.000000    0.000000    -5.696106    0.000000    0.000000  
13.921392    0.093955    0.000000    0.000000    0.298588    0.000000    0.000000    -5.895609    0.000000    0.000000  
13.931393    0.096621    0.000000    0.000000    0.238901    0.000000    0.000000    -6.059265    0.000000    0.000000  
13.941394    0.098692    0.000000    0.000000    0.177799    0.000000    0.000000    -6.186634    0.000000    0.000000  
13.951395    0.100160    0.000000    0.000000    0.115636    0.000000    0.000000    -6.277280    0.000000    0.000000  
13.961396    0.101016    0.000000    0.000000    0.052768    0.000000    0.000000    -6.330764    0.000000    0.000000  
13.971397    0.101254    0.000000    0.000000    -0.010451    0.000000    0.000000    -6.346647    0.000000    0.000000  
13.981398    0.100865    0.000000    0.000000    -0.073665    0.000000    0.000000    -6.324493    0.000000    0.000000  
13.991399    0.099840    0.000000    0.000000    -0.136520    0.000000    0.000000    -6.263861    0.000000    0.000000  
14.001400    0.098173    0.000000    0.000000    -0.198662    0.000000    0.000000    -6.164316    0.000000    0.000000  
14.011401    0.095864    0.000000    0.000000    -0.259730    0.000000    0.000000    -6.025851    0.000000    0.000000  
14.021402    0.092938    0.000000    0.000000    -0.319355    0.000000    0.000000    -5.849602    0.000000    0.000000  
14.031403    0.089424    0.000000    0.000000    -0.377163    0.000000    0.000000    -5.636891    0.000000    0.000000  
14.041404    0.085351    0.000000    0.000000    -0.432784    0.000000    0.000000    -5.389042    0.000000    0.000000  
14.051405    0.080749    0.000000    0.000000    -0.485843    0.000000    0.000000    -5.107377    0.000000    0.000000  
14.061406    0.075645    0.000000    0.000000    -0.535970    0.000000    0.000000    -4.793218    0.000000    0.000000  
14.071407    0.070069    0.000000    0.000000    -0.582791    0.000000    0.000000    -4.447888    0.000000    0.000000  
14.081408    0.064049    0.000000    0.000000    -0.625934    0.000000    0.000000    -4.072709    0.000000    0.000000  
14.091409    0.057616    0.000000    0.000000    -0.665028    0.000000    0.000000    -3.669004    0.000000    0.000000  
14.101410    0.050797    0.000000    0.000000    -0.699699    0.000000    0.000000    -3.238097    0.000000    0.000000  
14.111411    0.043628    0.000000    0.000000    -0.729653    0.000000    0.000000    -2.782012    0.000000    0.000000  
14.121412    0.036161    0.000000    0.000000    -0.754804    0.000000    0.000000    -2.304618    0.000000    0.000000  
14.131413    0.028452    0.000000    0.000000    -0.775096    0.000000    0.000000    -1.810085    0.000000    0.000000  
14.141414    0.020557    0.000000    0.000000    -0.790476    0.000000    0.000000    -1.302585    0.000000    0.000000  
14.151415    0.012530    0.000000    0.000000    -0.800890    0.000000    0.000000    -0.786288    0.000000    0.000000  
14.161416    0.004427    0.000000    0.000000    -0.806283    0.000000    0.000000    -0.265364    0.000000    0.000000  
14.171417    -0.003697    0.000000    0.000000    -0.806602    0.000000    0.000000    0.256016    0.000000    0.000000  
14.181418    -0.011786    0.000000    0.000000    -0.801791    0.000000    0.000000    0.773682    0.000000    0.000000  
14.191419    -0.019786    0.000000    0.000000    -0.791798    0.000000    0.000000    1.283462    0.000000    0.000000  
14.201420    -0.027640    0.000000    0.000000    -0.776568    0.000000    0.000000    1.781188    0.000000    0.000000  
14.211421    -0.035298    0.000000    0.000000    -0.756133    0.000000    0.000000    2.263245    0.000000    0.000000  
14.221422    -0.042719    0.000000    0.000000    -0.730747    0.000000    0.000000    2.727477    0.000000    0.000000  
14.231423    -0.049865    0.000000    0.000000    -0.700703    0.000000    0.000000    3.171967    0.000000    0.000000  
14.241424    -0.056695    0.000000    0.000000    -0.666293    0.000000    0.000000    3.594797    0.000000    0.000000  
14.251425    -0.063172    0.000000    0.000000    -0.627807    0.000000    0.000000    3.994048    0.000000    0.000000  
14.261426    -0.069257    0.000000    0.000000    -0.585538    0.000000    0.000000    4.367803    0.000000    0.000000  
14.271427    -0.074911    0.000000    0.000000    -0.539777    0.000000    0.000000    4.714142    0.000000    0.000000  
14.281428    -0.080095    0.000000    0.000000    -0.490817    0.000000    0.000000    5.031150    0.000000    0.000000  
14.291429    -0.084771    0.000000    0.000000    -0.438948    0.000000    0.000000    5.316906    0.000000    0.000000  
14.301430    -0.088898    0.000000    0.000000    -0.384463    0.000000    0.000000    5.569494    0.000000    0.000000  
14.311431    -0.092448    0.000000    0.000000    -0.327670    0.000000    0.000000    5.787354    0.000000    0.000000  
14.321432    -0.095409    0.000000    0.000000    -0.268918    0.000000    0.000000    5.969863    0.000000    0.000000  
14.331433    -0.097776    0.000000    0.000000    -0.208563    0.000000    0.000000    6.116550    0.000000    0.000000  
14.341434    -0.099542    0.000000    0.000000    -0.146961    0.000000    0.000000    6.226943    0.000000    0.000000  
14.351435    -0.100701    0.000000    0.000000    -0.084470    0.000000    0.000000    6.300573    0.000000    0.000000  
14.361436    -0.101246    0.000000    0.000000    -0.021445    0.000000    0.000000    6.336967    0.000000    0.000000  
14.371437    -0.101172    0.000000    0.000000    0.041757    0.000000    0.000000    6.335655    0.000000    0.000000  
14.381438    -0.100471    0.000000    0.000000    0.104780    0.000000    0.000000    6.296166    0.000000    0.000000  
14.391439    -0.099138    0.000000    0.000000    0.167267    0.000000    0.000000    6.218029    0.000000    0.000000  
14.401440    -0.097166    0.000000    0.000000    0.228863    0.000000    0.000000    6.100772    0.000000    0.000000  
14.411441    -0.094558    0.000000    0.000000    0.289207    0.000000    0.000000    5.944420    0.000000    0.000000  
14.421442    -0.091340    0.000000    0.000000    0.347934    0.000000    0.000000    5.750279    0.000000    0.000000  
14.431443    -0.087544    0.000000    0.000000    0.404675    0.000000    0.000000    5.519866    0.000000    0.000000  
14.441444    -0.083200    0.000000    0.000000    0.459062    0.000000    0.000000    5.254698    0.000000    0.000000  
14.451445    -0.078339    0.000000    0.000000    0.510728    0.000000    0.000000    4.956289    0.000000    0.000000  
14.461446    -0.072992    0.000000    0.000000    0.559305    0.000000    0.000000    4.626157    0.000000    0.000000  
14.471447    -0.067188    0.000000    0.000000    0.604423    0.000000    0.000000    4.265818    0.000000    0.000000  
14.481448    -0.060959    0.000000    0.000000    0.645717    0.000000    0.000000    3.876787    0.000000    0.000000  
14.491449    -0.054336    0.000000    0.000000    0.682817    0.000000    0.000000    3.460581    0.000000    0.000000  
14.501450    -0.047349    0.000000    0.000000    0.715356    0.000000    0.000000    3.018717    0.000000    0.000000  
14.511451    -0.040035    0.000000    0.000000    0.743049    0.000000    0.000000    2.553365    0.000000    0.000000  
14.521452    -0.032448    0.000000    0.000000    0.765830    0.000000    0.000000    2.068394    0.000000    0.000000  
14.531453    -0.024642    0.000000    0.000000    0.783667    0.000000    0.000000    1.567948    0.000000    0.000000  
14.541454    -0.016673    0.000000    0.000000    0.796528    0.000000    0.000000    1.056170    0.000000    0.000000  
14.551455    -0.008597    0.000000    0.000000    0.804382    0.000000    0.000000    0.537202    0.000000    0.000000  
14.561456    -0.000471    0.000000    0.000000    0.807196    0.000000    0.000000    0.015189    0.000000    0.000000  
14.571457    0.007652    0.000000    0.000000    0.804938    0.000000    0.000000    -0.505727    0.000000    0.000000  
14.581458    0.015714    0.000000    0.000000    0.797578    0.000000    0.000000    -1.021402    0.000000    0.000000  
14.591459    0.023661    0.000000    0.000000    0.785083    0.000000    0.000000    -1.527693    0.000000    0.000000  
14.601460    0.031437    0.000000    0.000000    0.767421    0.000000    0.000000    -2.020458    0.000000    0.000000  
14.611461    0.038990    0.000000    0.000000    0.744643    0.000000    0.000000    -2.496129    0.000000    0.000000  
14.621462    0.046282    0.000000    0.000000    0.717010    0.000000    0.000000    -2.952632    0.000000    0.000000  
14.631463    0.053275    0.000000    0.000000    0.684820    0.000000    0.000000    -3.388129    0.000000    0.000000  
14.641464    0.059932    0.000000    0.000000    0.648367    0.000000    0.000000    -3.800787    0.000000    0.000000  
14.651465    0.066215    0.000000    0.000000    0.607949    0.000000    0.000000    -4.188770    0.000000    0.000000  
14.661466    0.072088    0.000000    0.000000    0.563861    0.000000    0.000000    -4.550241    0.000000    0.000000  
14.671467    0.077512    0.000000    0.000000    0.516400    0.000000    0.000000    -4.883367    0.000000    0.000000  
14.681468    0.082451    0.000000    0.000000    0.465862    0.000000    0.000000    -5.186310    0.000000    0.000000  
14.691469    0.086867    0.000000    0.000000    0.412543    0.000000    0.000000    -5.457236    0.000000    0.000000  
14.701470    0.090724    0.000000    0.000000    0.356740    0.000000    0.000000    -5.694311    0.000000    0.000000  
14.711471    0.093991    0.000000    0.000000    0.298766    0.000000    0.000000    -5.896040    0.000000    0.000000  
14.721472    0.096660    0.000000    0.000000    0.238980    0.000000    0.000000    -6.061815    0.000000    0.000000  
14.731473    0.098727    0.000000    0.000000    0.177749    0.000000    0.000000    -6.191172    0.000000    0.000000  
14.741474    0.100187    0.000000    0.000000    0.115440    0.000000    0.000000    -6.283643    0.000000    0.000000  
14.751475    0.101033    0.000000    0.000000    0.052420    0.000000    0.000000    -6.338762    0.000000    0.000000  
14.761476    0.101263    0.000000    0.000000    -0.010946    0.000000    0.000000    -6.356063    0.000000    0.000000  
14.771477    0.100870    0.000000    0.000000    -0.074291    0.000000    0.000000    -6.335080    0.000000    0.000000  
14.781478    0.099849    0.000000    0.000000    -0.137247    0.000000    0.000000    -6.275347    0.000000    0.000000  
14.791479    0.098196    0.000000    0.000000    -0.199449    0.000000    0.000000    -6.176397    0.000000    0.000000  
14.801480    0.095905    0.000000    0.000000    -0.260530    0.000000    0.000000    -6.037766    0.000000    0.000000  
14.811481    0.092982    0.000000    0.000000    -0.320125    0.000000    0.000000    -5.859563    0.000000    0.000000  
14.821482    0.089455    0.000000    0.000000    -0.377875    0.000000    0.000000    -5.643389    0.000000    0.000000  
14.831483    0.085358    0.000000    0.000000    -0.433422    0.000000    0.000000    -5.391078    0.000000    0.000000  
14.841484    0.080725    0.000000    0.000000    -0.486407    0.000000    0.000000    -5.104467    0.000000    0.000000  
14.851485    0.075588    0.000000    0.000000    -0.536472    0.000000    0.000000    -4.785392    0.000000    0.000000  
14.861486    0.069981    0.000000    0.000000    -0.583259    0.000000    0.000000    -4.435689    0.000000    0.000000  
14.871487    0.063938    0.000000    0.000000    -0.626410    0.000000    0.000000    -4.057193    0.000000    0.000000  
14.881488    0.057492    0.000000    0.000000    -0.665565    0.000000    0.000000    -3.651741    0.000000    0.000000  
14.891489    0.050676    0.000000    0.000000    -0.700367    0.000000    0.000000    -3.221169    0.000000    0.000000  
14.901490    0.043524    0.000000    0.000000    -0.730457    0.000000    0.000000    -2.767314    0.000000    0.000000  
14.911491    0.036075    0.000000    0.000000    -0.755567    0.000000    0.000000    -2.292565    0.000000    0.000000  
14.921492    0.028381    0.000000    0.000000    -0.775657    0.000000    0.000000    -1.800732    0.000000    0.000000  
14.931493    0.020497    0.000000    0.000000    -0.790724    0.000000    0.000000    -1.295851    0.000000    0.000000  
14.941494    0.012479    0.000000    0.000000    -0.800765    0.000000    0.000000    -0.781959    0.000000    0.000000  
14.951495    0.004382    0.000000    0.000000    -0.805779    0.000000    0.000000    -0.263093    0.000000    0.000000  
14.961496    -0.003739    0.000000    0.000000    -0.805761    0.000000    0.000000    0.256711    0.000000    0.000000  
14.971497    -0.011830    0.000000    0.000000    -0.800710    0.000000    0.000000    0.773417    0.000000    0.000000  
14.981498    -0.019834    0.000000    0.000000    -0.790622    0.000000    0.000000    1.282988    0.000000    0.000000  
14.991499    -0.027697    0.000000    0.000000    -0.775495    0.000000    0.000000    1.781388    0.000000    0.000000  
15.001500    -0.035364    0.000000    0.000000    -0.755326    0.000000    0.000000    2.264581    0.000000    0.000000  
15.011501    -0.042784    0.000000    0.000000    -0.730188    0.000000    0.000000    2.729129    0.000000    0.000000  
15.021502    -0.049921    0.000000    0.000000    -0.700346    0.000000    0.000000    3.173125    0.000000    0.000000  
15.031503    -0.056737    0.000000    0.000000    -0.666097    0.000000    0.000000    3.594906    0.000000    0.000000  
15.041504    -0.063197    0.000000    0.000000    -0.627738    0.000000    0.000000    3.992809    0.000000    0.000000  
15.051505    -0.069265    0.000000    0.000000    -0.585564    0.000000    0.000000    4.365169    0.000000    0.000000  
15.061506    -0.074906    0.000000    0.000000    -0.539873    0.000000    0.000000    4.710324    0.000000    0.000000  
15.071507    -0.080083    0.000000    0.000000    -0.490961    0.000000    0.000000    5.026609    0.000000    0.000000  
15.081508    -0.084761    0.000000    0.000000    -0.439125    0.000000    0.000000    5.312362    0.000000    0.000000  
15.091509    -0.088904    0.000000    0.000000    -0.384660    0.000000    0.000000    5.565919    0.000000    0.000000  
15.101510    -0.092477    0.000000    0.000000    -0.327864    0.000000    0.000000    5.785617    0.000000    0.000000  
15.111511    -0.095450    0.000000    0.000000    -0.269051    0.000000    0.000000    5.970086    0.000000    0.000000  
15.121512    -0.097819    0.000000    0.000000    -0.208585    0.000000    0.000000    6.118706    0.000000    0.000000  
15.131513    -0.099580    0.000000    0.000000    -0.146835    0.000000    0.000000    6.230976    0.000000    0.000000  
15.141514    -0.100728    0.000000    0.000000    -0.084172    0.000000    0.000000    6.306392    0.000000    0.000000  
15.151515    -0.101262    0.000000    0.000000    -0.020967    0.000000    0.000000    6.344454    0.000000    0.000000  
15.161516    -0.101177    0.000000    0.000000    0.042411    0.000000    0.000000    6.344661    0.000000    0.000000  
15.171517    -0.100471    0.000000    0.000000    0.105592    0.000000    0.000000    6.306510    0.000000    0.000000  
15.181518    -0.099139    0.000000    0.000000    0.168204    0.000000    0.000000    6.229500    0.000000    0.000000  
15.191519    -0.097179    0.000000    0.000000    0.229878    0.000000    0.000000    6.113128    0.000000    0.000000  
15.201520    -0.094588    0.000000    0.000000    0.290243    0.000000    0.000000    5.956896    0.000000    0.000000  
15.211521    -0.091371    0.000000    0.000000    0.348934    0.000000    0.000000    5.760946    0.000000    0.000000  
15.221522    -0.087560    0.000000    0.000000    0.405598    0.000000    0.000000    5.527062    0.000000    0.000000  
15.231523    -0.083191    0.000000    0.000000    0.459886    0.000000    0.000000    5.257291    0.000000    0.000000  
15.241524    -0.078297    0.000000    0.000000    0.511445    0.000000    0.000000    4.953676    0.000000    0.000000  
15.251525    -0.072915    0.000000    0.000000    0.559925    0.000000    0.000000    4.618262    0.000000    0.000000  
15.261526    -0.067080    0.000000    0.000000    0.604976    0.000000    0.000000    4.253093    0.000000    0.000000  
15.271527    -0.060826    0.000000    0.000000    0.646247    0.000000    0.000000    3.860214    0.000000    0.000000  
15.281528    -0.054189    0.000000    0.000000    0.683388    0.000000    0.000000    3.441670    0.000000    0.000000  
15.291529    -0.047204    0.000000    0.000000    0.716047    0.000000    0.000000    2.999504    0.000000    0.000000  
15.301530    -0.039905    0.000000    0.000000    0.743874    0.000000    0.000000    2.535763    0.000000    0.000000  
15.311531    -0.032334    0.000000    0.000000    0.766613    0.000000    0.000000    2.052985    0.000000    0.000000  
15.321532    -0.024543    0.000000    0.000000    0.784243    0.000000    0.000000    1.554962    0.000000    0.000000  
15.331533    -0.016588    0.000000    0.000000    0.796785    0.000000    0.000000    1.045684    0.000000    0.000000  
15.341534    -0.008524    0.000000    0.000000    0.804256    0.000000    0.000000    0.529141    0.000000    0.000000  
15.351535    -0.000405    0.000000    0.000000    0.806675    0.000000    0.000000    0.009322    0.000000    0.000000  
15.361536    0.007713    0.000000    0.000000    0.804061    0.000000    0.000000    -0.509783    0.000000    0.000000  
15.371537    0.015775    0.000000    0.000000    0.796432    0.000000    0.000000    -1.024185    0.000000    0.000000  
15.381538    0.023725    0.000000    0.000000    0.783807    0.000000    0.000000    -1.529893    0.000000    0.000000  
15.391539    0.031509    0.000000    0.000000    0.766204    0.000000    0.000000    -2.022918    0.000000    0.000000  
15.401540    0.039071    0.000000    0.000000    0.743643    0.000000    0.000000    -2.499272    0.000000    0.000000  
15.411541    0.046362    0.000000    0.000000    0.716213    0.000000    0.000000    -2.955581    0.000000    0.000000  
15.421542    0.053345    0.000000    0.000000    0.684188    0.000000    0.000000    -3.390031    0.000000    0.000000  
15.431543    0.059986    0.000000    0.000000    0.647870    0.000000    0.000000    -3.801054    0.000000    0.000000  
15.441544    0.066251    0.000000    0.000000    0.607560    0.000000    0.000000    -4.187079    0.000000    0.000000  
15.451545    0.072105    0.000000    0.000000    0.563560    0.000000    0.000000    -4.546539    0.000000    0.000000  
15.461546    0.077514    0.000000    0.000000    0.516172    0.000000    0.000000    -4.877863    0.000000    0.000000  
15.471547    0.082444    0.000000    0.000000    0.465697    0.000000    0.000000    -5.179482    0.000000    0.000000  
15.481548    0.086860    0.000000    0.000000    0.412438    0.000000    0.000000    -5.449828    0.000000    0.000000  
15.491549    0.090729    0.000000    0.000000    0.356696    0.000000    0.000000    -5.687331    0.000000    0.000000  
15.501550    0.094015    0.000000    0.000000    0.298773    0.000000    0.000000    -5.890423    0.000000    0.000000  
15.511551    0.096694    0.000000    0.000000    0.238989    0.000000    0.000000    -6.057810    0.000000    0.000000  
15.521552    0.098759    0.000000    0.000000    0.177715    0.000000    0.000000    -6.188893    0.000000    0.000000  
15.531553    0.100210    0.000000    0.000000    0.115327    0.000000    0.000000    -6.283182    0.000000    0.000000  
15.541554    0.101044    0.000000    0.000000    0.052203    0.000000    0.000000    -6.340188    0.000000    0.000000  
15.551555    0.101260    0.000000    0.000000    -0.011281    0.000000    0.000000    -6.359419    0.000000    0.000000  
15.561556    0.100856    0.000000    0.000000    -0.074747    0.000000    0.000000    -6.340386    0.000000    0.000000  
15.571557    0.099830    0.000000    0.000000    -0.137817    0.000000    0.000000    -6.282599    0.000000    0.000000  
15.581558    0.098181    0.000000    0.000000    -0.200116    0.000000    0.000000    -6.185569    0.000000    0.000000  
15.591559    0.095906    0.000000    0.000000    -0.261266    0.000000    0.000000    -6.048804    0.000000    0.000000  
15.601560    0.093005    0.000000    0.000000    -0.320889    0.000000    0.000000    -5.871816    0.000000    0.000000  
15.611561    0.089485    0.000000    0.000000    -0.378618    0.000000    0.000000    -5.654841    0.000000    0.000000  
15.621562    0.085380    0.000000    0.000000    -0.434108    0.000000    0.000000    -5.399940    0.000000    0.000000  
15.631563    0.080727    0.000000    0.000000    -0.487018    0.000000    0.000000    -5.109459    0.000000    0.000000  
15.641564    0.075564    0.000000    0.000000    -0.537007    0.000000    0.000000    -4.785744    0.000000    0.000000  
15.651565    0.069928    0.000000    0.000000    -0.583733    0.000000    0.000000    -4.431139    0.000000    0.000000  
15.661566    0.063857    0.000000    0.000000    -0.626856    0.000000    0.000000    -4.047992    0.000000    0.000000  
15.671567    0.057388    0.000000    0.000000    -0.666033    0.000000    0.000000    -3.638647    0.000000    0.000000  
15.681568    0.050558    0.000000    0.000000    -0.700924    0.000000    0.000000    -3.205452    0.000000    0.000000  
15.691569    0.043406    0.000000    0.000000    -0.731188    0.000000    0.000000    -2.750751    0.000000    0.000000  
15.701570    0.035967    0.000000    0.000000    -0.756484    0.000000    0.000000    -2.276891    0.000000    0.000000  
15.711571    0.028285    0.000000    0.000000    -0.776570    0.000000    0.000000    -1.786608    0.000000    0.000000  
15.721572    0.020412    0.000000    0.000000    -0.791456    0.000000    0.000000    -1.283622    0.000000    0.000000  
15.731573    0.012403    0.000000    0.000000    -0.801190    0.000000    0.000000    -0.771801    0.000000    0.000000  
15.741574    0.004313    0.000000    0.000000    -0.805820    0.000000    0.000000    -0.255016    0.000000    0.000000  
15.751575    -0.003804    0.000000    0.000000    -0.805396    0.000000    0.000000    0.262862    0.000000    0.000000  
15.761576    -0.011893    0.000000    0.000000    -0.799964    0.000000    0.000000    0.777964    0.000000    0.000000  
15.771577    -0.019899    0.000000    0.000000    -0.789574    0.000000    0.000000    1.286419    0.000000    0.000000  
15.781578    -0.027768    0.000000    0.000000    -0.774273    0.000000    0.000000    1.784356    0.000000    0.000000  
15.791579    -0.035444    0.000000    0.000000    -0.754111    0.000000    0.000000    2.267907    0.000000    0.000000  
15.801580    -0.042874    0.000000    0.000000    -0.729135    0.000000    0.000000    2.733201    0.000000    0.000000  
15.811581    -0.050007    0.000000    0.000000    -0.699459    0.000000    0.000000    3.177004    0.000000    0.000000  
15.821582    -0.056810    0.000000    0.000000    -0.665356    0.000000    0.000000    3.597677    0.000000    0.000000  
15.831583    -0.063251    0.000000    0.000000    -0.627127    0.000000    0.000000    3.993822    0.000000    0.000000  
15.841584    -0.069296    0.000000    0.000000    -0.585071    0.000000    0.000000    4.364047    0.000000    0.000000  
15.851585    -0.074913    0.000000    0.000000    -0.539487    0.000000    0.000000    4.706956    0.000000    0.000000  
15.861586    -0.080070    0.000000    0.000000    -0.490676    0.000000    0.000000    5.021154    0.000000    0.000000  
15.871587    -0.084735    0.000000    0.000000    -0.438936    0.000000    0.000000    5.305247    0.000000    0.000000  
15.881588    -0.088875    0.000000    0.000000    -0.384567    0.000000    0.000000    5.557839    0.000000    0.000000  
15.891589    -0.092458    0.000000    0.000000    -0.327869    0.000000    0.000000    5.777537    0.000000    0.000000  
15.901590    -0.095451    0.000000    0.000000    -0.269141    0.000000    0.000000    5.962945    0.000000    0.000000  
15.911591    -0.097831    0.000000    0.000000    -0.208704    0.000000    0.000000    6.112891    0.000000    0.000000  
15.921592    -0.099594    0.000000    0.000000    -0.146931    0.000000    0.000000    6.226755    0.000000    0.000000  
15.931593    -0.100738    0.000000    0.000000    -0.084203    0.000000    0.000000    6.304001    0.000000    0.000000  
15.941594    -0.101265    0.000000    0.000000    -0.020900    0.000000    0.000000    6.344096    0.000000    0.000000  
15.951595    -0.101172    0.000000    0.000000    0.042595    0.000000    0.000000    6.346504    0.000000    0.000000  
15.961596    -0.100461    0.000000    0.000000    0.105902    0.000000    0.000000    6.310691    0.000000    0.000000  
15.971597    -0.099130    0.000000    0.000000    0.168639    0.000000    0.000000    6.236123    0.000000    0.000000  
15.981598    -0.097179    0.000000    0.000000    0.230426    0.000000    0.000000    6.122264    0.000000    0.000000  
15.991599    -0.094607    0.000000    0.000000    0.290881    0.000000    0.000000    5.968580    0.000000    0.000000  
16.001600    -0.091414    0.000000    0.000000    0.349623    0.000000    0.000000    5.774539    0.000000    0.000000  
16.011601    -0.087611    0.000000    0.000000    0.406284    0.000000    0.000000    5.540404    0.000000    0.000000  
16.021602    -0.083231    0.000000    0.000000    0.460527    0.000000    0.000000    5.268432    0.000000    0.000000  
16.031603    -0.078316    0.000000    0.000000    0.512021    0.000000    0.000000    4.961184    0.000000    0.000000  
16.041604    -0.072904    0.000000    0.000000    0.560432    0.000000    0.000000    4.621222    0.000000    0.000000  
16.051605    -0.067035    0.000000    0.000000    0.605429    0.000000    0.000000    4.251106    0.000000    0.000000  
16.061606    -0.060748    0.000000    0.000000    0.646681    0.000000    0.000000    3.853399    0.000000    0.000000  
16.071607    -0.054083    0.000000    0.000000    0.683856    0.000000    0.000000    3.430661    0.000000    0.000000  
16.081608    -0.047079    0.000000    0.000000    0.716620    0.000000    0.000000    2.985455    0.000000    0.000000  
16.091609    -0.039776    0.000000    0.000000    0.744643    0.000000    0.000000    2.520341    0.000000    0.000000  
16.101610    -0.032214    0.000000    0.000000    0.767593    0.000000    0.000000    2.037883    0.000000    0.000000  
16.111611    -0.024435    0.000000    0.000000    0.785242    0.000000    0.000000    1.540961    0.000000    0.000000  
16.121612    -0.016492    0.000000    0.000000    0.797619    0.000000    0.000000    1.033253    0.000000    0.000000  
16.131613    -0.008440    0.000000    0.000000    0.804794    0.000000    0.000000    0.518556    0.000000    0.000000  
16.141614    -0.000332    0.000000    0.000000    0.806836    0.000000    0.000000    0.000670    0.000000    0.000000  
16.151615    0.007776    0.000000    0.000000    0.803813    0.000000    0.000000    -0.516607    0.000000    0.000000  
16.161616    0.015831    0.000000    0.000000    0.795796    0.000000    0.000000    -1.029476    0.000000    0.000000  
16.171617    0.023779    0.000000    0.000000    0.782854    0.000000    0.000000    -1.534140    0.000000    0.000000  
16.181618    0.031566    0.000000    0.000000    0.765055    0.000000    0.000000    -2.026799    0.000000    0.000000  
16.191619    0.039137    0.000000    0.000000    0.742468    0.000000    0.000000    -2.503654    0.000000    0.000000  
16.201620    0.046438    0.000000    0.000000    0.715164    0.000000    0.000000    -2.960910    0.000000    0.000000  
16.211621    0.053421    0.000000    0.000000    0.683273    0.000000    0.000000    -3.395409    0.000000    0.000000  
16.221622    0.060052    0.000000    0.000000    0.647074    0.000000    0.000000    -3.805583    0.000000    0.000000  
16.231623    0.066301    0.000000    0.000000    0.606873    0.000000    0.000000    -4.190107    0.000000    0.000000  
16.241624    0.072135    0.000000    0.000000    0.562974    0.000000    0.000000    -4.547655    0.000000    0.000000  
16.251625    0.077525    0.000000    0.000000    0.515681    0.000000    0.000000    -4.876902    0.000000    0.000000  
16.261626    0.082439    0.000000    0.000000    0.465297    0.000000    0.000000    -5.176523    0.000000    0.000000  
16.271627    0.086844    0.000000    0.000000    0.412127    0.000000    0.000000    -5.445191    0.000000    0.000000  
16.281628    0.090712    0.000000    0.000000    0.356475    0.000000    0.000000    -5.681583    0.000000    0.000000  
16.291629    0.094009    0.000000    0.000000    0.298646    0.000000    0.000000    -5.884372    0.000000    0.000000  
16.301630    0.096706    0.000000    0.000000    0.238942    0.000000    0.000000    -6.052233    0.000000    0.000000  
16.311631    0.098778    0.000000    0.000000    0.177691    0.000000    0.000000    -6.184061    0.000000    0.000000  
16.321632    0.100226    0.000000    0.000000    0.115273    0.000000    0.000000    -6.279296    0.000000    0.000000  
16.331633    0.101050    0.000000    0.000000    0.052075    0.000000    0.000000    -6.337456    0.000000    0.000000  
16.341634    0.101252    0.000000    0.000000    -0.011513    0.000000    0.000000    -6.358065    0.000000    0.000000  
16.351635    0.100833    0.000000    0.000000    -0.075103    0.000000    0.000000    -6.340642    0.000000    0.000000  
16.361636    0.099796    0.000000    0.000000    -0.138306    0.000000    0.000000    -6.284708    0.000000    0.000000  
16.371637    0.098141    0.000000    0.000000    -0.200734    0.000000    0.000000    -6.189785    0.000000    0.000000  
16.381638    0.095871    0.000000    0.000000    -0.261998    0.000000    0.000000    -6.055394    0.000000    0.000000  
16.391639    0.092987    0.000000    0.000000    -0.321711    0.000000    0.000000    -5.881056    0.000000    0.000000  
16.401640    0.089490    0.000000    0.000000    -0.379483    0.000000    0.000000    -5.666294    0.000000    0.000000  
16.411641    0.085394    0.000000    0.000000    -0.434944    0.000000    0.000000    -5.411493    0.000000    0.000000  
16.421642    0.080734    0.000000    0.000000    -0.487770    0.000000    0.000000    -5.119168    0.000000    0.000000  
16.431643    0.075553    0.000000    0.000000    -0.537644    0.000000    0.000000    -4.792156    0.000000    0.000000  
16.441644    0.069891    0.000000    0.000000    -0.584247    0.000000    0.000000    -4.433293    0.000000    0.000000  
16.451645    0.063791    0.000000    0.000000    -0.627263    0.000000    0.000000    -4.045418    0.000000    0.000000  
16.461646    0.057293    0.000000    0.000000    -0.666373    0.000000    0.000000    -3.631367    0.000000    0.000000  
16.471647    0.050439    0.000000    0.000000    -0.701260    0.000000    0.000000    -3.193978    0.000000    0.000000  
16.481648    0.043270    0.000000    0.000000    -0.731607    0.000000    0.000000    -2.736087    0.000000    0.000000  
16.491649    0.035827    0.000000    0.000000    -0.757096    0.000000    0.000000    -2.260531    0.000000    0.000000  
16.501650    0.028152    0.000000    0.000000    -0.777409    0.000000    0.000000    -1.770149    0.000000    0.000000  
16.511651    0.020290    0.000000    0.000000    -0.792338    0.000000    0.000000    -1.267990    0.000000    0.000000  
16.521652    0.012292    0.000000    0.000000    -0.801937    0.000000    0.000000    -0.757627    0.000000    0.000000  
16.531653    0.004213    0.000000    0.000000    -0.806302    0.000000    0.000000    -0.242710    0.000000    0.000000  
16.541654    -0.003893    0.000000    0.000000    -0.805528    0.000000    0.000000    0.273109    0.000000    0.000000  
16.551655    -0.011974    0.000000    0.000000    -0.799711    0.000000    0.000000    0.786179    0.000000    0.000000  
16.561656    -0.019974    0.000000    0.000000    -0.788947    0.000000    0.000000    1.292849    0.000000    0.000000  
16.571657    -0.027842    0.000000    0.000000    -0.773331    0.000000    0.000000    1.789467    0.000000    0.000000  
16.581658    -0.035522    0.000000    0.000000    -0.752959    0.000000    0.000000    2.272383    0.000000    0.000000  
16.591659    -0.042961    0.000000    0.000000    -0.727925    0.000000    0.000000    2.737945    0.000000    0.000000  
16.601660    -0.050105    0.000000    0.000000    -0.698327    0.000000    0.000000    3.182503    0.000000    0.000000  
16.611661    -0.056907    0.000000    0.000000    -0.664313    0.000000    0.000000    3.603059    0.000000    0.000000  
16.621662    -0.063336    0.000000    0.000000    -0.626166    0.000000    0.000000    3.998206    0.000000    0.000000  
16.631663    -0.069363    0.000000    0.000000    -0.584189    0.000000    0.000000    4.366780    0.000000    0.000000  
16.641664    -0.074958    0.000000    0.000000    -0.538685    0.000000    0.000000    4.707617    0.000000    0.000000  
16.651665    -0.080092    0.000000    0.000000    -0.489955    0.000000    0.000000    5.019551    0.000000    0.000000  
16.661666    -0.084737    0.000000    0.000000    -0.438304    0.000000    0.000000    5.301418    0.000000    0.000000  
16.671667    -0.088862    0.000000    0.000000    -0.384032    0.000000    0.000000    5.552054    0.000000    0.000000  
16.681668    -0.092440    0.000000    0.000000    -0.327444    0.000000    0.000000    5.770293    0.000000    0.000000  
16.691669    -0.095441    0.000000    0.000000    -0.268842    0.000000    0.000000    5.954971    0.000000    0.000000  
16.701670    -0.097835    0.000000    0.000000    -0.208528    0.000000    0.000000    6.104924    0.000000    0.000000  
16.711671    -0.099603    0.000000    0.000000    -0.146827    0.000000    0.000000    6.219158    0.000000    0.000000  
16.721672    -0.100743    0.000000    0.000000    -0.084123    0.000000    0.000000    6.297092    0.000000    0.000000  
16.731673    -0.101259    0.000000    0.000000    -0.020803    0.000000    0.000000    6.338212    0.000000    0.000000  
16.741674    -0.101154    0.000000    0.000000    0.042742    0.000000    0.000000    6.342001    0.000000    0.000000  
16.751675    -0.100429    0.000000    0.000000    0.106123    0.000000    0.000000    6.307943    0.000000    0.000000  
16.761676    -0.099089    0.000000    0.000000    0.168950    0.000000    0.000000    6.235521    0.000000    0.000000  
16.771677    -0.097136    0.000000    0.000000    0.230832    0.000000    0.000000    6.124219    0.000000    0.000000  
16.781678    -0.094573    0.000000    0.000000    0.291381    0.000000    0.000000    5.973521    0.000000    0.000000  
16.791679    -0.091402    0.000000    0.000000    0.350207    0.000000    0.000000    5.782910    0.000000    0.000000  
16.801680    -0.087626    0.000000    0.000000    0.406919    0.000000    0.000000    5.551873    0.000000    0.000000  
16.811681    -0.083259    0.000000    0.000000    0.461150    0.000000    0.000000    5.280829    0.000000    0.000000  
16.821682    -0.078340    0.000000    0.000000    0.512582    0.000000    0.000000    4.972471    0.000000    0.000000  
16.831683    -0.072913    0.000000    0.000000    0.560907    0.000000    0.000000    4.629833    0.000000    0.000000  
16.841684    -0.067021    0.000000    0.000000    0.605815    0.000000    0.000000    4.255951    0.000000    0.000000  
16.851685    -0.060706    0.000000    0.000000    0.646997    0.000000    0.000000    3.853858    0.000000    0.000000  
16.861686    -0.054012    0.000000    0.000000    0.684144    0.000000    0.000000    3.426590    0.000000    0.000000  
16.871687    -0.046984    0.000000    0.000000    0.716947    0.000000    0.000000    2.977181    0.000000    0.000000  
16.881688    -0.039662    0.000000    0.000000    0.745097    0.000000    0.000000    2.508665    0.000000    0.000000  
16.891689    -0.032092    0.000000    0.000000    0.768283    0.000000    0.000000    2.024076    0.000000    0.000000  
16.901690    -0.024316    0.000000    0.000000    0.786199    0.000000    0.000000    1.526451    0.000000    0.000000  
16.911691    -0.016380    0.000000    0.000000    0.798646    0.000000    0.000000    1.018969    0.000000    0.000000  
16.921692    -0.008337    0.000000    0.000000    0.805702    0.000000    0.000000    0.505165    0.000000    0.000000  
16.931693    -0.000239    0.000000    0.000000    0.807484    0.000000    0.000000    -0.011376    0.000000    0.000000  
16.941694    0.007861    0.000000    0.000000    0.804108    0.000000    0.000000    -0.527067    0.000000    0.000000  
16.951695    0.015909    0.000000    0.000000    0.795692    0.000000    0.000000    -1.038320    0.000000    0.000000  
16.961696    0.023852    0.000000    0.000000    0.782354    0.000000    0.000000    -1.541549    0.000000    0.000000  
16.971697    0.031638    0.000000    0.000000    0.764211    0.000000    0.000000    -2.033167    0.000000    0.000000  
16.981698    0.039212    0.000000    0.000000    0.741379    0.000000    0.000000    -2.509587    0.000000    0.000000  
16.991699    0.046522    0.000000    0.000000    0.713976    0.000000    0.000000    -2.967224    0.000000    0.000000  
17.001700    0.053516    0.000000    0.000000    0.682119    0.000000    0.000000    -3.402491    0.000000    0.000000  
17.011701    0.060145    0.000000    0.000000    0.645976    0.000000    0.000000    -3.812465    0.000000    0.000000  
17.021702    0.066381    0.000000    0.000000    0.605835    0.000000    0.000000    -4.195823    0.000000    0.000000  
17.031703    0.072196    0.000000    0.000000    0.562003    0.000000    0.000000    -4.551483    0.000000    0.000000  
17.041704    0.077562    0.000000    0.000000    0.514784    0.000000    0.000000    -4.878362    0.000000    0.000000  
17.051705    0.082450    0.000000    0.000000    0.464487    0.000000    0.000000    -5.175375    0.000000    0.000000  
17.061706    0.086834    0.000000    0.000000    0.411417    0.000000    0.000000    -5.441440    0.000000    0.000000  
17.071707    0.090686    0.000000    0.000000    0.355881    0.000000    0.000000    -5.675474    0.000000    0.000000  
17.081708    0.093977    0.000000    0.000000    0.298185    0.000000    0.000000    -5.876393    0.000000    0.000000  
17.091709    0.096681    0.000000    0.000000    0.238634    0.000000    0.000000    -6.043115    0.000000    0.000000  
17.101710    0.098770    0.000000    0.000000    0.177537    0.000000    0.000000    -6.174556    0.000000    0.000000  
17.111711    0.100224    0.000000    0.000000    0.115222    0.000000    0.000000    -6.269804    0.000000    0.000000  
17.121712    0.101045    0.000000    0.000000    0.052078    0.000000    0.000000    -6.328354    0.000000    0.000000  
17.131713    0.101238    0.000000    0.000000    -0.011500    0.000000    0.000000    -6.349764    0.000000    0.000000  
17.141714    0.100808    0.000000    0.000000    -0.075117    0.000000    0.000000    -6.333591    0.000000    0.000000  
17.151715    0.099760    0.000000    0.000000    -0.138374    0.000000    0.000000    -6.279392    0.000000    0.000000  
17.161716    0.098098    0.000000    0.000000    -0.200878    0.000000    0.000000    -6.186725    0.000000    0.000000  
17.171717    0.095827    0.000000    0.000000    -0.262232    0.000000    0.000000    -6.055147    0.000000    0.000000  
17.181718    0.092953    0.000000    0.000000    -0.322040    0.000000    0.000000    -5.884215    0.000000    0.000000  
17.191719    0.089480    0.000000    0.000000    -0.379906    0.000000    0.000000    -5.673486    0.000000    0.000000  
17.201720    0.085413    0.000000    0.000000    -0.435433    0.000000    0.000000    -5.422520    0.000000    0.000000  
17.211721    0.080768    0.000000    0.000000    -0.488255    0.000000    0.000000    -5.131866    0.000000    0.000000  
17.221722    0.075585    0.000000    0.000000    -0.538068    0.000000    0.000000    -4.804451    0.000000    0.000000  
17.231723    0.069910    0.000000    0.000000    -0.584582    0.000000    0.000000    -4.443560    0.000000    0.000000  
17.241724    0.063787    0.000000    0.000000    -0.627503    0.000000    0.000000    -4.052473    0.000000    0.000000  
17.251725    0.057263    0.000000    0.000000    -0.666539    0.000000    0.000000    -3.634474    0.000000    0.000000  
17.261726    0.050381    0.000000    0.000000    -0.701399    0.000000    0.000000    -3.192843    0.000000    0.000000  
17.271727    0.043186    0.000000    0.000000    -0.731791    0.000000    0.000000    -2.730864    0.000000    0.000000  
17.281728    0.035725    0.000000    0.000000    -0.757422    0.000000    0.000000    -2.251819    0.000000    0.000000  
17.291729    0.028042    0.000000    0.000000    -0.778000    0.000000    0.000000    -1.758989    0.000000    0.000000  
17.301730    0.020181    0.000000    0.000000    -0.793234    0.000000    0.000000    -1.255657    0.000000    0.000000  
17.311731    0.012190    0.000000    0.000000    -0.802947    0.000000    0.000000    -0.745141    0.000000    0.000000  
17.321732    0.004121    0.000000    0.000000    -0.807239    0.000000    0.000000    -0.230841    0.000000    0.000000  
17.331733    -0.003975    0.000000    0.000000    -0.806250    0.000000    0.000000    0.283827    0.000000    0.000000  
17.341734    -0.012045    0.000000    0.000000    -0.800122    0.000000    0.000000    0.795449    0.000000    0.000000  
17.351735    -0.020036    0.000000    0.000000    -0.788994    0.000000    0.000000    1.300611    0.000000    0.000000  
17.361736    -0.027897    0.000000    0.000000    -0.773008    0.000000    0.000000    1.795899    0.000000    0.000000  
17.371737    -0.035575    0.000000    0.000000    -0.752304    0.000000    0.000000    2.277898    0.000000    0.000000  
17.381738    -0.043018    0.000000    0.000000    -0.727023    0.000000    0.000000    2.743194    0.000000    0.000000  
17.391739    -0.050174    0.000000    0.000000    -0.697306    0.000000    0.000000    3.188372    0.000000    0.000000  
17.401740    -0.056989    0.000000    0.000000    -0.663294    0.000000    0.000000    3.610022    0.000000    0.000000  
17.411741    -0.063420    0.000000    0.000000    -0.625170    0.000000    0.000000    4.005382    0.000000    0.000000  
17.421742    -0.069438    0.000000    0.000000    -0.583225    0.000000    0.000000    4.373261    0.000000    0.000000  
17.431743    -0.075016    0.000000    0.000000    -0.537763    0.000000    0.000000    4.712697    0.000000    0.000000  
17.441744    -0.080130    0.000000    0.000000    -0.489088    0.000000    0.000000    5.022726    0.000000    0.000000  
17.451745    -0.084752    0.000000    0.000000    -0.437506    0.000000    0.000000    5.302388    0.000000    0.000000  
17.461746    -0.088858    0.000000    0.000000    -0.383320    0.000000    0.000000    5.550720    0.000000    0.000000  
17.471747    -0.092422    0.000000    0.000000    -0.326836    0.000000    0.000000    5.766759    0.000000    0.000000  
17.481748    -0.095417    0.000000    0.000000    -0.268358    0.000000    0.000000    5.949545    0.000000    0.000000  
17.491749    -0.097818    0.000000    0.000000    -0.208191    0.000000    0.000000    6.098113    0.000000    0.000000  
17.501750    -0.099599    0.000000    0.000000    -0.146640    0.000000    0.000000    6.211503    0.000000    0.000000  
17.511751    -0.100743    0.000000    0.000000    -0.084034    0.000000    0.000000    6.288893    0.000000    0.000000  
17.521752    -0.101253    0.000000    0.000000    -0.020761    0.000000    0.000000    6.329792    0.000000    0.000000  
17.531753    -0.101136    0.000000    0.000000    0.042780    0.000000    0.000000    6.333762    0.000000    0.000000  
17.541754    -0.100397    0.000000    0.000000    0.106193    0.000000    0.000000    6.300360    0.000000    0.000000  
17.551755    -0.099042    0.000000    0.000000    0.169079    0.000000    0.000000    6.229148    0.000000    0.000000  
17.561756    -0.097079    0.000000    0.000000    0.231041    0.000000    0.000000    6.119685    0.000000    0.000000  
17.571757    -0.094514    0.000000    0.000000    0.291682    0.000000    0.000000    5.971530    0.000000    0.000000  
17.581758    -0.091352    0.000000    0.000000    0.350605    0.000000    0.000000    5.784243    0.000000    0.000000  
17.591759    -0.087600    0.000000    0.000000    0.407411    0.000000    0.000000    5.557384    0.000000    0.000000  
17.601760    -0.083264    0.000000    0.000000    0.461704    0.000000    0.000000    5.290516    0.000000    0.000000  
17.611761    -0.078361    0.000000    0.000000    0.513116    0.000000    0.000000    4.984242    0.000000    0.000000  
17.621762    -0.072935    0.000000    0.000000    0.561358    0.000000    0.000000    4.641649    0.000000    0.000000  
17.631763    -0.067032    0.000000    0.000000    0.606149    0.000000    0.000000    4.266185    0.000000    0.000000  
17.641764    -0.060698    0.000000    0.000000    0.647207    0.000000    0.000000    3.861298    0.000000    0.000000  
17.651765    -0.053980    0.000000    0.000000    0.684253    0.000000    0.000000    3.430438    0.000000    0.000000  
17.661766    -0.046926    0.000000    0.000000    0.717006    0.000000    0.000000    2.977054    0.000000    0.000000  
17.671767    -0.039581    0.000000    0.000000    0.745186    0.000000    0.000000    2.504594    0.000000    0.000000  
17.681768    -0.031992    0.000000    0.000000    0.768511    0.000000    0.000000    2.016506    0.000000    0.000000  
17.691769    -0.024206    0.000000    0.000000    0.786703    0.000000    0.000000    1.516240    0.000000    0.000000  
17.701770    -0.016269    0.000000    0.000000    0.799479    0.000000    0.000000    1.007244    0.000000    0.000000  
17.711771    -0.008230    0.000000    0.000000    0.806680    0.000000    0.000000    0.492942    0.000000    0.000000  
17.721772    -0.000140    0.000000    0.000000    0.808422    0.000000    0.000000    -0.023307    0.000000    0.000000  
17.731773    0.007950    0.000000    0.000000    0.804866    0.000000    0.000000    -0.538148    0.000000    0.000000  
17.741774    0.015988    0.000000    0.000000    0.796171    0.000000    0.000000    -1.048231    0.000000    0.000000  
17.751775    0.023923    0.000000    0.000000    0.782495    0.000000    0.000000    -1.550202    0.000000    0.000000  
17.761776    0.031702    0.000000    0.000000    0.764000    0.000000    0.000000    -2.040709    0.000000    0.000000  
17.771777    0.039275    0.000000    0.000000    0.740844    0.000000    0.000000    -2.516400    0.000000    0.000000  
17.781778    0.046590    0.000000    0.000000    0.713186    0.000000    0.000000    -2.973922    0.000000    0.000000  
17.791779    0.053595    0.000000    0.000000    0.681186    0.000000    0.000000    -3.409923    0.000000    0.000000  
17.801780    0.060238    0.000000    0.000000    0.645003    0.000000    0.000000    -3.821054    0.000000    0.000000  
17.811781    0.066475    0.000000    0.000000    0.604839    0.000000    0.000000    -4.204628    0.000000    0.000000  
17.821782    0.072281    0.000000    0.000000    0.560988    0.000000    0.000000    -4.559538    0.000000    0.000000  
17.831783    0.077628    0.000000    0.000000    0.513763    0.000000    0.000000    -4.884905    0.000000    0.000000  
17.841784    0.082495    0.000000    0.000000    0.463474    0.000000    0.000000    -5.179850    0.000000    0.000000  
17.851785    0.086856    0.000000    0.000000    0.410432    0.000000    0.000000    -5.443496    0.000000    0.000000  
17.861786    0.090686    0.000000    0.000000    0.354947    0.000000    0.000000    -5.674962    0.000000    0.000000  
17.871787    0.093962    0.000000    0.000000    0.297330    0.000000    0.000000    -5.873371    0.000000    0.000000  
17.881788    0.096659    0.000000    0.000000    0.237893    0.000000    0.000000    -6.037844    0.000000    0.000000  
17.891789    0.098753    0.000000    0.000000    0.176945    0.000000    0.000000    -6.167501    0.000000    0.000000  
17.901790    0.100219    0.000000    0.000000    0.114798    0.000000    0.000000    -6.261466    0.000000    0.000000  
17.911791    0.101041    0.000000    0.000000    0.051786    0.000000    0.000000    -6.319004    0.000000    0.000000  
17.921792    0.101226    0.000000    0.000000    -0.011699    0.000000    0.000000    -6.339728    0.000000    0.000000  
17.931793    0.100781    0.000000    0.000000    -0.075257    0.000000    0.000000    -6.323299    0.000000    0.000000  
17.941794    0.099716    0.000000    0.000000    -0.138490    0.000000    0.000000    -6.269378    0.000000    0.000000  
17.951795    0.098038    0.000000    0.000000    -0.200997    0.000000    0.000000    -6.177627    0.000000    0.000000  
17.961796    0.095756    0.000000    0.000000    -0.262378    0.000000    0.000000    -6.047707    0.000000    0.000000  
17.971797    0.092878    0.000000    0.000000    -0.322235    0.000000    0.000000    -5.879280    0.000000    0.000000  
17.981798    0.089414    0.000000    0.000000    -0.380167    0.000000    0.000000    -5.672006    0.000000    0.000000  
17.991799    0.085371    0.000000    0.000000    -0.435775    0.000000    0.000000    -5.425547    0.000000    0.000000  
18.001800    0.080758    0.000000    0.000000    -0.488659    0.000000    0.000000    -5.139569    0.000000    0.000000  
18.011801    0.075594    0.000000    0.000000    -0.538457    0.000000    0.000000    -4.814815    0.000000    0.000000  
18.021802    0.069923    0.000000    0.000000    -0.584894    0.000000    0.000000    -4.454577    0.000000    0.000000  
18.031803    0.063795    0.000000    0.000000    -0.627704    0.000000    0.000000    -4.062511    0.000000    0.000000  
18.041804    0.057255    0.000000    0.000000    -0.666626    0.000000    0.000000    -3.642277    0.000000    0.000000  
18.051805    0.050354    0.000000    0.000000    -0.701397    0.000000    0.000000    -3.197533    0.000000    0.000000  
18.061806    0.043138    0.000000    0.000000    -0.731752    0.000000    0.000000    -2.731935    0.000000    0.000000  
18.071807    0.035655    0.000000    0.000000    -0.757428    0.000000    0.000000    -2.249143    0.000000    0.000000  
18.081808    0.027955    0.000000    0.000000    -0.778163    0.000000    0.000000    -1.752815    0.000000    0.000000  
18.091809    0.020083    0.000000    0.000000    -0.793694    0.000000    0.000000    -1.246608    0.000000    0.000000  
18.101810    0.012090    0.000000    0.000000    -0.803756    0.000000    0.000000    -0.734180    0.000000    0.000000  
18.111811    0.004023    0.000000    0.000000    -0.808208    0.000000    0.000000    -0.219056    0.000000    0.000000  
18.121812    -0.004067    0.000000    0.000000    -0.807192    0.000000    0.000000    0.295545    0.000000    0.000000  
18.131813    -0.012129    0.000000    0.000000    -0.800891    0.000000    0.000000    0.806453    0.000000    0.000000  
18.141814    -0.020112    0.000000    0.000000    -0.789486    0.000000    0.000000    1.310496    0.000000    0.000000  
18.151815    -0.027966    0.000000    0.000000    -0.773161    0.000000    0.000000    1.804500    0.000000    0.000000  
18.161816    -0.035640    0.000000    0.000000    -0.752098    0.000000    0.000000    2.285295    0.000000    0.000000  
18.171817    -0.043083    0.000000    0.000000    -0.726480    0.000000    0.000000    2.749708    0.000000    0.000000  
18.181818    -0.050244    0.000000    0.000000    -0.696488    0.000000    0.000000    3.194567    0.000000    0.000000  
18.191819    -0.057072    0.000000    0.000000    -0.662307    0.000000    0.000000    3.616701    0.000000    0.000000  
18.201820    -0.063517    0.000000    0.000000    -0.624118    0.000000    0.000000    4.012939    0.000000    0.000000  
18.211821    -0.069535    0.000000    0.000000    -0.582138    0.000000    0.000000    4.380766    0.000000    0.000000  
18.221822    -0.075102    0.000000    0.000000    -0.536662    0.000000    0.000000    4.719202    0.000000    0.000000  
18.231823    -0.080195    0.000000    0.000000    -0.487998    0.000000    0.000000    5.027488    0.000000    0.000000  
18.241824    -0.084793    0.000000    0.000000    -0.436452    0.000000    0.000000    5.304865    0.000000    0.000000  
18.251825    -0.088872    0.000000    0.000000    -0.382332    0.000000    0.000000    5.550571    0.000000    0.000000  
18.261826    -0.092412    0.000000    0.000000    -0.325943    0.000000    0.000000    5.763848    0.000000    0.000000  
18.271827    -0.095389    0.000000    0.000000    -0.267594    0.000000    0.000000    5.943935    0.000000    0.000000  
18.281828    -0.097782    0.000000    0.000000    -0.207591    0.000000    0.000000    6.090074    0.000000    0.000000  
18.291829    -0.099567    0.000000    0.000000    -0.146241    0.000000    0.000000    6.201505    0.000000    0.000000  
18.301830    -0.100724    0.000000    0.000000    -0.083850    0.000000    0.000000    6.277467    0.000000    0.000000  
18.311831    -0.101238    0.000000    0.000000    -0.020753    0.000000    0.000000    6.317318    0.000000    0.000000  
18.321832    -0.101116    0.000000    0.000000    0.042660    0.000000    0.000000    6.320682    0.000000    0.000000  
18.331833    -0.100367    0.000000    0.000000    0.105988    0.000000    0.000000    6.287224    0.000000    0.000000  
18.341834    -0.099002    0.000000    0.000000    0.168829    0.000000    0.000000    6.216608    0.000000    0.000000  
18.351835    -0.097030    0.000000    0.000000    0.230782    0.000000    0.000000    6.108498    0.000000    0.000000  
18.361836    -0.094460    0.000000    0.000000    0.291448    0.000000    0.000000    5.962558    0.000000    0.000000  
18.371837    -0.091302    0.000000    0.000000    0.350425    0.000000    0.000000    5.778452    0.000000    0.000000  
18.381838    -0.087565    0.000000    0.000000    0.407312    0.000000    0.000000    5.555845    0.000000    0.000000  
18.391839    -0.083260    0.000000    0.000000    0.461709    0.000000    0.000000    5.294400    0.000000    0.000000  
18.401840    -0.078395    0.000000    0.000000    0.513215    0.000000    0.000000    4.993785    0.000000    0.000000  
18.411841    -0.072991    0.000000    0.000000    0.561470    0.000000    0.000000    4.654797    0.000000    0.000000  
18.421842    -0.067094    0.000000    0.000000    0.606211    0.000000    0.000000    4.280862    0.000000    0.000000  
18.431843    -0.060755    0.000000    0.000000    0.647187    0.000000    0.000000    3.875779    0.000000    0.000000  
18.441844    -0.054023    0.000000    0.000000    0.684147    0.000000    0.000000    3.443349    0.000000    0.000000  
18.451845    -0.046947    0.000000    0.000000    0.716842    0.000000    0.000000    2.987374    0.000000    0.000000  
18.461846    -0.039578    0.000000    0.000000    0.745020    0.000000    0.000000    2.511653    0.000000    0.000000  
18.471847    -0.031965    0.000000    0.000000    0.768433    0.000000    0.000000    2.019987    0.000000    0.000000  
18.481848    -0.024158    0.000000    0.000000    0.786828    0.000000    0.000000    1.516177    0.000000    0.000000  
18.491849    -0.016207    0.000000    0.000000    0.799956    0.000000    0.000000    1.004023    0.000000    0.000000  
18.501850    -0.008162    0.000000    0.000000    0.807568    0.000000    0.000000    0.487325    0.000000    0.000000  
18.511851    -0.000072    0.000000    0.000000    0.809535    0.000000    0.000000    -0.030304    0.000000    0.000000  
18.521852    0.008012    0.000000    0.000000    0.806015    0.000000    0.000000    -0.545689    0.000000    0.000000  
18.531853    0.016042    0.000000    0.000000    0.797209    0.000000    0.000000    -1.055714    0.000000    0.000000  
18.541854    0.023967    0.000000    0.000000    0.783313    0.000000    0.000000    -1.557264    0.000000    0.000000  
18.551855    0.031738    0.000000    0.000000    0.764527    0.000000    0.000000    -2.047226    0.000000    0.000000  
18.561856    0.039306    0.000000    0.000000    0.741048    0.000000    0.000000    -2.522484    0.000000    0.000000  
18.571857    0.046619    0.000000    0.000000    0.713077    0.000000    0.000000    -2.979924    0.000000    0.000000  
18.581858    0.053630    0.000000    0.000000    0.680810    0.000000    0.000000    -3.416432    0.000000    0.000000  
18.591859    0.060287    0.000000    0.000000    0.644448    0.000000    0.000000    -3.828892    0.000000    0.000000  
18.601860    0.066542    0.000000    0.000000    0.604188    0.000000    0.000000    -4.214193    0.000000    0.000000  
18.611861    0.072352    0.000000    0.000000    0.560261    0.000000    0.000000    -4.569883    0.000000    0.000000  
18.621862    0.077695    0.000000    0.000000    0.512971    0.000000    0.000000    -4.895041    0.000000    0.000000  
18.631863    0.082548    0.000000    0.000000    0.462635    0.000000    0.000000    -5.188962    0.000000    0.000000  
18.641864    0.086890    0.000000    0.000000    0.409566    0.000000    0.000000    -5.450944    0.000000    0.000000  
18.651865    0.090701    0.000000    0.000000    0.354080    0.000000    0.000000    -5.680282    0.000000    0.000000  
18.661866    0.093959    0.000000    0.000000    0.296492    0.000000    0.000000    -5.876273    0.000000    0.000000  
18.671867    0.096643    0.000000    0.000000    0.237117    0.000000    0.000000    -6.038212    0.000000    0.000000  
18.681868    0.098732    0.000000    0.000000    0.176271    0.000000    0.000000    -6.165395    0.000000    0.000000  
18.691869    0.100205    0.000000    0.000000    0.114267    0.000000    0.000000    -6.257118    0.000000    0.000000  
18.701870    0.101040    0.000000    0.000000    0.051422    0.000000    0.000000    -6.312679    0.000000    0.000000  
18.711871    0.101226    0.000000    0.000000    -0.011926    0.000000    0.000000    -6.331523    0.000000    0.000000  
18.721872    0.100772    0.000000    0.000000    -0.075382    0.000000    0.000000    -6.313440    0.000000    0.000000  
18.731873    0.099691    0.000000    0.000000    -0.138546    0.000000    0.000000    -6.258271    0.000000    0.000000  
18.741874    0.097994    0.000000    0.000000    -0.201016    0.000000    0.000000    -6.165854    0.000000    0.000000  
18.751875    0.095693    0.000000    0.000000    -0.262389    0.000000    0.000000    -6.036029    0.000000    0.000000  
18.761876    0.092803    0.000000    0.000000    -0.322265    0.000000    0.000000    -5.868636    0.000000    0.000000  
18.771877    0.089334    0.000000    0.000000    -0.380242    0.000000    0.000000    -5.663514    0.000000    0.000000  
18.781878    0.085299    0.000000    0.000000    -0.435918    0.000000    0.000000    -5.420503    0.000000    0.000000  
18.791879    0.080710    0.000000    0.000000    -0.488892    0.000000    0.000000    -5.139441    0.000000    0.000000  
18.801880    0.075580    0.000000    0.000000    -0.538762    0.000000    0.000000    -4.820174    0.000000    0.000000  
18.811881    0.069931    0.000000    0.000000    -0.585175    0.000000    0.000000    -4.463672    0.000000    0.000000  
18.821882    0.063812    0.000000    0.000000    -0.627886    0.000000    0.000000    -4.073511    0.000000    0.000000  
18.831883    0.057271    0.000000    0.000000    -0.666667    0.000000    0.000000    -3.653630    0.000000    0.000000  
18.841884    0.050360    0.000000    0.000000    -0.701289    0.000000    0.000000    -3.207970    0.000000    0.000000  
18.851885    0.043130    0.000000    0.000000    -0.731523    0.000000    0.000000    -2.740470    0.000000    0.000000  
18.861886    0.035630    0.000000    0.000000    -0.757142    0.000000    0.000000    -2.255072    0.000000    0.000000  
18.871887    0.027911    0.000000    0.000000    -0.777915    0.000000    0.000000    -1.755715    0.000000    0.000000  
18.881888    0.020024    0.000000    0.000000    -0.793616    0.000000    0.000000    -1.246340    0.000000    0.000000  
18.891889    0.012019    0.000000    0.000000    -0.804015    0.000000    0.000000    -0.730886    0.000000    0.000000  
18.901890    0.003947    0.000000    0.000000    -0.808884    0.000000    0.000000    -0.213294    0.000000    0.000000  
18.911891    -0.004142    0.000000    0.000000    -0.808117    0.000000    0.000000    0.302776    0.000000    0.000000  
18.921892    -0.012200    0.000000    0.000000    -0.801892    0.000000    0.000000    0.814304    0.000000    0.000000  
18.931893    -0.020176    0.000000    0.000000    -0.790424    0.000000    0.000000    1.318358    0.000000    0.000000  
18.941894    -0.028022    0.000000    0.000000    -0.773929    0.000000    0.000000    1.812007    0.000000    0.000000  
18.951895    -0.035690    0.000000    0.000000    -0.752623    0.000000    0.000000    2.292319    0.000000    0.000000  
18.961896    -0.043129    0.000000    0.000000    -0.726724    0.000000    0.000000    2.756364    0.000000    0.000000  
18.971897    -0.050292    0.000000    0.000000    -0.696446    0.000000    0.000000    3.201211    0.000000    0.000000  
18.981898    -0.057128    0.000000    0.000000    -0.662006    0.000000    0.000000    3.623928    0.000000    0.000000  
18.991899    -0.063590    0.000000    0.000000    -0.623620    0.000000    0.000000    4.021584    0.000000    0.000000  
19.001900    -0.069628    0.000000    0.000000    -0.581504    0.000000    0.000000    4.391251    0.000000    0.000000  
19.011901    -0.075201    0.000000    0.000000    -0.535901    0.000000    0.000000    4.730640    0.000000    0.000000  
19.021902    -0.080288    0.000000    0.000000    -0.487118    0.000000    0.000000    5.038929    0.000000    0.000000  
19.031903    -0.084871    0.000000    0.000000    -0.435468    0.000000    0.000000    5.315503    0.000000    0.000000  
19.041904    -0.088929    0.000000    0.000000    -0.381265    0.000000    0.000000    5.559744    0.000000    0.000000  
19.051905    -0.092445    0.000000    0.000000    -0.324823    0.000000    0.000000    5.771036    0.000000    0.000000  
19.061906    -0.095400    0.000000    0.000000    -0.266456    0.000000    0.000000    5.948764    0.000000    0.000000  
19.071907    -0.097774    0.000000    0.000000    -0.206479    0.000000    0.000000    6.092310    0.000000    0.000000  
19.081908    -0.099550    0.000000    0.000000    -0.145206    0.000000    0.000000    6.201059    0.000000    0.000000  
19.091909    -0.100707    0.000000    0.000000    -0.082950    0.000000    0.000000    6.274393    0.000000    0.000000  
19.101910    -0.101228    0.000000    0.000000    -0.020026    0.000000    0.000000    6.311698    0.000000    0.000000  
19.111911    -0.101102    0.000000    0.000000    0.043229    0.000000    0.000000    6.312497    0.000000    0.000000  
19.121912    -0.100340    0.000000    0.000000    0.106421    0.000000    0.000000    6.276631    0.000000    0.000000  
19.131913    -0.098955    0.000000    0.000000    0.169151    0.000000    0.000000    6.203985    0.000000    0.000000  
19.141914    -0.096961    0.000000    0.000000    0.231020    0.000000    0.000000    6.094447    0.000000    0.000000  
19.151915    -0.094372    0.000000    0.000000    0.291627    0.000000    0.000000    5.947901    0.000000    0.000000  
19.161916    -0.091200    0.000000    0.000000    0.350573    0.000000    0.000000    5.764233    0.000000    0.000000  
19.171917    -0.087459    0.000000    0.000000    0.407457    0.000000    0.000000    5.543330    0.000000    0.000000  
19.181918    -0.083162    0.000000    0.000000    0.461881    0.000000    0.000000    5.285077    0.000000    0.000000  
19.191919    -0.078324    0.000000    0.000000    0.513444    0.000000    0.000000    4.989359    0.000000    0.000000  
19.201920    -0.072957    0.000000    0.000000    0.561747    0.000000    0.000000    4.656068    0.000000    0.000000  
19.211921    -0.067085    0.000000    0.000000    0.606441    0.000000    0.000000    4.286249    0.000000    0.000000  
19.221922    -0.060757    0.000000    0.000000    0.647296    0.000000    0.000000    3.883579    0.000000    0.000000  
19.231923    -0.054026    0.000000    0.000000    0.684095    0.000000    0.000000    3.452101    0.000000    0.000000  
19.241924    -0.046944    0.000000    0.000000    0.716624    0.000000    0.000000    2.995860    0.000000    0.000000  
19.251925    -0.039561    0.000000    0.000000    0.744668    0.000000    0.000000    2.518898    0.000000    0.000000  
19.261926    -0.031932    0.000000    0.000000    0.768011    0.000000    0.000000    2.025259    0.000000    0.000000  
19.271927    -0.024107    0.000000    0.000000    0.786439    0.000000    0.000000    1.518988    0.000000    0.000000  
19.281928    -0.016139    0.000000    0.000000    0.799737    0.000000    0.000000    1.004126    0.000000    0.000000  
19.291929    -0.008081    0.000000    0.000000    0.807689    0.000000    0.000000    0.484717    0.000000    0.000000  
19.301930    0.000017    0.000000    0.000000    0.810081    0.000000    0.000000    -0.035195    0.000000    0.000000  
19.311931    0.008103    0.000000    0.000000    0.806822    0.000000    0.000000    -0.551896    0.000000    0.000000  
19.321932    0.016129    0.000000    0.000000    0.798105    0.000000    0.000000    -1.062412    0.000000    0.000000  
19.331933    0.024047    0.000000    0.000000    0.784161    0.000000    0.000000    -1.563872    0.000000    0.000000  
19.341934    0.031809    0.000000    0.000000    0.765221    0.000000    0.000000    -2.053406    0.000000    0.000000  
19.351935    0.039369    0.000000    0.000000    0.741516    0.000000    0.000000    -2.528141    0.000000    0.000000  
19.361936    0.046677    0.000000    0.000000    0.713277    0.000000    0.000000    -2.985209    0.000000    0.000000  
19.371937    0.053687    0.000000    0.000000    0.680736    0.000000    0.000000    -3.421737    0.000000    0.000000  
19.381938    0.060350    0.000000    0.000000    0.644124    0.000000    0.000000    -3.834855    0.000000    0.000000  
19.391939    0.066619    0.000000    0.000000    0.603672    0.000000    0.000000    -4.221692    0.000000    0.000000  
19.401940    0.072447    0.000000    0.000000    0.559611    0.000000    0.000000    -4.579379    0.000000    0.000000  
19.411941    0.077794    0.000000    0.000000    0.512199    0.000000    0.000000    -4.905691    0.000000    0.000000  
19.421942    0.082639    0.000000    0.000000    0.461747    0.000000    0.000000    -5.199853    0.000000    0.000000  
19.431943    0.086965    0.000000    0.000000    0.408579    0.000000    0.000000    -5.461292    0.000000    0.000000  
19.441944    0.090754    0.000000    0.000000    0.353016    0.000000    0.000000    -5.689436    0.000000    0.000000  
19.451945    0.093989    0.000000    0.000000    0.295379    0.000000    0.000000    -5.883712    0.000000    0.000000  
19.461946    0.096651    0.000000    0.000000    0.235989    0.000000    0.000000    -6.043547    0.000000    0.000000  
19.471947    0.098723    0.000000    0.000000    0.175169    0.000000    0.000000    -6.168368    0.000000    0.000000  
19.481948    0.100188    0.000000    0.000000    0.113240    0.000000    0.000000    -6.257603    0.000000    0.000000  
19.491949    0.101027    0.000000    0.000000    0.050524    0.000000    0.000000    -6.310678    0.000000    0.000000  
19.501950    0.101223    0.000000    0.000000    -0.012658    0.000000    0.000000    -6.327021    0.000000    0.000000  
19.511951    0.100767    0.000000    0.000000    -0.075962    0.000000    0.000000    -6.306249    0.000000    0.000000  
19.521952    0.099674    0.000000    0.000000    -0.138996    0.000000    0.000000    -6.248403    0.000000    0.000000  
19.531953    0.097958    0.000000    0.000000    -0.201359    0.000000    0.000000    -6.153583    0.000000    0.000000  
19.541954    0.095637    0.000000    0.000000    -0.262650    0.000000    0.000000    -6.021889    0.000000    0.000000  
19.551955    0.092726    0.000000    0.000000    -0.322471    0.000000    0.000000    -5.853421    0.000000    0.000000  
19.561956    0.089242    0.000000    0.000000    -0.380422    0.000000    0.000000    -5.648279    0.000000    0.000000  
19.571957    0.085200    0.000000    0.000000    -0.436101    0.000000    0.000000    -5.406562    0.000000    0.000000  
19.581958    0.080618    0.000000    0.000000    -0.489110    0.000000    0.000000    -5.128371    0.000000    0.000000  
19.591959    0.075511    0.000000    0.000000    -0.539049    0.000000    0.000000    -4.813805    0.000000    0.000000  
19.601960    0.069896    0.000000    0.000000    -0.585517    0.000000    0.000000    -4.462970    0.000000    0.000000  
19.611961    0.063798    0.000000    0.000000    -0.628174    0.000000    0.000000    -4.077100    0.000000    0.000000  
19.621962    0.057268    0.000000    0.000000    -0.666813    0.000000    0.000000    -3.659978    0.000000    0.000000  
19.631963    0.050358    0.000000    0.000000    -0.701243    0.000000    0.000000    -3.215736    0.000000    0.000000  
19.641964    0.043121    0.000000    0.000000    -0.731275    0.000000    0.000000    -2.748506    0.000000    0.000000  
19.651965    0.035609    0.000000    0.000000    -0.756719    0.000000    0.000000    -2.262421    0.000000    0.000000  
19.661966    0.027875    0.000000    0.000000    -0.777386    0.000000    0.000000    -1.761612    0.000000    0.000000  
19.671967    0.019972    0.000000    0.000000    -0.793087    0.000000    0.000000    -1.250212    0.000000    0.000000  
19.681968    0.011952    0.000000    0.000000    -0.803631    0.000000    0.000000    -0.732352    0.000000    0.000000  
19.691969    0.003867    0.000000    0.000000    -0.808829    0.000000    0.000000    -0.212166    0.000000    0.000000  
19.701970    -0.004228    0.000000    0.000000    -0.808491    0.000000    0.000000    0.306217    0.000000    0.000000  
19.711971    -0.012284    0.000000    0.000000    -0.802552    0.000000    0.000000    0.819076    0.000000    0.000000  
19.721972    -0.020254    0.000000    0.000000    -0.791216    0.000000    0.000000    1.323611    0.000000    0.000000  
19.731973    -0.028090    0.000000    0.000000    -0.774727    0.000000    0.000000    1.817147    0.000000    0.000000  
19.741974    -0.035746    0.000000    0.000000    -0.753328    0.000000    0.000000    2.297011    0.000000    0.000000  
19.751975    -0.043175    0.000000    0.000000    -0.727263    0.000000    0.000000    2.760529    0.000000    0.000000  
19.761976    -0.050330    0.000000    0.000000    -0.696776    0.000000    0.000000    3.205027    0.000000    0.000000  
19.771977    -0.057166    0.000000    0.000000    -0.662110    0.000000    0.000000    3.627830    0.000000    0.000000  
19.781978    -0.063634    0.000000    0.000000    -0.623508    0.000000    0.000000    4.026264    0.000000    0.000000  
19.791979    -0.069689    0.000000    0.000000    -0.581214    0.000000    0.000000    4.397656    0.000000    0.000000  
19.801980    -0.075284    0.000000    0.000000    -0.535472    0.000000    0.000000    4.739334    0.000000    0.000000  
19.811981    -0.080380    0.000000    0.000000    -0.486547    0.000000    0.000000    5.049228    0.000000    0.000000  
19.821982    -0.084960    0.000000    0.000000    -0.434755    0.000000    0.000000    5.326620    0.000000    0.000000  
19.831983    -0.089008    0.000000    0.000000    -0.380418    0.000000    0.000000    5.570972    0.000000    0.000000  
19.841984    -0.092508    0.000000    0.000000    -0.323859    0.000000    0.000000    5.781749    0.000000    0.000000  
19.851985    -0.095443    0.000000    0.000000    -0.265402    0.000000    0.000000    5.958415    0.000000    0.000000  
19.861986    -0.097800    0.000000    0.000000    -0.205367    0.000000    0.000000    6.100435    0.000000    0.000000  
19.871987    -0.099561    0.000000    0.000000    -0.144078    0.000000    0.000000    6.207272    0.000000    0.000000  
19.881988    -0.100710    0.000000    0.000000    -0.081857    0.000000    0.000000    6.278390    0.000000    0.000000  
19.891989    -0.101234    0.000000    0.000000    -0.019028    0.000000    0.000000    6.313255    0.000000    0.000000  
19.901990    -0.101114    0.000000    0.000000    0.044089    0.000000    0.000000    6.311330    0.000000    0.000000  
19.911991    -0.100346    0.000000    0.000000    0.107148    0.000000    0.000000    6.272291    0.000000    0.000000  
19.921992    -0.098944    0.000000    0.000000    0.169759    0.000000    0.000000    6.196282    0.000000    0.000000  
19.931993    -0.096926    0.000000    0.000000    0.231526    0.000000    0.000000    6.083508    0.000000    0.000000  
19.941994    -0.094309    0.000000    0.000000    0.292050    0.000000    0.000000    5.934179    0.000000    0.000000  
19.951995    -0.091111    0.000000    0.000000    0.350934    0.000000    0.000000    5.748500    0.000000    0.000000  
19.961996    -0.087349    0.000000    0.000000    0.407783    0.000000    0.000000    5.526680    0.000000    0.000000  
19.971997    -0.083042    0.000000    0.000000    0.462197    0.000000    0.000000    5.268925    0.000000    0.000000  
19.981998    -0.078208    0.000000    0.000000    0.513781    0.000000    0.000000    4.975443    0.000000    0.000000  
19.991999    -0.072862    0.000000    0.000000    0.562137    0.000000    0.000000    4.646441    0.000000    0.000000  
20.002000    -0.067025    0.000000    0.000000    0.606868    0.000000    0.000000    4.282131    0.000000    0.000000  
20.012001    -0.060722    0.000000    0.000000    0.647641    0.000000    0.000000    3.883851    0.000000    0.000000  
20.022002    -0.054006    0.000000    0.000000    0.684263    0.000000    0.000000    3.455445    0.000000    0.000000  
20.032003    -0.046929    0.000000    0.000000    0.716561    0.000000    0.000000    3.001098    0.000000    0.000000  
20.042004    -0.039546    0.000000    0.000000    0.744362    0.000000    0.000000    2.524994    0.000000    0.000000  
20.052005    -0.031909    0.000000    0.000000    0.767492    0.000000    0.000000    2.031318    0.000000    0.000000  
20.062006    -0.024074    0.000000    0.000000    0.785778    0.000000    0.000000    1.524255    0.000000    0.000000  
20.072007    -0.016094    0.000000    0.000000    0.799047    0.000000    0.000000    1.007988    0.000000    0.000000  
20.082008    -0.008022    0.000000    0.000000    0.807125    0.000000    0.000000    0.486702    0.000000    0.000000  
20.092009    0.000088    0.000000    0.000000    0.809840    0.000000    0.000000    -0.035417    0.000000    0.000000  
20.102010    0.008183    0.000000    0.000000    0.807018    0.000000    0.000000    -0.554189    0.000000    0.000000  
20.112011    0.016209    0.000000    0.000000    0.798609    0.000000    0.000000    -1.065872    0.000000    0.000000  
20.122012    0.024123    0.000000    0.000000    0.784830    0.000000    0.000000    -1.567713    0.000000    0.000000  
20.132013    0.031877    0.000000    0.000000    0.765938    0.000000    0.000000    -2.057088    0.000000    0.000000  
20.142014    0.039427    0.000000    0.000000    0.742186    0.000000    0.000000    -2.531377    0.000000    0.000000  
20.152015    0.046727    0.000000    0.000000    0.713830    0.000000    0.000000    -2.987956    0.000000    0.000000  
20.162016    0.053732    0.000000    0.000000    0.681126    0.000000    0.000000    -3.424203    0.000000    0.000000  
20.172017    0.060395    0.000000    0.000000    0.644328    0.000000    0.000000    -3.837498    0.000000    0.000000  
20.182018    0.066672    0.000000    0.000000    0.603692    0.000000    0.000000    -4.225216    0.000000    0.000000  
20.192019    0.072517    0.000000    0.000000    0.559472    0.000000    0.000000    -4.584737    0.000000    0.000000  
20.202020    0.077885    0.000000    0.000000    0.511924    0.000000    0.000000    -4.913440    0.000000    0.000000  
20.212021    0.082739    0.000000    0.000000    0.461325    0.000000    0.000000    -5.209313    0.000000    0.000000  
20.222022    0.087061    0.000000    0.000000    0.408000    0.000000    0.000000    -5.471684    0.000000    0.000000  
20.232023    0.090838    0.000000    0.000000    0.352282    0.000000    0.000000    -5.700064    0.000000    0.000000  
20.242024    0.094055    0.000000    0.000000    0.294502    0.000000    0.000000    -5.893962    0.000000    0.000000  
20.252025    0.096697    0.000000    0.000000    0.234994    0.000000    0.000000    -6.052889    0.000000    0.000000  
20.262026    0.098750    0.000000    0.000000    0.174088    0.000000    0.000000    -6.176354    0.000000    0.000000  
20.272027    0.100201    0.000000    0.000000    0.112118    0.000000    0.000000    -6.263867    0.000000    0.000000  
20.282028    0.101033    0.000000    0.000000    0.049415    0.000000    0.000000    -6.314940    0.000000    0.000000  
20.292029    0.101233    0.000000    0.000000    -0.013689    0.000000    0.000000    -6.329080    0.000000    0.000000  
20.302030    0.100787    0.000000    0.000000    -0.076861    0.000000    0.000000    -6.305801    0.000000    0.000000  
20.312031    0.099690    0.000000    0.000000    -0.139751    0.000000    0.000000    -6.244877    0.000000    0.000000  
20.322032    0.097959    0.000000    0.000000    -0.201972    0.000000    0.000000    -6.146675    0.000000    0.000000  
20.332033    0.095615    0.000000    0.000000    -0.263131    0.000000    0.000000    -6.011637    0.000000    0.000000  
20.342034    0.092678    0.000000    0.000000    -0.322835    0.000000    0.000000    -5.840205    0.000000    0.000000  
20.352035    0.089169    0.000000    0.000000    -0.380690    0.000000    0.000000    -5.632823    0.000000    0.000000  
20.362036    0.085107    0.000000    0.000000    -0.436304    0.000000    0.000000    -5.389934    0.000000    0.000000  
20.372037    0.080515    0.000000    0.000000    -0.489283    0.000000    0.000000    -5.111980    0.000000    0.000000  
20.382038    0.075411    0.000000    0.000000    -0.539235    0.000000    0.000000    -4.799406    0.000000    0.000000  
20.392039    0.069816    0.000000    0.000000    -0.585766    0.000000    0.000000    -4.452653    0.000000    0.000000  
20.402040    0.063750    0.000000    0.000000    -0.628483    0.000000    0.000000    -4.072170    0.000000    0.000000  
20.412041    0.057245    0.000000    0.000000    -0.667064    0.000000    0.000000    -3.659486    0.000000    0.000000  
20.422042    0.050350    0.000000    0.000000    -0.701340    0.000000    0.000000    -3.218510    0.000000    0.000000  
20.432043    0.043119    0.000000    0.000000    -0.731162    0.000000    0.000000    -2.753473    0.000000    0.000000  
20.442044    0.035608    0.000000    0.000000    -0.756381    0.000000    0.000000    -2.268603    0.000000    0.000000  
20.452045    0.027869    0.000000    0.000000    -0.776850    0.000000    0.000000    -1.768129    0.000000    0.000000  
20.462046    0.019958    0.000000    0.000000    -0.792419    0.000000    0.000000    -1.256280    0.000000    0.000000  
20.472047    0.011927    0.000000    0.000000    -0.802941    0.000000    0.000000    -0.737285    0.000000    0.000000  
20.482048    0.003830    0.000000    0.000000    -0.808267    0.000000    0.000000    -0.215374    0.000000    0.000000  
20.492049    -0.004277    0.000000    0.000000    -0.808249    0.000000    0.000000    0.305225    0.000000    0.000000  
20.502050    -0.012342    0.000000    0.000000    -0.802737    0.000000    0.000000    0.820286    0.000000    0.000000  
20.512051    -0.020313    0.000000    0.000000    -0.791705    0.000000    0.000000    1.326098    0.000000    0.000000  
20.522052    -0.028144    0.000000    0.000000    -0.775382    0.000000    0.000000    1.820085    0.000000    0.000000  
20.532053    -0.035792    0.000000    0.000000    -0.754036    0.000000    0.000000    2.299823    0.000000    0.000000  
20.542054    -0.043212    0.000000    0.000000    -0.727932    0.000000    0.000000    2.762888    0.000000    0.000000  
20.552055    -0.050359    0.000000    0.000000    -0.697338    0.000000    0.000000    3.206855    0.000000    0.000000  
20.562056    -0.057190    0.000000    0.000000    -0.662518    0.000000    0.000000    3.629301    0.000000    0.000000  
20.572057    -0.063659    0.000000    0.000000    -0.623741    0.000000    0.000000    4.027801    0.000000    0.000000  
20.582058    -0.069723    0.000000    0.000000    -0.581272    0.000000    0.000000    4.399930    0.000000    0.000000  
20.592059    -0.075337    0.000000    0.000000    -0.535378    0.000000    0.000000    4.743264    0.000000    0.000000  
20.602060    -0.080456    0.000000    0.000000    -0.486325    0.000000    0.000000    5.055383    0.000000    0.000000  
20.612061    -0.085046    0.000000    0.000000    -0.434398    0.000000    0.000000    5.334423    0.000000    0.000000  
20.622062    -0.089091    0.000000    0.000000    -0.379923    0.000000    0.000000    5.579754    0.000000    0.000000  
20.632063    -0.092579    0.000000    0.000000    -0.323231    0.000000    0.000000    5.790903    0.000000    0.000000  
20.642064    -0.095497    0.000000    0.000000    -0.264655    0.000000    0.000000    5.967403    0.000000    0.000000  
20.652065    -0.097834    0.000000    0.000000    -0.204525    0.000000    0.000000    6.108782    0.000000    0.000000  
20.662066    -0.099577    0.000000    0.000000    -0.143173    0.000000    0.000000    6.214571    0.000000    0.000000  
20.672067    -0.100713    0.000000    0.000000    -0.080931    0.000000    0.000000    6.284300    0.000000    0.000000  
20.682068    -0.101230    0.000000    0.000000    -0.018129    0.000000    0.000000    6.317499    0.000000    0.000000  
20.692069    -0.101116    0.000000    0.000000    0.044901    0.000000    0.000000    6.313698    0.000000    0.000000  
20.702070    -0.100358    0.000000    0.000000    0.107828    0.000000    0.000000    6.272430    0.000000    0.000000  
20.712071    -0.098954    0.000000    0.000000    0.170301    0.000000    0.000000    6.193522    0.000000    0.000000  
20.722072    -0.096922    0.000000    0.000000    0.231937    0.000000    0.000000    6.077457    0.000000    0.000000  
20.732073    -0.094285    0.000000    0.000000    0.292344    0.000000    0.000000    5.924800    0.000000    0.000000  
20.742074    -0.091064    0.000000    0.000000    0.351130    0.000000    0.000000    5.736119    0.000000    0.000000  
20.752075    -0.087281    0.000000    0.000000    0.407905    0.000000    0.000000    5.511980    0.000000    0.000000  
20.762076    -0.082957    0.000000    0.000000    0.462279    0.000000    0.000000    5.252950    0.000000    0.000000  
20.772077    -0.078114    0.000000    0.000000    0.513859    0.000000    0.000000    4.959595    0.000000    0.000000  
20.782078    -0.072774    0.000000    0.000000    0.562256    0.000000    0.000000    4.632484    0.000000    0.000000  
20.792079    -0.066959    0.000000    0.000000    0.607077    0.000000    0.000000    4.272182    0.000000    0.000000  
20.802080    -0.060690    0.000000    0.000000    0.647934    0.000000    0.000000    3.879262    0.000000    0.000000  
20.812081    -0.053998    0.000000    0.000000    0.684509    0.000000    0.000000    3.455359    0.000000    0.000000  
20.822082    -0.046937    0.000000    0.000000    0.716653    0.000000    0.000000    3.004424    0.000000    0.000000  
20.832083    -0.039561    0.000000    0.000000    0.744235    0.000000    0.000000    2.530717    0.000000    0.000000  
20.842084    -0.031924    0.000000    0.000000    0.767126    0.000000    0.000000    2.038495    0.000000    0.000000  
20.852085    -0.024083    0.000000    0.000000    0.785196    0.000000    0.000000    1.532017    0.000000    0.000000  
20.862086    -0.016093    0.000000    0.000000    0.798316    0.000000    0.000000    1.015540    0.000000    0.000000  
20.872087    -0.008008    0.000000    0.000000    0.806357    0.000000    0.000000    0.493324    0.000000    0.000000  
20.882088    0.000116    0.000000    0.000000    0.809188    0.000000    0.000000    -0.030375    0.000000    0.000000  
20.892089    0.008225    0.000000    0.000000    0.806680    0.000000    0.000000    -0.551297    0.000000    0.000000  
20.902090    0.016263    0.000000    0.000000    0.798704    0.000000    0.000000    -1.065187    0.000000    0.000000  
20.912091    0.024178    0.000000    0.000000    0.785248    0.000000    0.000000    -1.568337    0.000000    0.000000  
20.922092    0.031927    0.000000    0.000000    0.766553    0.000000    0.000000    -2.058222    0.000000    0.000000  
20.932093    0.039467    0.000000    0.000000    0.742893    0.000000    0.000000    -2.532477    0.000000    0.000000  
20.942094    0.046755    0.000000    0.000000    0.714544    0.000000    0.000000    -2.988734    0.000000    0.000000  
20.952095    0.053749    0.000000    0.000000    0.681780    0.000000    0.000000    -3.424628    0.000000    0.000000  
20.962096    0.060405    0.000000    0.000000    0.644874    0.000000    0.000000    -3.837791    0.000000    0.000000  
20.972097    0.066680    0.000000    0.000000    0.604103    0.000000    0.000000    -4.225857    0.000000    0.000000  
20.982098    0.072532    0.000000    0.000000    0.559741    0.000000    0.000000    -4.586459    0.000000    0.000000  
20.992099    0.077917    0.000000    0.000000    0.512061    0.000000    0.000000    -4.917231    0.000000    0.000000  
21.002100    0.082794    0.000000    0.000000    0.461339    0.000000    0.000000    -5.215808    0.000000    0.000000  
21.012101    0.087128    0.000000    0.000000    0.407870    0.000000    0.000000    -5.480380    0.000000    0.000000  
21.022102    0.090905    0.000000    0.000000    0.351991    0.000000    0.000000    -5.710338    0.000000    0.000000  
21.032103    0.094114    0.000000    0.000000    0.294044    0.000000    0.000000    -5.905227    0.000000    0.000000  
21.042104    0.096744    0.000000    0.000000    0.234373    0.000000    0.000000    -6.064596    0.000000    0.000000  
21.052105    0.098783    0.000000    0.000000    0.173321    0.000000    0.000000    -6.187990    0.000000    0.000000  
21.062106    0.100220    0.000000    0.000000    0.111230    0.000000    0.000000    -6.274957    0.000000    0.000000  
21.072107    0.101043    0.000000    0.000000    0.048445    0.000000    0.000000    -6.325044    0.000000    0.000000  
21.082108    0.101242    0.000000    0.000000    -0.014693    0.000000    0.000000    -6.337798    0.000000    0.000000  
21.092109    0.100804    0.000000    0.000000    -0.077840    0.000000    0.000000    -6.312766    0.000000    0.000000  
21.102110    0.099718    0.000000    0.000000    -0.140653    0.000000    0.000000    -6.249496    0.000000    0.000000  
21.112111    0.097984    0.000000    0.000000    -0.202776    0.000000    0.000000    -6.147922    0.000000    0.000000  
21.122112    0.095623    0.000000    0.000000    -0.263829    0.000000    0.000000    -6.008810    0.000000    0.000000  
21.132113    0.092661    0.000000    0.000000    -0.323427    0.000000    0.000000    -5.833031    0.000000    0.000000  
21.142114    0.089121    0.000000    0.000000    -0.381185    0.000000    0.000000    -5.621459    0.000000    0.000000  
21.152115    0.085030    0.000000    0.000000    -0.436718    0.000000    0.000000    -5.374968    0.000000    0.000000  
21.162116    0.080412    0.000000    0.000000    -0.489641    0.000000    0.000000    -5.094431    0.000000    0.000000  
21.172117    0.075291    0.000000    0.000000    -0.539570    0.000000    0.000000    -4.780721    0.000000    0.000000  
21.182118    0.069693    0.000000    0.000000    -0.586119    0.000000    0.000000    -4.434711    0.000000    0.000000  
21.192119    0.063642    0.000000    0.000000    -0.628905    0.000000    0.000000    -4.057275    0.000000    0.000000  
21.202120    0.057164    0.000000    0.000000    -0.667542    0.000000    0.000000    -3.649291    0.000000    0.000000  
21.212121    0.050292    0.000000    0.000000    -0.701729    0.000000    0.000000    -3.212609    0.000000    0.000000  
21.222122    0.043078    0.000000    0.000000    -0.731342    0.000000    0.000000    -2.751176    0.000000    0.000000  
21.232123    0.035577    0.000000    0.000000    -0.756279    0.000000    0.000000    -2.269212    0.000000    0.000000  
21.242124    0.027844    0.000000    0.000000    -0.776439    0.000000    0.000000    -1.770937    0.000000    0.000000  
21.252125    0.019933    0.000000    0.000000    -0.791722    0.000000    0.000000    -1.260570    0.000000    0.000000  
21.262126    0.011899    0.000000    0.000000    -0.802027    0.000000    0.000000    -0.742331    0.000000    0.000000  
21.272127    0.003798    0.000000    0.000000    -0.807252    0.000000    0.000000    -0.220439    0.000000    0.000000  
21.282128    -0.004318    0.000000    0.000000    -0.807296    0.000000    0.000000    0.300884    0.000000    0.000000  
21.292129    -0.012391    0.000000    0.000000    -0.802059    0.000000    0.000000    0.817421    0.000000    0.000000  
21.302130    -0.020369    0.000000    0.000000    -0.791439    0.000000    0.000000    1.324954    0.000000    0.000000  
21.312131    -0.028200    0.000000    0.000000    -0.775448    0.000000    0.000000    1.819861    0.000000    0.000000  
21.322132    -0.035841    0.000000    0.000000    -0.754334    0.000000    0.000000    2.299799    0.000000    0.000000  
21.332133    -0.043250    0.000000    0.000000    -0.728376    0.000000    0.000000    2.762590    0.000000    0.000000  
21.342134    -0.050386    0.000000    0.000000    -0.697854    0.000000    0.000000    3.206055    0.000000    0.000000  
21.352135    -0.057206    0.000000    0.000000    -0.663048    0.000000    0.000000    3.628017    0.000000    0.000000  
21.362136    -0.063669    0.000000    0.000000    -0.624237    0.000000    0.000000    4.026299    0.000000    0.000000  
21.372137    -0.069733    0.000000    0.000000    -0.581700    0.000000    0.000000    4.398722    0.000000    0.000000  
21.382138    -0.075355    0.000000    0.000000    -0.535718    0.000000    0.000000    4.743109    0.000000    0.000000  
21.392139    -0.080495    0.000000    0.000000    -0.486569    0.000000    0.000000    5.057281    0.000000    0.000000  
21.402140    -0.085111    0.000000    0.000000    -0.434534    0.000000    0.000000    5.339064    0.000000    0.000000  
21.412141    -0.089170    0.000000    0.000000    -0.379911    0.000000    0.000000    5.586783    0.000000    0.000000  
21.422142    -0.092659    0.000000    0.000000    -0.323040    0.000000    0.000000    5.799832    0.000000    0.000000  
21.432143    -0.095571    0.000000    0.000000    -0.264268    0.000000    0.000000    5.977748    0.000000    0.000000  
21.442144    -0.097895    0.000000    0.000000    -0.203938    0.000000    0.000000    6.120065    0.000000    0.000000  
21.452145    -0.099623    0.000000    0.000000    -0.142398    0.000000    0.000000    6.226317    0.000000    0.000000  
21.462146    -0.100744    0.000000    0.000000    -0.079993    0.000000    0.000000    6.296039    0.000000    0.000000  
21.472147    -0.101250    0.000000    0.000000    -0.017067    0.000000    0.000000    6.328767    0.000000    0.000000  
21.482148    -0.101132    0.000000    0.000000    0.046033    0.000000    0.000000    6.324034    0.000000    0.000000  
21.492149    -0.100379    0.000000    0.000000    0.108962    0.000000    0.000000    6.281376    0.000000    0.000000  
21.502150    -0.098984    0.000000    0.000000    0.171374    0.000000    0.000000    6.200330    0.000000    0.000000  
21.512151    -0.096946    0.000000    0.000000    0.232914    0.000000    0.000000    6.080871    0.000000    0.000000  
21.522152    -0.094290    0.000000    0.000000    0.293206    0.000000    0.000000    5.923913    0.000000    0.000000  
21.532153    -0.091041    0.000000    0.000000    0.351868    0.000000    0.000000    5.730492    0.000000    0.000000  
21.542154    -0.087225    0.000000    0.000000    0.408522    0.000000    0.000000    5.501641    0.000000    0.000000  
21.552155    -0.082870    0.000000    0.000000    0.462788    0.000000    0.000000    5.238397    0.000000    0.000000  
21.562156    -0.078001    0.000000    0.000000    0.514286    0.000000    0.000000    4.941793    0.000000    0.000000  
21.572157    -0.072644    0.000000    0.000000    0.562636    0.000000    0.000000    4.612865    0.000000    0.000000  
21.582158    -0.066825    0.000000    0.000000    0.607460    0.000000    0.000000    4.252647    0.000000    0.000000  
21.592159    -0.060572    0.000000    0.000000    0.648376    0.000000    0.000000    3.862174    0.000000    0.000000  
21.602160    -0.053909    0.000000    0.000000    0.685006    0.000000    0.000000    3.442487    0.000000    0.000000  
21.612161    -0.046872    0.000000    0.000000    0.717059    0.000000    0.000000    2.995559    0.000000    0.000000  
21.622162    -0.039514    0.000000    0.000000    0.744427    0.000000    0.000000    2.525354    0.000000    0.000000  
21.632163    -0.031890    0.000000    0.000000    0.767028    0.000000    0.000000    2.036094    0.000000    0.000000  
21.642164    -0.024057    0.000000    0.000000    0.784780    0.000000    0.000000    1.531998    0.000000    0.000000  
21.652165    -0.016069    0.000000    0.000000    0.797601    0.000000    0.000000    1.017289    0.000000    0.000000  
21.662166    -0.007983    0.000000    0.000000    0.805408    0.000000    0.000000    0.496186    0.000000    0.000000  
21.672167    0.000146    0.000000    0.000000    0.808118    0.000000    0.000000    -0.027090    0.000000    0.000000  
21.682168    0.008263    0.000000    0.000000    0.805651    0.000000    0.000000    -0.548319    0.000000    0.000000  
21.692169    0.016312    0.000000    0.000000    0.797922    0.000000    0.000000    -1.063279    0.000000    0.000000  
21.702170    0.024237    0.000000    0.000000    0.784851    0.000000    0.000000    -1.567753    0.000000    0.000000  
21.712171    0.031987    0.000000    0.000000    0.766465    0.000000    0.000000    -2.058145    0.000000    0.000000  
21.722172    0.039521    0.000000    0.000000    0.743021    0.000000    0.000000    -2.532175    0.000000    0.000000  
21.732173    0.046799    0.000000    0.000000    0.714807    0.000000    0.000000    -2.987734    0.000000    0.000000  
21.742174    0.053780    0.000000    0.000000    0.682113    0.000000    0.000000    -3.422712    0.000000    0.000000  
21.752175    0.060424    0.000000    0.000000    0.645224    0.000000    0.000000    -3.835000    0.000000    0.000000  
21.762176    0.066692    0.000000    0.000000    0.604430    0.000000    0.000000    -4.222486    0.000000    0.000000  
21.772177    0.072541    0.000000    0.000000    0.560018    0.000000    0.000000    -4.583062    0.000000    0.000000  
21.782178    0.077933    0.000000    0.000000    0.512276    0.000000    0.000000    -4.914618    0.000000    0.000000  
21.792179    0.082828    0.000000    0.000000    0.461493    0.000000    0.000000    -5.215043    0.000000    0.000000  
21.802180    0.087184    0.000000    0.000000    0.407955    0.000000    0.000000    -5.482232    0.000000    0.000000  
21.812181    0.090972    0.000000    0.000000    0.351970    0.000000    0.000000    -5.714564    0.000000    0.000000  
21.822182    0.094180    0.000000    0.000000    0.293889    0.000000    0.000000    -5.911455    0.000000    0.000000  
21.832183    0.096800    0.000000    0.000000    0.234066    0.000000    0.000000    -6.072451    0.000000    0.000000  
21.842184    0.098825    0.000000    0.000000    0.172855    0.000000    0.000000    -6.197099    0.000000    0.000000  
21.852185    0.100246    0.000000    0.000000    0.110612    0.000000    0.000000    -6.284946    0.000000    0.000000  
21.862186    0.101055    0.000000    0.000000    0.047690    0.000000    0.000000    -6.335539    0.000000    0.000000  
21.872187    0.101244    0.000000    0.000000    -0.015554    0.000000    0.000000    -6.348425    0.000000    0.000000  
21.882188    0.100805    0.000000    0.000000    -0.078768    0.000000    0.000000    -6.323150    0.000000    0.000000  
21.892189    0.099730    0.000000    0.000000    -0.141594    0.000000    0.000000    -6.259262    0.000000    0.000000  
21.902190    0.098011    0.000000    0.000000    -0.203680    0.000000    0.000000    -6.156311    0.000000    0.000000  
21.912191    0.095650    0.000000    0.000000    -0.264664    0.000000    0.000000    -6.014378    0.000000    0.000000  
21.922192    0.092673    0.000000    0.000000    -0.324175    0.000000    0.000000    -5.834672    0.000000    0.000000  
21.932193    0.089111    0.000000    0.000000    -0.381838    0.000000    0.000000    -5.618545    0.000000    0.000000  
21.942194    0.084992    0.000000    0.000000    -0.437281    0.000000    0.000000    -5.367349    0.000000    0.000000  
21.952195    0.080344    0.000000    0.000000    -0.490130    0.000000    0.000000    -5.082435    0.000000    0.000000  
21.962196    0.075198    0.000000    0.000000    -0.540011    0.000000    0.000000    -4.765156    0.000000    0.000000  
21.972197    0.069583    0.000000    0.000000    -0.586550    0.000000    0.000000    -4.416862    0.000000    0.000000  
21.982198    0.063526    0.000000    0.000000    -0.629375    0.000000    0.000000    -4.038905    0.000000    0.000000  
21.992199    0.057059    0.000000    0.000000    -0.668111    0.000000    0.000000    -3.632638    0.000000    0.000000  
22.002200    0.050209    0.000000    0.000000    -0.702385    0.000000    0.000000    -3.199417    0.000000    0.000000  
22.012201    0.043013    0.000000    0.000000    -0.731920    0.000000    0.000000    -2.741425    0.000000    0.000000  
22.022202    0.035525    0.000000    0.000000    -0.756639    0.000000    0.000000    -2.262594    0.000000    0.000000  
22.032203    0.027801    0.000000    0.000000    -0.776491    0.000000    0.000000    -1.767075    0.000000    0.000000  
22.042204    0.019894    0.000000    0.000000    -0.791424    0.000000    0.000000    -1.259019    0.000000    0.000000  
22.052205    0.011861    0.000000    0.000000    -0.801387    0.000000    0.000000    -0.742577    0.000000    0.000000  
22.062206    0.003756    0.000000    0.000000    -0.806329    0.000000    0.000000    -0.221902    0.000000    0.000000  
22.072207    -0.004365    0.000000    0.000000    -0.806199    0.000000    0.000000    0.298855    0.000000    0.000000  
22.082208    -0.012446    0.000000    0.000000    -0.800946    0.000000    0.000000    0.815543    0.000000    0.000000  
22.092209    -0.020434    0.000000    0.000000    -0.790518    0.000000    0.000000    1.324009    0.000000    0.000000  
22.102210    -0.028271    0.000000    0.000000    -0.774864    0.000000    0.000000    1.820107    0.000000    0.000000  
22.112211    -0.035909    0.000000    0.000000    -0.754036    0.000000    0.000000    2.300354    0.000000    0.000000  
22.122212    -0.043308    0.000000    0.000000    -0.728293    0.000000    0.000000    2.762664    0.000000    0.000000  
22.132213    -0.050427    0.000000    0.000000    -0.697926    0.000000    0.000000    3.205128    0.000000    0.000000  
22.142214    -0.057229    0.000000    0.000000    -0.663223    0.000000    0.000000    3.625838    0.000000    0.000000  
22.152215    -0.063675    0.000000    0.000000    -0.624472    0.000000    0.000000    4.022885    0.000000    0.000000  
22.162216    -0.069726    0.000000    0.000000    -0.581963    0.000000    0.000000    4.394361    0.000000    0.000000  
22.172217    -0.075343    0.000000    0.000000    -0.535983    0.000000    0.000000    4.738357    0.000000    0.000000  
22.182218    -0.080487    0.000000    0.000000    -0.486821    0.000000    0.000000    5.052964    0.000000    0.000000  
22.192219    -0.085120    0.000000    0.000000    -0.434766    0.000000    0.000000    5.336274    0.000000    0.000000  
22.202220    -0.089203    0.000000    0.000000    -0.380107    0.000000    0.000000    5.586382    0.000000    0.000000  
22.212221    -0.092707    0.000000    0.000000    -0.323154    0.000000    0.000000    5.801798    0.000000    0.000000  
22.222222    -0.095623    0.000000    0.000000    -0.264258    0.000000    0.000000    5.981911    0.000000    0.000000  
22.232223    -0.097944    0.000000    0.000000    -0.203779    0.000000    0.000000    6.126219    0.000000    0.000000  
22.242224    -0.099664    0.000000    0.000000    -0.142075    0.000000    0.000000    6.234222    0.000000    0.000000  
22.252225    -0.100776    0.000000    0.000000    -0.079503    0.000000    0.000000    6.305417    0.000000    0.000000  
22.262226    -0.101274    0.000000    0.000000    -0.016424    0.000000    0.000000    6.339304    0.000000    0.000000  
22.272227    -0.101152    0.000000    0.000000    0.046807    0.000000    0.000000    6.335382    0.000000    0.000000  
22.282228    -0.100402    0.000000    0.000000    0.109829    0.000000    0.000000    6.293148    0.000000    0.000000  
22.292229    -0.099018    0.000000    0.000000    0.172284    0.000000    0.000000    6.212103    0.000000    0.000000  
22.302230    -0.096994    0.000000    0.000000    0.233815    0.000000    0.000000    6.091747    0.000000    0.000000  
22.312231    -0.094335    0.000000    0.000000    0.294060    0.000000    0.000000    5.932194    0.000000    0.000000  
22.322232    -0.091068    0.000000    0.000000    0.352653    0.000000    0.000000    5.734833    0.000000    0.000000  
22.332233    -0.087225    0.000000    0.000000    0.409225    0.000000    0.000000    5.501213    0.000000    0.000000  
22.342234    -0.082835    0.000000    0.000000    0.463410    0.000000    0.000000    5.232884    0.000000    0.000000  
22.352235    -0.077931    0.000000    0.000000    0.514840    0.000000    0.000000    4.931395    0.000000    0.000000  
22.362236    -0.072543    0.000000    0.000000    0.563148    0.000000    0.000000    4.598296    0.000000    0.000000  
22.372237    -0.066701    0.000000    0.000000    0.607966    0.000000    0.000000    4.235136    0.000000    0.000000  
22.382238    -0.060438    0.000000    0.000000    0.648926    0.000000    0.000000    3.843465    0.000000    0.000000  
22.392239    -0.053783    0.000000    0.000000    0.685662    0.000000    0.000000    3.424831    0.000000    0.000000  
22.402240    -0.046767    0.000000    0.000000    0.717806    0.000000    0.000000    2.980790    0.000000    0.000000  
22.412241    -0.039429    0.000000    0.000000    0.745093    0.000000    0.000000    2.513661    0.000000    0.000000  
22.422242    -0.031823    0.000000    0.000000    0.767463    0.000000    0.000000    2.027364    0.000000    0.000000  
22.432243    -0.024003    0.000000    0.000000    0.784888    0.000000    0.000000    1.526018    0.000000    0.000000  
22.442244    -0.016026    0.000000    0.000000    0.797334    0.000000    0.000000    1.013741    0.000000    0.000000  
22.452245    -0.007946    0.000000    0.000000    0.804772    0.000000    0.000000    0.494652    0.000000    0.000000  
22.462246    0.000180    0.000000    0.000000    0.807169    0.000000    0.000000    -0.027128    0.000000    0.000000  
22.472247    0.008298    0.000000    0.000000    0.804496    0.000000    0.000000    -0.547482    0.000000    0.000000  
22.482248    0.016352    0.000000    0.000000    0.796720    0.000000    0.000000    -1.062291    0.000000    0.000000  
22.492249    0.024286    0.000000    0.000000    0.783811    0.000000    0.000000    -1.567434    0.000000    0.000000  
22.502250    0.032044    0.000000    0.000000    0.765737    0.000000    0.000000    -2.058799    0.000000    0.000000  
22.512251    0.039578    0.000000    0.000000    0.742567    0.000000    0.000000    -2.532948    0.000000    0.000000  
22.522252    0.046848    0.000000    0.000000    0.714569    0.000000    0.000000    -2.987859    0.000000    0.000000  
22.532253    0.053817    0.000000    0.000000    0.682038    0.000000    0.000000    -3.421686    0.000000    0.000000  
22.542254    0.060446    0.000000    0.000000    0.645270    0.000000    0.000000    -3.832582    0.000000    0.000000  
22.552255    0.066699    0.000000    0.000000    0.604559    0.000000    0.000000    -4.218701    0.000000    0.000000  
22.562256    0.072539    0.000000    0.000000    0.560201    0.000000    0.000000    -4.578196    0.000000    0.000000  
22.572257    0.077927    0.000000    0.000000    0.512490    0.000000    0.000000    -4.909222    0.000000    0.000000  
22.582258    0.082827    0.000000    0.000000    0.461721    0.000000    0.000000    -5.209930    0.000000    0.000000  
22.592259    0.087201    0.000000    0.000000    0.408190    0.000000    0.000000    -5.478476    0.000000    0.000000  
22.602260    0.091011    0.000000    0.000000    0.352190    0.000000    0.000000    -5.713015    0.000000    0.000000  
22.612261    0.094230    0.000000    0.000000    0.294040    0.000000    0.000000    -5.912115    0.000000    0.000000  
22.622262    0.096851    0.000000    0.000000    0.234102    0.000000    0.000000    -6.075193    0.000000    0.000000  
22.632263    0.098868    0.000000    0.000000    0.172744    0.000000    0.000000    -6.201774    0.000000    0.000000  
22.642264    0.100277    0.000000    0.000000    0.110334    0.000000    0.000000    -6.291385    0.000000    0.000000  
22.652265    0.101073    0.000000    0.000000    0.047241    0.000000    0.000000    -6.343549    0.000000    0.000000  
22.662266    0.101250    0.000000    0.000000    -0.016168    0.000000    0.000000    -6.357790    0.000000    0.000000  
22.672267    0.100805    0.000000    0.000000    -0.079525    0.000000    0.000000    -6.333635    0.000000    0.000000  
22.682268    0.099731    0.000000    0.000000    -0.142460    0.000000    0.000000    -6.270608    0.000000    0.000000  
22.692269    0.098025    0.000000    0.000000    -0.204606    0.000000    0.000000    -6.168233    0.000000    0.000000  
22.702270    0.095681    0.000000    0.000000    -0.265595    0.000000    0.000000    -6.026040    0.000000    0.000000  
22.712271    0.092706    0.000000    0.000000    -0.325062    0.000000    0.000000    -5.844261    0.000000    0.000000  
22.722272    0.089130    0.000000    0.000000    -0.382648    0.000000    0.000000    -5.624578    0.000000    0.000000  
22.732273    0.084987    0.000000    0.000000    -0.437995    0.000000    0.000000    -5.368854    0.000000    0.000000  
22.742274    0.080310    0.000000    0.000000    -0.490746    0.000000    0.000000    -5.078954    0.000000    0.000000  
22.752275    0.075133    0.000000    0.000000    -0.540543    0.000000    0.000000    -4.756740    0.000000    0.000000  
22.762276    0.069489    0.000000    0.000000    -0.587028    0.000000    0.000000    -4.404077    0.000000    0.000000  
22.772277    0.063411    0.000000    0.000000    -0.629843    0.000000    0.000000    -4.022826    0.000000    0.000000  
22.782278    0.056933    0.000000    0.000000    -0.668632    0.000000    0.000000    -3.614852    0.000000    0.000000  
22.792279    0.050088    0.000000    0.000000    -0.703035    0.000000    0.000000    -3.182017    0.000000    0.000000  
22.802280    0.042910    0.000000    0.000000    -0.732696    0.000000    0.000000    -2.726191    0.000000    0.000000  
22.812281    0.035439    0.000000    0.000000    -0.757365    0.000000    0.000000    -2.249887    0.000000    0.000000  
22.822282    0.027727    0.000000    0.000000    -0.777013    0.000000    0.000000    -1.756961    0.000000    0.000000  
22.832283    0.019831    0.000000    0.000000    -0.791638    0.000000    0.000000    -1.251432    0.000000    0.000000  
22.842284    0.011805    0.000000    0.000000    -0.801239    0.000000    0.000000    -0.737318    0.000000    0.000000  
22.852285    0.003705    0.000000    0.000000    -0.805815    0.000000    0.000000    -0.218640    0.000000    0.000000  
22.862286    -0.004415    0.000000    0.000000    -0.805363    0.000000    0.000000    0.300585    0.000000    0.000000  
22.872287    -0.012499    0.000000    0.000000    -0.799882    0.000000    0.000000    0.816336    0.000000    0.000000  
22.882288    -0.020492    0.000000    0.000000    -0.789371    0.000000    0.000000    1.324594    0.000000    0.000000  
22.892289    -0.028340    0.000000    0.000000    -0.773828    0.000000    0.000000    1.821340    0.000000    0.000000  
22.902290    -0.035986    0.000000    0.000000    -0.753251    0.000000    0.000000    2.302561    0.000000    0.000000  
22.912291    -0.043383    0.000000    0.000000    -0.727730    0.000000    0.000000    2.764954    0.000000    0.000000  
22.922292    -0.050492    0.000000    0.000000    -0.697536    0.000000    0.000000    3.206691    0.000000    0.000000  
22.932293    -0.057278    0.000000    0.000000    -0.662966    0.000000    0.000000    3.626120    0.000000    0.000000  
22.942294    -0.063705    0.000000    0.000000    -0.624314    0.000000    0.000000    4.021592    0.000000    0.000000  
22.952295    -0.069737    0.000000    0.000000    -0.581876    0.000000    0.000000    4.391458    0.000000    0.000000  
22.962296    -0.075340    0.000000    0.000000    -0.535946    0.000000    0.000000    4.734068    0.000000    0.000000  
22.972297    -0.080476    0.000000    0.000000    -0.486821    0.000000    0.000000    5.047772    0.000000    0.000000  
22.982298    -0.085111    0.000000    0.000000    -0.434795    0.000000    0.000000    5.330920    0.000000    0.000000  
22.992299    -0.089209    0.000000    0.000000    -0.380164    0.000000    0.000000    5.581864    0.000000    0.000000  
23.002300    -0.092734    0.000000    0.000000    -0.323222    0.000000    0.000000    5.798954    0.000000    0.000000  
23.012301    -0.095660    0.000000    0.000000    -0.264289    0.000000    0.000000    5.980882    0.000000    0.000000  
23.022302    -0.097981    0.000000    0.000000    -0.203728    0.000000    0.000000    6.127030    0.000000    0.000000  
23.032303    -0.099694    0.000000    0.000000    -0.141910    0.000000    0.000000    6.236865    0.000000    0.000000  
23.042304    -0.100796    0.000000    0.000000    -0.079204    0.000000    0.000000    6.309856    0.000000    0.000000  
23.052305    -0.101282    0.000000    0.000000    -0.015981    0.000000    0.000000    6.345470    0.000000    0.000000  
23.062306    -0.101150    0.000000    0.000000    0.047389    0.000000    0.000000    6.343174    0.000000    0.000000  
23.072307    -0.100395    0.000000    0.000000    0.110536    0.000000    0.000000    6.302437    0.000000    0.000000  
23.082308    -0.099016    0.000000    0.000000    0.173091    0.000000    0.000000    6.222725    0.000000    0.000000  
23.092309    -0.097007    0.000000    0.000000    0.234683    0.000000    0.000000    6.103508    0.000000    0.000000  
23.102310    -0.094365    0.000000    0.000000    0.294941    0.000000    0.000000    5.944256    0.000000    0.000000  
23.112311    -0.091100    0.000000    0.000000    0.353502    0.000000    0.000000    5.745232    0.000000    0.000000  
23.122312    -0.087243    0.000000    0.000000    0.410012    0.000000    0.000000    5.508309    0.000000    0.000000  
23.132313    -0.082830    0.000000    0.000000    0.464118    0.000000    0.000000    5.235558    0.000000    0.000000  
23.142314    -0.077895    0.000000    0.000000    0.515469    0.000000    0.000000    4.929048    0.000000    0.000000  
23.152315    -0.072474    0.000000    0.000000    0.563712    0.000000    0.000000    4.590852    0.000000    0.000000  
23.162316    -0.066602    0.000000    0.000000    0.608495    0.000000    0.000000    4.223038    0.000000    0.000000  
23.172317    -0.060315    0.000000    0.000000    0.649466    0.000000    0.000000    3.827679    0.000000    0.000000  
23.182318    -0.053647    0.000000    0.000000    0.686272    0.000000    0.000000    3.406844    0.000000    0.000000  
23.192319    -0.046634    0.000000    0.000000    0.718562    0.000000    0.000000    2.962605    0.000000    0.000000  
23.202320    -0.039311    0.000000    0.000000    0.745983    0.000000    0.000000    2.497036    0.000000    0.000000  
23.212321    -0.031720    0.000000    0.000000    0.768299    0.000000    0.000000    2.012790    0.000000    0.000000  
23.222322    -0.023913    0.000000    0.000000    0.785501    0.000000    0.000000    1.513699    0.000000    0.000000  
23.232323    -0.015947    0.000000    0.000000    0.797610    0.000000    0.000000    1.003742    0.000000    0.000000  
23.242324    -0.007876    0.000000    0.000000    0.804647    0.000000    0.000000    0.486894    0.000000    0.000000  
23.252325    0.000245    0.000000    0.000000    0.806633    0.000000    0.000000    -0.032867    0.000000    0.000000  
23.262326    0.008360    0.000000    0.000000    0.803589    0.000000    0.000000    -0.551564    0.000000    0.000000  
23.272327    0.016414    0.000000    0.000000    0.795535    0.000000    0.000000    -1.065221    0.000000    0.000000  
23.282328    0.024352    0.000000    0.000000    0.782492    0.000000    0.000000    -1.569860    0.000000    0.000000  
23.292329    0.032120    0.000000    0.000000    0.764482    0.000000    0.000000    -2.061503    0.000000    0.000000  
23.302330    0.039661    0.000000    0.000000    0.741525    0.000000    0.000000    -2.536181    0.000000    0.000000  
23.312331    0.046928    0.000000    0.000000    0.713728    0.000000    0.000000    -2.990652    0.000000    0.000000  
23.322332    0.053884    0.000000    0.000000    0.681369    0.000000    0.000000    -3.423171    0.000000    0.000000  
23.332333    0.060495    0.000000    0.000000    0.644748    0.000000    0.000000    -3.832171    0.000000    0.000000  
23.342334    0.066727    0.000000    0.000000    0.604163    0.000000    0.000000    -4.216085    0.000000    0.000000  
23.352335    0.072546    0.000000    0.000000    0.559913    0.000000    0.000000    -4.573348    0.000000    0.000000  
23.362336    0.077917    0.000000    0.000000    0.512299    0.000000    0.000000    -4.902393    0.000000    0.000000  
23.372337    0.082807    0.000000    0.000000    0.461620    0.000000    0.000000    -5.201655    0.000000    0.000000  
23.382338    0.087181    0.000000    0.000000    0.408174    0.000000    0.000000    -5.469567    0.000000    0.000000  
23.392339    0.091005    0.000000    0.000000    0.352261    0.000000    0.000000    -5.704563    0.000000    0.000000  
23.402340    0.094244    0.000000    0.000000    0.294181    0.000000    0.000000    -5.905079    0.000000    0.000000  
23.412341    0.096875    0.000000    0.000000    0.234257    0.000000    0.000000    -6.069873    0.000000    0.000000  
23.422342    0.098894    0.000000    0.000000    0.172862    0.000000    0.000000    -6.198356    0.000000    0.000000  
23.432343    0.100297    0.000000    0.000000    0.110377    0.000000    0.000000    -6.290015    0.000000    0.000000  
23.442344    0.101084    0.000000    0.000000    0.047179    0.000000    0.000000    -6.344341    0.000000    0.000000  
23.452345    0.101253    0.000000    0.000000    -0.016351    0.000000    0.000000    -6.360823    0.000000    0.000000  
23.462346    0.100801    0.000000    0.000000    -0.079835    0.000000    0.000000    -6.338949    0.000000    0.000000  
23.472347    0.099726    0.000000    0.000000    -0.142893    0.000000    0.000000    -6.278210    0.000000    0.000000  
23.482348    0.098028    0.000000    0.000000    -0.205146    0.000000    0.000000    -6.178093    0.000000    0.000000  
23.492349    0.095703    0.000000    0.000000    -0.266215    0.000000    0.000000    -6.038089    0.000000    0.000000  
23.502350    0.092751    0.000000    0.000000    -0.325721    0.000000    0.000000    -5.857693    0.000000    0.000000  
23.512351    0.089180    0.000000    0.000000    -0.383295    0.000000    0.000000    -5.637282    0.000000    0.000000  
23.522352    0.085027    0.000000    0.000000    -0.438596    0.000000    0.000000    -5.379019    0.000000    0.000000  
23.532353    0.080329    0.000000    0.000000    -0.491283    0.000000    0.000000    -5.085283    0.000000    0.000000  
23.542354    0.075123    0.000000    0.000000    -0.541015    0.000000    0.000000    -4.758452    0.000000    0.000000  
23.552355    0.069447    0.000000    0.000000    -0.587453    0.000000    0.000000    -4.400906    0.000000    0.000000  
23.562356    0.063339    0.000000    0.000000    -0.630255    0.000000    0.000000    -4.015021    0.000000    0.000000  
23.572357    0.056837    0.000000    0.000000    -0.669082    0.000000    0.000000    -3.603178    0.000000    0.000000  
23.582358    0.049977    0.000000    0.000000    -0.703593    0.000000    0.000000    -3.167755    0.000000    0.000000  
23.592359    0.042798    0.000000    0.000000    -0.733448    0.000000    0.000000    -2.711129    0.000000    0.000000  
23.602360    0.035338    0.000000    0.000000    -0.758307    0.000000    0.000000    -2.235684    0.000000    0.000000  
23.612361    0.027639    0.000000    0.000000    -0.777951    0.000000    0.000000    -1.744248    0.000000    0.000000  
23.622362    0.019755    0.000000    0.000000    -0.792399    0.000000    0.000000    -1.240557    0.000000    0.000000  
23.632363    0.011740    0.000000    0.000000    -0.801699    0.000000    0.000000    -0.728453    0.000000    0.000000  
23.642364    0.003648    0.000000    0.000000    -0.805902    0.000000    0.000000    -0.211782    0.000000    0.000000  
23.652365    -0.004465    0.000000    0.000000    -0.805056    0.000000    0.000000    0.305616    0.000000    0.000000  
23.662366    -0.012546    0.000000    0.000000    -0.799210    0.000000    0.000000    0.819894    0.000000    0.000000  
23.672367    -0.020540    0.000000    0.000000    -0.788414    0.000000    0.000000    1.327212    0.000000    0.000000  
23.682368    -0.028392    0.000000    0.000000    -0.772715    0.000000    0.000000    1.823724    0.000000    0.000000  
23.692369    -0.036049    0.000000    0.000000    -0.752164    0.000000    0.000000    2.305587    0.000000    0.000000  
23.702370    -0.043455    0.000000    0.000000    -0.726809    0.000000    0.000000    2.768963    0.000000    0.000000  
23.712371    -0.050563    0.000000    0.000000    -0.696776    0.000000    0.000000    3.210763    0.000000    0.000000  
23.722372    -0.057338    0.000000    0.000000    -0.662346    0.000000    0.000000    3.629401    0.000000    0.000000  
23.732373    -0.063749    0.000000    0.000000    -0.623817    0.000000    0.000000    4.023473    0.000000    0.000000  
23.742374    -0.069762    0.000000    0.000000    -0.581486    0.000000    0.000000    4.391576    0.000000    0.000000  
23.752375    -0.075345    0.000000    0.000000    -0.535653    0.000000    0.000000    4.732304    0.000000    0.000000  
23.762376    -0.080466    0.000000    0.000000    -0.486615    0.000000    0.000000    5.044253    0.000000    0.000000  
23.772377    -0.085091    0.000000    0.000000    -0.434670    0.000000    0.000000    5.326020    0.000000    0.000000  
23.782378    -0.089189    0.000000    0.000000    -0.380118    0.000000    0.000000    5.576200    0.000000    0.000000  
23.792379    -0.092727    0.000000    0.000000    -0.323255    0.000000    0.000000    5.793390    0.000000    0.000000  
23.802380    -0.095672    0.000000    0.000000    -0.264381    0.000000    0.000000    5.976186    0.000000    0.000000  
23.812381    -0.098002    0.000000    0.000000    -0.203819    0.000000    0.000000    6.123451    0.000000    0.000000  
23.822382    -0.099714    0.000000    0.000000    -0.141946    0.000000    0.000000    6.234582    0.000000    0.000000  
23.832383    -0.100808    0.000000    0.000000    -0.079145    0.000000    0.000000    6.309036    0.000000    0.000000  
23.842384    -0.101284    0.000000    0.000000    -0.015797    0.000000    0.000000    6.346273    0.000000    0.000000  
23.852385    -0.101140    0.000000    0.000000    0.047714    0.000000    0.000000    6.345751    0.000000    0.000000  
23.862386    -0.100377    0.000000    0.000000    0.111008    0.000000    0.000000    6.306929    0.000000    0.000000  
23.872387    -0.098994    0.000000    0.000000    0.173700    0.000000    0.000000    6.229265    0.000000    0.000000  
23.882388    -0.096992    0.000000    0.000000    0.235410    0.000000    0.000000    6.112220    0.000000    0.000000  
23.892389    -0.094369    0.000000    0.000000    0.295754    0.000000    0.000000    5.955250    0.000000    0.000000  
23.902390    -0.091126    0.000000    0.000000    0.354350    0.000000    0.000000    5.757823    0.000000    0.000000  
23.912391    -0.087273    0.000000    0.000000    0.410832    0.000000    0.000000    5.520365    0.000000    0.000000  
23.922392    -0.082849    0.000000    0.000000    0.464865    0.000000    0.000000    5.245223    0.000000    0.000000  
23.932393    -0.077893    0.000000    0.000000    0.516117    0.000000    0.000000    4.934974    0.000000    0.000000  
23.942394    -0.072443    0.000000    0.000000    0.564257    0.000000    0.000000    4.592198    0.000000    0.000000  
23.952395    -0.066539    0.000000    0.000000    0.608954    0.000000    0.000000    4.219470    0.000000    0.000000  
23.962396    -0.060220    0.000000    0.000000    0.649876    0.000000    0.000000    3.819368    0.000000    0.000000  
23.972397    -0.053527    0.000000    0.000000    0.686693    0.000000    0.000000    3.394469    0.000000    0.000000  
23.982398    -0.046498    0.000000    0.000000    0.719072    0.000000    0.000000    2.947351    0.000000    0.000000  
23.992399    -0.039174    0.000000    0.000000    0.746683    0.000000    0.000000    2.480591    0.000000    0.000000  
24.002400    -0.031592    0.000000    0.000000    0.769196    0.000000    0.000000    1.996769    0.000000    0.000000  
24.012401    -0.023798    0.000000    0.000000    0.786403    0.000000    0.000000    1.498840    0.000000    0.000000  
24.022402    -0.015844    0.000000    0.000000    0.798345    0.000000    0.000000    0.990501    0.000000    0.000000  
24.032403    -0.007785    0.000000    0.000000    0.805091    0.000000    0.000000    0.475541    0.000000    0.000000  
24.042404    0.000324    0.000000    0.000000    0.806710    0.000000    0.000000    -0.042251    0.000000    0.000000  
24.052405    0.008431    0.000000    0.000000    0.803273    0.000000    0.000000    -0.559089    0.000000    0.000000  
24.062406    0.016480    0.000000    0.000000    0.794849    0.000000    0.000000    -1.071183    0.000000    0.000000  
24.072407    0.024417    0.000000    0.000000    0.781507    0.000000    0.000000    -1.574746    0.000000    0.000000  
24.082408    0.032188    0.000000    0.000000    0.763316    0.000000    0.000000    -2.065991    0.000000    0.000000  
24.092409    0.039739    0.000000    0.000000    0.740347    0.000000    0.000000    -2.541129    0.000000    0.000000  
24.102410    0.047015    0.000000    0.000000    0.712669    0.000000    0.000000    -2.996377    0.000000    0.000000  
24.112411    0.053969    0.000000    0.000000    0.680425    0.000000    0.000000    -3.428718    0.000000    0.000000  
24.122412    0.060570    0.000000    0.000000    0.643901    0.000000    0.000000    -3.836650    0.000000    0.000000  
24.132413    0.066784    0.000000    0.000000    0.603402    0.000000    0.000000    -4.218855    0.000000    0.000000  
24.142414    0.072583    0.000000    0.000000    0.559229    0.000000    0.000000    -4.574011    0.000000    0.000000  
24.152415    0.077933    0.000000    0.000000    0.511689    0.000000    0.000000    -4.900799    0.000000    0.000000  
24.162416    0.082806    0.000000    0.000000    0.461083    0.000000    0.000000    -5.197899    0.000000    0.000000  
24.172417    0.087168    0.000000    0.000000    0.407716    0.000000    0.000000    -5.463990    0.000000    0.000000  
24.182418    0.090989    0.000000    0.000000    0.351892    0.000000    0.000000    -5.697753    0.000000    0.000000  
24.192419    0.094239    0.000000    0.000000    0.293913    0.000000    0.000000    -5.897868    0.000000    0.000000  
24.202420    0.096886    0.000000    0.000000    0.234085    0.000000    0.000000    -6.063016    0.000000    0.000000  
24.212421    0.098909    0.000000    0.000000    0.172737    0.000000    0.000000    -6.192134    0.000000    0.000000  
24.222422    0.100307    0.000000    0.000000    0.110251    0.000000    0.000000    -6.284667    0.000000    0.000000  
24.232423    0.101083    0.000000    0.000000    0.047015    0.000000    0.000000    -6.340117    0.000000    0.000000  
24.242424    0.101236    0.000000    0.000000    -0.016581    0.000000    0.000000    -6.357989    0.000000    0.000000  
24.252425    0.100769    0.000000    0.000000    -0.080150    0.000000    0.000000    -6.337786    0.000000    0.000000  
24.262426    0.099684    0.000000    0.000000    -0.143304    0.000000    0.000000    -6.279010    0.000000    0.000000  
24.272427    0.097982    0.000000    0.000000    -0.205654    0.000000    0.000000    -6.181166    0.000000    0.000000  
24.282428    0.095663    0.000000    0.000000    -0.266811    0.000000    0.000000    -6.043758    0.000000    0.000000  
24.292429    0.092731    0.000000    0.000000    -0.326389    0.000000    0.000000    -5.866288    0.000000    0.000000  
24.302430    0.089186    0.000000    0.000000    -0.383997    0.000000    0.000000    -5.648269    0.000000    0.000000  
24.312431    0.085042    0.000000    0.000000    -0.439270    0.000000    0.000000    -5.390253    0.000000    0.000000  
24.322432    0.080339    0.000000    0.000000    -0.491884    0.000000    0.000000    -5.094856    0.000000    0.000000  
24.332433    0.075117    0.000000    0.000000    -0.541521    0.000000    0.000000    -4.764937    0.000000    0.000000  
24.342434    0.069417    0.000000    0.000000    -0.587862    0.000000    0.000000    -4.403353    0.000000    0.000000  
24.352435    0.063282    0.000000    0.000000    -0.630589    0.000000    0.000000    -4.012964    0.000000    0.000000  
24.362436    0.056752    0.000000    0.000000    -0.669382    0.000000    0.000000    -3.596626    0.000000    0.000000  
24.372437    0.049870    0.000000    0.000000    -0.703923    0.000000    0.000000    -3.157200    0.000000    0.000000  
24.382438    0.042676    0.000000    0.000000    -0.733893    0.000000    0.000000    -2.697542    0.000000    0.000000  
24.392439    0.035213    0.000000    0.000000    -0.758975    0.000000    0.000000    -2.220511    0.000000    0.000000  
24.402440    0.027521    0.000000    0.000000    -0.778850    0.000000    0.000000    -1.728968    0.000000    0.000000  
24.412441    0.019645    0.000000    0.000000    -0.793330    0.000000    0.000000    -1.226015    0.000000    0.000000  
24.422442    0.011640    0.000000    0.000000    -0.802482    0.000000    0.000000    -0.715233    0.000000    0.000000  
24.432443    0.003557    0.000000    0.000000    -0.806405    0.000000    0.000000    -0.200259    0.000000    0.000000  
24.442444    -0.004549    0.000000    0.000000    -0.805196    0.000000    0.000000    0.315268    0.000000    0.000000  
24.452445    -0.012624    0.000000    0.000000    -0.798952    0.000000    0.000000    0.827711    0.000000    0.000000  
24.462446    -0.020614    0.000000    0.000000    -0.787770    0.000000    0.000000    1.333433    0.000000    0.000000  
24.472447    -0.028467    0.000000    0.000000    -0.771749    0.000000    0.000000    1.828797    0.000000    0.000000  
24.482448    -0.036129    0.000000    0.000000    -0.750985    0.000000    0.000000    2.310164    0.000000    0.000000  
24.492449    -0.043544    0.000000    0.000000    -0.725576    0.000000    0.000000    2.773898    0.000000    0.000000  
24.502450    -0.050662    0.000000    0.000000    -0.695620    0.000000    0.000000    3.216367    0.000000    0.000000  
24.512451    -0.057434    0.000000    0.000000    -0.661279    0.000000    0.000000    3.634711    0.000000    0.000000  
24.522452    -0.063830    0.000000    0.000000    -0.622837    0.000000    0.000000    4.027590    0.000000    0.000000  
24.532453    -0.069822    0.000000    0.000000    -0.580597    0.000000    0.000000    4.393843    0.000000    0.000000  
24.542454    -0.075381    0.000000    0.000000    -0.534857    0.000000    0.000000    4.732305    0.000000    0.000000  
24.552455    -0.080476    0.000000    0.000000    -0.485919    0.000000    0.000000    5.041816    0.000000    0.000000  
24.562456    -0.085080    0.000000    0.000000    -0.434082    0.000000    0.000000    5.321212    0.000000    0.000000  
24.572457    -0.089162    0.000000    0.000000    -0.379648    0.000000    0.000000    5.569330    0.000000    0.000000  
24.582458    -0.092695    0.000000    0.000000    -0.322917    0.000000    0.000000    5.785010    0.000000    0.000000  
24.592459    -0.095649    0.000000    0.000000    -0.264188    0.000000    0.000000    5.967087    0.000000    0.000000  
24.602460    -0.097995    0.000000    0.000000    -0.203763    0.000000    0.000000    6.114401    0.000000    0.000000  
24.612461    -0.099714    0.000000    0.000000    -0.141971    0.000000    0.000000    6.225989    0.000000    0.000000  
24.622462    -0.100806    0.000000    0.000000    -0.079197    0.000000    0.000000    6.301273    0.000000    0.000000  
24.632463    -0.101274    0.000000    0.000000    -0.015832    0.000000    0.000000    6.339722    0.000000    0.000000  
24.642464    -0.101121    0.000000    0.000000    0.047732    0.000000    0.000000    6.340805    0.000000    0.000000  
24.652465    -0.100350    0.000000    0.000000    0.111104    0.000000    0.000000    6.303989    0.000000    0.000000  
24.662466    -0.098962    0.000000    0.000000    0.173893    0.000000    0.000000    6.228744    0.000000    0.000000  
24.672467    -0.096962    0.000000    0.000000    0.235707    0.000000    0.000000    6.114537    0.000000    0.000000  
24.682468    -0.094351    0.000000    0.000000    0.296154    0.000000    0.000000    5.960837    0.000000    0.000000  
24.692469    -0.091132    0.000000    0.000000    0.354844    0.000000    0.000000    5.767113    0.000000    0.000000  
24.702470    -0.087308    0.000000    0.000000    0.411384    0.000000    0.000000    5.532841    0.000000    0.000000  
24.712471    -0.082895    0.000000    0.000000    0.465410    0.000000    0.000000    5.258622    0.000000    0.000000  
24.722472    -0.077932    0.000000    0.000000    0.516608    0.000000    0.000000    4.947255    0.000000    0.000000  
24.732473    -0.072464    0.000000    0.000000    0.564668    0.000000    0.000000    4.601794    0.000000    0.000000  
24.742474    -0.066534    0.000000    0.000000    0.609284    0.000000    0.000000    4.225293    0.000000    0.000000  
24.752475    -0.060186    0.000000    0.000000    0.650147    0.000000    0.000000    3.820806    0.000000    0.000000  
24.762476    -0.053462    0.000000    0.000000    0.686948    0.000000    0.000000    3.391388    0.000000    0.000000  
24.772477    -0.046406    0.000000    0.000000    0.719380    0.000000    0.000000    2.940091    0.000000    0.000000  
24.782478    -0.039062    0.000000    0.000000    0.747133    0.000000    0.000000    2.469971    0.000000    0.000000  
24.792479    -0.031473    0.000000    0.000000    0.769901    0.000000    0.000000    1.984081    0.000000    0.000000  
24.802480    -0.023683    0.000000    0.000000    0.787375    0.000000    0.000000    1.485477    0.000000    0.000000  
24.812481    -0.015737    0.000000    0.000000    0.799382    0.000000    0.000000    0.977376    0.000000    0.000000  
24.822482    -0.007689    0.000000    0.000000    0.806009    0.000000    0.000000    0.463311    0.000000    0.000000  
24.832483    0.000410    0.000000    0.000000    0.807373    0.000000    0.000000    -0.053149    0.000000    0.000000  
24.842484    0.008505    0.000000    0.000000    0.803591    0.000000    0.000000    -0.568433    0.000000    0.000000  
24.852485    0.016544    0.000000    0.000000    0.794779    0.000000    0.000000    -1.078972    0.000000    0.000000  
24.862486    0.024474    0.000000    0.000000    0.781056    0.000000    0.000000    -1.581196    0.000000    0.000000  
24.872487    0.032243    0.000000    0.000000    0.762538    0.000000    0.000000    -2.071536    0.000000    0.000000  
24.882488    0.039797    0.000000    0.000000    0.739341    0.000000    0.000000    -2.546423    0.000000    0.000000  
24.892489    0.047083    0.000000    0.000000    0.711584    0.000000    0.000000    -3.002285    0.000000    0.000000  
24.902490    0.054048    0.000000    0.000000    0.679383    0.000000    0.000000    -3.435561    0.000000    0.000000  
24.912491    0.060648    0.000000    0.000000    0.642916    0.000000    0.000000    -3.843464    0.000000    0.000000  
24.922492    0.066853    0.000000    0.000000    0.602475    0.000000    0.000000    -4.224726    0.000000    0.000000  
24.932493    0.072634    0.000000    0.000000    0.558367    0.000000    0.000000    -4.578252    0.000000    0.000000  
24.942494    0.077965    0.000000    0.000000    0.510896    0.000000    0.000000    -4.902946    0.000000    0.000000  
24.952495    0.082816    0.000000    0.000000    0.460369    0.000000    0.000000    -5.197714    0.000000    0.000000  
24.962496    0.087161    0.000000    0.000000    0.407093    0.000000    0.000000    -5.461461    0.000000    0.000000  
24.972497    0.090971    0.000000    0.000000    0.351373    0.000000    0.000000    -5.693092    0.000000    0.000000  
24.982498    0.094218    0.000000    0.000000    0.293516    0.000000    0.000000    -5.891512    0.000000    0.000000  
24.992499    0.096875    0.000000    0.000000    0.233826    0.000000    0.000000    -6.055627    0.000000    0.000000  
25.002500    0.098914    0.000000    0.000000    0.172611    0.000000    0.000000    -6.184342    0.000000    0.000000  
25.012501    0.100316    0.000000    0.000000    0.110206    0.000000    0.000000    -6.276772    0.000000    0.000000  
25.022502    0.101086    0.000000    0.000000    0.047000    0.000000    0.000000    -6.332428    0.000000    0.000000  
25.032503    0.101227    0.000000    0.000000    -0.016610    0.000000    0.000000    -6.350870    0.000000    0.000000  
25.042504    0.100746    0.000000    0.000000    -0.080226    0.000000    0.000000    -6.331656    0.000000    0.000000  
25.052505    0.099646    0.000000    0.000000    -0.143453    0.000000    0.000000    -6.274345    0.000000    0.000000  
25.062506    0.097933    0.000000    0.000000    -0.205894    0.000000    0.000000    -6.178495    0.000000    0.000000  
25.072507    0.095612    0.000000    0.000000    -0.267151    0.000000    0.000000    -6.043666    0.000000    0.000000  
25.082508    0.092688    0.000000    0.000000    -0.326828    0.000000    0.000000    -5.869416    0.000000    0.000000  
25.092509    0.089165    0.000000    0.000000    -0.384528    0.000000    0.000000    -5.655303    0.000000    0.000000  
25.102510    0.085050    0.000000    0.000000    -0.439856    0.000000    0.000000    -5.400897    0.000000    0.000000  
25.112511    0.080360    0.000000    0.000000    -0.492447    0.000000    0.000000    -5.106946    0.000000    0.000000  
25.122512    0.075136    0.000000    0.000000    -0.542003    0.000000    0.000000    -4.776478    0.000000    0.000000  
25.132513    0.069423    0.000000    0.000000    -0.588232    0.000000    0.000000    -4.412788    0.000000    0.000000  
25.142514    0.063268    0.000000    0.000000    -0.630842    0.000000    0.000000    -4.019167    0.000000    0.000000  
25.152515    0.056714    0.000000    0.000000    -0.669543    0.000000    0.000000    -3.598907    0.000000    0.000000  
25.162516    0.049806    0.000000    0.000000    -0.704042    0.000000    0.000000    -3.155302    0.000000    0.000000  
25.172517    0.042590    0.000000    0.000000    -0.734047    0.000000    0.000000    -2.691642    0.000000    0.000000  
25.182518    0.035110    0.000000    0.000000    -0.759268    0.000000    0.000000    -2.211221    0.000000    0.000000  
25.192519    0.027412    0.000000    0.000000    -0.779412    0.000000    0.000000    -1.717331    0.000000    0.000000  
25.202520    0.019539    0.000000    0.000000    -0.794190    0.000000    0.000000    -1.213263    0.000000    0.000000  
25.212521    0.011540    0.000000    0.000000    -0.803447    0.000000    0.000000    -0.702348    0.000000    0.000000  
25.222522    0.003466    0.000000    0.000000    -0.807294    0.000000    0.000000    -0.187985    0.000000    0.000000  
25.232523    -0.004630    0.000000    0.000000    -0.805873    0.000000    0.000000    0.326420    0.000000    0.000000  
25.242524    -0.012696    0.000000    0.000000    -0.799325    0.000000    0.000000    0.837458    0.000000    0.000000  
25.252525    -0.020680    0.000000    0.000000    -0.787791    0.000000    0.000000    1.341724    0.000000    0.000000  
25.262526    -0.028529    0.000000    0.000000    -0.771412    0.000000    0.000000    1.835809    0.000000    0.000000  
25.272527    -0.036190    0.000000    0.000000    -0.750329    0.000000    0.000000    2.316306    0.000000    0.000000  
25.282528    -0.043612    0.000000    0.000000    -0.724684    0.000000    0.000000    2.779808    0.000000    0.000000  
25.292529    -0.050741    0.000000    0.000000    -0.694616    0.000000    0.000000    3.222908    0.000000    0.000000  
25.302530    -0.057527    0.000000    0.000000    -0.660269    0.000000    0.000000    3.642204    0.000000    0.000000  
25.312531    -0.063924    0.000000    0.000000    -0.621835    0.000000    0.000000    4.035076    0.000000    0.000000  
25.322532    -0.069905    0.000000    0.000000    -0.579607    0.000000    0.000000    4.400400    0.000000    0.000000  
25.332533    -0.075445    0.000000    0.000000    -0.533890    0.000000    0.000000    4.737225    0.000000    0.000000  
25.342534    -0.080517    0.000000    0.000000    -0.484987    0.000000    0.000000    5.044598    0.000000    0.000000  
25.352535    -0.085097    0.000000    0.000000    -0.433202    0.000000    0.000000    5.321567    0.000000    0.000000  
25.362536    -0.089158    0.000000    0.000000    -0.378840    0.000000    0.000000    5.567182    0.000000    0.000000  
25.372537    -0.092676    0.000000    0.000000    -0.322206    0.000000    0.000000    5.780488    0.000000    0.000000  
25.382538    -0.095623    0.000000    0.000000    -0.263602    0.000000    0.000000    5.960536    0.000000    0.000000  
25.392539    -0.097975    0.000000    0.000000    -0.203334    0.000000    0.000000    6.106371    0.000000    0.000000  
25.402540    -0.099705    0.000000    0.000000    -0.141706    0.000000    0.000000    6.217045    0.000000    0.000000  
25.412541    -0.100799    0.000000    0.000000    -0.079051    0.000000    0.000000    6.291763    0.000000    0.000000  
25.422542    -0.101261    0.000000    0.000000    -0.015761    0.000000    0.000000    6.330030    0.000000    0.000000  
25.432543    -0.101095    0.000000    0.000000    0.047769    0.000000    0.000000    6.331386    0.000000    0.000000  
25.442544    -0.100309    0.000000    0.000000    0.111140    0.000000    0.000000    6.295370    0.000000    0.000000  
25.452545    -0.098909    0.000000    0.000000    0.173955    0.000000    0.000000    6.221522    0.000000    0.000000  
25.462546    -0.096901    0.000000    0.000000    0.235819    0.000000    0.000000    6.109383    0.000000    0.000000  
25.472547    -0.094290    0.000000    0.000000    0.296334    0.000000    0.000000    5.958491    0.000000    0.000000  
25.482548    -0.091083    0.000000    0.000000    0.355102    0.000000    0.000000    5.768386    0.000000    0.000000  
25.492549    -0.087286    0.000000    0.000000    0.411727    0.000000    0.000000    5.538608    0.000000    0.000000  
25.502550    -0.082905    0.000000    0.000000    0.465813    0.000000    0.000000    5.268707    0.000000    0.000000  
25.512551    -0.077960    0.000000    0.000000    0.516999    0.000000    0.000000    4.959483    0.000000    0.000000  
25.522552    -0.072494    0.000000    0.000000    0.564995    0.000000    0.000000    4.614131    0.000000    0.000000  
25.532553    -0.066553    0.000000    0.000000    0.609520    0.000000    0.000000    4.236114    0.000000    0.000000  
25.542554    -0.060186    0.000000    0.000000    0.650292    0.000000    0.000000    3.828896    0.000000    0.000000  
25.552555    -0.053439    0.000000    0.000000    0.687029    0.000000    0.000000    3.395943    0.000000    0.000000  
25.562556    -0.046358    0.000000    0.000000    0.719449    0.000000    0.000000    2.940717    0.000000    0.000000  
25.572557    -0.038990    0.000000    0.000000    0.747271    0.000000    0.000000    2.466684    0.000000    0.000000  
25.582558    -0.031383    0.000000    0.000000    0.770212    0.000000    0.000000    1.977307    0.000000    0.000000  
25.592559    -0.023582    0.000000    0.000000    0.787992    0.000000    0.000000    1.476051    0.000000    0.000000  
25.602560    -0.015634    0.000000    0.000000    0.800328    0.000000    0.000000    0.966380    0.000000    0.000000  
25.612561    -0.007589    0.000000    0.000000    0.807082    0.000000    0.000000    0.451719    0.000000    0.000000  
25.622562    0.000503    0.000000    0.000000    0.808385    0.000000    0.000000    -0.064577    0.000000    0.000000  
25.632563    0.008591    0.000000    0.000000    0.804398    0.000000    0.000000    -0.579165    0.000000    0.000000  
25.642564    0.016622    0.000000    0.000000    0.795281    0.000000    0.000000    -1.088699    0.000000    0.000000  
25.652565    0.024545    0.000000    0.000000    0.781197    0.000000    0.000000    -1.589834    0.000000    0.000000  
25.662566    0.032310    0.000000    0.000000    0.762305    0.000000    0.000000    -2.079225    0.000000    0.000000  
25.672567    0.039863    0.000000    0.000000    0.738767    0.000000    0.000000    -2.553526    0.000000    0.000000  
25.682568    0.047154    0.000000    0.000000    0.710745    0.000000    0.000000    -3.009393    0.000000    0.000000  
25.692569    0.054131    0.000000    0.000000    0.678398    0.000000    0.000000    -3.443481    0.000000    0.000000  
25.702570    0.060743    0.000000    0.000000    0.641890    0.000000    0.000000    -3.852452    0.000000    0.000000  
25.712571    0.066946    0.000000    0.000000    0.601428    0.000000    0.000000    -4.233754    0.000000    0.000000  
25.722572    0.072716    0.000000    0.000000    0.557311    0.000000    0.000000    -4.586342    0.000000    0.000000  
25.732573    0.078026    0.000000    0.000000    0.509848    0.000000    0.000000    -4.909333    0.000000    0.000000  
25.742574    0.082853    0.000000    0.000000    0.459349    0.000000    0.000000    -5.201849    0.000000    0.000000  
25.752575    0.087173    0.000000    0.000000    0.406123    0.000000    0.000000    -5.463011    0.000000    0.000000  
25.762576    0.090961    0.000000    0.000000    0.350477    0.000000    0.000000    -5.691937    0.000000    0.000000  
25.772577    0.094192    0.000000    0.000000    0.292722    0.000000    0.000000    -5.887748    0.000000    0.000000  
25.782578    0.096842    0.000000    0.000000    0.233166    0.000000    0.000000    -6.049565    0.000000    0.000000  
25.792579    0.098887    0.000000    0.000000    0.172119    0.000000    0.000000    -6.176507    0.000000    0.000000  
25.802580    0.100303    0.000000    0.000000    0.109889    0.000000    0.000000    -6.267697    0.000000    0.000000  
25.812581    0.101075    0.000000    0.000000    0.046816    0.000000    0.000000    -6.322426    0.000000    0.000000  
25.822582    0.101210    0.000000    0.000000    -0.016706    0.000000    0.000000    -6.340314    0.000000    0.000000  
25.832583    0.100717    0.000000    0.000000    -0.080274    0.000000    0.000000    -6.321015    0.000000    0.000000  
25.842584    0.099603    0.000000    0.000000    -0.143489    0.000000    0.000000    -6.264181    0.000000    0.000000  
25.852585    0.097877    0.000000    0.000000    -0.205947    0.000000    0.000000    -6.169469    0.000000    0.000000  
25.862586    0.095548    0.000000    0.000000    -0.267248    0.000000    0.000000    -6.036533    0.000000    0.000000  
25.872587    0.092624    0.000000    0.000000    -0.326991    0.000000    0.000000    -5.865026    0.000000    0.000000  
25.882588    0.089113    0.000000    0.000000    -0.384773    0.000000    0.000000    -5.654602    0.000000    0.000000  
25.892589    0.085024    0.000000    0.000000    -0.440194    0.000000    0.000000    -5.404917    0.000000    0.000000  
25.902590    0.080365    0.000000    0.000000    -0.492853    0.000000    0.000000    -5.115636    0.000000    0.000000  
25.912591    0.075157    0.000000    0.000000    -0.542392    0.000000    0.000000    -4.787716    0.000000    0.000000  
25.922592    0.069447    0.000000    0.000000    -0.588542    0.000000    0.000000    -4.424559    0.000000    0.000000  
25.932593    0.063282    0.000000    0.000000    -0.631040    0.000000    0.000000    -4.029839    0.000000    0.000000  
25.942594    0.056710    0.000000    0.000000    -0.669623    0.000000    0.000000    -3.607232    0.000000    0.000000  
25.952595    0.049779    0.000000    0.000000    -0.704031    0.000000    0.000000    -3.160411    0.000000    0.000000  
25.962596    0.042539    0.000000    0.000000    -0.734001    0.000000    0.000000    -2.693053    0.000000    0.000000  
25.972597    0.035036    0.000000    0.000000    -0.759271    0.000000    0.000000    -2.208830    0.000000    0.000000  
25.982598    0.027318    0.000000    0.000000    -0.779580    0.000000    0.000000    -1.711419    0.000000    0.000000  
25.992599    0.019435    0.000000    0.000000    -0.794665    0.000000    0.000000    -1.204495    0.000000    0.000000  
26.002600    0.011435    0.000000    0.000000    -0.804265    0.000000    0.000000    -0.691729    0.000000    0.000000  
26.012601    0.003365    0.000000    0.000000    -0.808264    0.000000    0.000000    -0.176628    0.000000    0.000000  
26.022602    -0.004723    0.000000    0.000000    -0.806813    0.000000    0.000000    0.337620    0.000000    0.000000  
26.032603    -0.012779    0.000000    0.000000    -0.800094    0.000000    0.000000    0.847862    0.000000    0.000000  
26.042604    -0.020751    0.000000    0.000000    -0.788290    0.000000    0.000000    1.350943    0.000000    0.000000  
26.052605    -0.028590    0.000000    0.000000    -0.771582    0.000000    0.000000    1.843711    0.000000    0.000000  
26.062606    -0.036245    0.000000    0.000000    -0.750153    0.000000    0.000000    2.323013    0.000000    0.000000  
26.072607    -0.043665    0.000000    0.000000    -0.724185    0.000000    0.000000    2.785695    0.000000    0.000000  
26.082608    -0.050799    0.000000    0.000000    -0.693860    0.000000    0.000000    3.228604    0.000000    0.000000  
26.092609    -0.057598    0.000000    0.000000    -0.659360    0.000000    0.000000    3.648587    0.000000    0.000000  
26.102610    -0.064009    0.000000    0.000000    -0.620867    0.000000    0.000000    4.042497    0.000000    0.000000  
26.112611    -0.069992    0.000000    0.000000    -0.578605    0.000000    0.000000    4.407955    0.000000    0.000000  
26.122612    -0.075523    0.000000    0.000000    -0.532872    0.000000    0.000000    4.744030    0.000000    0.000000  
26.132613    -0.080579    0.000000    0.000000    -0.483974    0.000000    0.000000    5.049949    0.000000    0.000000  
26.142614    -0.085138    0.000000    0.000000    -0.432218    0.000000    0.000000    5.324941    0.000000    0.000000  
26.152615    -0.089177    0.000000    0.000000    -0.377911    0.000000    0.000000    5.568233    0.000000    0.000000  
26.162616    -0.092674    0.000000    0.000000    -0.321360    0.000000    0.000000    5.779054    0.000000    0.000000  
26.172617    -0.095607    0.000000    0.000000    -0.262871    0.000000    0.000000    5.956631    0.000000    0.000000  
26.182618    -0.097953    0.000000    0.000000    -0.202751    0.000000    0.000000    6.100192    0.000000    0.000000  
26.192619    -0.099690    0.000000    0.000000    -0.141307    0.000000    0.000000    6.208966    0.000000    0.000000  
26.202620    -0.100796    0.000000    0.000000    -0.078846    0.000000    0.000000    6.282182    0.000000    0.000000  
26.212621    -0.101258    0.000000    0.000000    -0.015705    0.000000    0.000000    6.319212    0.000000    0.000000  
26.222622    -0.101085    0.000000    0.000000    0.047720    0.000000    0.000000    6.319695    0.000000    0.000000  
26.232623    -0.100286    0.000000    0.000000    0.111029    0.000000    0.000000    6.283301    0.000000    0.000000  
26.242624    -0.098870    0.000000    0.000000    0.173820    0.000000    0.000000    6.209700    0.000000    0.000000  
26.252625    -0.096848    0.000000    0.000000    0.235692    0.000000    0.000000    6.098560    0.000000    0.000000  
26.262626    -0.094229    0.000000    0.000000    0.296244    0.000000    0.000000    5.949551    0.000000    0.000000  
26.272627    -0.091023    0.000000    0.000000    0.355075    0.000000    0.000000    5.762343    0.000000    0.000000  
26.282628    -0.087239    0.000000    0.000000    0.411783    0.000000    0.000000    5.536605    0.000000    0.000000  
26.292629    -0.082887    0.000000    0.000000    0.465968    0.000000    0.000000    5.272006    0.000000    0.000000  
26.302630    -0.077978    0.000000    0.000000    0.517228    0.000000    0.000000    4.968228    0.000000    0.000000  
26.312631    -0.072533    0.000000    0.000000    0.565212    0.000000    0.000000    4.626290    0.000000    0.000000  
26.322632    -0.066600    0.000000    0.000000    0.609659    0.000000    0.000000    4.249713    0.000000    0.000000  
26.332633    -0.060228    0.000000    0.000000    0.650321    0.000000    0.000000    3.842296    0.000000    0.000000  
26.342634    -0.053468    0.000000    0.000000    0.686946    0.000000    0.000000    3.407835    0.000000    0.000000  
26.352635    -0.046368    0.000000    0.000000    0.719284    0.000000    0.000000    2.950129    0.000000    0.000000  
26.362636    -0.038979    0.000000    0.000000    0.747087    0.000000    0.000000    2.472975    0.000000    0.000000  
26.372637    -0.031349    0.000000    0.000000    0.770103    0.000000    0.000000    1.980171    0.000000    0.000000  
26.382638    -0.023530    0.000000    0.000000    0.788084    0.000000    0.000000    1.475514    0.000000    0.000000  
26.392639    -0.015570    0.000000    0.000000    0.800778    0.000000    0.000000    0.962803    0.000000    0.000000  
26.402640    -0.007520    0.000000    0.000000    0.807938    0.000000    0.000000    0.445833    0.000000    0.000000  
26.412641    0.000572    0.000000    0.000000    0.809460    0.000000    0.000000    -0.071821    0.000000    0.000000  
26.422642    0.008655    0.000000    0.000000    0.805512    0.000000    0.000000    -0.586996    0.000000    0.000000  
26.432643    0.016679    0.000000    0.000000    0.796292    0.000000    0.000000    -1.096573    0.000000    0.000000  
26.442644    0.024595    0.000000    0.000000    0.781999    0.000000    0.000000    -1.597433    0.000000    0.000000  
26.452645    0.032353    0.000000    0.000000    0.762831    0.000000    0.000000    -2.086459    0.000000    0.000000  
26.462646    0.039903    0.000000    0.000000    0.738985    0.000000    0.000000    -2.560532    0.000000    0.000000  
26.472647    0.047196    0.000000    0.000000    0.710660    0.000000    0.000000    -3.016534    0.000000    0.000000  
26.482648    0.054181    0.000000    0.000000    0.678054    0.000000    0.000000    -3.451346    0.000000    0.000000  
26.492649    0.060808    0.000000    0.000000    0.641365    0.000000    0.000000    -3.861850    0.000000    0.000000  
26.502650    0.067029    0.000000    0.000000    0.600791    0.000000    0.000000    -4.244935    0.000000    0.000000  
26.512651    0.072802    0.000000    0.000000    0.556569    0.000000    0.000000    -4.598275    0.000000    0.000000  
26.522652    0.078105    0.000000    0.000000    0.509007    0.000000    0.000000    -4.921004    0.000000    0.000000  
26.532653    0.082916    0.000000    0.000000    0.458422    0.000000    0.000000    -5.212416    0.000000    0.000000  
26.542654    0.087215    0.000000    0.000000    0.405129    0.000000    0.000000    -5.471806    0.000000    0.000000  
26.552655    0.090981    0.000000    0.000000    0.349443    0.000000    0.000000    -5.698468    0.000000    0.000000  
26.562656    0.094192    0.000000    0.000000    0.291682    0.000000    0.000000    -5.891696    0.000000    0.000000  
26.572657    0.096827    0.000000    0.000000    0.232160    0.000000    0.000000    -6.050785    0.000000    0.000000  
26.582658    0.098865    0.000000    0.000000    0.171194    0.000000    0.000000    -6.175029    0.000000    0.000000  
26.592659    0.100286    0.000000    0.000000    0.109100    0.000000    0.000000    -6.263722    0.000000    0.000000  
26.602660    0.101067    0.000000    0.000000    0.046194    0.000000    0.000000    -6.316160    0.000000    0.000000  
26.612661    0.101200    0.000000    0.000000    -0.017181    0.000000    0.000000    -6.331820    0.000000    0.000000  
26.622662    0.100694    0.000000    0.000000    -0.080628    0.000000    0.000000    -6.310513    0.000000    0.000000  
26.632663    0.099562    0.000000    0.000000    -0.143746    0.000000    0.000000    -6.252085    0.000000    0.000000  
26.642664    0.097815    0.000000    0.000000    -0.206135    0.000000    0.000000    -6.156386    0.000000    0.000000  
26.652665    0.095467    0.000000    0.000000    -0.267392    0.000000    0.000000    -6.023262    0.000000    0.000000  
26.662666    0.092528    0.000000    0.000000    -0.327118    0.000000    0.000000    -5.852562    0.000000    0.000000  
26.672667    0.089013    0.000000    0.000000    -0.384910    0.000000    0.000000    -5.644131    0.000000    0.000000  
26.682668    0.084932    0.000000    0.000000    -0.440367    0.000000    0.000000    -5.397820    0.000000    0.000000  
26.692669    0.080299    0.000000    0.000000    -0.493089    0.000000    0.000000    -5.113474    0.000000    0.000000  
26.702670    0.075126    0.000000    0.000000    -0.542674    0.000000    0.000000    -4.790954    0.000000    0.000000  
26.712671    0.069437    0.000000    0.000000    -0.588779    0.000000    0.000000    -4.431458    0.000000    0.000000  
26.722672    0.063281    0.000000    0.000000    -0.631163    0.000000    0.000000    -4.038659    0.000000    0.000000  
26.732673    0.056708    0.000000    0.000000    -0.669599    0.000000    0.000000    -3.616500    0.000000    0.000000  
26.742674    0.049769    0.000000    0.000000    -0.703857    0.000000    0.000000    -3.168923    0.000000    0.000000  
26.752675    0.042515    0.000000    0.000000    -0.733710    0.000000    0.000000    -2.699873    0.000000    0.000000  
26.762676    0.034995    0.000000    0.000000    -0.758930    0.000000    0.000000    -2.213290    0.000000    0.000000  
26.772677    0.027261    0.000000    0.000000    -0.779287    0.000000    0.000000    -1.713119    0.000000    0.000000  
26.782678    0.019363    0.000000    0.000000    -0.794554    0.000000    0.000000    -1.203301    0.000000    0.000000  
26.792679    0.011352    0.000000    0.000000    -0.804502    0.000000    0.000000    -0.687780    0.000000    0.000000  
26.802680    0.003277    0.000000    0.000000    -0.808905    0.000000    0.000000    -0.170496    0.000000    0.000000  
26.812681    -0.004809    0.000000    0.000000    -0.807680    0.000000    0.000000    0.344951    0.000000    0.000000  
26.822682    -0.012860    0.000000    0.000000    -0.801016    0.000000    0.000000    0.855579    0.000000    0.000000  
26.832683    -0.020826    0.000000    0.000000    -0.789129    0.000000    0.000000    1.358477    0.000000    0.000000  
26.842684    -0.028657    0.000000    0.000000    -0.772235    0.000000    0.000000    1.850733    0.000000    0.000000  
26.852685    -0.036306    0.000000    0.000000    -0.750550    0.000000    0.000000    2.329434    0.000000    0.000000  
26.862686    -0.043723    0.000000    0.000000    -0.724292    0.000000    0.000000    2.791668    0.000000    0.000000  
26.872687    -0.050859    0.000000    0.000000    -0.693677    0.000000    0.000000    3.234523    0.000000    0.000000  
26.882688    -0.057665    0.000000    0.000000    -0.658921    0.000000    0.000000    3.655088    0.000000    0.000000  
26.892689    -0.064093    0.000000    0.000000    -0.620240    0.000000    0.000000    4.050449    0.000000    0.000000  
26.902690    -0.070093    0.000000    0.000000    -0.577853    0.000000    0.000000    4.417702    0.000000    0.000000  
26.912691    -0.075627    0.000000    0.000000    -0.532006    0.000000    0.000000    4.754688    0.000000    0.000000  
26.922692    -0.080674    0.000000    0.000000    -0.483006    0.000000    0.000000    5.060623    0.000000    0.000000  
26.932693    -0.085215    0.000000    0.000000    -0.431167    0.000000    0.000000    5.334871    0.000000    0.000000  
26.942694    -0.089231    0.000000    0.000000    -0.376799    0.000000    0.000000    5.576795    0.000000    0.000000  
26.952695    -0.092703    0.000000    0.000000    -0.320217    0.000000    0.000000    5.785760    0.000000    0.000000  
26.962696    -0.095612    0.000000    0.000000    -0.261732    0.000000    0.000000    5.961130    0.000000    0.000000  
26.972697    -0.097940    0.000000    0.000000    -0.201657    0.000000    0.000000    6.102268    0.000000    0.000000  
26.982698    -0.099667    0.000000    0.000000    -0.140305    0.000000    0.000000    6.208539    0.000000    0.000000  
26.992699    -0.100775    0.000000    0.000000    -0.077987    0.000000    0.000000    6.279306    0.000000    0.000000  
27.002700    -0.101244    0.000000    0.000000    -0.015018    0.000000    0.000000    6.313936    0.000000    0.000000  
27.012701    -0.101067    0.000000    0.000000    0.048260    0.000000    0.000000    6.311966    0.000000    0.000000  
27.022702    -0.100255    0.000000    0.000000    0.111453    0.000000    0.000000    6.273255    0.000000    0.000000  
27.032703    -0.098822    0.000000    0.000000    0.174156    0.000000    0.000000    6.197694    0.000000    0.000000  
27.042704    -0.096780    0.000000    0.000000    0.235970    0.000000    0.000000    6.085174    0.000000    0.000000  
27.052705    -0.094143    0.000000    0.000000    0.296490    0.000000    0.000000    5.935586    0.000000    0.000000  
27.062706    -0.090924    0.000000    0.000000    0.355317    0.000000    0.000000    5.748822    0.000000    0.000000  
27.072707    -0.087138    0.000000    0.000000    0.412046    0.000000    0.000000    5.524773    0.000000    0.000000  
27.082708    -0.082796    0.000000    0.000000    0.466278    0.000000    0.000000    5.263331    0.000000    0.000000  
27.092709    -0.077914    0.000000    0.000000    0.517609    0.000000    0.000000    4.964387    0.000000    0.000000  
27.102710    -0.072503    0.000000    0.000000    0.565638    0.000000    0.000000    4.627846    0.000000    0.000000  
27.112711    -0.066591    0.000000    0.000000    0.610026    0.000000    0.000000    4.254983    0.000000    0.000000  
27.122712    -0.060227    0.000000    0.000000    0.650547    0.000000    0.000000    3.849584    0.000000    0.000000  
27.132713    -0.053463    0.000000    0.000000    0.686989    0.000000    0.000000    3.415704    0.000000    0.000000  
27.142714    -0.046353    0.000000    0.000000    0.719139    0.000000    0.000000    2.957398    0.000000    0.000000  
27.152715    -0.038947    0.000000    0.000000    0.746783    0.000000    0.000000    2.478720    0.000000    0.000000  
27.162716    -0.031298    0.000000    0.000000    0.769708    0.000000    0.000000    1.983726    0.000000    0.000000  
27.172717    -0.023458    0.000000    0.000000    0.787702    0.000000    0.000000    1.476470    0.000000    0.000000  
27.182718    -0.015480    0.000000    0.000000    0.800550    0.000000    0.000000    0.961007    0.000000    0.000000  
27.192719    -0.007416    0.000000    0.000000    0.808041    0.000000    0.000000    0.441392    0.000000    0.000000  
27.202720    0.000682    0.000000    0.000000    0.809962    0.000000    0.000000    -0.078324    0.000000    0.000000  
27.212721    0.008764    0.000000    0.000000    0.806247    0.000000    0.000000    -0.594487    0.000000    0.000000  
27.222722    0.016781    0.000000    0.000000    0.797100    0.000000    0.000000    -1.104167    0.000000    0.000000  
27.232723    0.024686    0.000000    0.000000    0.782748    0.000000    0.000000    -1.604513    0.000000    0.000000  
27.242724    0.032431    0.000000    0.000000    0.763424    0.000000    0.000000    -2.092673    0.000000    0.000000  
27.252725    0.039970    0.000000    0.000000    0.739356    0.000000    0.000000    -2.565796    0.000000    0.000000  
27.262726    0.047254    0.000000    0.000000    0.710775    0.000000    0.000000    -3.021028    0.000000    0.000000  
27.272727    0.054235    0.000000    0.000000    0.677911    0.000000    0.000000    -3.455518    0.000000    0.000000  
27.282728    0.060867    0.000000    0.000000    0.640994    0.000000    0.000000    -3.866415    0.000000    0.000000  
27.292729    0.067101    0.000000    0.000000    0.600254    0.000000    0.000000    -4.250866    0.000000    0.000000  
27.302730    0.072891    0.000000    0.000000    0.555921    0.000000    0.000000    -4.606027    0.000000    0.000000  
27.312731    0.078199    0.000000    0.000000    0.508257    0.000000    0.000000    -4.929802    0.000000    0.000000  
27.322732    0.083005    0.000000    0.000000    0.457577    0.000000    0.000000    -5.221454    0.000000    0.000000  
27.332733    0.087290    0.000000    0.000000    0.404204    0.000000    0.000000    -5.480393    0.000000    0.000000  
27.342734    0.091037    0.000000    0.000000    0.348459    0.000000    0.000000    -5.706029    0.000000    0.000000  
27.352735    0.094229    0.000000    0.000000    0.290665    0.000000    0.000000    -5.897772    0.000000    0.000000  
27.362736    0.096847    0.000000    0.000000    0.231142    0.000000    0.000000    -6.055030    0.000000    0.000000  
27.372737    0.098873    0.000000    0.000000    0.170215    0.000000    0.000000    -6.177214    0.000000    0.000000  
27.382738    0.100289    0.000000    0.000000    0.108203    0.000000    0.000000    -6.263733    0.000000    0.000000  
27.392739    0.101078    0.000000    0.000000    0.045430    0.000000    0.000000    -6.313997    0.000000    0.000000  
27.402740    0.101221    0.000000    0.000000    -0.017782    0.000000    0.000000    -6.327418    0.000000    0.000000  
27.412741    0.100713    0.000000    0.000000    -0.081085    0.000000    0.000000    -6.303640    0.000000    0.000000  
27.422742    0.099567    0.000000    0.000000    -0.144085    0.000000    0.000000    -6.242732    0.000000    0.000000  
27.432743    0.097799    0.000000    0.000000    -0.206381    0.000000    0.000000    -6.144807    0.000000    0.000000  
27.442744    0.095427    0.000000    0.000000    -0.267572    0.000000    0.000000    -6.009979    0.000000    0.000000  
27.452745    0.092467    0.000000    0.000000    -0.327259    0.000000    0.000000    -5.838362    0.000000    0.000000  
27.462746    0.088934    0.000000    0.000000    -0.385042    0.000000    0.000000    -5.630067    0.000000    0.000000  
27.472747    0.084846    0.000000    0.000000    -0.440521    0.000000    0.000000    -5.385210    0.000000    0.000000  
27.482748    0.080219    0.000000    0.000000    -0.493295    0.000000    0.000000    -5.103902    0.000000    0.000000  
27.492749    0.075069    0.000000    0.000000    -0.542964    0.000000    0.000000    -4.786258    0.000000    0.000000  
27.502750    0.069413    0.000000    0.000000    -0.589129    0.000000    0.000000    -4.432405    0.000000    0.000000  
27.512751    0.063279    0.000000    0.000000    -0.631461    0.000000    0.000000    -4.043801    0.000000    0.000000  
27.522752    0.056718    0.000000    0.000000    -0.669758    0.000000    0.000000    -3.624318    0.000000    0.000000  
27.532753    0.049781    0.000000    0.000000    -0.703829    0.000000    0.000000    -3.178084    0.000000    0.000000  
27.542754    0.042522    0.000000    0.000000    -0.733487    0.000000    0.000000    -2.709228    0.000000    0.000000  
27.552755    0.034993    0.000000    0.000000    -0.758542    0.000000    0.000000    -2.221875    0.000000    0.000000  
27.562756    0.027245    0.000000    0.000000    -0.778806    0.000000    0.000000    -1.720155    0.000000    0.000000  
27.572757    0.019333    0.000000    0.000000    -0.794088    0.000000    0.000000    -1.208193    0.000000    0.000000  
27.582758    0.011308    0.000000    0.000000    -0.804202    0.000000    0.000000    -0.690119    0.000000    0.000000  
27.592759    0.003222    0.000000    0.000000    -0.808956    0.000000    0.000000    -0.170059    0.000000    0.000000  
27.602760    -0.004871    0.000000    0.000000    -0.808164    0.000000    0.000000    0.347863    0.000000    0.000000  
27.612761    -0.012922    0.000000    0.000000    -0.801783    0.000000    0.000000    0.860011    0.000000    0.000000  
27.622762    -0.020883    0.000000    0.000000    -0.790027    0.000000    0.000000    1.363621    0.000000    0.000000  
27.632763    -0.028708    0.000000    0.000000    -0.773139    0.000000    0.000000    1.856022    0.000000    0.000000  
27.642764    -0.036348    0.000000    0.000000    -0.751364    0.000000    0.000000    2.334546    0.000000    0.000000  
27.652765    -0.043759    0.000000    0.000000    -0.724943    0.000000    0.000000    2.796520    0.000000    0.000000  
27.662766    -0.050892    0.000000    0.000000    -0.694120    0.000000    0.000000    3.239275    0.000000    0.000000  
27.672767    -0.057701    0.000000    0.000000    -0.659138    0.000000    0.000000    3.660141    0.000000    0.000000  
27.682768    -0.064140    0.000000    0.000000    -0.620239    0.000000    0.000000    4.056447    0.000000    0.000000  
27.692769    -0.070160    0.000000    0.000000    -0.577667    0.000000    0.000000    4.425522    0.000000    0.000000  
27.702770    -0.075716    0.000000    0.000000    -0.531666    0.000000    0.000000    4.764705    0.000000    0.000000  
27.712771    -0.080771    0.000000    0.000000    -0.482505    0.000000    0.000000    5.072041    0.000000    0.000000  
27.722772    -0.085308    0.000000    0.000000    -0.430501    0.000000    0.000000    5.346856    0.000000    0.000000  
27.732773    -0.089311    0.000000    0.000000    -0.375977    0.000000    0.000000    5.588609    0.000000    0.000000  
27.742774    -0.092765    0.000000    0.000000    -0.319257    0.000000    0.000000    5.796761    0.000000    0.000000  
27.752775    -0.095653    0.000000    0.000000    -0.260662    0.000000    0.000000    5.970770    0.000000    0.000000  
27.762776    -0.097960    0.000000    0.000000    -0.200515    0.000000    0.000000    6.110097    0.000000    0.000000  
27.772777    -0.099671    0.000000    0.000000    -0.139139    0.000000    0.000000    6.214201    0.000000    0.000000  
27.782778    -0.100771    0.000000    0.000000    -0.076857    0.000000    0.000000    6.282542    0.000000    0.000000  
27.792779    -0.101242    0.000000    0.000000    -0.013991    0.000000    0.000000    6.314580    0.000000    0.000000  
27.802780    -0.101071    0.000000    0.000000    0.049136    0.000000    0.000000    6.309777    0.000000    0.000000  
27.812781    -0.100252    0.000000    0.000000    0.112176    0.000000    0.000000    6.267844    0.000000    0.000000  
27.822782    -0.098801    0.000000    0.000000    0.174736    0.000000    0.000000    6.188942    0.000000    0.000000  
27.832783    -0.096735    0.000000    0.000000    0.236420    0.000000    0.000000    6.073276    0.000000    0.000000  
27.842784    -0.094073    0.000000    0.000000    0.296830    0.000000    0.000000    5.921055    0.000000    0.000000  
27.852785    -0.090831    0.000000    0.000000    0.355568    0.000000    0.000000    5.732484    0.000000    0.000000  
27.862786    -0.087027    0.000000    0.000000    0.412239    0.000000    0.000000    5.507770    0.000000    0.000000  
27.872787    -0.082679    0.000000    0.000000    0.466444    0.000000    0.000000    5.247121    0.000000    0.000000  
27.882788    -0.077804    0.000000    0.000000    0.517787    0.000000    0.000000    4.950742    0.000000    0.000000  
27.892789    -0.072419    0.000000    0.000000    0.565869    0.000000    0.000000    4.618841    0.000000    0.000000  
27.902790    -0.066543    0.000000    0.000000    0.610296    0.000000    0.000000    4.251638    0.000000    0.000000  
27.912791    -0.060205    0.000000    0.000000    0.650745    0.000000    0.000000    3.850687    0.000000    0.000000  
27.922792    -0.053456    0.000000    0.000000    0.687029    0.000000    0.000000    3.419931    0.000000    0.000000  
27.932793    -0.046351    0.000000    0.000000    0.718974    0.000000    0.000000    2.963562    0.000000    0.000000  
27.942794    -0.038944    0.000000    0.000000    0.746407    0.000000    0.000000    2.485773    0.000000    0.000000  
27.952795    -0.031288    0.000000    0.000000    0.769155    0.000000    0.000000    1.990756    0.000000    0.000000  
27.962796    -0.023437    0.000000    0.000000    0.787045    0.000000    0.000000    1.482702    0.000000    0.000000  
27.972797    -0.015445    0.000000    0.000000    0.799903    0.000000    0.000000    0.965805    0.000000    0.000000  
27.982798    -0.007366    0.000000    0.000000    0.807555    0.000000    0.000000    0.444256    0.000000    0.000000  
27.992799    0.000745    0.000000    0.000000    0.809829    0.000000    0.000000    -0.077753    0.000000    0.000000  
28.002800    0.008836    0.000000    0.000000    0.806552    0.000000    0.000000    -0.596034    0.000000    0.000000  
28.012801    0.016855    0.000000    0.000000    0.797697    0.000000    0.000000    -1.106933    0.000000    0.000000  
28.022802    0.024756    0.000000    0.000000    0.783492    0.000000    0.000000    -1.607741    0.000000    0.000000  
28.032803    0.032494    0.000000    0.000000    0.764193    0.000000    0.000000    -2.095850    0.000000    0.000000  
28.042804    0.040024    0.000000    0.000000    0.740056    0.000000    0.000000    -2.568652    0.000000    0.000000  
28.052805    0.047300    0.000000    0.000000    0.711336    0.000000    0.000000    -3.023536    0.000000    0.000000  
28.062806    0.054277    0.000000    0.000000    0.678288    0.000000    0.000000    -3.457896    0.000000    0.000000  
28.072807    0.060909    0.000000    0.000000    0.641169    0.000000    0.000000    -3.869122    0.000000    0.000000  
28.082808    0.067152    0.000000    0.000000    0.600234    0.000000    0.000000    -4.254605    0.000000    0.000000  
28.092809    0.072959    0.000000    0.000000    0.555739    0.000000    0.000000    -4.611736    0.000000    0.000000  
28.102810    0.078286    0.000000    0.000000    0.507939    0.000000    0.000000    -4.937915    0.000000    0.000000  
28.112811    0.083098    0.000000    0.000000    0.457117    0.000000    0.000000    -5.231246    0.000000    0.000000  
28.122812    0.087378    0.000000    0.000000    0.403597    0.000000    0.000000    -5.491090    0.000000    0.000000  
28.132813    0.091111    0.000000    0.000000    0.347712    0.000000    0.000000    -5.716939    0.000000    0.000000  
28.142814    0.094284    0.000000    0.000000    0.289792    0.000000    0.000000    -5.908285    0.000000    0.000000  
28.152815    0.096881    0.000000    0.000000    0.230170    0.000000    0.000000    -6.064620    0.000000    0.000000  
28.162816    0.098888    0.000000    0.000000    0.169175    0.000000    0.000000    -6.185437    0.000000    0.000000  
28.172817    0.100290    0.000000    0.000000    0.107139    0.000000    0.000000    -6.270226    0.000000    0.000000  
28.182818    0.101074    0.000000    0.000000    0.044393    0.000000    0.000000    -6.318480    0.000000    0.000000  
28.192819    0.101224    0.000000    0.000000    -0.018732    0.000000    0.000000    -6.329690    0.000000    0.000000  
28.202820    0.100725    0.000000    0.000000    -0.081904    0.000000    0.000000    -6.303353    0.000000    0.000000  
28.212821    0.099576    0.000000    0.000000    -0.144770    0.000000    0.000000    -6.239290    0.000000    0.000000  
28.222822    0.097795    0.000000    0.000000    -0.206940    0.000000    0.000000    -6.137905    0.000000    0.000000  
28.232823    0.095401    0.000000    0.000000    -0.268019    0.000000    0.000000    -5.999661    0.000000    0.000000  
28.242824    0.092416    0.000000    0.000000    -0.327612    0.000000    0.000000    -5.825022    0.000000    0.000000  
28.252825    0.088861    0.000000    0.000000    -0.385323    0.000000    0.000000    -5.614449    0.000000    0.000000  
28.262826    0.084754    0.000000    0.000000    -0.440759    0.000000    0.000000    -5.368408    0.000000    0.000000  
28.272827    0.080118    0.000000    0.000000    -0.493524    0.000000    0.000000    -5.087361    0.000000    0.000000  
28.282828    0.074972    0.000000    0.000000    -0.543223    0.000000    0.000000    -4.771770    0.000000    0.000000  
28.292829    0.069337    0.000000    0.000000    -0.589462    0.000000    0.000000    -4.422101    0.000000    0.000000  
28.302830    0.063234    0.000000    0.000000    -0.631846    0.000000    0.000000    -4.038829    0.000000    0.000000  
28.312831    0.056694    0.000000    0.000000    -0.670065    0.000000    0.000000    -3.623698    0.000000    0.000000  
28.322832    0.049770    0.000000    0.000000    -0.703959    0.000000    0.000000    -3.180693    0.000000    0.000000  
28.332833    0.042515    0.000000    0.000000    -0.733382    0.000000    0.000000    -2.714030    0.000000    0.000000  
28.342834    0.034983    0.000000    0.000000    -0.758188    0.000000    0.000000    -2.227929    0.000000    0.000000  
28.352835    0.027229    0.000000    0.000000    -0.778231    0.000000    0.000000    -1.726604    0.000000    0.000000  
28.362836    0.019306    0.000000    0.000000    -0.793365    0.000000    0.000000    -1.214273    0.000000    0.000000  
28.372837    0.011268    0.000000    0.000000    -0.803445    0.000000    0.000000    -0.695152    0.000000    0.000000  
28.382838    0.003170    0.000000    0.000000    -0.808325    0.000000    0.000000    -0.173460    0.000000    0.000000  
28.392839    -0.004935    0.000000    0.000000    -0.807859    0.000000    0.000000    0.346588    0.000000    0.000000  
28.402840    -0.012992    0.000000    0.000000    -0.801903    0.000000    0.000000    0.860781    0.000000    0.000000  
28.412841    -0.020952    0.000000    0.000000    -0.790452    0.000000    0.000000    1.365516    0.000000    0.000000  
28.422842    -0.028768    0.000000    0.000000    -0.773742    0.000000    0.000000    1.858269    0.000000    0.000000  
28.432843    -0.036398    0.000000    0.000000    -0.752038    0.000000    0.000000    2.336621    0.000000    0.000000  
28.442844    -0.043796    0.000000    0.000000    -0.725603    0.000000    0.000000    2.798157    0.000000    0.000000  
28.452845    -0.050918    0.000000    0.000000    -0.694701    0.000000    0.000000    3.240460    0.000000    0.000000  
28.462846    -0.057720    0.000000    0.000000    -0.659594    0.000000    0.000000    3.661113    0.000000    0.000000  
28.472847    -0.064158    0.000000    0.000000    -0.620546    0.000000    0.000000    4.057701    0.000000    0.000000  
28.482848    -0.070187    0.000000    0.000000    -0.577821    0.000000    0.000000    4.427806    0.000000    0.000000  
28.492849    -0.075763    0.000000    0.000000    -0.531682    0.000000    0.000000    4.769012    0.000000    0.000000  
28.502850    -0.080842    0.000000    0.000000    -0.482392    0.000000    0.000000    5.078911    0.000000    0.000000  
28.512851    -0.085390    0.000000    0.000000    -0.430239    0.000000    0.000000    5.355740    0.000000    0.000000  
28.522852    -0.089393    0.000000    0.000000    -0.375552    0.000000    0.000000    5.598877    0.000000    0.000000  
28.532853    -0.092839    0.000000    0.000000    -0.318666    0.000000    0.000000    5.807819    0.000000    0.000000  
28.542854    -0.095714    0.000000    0.000000    -0.259914    0.000000    0.000000    5.982061    0.000000    0.000000  
28.552855    -0.098006    0.000000    0.000000    -0.199630    0.000000    0.000000    6.121098    0.000000    0.000000  
28.562856    -0.099702    0.000000    0.000000    -0.138148    0.000000    0.000000    6.224426    0.000000    0.000000  
28.572857    -0.100791    0.000000    0.000000    -0.075801    0.000000    0.000000    6.291540    0.000000    0.000000  
28.582858    -0.101258    0.000000    0.000000    -0.012924    0.000000    0.000000    6.321937    0.000000    0.000000  
28.592859    -0.101092    0.000000    0.000000    0.050150    0.000000    0.000000    6.315110    0.000000    0.000000  
28.602860    -0.100280    0.000000    0.000000    0.113087    0.000000    0.000000    6.270562    0.000000    0.000000  
28.612861    -0.098822    0.000000    0.000000    0.175533    0.000000    0.000000    6.188170    0.000000    0.000000  
28.622862    -0.096737    0.000000    0.000000    0.237101    0.000000    0.000000    6.068483    0.000000    0.000000  
28.632863    -0.094047    0.000000    0.000000    0.297401    0.000000    0.000000    5.912119    0.000000    0.000000  
28.642864    -0.090774    0.000000    0.000000    0.356042    0.000000    0.000000    5.719693    0.000000    0.000000  
28.652865    -0.086941    0.000000    0.000000    0.412633    0.000000    0.000000    5.491821    0.000000    0.000000  
28.662866    -0.082569    0.000000    0.000000    0.466784    0.000000    0.000000    5.229121    0.000000    0.000000  
28.672867    -0.077681    0.000000    0.000000    0.518103    0.000000    0.000000    4.932208    0.000000    0.000000  
28.682868    -0.072298    0.000000    0.000000    0.566202    0.000000    0.000000    4.601699    0.000000    0.000000  
28.692869    -0.066442    0.000000    0.000000    0.610688    0.000000    0.000000    4.238210    0.000000    0.000000  
28.702870    -0.060136    0.000000    0.000000    0.651172    0.000000    0.000000    3.842372    0.000000    0.000000  
28.712871    -0.053412    0.000000    0.000000    0.687354    0.000000    0.000000    3.416041    0.000000    0.000000  
28.722872    -0.046324    0.000000    0.000000    0.719091    0.000000    0.000000    2.963222    0.000000    0.000000  
28.732873    -0.038927    0.000000    0.000000    0.746254    0.000000    0.000000    2.488140    0.000000    0.000000  
28.742874    -0.031275    0.000000    0.000000    0.768716    0.000000    0.000000    1.995019    0.000000    0.000000  
28.752875    -0.023423    0.000000    0.000000    0.786349    0.000000    0.000000    1.488083    0.000000    0.000000  
28.762876    -0.015427    0.000000    0.000000    0.799027    0.000000    0.000000    0.971557    0.000000    0.000000  
28.772877    -0.007340    0.000000    0.000000    0.806620    0.000000    0.000000    0.449664    0.000000    0.000000  
28.782878    0.000781    0.000000    0.000000    0.809002    0.000000    0.000000    -0.073372    0.000000    0.000000  
28.792879    0.008884    0.000000    0.000000    0.806045    0.000000    0.000000    -0.593325    0.000000    0.000000  
28.802880    0.016911    0.000000    0.000000    0.797622    0.000000    0.000000    -1.105980    0.000000    0.000000  
28.812881    0.024813    0.000000    0.000000    0.783744    0.000000    0.000000    -1.607750    0.000000    0.000000  
28.822882    0.032547    0.000000    0.000000    0.764659    0.000000    0.000000    -2.096156    0.000000    0.000000  
28.832883    0.040068    0.000000    0.000000    0.740639    0.000000    0.000000    -2.568827    0.000000    0.000000  
28.842884    0.047335    0.000000    0.000000    0.711955    0.000000    0.000000    -3.023396    0.000000    0.000000  
28.852885    0.054303    0.000000    0.000000    0.678881    0.000000    0.000000    -3.457493    0.000000    0.000000  
28.862886    0.060931    0.000000    0.000000    0.641688    0.000000    0.000000    -3.868748    0.000000    0.000000  
28.872887    0.067175    0.000000    0.000000    0.600648    0.000000    0.000000    -4.254793    0.000000    0.000000  
28.882888    0.072991    0.000000    0.000000    0.556033    0.000000    0.000000    -4.613260    0.000000    0.000000  
28.892889    0.078339    0.000000    0.000000    0.508116    0.000000    0.000000    -4.941778    0.000000    0.000000  
28.902890    0.083173    0.000000    0.000000    0.457169    0.000000    0.000000    -5.237986    0.000000    0.000000  
28.912891    0.087463    0.000000    0.000000    0.403489    0.000000    0.000000    -5.500168    0.000000    0.000000  
28.922892    0.091194    0.000000    0.000000    0.347417    0.000000    0.000000    -5.727732    0.000000    0.000000  
28.932893    0.094356    0.000000    0.000000    0.289297    0.000000    0.000000    -5.920199    0.000000    0.000000  
28.942894    0.096938    0.000000    0.000000    0.229475    0.000000    0.000000    -6.077091    0.000000    0.000000  
28.952895    0.098928    0.000000    0.000000    0.168295    0.000000    0.000000    -6.197930    0.000000    0.000000  
28.962896    0.100314    0.000000    0.000000    0.106103    0.000000    0.000000    -6.282237    0.000000    0.000000  
28.972897    0.101086    0.000000    0.000000    0.043244    0.000000    0.000000    -6.329533    0.000000    0.000000  
28.982898    0.101231    0.000000    0.000000    -0.019937    0.000000    0.000000    -6.339341    0.000000    0.000000  
28.992899    0.100740    0.000000    0.000000    -0.083097    0.000000    0.000000    -6.311182    0.000000    0.000000  
29.002900    0.099600    0.000000    0.000000    -0.145888    0.000000    0.000000    -6.244583    0.000000    0.000000  
29.012901    0.097812    0.000000    0.000000    -0.207953    0.000000    0.000000    -6.139547    0.000000    0.000000  
29.022902    0.095400    0.000000    0.000000    -0.268910    0.000000    0.000000    -5.996904    0.000000    0.000000  
29.032903    0.092388    0.000000    0.000000    -0.328375    0.000000    0.000000    -5.817568    0.000000    0.000000  
29.042904    0.088802    0.000000    0.000000    -0.385962    0.000000    0.000000    -5.602452    0.000000    0.000000  
29.052905    0.084665    0.000000    0.000000    -0.441287    0.000000    0.000000    -5.352469    0.000000    0.000000  
29.062906    0.080004    0.000000    0.000000    -0.493967    0.000000    0.000000    -5.068534    0.000000    0.000000  
29.072907    0.074842    0.000000    0.000000    -0.543616    0.000000    0.000000    -4.751560    0.000000    0.000000  
29.082908    0.069206    0.000000    0.000000    -0.589850    0.000000    0.000000    -4.402460    0.000000    0.000000  
29.092909    0.063118    0.000000    0.000000    -0.632286    0.000000    0.000000    -4.022147    0.000000    0.000000  
29.102910    0.056606    0.000000    0.000000    -0.670538    0.000000    0.000000    -3.611549    0.000000    0.000000  
29.112911    0.049704    0.000000    0.000000    -0.704323    0.000000    0.000000    -3.172714    0.000000    0.000000  
29.122912    0.042464    0.000000    0.000000    -0.733523    0.000000    0.000000    -2.709638    0.000000    0.000000  
29.132913    0.034942    0.000000    0.000000    -0.758039    0.000000    0.000000    -2.226514    0.000000    0.000000  
29.142914    0.027193    0.000000    0.000000    -0.777772    0.000000    0.000000    -1.727531    0.000000    0.000000  
29.152915    0.019271    0.000000    0.000000    -0.792622    0.000000    0.000000    -1.216880    0.000000    0.000000  
29.162916    0.011230    0.000000    0.000000    -0.802490    0.000000    0.000000    -0.698754    0.000000    0.000000  
29.172917    0.003126    0.000000    0.000000    -0.807277    0.000000    0.000000    -0.177343    0.000000    0.000000  
29.182918    -0.004986    0.000000    0.000000    -0.806882    0.000000    0.000000    0.343161    0.000000    0.000000  
29.192919    -0.013053    0.000000    0.000000    -0.801207    0.000000    0.000000    0.858568    0.000000    0.000000  
29.202920    -0.021019    0.000000    0.000000    -0.790154    0.000000    0.000000    1.364695    0.000000    0.000000  
29.212921    -0.028834    0.000000    0.000000    -0.773753    0.000000    0.000000    1.858051    0.000000    0.000000  
29.222922    -0.036455    0.000000    0.000000    -0.752261    0.000000    0.000000    2.336344    0.000000    0.000000  
29.232923    -0.043841    0.000000    0.000000    -0.725954    0.000000    0.000000    2.797400    0.000000    0.000000  
29.242924    -0.050951    0.000000    0.000000    -0.695109    0.000000    0.000000    3.239047    0.000000    0.000000  
29.252925    -0.057741    0.000000    0.000000    -0.660005    0.000000    0.000000    3.659112    0.000000    0.000000  
29.262926    -0.064172    0.000000    0.000000    -0.620917    0.000000    0.000000    4.055422    0.000000    0.000000  
29.272927    -0.070200    0.000000    0.000000    -0.578124    0.000000    0.000000    4.425805    0.000000    0.000000  
29.282928    -0.075785    0.000000    0.000000    -0.531903    0.000000    0.000000    4.768086    0.000000    0.000000  
29.292929    -0.080884    0.000000    0.000000    -0.482531    0.000000    0.000000    5.080094    0.000000    0.000000  
29.302930    -0.085456    0.000000    0.000000    -0.430286    0.000000    0.000000    5.359662    0.000000    0.000000  
29.312931    -0.089470    0.000000    0.000000    -0.375468    0.000000    0.000000    5.605196    0.000000    0.000000  
29.322932    -0.092915    0.000000    0.000000    -0.318422    0.000000    0.000000    5.816093    0.000000    0.000000  
29.332933    -0.095782    0.000000    0.000000    -0.259493    0.000000    0.000000    5.991844    0.000000    0.000000  
29.342934    -0.098061    0.000000    0.000000    -0.199029    0.000000    0.000000    6.131944    0.000000    0.000000  
29.352935    -0.099742    0.000000    0.000000    -0.137377    0.000000    0.000000    6.235884    0.000000    0.000000  
29.362936    -0.100816    0.000000    0.000000    -0.074883    0.000000    0.000000    6.303158    0.000000    0.000000  
29.372937    -0.101273    0.000000    0.000000    -0.011894    0.000000    0.000000    6.333260    0.000000    0.000000  
29.382938    -0.101104    0.000000    0.000000    0.051242    0.000000    0.000000    6.325682    0.000000    0.000000  
29.392939    -0.100300    0.000000    0.000000    0.114179    0.000000    0.000000    6.279918    0.000000    0.000000  
29.402940    -0.098851    0.000000    0.000000    0.176569    0.000000    0.000000    6.195467    0.000000    0.000000  
29.412941    -0.096759    0.000000    0.000000    0.238055    0.000000    0.000000    6.072381    0.000000    0.000000  
29.422942    -0.094050    0.000000    0.000000    0.298257    0.000000    0.000000    5.911660    0.000000    0.000000  
29.432943    -0.090750    0.000000    0.000000    0.356794    0.000000    0.000000    5.714401    0.000000    0.000000  
29.442944    -0.086886    0.000000    0.000000    0.413286    0.000000    0.000000    5.481697    0.000000    0.000000  
29.452945    -0.082483    0.000000    0.000000    0.467351    0.000000    0.000000    5.214645    0.000000    0.000000  
29.462946    -0.077568    0.000000    0.000000    0.518610    0.000000    0.000000    4.914339    0.000000    0.000000  
29.472947    -0.072168    0.000000    0.000000    0.566681    0.000000    0.000000    4.581875    0.000000    0.000000  
29.482948    -0.066309    0.000000    0.000000    0.611183    0.000000    0.000000    4.218347    0.000000    0.000000  
29.492949    -0.060018    0.000000    0.000000    0.651735    0.000000    0.000000    3.824851    0.000000    0.000000  
29.502950    -0.053321    0.000000    0.000000    0.687959    0.000000    0.000000    3.402495    0.000000    0.000000  
29.512951    -0.046255    0.000000    0.000000    0.719579    0.000000    0.000000    2.953450    0.000000    0.000000  
29.522952    -0.038873    0.000000    0.000000    0.746499    0.000000    0.000000    2.481718    0.000000    0.000000  
29.532953    -0.031232    0.000000    0.000000    0.768639    0.000000    0.000000    1.991478    0.000000    0.000000  
29.542954    -0.023385    0.000000    0.000000    0.785923    0.000000    0.000000    1.486910    0.000000    0.000000  
29.552955    -0.015390    0.000000    0.000000    0.798271    0.000000    0.000000    0.972194    0.000000    0.000000  
29.562956    -0.007301    0.000000    0.000000    0.805605    0.000000    0.000000    0.451510    0.000000    0.000000  
29.572957    0.000826    0.000000    0.000000    0.807846    0.000000    0.000000    -0.070961    0.000000    0.000000  
29.582958    0.008936    0.000000    0.000000    0.804917    0.000000    0.000000    -0.591041    0.000000    0.000000  
29.592959    0.016973    0.000000    0.000000    0.796738    0.000000    0.000000    -1.104548    0.000000    0.000000  
29.602960    0.024883    0.000000    0.000000    0.783233    0.000000    0.000000    -1.607312    0.000000    0.000000  
29.612961    0.032614    0.000000    0.000000    0.764449    0.000000    0.000000    -2.095878    0.000000    0.000000  
29.622962    0.040126    0.000000    0.000000    0.740650    0.000000    0.000000    -2.568020    0.000000    0.000000  
29.632963    0.047379    0.000000    0.000000    0.712118    0.000000    0.000000    -3.021632    0.000000    0.000000  
29.642964    0.054332    0.000000    0.000000    0.679136    0.000000    0.000000    -3.454608    0.000000    0.000000  
29.652965    0.060946    0.000000    0.000000    0.641988    0.000000    0.000000    -3.864843    0.000000    0.000000  
29.662966    0.067179    0.000000    0.000000    0.600957    0.000000    0.000000    -4.250232    0.000000    0.000000  
29.672967    0.072993    0.000000    0.000000    0.556326    0.000000    0.000000    -4.608667    0.000000    0.000000  
29.682968    0.078346    0.000000    0.000000    0.508378    0.000000    0.000000    -4.938044    0.000000    0.000000  
29.692969    0.083199    0.000000    0.000000    0.457397    0.000000    0.000000    -5.236257    0.000000    0.000000  
29.702970    0.087512    0.000000    0.000000    0.403667    0.000000    0.000000    -5.501206    0.000000    0.000000  
29.712971    0.091255    0.000000    0.000000    0.347496    0.000000    0.000000    -5.731350    0.000000    0.000000  
29.722972    0.094418    0.000000    0.000000    0.289239    0.000000    0.000000    -5.926096    0.000000    0.000000  
29.732973    0.096993    0.000000    0.000000    0.229253    0.000000    0.000000    -6.084943    0.000000    0.000000  
29.742974    0.098972    0.000000    0.000000    0.167898    0.000000    0.000000    -6.207393    0.000000    0.000000  
29.752975    0.100347    0.000000    0.000000    0.105532    0.000000    0.000000    -6.292945    0.000000    0.000000  
29.762976    0.101108    0.000000    0.000000    0.042513    0.000000    0.000000    -6.341101    0.000000    0.000000  
29.772977    0.101248    0.000000    0.000000    -0.020801    0.000000    0.000000    -6.351359    0.000000    0.000000  
29.782978    0.100758    0.000000    0.000000    -0.084052    0.000000    0.000000    -6.323222    0.000000    0.000000  
29.792979    0.099630    0.000000    0.000000    -0.146881    0.000000    0.000000    -6.256188    0.000000    0.000000  
29.802980    0.097856    0.000000    0.000000    -0.208929    0.000000    0.000000    -6.149768    0.000000    0.000000  
29.812981    0.095440    0.000000    0.000000    -0.269834    0.000000    0.000000    -6.004134    0.000000    0.000000  
29.822982    0.092411    0.000000    0.000000    -0.329224    0.000000    0.000000    -5.820598    0.000000    0.000000  
29.832983    0.088796    0.000000    0.000000    -0.386725    0.000000    0.000000    -5.600579    0.000000    0.000000  
29.842984    0.084627    0.000000    0.000000    -0.441965    0.000000    0.000000    -5.345497    0.000000    0.000000  
29.852985    0.079932    0.000000    0.000000    -0.494572    0.000000    0.000000    -5.056773    0.000000    0.000000  
29.862986    0.074741    0.000000    0.000000    -0.544173    0.000000    0.000000    -4.735825    0.000000    0.000000  
29.872987    0.069083    0.000000    0.000000    -0.590395    0.000000    0.000000    -4.384076    0.000000    0.000000  
29.882988    0.062988    0.000000    0.000000    -0.632864    0.000000    0.000000    -4.002943    0.000000    0.000000  
29.892989    0.056485    0.000000    0.000000    -0.671210    0.000000    0.000000    -3.593849    0.000000    0.000000  
29.902990    0.049604    0.000000    0.000000    -0.705060    0.000000    0.000000    -3.158224    0.000000    0.000000  
29.912991    0.042383    0.000000    0.000000    -0.734155    0.000000    0.000000    -2.698432    0.000000    0.000000  
29.922992    0.034876    0.000000    0.000000    -0.758428    0.000000    0.000000    -2.218414    0.000000    0.000000  
29.932993    0.027137    0.000000    0.000000    -0.777830    0.000000    0.000000    -1.722267    0.000000    0.000000  
29.942994    0.019222    0.000000    0.000000    -0.792312    0.000000    0.000000    -1.214088    0.000000    0.000000  
29.952995    0.011185    0.000000    0.000000    -0.801824    0.000000    0.000000    -0.697973    0.000000    0.000000  
29.962996    0.003082    0.000000    0.000000    -0.806318    0.000000    0.000000    -0.178019    0.000000    0.000000  
29.972997    -0.005034    0.000000    0.000000    -0.805745    0.000000    0.000000    0.341677    0.000000    0.000000  
29.982998    -0.013106    0.000000    0.000000    -0.800055    0.000000    0.000000    0.857020    0.000000    0.000000  
29.992999    -0.021079    0.000000    0.000000    -0.789199    0.000000    0.000000    1.363912    0.000000    0.000000  
30.003000    -0.028900    0.000000    0.000000    -0.773131    0.000000    0.000000    1.858267    0.000000    0.000000  
30.013001    -0.036519    0.000000    0.000000    -0.751918    0.000000    0.000000    2.336753    0.000000    0.000000  
30.023002    -0.043895    0.000000    0.000000    -0.725826    0.000000    0.000000    2.797324    0.000000    0.000000  
30.033003    -0.050990    0.000000    0.000000    -0.695141    0.000000    0.000000    3.238052    0.000000    0.000000  
30.043004    -0.057766    0.000000    0.000000    -0.660148    0.000000    0.000000    3.657014    0.000000    0.000000  
30.053005    -0.064182    0.000000    0.000000    -0.621131    0.000000    0.000000    4.052284    0.000000    0.000000  
30.063006    -0.070200    0.000000    0.000000    -0.578376    0.000000    0.000000    4.421937    0.000000    0.000000  
30.073007    -0.075782    0.000000    0.000000    -0.532167    0.000000    0.000000    4.764050    0.000000    0.000000  
30.083008    -0.080888    0.000000    0.000000    -0.482790    0.000000    0.000000    5.076696    0.000000    0.000000  
30.093009    -0.085480    0.000000    0.000000    -0.430529    0.000000    0.000000    5.357952    0.000000    0.000000  
30.103010    -0.089518    0.000000    0.000000    -0.375670    0.000000    0.000000    5.605897    0.000000    0.000000  
30.113011    -0.092975    0.000000    0.000000    -0.318525    0.000000    0.000000    5.819101    0.000000    0.000000  
30.123012    -0.095843    0.000000    0.000000    -0.259451    0.000000    0.000000    5.996951    0.000000    0.000000  
30.133013    -0.098116    0.000000    0.000000    -0.198811    0.000000    0.000000    6.138917    0.000000    0.000000  
30.143014    -0.099786    0.000000    0.000000    -0.136966    0.000000    0.000000    6.244466    0.000000    0.000000  
30.153015    -0.100847    0.000000    0.000000    -0.074278    0.000000    0.000000    6.313066    0.000000    0.000000  
30.163016    -0.101293    0.000000    0.000000    -0.011109    0.000000    0.000000    6.344186    0.000000    0.000000  
30.173017    -0.101118    0.000000    0.000000    0.052179    0.000000    0.000000    6.337294    0.000000    0.000000  
30.183018    -0.100314    0.000000    0.000000    0.115224    0.000000    0.000000    6.291858    0.000000    0.000000  
30.193019    -0.098875    0.000000    0.000000    0.177665    0.000000    0.000000    6.207346    0.000000    0.000000  
30.203020    -0.096796    0.000000    0.000000    0.239140    0.000000    0.000000    6.083237    0.000000    0.000000  
30.213021    -0.094082    0.000000    0.000000    0.299284    0.000000    0.000000    5.919757    0.000000    0.000000  
30.223022    -0.090763    0.000000    0.000000    0.357733    0.000000    0.000000    5.718398    0.000000    0.000000  
30.233023    -0.086869    0.000000    0.000000    0.414119    0.000000    0.000000    5.480772    0.000000    0.000000  
30.243024    -0.082432    0.000000    0.000000    0.468077    0.000000    0.000000    5.208490    0.000000    0.000000  
30.253025    -0.077483    0.000000    0.000000    0.519240    0.000000    0.000000    4.903164    0.000000    0.000000  
30.263026    -0.072053    0.000000    0.000000    0.567241    0.000000    0.000000    4.566407    0.000000    0.000000  
30.273027    -0.066173    0.000000    0.000000    0.611715    0.000000    0.000000    4.199831    0.000000    0.000000  
30.283028    -0.059873    0.000000    0.000000    0.652296    0.000000    0.000000    3.805047    0.000000    0.000000  
30.293029    -0.053185    0.000000    0.000000    0.688616    0.000000    0.000000    3.383668    0.000000    0.000000  
30.303030    -0.046140    0.000000    0.000000    0.720310    0.000000    0.000000    2.937317    0.000000    0.000000  
30.313031    -0.038778    0.000000    0.000000    0.747134    0.000000    0.000000    2.468479    0.000000    0.000000  
30.323032    -0.031153    0.000000    0.000000    0.769038    0.000000    0.000000    1.981086    0.000000    0.000000  
30.333033    -0.023319    0.000000    0.000000    0.785993    0.000000    0.000000    1.479211    0.000000    0.000000  
30.343034    -0.015333    0.000000    0.000000    0.797971    0.000000    0.000000    0.966925    0.000000    0.000000  
30.353035    -0.007250    0.000000    0.000000    0.804942    0.000000    0.000000    0.448299    0.000000    0.000000  
30.363036    0.000875    0.000000    0.000000    0.806878    0.000000    0.000000    -0.072596    0.000000    0.000000  
30.373037    0.008986    0.000000    0.000000    0.803750    0.000000    0.000000    -0.591686    0.000000    0.000000  
30.383038    0.017029    0.000000    0.000000    0.795529    0.000000    0.000000    -1.104902    0.000000    0.000000  
30.393039    0.024947    0.000000    0.000000    0.782186    0.000000    0.000000    -1.608171    0.000000    0.000000  
30.403040    0.032686    0.000000    0.000000    0.763693    0.000000    0.000000    -2.097432    0.000000    0.000000  
30.413041    0.040196    0.000000    0.000000    0.740136    0.000000    0.000000    -2.569405    0.000000    0.000000  
30.423042    0.047440    0.000000    0.000000    0.711788    0.000000    0.000000    -3.022118    0.000000    0.000000  
30.433043    0.054379    0.000000    0.000000    0.678941    0.000000    0.000000    -3.453726    0.000000    0.000000  
30.443044    0.060977    0.000000    0.000000    0.641888    0.000000    0.000000    -3.862381    0.000000    0.000000  
30.453045    0.067195    0.000000    0.000000    0.600919    0.000000    0.000000    -4.246238    0.000000    0.000000  
30.463046    0.072997    0.000000    0.000000    0.556327    0.000000    0.000000    -4.603450    0.000000    0.000000  
30.473047    0.078346    0.000000    0.000000    0.508403    0.000000    0.000000    -4.932170    0.000000    0.000000  
30.483048    0.083203    0.000000    0.000000    0.457440    0.000000    0.000000    -5.230554    0.000000    0.000000  
30.493049    0.087532    0.000000    0.000000    0.403729    0.000000    0.000000    -5.496753    0.000000    0.000000  
30.503050    0.091295    0.000000    0.000000    0.347563    0.000000    0.000000    -5.728929    0.000000    0.000000  
30.513051    0.094466    0.000000    0.000000    0.289261    0.000000    0.000000    -5.925708    0.000000    0.000000  
30.523052    0.097039    0.000000    0.000000    0.229188    0.000000    0.000000    -6.086500    0.000000    0.000000  
30.533053    0.099008    0.000000    0.000000    0.167716    0.000000    0.000000    -6.210786    0.000000    0.000000  
30.543054    0.100369    0.000000    0.000000    0.105214    0.000000    0.000000    -6.298051    0.000000    0.000000  
30.553055    0.101116    0.000000    0.000000    0.042053    0.000000    0.000000    -6.347777    0.000000    0.000000  
30.563056    0.101244    0.000000    0.000000    -0.021398    0.000000    0.000000    -6.359446    0.000000    0.000000  
30.573057    0.100749    0.000000    0.000000    -0.084768    0.000000    0.000000    -6.332543    0.000000    0.000000  
30.583058    0.099624    0.000000    0.000000    -0.147686    0.000000    0.000000    -6.266551    0.000000    0.000000  
30.593059    0.097865    0.000000    0.000000    -0.209784    0.000000    0.000000    -6.160951    0.000000    0.000000  
30.603060    0.095467    0.000000    0.000000    -0.270689    0.000000    0.000000    -6.015239    0.000000    0.000000  
30.613061    0.092440    0.000000    0.000000    -0.330038    0.000000    0.000000    -5.829771    0.000000    0.000000  
30.623062    0.088813    0.000000    0.000000    -0.387470    0.000000    0.000000    -5.606336    0.000000    0.000000  
30.633063    0.084621    0.000000    0.000000    -0.442629    0.000000    0.000000    -5.346862    0.000000    0.000000  
30.643064    0.079898    0.000000    0.000000    -0.495155    0.000000    0.000000    -5.053275    0.000000    0.000000  
30.653065    0.074677    0.000000    0.000000    -0.544690    0.000000    0.000000    -4.727503    0.000000    0.000000  
30.663066    0.068992    0.000000    0.000000    -0.590878    0.000000    0.000000    -4.371472    0.000000    0.000000  
30.673067    0.062877    0.000000    0.000000    -0.633359    0.000000    0.000000    -3.987108    0.000000    0.000000  
30.683068    0.056364    0.000000    0.000000    -0.671775    0.000000    0.000000    -3.576339    0.000000    0.000000  
30.693069    0.049489    0.000000    0.000000    -0.705769    0.000000    0.000000    -3.141092    0.000000    0.000000  
30.703070    0.042284    0.000000    0.000000    -0.734983    0.000000    0.000000    -2.683303    0.000000    0.000000  
30.713071    0.034791    0.000000    0.000000    -0.759190    0.000000    0.000000    -2.205628    0.000000    0.000000  
30.723072    0.027063    0.000000    0.000000    -0.778370    0.000000    0.000000    -1.711921    0.000000    0.000000  
30.733073    0.019156    0.000000    0.000000    -0.792524    0.000000    0.000000    -1.206147    0.000000    0.000000  
30.743074    0.011125    0.000000    0.000000    -0.801656    0.000000    0.000000    -0.692273    0.000000    0.000000  
30.753075    0.003024    0.000000    0.000000    -0.805766    0.000000    0.000000    -0.174265    0.000000    0.000000  
30.763076    -0.005092    0.000000    0.000000    -0.804856    0.000000    0.000000    0.343910    0.000000    0.000000  
30.773077    -0.013167    0.000000    0.000000    -0.798928    0.000000    0.000000    0.858287    0.000000    0.000000  
30.783078    -0.021147    0.000000    0.000000    -0.787983    0.000000    0.000000    1.364899    0.000000    0.000000  
30.793079    -0.028977    0.000000    0.000000    -0.772023    0.000000    0.000000    1.859780    0.000000    0.000000  
30.803080    -0.036601    0.000000    0.000000    -0.751052    0.000000    0.000000    2.338975    0.000000    0.000000  
30.813081    -0.043973    0.000000    0.000000    -0.725174    0.000000    0.000000    2.799343    0.000000    0.000000  
30.823082    -0.051055    0.000000    0.000000    -0.694664    0.000000    0.000000    3.239094    0.000000    0.000000  
30.833083    -0.057811    0.000000    0.000000    -0.659813    0.000000    0.000000    3.656565    0.000000    0.000000  
30.843084    -0.064206    0.000000    0.000000    -0.620910    0.000000    0.000000    4.050092    0.000000    0.000000  
30.853085    -0.070204    0.000000    0.000000    -0.578246    0.000000    0.000000    4.418014    0.000000    0.000000  
30.863086    -0.075769    0.000000    0.000000    -0.532112    0.000000    0.000000    4.758666    0.000000    0.000000  
30.873087    -0.080866    0.000000    0.000000    -0.482797    0.000000    0.000000    5.070386    0.000000    0.000000  
30.883088    -0.085460    0.000000    0.000000    -0.430594    0.000000    0.000000    5.351510    0.000000    0.000000  
30.893089    -0.089513    0.000000    0.000000    -0.375790    0.000000    0.000000    5.600376    0.000000    0.000000  
30.903090    -0.092992    0.000000    0.000000    -0.318679    0.000000    0.000000    5.815327    0.000000    0.000000  
30.913091    -0.095871    0.000000    0.000000    -0.259580    0.000000    0.000000    5.995090    0.000000    0.000000  
30.923092    -0.098145    0.000000    0.000000    -0.198863    0.000000    0.000000    6.139039    0.000000    0.000000  
30.933093    -0.099811    0.000000    0.000000    -0.136902    0.000000    0.000000    6.246602    0.000000    0.000000  
30.943094    -0.100865    0.000000    0.000000    -0.074074    0.000000    0.000000    6.317212    0.000000    0.000000  
30.953095    -0.101303    0.000000    0.000000    -0.010751    0.000000    0.000000    6.350298    0.000000    0.000000  
30.963096    -0.101122    0.000000    0.000000    0.052691    0.000000    0.000000    6.345292    0.000000    0.000000  
30.973097    -0.100317    0.000000    0.000000    0.115878    0.000000    0.000000    6.301625    0.000000    0.000000  
30.983098    -0.098885    0.000000    0.000000    0.178435    0.000000    0.000000    6.218727    0.000000    0.000000  
30.993099    -0.096823    0.000000    0.000000    0.239988    0.000000    0.000000    6.096030    0.000000    0.000000  
31.003100    -0.094127    0.000000    0.000000    0.300161    0.000000    0.000000    5.932976    0.000000    0.000000  
31.013101    -0.090808    0.000000    0.000000    0.358590    0.000000    0.000000    5.729974    0.000000    0.000000  
31.023102    -0.086898    0.000000    0.000000    0.414922    0.000000    0.000000    5.489017    0.000000    0.000000  
31.033103    -0.082434    0.000000    0.000000    0.468807    0.000000    0.000000    5.212247    0.000000    0.000000  
31.043104    -0.077451    0.000000    0.000000    0.519896    0.000000    0.000000    4.901807    0.000000    0.000000  
31.053105    -0.071984    0.000000    0.000000    0.567837    0.000000    0.000000    4.559839    0.000000    0.000000  
31.063106    -0.066070    0.000000    0.000000    0.612280    0.000000    0.000000    4.188486    0.000000    0.000000  
31.073107    -0.059745    0.000000    0.000000    0.652875    0.000000    0.000000    3.789891    0.000000    0.000000  
31.083108    -0.053043    0.000000    0.000000    0.689271    0.000000    0.000000    3.366195    0.000000    0.000000  
31.093109    -0.046000    0.000000    0.000000    0.721119    0.000000    0.000000    2.919541    0.000000    0.000000  
31.103110    -0.038652    0.000000    0.000000    0.748070    0.000000    0.000000    2.452081    0.000000    0.000000  
31.113111    -0.031042    0.000000    0.000000    0.769908    0.000000    0.000000    1.966595    0.000000    0.000000  
31.123112    -0.023223    0.000000    0.000000    0.786634    0.000000    0.000000    1.466897    0.000000    0.000000  
31.133113    -0.015250    0.000000    0.000000    0.798272    0.000000    0.000000    0.956898    0.000000    0.000000  
31.143114    -0.007177    0.000000    0.000000    0.804844    0.000000    0.000000    0.440511    0.000000    0.000000  
31.153115    0.000939    0.000000    0.000000    0.806373    0.000000    0.000000    -0.078355    0.000000    0.000000  
31.163116    0.009046    0.000000    0.000000    0.802880    0.000000    0.000000    -0.595787    0.000000    0.000000  
31.173117    0.017087    0.000000    0.000000    0.794389    0.000000    0.000000    -1.107875    0.000000    0.000000  
31.183118    0.025008    0.000000    0.000000    0.780921    0.000000    0.000000    -1.610708    0.000000    0.000000  
31.193119    0.032755    0.000000    0.000000    0.762500    0.000000    0.000000    -2.100374    0.000000    0.000000  
31.203120    0.040272    0.000000    0.000000    0.739148    0.000000    0.000000    -2.572973    0.000000    0.000000  
31.213121    0.047513    0.000000    0.000000    0.710988    0.000000    0.000000    -3.025431    0.000000    0.000000  
31.223122    0.054441    0.000000    0.000000    0.678300    0.000000    0.000000    -3.456023    0.000000    0.000000  
31.233123    0.061023    0.000000    0.000000    0.641381    0.000000    0.000000    -3.863151    0.000000    0.000000  
31.243124    0.067224    0.000000    0.000000    0.600525    0.000000    0.000000    -4.245217    0.000000    0.000000  
31.253125    0.073009    0.000000    0.000000    0.556029    0.000000    0.000000    -4.600623    0.000000    0.000000  
31.263126    0.078343    0.000000    0.000000    0.508189    0.000000    0.000000    -4.927770    0.000000    0.000000  
31.273127    0.083194    0.000000    0.000000    0.457301    0.000000    0.000000    -5.225060    0.000000    0.000000  
31.283128    0.087525    0.000000    0.000000    0.403660    0.000000    0.000000    -5.490895    0.000000    0.000000  
31.293129    0.091303    0.000000    0.000000    0.347562    0.000000    0.000000    -5.723677    0.000000    0.000000  
31.303130    0.094494    0.000000    0.000000    0.289304    0.000000    0.000000    -5.921813    0.000000    0.000000  
31.313131    0.097074    0.000000    0.000000    0.229214    0.000000    0.000000    -6.084093    0.000000    0.000000  
31.323132    0.099040    0.000000    0.000000    0.167669    0.000000    0.000000    -6.209935    0.000000    0.000000  
31.333133    0.100390    0.000000    0.000000    0.105053    0.000000    0.000000    -6.298815    0.000000    0.000000  
31.343134    0.101123    0.000000    0.000000    0.041750    0.000000    0.000000    -6.350207    0.000000    0.000000  
31.353135    0.101237    0.000000    0.000000    -0.021857    0.000000    0.000000    -6.363587    0.000000    0.000000  
31.363136    0.100730    0.000000    0.000000    -0.085385    0.000000    0.000000    -6.338431    0.000000    0.000000  
31.373137    0.099600    0.000000    0.000000    -0.148449    0.000000    0.000000    -6.274214    0.000000    0.000000  
31.383138    0.097845    0.000000    0.000000    -0.210667    0.000000    0.000000    -6.170412    0.000000    0.000000  
31.393139    0.095464    0.000000    0.000000    -0.271656    0.000000    0.000000    -6.026499    0.000000    0.000000  
31.403140    0.092455    0.000000    0.000000    -0.331031    0.000000    0.000000    -5.841968    0.000000    0.000000  
31.413141    0.088831    0.000000    0.000000    -0.388427    0.000000    0.000000    -5.617367    0.000000    0.000000  
31.423142    0.084627    0.000000    0.000000    -0.443503    0.000000    0.000000    -5.354978    0.000000    0.000000  
31.433143    0.079881    0.000000    0.000000    -0.495921    0.000000    0.000000    -5.057239    0.000000    0.000000  
31.443144    0.074630    0.000000    0.000000    -0.545344    0.000000    0.000000    -4.726590    0.000000    0.000000  
31.453145    0.068914    0.000000    0.000000    -0.591433    0.000000    0.000000    -4.365470    0.000000    0.000000  
31.463146    0.062769    0.000000    0.000000    -0.633851    0.000000    0.000000    -3.976320    0.000000    0.000000  
31.473147    0.056233    0.000000    0.000000    -0.672261    0.000000    0.000000    -3.561578    0.000000    0.000000  
31.483148    0.049344    0.000000    0.000000    -0.706324    0.000000    0.000000    -3.123684    0.000000    0.000000  
31.493149    0.042140    0.000000    0.000000    -0.735703    0.000000    0.000000    -2.665077    0.000000    0.000000  
31.503150    0.034658    0.000000    0.000000    -0.760062    0.000000    0.000000    -2.188204    0.000000    0.000000  
31.513151    0.026943    0.000000    0.000000    -0.779204    0.000000    0.000000    -1.695991    0.000000    0.000000  
31.523152    0.019048    0.000000    0.000000    -0.793159    0.000000    0.000000    -1.192147    0.000000    0.000000  
31.533153    0.011028    0.000000    0.000000    -0.801977    0.000000    0.000000    -0.680451    0.000000    0.000000  
31.543154    0.002936    0.000000    0.000000    -0.805708    0.000000    0.000000    -0.164682    0.000000    0.000000  
31.553155    -0.005173    0.000000    0.000000    -0.804404    0.000000    0.000000    0.351378    0.000000    0.000000  
31.563156    -0.013245    0.000000    0.000000    -0.798113    0.000000    0.000000    0.863951    0.000000    0.000000  
31.573157    -0.021225    0.000000    0.000000    -0.786888    0.000000    0.000000    1.369256    0.000000    0.000000  
31.583158    -0.029059    0.000000    0.000000    -0.770777    0.000000    0.000000    1.863514    0.000000    0.000000  
31.593159    -0.036692    0.000000    0.000000    -0.749832    0.000000    0.000000    2.342945    0.000000    0.000000  
31.603160    -0.044071    0.000000    0.000000    -0.724103    0.000000    0.000000    2.803781    0.000000    0.000000  
31.613161    -0.051149    0.000000    0.000000    -0.693731    0.000000    0.000000    3.243101    0.000000    0.000000  
31.623162    -0.057892    0.000000    0.000000    -0.658998    0.000000    0.000000    3.659358    0.000000    0.000000  
31.633163    -0.064268    0.000000    0.000000    -0.620197    0.000000    0.000000    4.051129    0.000000    0.000000  
31.643164    -0.070244    0.000000    0.000000    -0.577625    0.000000    0.000000    4.416993    0.000000    0.000000  
31.653165    -0.075788    0.000000    0.000000    -0.531576    0.000000    0.000000    4.755528    0.000000    0.000000  
31.663166    -0.080867    0.000000    0.000000    -0.482344    0.000000    0.000000    5.065313    0.000000    0.000000  
31.673167    -0.085449    0.000000    0.000000    -0.430226    0.000000    0.000000    5.344924    0.000000    0.000000  
31.683168    -0.089502    0.000000    0.000000    -0.375516    0.000000    0.000000    5.592941    0.000000    0.000000  
31.693169    -0.092992    0.000000    0.000000    -0.318508    0.000000    0.000000    5.807941    0.000000    0.000000  
31.703170    -0.095887    0.000000    0.000000    -0.259499    0.000000    0.000000    5.988508    0.000000    0.000000  
31.713171    -0.098167    0.000000    0.000000    -0.198815    0.000000    0.000000    6.133528    0.000000    0.000000  
31.723172    -0.099830    0.000000    0.000000    -0.136838    0.000000    0.000000    6.242382    0.000000    0.000000  
31.733173    -0.100874    0.000000    0.000000    -0.073952    0.000000    0.000000    6.314495    0.000000    0.000000  
31.743174    -0.101300    0.000000    0.000000    -0.010543    0.000000    0.000000    6.349292    0.000000    0.000000  
31.753175    -0.101106    0.000000    0.000000    0.053005    0.000000    0.000000    6.346200    0.000000    0.000000  
31.763176    -0.100293    0.000000    0.000000    0.116306    0.000000    0.000000    6.304644    0.000000    0.000000  
31.773177    -0.098860    0.000000    0.000000    0.178975    0.000000    0.000000    6.224048    0.000000    0.000000  
31.783178    -0.096806    0.000000    0.000000    0.240627    0.000000    0.000000    6.103839    0.000000    0.000000  
31.793179    -0.094131    0.000000    0.000000    0.300878    0.000000    0.000000    5.943441    0.000000    0.000000  
31.803180    -0.090834    0.000000    0.000000    0.359342    0.000000    0.000000    5.742298    0.000000    0.000000  
31.813181    -0.086930    0.000000    0.000000    0.415653    0.000000    0.000000    5.501010    0.000000    0.000000  
31.823182    -0.082457    0.000000    0.000000    0.469479    0.000000    0.000000    5.222048    0.000000    0.000000  
31.833183    -0.077453    0.000000    0.000000    0.520489    0.000000    0.000000    4.908053    0.000000    0.000000  
31.843184    -0.071959    0.000000    0.000000    0.568350    0.000000    0.000000    4.561665    0.000000    0.000000  
31.853185    -0.066014    0.000000    0.000000    0.612734    0.000000    0.000000    4.185525    0.000000    0.000000  
31.863186    -0.059659    0.000000    0.000000    0.653307    0.000000    0.000000    3.782275    0.000000    0.000000  
31.873187    -0.052932    0.000000    0.000000    0.689741    0.000000    0.000000    3.354555    0.000000    0.000000  
31.883188    -0.045874    0.000000    0.000000    0.721703    0.000000    0.000000    2.905005    0.000000    0.000000  
31.893189    -0.038524    0.000000    0.000000    0.748863    0.000000    0.000000    2.436268    0.000000    0.000000  
31.903190    -0.030922    0.000000    0.000000    0.770892    0.000000    0.000000    1.950988    0.000000    0.000000  
31.913191    -0.023113    0.000000    0.000000    0.787607    0.000000    0.000000    1.452207    0.000000    0.000000  
31.923192    -0.015150    0.000000    0.000000    0.799059    0.000000    0.000000    0.943599    0.000000    0.000000  
31.933193    -0.007087    0.000000    0.000000    0.805320    0.000000    0.000000    0.428894    0.000000    0.000000  
31.943194    0.001021    0.000000    0.000000    0.806463    0.000000    0.000000    -0.088176    0.000000    0.000000  
31.953195    0.009121    0.000000    0.000000    0.802559    0.000000    0.000000    -0.603881    0.000000    0.000000  
31.963196    0.017159    0.000000    0.000000    0.793681    0.000000    0.000000    -1.114488    0.000000    0.000000  
31.973197    0.025080    0.000000    0.000000    0.779901    0.000000    0.000000    -1.616266    0.000000    0.000000  
31.983198    0.032831    0.000000    0.000000    0.761291    0.000000    0.000000    -2.105485    0.000000    0.000000  
31.993199    0.040358    0.000000    0.000000    0.737924    0.000000    0.000000    -2.578413    0.000000    0.000000  
32.003200    0.047606    0.000000    0.000000    0.709873    0.000000    0.000000    -3.031332    0.000000    0.000000  
32.013201    0.054530    0.000000    0.000000    0.677294    0.000000    0.000000    -3.461387    0.000000    0.000000  
32.023202    0.061097    0.000000    0.000000    0.640474    0.000000    0.000000    -3.867109    0.000000    0.000000  
32.033203    0.067277    0.000000    0.000000    0.599712    0.000000    0.000000    -4.247155    0.000000    0.000000  
32.043204    0.073039    0.000000    0.000000    0.555309    0.000000    0.000000    -4.600181    0.000000    0.000000  
32.053205    0.078351    0.000000    0.000000    0.507563    0.000000    0.000000    -4.924844    0.000000    0.000000  
32.063206    0.083182    0.000000    0.000000    0.456773    0.000000    0.000000    -5.219799    0.000000    0.000000  
32.073207    0.087501    0.000000    0.000000    0.403240    0.000000    0.000000    -5.483704    0.000000    0.000000  
32.083208    0.091277    0.000000    0.000000    0.347262    0.000000    0.000000    -5.715215    0.000000    0.000000  
32.093209    0.094479    0.000000    0.000000    0.289140    0.000000    0.000000    -5.912989    0.000000    0.000000  
32.103210    0.097076    0.000000    0.000000    0.229172    0.000000    0.000000    -6.075685    0.000000    0.000000  
32.113211    0.099048    0.000000    0.000000    0.167692    0.000000    0.000000    -6.202267    0.000000    0.000000  
32.123212    0.100396    0.000000    0.000000    0.105090    0.000000    0.000000    -6.292177    0.000000    0.000000  
32.133213    0.101121    0.000000    0.000000    0.041757    0.000000    0.000000    -6.344901    0.000000    0.000000  
32.143214    0.101224    0.000000    0.000000    -0.021914    0.000000    0.000000    -6.359927    0.000000    0.000000  
32.153215    0.100706    0.000000    0.000000    -0.085529    0.000000    0.000000    -6.336741    0.000000    0.000000  
32.163216    0.099570    0.000000    0.000000    -0.148697    0.000000    0.000000    -6.274829    0.000000    0.000000  
32.173217    0.097816    0.000000    0.000000    -0.211023    0.000000    0.000000    -6.173678    0.000000    0.000000  
32.183218    0.095445    0.000000    0.000000    -0.272116    0.000000    0.000000    -6.032774    0.000000    0.000000  
32.193219    0.092460    0.000000    0.000000    -0.331581    0.000000    0.000000    -5.851604    0.000000    0.000000  
32.203220    0.088861    0.000000    0.000000    -0.389028    0.000000    0.000000    -5.629674    0.000000    0.000000  
32.213221    0.084665    0.000000    0.000000    -0.444091    0.000000    0.000000    -5.367732    0.000000    0.000000  
32.223222    0.079912    0.000000    0.000000    -0.496450    0.000000    0.000000    -5.068514    0.000000    0.000000  
32.233223    0.074643    0.000000    0.000000    -0.545792    0.000000    0.000000    -4.734933    0.000000    0.000000  
32.243224    0.068900    0.000000    0.000000    -0.591799    0.000000    0.000000    -4.369902    0.000000    0.000000  
32.253225    0.062726    0.000000    0.000000    -0.634156    0.000000    0.000000    -3.976335    0.000000    0.000000  
32.263226    0.056161    0.000000    0.000000    -0.672548    0.000000    0.000000    -3.557146    0.000000    0.000000  
32.273227    0.049247    0.000000    0.000000    -0.706659    0.000000    0.000000    -3.115247    0.000000    0.000000  
32.283228    0.042026    0.000000    0.000000    -0.736174    0.000000    0.000000    -2.653553    0.000000    0.000000  
32.293229    0.034541    0.000000    0.000000    -0.760777    0.000000    0.000000    -2.174975    0.000000    0.000000  
32.303230    0.026832    0.000000    0.000000    -0.780154    0.000000    0.000000    -1.682433    0.000000    0.000000  
32.313231    0.018947    0.000000    0.000000    -0.794144    0.000000    0.000000    -1.179082    0.000000    0.000000  
32.323232    0.010936    0.000000    0.000000    -0.802822    0.000000    0.000000    -0.668462    0.000000    0.000000  
32.333233    0.002855    0.000000    0.000000    -0.806285    0.000000    0.000000    -0.154146    0.000000    0.000000  
32.343234    -0.005245    0.000000    0.000000    -0.804632    0.000000    0.000000    0.360291    0.000000    0.000000  
32.353235    -0.013309    0.000000    0.000000    -0.797959    0.000000    0.000000    0.871277    0.000000    0.000000  
32.363236    -0.021284    0.000000    0.000000    -0.786365    0.000000    0.000000    1.375238    0.000000    0.000000  
32.373237    -0.029117    0.000000    0.000000    -0.769947    0.000000    0.000000    1.868600    0.000000    0.000000  
32.383238    -0.036755    0.000000    0.000000    -0.748803    0.000000    0.000000    2.347791    0.000000    0.000000  
32.393239    -0.044144    0.000000    0.000000    -0.723029    0.000000    0.000000    2.809235    0.000000    0.000000  
32.403240    -0.051232    0.000000    0.000000    -0.692725    0.000000    0.000000    3.249374    0.000000    0.000000  
32.413241    -0.057973    0.000000    0.000000    -0.658063    0.000000    0.000000    3.665511    0.000000    0.000000  
32.423242    -0.064338    0.000000    0.000000    -0.619331    0.000000    0.000000    4.056318    0.000000    0.000000  
32.433243    -0.070297    0.000000    0.000000    -0.576826    0.000000    0.000000    4.420594    0.000000    0.000000  
32.443244    -0.075820    0.000000    0.000000    -0.530847    0.000000    0.000000    4.757133    0.000000    0.000000  
32.453245    -0.080878    0.000000    0.000000    -0.481691    0.000000    0.000000    5.064734    0.000000    0.000000  
32.463246    -0.085442    0.000000    0.000000    -0.429658    0.000000    0.000000    5.342191    0.000000    0.000000  
32.473247    -0.089483    0.000000    0.000000    -0.375046    0.000000    0.000000    5.588301    0.000000    0.000000  
32.483248    -0.092971    0.000000    0.000000    -0.318151    0.000000    0.000000    5.801860    0.000000    0.000000  
32.493249    -0.095877    0.000000    0.000000    -0.259274    0.000000    0.000000    5.981666    0.000000    0.000000  
32.503250    -0.098172    0.000000    0.000000    -0.198711    0.000000    0.000000    6.126517    0.000000    0.000000  
32.513251    -0.099838    0.000000    0.000000    -0.136798    0.000000    0.000000    6.235462    0.000000    0.000000  
32.523252    -0.100877    0.000000    0.000000    -0.073924    0.000000    0.000000    6.307939    0.000000    0.000000  
32.533253    -0.101291    0.000000    0.000000    -0.010484    0.000000    0.000000    6.343422    0.000000    0.000000  
32.543254    -0.101084    0.000000    0.000000    0.053127    0.000000    0.000000    6.341383    0.000000    0.000000  
32.553255    -0.100258    0.000000    0.000000    0.116515    0.000000    0.000000    6.301298    0.000000    0.000000  
32.563256    -0.098815    0.000000    0.000000    0.179286    0.000000    0.000000    6.222639    0.000000    0.000000  
32.573257    -0.096760    0.000000    0.000000    0.241043    0.000000    0.000000    6.104880    0.000000    0.000000  
32.583258    -0.094095    0.000000    0.000000    0.301393    0.000000    0.000000    5.947494    0.000000    0.000000  
32.593259    -0.090822    0.000000    0.000000    0.359941    0.000000    0.000000    5.749956    0.000000    0.000000  
32.603260    -0.086945    0.000000    0.000000    0.416292    0.000000    0.000000    5.511759    0.000000    0.000000  
32.613261    -0.082481    0.000000    0.000000    0.470085    0.000000    0.000000    5.233718    0.000000    0.000000  
32.623262    -0.077473    0.000000    0.000000    0.521010    0.000000    0.000000    4.918735    0.000000    0.000000  
32.633263    -0.071963    0.000000    0.000000    0.568761    0.000000    0.000000    4.569897    0.000000    0.000000  
32.643264    -0.065996    0.000000    0.000000    0.613032    0.000000    0.000000    4.190289    0.000000    0.000000  
32.653265    -0.059613    0.000000    0.000000    0.653519    0.000000    0.000000    3.782998    0.000000    0.000000  
32.663266    -0.052859    0.000000    0.000000    0.689915    0.000000    0.000000    3.351110    0.000000    0.000000  
32.673267    -0.045778    0.000000    0.000000    0.721914    0.000000    0.000000    2.897711    0.000000    0.000000  
32.683268    -0.038412    0.000000    0.000000    0.749212    0.000000    0.000000    2.425887    0.000000    0.000000  
32.693269    -0.030805    0.000000    0.000000    0.771502    0.000000    0.000000    1.938726    0.000000    0.000000  
32.703270    -0.023000    0.000000    0.000000    0.788481    0.000000    0.000000    1.439314    0.000000    0.000000  
32.713271    -0.015045    0.000000    0.000000    0.800001    0.000000    0.000000    0.930903    0.000000    0.000000  
32.723272    -0.006992    0.000000    0.000000    0.806157    0.000000    0.000000    0.416997    0.000000    0.000000  
32.733273    0.001106    0.000000    0.000000    0.807066    0.000000    0.000000    -0.098878    0.000000    0.000000  
32.743274    0.009197    0.000000    0.000000    0.802845    0.000000    0.000000    -0.613196    0.000000    0.000000  
32.753275    0.017227    0.000000    0.000000    0.793610    0.000000    0.000000    -1.122429    0.000000    0.000000  
32.763276    0.025144    0.000000    0.000000    0.779479    0.000000    0.000000    -1.623052    0.000000    0.000000  
32.773277    0.032895    0.000000    0.000000    0.760567    0.000000    0.000000    -2.111538    0.000000    0.000000  
32.783278    0.040426    0.000000    0.000000    0.736992    0.000000    0.000000    -2.584360    0.000000    0.000000  
32.793279    0.047686    0.000000    0.000000    0.708871    0.000000    0.000000    -3.037992    0.000000    0.000000  
32.803280    0.054620    0.000000    0.000000    0.676321    0.000000    0.000000    -3.468921    0.000000    0.000000  
32.813281    0.061187    0.000000    0.000000    0.639529    0.000000    0.000000    -3.874517    0.000000    0.000000  
32.823282    0.067355    0.000000    0.000000    0.598791    0.000000    0.000000    -4.253536    0.000000    0.000000  
32.833283    0.073099    0.000000    0.000000    0.554411    0.000000    0.000000    -4.604854    0.000000    0.000000  
32.843284    0.078389    0.000000    0.000000    0.506695    0.000000    0.000000    -4.927348    0.000000    0.000000  
32.853285    0.083198    0.000000    0.000000    0.455947    0.000000    0.000000    -5.219896    0.000000    0.000000  
32.863286    0.087498    0.000000    0.000000    0.402472    0.000000    0.000000    -5.481375    0.000000    0.000000  
32.873287    0.091261    0.000000    0.000000    0.346575    0.000000    0.000000    -5.710663    0.000000    0.000000  
32.883288    0.094460    0.000000    0.000000    0.288561    0.000000    0.000000    -5.906635    0.000000    0.000000  
32.893289    0.097065    0.000000    0.000000    0.228735    0.000000    0.000000    -6.068169    0.000000    0.000000  
32.903290    0.099051    0.000000    0.000000    0.167403    0.000000    0.000000    -6.194147    0.000000    0.000000  
32.913291    0.100400    0.000000    0.000000    0.104903    0.000000    0.000000    -6.283702    0.000000    0.000000  
32.923292    0.101117    0.000000    0.000000    0.041631    0.000000    0.000000    -6.336363    0.000000    0.000000  
32.933293    0.101206    0.000000    0.000000    -0.022016    0.000000    0.000000    -6.351694    0.000000    0.000000  
32.943294    0.100672    0.000000    0.000000    -0.085638    0.000000    0.000000    -6.329258    0.000000    0.000000  
32.953295    0.099521    0.000000    0.000000    -0.148838    0.000000    0.000000    -6.268620    0.000000    0.000000  
32.963296    0.097757    0.000000    0.000000    -0.211217    0.000000    0.000000    -6.169342    0.000000    0.000000  
32.973297    0.095384    0.000000    0.000000    -0.272375    0.000000    0.000000    -6.030988    0.000000    0.000000  
32.983298    0.092409    0.000000    0.000000    -0.331915    0.000000    0.000000    -5.853123    0.000000    0.000000  
32.993299    0.088836    0.000000    0.000000    -0.389438    0.000000    0.000000    -5.635309    0.000000    0.000000  
33.003300    0.084669    0.000000    0.000000    -0.444546    0.000000    0.000000    -5.377133    0.000000    0.000000  
33.013301    0.079930    0.000000    0.000000    -0.496881    0.000000    0.000000    -5.079564    0.000000    0.000000  
33.023302    0.074662    0.000000    0.000000    -0.546147    0.000000    0.000000    -4.745731    0.000000    0.000000  
33.033303    0.068908    0.000000    0.000000    -0.592056    0.000000    0.000000    -4.378955    0.000000    0.000000  
33.043304    0.062715    0.000000    0.000000    -0.634317    0.000000    0.000000    -3.982553    0.000000    0.000000  
33.053305    0.056127    0.000000    0.000000    -0.672640    0.000000    0.000000    -3.559844    0.000000    0.000000  
33.063306    0.049190    0.000000    0.000000    -0.706735    0.000000    0.000000    -3.114147    0.000000    0.000000  
33.073307    0.041948    0.000000    0.000000    -0.736312    0.000000    0.000000    -2.648781    0.000000    0.000000  
33.083308    0.034448    0.000000    0.000000    -0.761082    0.000000    0.000000    -2.167065    0.000000    0.000000  
33.093309    0.026733    0.000000    0.000000    -0.780755    0.000000    0.000000    -1.672317    0.000000    0.000000  
33.103310    0.018849    0.000000    0.000000    -0.795043    0.000000    0.000000    -1.167856    0.000000    0.000000  
33.113311    0.010843    0.000000    0.000000    -0.803818    0.000000    0.000000    -0.657016    0.000000    0.000000  
33.123312    0.002769    0.000000    0.000000    -0.807200    0.000000    0.000000    -0.143153    0.000000    0.000000  
33.133313    -0.005323    0.000000    0.000000    -0.805330    0.000000    0.000000    0.370375    0.000000    0.000000  
33.143314    -0.013381    0.000000    0.000000    -0.798350    0.000000    0.000000    0.880209    0.000000    0.000000  
33.153315    -0.021351    0.000000    0.000000    -0.786401    0.000000    0.000000    1.382992    0.000000    0.000000  
33.163316    -0.029182    0.000000    0.000000    -0.769624    0.000000    0.000000    1.875364    0.000000    0.000000  
33.173317    -0.036822    0.000000    0.000000    -0.748160    0.000000    0.000000    2.353969    0.000000    0.000000  
33.183318    -0.044218    0.000000    0.000000    -0.722152    0.000000    0.000000    2.815447    0.000000    0.000000  
33.193319    -0.051318    0.000000    0.000000    -0.691739    0.000000    0.000000    3.256440    0.000000    0.000000  
33.203320    -0.058071    0.000000    0.000000    -0.657065    0.000000    0.000000    3.673605    0.000000    0.000000  
33.213321    -0.064433    0.000000    0.000000    -0.618331    0.000000    0.000000    4.064469    0.000000    0.000000  
33.223322    -0.070379    0.000000    0.000000    -0.575832    0.000000    0.000000    4.427910    0.000000    0.000000  
33.233323    -0.075881    0.000000    0.000000    -0.529868    0.000000    0.000000    4.762928    0.000000    0.000000  
33.243324    -0.080915    0.000000    0.000000    -0.480742    0.000000    0.000000    5.068519    0.000000    0.000000  
33.253325    -0.085454    0.000000    0.000000    -0.428756    0.000000    0.000000    5.343681    0.000000    0.000000  
33.263326    -0.089472    0.000000    0.000000    -0.374212    0.000000    0.000000    5.587411    0.000000    0.000000  
33.273327    -0.092944    0.000000    0.000000    -0.317412    0.000000    0.000000    5.798706    0.000000    0.000000  
33.283328    -0.095843    0.000000    0.000000    -0.258657    0.000000    0.000000    5.976565    0.000000    0.000000  
33.293329    -0.098145    0.000000    0.000000    -0.198250    0.000000    0.000000    6.119985    0.000000    0.000000  
33.303330    -0.099823    0.000000    0.000000    -0.136493    0.000000    0.000000    6.227966    0.000000    0.000000  
33.313331    -0.100863    0.000000    0.000000    -0.073726    0.000000    0.000000    6.299720    0.000000    0.000000  
33.323332    -0.101271    0.000000    0.000000    -0.010345    0.000000    0.000000    6.334785    0.000000    0.000000  
33.333333    -0.101051    0.000000    0.000000    0.053250    0.000000    0.000000    6.332728    0.000000    0.000000  
33.343334    -0.100212    0.000000    0.000000    0.116655    0.000000    0.000000    6.293115    0.000000    0.000000  
33.353335    -0.098757    0.000000    0.000000    0.179470    0.000000    0.000000    6.215512    0.000000    0.000000  
33.363336    -0.096695    0.000000    0.000000    0.241294    0.000000    0.000000    6.099485    0.000000    0.000000  
33.373337    -0.094030    0.000000    0.000000    0.301725    0.000000    0.000000    5.944602    0.000000    0.000000  
33.383338    -0.090770    0.000000    0.000000    0.360361    0.000000    0.000000    5.750428    0.000000    0.000000  
33.393339    -0.086919    0.000000    0.000000    0.416802    0.000000    0.000000    5.516529    0.000000    0.000000  
33.403340    -0.082486    0.000000    0.000000    0.470646    0.000000    0.000000    5.242496    0.000000    0.000000  
33.413341    -0.077491    0.000000    0.000000    0.521540    0.000000    0.000000    4.929375    0.000000    0.000000  
33.423342    -0.071979    0.000000    0.000000    0.569199    0.000000    0.000000    4.580458    0.000000    0.000000  
33.433343    -0.065997    0.000000    0.000000    0.613348    0.000000    0.000000    4.199234    0.000000    0.000000  
33.443344    -0.059593    0.000000    0.000000    0.653709    0.000000    0.000000    3.789190    0.000000    0.000000  
33.453345    -0.052813    0.000000    0.000000    0.690006    0.000000    0.000000    3.353813    0.000000    0.000000  
33.463346    -0.045703    0.000000    0.000000    0.721961    0.000000    0.000000    2.896590    0.000000    0.000000  
33.473347    -0.038312    0.000000    0.000000    0.749297    0.000000    0.000000    2.421008    0.000000    0.000000  
33.483348    -0.030686    0.000000    0.000000    0.771738    0.000000    0.000000    1.930556    0.000000    0.000000  
33.493349    -0.022872    0.000000    0.000000    0.789007    0.000000    0.000000    1.428720    0.000000    0.000000  
33.503350    -0.014917    0.000000    0.000000    0.800829    0.000000    0.000000    0.918986    0.000000    0.000000  
33.513351    -0.006870    0.000000    0.000000    0.807092    0.000000    0.000000    0.404766    0.000000    0.000000  
33.523352    0.001219    0.000000    0.000000    0.807934    0.000000    0.000000    -0.110643    0.000000    0.000000  
33.533353    0.009298    0.000000    0.000000    0.803513    0.000000    0.000000    -0.623955    0.000000    0.000000  
33.543354    0.017316    0.000000    0.000000    0.793987    0.000000    0.000000    -1.131881    0.000000    0.000000  
33.553355    0.025222    0.000000    0.000000    0.779516    0.000000    0.000000    -1.631135    0.000000    0.000000  
33.563356    0.032965    0.000000    0.000000    0.760259    0.000000    0.000000    -2.118429    0.000000    0.000000  
33.573357    0.040493    0.000000    0.000000    0.736373    0.000000    0.000000    -2.590478    0.000000    0.000000  
33.583358    0.047755    0.000000    0.000000    0.708018    0.000000    0.000000    -3.043992    0.000000    0.000000  
33.593359    0.054700    0.000000    0.000000    0.675352    0.000000    0.000000    -3.475686    0.000000    0.000000  
33.603360    0.061278    0.000000    0.000000    0.638535    0.000000    0.000000    -3.882287    0.000000    0.000000  
33.613361    0.067446    0.000000    0.000000    0.597782    0.000000    0.000000    -4.261396    0.000000    0.000000  
33.623362    0.073180    0.000000    0.000000    0.553396    0.000000    0.000000    -4.611959    0.000000    0.000000  
33.633363    0.078453    0.000000    0.000000    0.505684    0.000000    0.000000    -4.933036    0.000000    0.000000  
33.643364    0.083242    0.000000    0.000000    0.454957    0.000000    0.000000    -5.223686    0.000000    0.000000  
33.653365    0.087521    0.000000    0.000000    0.401522    0.000000    0.000000    -5.482969    0.000000    0.000000  
33.663366    0.091266    0.000000    0.000000    0.345689    0.000000    0.000000    -5.709946    0.000000    0.000000  
33.673367    0.094453    0.000000    0.000000    0.287767    0.000000    0.000000    -5.903676    0.000000    0.000000  
33.683368    0.097056    0.000000    0.000000    0.228065    0.000000    0.000000    -6.063220    0.000000    0.000000  
33.693369    0.099050    0.000000    0.000000    0.166891    0.000000    0.000000    -6.187636    0.000000    0.000000  
33.703370    0.100412    0.000000    0.000000    0.104556    0.000000    0.000000    -6.275990    0.000000    0.000000  
33.713371    0.101128    0.000000    0.000000    0.041403    0.000000    0.000000    -6.327584    0.000000    0.000000  
33.723372    0.101207    0.000000    0.000000    -0.022168    0.000000    0.000000    -6.342087    0.000000    0.000000  
33.733373    0.100657    0.000000    0.000000    -0.085753    0.000000    0.000000    -6.319199    0.000000    0.000000  
33.743374    0.099486    0.000000    0.000000    -0.148948    0.000000    0.000000    -6.258621    0.000000    0.000000  
33.753375    0.097704    0.000000    0.000000    -0.211351    0.000000    0.000000    -6.160052    0.000000    0.000000  
33.763376    0.095319    0.000000    0.000000    -0.272558    0.000000    0.000000    -6.023194    0.000000    0.000000  
33.773377    0.092340    0.000000    0.000000    -0.332165    0.000000    0.000000    -5.847747    0.000000    0.000000  
33.783378    0.088776    0.000000    0.000000    -0.389768    0.000000    0.000000    -5.633410    0.000000    0.000000  
33.793379    0.084635    0.000000    0.000000    -0.444964    0.000000    0.000000    -5.379885    0.000000    0.000000  
33.803380    0.079927    0.000000    0.000000    -0.497350    0.000000    0.000000    -5.086896    0.000000    0.000000  
33.813381    0.074674    0.000000    0.000000    -0.546578    0.000000    0.000000    -4.755648    0.000000    0.000000  
33.823382    0.068924    0.000000    0.000000    -0.592382    0.000000    0.000000    -4.389610    0.000000    0.000000  
33.833383    0.062724    0.000000    0.000000    -0.634505    0.000000    0.000000    -3.992442    0.000000    0.000000  
33.843384    0.056122    0.000000    0.000000    -0.672688    0.000000    0.000000    -3.567802    0.000000    0.000000  
33.853385    0.049165    0.000000    0.000000    -0.706672    0.000000    0.000000    -3.119352    0.000000    0.000000  
33.863386    0.041903    0.000000    0.000000    -0.736200    0.000000    0.000000    -2.650750    0.000000    0.000000  
33.873387    0.034383    0.000000    0.000000    -0.761014    0.000000    0.000000    -2.165656    0.000000    0.000000  
33.883388    0.026653    0.000000    0.000000    -0.780854    0.000000    0.000000    -1.667730    0.000000    0.000000  
33.893389    0.018761    0.000000    0.000000    -0.795463    0.000000    0.000000    -1.160632    0.000000    0.000000  
33.903390    0.010755    0.000000    0.000000    -0.804586    0.000000    0.000000    -0.648018    0.000000    0.000000  
33.913391    0.002684    0.000000    0.000000    -0.808130    0.000000    0.000000    -0.133347    0.000000    0.000000  
33.923392    -0.005402    0.000000    0.000000    -0.806254    0.000000    0.000000    0.380226    0.000000    0.000000  
33.933393    -0.013451    0.000000    0.000000    -0.799135    0.000000    0.000000    0.889568    0.000000    0.000000  
33.943394    -0.021414    0.000000    0.000000    -0.786953    0.000000    0.000000    1.391550    0.000000    0.000000  
33.953395    -0.029239    0.000000    0.000000    -0.769887    0.000000    0.000000    1.883040    0.000000    0.000000  
33.963396    -0.036876    0.000000    0.000000    -0.748115    0.000000    0.000000    2.360908    0.000000    0.000000  
33.973397    -0.044274    0.000000    0.000000    -0.721815    0.000000    0.000000    2.822022    0.000000    0.000000  
33.983398    -0.051383    0.000000    0.000000    -0.691168    0.000000    0.000000    3.263251    0.000000    0.000000  
33.993399    -0.058151    0.000000    0.000000    -0.656350    0.000000    0.000000    3.681464    0.000000    0.000000  
34.003400    -0.064529    0.000000    0.000000    -0.617543    0.000000    0.000000    4.073547    0.000000    0.000000  
34.013401    -0.070476    0.000000    0.000000    -0.574974    0.000000    0.000000    4.437245    0.000000    0.000000  
34.023402    -0.075969    0.000000    0.000000    -0.528946    0.000000    0.000000    4.771621    0.000000    0.000000  
34.033403    -0.080984    0.000000    0.000000    -0.479768    0.000000    0.000000    5.075847    0.000000    0.000000  
34.043404    -0.085501    0.000000    0.000000    -0.427748    0.000000    0.000000    5.349096    0.000000    0.000000  
34.053405    -0.089495    0.000000    0.000000    -0.373196    0.000000    0.000000    5.590539    0.000000    0.000000  
34.063406    -0.092946    0.000000    0.000000    -0.316419    0.000000    0.000000    5.799349    0.000000    0.000000  
34.073407    -0.095830    0.000000    0.000000    -0.257728    0.000000    0.000000    5.974699    0.000000    0.000000  
34.083408    -0.098124    0.000000    0.000000    -0.197430    0.000000    0.000000    6.115759    0.000000    0.000000  
34.093409    -0.099807    0.000000    0.000000    -0.135835    0.000000    0.000000    6.221703    0.000000    0.000000  
34.103410    -0.100856    0.000000    0.000000    -0.073251    0.000000    0.000000    6.291707    0.000000    0.000000  
34.113411    -0.101261    0.000000    0.000000    -0.010025    0.000000    0.000000    6.325156    0.000000    0.000000  
34.123412    -0.101031    0.000000    0.000000    0.053447    0.000000    0.000000    6.321752    0.000000    0.000000  
34.133413    -0.100175    0.000000    0.000000    0.116763    0.000000    0.000000    6.281225    0.000000    0.000000  
34.143414    -0.098703    0.000000    0.000000    0.179518    0.000000    0.000000    6.203304    0.000000    0.000000  
34.153415    -0.096624    0.000000    0.000000    0.241312    0.000000    0.000000    6.087720    0.000000    0.000000  
34.163416    -0.093950    0.000000    0.000000    0.301741    0.000000    0.000000    5.934200    0.000000    0.000000  
34.173417    -0.090690    0.000000    0.000000    0.360403    0.000000    0.000000    5.742475    0.000000    0.000000  
34.183418    -0.086853    0.000000    0.000000    0.416895    0.000000    0.000000    5.512275    0.000000    0.000000  
34.193419    -0.082449    0.000000    0.000000    0.470816    0.000000    0.000000    5.243327    0.000000    0.000000  
34.203420    -0.077490    0.000000    0.000000    0.521763    0.000000    0.000000    4.935390    0.000000    0.000000  
34.213421    -0.071999    0.000000    0.000000    0.569394    0.000000    0.000000    4.589747    0.000000    0.000000  
34.223422    -0.066024    0.000000    0.000000    0.613455    0.000000    0.000000    4.209993    0.000000    0.000000  
34.233423    -0.059616    0.000000    0.000000    0.653700    0.000000    0.000000    3.799918    0.000000    0.000000  
34.243424    -0.052824    0.000000    0.000000    0.689884    0.000000    0.000000    3.363311    0.000000    0.000000  
34.253425    -0.045697    0.000000    0.000000    0.721759    0.000000    0.000000    2.903960    0.000000    0.000000  
34.263426    -0.038286    0.000000    0.000000    0.749080    0.000000    0.000000    2.425656    0.000000    0.000000  
34.273427    -0.030640    0.000000    0.000000    0.771600    0.000000    0.000000    1.932187    0.000000    0.000000  
34.283428    -0.022809    0.000000    0.000000    0.789074    0.000000    0.000000    1.427342    0.000000    0.000000  
34.293429    -0.014843    0.000000    0.000000    0.801254    0.000000    0.000000    0.914909    0.000000    0.000000  
34.303430    -0.006790    0.000000    0.000000    0.807899    0.000000    0.000000    0.398674    0.000000    0.000000  
34.313431    0.001298    0.000000    0.000000    0.808931    0.000000    0.000000    -0.117850    0.000000    0.000000  
34.323432    0.009373    0.000000    0.000000    0.804526    0.000000    0.000000    -0.631559    0.000000    0.000000  
34.333433    0.017385    0.000000    0.000000    0.794879    0.000000    0.000000    -1.139382    0.000000    0.000000  
34.343434    0.025284    0.000000    0.000000    0.780186    0.000000    0.000000    -1.638249    0.000000    0.000000  
34.353435    0.033021    0.000000    0.000000    0.760645    0.000000    0.000000    -2.125090    0.000000    0.000000  
34.363436    0.040547    0.000000    0.000000    0.736450    0.000000    0.000000    -2.596832    0.000000    0.000000  
34.373437    0.047811    0.000000    0.000000    0.707798    0.000000    0.000000    -3.050407    0.000000    0.000000  
34.383438    0.054764    0.000000    0.000000    0.674884    0.000000    0.000000    -3.482744    0.000000    0.000000  
34.393439    0.061356    0.000000    0.000000    0.637906    0.000000    0.000000    -3.890771    0.000000    0.000000  
34.403440    0.067539    0.000000    0.000000    0.597059    0.000000    0.000000    -4.271435    0.000000    0.000000  
34.413441    0.073273    0.000000    0.000000    0.552586    0.000000    0.000000    -4.622549    0.000000    0.000000  
34.423442    0.078535    0.000000    0.000000    0.504795    0.000000    0.000000    -4.943236    0.000000    0.000000  
34.433443    0.083305    0.000000    0.000000    0.454003    0.000000    0.000000    -5.232727    0.000000    0.000000  
34.443444    0.087562    0.000000    0.000000    0.400525    0.000000    0.000000    -5.490254    0.000000    0.000000  
34.453445    0.091283    0.000000    0.000000    0.344675    0.000000    0.000000    -5.715048    0.000000    0.000000  
34.463446    0.094448    0.000000    0.000000    0.286768    0.000000    0.000000    -5.906340    0.000000    0.000000  
34.473447    0.097036    0.000000    0.000000    0.227121    0.000000    0.000000    -6.063362    0.000000    0.000000  
34.483448    0.099025    0.000000    0.000000    0.166047    0.000000    0.000000    -6.185344    0.000000    0.000000  
34.493449    0.100393    0.000000    0.000000    0.103863    0.000000    0.000000    -6.271519    0.000000    0.000000  
34.503450    0.101121    0.000000    0.000000    0.040884    0.000000    0.000000    -6.321121    0.000000    0.000000  
34.513451    0.101199    0.000000    0.000000    -0.022541    0.000000    0.000000    -6.333640    0.000000    0.000000  
34.523452    0.100639    0.000000    0.000000    -0.086011    0.000000    0.000000    -6.308944    0.000000    0.000000  
34.533453    0.099452    0.000000    0.000000    -0.149123    0.000000    0.000000    -6.246930    0.000000    0.000000  
34.543454    0.097652    0.000000    0.000000    -0.211472    0.000000    0.000000    -6.147500    0.000000    0.000000  
34.553455    0.095251    0.000000    0.000000    -0.272653    0.000000    0.000000    -6.010551    0.000000    0.000000  
34.563456    0.092261    0.000000    0.000000    -0.332263    0.000000    0.000000    -5.835984    0.000000    0.000000  
34.573457    0.088694    0.000000    0.000000    -0.389897    0.000000    0.000000    -5.623697    0.000000    0.000000  
34.583458    0.084564    0.000000    0.000000    -0.445151    0.000000    0.000000    -5.373590    0.000000    0.000000  
34.593459    0.079883    0.000000    0.000000    -0.497621    0.000000    0.000000    -5.085561    0.000000    0.000000  
34.603460    0.074662    0.000000    0.000000    -0.546904    0.000000    0.000000    -4.759538    0.000000    0.000000  
34.613461    0.068931    0.000000    0.000000    -0.592664    0.000000    0.000000    -4.396971    0.000000    0.000000  
34.623462    0.062736    0.000000    0.000000    -0.634671    0.000000    0.000000    -4.001592    0.000000    0.000000  
34.633463    0.056130    0.000000    0.000000    -0.672701    0.000000    0.000000    -3.577323    0.000000    0.000000  
34.643464    0.049162    0.000000    0.000000    -0.706529    0.000000    0.000000    -3.128082    0.000000    0.000000  
34.653465    0.041883    0.000000    0.000000    -0.735934    0.000000    0.000000    -2.657791    0.000000    0.000000  
34.663466    0.034343    0.000000    0.000000    -0.760690    0.000000    0.000000    -2.170369    0.000000    0.000000  
34.673467    0.026594    0.000000    0.000000    -0.780575    0.000000    0.000000    -1.669737    0.000000    0.000000  
34.683468    0.018686    0.000000    0.000000    -0.795364    0.000000    0.000000    -1.159816    0.000000    0.000000  
34.693469    0.010669    0.000000    0.000000    -0.804835    0.000000    0.000000    -0.644524    0.000000    0.000000  
34.703470    0.002595    0.000000    0.000000    -0.808767    0.000000    0.000000    -0.127776    0.000000    0.000000  
34.713471    -0.005488    0.000000    0.000000    -0.807104    0.000000    0.000000    0.386906    0.000000    0.000000  
34.723472    -0.013530    0.000000    0.000000    -0.800038    0.000000    0.000000    0.896581    0.000000    0.000000  
34.733473    -0.021483    0.000000    0.000000    -0.787780    0.000000    0.000000    1.398357    0.000000    0.000000  
34.743474    -0.029298    0.000000    0.000000    -0.770542    0.000000    0.000000    1.889340    0.000000    0.000000  
34.753475    -0.036926    0.000000    0.000000    -0.748536    0.000000    0.000000    2.366639    0.000000    0.000000  
34.763476    -0.044319    0.000000    0.000000    -0.721972    0.000000    0.000000    2.827360    0.000000    0.000000  
34.773477    -0.051428    0.000000    0.000000    -0.691062    0.000000    0.000000    3.268612    0.000000    0.000000  
34.783478    -0.058204    0.000000    0.000000    -0.656018    0.000000    0.000000    3.687500    0.000000    0.000000  
34.793479    -0.064599    0.000000    0.000000    -0.617051    0.000000    0.000000    4.081134    0.000000    0.000000  
34.803480    -0.070563    0.000000    0.000000    -0.574374    0.000000    0.000000    4.446635    0.000000    0.000000  
34.813481    -0.076061    0.000000    0.000000    -0.528238    0.000000    0.000000    4.781957    0.000000    0.000000  
34.823482    -0.081071    0.000000    0.000000    -0.478955    0.000000    0.000000    5.086297    0.000000    0.000000  
34.833483    -0.085573    0.000000    0.000000    -0.426842    0.000000    0.000000    5.358948    0.000000    0.000000  
34.843484    -0.089549    0.000000    0.000000    -0.372215    0.000000    0.000000    5.599207    0.000000    0.000000  
34.853485    -0.092980    0.000000    0.000000    -0.315389    0.000000    0.000000    5.806369    0.000000    0.000000  
34.863486    -0.095845    0.000000    0.000000    -0.256681    0.000000    0.000000    5.979730    0.000000    0.000000  
34.873487    -0.098126    0.000000    0.000000    -0.196408    0.000000    0.000000    6.118585    0.000000    0.000000  
34.883488    -0.099803    0.000000    0.000000    -0.134886    0.000000    0.000000    6.222230    0.000000    0.000000  
34.893489    -0.100857    0.000000    0.000000    -0.072431    0.000000    0.000000    6.289961    0.000000    0.000000  
34.903490    -0.101270    0.000000    0.000000    -0.009360    0.000000    0.000000    6.321078    0.000000    0.000000  
34.913491    -0.101034    0.000000    0.000000    0.053977    0.000000    0.000000    6.315143    0.000000    0.000000  
34.923492    -0.100162    0.000000    0.000000    0.117183    0.000000    0.000000    6.272110    0.000000    0.000000  
34.933493    -0.098668    0.000000    0.000000    0.179853    0.000000    0.000000    6.191963    0.000000    0.000000  
34.943494    -0.096565    0.000000    0.000000    0.241587    0.000000    0.000000    6.074686    0.000000    0.000000  
34.953495    -0.093869    0.000000    0.000000    0.301982    0.000000    0.000000    5.920263    0.000000    0.000000  
34.963496    -0.090593    0.000000    0.000000    0.360636    0.000000    0.000000    5.728678    0.000000    0.000000  
34.973497    -0.086750    0.000000    0.000000    0.417145    0.000000    0.000000    5.499917    0.000000    0.000000  
34.983498    -0.082355    0.000000    0.000000    0.471108    0.000000    0.000000    5.233963    0.000000    0.000000  
34.993499    -0.077422    0.000000    0.000000    0.522122    0.000000    0.000000    4.930801    0.000000    0.000000  
35.003500    -0.071964    0.000000    0.000000    0.569787    0.000000    0.000000    4.590444    0.000000    0.000000  
35.013501    -0.066012    0.000000    0.000000    0.613774    0.000000    0.000000    4.214436    0.000000    0.000000  
35.023502    -0.059614    0.000000    0.000000    0.653868    0.000000    0.000000    3.806594    0.000000    0.000000  
35.033503    -0.052822    0.000000    0.000000    0.689859    0.000000    0.000000    3.370920    0.000000    0.000000  
35.043504    -0.045689    0.000000    0.000000    0.721539    0.000000    0.000000    2.911413    0.000000    0.000000  
35.053505    -0.038266    0.000000    0.000000    0.748699    0.000000    0.000000    2.432074    0.000000    0.000000  
35.063506    -0.030605    0.000000    0.000000    0.771132    0.000000    0.000000    1.936904    0.000000    0.000000  
35.073507    -0.022758    0.000000    0.000000    0.788627    0.000000    0.000000    1.429902    0.000000    0.000000  
35.083508    -0.014777    0.000000    0.000000    0.800977    0.000000    0.000000    0.915070    0.000000    0.000000  
35.093509    -0.006714    0.000000    0.000000    0.807974    0.000000    0.000000    0.396408    0.000000    0.000000  
35.103510    0.001380    0.000000    0.000000    0.809411    0.000000    0.000000    -0.122091    0.000000    0.000000  
35.113511    0.009455    0.000000    0.000000    0.805250    0.000000    0.000000    -0.636880    0.000000    0.000000  
35.123512    0.017462    0.000000    0.000000    0.795696    0.000000    0.000000    -1.145062    0.000000    0.000000  
35.133513    0.025354    0.000000    0.000000    0.780973    0.000000    0.000000    -1.643797    0.000000    0.000000  
35.143514    0.033082    0.000000    0.000000    0.761308    0.000000    0.000000    -2.130243    0.000000    0.000000  
35.153515    0.040601    0.000000    0.000000    0.736925    0.000000    0.000000    -2.601557    0.000000    0.000000  
35.163516    0.047861    0.000000    0.000000    0.708050    0.000000    0.000000    -3.054899    0.000000    0.000000  
35.173517    0.054816    0.000000    0.000000    0.674907    0.000000    0.000000    -3.487427    0.000000    0.000000  
35.183518    0.061417    0.000000    0.000000    0.637723    0.000000    0.000000    -3.896299    0.000000    0.000000  
35.193519    0.067617    0.000000    0.000000    0.596722    0.000000    0.000000    -4.278674    0.000000    0.000000  
35.203520    0.073369    0.000000    0.000000    0.552130    0.000000    0.000000    -4.631725    0.000000    0.000000  
35.213521    0.078635    0.000000    0.000000    0.504212    0.000000    0.000000    -4.953469    0.000000    0.000000  
35.223522    0.083398    0.000000    0.000000    0.453288    0.000000    0.000000    -5.243163    0.000000    0.000000  
35.233523    0.087640    0.000000    0.000000    0.399684    0.000000    0.000000    -5.500164    0.000000    0.000000  
35.243524    0.091341    0.000000    0.000000    0.343723    0.000000    0.000000    -5.723830    0.000000    0.000000  
35.253525    0.094485    0.000000    0.000000    0.285732    0.000000    0.000000    -5.913517    0.000000    0.000000  
35.263526    0.097053    0.000000    0.000000    0.226036    0.000000    0.000000    -6.068582    0.000000    0.000000  
35.273527    0.099028    0.000000    0.000000    0.164960    0.000000    0.000000    -6.188383    0.000000    0.000000  
35.283528    0.100391    0.000000    0.000000    0.102829    0.000000    0.000000    -6.272277    0.000000    0.000000  
35.293529    0.101125    0.000000    0.000000    0.039968    0.000000    0.000000    -6.319621    0.000000    0.000000  
35.303530    0.101212    0.000000    0.000000    -0.023296    0.000000    0.000000    -6.329777    0.000000    0.000000  
35.313531    0.100647    0.000000    0.000000    -0.086611    0.000000    0.000000    -6.302426    0.000000    0.000000  
35.323532    0.099446    0.000000    0.000000    -0.149579    0.000000    0.000000    -6.237709    0.000000    0.000000  
35.333533    0.097624    0.000000    0.000000    -0.211802    0.000000    0.000000    -6.135808    0.000000    0.000000  
35.343534    0.095199    0.000000    0.000000    -0.272878    0.000000    0.000000    -5.996902    0.000000    0.000000  
35.353535    0.092188    0.000000    0.000000    -0.332409    0.000000    0.000000    -5.821173    0.000000    0.000000  
35.363536    0.088606    0.000000    0.000000    -0.389995    0.000000    0.000000    -5.608801    0.000000    0.000000  
35.373537    0.084469    0.000000    0.000000    -0.445236    0.000000    0.000000    -5.359965    0.000000    0.000000  
35.383538    0.079796    0.000000    0.000000    -0.497732    0.000000    0.000000    -5.074848    0.000000    0.000000  
35.393539    0.074602    0.000000    0.000000    -0.547085    0.000000    0.000000    -4.753628    0.000000    0.000000  
35.403540    0.068903    0.000000    0.000000    -0.592895    0.000000    0.000000    -4.396515    0.000000    0.000000  
35.413541    0.062731    0.000000    0.000000    -0.634847    0.000000    0.000000    -4.005217    0.000000    0.000000  
35.423542    0.056136    0.000000    0.000000    -0.672745    0.000000    0.000000    -3.583641    0.000000    0.000000  
35.433543    0.049172    0.000000    0.000000    -0.706402    0.000000    0.000000    -3.135868    0.000000    0.000000  
35.443544    0.041889    0.000000    0.000000    -0.735631    0.000000    0.000000    -2.665979    0.000000    0.000000  
35.453545    0.034341    0.000000    0.000000    -0.760247    0.000000    0.000000    -2.178057    0.000000    0.000000  
35.463546    0.026579    0.000000    0.000000    -0.780062    0.000000    0.000000    -1.676183    0.000000    0.000000  
35.473547    0.018657    0.000000    0.000000    -0.794890    0.000000    0.000000    -1.164439    0.000000    0.000000  
35.483548    0.010627    0.000000    0.000000    -0.804546    0.000000    0.000000    -0.646906    0.000000    0.000000  
35.493549    0.002541    0.000000    0.000000    -0.808841    0.000000    0.000000    -0.127666    0.000000    0.000000  
35.503550    -0.005548    0.000000    0.000000    -0.807593    0.000000    0.000000    0.389210    0.000000    0.000000  
35.513551    -0.013591    0.000000    0.000000    -0.800784    0.000000    0.000000    0.900195    0.000000    0.000000  
35.523552    -0.021539    0.000000    0.000000    -0.788632    0.000000    0.000000    1.402557    0.000000    0.000000  
35.533553    -0.029348    0.000000    0.000000    -0.771377    0.000000    0.000000    1.893628    0.000000    0.000000  
35.543554    -0.036969    0.000000    0.000000    -0.749260    0.000000    0.000000    2.370739    0.000000    0.000000  
35.553555    -0.044356    0.000000    0.000000    -0.722520    0.000000    0.000000    2.831223    0.000000    0.000000  
35.563556    -0.051463    0.000000    0.000000    -0.691395    0.000000    0.000000    3.272411    0.000000    0.000000  
35.573557    -0.058242    0.000000    0.000000    -0.656127    0.000000    0.000000    3.691634    0.000000    0.000000  
35.583558    -0.064647    0.000000    0.000000    -0.616953    0.000000    0.000000    4.086225    0.000000    0.000000  
35.593559    -0.070632    0.000000    0.000000    -0.574114    0.000000    0.000000    4.453516    0.000000    0.000000  
35.603560    -0.076149    0.000000    0.000000    -0.527850    0.000000    0.000000    4.790852    0.000000    0.000000  
35.613561    -0.081164    0.000000    0.000000    -0.478434    0.000000    0.000000    5.096382    0.000000    0.000000  
35.623562    -0.085659    0.000000    0.000000    -0.426188    0.000000    0.000000    5.369416    0.000000    0.000000  
35.633563    -0.089620    0.000000    0.000000    -0.371436    0.000000    0.000000    5.609361    0.000000    0.000000  
35.643564    -0.093030    0.000000    0.000000    -0.314504    0.000000    0.000000    5.815620    0.000000    0.000000  
35.653565    -0.095874    0.000000    0.000000    -0.255717    0.000000    0.000000    5.987599    0.000000    0.000000  
35.663566    -0.098135    0.000000    0.000000    -0.195400    0.000000    0.000000    6.124701    0.000000    0.000000  
35.673567    -0.099797    0.000000    0.000000    -0.133878    0.000000    0.000000    6.226333    0.000000    0.000000  
35.683568    -0.100845    0.000000    0.000000    -0.071478    0.000000    0.000000    6.291897    0.000000    0.000000  
35.693569    -0.101263    0.000000    0.000000    -0.008523    0.000000    0.000000    6.320800    0.000000    0.000000  
35.703570    -0.101035    0.000000    0.000000    0.054661    0.000000    0.000000    6.312452    0.000000    0.000000  
35.713571    -0.100159    0.000000    0.000000    0.117719    0.000000    0.000000    6.266607    0.000000    0.000000  
35.723572    -0.098651    0.000000    0.000000    0.180256    0.000000    0.000000    6.183516    0.000000    0.000000  
35.733573    -0.096529    0.000000    0.000000    0.241875    0.000000    0.000000    6.063470    0.000000    0.000000  
35.743574    -0.093811    0.000000    0.000000    0.302178    0.000000    0.000000    5.906758    0.000000    0.000000  
35.753575    -0.090515    0.000000    0.000000    0.360765    0.000000    0.000000    5.713671    0.000000    0.000000  
35.763576    -0.086658    0.000000    0.000000    0.417240    0.000000    0.000000    5.484499    0.000000    0.000000  
35.773577    -0.082259    0.000000    0.000000    0.471203    0.000000    0.000000    5.219534    0.000000    0.000000  
35.783578    -0.077335    0.000000    0.000000    0.522257    0.000000    0.000000    4.919064    0.000000    0.000000  
35.793579    -0.071905    0.000000    0.000000    0.570003    0.000000    0.000000    4.583381    0.000000    0.000000  
35.803580    -0.065986    0.000000    0.000000    0.614046    0.000000    0.000000    4.212804    0.000000    0.000000  
35.813581    -0.059611    0.000000    0.000000    0.654077    0.000000    0.000000    3.809141    0.000000    0.000000  
35.823582    -0.052831    0.000000    0.000000    0.689918    0.000000    0.000000    3.376357    0.000000    0.000000  
35.833583    -0.045700    0.000000    0.000000    0.721400    0.000000    0.000000    2.918590    0.000000    0.000000  
35.843584    -0.038273    0.000000    0.000000    0.748356    0.000000    0.000000    2.439974    0.000000    0.000000  
35.853585    -0.030602    0.000000    0.000000    0.770616    0.000000    0.000000    1.944647    0.000000    0.000000  
35.863586    -0.022741    0.000000    0.000000    0.788012    0.000000    0.000000    1.436744    0.000000    0.000000  
35.873587    -0.014745    0.000000    0.000000    0.800376    0.000000    0.000000    0.920402    0.000000    0.000000  
35.883588    -0.006666    0.000000    0.000000    0.807539    0.000000    0.000000    0.399756    0.000000    0.000000  
35.893589    0.001441    0.000000    0.000000    0.809333    0.000000    0.000000    -0.121058    0.000000    0.000000  
35.903590    0.009523    0.000000    0.000000    0.805592    0.000000    0.000000    -0.637915    0.000000    0.000000  
35.913591    0.017530    0.000000    0.000000    0.796314    0.000000    0.000000    -1.147284    0.000000    0.000000  
35.923592    0.025416    0.000000    0.000000    0.781730    0.000000    0.000000    -1.646494    0.000000    0.000000  
35.933593    0.033136    0.000000    0.000000    0.762089    0.000000    0.000000    -2.132939    0.000000    0.000000  
35.943594    0.040643    0.000000    0.000000    0.737641    0.000000    0.000000    -2.604015    0.000000    0.000000  
35.953595    0.047894    0.000000    0.000000    0.708637    0.000000    0.000000    -3.057117    0.000000    0.000000  
35.963596    0.054843    0.000000    0.000000    0.675327    0.000000    0.000000    -3.489640    0.000000    0.000000  
35.973597    0.061444    0.000000    0.000000    0.637959    0.000000    0.000000    -3.898979    0.000000    0.000000  
35.983598    0.067652    0.000000    0.000000    0.596784    0.000000    0.000000    -4.282531    0.000000    0.000000  
35.993599    0.073422    0.000000    0.000000    0.552051    0.000000    0.000000    -4.637689    0.000000    0.000000  
36.003600    0.078709    0.000000    0.000000    0.504011    0.000000    0.000000    -4.961865    0.000000    0.000000  
36.013601    0.083479    0.000000    0.000000    0.452949    0.000000    0.000000    -5.253261    0.000000    0.000000  
36.023602    0.087717    0.000000    0.000000    0.399195    0.000000    0.000000    -5.511223    0.000000    0.000000  
36.033603    0.091408    0.000000    0.000000    0.343085    0.000000    0.000000    -5.735184    0.000000    0.000000  
36.043604    0.094536    0.000000    0.000000    0.284955    0.000000    0.000000    -5.924579    0.000000    0.000000  
36.053605    0.097088    0.000000    0.000000    0.225141    0.000000    0.000000    -6.078841    0.000000    0.000000  
36.063606    0.099047    0.000000    0.000000    0.163977    0.000000    0.000000    -6.197404    0.000000    0.000000  
36.073607    0.100400    0.000000    0.000000    0.101801    0.000000    0.000000    -6.279703    0.000000    0.000000  
36.083608    0.101132    0.000000    0.000000    0.038946    0.000000    0.000000    -6.325172    0.000000    0.000000  
36.093609    0.101227    0.000000    0.000000    -0.024251    0.000000    0.000000    -6.333244    0.000000    0.000000  
36.103610    0.100672    0.000000    0.000000    -0.087454    0.000000    0.000000    -6.303362    0.000000    0.000000  
36.113611    0.099465    0.000000    0.000000    -0.150305    0.000000    0.000000    -6.235404    0.000000    0.000000  
36.123612    0.097627    0.000000    0.000000    -0.212412    0.000000    0.000000    -6.129872    0.000000    0.000000  
36.133613    0.095177    0.000000    0.000000    -0.273381    0.000000    0.000000    -5.987318    0.000000    0.000000  
36.143614    0.092137    0.000000    0.000000    -0.332820    0.000000    0.000000    -5.808294    0.000000    0.000000  
36.153615    0.088527    0.000000    0.000000    -0.390334    0.000000    0.000000    -5.593350    0.000000    0.000000  
36.163616    0.084369    0.000000    0.000000    -0.445529    0.000000    0.000000    -5.343039    0.000000    0.000000  
36.173617    0.079684    0.000000    0.000000    -0.498012    0.000000    0.000000    -5.057912    0.000000    0.000000  
36.183618    0.074492    0.000000    0.000000    -0.547389    0.000000    0.000000    -4.738519    0.000000    0.000000  
36.193619    0.068814    0.000000    0.000000    -0.593266    0.000000    0.000000    -4.385414    0.000000    0.000000  
36.203620    0.062672    0.000000    0.000000    -0.635251    0.000000    0.000000    -3.999175    0.000000    0.000000  
36.213621    0.056099    0.000000    0.000000    -0.673051    0.000000    0.000000    -3.581781    0.000000    0.000000  
36.223622    0.049148    0.000000    0.000000    -0.706512    0.000000    0.000000    -3.137219    0.000000    0.000000  
36.233623    0.041872    0.000000    0.000000    -0.735491    0.000000    0.000000    -2.669633    0.000000    0.000000  
36.243624    0.034325    0.000000    0.000000    -0.759845    0.000000    0.000000    -2.183166    0.000000    0.000000  
36.253625    0.026560    0.000000    0.000000    -0.779432    0.000000    0.000000    -1.681960    0.000000    0.000000  
36.263626    0.018631    0.000000    0.000000    -0.794108    0.000000    0.000000    -1.170158    0.000000    0.000000  
36.273627    0.010592    0.000000    0.000000    -0.803730    0.000000    0.000000    -0.651904    0.000000    0.000000  
36.283628    0.002497    0.000000    0.000000    -0.808157    0.000000    0.000000    -0.131340    0.000000    0.000000  
36.293629    -0.005602    0.000000    0.000000    -0.807244    0.000000    0.000000    0.387392    0.000000    0.000000  
36.303630    -0.013650    0.000000    0.000000    -0.800853    0.000000    0.000000    0.900160    0.000000    0.000000  
36.313631    -0.021597    0.000000    0.000000    -0.789001    0.000000    0.000000    1.403502    0.000000    0.000000  
36.323632    -0.029399    0.000000    0.000000    -0.771927    0.000000    0.000000    1.894905    0.000000    0.000000  
36.333633    -0.037011    0.000000    0.000000    -0.749892    0.000000    0.000000    2.371928    0.000000    0.000000  
36.343634    -0.044389    0.000000    0.000000    -0.723152    0.000000    0.000000    2.832135    0.000000    0.000000  
36.353635    -0.051488    0.000000    0.000000    -0.691967    0.000000    0.000000    3.273085    0.000000    0.000000  
36.363636    -0.058263    0.000000    0.000000    -0.656594    0.000000    0.000000    3.692339    0.000000    0.000000  
36.373637    -0.064671    0.000000    0.000000    -0.617293    0.000000    0.000000    4.087458    0.000000    0.000000  
36.383638    -0.070667    0.000000    0.000000    -0.574321    0.000000    0.000000    4.456004    0.000000    0.000000  
36.393639    -0.076206    0.000000    0.000000    -0.527937    0.000000    0.000000    4.795538    0.000000    0.000000  
36.403640    -0.081244    0.000000    0.000000    -0.478400    0.000000    0.000000    5.103634    0.000000    0.000000  
36.413641    -0.085750    0.000000    0.000000    -0.426000    0.000000    0.000000    5.378611    0.000000    0.000000  
36.423642    -0.089709    0.000000    0.000000    -0.371072    0.000000    0.000000    5.619841    0.000000    0.000000  
36.433643    -0.093109    0.000000    0.000000    -0.313955    0.000000    0.000000    5.826780    0.000000    0.000000  
36.443644    -0.095936    0.000000    0.000000    -0.254988    0.000000    0.000000    5.998883    0.000000    0.000000  
36.453645    -0.098180    0.000000    0.000000    -0.194509    0.000000    0.000000    6.135605    0.000000    0.000000  
36.463646    -0.099825    0.000000    0.000000    -0.132857    0.000000    0.000000    6.236401    0.000000    0.000000  
36.473647    -0.100861    0.000000    0.000000    -0.070370    0.000000    0.000000    6.300726    0.000000    0.000000  
36.483648    -0.101275    0.000000    0.000000    -0.007388    0.000000    0.000000    6.328035    0.000000    0.000000  
36.493649    -0.101053    0.000000    0.000000    0.055751    0.000000    0.000000    6.317784    0.000000    0.000000  
36.503650    -0.100183    0.000000    0.000000    0.118709    0.000000    0.000000    6.269436    0.000000    0.000000  
36.513651    -0.098667    0.000000    0.000000    0.181126    0.000000    0.000000    6.182944    0.000000    0.000000  
36.523652    -0.096526    0.000000    0.000000    0.242615    0.000000    0.000000    6.058952    0.000000    0.000000  
36.533653    -0.093781    0.000000    0.000000    0.302787    0.000000    0.000000    5.898157    0.000000    0.000000  
36.543654    -0.090455    0.000000    0.000000    0.361254    0.000000    0.000000    5.701257    0.000000    0.000000  
36.553655    -0.086570    0.000000    0.000000    0.417626    0.000000    0.000000    5.468947    0.000000    0.000000  
36.563656    -0.082149    0.000000    0.000000    0.471514    0.000000    0.000000    5.201926    0.000000    0.000000  
36.573657    -0.077214    0.000000    0.000000    0.522529    0.000000    0.000000    4.900891    0.000000    0.000000  
36.583658    -0.071787    0.000000    0.000000    0.570282    0.000000    0.000000    4.566539    0.000000    0.000000  
36.593659    -0.065890    0.000000    0.000000    0.614385    0.000000    0.000000    4.199567    0.000000    0.000000  
36.603660    -0.059546    0.000000    0.000000    0.654449    0.000000    0.000000    3.800700    0.000000    0.000000  
36.613661    -0.052790    0.000000    0.000000    0.690191    0.000000    0.000000    3.372025    0.000000    0.000000  
36.623662    -0.045676    0.000000    0.000000    0.721477    0.000000    0.000000    2.917558    0.000000    0.000000  
36.633663    -0.038257    0.000000    0.000000    0.748179    0.000000    0.000000    2.441464    0.000000    0.000000  
36.643664    -0.030590    0.000000    0.000000    0.770174    0.000000    0.000000    1.947909    0.000000    0.000000  
36.653665    -0.022728    0.000000    0.000000    0.787336    0.000000    0.000000    1.441056    0.000000    0.000000  
36.663666    -0.014726    0.000000    0.000000    0.799541    0.000000    0.000000    0.925072    0.000000    0.000000  
36.673667    -0.006638    0.000000    0.000000    0.806663    0.000000    0.000000    0.404121    0.000000    0.000000  
36.683668    0.001479    0.000000    0.000000    0.808577    0.000000    0.000000    -0.117633    0.000000    0.000000  
36.693669    0.009573    0.000000    0.000000    0.805159    0.000000    0.000000    -0.636024    0.000000    0.000000  
36.703670    0.017588    0.000000    0.000000    0.796286    0.000000    0.000000    -1.146902    0.000000    0.000000  
36.713671    0.025475    0.000000    0.000000    0.781991    0.000000    0.000000    -1.646823    0.000000    0.000000  
36.723672    0.033189    0.000000    0.000000    0.762526    0.000000    0.000000    -2.133340    0.000000    0.000000  
36.733673    0.040688    0.000000    0.000000    0.738160    0.000000    0.000000    -2.604085    0.000000    0.000000  
36.743674    0.047929    0.000000    0.000000    0.709161    0.000000    0.000000    -3.056686    0.000000    0.000000  
36.753675    0.054869    0.000000    0.000000    0.675798    0.000000    0.000000    -3.488776    0.000000    0.000000  
36.763676    0.061466    0.000000    0.000000    0.638339    0.000000    0.000000    -3.897982    0.000000    0.000000  
36.773677    0.067675    0.000000    0.000000    0.597052    0.000000    0.000000    -4.281937    0.000000    0.000000  
36.783678    0.073454    0.000000    0.000000    0.552206    0.000000    0.000000    -4.638271    0.000000    0.000000  
36.793679    0.078761    0.000000    0.000000    0.504070    0.000000    0.000000    -4.964613    0.000000    0.000000  
36.803680    0.083552    0.000000    0.000000    0.452912    0.000000    0.000000    -5.258609    0.000000    0.000000  
36.813681    0.087797    0.000000    0.000000    0.399033    0.000000    0.000000    -5.518631    0.000000    0.000000  
36.823682    0.091483    0.000000    0.000000    0.342777    0.000000    0.000000    -5.744078    0.000000    0.000000  
36.833683    0.094600    0.000000    0.000000    0.284491    0.000000    0.000000    -5.934425    0.000000    0.000000  
36.843684    0.097134    0.000000    0.000000    0.224521    0.000000    0.000000    -6.089150    0.000000    0.000000  
36.853685    0.099076    0.000000    0.000000    0.163216    0.000000    0.000000    -6.207727    0.000000    0.000000  
36.863686    0.100413    0.000000    0.000000    0.100923    0.000000    0.000000    -6.289634    0.000000    0.000000  
36.873687    0.101134    0.000000    0.000000    0.037989    0.000000    0.000000    -6.334347    0.000000    0.000000  
36.883688    0.101228    0.000000    0.000000    -0.025240    0.000000    0.000000    -6.341342    0.000000    0.000000  
36.893689    0.100683    0.000000    0.000000    -0.088415    0.000000    0.000000    -6.310094    0.000000    0.000000  
36.903690    0.099488    0.000000    0.000000    -0.151189    0.000000    0.000000    -6.240093    0.000000    0.000000  
36.913691    0.097646    0.000000    0.000000    -0.213200    0.000000    0.000000    -6.131420    0.000000    0.000000  
36.923692    0.095181    0.000000    0.000000    -0.274065    0.000000    0.000000    -5.984992    0.000000    0.000000  
36.933693    0.092117    0.000000    0.000000    -0.333399    0.000000    0.000000    -5.801790    0.000000    0.000000  
36.943694    0.088481    0.000000    0.000000    -0.390818    0.000000    0.000000    -5.582793    0.000000    0.000000  
36.953695    0.084297    0.000000    0.000000    -0.445936    0.000000    0.000000    -5.328981    0.000000    0.000000  
36.963696    0.079589    0.000000    0.000000    -0.498370    0.000000    0.000000    -5.041335    0.000000    0.000000  
36.973697    0.074385    0.000000    0.000000    -0.547734    0.000000    0.000000    -4.720834    0.000000    0.000000  
36.983698    0.068707    0.000000    0.000000    -0.593645    0.000000    0.000000    -4.368458    0.000000    0.000000  
36.993699    0.062582    0.000000    0.000000    -0.635716    0.000000    0.000000    -3.985188    0.000000    0.000000  
37.003700    0.056035    0.000000    0.000000    -0.673567    0.000000    0.000000    -3.572030    0.000000    0.000000  
37.013701    0.049103    0.000000    0.000000    -0.706928    0.000000    0.000000    -3.131236    0.000000    0.000000  
37.023702    0.041839    0.000000    0.000000    -0.735691    0.000000    0.000000    -2.666809    0.000000    0.000000  
37.033703    0.034298    0.000000    0.000000    -0.759761    0.000000    0.000000    -2.182885    0.000000    0.000000  
37.043704    0.026534    0.000000    0.000000    -0.779042    0.000000    0.000000    -1.683597    0.000000    0.000000  
37.053705    0.018602    0.000000    0.000000    -0.793436    0.000000    0.000000    -1.173082    0.000000    0.000000  
37.063706    0.010557    0.000000    0.000000    -0.802847    0.000000    0.000000    -0.655473    0.000000    0.000000  
37.073707    0.002454    0.000000    0.000000    -0.807181    0.000000    0.000000    -0.134905    0.000000    0.000000  
37.083708    -0.005654    0.000000    0.000000    -0.806339    0.000000    0.000000    0.384487    0.000000    0.000000  
37.093709    -0.013712    0.000000    0.000000    -0.800227    0.000000    0.000000    0.898568    0.000000    0.000000  
37.103710    -0.021664    0.000000    0.000000    -0.788751    0.000000    0.000000    1.403220    0.000000    0.000000  
37.113711    -0.029463    0.000000    0.000000    -0.771963    0.000000    0.000000    1.895093    0.000000    0.000000  
37.123712    -0.037064    0.000000    0.000000    -0.750122    0.000000    0.000000    2.371918    0.000000    0.000000  
37.133713    -0.044428    0.000000    0.000000    -0.723498    0.000000    0.000000    2.831503    0.000000    0.000000  
37.143714    -0.051511    0.000000    0.000000    -0.692365    0.000000    0.000000    3.271659    0.000000    0.000000  
37.153715    -0.058273    0.000000    0.000000    -0.656995    0.000000    0.000000    3.690196    0.000000    0.000000  
37.163716    -0.064672    0.000000    0.000000    -0.617659    0.000000    0.000000    4.084923    0.000000    0.000000  
37.173717    -0.070666    0.000000    0.000000    -0.574631    0.000000    0.000000    4.453651    0.000000    0.000000  
37.183718    -0.076213    0.000000    0.000000    -0.528183    0.000000    0.000000    4.794189    0.000000    0.000000  
37.193719    -0.081272    0.000000    0.000000    -0.478587    0.000000    0.000000    5.104347    0.000000    0.000000  
37.203720    -0.085802    0.000000    0.000000    -0.426116    0.000000    0.000000    5.381950    0.000000    0.000000  
37.213721    -0.089773    0.000000    0.000000    -0.371075    0.000000    0.000000    5.625472    0.000000    0.000000  
37.223722    -0.093174    0.000000    0.000000    -0.313811    0.000000    0.000000    5.834302    0.000000    0.000000  
37.233723    -0.095996    0.000000    0.000000    -0.254678    0.000000    0.000000    6.007896    0.000000    0.000000  
37.243724    -0.098229    0.000000    0.000000    -0.194026    0.000000    0.000000    6.145708    0.000000    0.000000  
37.253725    -0.099863    0.000000    0.000000    -0.132208    0.000000    0.000000    6.247195    0.000000    0.000000  
37.263726    -0.100889    0.000000    0.000000    -0.069574    0.000000    0.000000    6.311812    0.000000    0.000000  
37.273727    -0.101296    0.000000    0.000000    -0.006478    0.000000    0.000000    6.339015    0.000000    0.000000  
37.283728    -0.101075    0.000000    0.000000    0.056729    0.000000    0.000000    6.328259    0.000000    0.000000  
37.293729    -0.100216    0.000000    0.000000    0.119696    0.000000    0.000000    6.279000    0.000000    0.000000  
37.303730    -0.098710    0.000000    0.000000    0.182070    0.000000    0.000000    6.190708    0.000000    0.000000  
37.313731    -0.096562    0.000000    0.000000    0.243488    0.000000    0.000000    6.063535    0.000000    0.000000  
37.323732    -0.093796    0.000000    0.000000    0.303574    0.000000    0.000000    5.898582    0.000000    0.000000  
37.333733    -0.090441    0.000000    0.000000    0.361948    0.000000    0.000000    5.697022    0.000000    0.000000  
37.343734    -0.086523    0.000000    0.000000    0.418230    0.000000    0.000000    5.460026    0.000000    0.000000  
37.353735    -0.082068    0.000000    0.000000    0.472043    0.000000    0.000000    5.188767    0.000000    0.000000  
37.363736    -0.077105    0.000000    0.000000    0.523008    0.000000    0.000000    4.884417    0.000000    0.000000  
37.373737    -0.071659    0.000000    0.000000    0.570745    0.000000    0.000000    4.548147    0.000000    0.000000  
37.383738    -0.065759    0.000000    0.000000    0.614876    0.000000    0.000000    4.181131    0.000000    0.000000  
37.393739    -0.059430    0.000000    0.000000    0.655022    0.000000    0.000000    3.784539    0.000000    0.000000  
37.403740    -0.052699    0.000000    0.000000    0.690806    0.000000    0.000000    3.359570    0.000000    0.000000  
37.413741    -0.045606    0.000000    0.000000    0.721973    0.000000    0.000000    2.908592    0.000000    0.000000  
37.423742    -0.038204    0.000000    0.000000    0.748435    0.000000    0.000000    2.435603    0.000000    0.000000  
37.433743    -0.030549    0.000000    0.000000    0.770113    0.000000    0.000000    1.944720    0.000000    0.000000  
37.443744    -0.022694    0.000000    0.000000    0.786933    0.000000    0.000000    1.440062    0.000000    0.000000  
37.453745    -0.014695    0.000000    0.000000    0.798818    0.000000    0.000000    0.925745    0.000000    0.000000  
37.463746    -0.006608    0.000000    0.000000    0.805691    0.000000    0.000000    0.405887    0.000000    0.000000  
37.473747    0.001513    0.000000    0.000000    0.807475    0.000000    0.000000    -0.115393    0.000000    0.000000  
37.483748    0.009613    0.000000    0.000000    0.804096    0.000000    0.000000    -0.633979    0.000000    0.000000  
37.493749    0.017637    0.000000    0.000000    0.795475    0.000000    0.000000    -1.145752    0.000000    0.000000  
37.503750    0.025530    0.000000    0.000000    0.781541    0.000000    0.000000    -1.646612    0.000000    0.000000  
37.513751    0.033243    0.000000    0.000000    0.762360    0.000000    0.000000    -2.133254    0.000000    0.000000  
37.523752    0.040734    0.000000    0.000000    0.738200    0.000000    0.000000    -2.603475    0.000000    0.000000  
37.533753    0.047964    0.000000    0.000000    0.709339    0.000000    0.000000    -3.055156    0.000000    0.000000  
37.543754    0.054892    0.000000    0.000000    0.676059    0.000000    0.000000    -3.486174    0.000000    0.000000  
37.553755    0.061477    0.000000    0.000000    0.638638    0.000000    0.000000    -3.894410    0.000000    0.000000  
37.563756    0.067680    0.000000    0.000000    0.597356    0.000000    0.000000    -4.277741    0.000000    0.000000  
37.573757    0.073460    0.000000    0.000000    0.552495    0.000000    0.000000    -4.634048    0.000000    0.000000  
37.583758    0.078775    0.000000    0.000000    0.504333    0.000000    0.000000    -4.961209    0.000000    0.000000  
37.593759    0.083587    0.000000    0.000000    0.453150    0.000000    0.000000    -5.257103    0.000000    0.000000  
37.603760    0.087854    0.000000    0.000000    0.399228    0.000000    0.000000    -5.519623    0.000000    0.000000  
37.613761    0.091550    0.000000    0.000000    0.342879    0.000000    0.000000    -5.747303    0.000000    0.000000  
37.623762    0.094665    0.000000    0.000000    0.284460    0.000000    0.000000    -5.939560    0.000000    0.000000  
37.633763    0.097191    0.000000    0.000000    0.224334    0.000000    0.000000    -6.095875    0.000000    0.000000  
37.643764    0.099119    0.000000    0.000000    0.162860    0.000000    0.000000    -6.215732    0.000000    0.000000  
37.653765    0.100442    0.000000    0.000000    0.100399    0.000000    0.000000    -6.298612    0.000000    0.000000  
37.663766    0.101150    0.000000    0.000000    0.037313    0.000000    0.000000    -6.343998    0.000000    0.000000  
37.673767    0.101237    0.000000    0.000000    -0.026038    0.000000    0.000000    -6.351372    0.000000    0.000000  
37.683768    0.100693    0.000000    0.000000    -0.089293    0.000000    0.000000    -6.320216    0.000000    0.000000  
37.693769    0.099511    0.000000    0.000000    -0.152091    0.000000    0.000000    -6.250014    0.000000    0.000000  
37.703770    0.097683    0.000000    0.000000    -0.214071    0.000000    0.000000    -6.140264    0.000000    0.000000  
37.713771    0.095216    0.000000    0.000000    -0.274867    0.000000    0.000000    -5.991254    0.000000    0.000000  
37.723772    0.092137    0.000000    0.000000    -0.334110    0.000000    0.000000    -5.804356    0.000000    0.000000  
37.733773    0.088476    0.000000    0.000000    -0.391427    0.000000    0.000000    -5.581023    0.000000    0.000000  
37.743774    0.084263    0.000000    0.000000    -0.446447    0.000000    0.000000    -5.322708    0.000000    0.000000  
37.753775    0.079527    0.000000    0.000000    -0.498800    0.000000    0.000000    -5.030861    0.000000    0.000000  
37.763776    0.074297    0.000000    0.000000    -0.548114    0.000000    0.000000    -4.706936    0.000000    0.000000  
37.773777    0.068603    0.000000    0.000000    -0.594017    0.000000    0.000000    -4.352385    0.000000    0.000000  
37.783778    0.062474    0.000000    0.000000    -0.636139    0.000000    0.000000    -3.968661    0.000000    0.000000  
37.793779    0.055940    0.000000    0.000000    -0.674107    0.000000    0.000000    -3.557215    0.000000    0.000000  
37.803780    0.049030    0.000000    0.000000    -0.707555    0.000000    0.000000    -3.119523    0.000000    0.000000  
37.813781    0.041784    0.000000    0.000000    -0.736242    0.000000    0.000000    -2.658107    0.000000    0.000000  
37.823782    0.034256    0.000000    0.000000    -0.760106    0.000000    0.000000    -2.176928    0.000000    0.000000  
37.833783    0.026501    0.000000    0.000000    -0.779099    0.000000    0.000000    -1.680051    0.000000    0.000000  
37.843784    0.018574    0.000000    0.000000    -0.793171    0.000000    0.000000    -1.171542    0.000000    0.000000  
37.853785    0.010530    0.000000    0.000000    -0.802274    0.000000    0.000000    -0.655467    0.000000    0.000000  
37.863786    0.002424    0.000000    0.000000    -0.806358    0.000000    0.000000    -0.135890    0.000000    0.000000  
37.873787    -0.005690    0.000000    0.000000    -0.805375    0.000000    0.000000    0.383121    0.000000    0.000000  
37.883788    -0.013755    0.000000    0.000000    -0.799275    0.000000    0.000000    0.897502    0.000000    0.000000  
37.893789    -0.021718    0.000000    0.000000    -0.788009    0.000000    0.000000    1.403187    0.000000    0.000000  
37.903790    -0.029524    0.000000    0.000000    -0.771532    0.000000    0.000000    1.896130    0.000000    0.000000  
37.913791    -0.037123    0.000000    0.000000    -0.749931    0.000000    0.000000    2.373136    0.000000    0.000000  
37.923792    -0.044477    0.000000    0.000000    -0.723477    0.000000    0.000000    2.832182    0.000000    0.000000  
37.933793    -0.051547    0.000000    0.000000    -0.692453    0.000000    0.000000    3.271330    0.000000    0.000000  
37.943794    -0.058293    0.000000    0.000000    -0.657142    0.000000    0.000000    3.688641    0.000000    0.000000  
37.953795    -0.064678    0.000000    0.000000    -0.617830    0.000000    0.000000    4.082175    0.000000    0.000000  
37.963796    -0.070662    0.000000    0.000000    -0.574800    0.000000    0.000000    4.449995    0.000000    0.000000  
37.973797    -0.076206    0.000000    0.000000    -0.528336    0.000000    0.000000    4.790162    0.000000    0.000000  
37.983798    -0.081272    0.000000    0.000000    -0.478721    0.000000    0.000000    5.100736    0.000000    0.000000  
37.993799    -0.085820    0.000000    0.000000    -0.426240    0.000000    0.000000    5.379780    0.000000    0.000000  
38.003800    -0.089812    0.000000    0.000000    -0.371177    0.000000    0.000000    5.625368    0.000000    0.000000  
38.013801    -0.093223    0.000000    0.000000    -0.313848    0.000000    0.000000    5.836131    0.000000    0.000000  
38.023802    -0.096044    0.000000    0.000000    -0.254614    0.000000    0.000000    6.011467    0.000000    0.000000  
38.033803    -0.098269    0.000000    0.000000    -0.193838    0.000000    0.000000    6.150828    0.000000    0.000000  
38.043804    -0.099892    0.000000    0.000000    -0.131883    0.000000    0.000000    6.253667    0.000000    0.000000  
38.053805    -0.100905    0.000000    0.000000    -0.069113    0.000000    0.000000    6.319435    0.000000    0.000000  
38.063806    -0.101301    0.000000    0.000000    -0.005890    0.000000    0.000000    6.347584    0.000000    0.000000  
38.073807    -0.101076    0.000000    0.000000    0.057421    0.000000    0.000000    6.337568    0.000000    0.000000  
38.083808    -0.100221    0.000000    0.000000    0.120459    0.000000    0.000000    6.288838    0.000000    0.000000  
38.093809    -0.098730    0.000000    0.000000    0.182858    0.000000    0.000000    6.200846    0.000000    0.000000  
38.103810    -0.096596    0.000000    0.000000    0.244257    0.000000    0.000000    6.073066    0.000000    0.000000  
38.113811    -0.093830    0.000000    0.000000    0.304291    0.000000    0.000000    5.905854    0.000000    0.000000  
38.123812    -0.090460    0.000000    0.000000    0.362593    0.000000    0.000000    5.700781    0.000000    0.000000  
38.133813    -0.086517    0.000000    0.000000    0.418797    0.000000    0.000000    5.459500    0.000000    0.000000  
38.143814    -0.082034    0.000000    0.000000    0.472536    0.000000    0.000000    5.183667    0.000000    0.000000  
38.153815    -0.077041    0.000000    0.000000    0.523445    0.000000    0.000000    4.874937    0.000000    0.000000  
38.163816    -0.071569    0.000000    0.000000    0.571157    0.000000    0.000000    4.534966    0.000000    0.000000  
38.173817    -0.065650    0.000000    0.000000    0.615306    0.000000    0.000000    4.165408    0.000000    0.000000  
38.183818    -0.059315    0.000000    0.000000    0.655525    0.000000    0.000000    3.767919    0.000000    0.000000  
38.193819    -0.052595    0.000000    0.000000    0.691448    0.000000    0.000000    3.344155    0.000000    0.000000  
38.203820    -0.045522    0.000000    0.000000    0.722712    0.000000    0.000000    2.895791    0.000000    0.000000  
38.213821    -0.038137    0.000000    0.000000    0.749090    0.000000    0.000000    2.425464    0.000000    0.000000  
38.223822    -0.030494    0.000000    0.000000    0.770543    0.000000    0.000000    1.937111    0.000000    0.000000  
38.233823    -0.022649    0.000000    0.000000    0.787045    0.000000    0.000000    1.434766    0.000000    0.000000  
38.243824    -0.014655    0.000000    0.000000    0.798568    0.000000    0.000000    0.922458    0.000000    0.000000  
38.253825    -0.006570    0.000000    0.000000    0.805086    0.000000    0.000000    0.404222    0.000000    0.000000  
38.263826    0.001552    0.000000    0.000000    0.806574    0.000000    0.000000    -0.115911    0.000000    0.000000  
38.273827    0.009657    0.000000    0.000000    0.803004    0.000000    0.000000    -0.633910    0.000000    0.000000  
38.283828    0.017688    0.000000    0.000000    0.794351    0.000000    0.000000    -1.145741    0.000000    0.000000  
38.293829    0.025591    0.000000    0.000000    0.780587    0.000000    0.000000    -1.647374    0.000000    0.000000  
38.303830    0.033310    0.000000    0.000000    0.761689    0.000000    0.000000    -2.134795    0.000000    0.000000  
38.313831    0.040797    0.000000    0.000000    0.737761    0.000000    0.000000    -2.604872    0.000000    0.000000  
38.323832    0.048016    0.000000    0.000000    0.709078    0.000000    0.000000    -3.055665    0.000000    0.000000  
38.333833    0.054927    0.000000    0.000000    0.675930    0.000000    0.000000    -3.485318    0.000000    0.000000  
38.343834    0.061494    0.000000    0.000000    0.638604    0.000000    0.000000    -3.891976    0.000000    0.000000  
38.353835    0.067680    0.000000    0.000000    0.597388    0.000000    0.000000    -4.273784    0.000000    0.000000  
38.363836    0.073446    0.000000    0.000000    0.552571    0.000000    0.000000    -4.628887    0.000000    0.000000  
38.373837    0.078757    0.000000    0.000000    0.504441    0.000000    0.000000    -4.955430    0.000000    0.000000  
38.383838    0.083573    0.000000    0.000000    0.453286    0.000000    0.000000    -5.251558    0.000000    0.000000  
38.393839    0.087858    0.000000    0.000000    0.399395    0.000000    0.000000    -5.515415    0.000000    0.000000  
38.403840    0.091575    0.000000    0.000000    0.343057    0.000000    0.000000    -5.745159    0.000000    0.000000  
38.413841    0.094700    0.000000    0.000000    0.284594    0.000000    0.000000    -5.939479    0.000000    0.000000  
38.423842    0.097226    0.000000    0.000000    0.224378    0.000000    0.000000    -6.097788    0.000000    0.000000  
38.433843    0.099148    0.000000    0.000000    0.162781    0.000000    0.000000    -6.219548    0.000000    0.000000  
38.443844    0.100461    0.000000    0.000000    0.100177    0.000000    0.000000    -6.304222    0.000000    0.000000  
38.453845    0.101160    0.000000    0.000000    0.036938    0.000000    0.000000    -6.351272    0.000000    0.000000  
38.463846    0.101239    0.000000    0.000000    -0.026562    0.000000    0.000000    -6.360161    0.000000    0.000000  
38.473847    0.100693    0.000000    0.000000    -0.089950    0.000000    0.000000    -6.330353    0.000000    0.000000  
38.483848    0.099518    0.000000    0.000000    -0.152852    0.000000    0.000000    -6.261309    0.000000    0.000000  
38.493849    0.097707    0.000000    0.000000    -0.214896    0.000000    0.000000    -6.152493    0.000000    0.000000  
38.503850    0.095256    0.000000    0.000000    -0.275708    0.000000    0.000000    -6.003391    0.000000    0.000000  
38.513851    0.092176    0.000000    0.000000    -0.334922    0.000000    0.000000    -5.814501    0.000000    0.000000  
38.523852    0.088500    0.000000    0.000000    -0.392182    0.000000    0.000000    -5.587687    0.000000    0.000000  
38.533853    0.084261    0.000000    0.000000    -0.447130    0.000000    0.000000    -5.324908    0.000000    0.000000  
38.543854    0.079493    0.000000    0.000000    -0.499410    0.000000    0.000000    -5.028126    0.000000    0.000000  
38.553855    0.074229    0.000000    0.000000    -0.548666    0.000000    0.000000    -4.699301    0.000000    0.000000  
38.563856    0.068505    0.000000    0.000000    -0.594541    0.000000    0.000000    -4.340394    0.000000    0.000000  
38.573857    0.062354    0.000000    0.000000    -0.636680    0.000000    0.000000    -3.953365    0.000000    0.000000  
38.583858    0.055809    0.000000    0.000000    -0.674725    0.000000    0.000000    -3.540175    0.000000    0.000000  
38.593859    0.048904    0.000000    0.000000    -0.708320    0.000000    0.000000    -3.102785    0.000000    0.000000  
38.603860    0.041674    0.000000    0.000000    -0.737113    0.000000    0.000000    -2.643174    0.000000    0.000000  
38.613861    0.034161    0.000000    0.000000    -0.760895    0.000000    0.000000    -2.164123    0.000000    0.000000  
38.623862    0.026419    0.000000    0.000000    -0.779655    0.000000    0.000000    -1.669491    0.000000    0.000000  
38.633863    0.018503    0.000000    0.000000    -0.793393    0.000000    0.000000    -1.163216    0.000000    0.000000  
38.643864    0.010467    0.000000    0.000000    -0.802111    0.000000    0.000000    -0.649234    0.000000    0.000000  
38.653865    0.002366    0.000000    0.000000    -0.805810    0.000000    0.000000    -0.131482    0.000000    0.000000  
38.663866    -0.005746    0.000000    0.000000    -0.804493    0.000000    0.000000    0.386104    0.000000    0.000000  
38.673867    -0.013812    0.000000    0.000000    -0.798160    0.000000    0.000000    0.899587    0.000000    0.000000  
38.683868    -0.021780    0.000000    0.000000    -0.786814    0.000000    0.000000    1.405031    0.000000    0.000000  
38.693869    -0.029593    0.000000    0.000000    -0.770455    0.000000    0.000000    1.898499    0.000000    0.000000  
38.703870    -0.037199    0.000000    0.000000    -0.749088    0.000000    0.000000    2.376076    0.000000    0.000000  
38.713871    -0.044549    0.000000    0.000000    -0.722834    0.000000    0.000000    2.834763    0.000000    0.000000  
38.723872    -0.051606    0.000000    0.000000    -0.691973    0.000000    0.000000    3.272793    0.000000    0.000000  
38.733873    -0.058337    0.000000    0.000000    -0.656793    0.000000    0.000000    3.688484    0.000000    0.000000  
38.743874    -0.064703    0.000000    0.000000    -0.617585    0.000000    0.000000    4.080156    0.000000    0.000000  
38.753875    -0.070670    0.000000    0.000000    -0.574639    0.000000    0.000000    4.446126    0.000000    0.000000  
38.763876    -0.076201    0.000000    0.000000    -0.528244    0.000000    0.000000    4.784714    0.000000    0.000000  
38.773877    -0.081261    0.000000    0.000000    -0.478691    0.000000    0.000000    5.094239    0.000000    0.000000  
38.783878    -0.085814    0.000000    0.000000    -0.426269    0.000000    0.000000    5.373019    0.000000    0.000000  
38.793879    -0.089823    0.000000    0.000000    -0.371269    0.000000    0.000000    5.619374    0.000000    0.000000  
38.803880    -0.093254    0.000000    0.000000    -0.313980    0.000000    0.000000    5.831632    0.000000    0.000000  
38.813881    -0.096084    0.000000    0.000000    -0.254729    0.000000    0.000000    6.008579    0.000000    0.000000  
38.823882    -0.098308    0.000000    0.000000    -0.193887    0.000000    0.000000    6.149611    0.000000    0.000000  
38.833883    -0.099922    0.000000    0.000000    -0.131831    0.000000    0.000000    6.254165    0.000000    0.000000  
38.843884    -0.100924    0.000000    0.000000    -0.068936    0.000000    0.000000    6.321680    0.000000    0.000000  
38.853885    -0.101310    0.000000    0.000000    -0.005577    0.000000    0.000000    6.351593    0.000000    0.000000  
38.863886    -0.101075    0.000000    0.000000    0.057869    0.000000    0.000000    6.343344    0.000000    0.000000  
38.873887    -0.100218    0.000000    0.000000    0.121028    0.000000    0.000000    6.296370    0.000000    0.000000  
38.883888    -0.098733    0.000000    0.000000    0.183523    0.000000    0.000000    6.210109    0.000000    0.000000  
38.893889    -0.096619    0.000000    0.000000    0.244979    0.000000    0.000000    6.084000    0.000000    0.000000  
38.903890    -0.093870    0.000000    0.000000    0.305021    0.000000    0.000000    5.917508    0.000000    0.000000  
38.913891    -0.090502    0.000000    0.000000    0.363283    0.000000    0.000000    5.711200    0.000000    0.000000  
38.923892    -0.086547    0.000000    0.000000    0.419417    0.000000    0.000000    5.467120    0.000000    0.000000  
38.933893    -0.082040    0.000000    0.000000    0.473072    0.000000    0.000000    5.187416    0.000000    0.000000  
38.943894    -0.077018    0.000000    0.000000    0.523899    0.000000    0.000000    4.874234    0.000000    0.000000  
38.953895    -0.071516    0.000000    0.000000    0.571549    0.000000    0.000000    4.529721    0.000000    0.000000  
38.963896    -0.065570    0.000000    0.000000    0.615673    0.000000    0.000000    4.156024    0.000000    0.000000  
38.973897    -0.059214    0.000000    0.000000    0.655922    0.000000    0.000000    3.755289    0.000000    0.000000  
38.983898    -0.052485    0.000000    0.000000    0.691946    0.000000    0.000000    3.329665    0.000000    0.000000  
38.993899    -0.045417    0.000000    0.000000    0.723395    0.000000    0.000000    2.881296    0.000000    0.000000  
39.003900    -0.038048    0.000000    0.000000    0.749925    0.000000    0.000000    2.412349    0.000000    0.000000  
39.013901    -0.030419    0.000000    0.000000    0.771342    0.000000    0.000000    1.925704    0.000000    0.000000  
39.023902    -0.022586    0.000000    0.000000    0.787652    0.000000    0.000000    1.425202    0.000000    0.000000  
39.033903    -0.014603    0.000000    0.000000    0.798880    0.000000    0.000000    0.914749    0.000000    0.000000  
39.043904    -0.006524    0.000000    0.000000    0.805045    0.000000    0.000000    0.398250    0.000000    0.000000  
39.053905    0.001594    0.000000    0.000000    0.806172    0.000000    0.000000    -0.120388    0.000000    0.000000  
39.063906    0.009697    0.000000    0.000000    0.802282    0.000000    0.000000    -0.637258    0.000000    0.000000  
39.073907    0.017731    0.000000    0.000000    0.793396    0.000000    0.000000    -1.148455    0.000000    0.000000  
39.083908    0.025640    0.000000    0.000000    0.779538    0.000000    0.000000    -1.650072    0.000000    0.000000  
39.093909    0.033371    0.000000    0.000000    0.760729    0.000000    0.000000    -2.138204    0.000000    0.000000  
39.103910    0.040867    0.000000    0.000000    0.736994    0.000000    0.000000    -2.608967    0.000000    0.000000  
39.113911    0.048082    0.000000    0.000000    0.708470    0.000000    0.000000    -3.059425    0.000000    0.000000  
39.123912    0.054983    0.000000    0.000000    0.675443    0.000000    0.000000    -3.487901    0.000000    0.000000  
39.133913    0.061534    0.000000    0.000000    0.638208    0.000000    0.000000    -3.892806    0.000000    0.000000  
39.143914    0.067701    0.000000    0.000000    0.597063    0.000000    0.000000    -4.272550    0.000000    0.000000  
39.153915    0.073449    0.000000    0.000000    0.552302    0.000000    0.000000    -4.625545    0.000000    0.000000  
39.163916    0.078745    0.000000    0.000000    0.504223    0.000000    0.000000    -4.950200    0.000000    0.000000  
39.173917    0.083554    0.000000    0.000000    0.453121    0.000000    0.000000    -5.244927    0.000000    0.000000  
39.183918    0.087842    0.000000    0.000000    0.399293    0.000000    0.000000    -5.508135    0.000000    0.000000  
39.193919    0.091574    0.000000    0.000000    0.343034    0.000000    0.000000    -5.738236    0.000000    0.000000  
39.203920    0.094717    0.000000    0.000000    0.284641    0.000000    0.000000    -5.933651    0.000000    0.000000  
39.213921    0.097249    0.000000    0.000000    0.224447    0.000000    0.000000    -6.093231    0.000000    0.000000  
39.223922    0.099168    0.000000    0.000000    0.162830    0.000000    0.000000    -6.216401    0.000000    0.000000  
39.233923    0.100472    0.000000    0.000000    0.100174    0.000000    0.000000    -6.302623    0.000000    0.000000  
39.243924    0.101158    0.000000    0.000000    0.036859    0.000000    0.000000    -6.351361    0.000000    0.000000  
39.253925    0.101225    0.000000    0.000000    -0.026732    0.000000    0.000000    -6.362077    0.000000    0.000000  
39.263926    0.100672    0.000000    0.000000    -0.090217    0.000000    0.000000    -6.334236    0.000000    0.000000  
39.273927    0.099495    0.000000    0.000000    -0.153213    0.000000    0.000000    -6.267301    0.000000    0.000000  
39.283928    0.097693    0.000000    0.000000    -0.215339    0.000000    0.000000    -6.160733    0.000000    0.000000  
39.293929    0.095265    0.000000    0.000000    -0.276212    0.000000    0.000000    -6.013997    0.000000    0.000000  
39.303930    0.092209    0.000000    0.000000    -0.335451    0.000000    0.000000    -5.826587    0.000000    0.000000  
39.313931    0.088539    0.000000    0.000000    -0.392692    0.000000    0.000000    -5.599213    0.000000    0.000000  
39.323932    0.084292    0.000000    0.000000    -0.447593    0.000000    0.000000    -5.334204    0.000000    0.000000  
39.333933    0.079505    0.000000    0.000000    -0.499815    0.000000    0.000000    -5.033997    0.000000    0.000000  
39.343934    0.074217    0.000000    0.000000    -0.549019    0.000000    0.000000    -4.701029    0.000000    0.000000  
39.353935    0.068466    0.000000    0.000000    -0.594865    0.000000    0.000000    -4.337736    0.000000    0.000000  
39.363936    0.062288    0.000000    0.000000    -0.637014    0.000000    0.000000    -3.946558    0.000000    0.000000  
39.373937    0.055723    0.000000    0.000000    -0.675126    0.000000    0.000000    -3.529931    0.000000    0.000000  
39.383938    0.048807    0.000000    0.000000    -0.708862    0.000000    0.000000    -3.090292    0.000000    0.000000  
39.393939    0.041579    0.000000    0.000000    -0.737883    0.000000    0.000000    -2.630080    0.000000    0.000000  
39.403940    0.034077    0.000000    0.000000    -0.761853    0.000000    0.000000    -2.151744    0.000000    0.000000  
39.413941    0.026345    0.000000    0.000000    -0.780597    0.000000    0.000000    -1.658292    0.000000    0.000000  
39.423942    0.018437    0.000000    0.000000    -0.794153    0.000000    0.000000    -1.153463    0.000000    0.000000  
39.433943    0.010407    0.000000    0.000000    -0.802570    0.000000    0.000000    -0.641048    0.000000    0.000000  
39.443944    0.002311    0.000000    0.000000    -0.805901    0.000000    0.000000    -0.124835    0.000000    0.000000  
39.453945    -0.005798    0.000000    0.000000    -0.804196    0.000000    0.000000    0.391384    0.000000    0.000000  
39.463946    -0.013866    0.000000    0.000000    -0.797508    0.000000    0.000000    0.903822    0.000000    0.000000  
39.473947    -0.021837    0.000000    0.000000    -0.785887    0.000000    0.000000    1.408686    0.000000    0.000000  
39.483948    -0.029658    0.000000    0.000000    -0.769384    0.000000    0.000000    1.902189    0.000000    0.000000  
39.493949    -0.037275    0.000000    0.000000    -0.748051    0.000000    0.000000    2.380539    0.000000    0.000000  
39.503950    -0.044632    0.000000    0.000000    -0.721942    0.000000    0.000000    2.839973    0.000000    0.000000  
39.513951    -0.051685    0.000000    0.000000    -0.691211    0.000000    0.000000    3.277698    0.000000    0.000000  
39.523952    -0.058401    0.000000    0.000000    -0.656142    0.000000    0.000000    3.692208    0.000000    0.000000  
39.533953    -0.064747    0.000000    0.000000    -0.617030    0.000000    0.000000    4.082084    0.000000    0.000000  
39.543954    -0.070690    0.000000    0.000000    -0.574171    0.000000    0.000000    4.445905    0.000000    0.000000  
39.553955    -0.076199    0.000000    0.000000    -0.527857    0.000000    0.000000    4.782253    0.000000    0.000000  
39.563956    -0.081240    0.000000    0.000000    -0.478385    0.000000    0.000000    5.089708    0.000000    0.000000  
39.573957    -0.085782    0.000000    0.000000    -0.426047    0.000000    0.000000    5.366850    0.000000    0.000000  
39.583958    -0.089791    0.000000    0.000000    -0.371140    0.000000    0.000000    5.612259    0.000000    0.000000  
39.593959    -0.093236    0.000000    0.000000    -0.313956    0.000000    0.000000    5.824516    0.000000    0.000000  
39.603960    -0.096083    0.000000    0.000000    -0.254792    0.000000    0.000000    6.002211    0.000000    0.000000  
39.613961    -0.098315    0.000000    0.000000    -0.193980    0.000000    0.000000    6.144281    0.000000    0.000000  
39.623962    -0.099929    0.000000    0.000000    -0.131904    0.000000    0.000000    6.250126    0.000000    0.000000  
39.633963    -0.100925    0.000000    0.000000    -0.068948    0.000000    0.000000    6.319172    0.000000    0.000000  
39.643964    -0.101302    0.000000    0.000000    -0.005500    0.000000    0.000000    6.350850    0.000000    0.000000  
39.653965    -0.101060    0.000000    0.000000    0.058056    0.000000    0.000000    6.344588    0.000000    0.000000  
39.663966    -0.100198    0.000000    0.000000    0.121332    0.000000    0.000000    6.299815    0.000000    0.000000  
39.673967    -0.098716    0.000000    0.000000    0.183945    0.000000    0.000000    6.215959    0.000000    0.000000  
39.683968    -0.096613    0.000000    0.000000    0.245506    0.000000    0.000000    6.092451    0.000000    0.000000  
39.693969    -0.093888    0.000000    0.000000    0.305631    0.000000    0.000000    5.928717    0.000000    0.000000  
39.703970    -0.090542    0.000000    0.000000    0.363934    0.000000    0.000000    5.724221    0.000000    0.000000  
39.713971    -0.086591    0.000000    0.000000    0.420053    0.000000    0.000000    5.479751    0.000000    0.000000  
39.723972    -0.082073    0.000000    0.000000    0.473656    0.000000    0.000000    5.197833    0.000000    0.000000  
39.733973    -0.077028    0.000000    0.000000    0.524413    0.000000    0.000000    4.881109    0.000000    0.000000  
39.743974    -0.071496    0.000000    0.000000    0.571994    0.000000    0.000000    4.532220    0.000000    0.000000  
39.753975    -0.065517    0.000000    0.000000    0.616070    0.000000    0.000000    4.153811    0.000000    0.000000  
39.763976    -0.059129    0.000000    0.000000    0.656311    0.000000    0.000000    3.748523    0.000000    0.000000  
39.773977    -0.052375    0.000000    0.000000    0.692386    0.000000    0.000000    3.318998    0.000000    0.000000  
39.783978    -0.045292    0.000000    0.000000    0.723967    0.000000    0.000000    2.867880    0.000000    0.000000  
39.793979    -0.037920    0.000000    0.000000    0.750722    0.000000    0.000000    2.397810    0.000000    0.000000  
39.803980    -0.030301    0.000000    0.000000    0.772327    0.000000    0.000000    1.911443    0.000000    0.000000  
39.813981    -0.022479    0.000000    0.000000    0.788622    0.000000    0.000000    1.411880    0.000000    0.000000  
39.823982    -0.014508    0.000000    0.000000    0.799663    0.000000    0.000000    0.902806    0.000000    0.000000  
39.833983    -0.006441    0.000000    0.000000    0.805522    0.000000    0.000000    0.387944    0.000000    0.000000  
39.843984    0.001666    0.000000    0.000000    0.806271    0.000000    0.000000    -0.128980    0.000000    0.000000  
39.853985    0.009762    0.000000    0.000000    0.801982    0.000000    0.000000    -0.644242    0.000000    0.000000  
39.863986    0.017790    0.000000    0.000000    0.792725    0.000000    0.000000    -1.154118    0.000000    0.000000  
39.873987    0.025698    0.000000    0.000000    0.778572    0.000000    0.000000    -1.654883    0.000000    0.000000  
39.883988    0.033432    0.000000    0.000000    0.759595    0.000000    0.000000    -2.142813    0.000000    0.000000  
39.893989    0.040938    0.000000    0.000000    0.735866    0.000000    0.000000    -2.614183    0.000000    0.000000  
39.903990    0.048161    0.000000    0.000000    0.707458    0.000000    0.000000    -3.065295    0.000000    0.000000  
39.913991    0.055059    0.000000    0.000000    0.674539    0.000000    0.000000    -3.493432    0.000000    0.000000  
39.923992    0.061598    0.000000    0.000000    0.637402    0.000000    0.000000    -3.897160    0.000000    0.000000  
39.933993    0.067748    0.000000    0.000000    0.596345    0.000000    0.000000    -4.275132    0.000000    0.000000  
39.943994    0.073477    0.000000    0.000000    0.551670    0.000000    0.000000    -4.625999    0.000000    0.000000  
39.953995    0.078753    0.000000    0.000000    0.503675    0.000000    0.000000    -4.948412    0.000000    0.000000  
39.963996    0.083547    0.000000    0.000000    0.452660    0.000000    0.000000    -5.241024    0.000000    0.000000  
39.973997    0.087826    0.000000    0.000000    0.398925    0.000000    0.000000    -5.502486    0.000000    0.000000  
39.983998    0.091559    0.000000    0.000000    0.342770    0.000000    0.000000    -5.731449    0.000000    0.000000  
39.993999    0.094715    0.000000    0.000000    0.284494    0.000000    0.000000    -5.926566    0.000000    0.000000  
40.004000    0.097264    0.000000    0.000000    0.224399    0.000000    0.000000    -6.086498    0.000000    0.000000  
40.014001    0.099187    0.000000    0.000000    0.162823    0.000000    0.000000    -6.210252    0.000000    0.000000  
40.024002    0.100485    0.000000    0.000000    0.100156    0.000000    0.000000    -6.297289    0.000000    0.000000  
40.034003    0.101159    0.000000    0.000000    0.036790    0.000000    0.000000    -6.347099    0.000000    0.000000  
40.044004    0.101212    0.000000    0.000000    -0.026883    0.000000    0.000000    -6.359174    0.000000    0.000000  
40.054005    0.100644    0.000000    0.000000    -0.090470    0.000000    0.000000    -6.333003    0.000000    0.000000  
40.064006    0.099458    0.000000    0.000000    -0.153579    0.000000    0.000000    -6.268078    0.000000    0.000000  
40.074007    0.097654    0.000000    0.000000    -0.215817    0.000000    0.000000    -6.163888    0.000000    0.000000  
40.084008    0.095234    0.000000    0.000000    -0.276792    0.000000    0.000000    -6.019924    0.000000    0.000000  
40.094009    0.092201    0.000000    0.000000    -0.336112    0.000000    0.000000    -5.835677    0.000000    0.000000  
40.104010    0.088554    0.000000    0.000000    -0.393384    0.000000    0.000000    -5.610674    0.000000    0.000000  
40.114011    0.084314    0.000000    0.000000    -0.448249    0.000000    0.000000    -5.345858    0.000000    0.000000  
40.124012    0.079521    0.000000    0.000000    -0.500389    0.000000    0.000000    -5.044011    0.000000    0.000000  
40.134013    0.074216    0.000000    0.000000    -0.549488    0.000000    0.000000    -4.708034    0.000000    0.000000  
40.144014    0.068440    0.000000    0.000000    -0.595229    0.000000    0.000000    -4.340829    0.000000    0.000000  
40.154015    0.062235    0.000000    0.000000    -0.637296    0.000000    0.000000    -3.945298    0.000000    0.000000  
40.164016    0.055643    0.000000    0.000000    -0.675375    0.000000    0.000000    -3.524344    0.000000    0.000000  
40.174017    0.048706    0.000000    0.000000    -0.709149    0.000000    0.000000    -3.080869    0.000000    0.000000  
40.184018    0.041464    0.000000    0.000000    -0.738301    0.000000    0.000000    -2.617775    0.000000    0.000000  
40.194019    0.033960    0.000000    0.000000    -0.762517    0.000000    0.000000    -2.137964    0.000000    0.000000  
40.204020    0.026236    0.000000    0.000000    -0.781484    0.000000    0.000000    -1.644345    0.000000    0.000000  
40.214021    0.018337    0.000000    0.000000    -0.795064    0.000000    0.000000    -1.140116    0.000000    0.000000  
40.224022    0.010318    0.000000    0.000000    -0.803338    0.000000    0.000000    -0.628842    0.000000    0.000000  
40.234023    0.002230    0.000000    0.000000    -0.806404    0.000000    0.000000    -0.114115    0.000000    0.000000  
40.244024    -0.005871    0.000000    0.000000    -0.804360    0.000000    0.000000    0.400474    0.000000    0.000000  
40.254025    -0.013932    0.000000    0.000000    -0.797302    0.000000    0.000000    0.911334    0.000000    0.000000  
40.264026    -0.021901    0.000000    0.000000    -0.785327    0.000000    0.000000    1.414873    0.000000    0.000000  
40.274027    -0.029723    0.000000    0.000000    -0.768534    0.000000    0.000000    1.907501    0.000000    0.000000  
40.284028    -0.037346    0.000000    0.000000    -0.747019    0.000000    0.000000    2.385626    0.000000    0.000000  
40.294029    -0.044715    0.000000    0.000000    -0.720879    0.000000    0.000000    2.845657    0.000000    0.000000  
40.304030    -0.051777    0.000000    0.000000    -0.690214    0.000000    0.000000    3.284029    0.000000    0.000000  
40.314031    -0.058490    0.000000    0.000000    -0.655208    0.000000    0.000000    3.698178    0.000000    0.000000  
40.324032    -0.064823    0.000000    0.000000    -0.616152    0.000000    0.000000    4.086832    0.000000    0.000000  
40.334033    -0.070747    0.000000    0.000000    -0.573347    0.000000    0.000000    4.448801    0.000000    0.000000  
40.344034    -0.076233    0.000000    0.000000    -0.527091    0.000000    0.000000    4.782898    0.000000    0.000000  
40.354035    -0.081252    0.000000    0.000000    -0.477683    0.000000    0.000000    5.087934    0.000000    0.000000  
40.364036    -0.085774    0.000000    0.000000    -0.425423    0.000000    0.000000    5.362722    0.000000    0.000000  
40.374037    -0.089771    0.000000    0.000000    -0.370610    0.000000    0.000000    5.606072    0.000000    0.000000  
40.384038    -0.093213    0.000000    0.000000    -0.313543    0.000000    0.000000    5.816798    0.000000    0.000000  
40.394039    -0.096071    0.000000    0.000000    -0.254522    0.000000    0.000000    5.993711    0.000000    0.000000  
40.404040    -0.098316    0.000000    0.000000    -0.193847    0.000000    0.000000    6.135630    0.000000    0.000000  
40.414041    -0.099933    0.000000    0.000000    -0.131857    0.000000    0.000000    6.241647    0.000000    0.000000  
40.424042    -0.100923    0.000000    0.000000    -0.068942    0.000000    0.000000    6.311207    0.000000    0.000000  
40.434043    -0.101289    0.000000    0.000000    -0.005496    0.000000    0.000000    6.343776    0.000000    0.000000  
40.444044    -0.101035    0.000000    0.000000    0.058089    0.000000    0.000000    6.338823    0.000000    0.000000  
40.454045    -0.100161    0.000000    0.000000    0.121419    0.000000    0.000000    6.295813    0.000000    0.000000  
40.464046    -0.098673    0.000000    0.000000    0.184102    0.000000    0.000000    6.214215    0.000000    0.000000  
40.474047    -0.096571    0.000000    0.000000    0.245743    0.000000    0.000000    6.093495    0.000000    0.000000  
40.484048    -0.093859    0.000000    0.000000    0.305951    0.000000    0.000000    5.933121    0.000000    0.000000  
40.494049    -0.090541    0.000000    0.000000    0.364331    0.000000    0.000000    5.732560    0.000000    0.000000  
40.504050    -0.086618    0.000000    0.000000    0.420492    0.000000    0.000000    5.491319    0.000000    0.000000  
40.514051    -0.082111    0.000000    0.000000    0.474077    0.000000    0.000000    5.210417    0.000000    0.000000  
40.524052    -0.077062    0.000000    0.000000    0.524777    0.000000    0.000000    4.892809    0.000000    0.000000  
40.534053    -0.071515    0.000000    0.000000    0.572283    0.000000    0.000000    4.541578    0.000000    0.000000  
40.544054    -0.065514    0.000000    0.000000    0.616290    0.000000    0.000000    4.159807    0.000000    0.000000  
40.554055    -0.059100    0.000000    0.000000    0.656489    0.000000    0.000000    3.750578    0.000000    0.000000  
40.564056    -0.052319    0.000000    0.000000    0.692574    0.000000    0.000000    3.316976    0.000000    0.000000  
40.574057    -0.045213    0.000000    0.000000    0.724237    0.000000    0.000000    2.862081    0.000000    0.000000  
40.584058    -0.037827    0.000000    0.000000    0.751171    0.000000    0.000000    2.388978    0.000000    0.000000  
40.594059    -0.030202    0.000000    0.000000    0.773069    0.000000    0.000000    1.900749    0.000000    0.000000  
40.604060    -0.022384    0.000000    0.000000    0.789629    0.000000    0.000000    1.400481    0.000000    0.000000  
40.614061    -0.014418    0.000000    0.000000    0.800726    0.000000    0.000000    0.891452    0.000000    0.000000  
40.624062    -0.006359    0.000000    0.000000    0.806464    0.000000    0.000000    0.377178    0.000000    0.000000  
40.634063    0.001741    0.000000    0.000000    0.806959    0.000000    0.000000    -0.138807    0.000000    0.000000  
40.644064    0.009829    0.000000    0.000000    0.802331    0.000000    0.000000    -0.652969    0.000000    0.000000  
40.654065    0.017853    0.000000    0.000000    0.792697    0.000000    0.000000    -1.161777    0.000000    0.000000  
40.664066    0.025759    0.000000    0.000000    0.778174    0.000000    0.000000    -1.661695    0.000000    0.000000  
40.674067    0.033494    0.000000    0.000000    0.758882    0.000000    0.000000    -2.149192    0.000000    0.000000  
40.684068    0.041006    0.000000    0.000000    0.734937    0.000000    0.000000    -2.620733    0.000000    0.000000  
40.694069    0.048242    0.000000    0.000000    0.706457    0.000000    0.000000    -3.072786    0.000000    0.000000  
40.704070    0.055149    0.000000    0.000000    0.673564    0.000000    0.000000    -3.501845    0.000000    0.000000  
40.714071    0.061685    0.000000    0.000000    0.636454    0.000000    0.000000    -3.905416    0.000000    0.000000  
40.724072    0.067821    0.000000    0.000000    0.595425    0.000000    0.000000    -4.282298    0.000000    0.000000  
40.734073    0.073529    0.000000    0.000000    0.550781    0.000000    0.000000    -4.631373    0.000000    0.000000  
40.744074    0.078782    0.000000    0.000000    0.502826    0.000000    0.000000    -4.951526    0.000000    0.000000  
40.754075    0.083552    0.000000    0.000000    0.451864    0.000000    0.000000    -5.241638    0.000000    0.000000  
40.764076    0.087810    0.000000    0.000000    0.398199    0.000000    0.000000    -5.500592    0.000000    0.000000  
40.774077    0.091530    0.000000    0.000000    0.342135    0.000000    0.000000    -5.727271    0.000000    0.000000  
40.784078    0.094683    0.000000    0.000000    0.283976    0.000000    0.000000    -5.920557    0.000000    0.000000  
40.794079    0.097241    0.000000    0.000000    0.224025    0.000000    0.000000    -6.079334    0.000000    0.000000  
40.804080    0.099178    0.000000    0.000000    0.162588    0.000000    0.000000    -6.202491    0.000000    0.000000  
40.814081    0.100478    0.000000    0.000000    0.100010    0.000000    0.000000    -6.289203    0.000000    0.000000  
40.824082    0.101146    0.000000    0.000000    0.036687    0.000000    0.000000    -6.339005    0.000000    0.000000  
40.834083    0.101187    0.000000    0.000000    -0.026982    0.000000    0.000000    -6.351453    0.000000    0.000000  
40.844084    0.100606    0.000000    0.000000    -0.090597    0.000000    0.000000    -6.326107    0.000000    0.000000  
40.854085    0.099407    0.000000    0.000000    -0.153759    0.000000    0.000000    -6.262524    0.000000    0.000000  
40.864086    0.097596    0.000000    0.000000    -0.216069    0.000000    0.000000    -6.160262    0.000000    0.000000  
40.874087    0.095177    0.000000    0.000000    -0.277127    0.000000    0.000000    -6.018879    0.000000    0.000000  
40.884088    0.092155    0.000000    0.000000    -0.336533    0.000000    0.000000    -5.837933    0.000000    0.000000  
40.894089    0.088535    0.000000    0.000000    -0.393889    0.000000    0.000000    -5.616982    0.000000    0.000000  
40.904090    0.084322    0.000000    0.000000    -0.448796    0.000000    0.000000    -5.355626    0.000000    0.000000  
40.914091    0.079539    0.000000    0.000000    -0.500902    0.000000    0.000000    -5.055052    0.000000    0.000000  
40.924092    0.074230    0.000000    0.000000    -0.549915    0.000000    0.000000    -4.718452    0.000000    0.000000  
40.934093    0.068439    0.000000    0.000000    -0.595544    0.000000    0.000000    -4.349151    0.000000    0.000000  
40.944094    0.062211    0.000000    0.000000    -0.637502    0.000000    0.000000    -3.950473    0.000000    0.000000  
40.954095    0.055593    0.000000    0.000000    -0.675497    0.000000    0.000000    -3.525742    0.000000    0.000000  
40.964096    0.048629    0.000000    0.000000    -0.709241    0.000000    0.000000    -3.078281    0.000000    0.000000  
40.974097    0.041365    0.000000    0.000000    -0.738445    0.000000    0.000000    -2.611415    0.000000    0.000000  
40.984098    0.033845    0.000000    0.000000    -0.762819    0.000000    0.000000    -2.128467    0.000000    0.000000  
40.994099    0.026114    0.000000    0.000000    -0.782075    0.000000    0.000000    -1.632762    0.000000    0.000000  
41.004100    0.018219    0.000000    0.000000    -0.795926    0.000000    0.000000    -1.127623    0.000000    0.000000  
41.014101    0.010207    0.000000    0.000000    -0.804272    0.000000    0.000000    -0.616389    0.000000    0.000000  
41.024102    0.002129    0.000000    0.000000    -0.807236    0.000000    0.000000    -0.102417    0.000000    0.000000  
41.034103    -0.005961    0.000000    0.000000    -0.804962    0.000000    0.000000    0.410936    0.000000    0.000000  
41.044104    -0.014012    0.000000    0.000000    -0.797589    0.000000    0.000000    0.920312    0.000000    0.000000  
41.054105    -0.021972    0.000000    0.000000    -0.785259    0.000000    0.000000    1.422352    0.000000    0.000000  
41.064106    -0.029788    0.000000    0.000000    -0.768113    0.000000    0.000000    1.913701    0.000000    0.000000  
41.074107    -0.037410    0.000000    0.000000    -0.746291    0.000000    0.000000    2.390999    0.000000    0.000000  
41.084108    -0.044784    0.000000    0.000000    -0.719935    0.000000    0.000000    2.850889    0.000000    0.000000  
41.094109    -0.051858    0.000000    0.000000    -0.689186    0.000000    0.000000    3.290013    0.000000    0.000000  
41.104110    -0.058581    0.000000    0.000000    -0.654186    0.000000    0.000000    3.705041    0.000000    0.000000  
41.114111    -0.064913    0.000000    0.000000    -0.615146    0.000000    0.000000    4.093638    0.000000    0.000000  
41.124112    -0.070826    0.000000    0.000000    -0.572364    0.000000    0.000000    4.454730    0.000000    0.000000  
41.134113    -0.076293    0.000000    0.000000    -0.526141    0.000000    0.000000    4.787319    0.000000    0.000000  
41.144114    -0.081291    0.000000    0.000000    -0.476781    0.000000    0.000000    5.090409    0.000000    0.000000  
41.154115    -0.085791    0.000000    0.000000    -0.424584    0.000000    0.000000    5.363005    0.000000    0.000000  
41.164116    -0.089769    0.000000    0.000000    -0.369855    0.000000    0.000000    5.604111    0.000000    0.000000  
41.174117    -0.093199    0.000000    0.000000    -0.312894    0.000000    0.000000    5.812730    0.000000    0.000000  
41.184118    -0.096054    0.000000    0.000000    -0.254005    0.000000    0.000000    5.987867    0.000000    0.000000  
41.194119    -0.098308    0.000000    0.000000    -0.193490    0.000000    0.000000    6.128527    0.000000    0.000000  
41.204120    -0.099937    0.000000    0.000000    -0.131652    0.000000    0.000000    6.233718    0.000000    0.000000  
41.214121    -0.100928    0.000000    0.000000    -0.068837    0.000000    0.000000    6.302688    0.000000    0.000000  
41.224122    -0.101285    0.000000    0.000000    -0.005441    0.000000    0.000000    6.334978    0.000000    0.000000  
41.234123    -0.101017    0.000000    0.000000    0.058136    0.000000    0.000000    6.330150    0.000000    0.000000  
41.244124    -0.100128    0.000000    0.000000    0.121493    0.000000    0.000000    6.287764    0.000000    0.000000  
41.254125    -0.098625    0.000000    0.000000    0.184229    0.000000    0.000000    6.207382    0.000000    0.000000  
41.264126    -0.096514    0.000000    0.000000    0.245945    0.000000    0.000000    6.088566    0.000000    0.000000  
41.274127    -0.093803    0.000000    0.000000    0.306240    0.000000    0.000000    5.930874    0.000000    0.000000  
41.284128    -0.090496    0.000000    0.000000    0.364714    0.000000    0.000000    5.733870    0.000000    0.000000  
41.294129    -0.086601    0.000000    0.000000    0.420966    0.000000    0.000000    5.497114    0.000000    0.000000  
41.304130    -0.082124    0.000000    0.000000    0.474598    0.000000    0.000000    5.220214    0.000000    0.000000  
41.314131    -0.077088    0.000000    0.000000    0.525262    0.000000    0.000000    4.904433    0.000000    0.000000  
41.324132    -0.071540    0.000000    0.000000    0.572676    0.000000    0.000000    4.553116    0.000000    0.000000  
41.334133    -0.065527    0.000000    0.000000    0.616561    0.000000    0.000000    4.169742    0.000000    0.000000  
41.344134    -0.059094    0.000000    0.000000    0.656641    0.000000    0.000000    3.757788    0.000000    0.000000  
41.354135    -0.052289    0.000000    0.000000    0.692636    0.000000    0.000000    3.320731    0.000000    0.000000  
41.364136    -0.045158    0.000000    0.000000    0.724268    0.000000    0.000000    2.862048    0.000000    0.000000  
41.374137    -0.037749    0.000000    0.000000    0.751259    0.000000    0.000000    2.385217    0.000000    0.000000  
41.384138    -0.030108    0.000000    0.000000    0.773331    0.000000    0.000000    1.893714    0.000000    0.000000  
41.394139    -0.022282    0.000000    0.000000    0.790206    0.000000    0.000000    1.391018    0.000000    0.000000  
41.404140    -0.014317    0.000000    0.000000    0.801611    0.000000    0.000000    0.880603    0.000000    0.000000  
41.414141    -0.006262    0.000000    0.000000    0.807458    0.000000    0.000000    0.365875    0.000000    0.000000  
41.424142    0.001830    0.000000    0.000000    0.807892    0.000000    0.000000    -0.149850    0.000000    0.000000  
41.434143    0.009910    0.000000    0.000000    0.803070    0.000000    0.000000    -0.663262    0.000000    0.000000  
41.444144    0.017924    0.000000    0.000000    0.793154    0.000000    0.000000    -1.171050    0.000000    0.000000  
41.454145    0.025823    0.000000    0.000000    0.778301    0.000000    0.000000    -1.669902    0.000000    0.000000  
41.464146    0.033555    0.000000    0.000000    0.758671    0.000000    0.000000    -2.156509    0.000000    0.000000  
41.474147    0.041067    0.000000    0.000000    0.734422    0.000000    0.000000    -2.627559    0.000000    0.000000  
41.484148    0.048309    0.000000    0.000000    0.705714    0.000000    0.000000    -3.079741    0.000000    0.000000  
41.494149    0.055230    0.000000    0.000000    0.672706    0.000000    0.000000    -3.509745    0.000000    0.000000  
41.504150    0.061777    0.000000    0.000000    0.635559    0.000000    0.000000    -3.914289    0.000000    0.000000  
41.514151    0.067912    0.000000    0.000000    0.594496    0.000000    0.000000    -4.291107    0.000000    0.000000  
41.524152    0.073609    0.000000    0.000000    0.549824    0.000000    0.000000    -4.639205    0.000000    0.000000  
41.534153    0.078844    0.000000    0.000000    0.501851    0.000000    0.000000    -4.957669    0.000000    0.000000  
41.544154    0.083592    0.000000    0.000000    0.450888    0.000000    0.000000    -5.245584    0.000000    0.000000  
41.554155    0.087828    0.000000    0.000000    0.397244    0.000000    0.000000    -5.502036    0.000000    0.000000  
41.564156    0.091528    0.000000    0.000000    0.341228    0.000000    0.000000    -5.726110    0.000000    0.000000  
41.574157    0.094667    0.000000    0.000000    0.283151    0.000000    0.000000    -5.916891    0.000000    0.000000  
41.584158    0.097222    0.000000    0.000000    0.223321    0.000000    0.000000    -6.073466    0.000000    0.000000  
41.594159    0.099166    0.000000    0.000000    0.162049    0.000000    0.000000    -6.194920    0.000000    0.000000  
41.604160    0.100478    0.000000    0.000000    0.099646    0.000000    0.000000    -6.280345    0.000000    0.000000  
41.614161    0.101145    0.000000    0.000000    0.036460    0.000000    0.000000    -6.329087    0.000000    0.000000  
41.624162    0.101176    0.000000    0.000000    -0.027108    0.000000    0.000000    -6.340806    0.000000    0.000000  
41.634163    0.100579    0.000000    0.000000    -0.090656    0.000000    0.000000    -6.315182    0.000000    0.000000  
41.644164    0.099363    0.000000    0.000000    -0.153783    0.000000    0.000000    -6.251895    0.000000    0.000000  
41.654165    0.097537    0.000000    0.000000    -0.216087    0.000000    0.000000    -6.150626    0.000000    0.000000  
41.664166    0.095108    0.000000    0.000000    -0.277166    0.000000    0.000000    -6.011054    0.000000    0.000000  
41.674167    0.092086    0.000000    0.000000    -0.336618    0.000000    0.000000    -5.832860    0.000000    0.000000  
41.684168    0.088479    0.000000    0.000000    -0.394040    0.000000    0.000000    -5.615723    0.000000    0.000000  
41.694169    0.084295    0.000000    0.000000    -0.449031    0.000000    0.000000    -5.359323    0.000000    0.000000  
41.704170    0.079544    0.000000    0.000000    -0.501190    0.000000    0.000000    -5.063390    0.000000    0.000000  
41.714171    0.074251    0.000000    0.000000    -0.550178    0.000000    0.000000    -4.729349    0.000000    0.000000  
41.724172    0.068464    0.000000    0.000000    -0.595729    0.000000    0.000000    -4.360740    0.000000    0.000000  
41.734173    0.062230    0.000000    0.000000    -0.637583    0.000000    0.000000    -3.961233    0.000000    0.000000  
41.744174    0.055598    0.000000    0.000000    -0.675479    0.000000    0.000000    -3.534496    0.000000    0.000000  
41.754175    0.048615    0.000000    0.000000    -0.709157    0.000000    0.000000    -3.084201    0.000000    0.000000  
41.764176    0.041330    0.000000    0.000000    -0.738357    0.000000    0.000000    -2.614018    0.000000    0.000000  
41.774177    0.033790    0.000000    0.000000    -0.762818    0.000000    0.000000    -2.127615    0.000000    0.000000  
41.784178    0.026044    0.000000    0.000000    -0.782279    0.000000    0.000000    -1.628664    0.000000    0.000000  
41.794179    0.018140    0.000000    0.000000    -0.796480    0.000000    0.000000    -1.120834    0.000000    0.000000  
41.804180    0.010126    0.000000    0.000000    -0.805166    0.000000    0.000000    -0.607789    0.000000    0.000000  
41.814181    0.002051    0.000000    0.000000    -0.808270    0.000000    0.000000    -0.092963    0.000000    0.000000  
41.824182    -0.006034    0.000000    0.000000    -0.805959    0.000000    0.000000    0.420491    0.000000    0.000000  
41.834183    -0.014079    0.000000    0.000000    -0.798414    0.000000    0.000000    0.929440    0.000000    0.000000  
41.844184    -0.022033    0.000000    0.000000    -0.785816    0.000000    0.000000    1.430748    0.000000    0.000000  
41.854185    -0.029845    0.000000    0.000000    -0.768346    0.000000    0.000000    1.921283    0.000000    0.000000  
41.864186    -0.037464    0.000000    0.000000    -0.746186    0.000000    0.000000    2.397910    0.000000    0.000000  
41.874187    -0.044841    0.000000    0.000000    -0.719517    0.000000    0.000000    2.857495    0.000000    0.000000  
41.884188    -0.051924    0.000000    0.000000    -0.688519    0.000000    0.000000    3.296903    0.000000    0.000000  
41.894189    -0.058663    0.000000    0.000000    -0.653373    0.000000    0.000000    3.713000    0.000000    0.000000  
41.904190    -0.065007    0.000000    0.000000    -0.614264    0.000000    0.000000    4.102680    0.000000    0.000000  
41.914191    -0.070919    0.000000    0.000000    -0.571426    0.000000    0.000000    4.463833    0.000000    0.000000  
41.924192    -0.076374    0.000000    0.000000    -0.525163    0.000000    0.000000    4.795573    0.000000    0.000000  
41.934193    -0.081351    0.000000    0.000000    -0.475780    0.000000    0.000000    5.097093    0.000000    0.000000  
41.944194    -0.085827    0.000000    0.000000    -0.423586    0.000000    0.000000    5.367585    0.000000    0.000000  
41.954195    -0.089780    0.000000    0.000000    -0.368886    0.000000    0.000000    5.606241    0.000000    0.000000  
41.964196    -0.093187    0.000000    0.000000    -0.311987    0.000000    0.000000    5.812253    0.000000    0.000000  
41.974197    -0.096026    0.000000    0.000000    -0.253196    0.000000    0.000000    5.984814    0.000000    0.000000  
41.984198    -0.098274    0.000000    0.000000    -0.192820    0.000000    0.000000    6.123115    0.000000    0.000000  
41.994199    -0.099910    0.000000    0.000000    -0.131164    0.000000    0.000000    6.226349    0.000000    0.000000  
42.004200    -0.100910    0.000000    0.000000    -0.068538    0.000000    0.000000    6.293714    0.000000    0.000000  
42.014201    -0.101268    0.000000    0.000000    -0.005290    0.000000    0.000000    6.324626    0.000000    0.000000  
42.024202    -0.100991    0.000000    0.000000    0.058179    0.000000    0.000000    6.318770    0.000000    0.000000  
42.034203    -0.100090    0.000000    0.000000    0.121467    0.000000    0.000000    6.275845    0.000000    0.000000  
42.044204    -0.098573    0.000000    0.000000    0.184169    0.000000    0.000000    6.195554    0.000000    0.000000  
42.054205    -0.096452    0.000000    0.000000    0.245883    0.000000    0.000000    6.077597    0.000000    0.000000  
42.064206    -0.093734    0.000000    0.000000    0.306206    0.000000    0.000000    5.921675    0.000000    0.000000  
42.074207    -0.090431    0.000000    0.000000    0.364733    0.000000    0.000000    5.727488    0.000000    0.000000  
42.084208    -0.086552    0.000000    0.000000    0.421062    0.000000    0.000000    5.494738    0.000000    0.000000  
42.094209    -0.082107    0.000000    0.000000    0.474790    0.000000    0.000000    5.223125    0.000000    0.000000  
42.104210    -0.077105    0.000000    0.000000    0.525514    0.000000    0.000000    4.912401    0.000000    0.000000  
42.114211    -0.071575    0.000000    0.000000    0.572902    0.000000    0.000000    4.564077    0.000000    0.000000  
42.124212    -0.065565    0.000000    0.000000    0.616700    0.000000    0.000000    4.181825    0.000000    0.000000  
42.134213    -0.059124    0.000000    0.000000    0.656663    0.000000    0.000000    3.769451    0.000000    0.000000  
42.144214    -0.052302    0.000000    0.000000    0.692544    0.000000    0.000000    3.330760    0.000000    0.000000  
42.154215    -0.045150    0.000000    0.000000    0.724095    0.000000    0.000000    2.869557    0.000000    0.000000  
42.164216    -0.037718    0.000000    0.000000    0.751071    0.000000    0.000000    2.389648    0.000000    0.000000  
42.174217    -0.030054    0.000000    0.000000    0.773225    0.000000    0.000000    1.894839    0.000000    0.000000  
42.184218    -0.022209    0.000000    0.000000    0.790310    0.000000    0.000000    1.388933    0.000000    0.000000  
42.194219    -0.014232    0.000000    0.000000    0.802080    0.000000    0.000000    0.875738    0.000000    0.000000  
42.204220    -0.006174    0.000000    0.000000    0.808293    0.000000    0.000000    0.359048    0.000000    0.000000  
42.214221    0.001916    0.000000    0.000000    0.808898    0.000000    0.000000    -0.157653    0.000000    0.000000  
42.224222    0.009988    0.000000    0.000000    0.804078    0.000000    0.000000    -0.671268    0.000000    0.000000  
42.234223    0.017994    0.000000    0.000000    0.794029    0.000000    0.000000    -1.178724    0.000000    0.000000  
42.244224    0.025882    0.000000    0.000000    0.778949    0.000000    0.000000    -1.676946    0.000000    0.000000  
42.254225    0.033604    0.000000    0.000000    0.759032    0.000000    0.000000    -2.162860    0.000000    0.000000  
42.264226    0.041111    0.000000    0.000000    0.734477    0.000000    0.000000    -2.633393    0.000000    0.000000  
42.274227    0.048353    0.000000    0.000000    0.705480    0.000000    0.000000    -3.085471    0.000000    0.000000  
42.284228    0.055280    0.000000    0.000000    0.672236    0.000000    0.000000    -3.516019    0.000000    0.000000  
42.294229    0.061842    0.000000    0.000000    0.634943    0.000000    0.000000    -3.921964    0.000000    0.000000  
42.304230    0.067992    0.000000    0.000000    0.593799    0.000000    0.000000    -4.300261    0.000000    0.000000  
42.314231    0.073691    0.000000    0.000000    0.549053    0.000000    0.000000    -4.648864    0.000000    0.000000  
42.324232    0.078917    0.000000    0.000000    0.501016    0.000000    0.000000    -4.966946    0.000000    0.000000  
42.334233    0.083650    0.000000    0.000000    0.450003    0.000000    0.000000    -5.253755    0.000000    0.000000  
42.344234    0.087867    0.000000    0.000000    0.396330    0.000000    0.000000    -5.508539    0.000000    0.000000  
42.354235    0.091548    0.000000    0.000000    0.340311    0.000000    0.000000    -5.730547    0.000000    0.000000  
42.364236    0.094670    0.000000    0.000000    0.282261    0.000000    0.000000    -5.919027    0.000000    0.000000  
42.374237    0.097214    0.000000    0.000000    0.222497    0.000000    0.000000    -6.073226    0.000000    0.000000  
42.384238    0.099156    0.000000    0.000000    0.161332    0.000000    0.000000    -6.192393    0.000000    0.000000  
42.394239    0.100477    0.000000    0.000000    0.099081    0.000000    0.000000    -6.275776    0.000000    0.000000  
42.404240    0.101155    0.000000    0.000000    0.036062    0.000000    0.000000    -6.322631    0.000000    0.000000  
42.414241    0.101184    0.000000    0.000000    -0.027372    0.000000    0.000000    -6.332484    0.000000    0.000000  
42.424242    0.100575    0.000000    0.000000    -0.090819    0.000000    0.000000    -6.305192    0.000000    0.000000  
42.434243    0.099340    0.000000    0.000000    -0.153878    0.000000    0.000000    -6.240630    0.000000    0.000000  
42.444244    0.097493    0.000000    0.000000    -0.216144    0.000000    0.000000    -6.138674    0.000000    0.000000  
42.454245    0.095046    0.000000    0.000000    -0.277213    0.000000    0.000000    -5.999200    0.000000    0.000000  
42.464246    0.092011    0.000000    0.000000    -0.336683    0.000000    0.000000    -5.822085    0.000000    0.000000  
42.474247    0.088401    0.000000    0.000000    -0.394150    0.000000    0.000000    -5.607203    0.000000    0.000000  
42.484248    0.084228    0.000000    0.000000    -0.449210    0.000000    0.000000    -5.354432    0.000000    0.000000  
42.494249    0.079504    0.000000    0.000000    -0.501461    0.000000    0.000000    -5.063647    0.000000    0.000000  
42.504250    0.074244    0.000000    0.000000    -0.550500    0.000000    0.000000    -4.734776    0.000000    0.000000  
42.514251    0.068476    0.000000    0.000000    -0.596004    0.000000    0.000000    -4.369496    0.000000    0.000000  
42.524252    0.062249    0.000000    0.000000    -0.637741    0.000000    0.000000    -3.971616    0.000000    0.000000  
42.534253    0.055614    0.000000    0.000000    -0.675487    0.000000    0.000000    -3.545071    0.000000    0.000000  
42.544254    0.048621    0.000000    0.000000    -0.709014    0.000000    0.000000    -3.093795    0.000000    0.000000  
42.554255    0.041321    0.000000    0.000000    -0.738098    0.000000    0.000000    -2.621726    0.000000    0.000000  
42.564256    0.033765    0.000000    0.000000    -0.762514    0.000000    0.000000    -2.132798    0.000000    0.000000  
42.574257    0.026002    0.000000    0.000000    -0.782035    0.000000    0.000000    -1.630946    0.000000    0.000000  
42.584258    0.018084    0.000000    0.000000    -0.796437    0.000000    0.000000    -1.120108    0.000000    0.000000  
42.594259    0.010060    0.000000    0.000000    -0.805493    0.000000    0.000000    -0.604217    0.000000    0.000000  
42.604260    0.001981    0.000000    0.000000    -0.808984    0.000000    0.000000    -0.087197    0.000000    0.000000  
42.614261    -0.006102    0.000000    0.000000    -0.806880    0.000000    0.000000    0.427476    0.000000    0.000000  
42.624262    -0.014142    0.000000    0.000000    -0.799381    0.000000    0.000000    0.936869    0.000000    0.000000  
42.634263    -0.022089    0.000000    0.000000    -0.786700    0.000000    0.000000    1.438080    0.000000    0.000000  
42.644264    -0.029894    0.000000    0.000000    -0.769052    0.000000    0.000000    1.928206    0.000000    0.000000  
42.654265    -0.037509    0.000000    0.000000    -0.746651    0.000000    0.000000    2.404345    0.000000    0.000000  
42.664266    -0.044884    0.000000    0.000000    -0.719710    0.000000    0.000000    2.863597    0.000000    0.000000  
42.674267    -0.051971    0.000000    0.000000    -0.688444    0.000000    0.000000    3.303059    0.000000    0.000000  
42.684268    -0.058721    0.000000    0.000000    -0.653065    0.000000    0.000000    3.719830    0.000000    0.000000  
42.694269    -0.065084    0.000000    0.000000    -0.613789    0.000000    0.000000    4.111007    0.000000    0.000000  
42.704270    -0.071013    0.000000    0.000000    -0.570831    0.000000    0.000000    4.473718    0.000000    0.000000  
42.714271    -0.076471    0.000000    0.000000    -0.524449    0.000000    0.000000    4.806059    0.000000    0.000000  
42.724272    -0.081439    0.000000    0.000000    -0.474954    0.000000    0.000000    5.107297    0.000000    0.000000  
42.734273    -0.085899    0.000000    0.000000    -0.422662    0.000000    0.000000    5.376772    0.000000    0.000000  
42.744274    -0.089830    0.000000    0.000000    -0.367886    0.000000    0.000000    5.613820    0.000000    0.000000  
42.754275    -0.093214    0.000000    0.000000    -0.310943    0.000000    0.000000    5.817780    0.000000    0.000000  
42.764276    -0.096031    0.000000    0.000000    -0.252145    0.000000    0.000000    5.987991    0.000000    0.000000  
42.774277    -0.098264    0.000000    0.000000    -0.191809    0.000000    0.000000    6.123790    0.000000    0.000000  
42.784278    -0.099893    0.000000    0.000000    -0.130248    0.000000    0.000000    6.224515    0.000000    0.000000  
42.794279    -0.100899    0.000000    0.000000    -0.067777    0.000000    0.000000    6.289506    0.000000    0.000000  
42.804280    -0.101263    0.000000    0.000000    -0.004712    0.000000    0.000000    6.318106    0.000000    0.000000  
42.814281    -0.100981    0.000000    0.000000    0.058594    0.000000    0.000000    6.309918    0.000000    0.000000  
42.824282    -0.100066    0.000000    0.000000    0.121741    0.000000    0.000000    6.264847    0.000000    0.000000  
42.834283    -0.098531    0.000000    0.000000    0.184330    0.000000    0.000000    6.182818    0.000000    0.000000  
42.844284    -0.096389    0.000000    0.000000    0.245957    0.000000    0.000000    6.063756    0.000000    0.000000  
42.854285    -0.093655    0.000000    0.000000    0.306223    0.000000    0.000000    5.907586    0.000000    0.000000  
42.864286    -0.090341    0.000000    0.000000    0.364725    0.000000    0.000000    5.714234    0.000000    0.000000  
42.874287    -0.086462    0.000000    0.000000    0.421062    0.000000    0.000000    5.483624    0.000000    0.000000  
42.884288    -0.082030    0.000000    0.000000    0.474833    0.000000    0.000000    5.215682    0.000000    0.000000  
42.894289    -0.077060    0.000000    0.000000    0.525636    0.000000    0.000000    4.910331    0.000000    0.000000  
42.904290    -0.071566    0.000000    0.000000    0.573073    0.000000    0.000000    4.567552    0.000000    0.000000  
42.914291    -0.065578    0.000000    0.000000    0.616826    0.000000    0.000000    4.189107    0.000000    0.000000  
42.924292    -0.059147    0.000000    0.000000    0.656678    0.000000    0.000000    3.778905    0.000000    0.000000  
42.934293    -0.052326    0.000000    0.000000    0.692416    0.000000    0.000000    3.340983    0.000000    0.000000  
42.944294    -0.045166    0.000000    0.000000    0.723829    0.000000    0.000000    2.879378    0.000000    0.000000  
42.954295    -0.037720    0.000000    0.000000    0.750704    0.000000    0.000000    2.398127    0.000000    0.000000  
42.964296    -0.030039    0.000000    0.000000    0.772829    0.000000    0.000000    1.901267    0.000000    0.000000  
42.974297    -0.022176    0.000000    0.000000    0.789992    0.000000    0.000000    1.392833    0.000000    0.000000  
42.984298    -0.014182    0.000000    0.000000    0.801980    0.000000    0.000000    0.876865    0.000000    0.000000  
42.994299    -0.006111    0.000000    0.000000    0.808583    0.000000    0.000000    0.357397    0.000000    0.000000  
43.004300    0.001986    0.000000    0.000000    0.809593    0.000000    0.000000    -0.161548    0.000000    0.000000  
43.014301    0.010060    0.000000    0.000000    0.804995    0.000000    0.000000    -0.676468    0.000000    0.000000  
43.024302    0.018061    0.000000    0.000000    0.795006    0.000000    0.000000    -1.184481    0.000000    0.000000  
43.034303    0.025943    0.000000    0.000000    0.779854    0.000000    0.000000    -1.682744    0.000000    0.000000  
43.044304    0.033659    0.000000    0.000000    0.759769    0.000000    0.000000    -2.168411    0.000000    0.000000  
43.054305    0.041159    0.000000    0.000000    0.734980    0.000000    0.000000    -2.638638    0.000000    0.000000  
43.064306    0.048398    0.000000    0.000000    0.705716    0.000000    0.000000    -3.090582    0.000000    0.000000  
43.074307    0.055327    0.000000    0.000000    0.672206    0.000000    0.000000    -3.521397    0.000000    0.000000  
43.084308    0.061898    0.000000    0.000000    0.634680    0.000000    0.000000    -3.928239    0.000000    0.000000  
43.094309    0.068065    0.000000    0.000000    0.593366    0.000000    0.000000    -4.308264    0.000000    0.000000  
43.104310    0.073779    0.000000    0.000000    0.548495    0.000000    0.000000    -4.658657    0.000000    0.000000  
43.114311    0.079008    0.000000    0.000000    0.500337    0.000000    0.000000    -4.977575    0.000000    0.000000  
43.124312    0.083731    0.000000    0.000000    0.449213    0.000000    0.000000    -5.264337    0.000000    0.000000  
43.134313    0.087930    0.000000    0.000000    0.395444    0.000000    0.000000    -5.518329    0.000000    0.000000  
43.144314    0.091589    0.000000    0.000000    0.339352    0.000000    0.000000    -5.738940    0.000000    0.000000  
43.154315    0.094690    0.000000    0.000000    0.281259    0.000000    0.000000    -5.925557    0.000000    0.000000  
43.164316    0.097213    0.000000    0.000000    0.221488    0.000000    0.000000    -6.077567    0.000000    0.000000  
43.174317    0.099142    0.000000    0.000000    0.160361    0.000000    0.000000    -6.194358    0.000000    0.000000  
43.184318    0.100459    0.000000    0.000000    0.098198    0.000000    0.000000    -6.275318    0.000000    0.000000  
43.194319    0.101145    0.000000    0.000000    0.035324    0.000000    0.000000    -6.319833    0.000000    0.000000  
43.204320    0.101184    0.000000    0.000000    -0.027940    0.000000    0.000000    -6.327302    0.000000    0.000000  
43.214321    0.100572    0.000000    0.000000    -0.091235    0.000000    0.000000    -6.297448    0.000000    0.000000  
43.224322    0.099326    0.000000    0.000000    -0.154163    0.000000    0.000000    -6.230387    0.000000    0.000000  
43.234323    0.097461    0.000000    0.000000    -0.216323    0.000000    0.000000    -6.126255    0.000000    0.000000  
43.244324    0.094994    0.000000    0.000000    -0.277313    0.000000    0.000000    -5.985191    0.000000    0.000000  
43.254325    0.091941    0.000000    0.000000    -0.336734    0.000000    0.000000    -5.807331    0.000000    0.000000  
43.264326    0.088318    0.000000    0.000000    -0.394183    0.000000    0.000000    -5.592814    0.000000    0.000000  
43.274327    0.084143    0.000000    0.000000    -0.449260    0.000000    0.000000    -5.341776    0.000000    0.000000  
43.284328    0.079430    0.000000    0.000000    -0.501563    0.000000    0.000000    -5.054355    0.000000    0.000000  
43.294329    0.074198    0.000000    0.000000    -0.550691    0.000000    0.000000    -4.730689    0.000000    0.000000  
43.304330    0.068462    0.000000    0.000000    -0.596247    0.000000    0.000000    -4.370968    0.000000    0.000000  
43.314331    0.062255    0.000000    0.000000    -0.637925    0.000000    0.000000    -3.977120    0.000000    0.000000  
43.324332    0.055629    0.000000    0.000000    -0.675533    0.000000    0.000000    -3.553139    0.000000    0.000000  
43.334333    0.048635    0.000000    0.000000    -0.708882    0.000000    0.000000    -3.103138    0.000000    0.000000  
43.344334    0.041328    0.000000    0.000000    -0.737786    0.000000    0.000000    -2.631233    0.000000    0.000000  
43.354335    0.033759    0.000000    0.000000    -0.762058    0.000000    0.000000    -2.141538    0.000000    0.000000  
43.364336    0.025981    0.000000    0.000000    -0.781510    0.000000    0.000000    -1.638169    0.000000    0.000000  
43.374337    0.018046    0.000000    0.000000    -0.795957    0.000000    0.000000    -1.125239    0.000000    0.000000  
43.384338    0.010008    0.000000    0.000000    -0.805210    0.000000    0.000000    -0.606863    0.000000    0.000000  
43.394339    0.001918    0.000000    0.000000    -0.809083    0.000000    0.000000    -0.087157    0.000000    0.000000  
43.404340    -0.006171    0.000000    0.000000    -0.807395    0.000000    0.000000    0.429786    0.000000    0.000000  
43.414341    -0.014209    0.000000    0.000000    -0.800151    0.000000    0.000000    0.940504    0.000000    0.000000  
43.424342    -0.022149    0.000000    0.000000    -0.787579    0.000000    0.000000    1.442294    0.000000    0.000000  
43.434343    -0.029944    0.000000    0.000000    -0.769920    0.000000    0.000000    1.932493    0.000000    0.000000  
43.444344    -0.037549    0.000000    0.000000    -0.747415    0.000000    0.000000    2.408440    0.000000    0.000000  
43.454345    -0.044915    0.000000    0.000000    -0.720305    0.000000    0.000000    2.867475    0.000000    0.000000  
43.464346    -0.051998    0.000000    0.000000    -0.688831    0.000000    0.000000    3.306934    0.000000    0.000000  
43.474347    -0.058749    0.000000    0.000000    -0.653233    0.000000    0.000000    3.724158    0.000000    0.000000  
43.484348    -0.065122    0.000000    0.000000    -0.613752    0.000000    0.000000    4.116484    0.000000    0.000000  
43.494349    -0.071072    0.000000    0.000000    -0.570630    0.000000    0.000000    4.481252    0.000000    0.000000  
43.504350    -0.076550    0.000000    0.000000    -0.524107    0.000000    0.000000    4.815828    0.000000    0.000000  
43.514351    -0.081526    0.000000    0.000000    -0.474464    0.000000    0.000000    5.118492    0.000000    0.000000  
43.524352    -0.085981    0.000000    0.000000    -0.422020    0.000000    0.000000    5.388605    0.000000    0.000000  
43.534353    -0.089900    0.000000    0.000000    -0.367101    0.000000    0.000000    5.625590    0.000000    0.000000  
43.544354    -0.093268    0.000000    0.000000    -0.310031    0.000000    0.000000    5.828870    0.000000    0.000000  
43.554355    -0.096067    0.000000    0.000000    -0.251134    0.000000    0.000000    5.997868    0.000000    0.000000  
43.564356    -0.098284    0.000000    0.000000    -0.190734    0.000000    0.000000    6.132009    0.000000    0.000000  
43.574357    -0.099900    0.000000    0.000000    -0.129155    0.000000    0.000000    6.230714    0.000000    0.000000  
43.584358    -0.100901    0.000000    0.000000    -0.066722    0.000000    0.000000    6.293408    0.000000    0.000000  
43.594359    -0.101271    0.000000    0.000000    -0.003759    0.000000    0.000000    6.319513    0.000000    0.000000  
43.604360    -0.100994    0.000000    0.000000    0.059410    0.000000    0.000000    6.308465    0.000000    0.000000  
43.614361    -0.100070    0.000000    0.000000    0.122426    0.000000    0.000000    6.260065    0.000000    0.000000  
43.624362    -0.098515    0.000000    0.000000    0.184894    0.000000    0.000000    6.174547    0.000000    0.000000  
43.634363    -0.096348    0.000000    0.000000    0.246416    0.000000    0.000000    6.052171    0.000000    0.000000  
43.644364    -0.093586    0.000000    0.000000    0.306594    0.000000    0.000000    5.893198    0.000000    0.000000  
43.654365    -0.090247    0.000000    0.000000    0.365032    0.000000    0.000000    5.697886    0.000000    0.000000  
43.664366    -0.086349    0.000000    0.000000    0.421329    0.000000    0.000000    5.466495    0.000000    0.000000  
43.674367    -0.081910    0.000000    0.000000    0.475090    0.000000    0.000000    5.199285    0.000000    0.000000  
43.684368    -0.076948    0.000000    0.000000    0.525916    0.000000    0.000000    4.896516    0.000000    0.000000  
43.694369    -0.071480    0.000000    0.000000    0.573410    0.000000    0.000000    4.558448    0.000000    0.000000  
43.704370    -0.065526    0.000000    0.000000    0.617176    0.000000    0.000000    4.185393    0.000000    0.000000  
43.714371    -0.059118    0.000000    0.000000    0.656920    0.000000    0.000000    3.779377    0.000000    0.000000  
43.724372    -0.052310    0.000000    0.000000    0.692465    0.000000    0.000000    3.344439    0.000000    0.000000  
43.734373    -0.045156    0.000000    0.000000    0.723640    0.000000    0.000000    2.884733    0.000000    0.000000  
43.744374    -0.037708    0.000000    0.000000    0.750276    0.000000    0.000000    2.404417    0.000000    0.000000  
43.754375    -0.030021    0.000000    0.000000    0.772202    0.000000    0.000000    1.907644    0.000000    0.000000  
43.764376    -0.022148    0.000000    0.000000    0.789248    0.000000    0.000000    1.398571    0.000000    0.000000  
43.774377    -0.014143    0.000000    0.000000    0.801243    0.000000    0.000000    0.881354    0.000000    0.000000  
43.784378    -0.006060    0.000000    0.000000    0.808018    0.000000    0.000000    0.360146    0.000000    0.000000  
43.794379    0.002049    0.000000    0.000000    0.809401    0.000000    0.000000    -0.160895    0.000000    0.000000  
43.804380    0.010128    0.000000    0.000000    0.805229    0.000000    0.000000    -0.677636    0.000000    0.000000  
43.814381    0.018129    0.000000    0.000000    0.795522    0.000000    0.000000    -1.186622    0.000000    0.000000  
43.824382    0.026006    0.000000    0.000000    0.780521    0.000000    0.000000    -1.685198    0.000000    0.000000  
43.834383    0.033714    0.000000    0.000000    0.760477    0.000000    0.000000    -2.170752    0.000000    0.000000  
43.844384    0.041206    0.000000    0.000000    0.735642    0.000000    0.000000    -2.640674    0.000000    0.000000  
43.854385    0.048437    0.000000    0.000000    0.706269    0.000000    0.000000    -3.092353    0.000000    0.000000  
43.864386    0.055363    0.000000    0.000000    0.672608    0.000000    0.000000    -3.523179    0.000000    0.000000  
43.874387    0.061937    0.000000    0.000000    0.634912    0.000000    0.000000    -3.930542    0.000000    0.000000  
43.884388    0.068114    0.000000    0.000000    0.593433    0.000000    0.000000    -4.311830    0.000000    0.000000  
43.894389    0.073849    0.000000    0.000000    0.548423    0.000000    0.000000    -4.664434    0.000000    0.000000  
43.904390    0.079096    0.000000    0.000000    0.500134    0.000000    0.000000    -4.985771    0.000000    0.000000  
43.914391    0.083825    0.000000    0.000000    0.448857    0.000000    0.000000    -5.274176    0.000000    0.000000  
43.924392    0.088019    0.000000    0.000000    0.394922    0.000000    0.000000    -5.529055    0.000000    0.000000  
43.934393    0.091665    0.000000    0.000000    0.338665    0.000000    0.000000    -5.749875    0.000000    0.000000  
43.944394    0.094747    0.000000    0.000000    0.280418    0.000000    0.000000    -5.936103    0.000000    0.000000  
43.954395    0.097251    0.000000    0.000000    0.220516    0.000000    0.000000    -6.087207    0.000000    0.000000  
43.964396    0.099163    0.000000    0.000000    0.159293    0.000000    0.000000    -6.202655    0.000000    0.000000  
43.974397    0.100467    0.000000    0.000000    0.097084    0.000000    0.000000    -6.281913    0.000000    0.000000  
43.984398    0.101150    0.000000    0.000000    0.034221    0.000000    0.000000    -6.324450    0.000000    0.000000  
43.994399    0.101196    0.000000    0.000000    -0.028960    0.000000    0.000000    -6.329732    0.000000    0.000000  
44.004400    0.100592    0.000000    0.000000    -0.092125    0.000000    0.000000    -6.297242    0.000000    0.000000  
44.014401    0.099339    0.000000    0.000000    -0.154914    0.000000    0.000000    -6.226916    0.000000    0.000000  
44.024402    0.097456    0.000000    0.000000    -0.216933    0.000000    0.000000    -6.119222    0.000000    0.000000  
44.034403    0.094965    0.000000    0.000000    -0.277790    0.000000    0.000000    -5.974658    0.000000    0.000000  
44.044404    0.091885    0.000000    0.000000    -0.337092    0.000000    0.000000    -5.793722    0.000000    0.000000  
44.054405    0.088237    0.000000    0.000000    -0.394445    0.000000    0.000000    -5.576913    0.000000    0.000000  
44.064406    0.084043    0.000000    0.000000    -0.449456    0.000000    0.000000    -5.324729    0.000000    0.000000  
44.074407    0.079322    0.000000    0.000000    -0.501731    0.000000    0.000000    -5.037667    0.000000    0.000000  
44.084408    0.074096    0.000000    0.000000    -0.550877    0.000000    0.000000    -4.716226    0.000000    0.000000  
44.094409    0.068384    0.000000    0.000000    -0.596500    0.000000    0.000000    -4.360904    0.000000    0.000000  
44.104410    0.062208    0.000000    0.000000    -0.638212    0.000000    0.000000    -3.972251    0.000000    0.000000  
44.114411    0.055604    0.000000    0.000000    -0.675731    0.000000    0.000000    -3.552450    0.000000    0.000000  
44.124412    0.048625    0.000000    0.000000    -0.708904    0.000000    0.000000    -3.105580    0.000000    0.000000  
44.134413    0.041324    0.000000    0.000000    -0.737586    0.000000    0.000000    -2.635833    0.000000    0.000000  
44.144414    0.033755    0.000000    0.000000    -0.761631    0.000000    0.000000    -2.147396    0.000000    0.000000  
44.154415    0.025972    0.000000    0.000000    -0.780893    0.000000    0.000000    -1.644460    0.000000    0.000000  
44.164416    0.018030    0.000000    0.000000    -0.795227    0.000000    0.000000    -1.131214    0.000000    0.000000  
44.174417    0.009981    0.000000    0.000000    -0.804486    0.000000    0.000000    -0.611847    0.000000    0.000000  
44.184418    0.001880    0.000000    0.000000    -0.808525    0.000000    0.000000    -0.090548    0.000000    0.000000  
44.194419    -0.006220    0.000000    0.000000    -0.807198    0.000000    0.000000    0.428493    0.000000    0.000000  
44.204420    -0.014264    0.000000    0.000000    -0.800365    0.000000    0.000000    0.941112    0.000000    0.000000  
44.214421    -0.022203    0.000000    0.000000    -0.788068    0.000000    0.000000    1.443924    0.000000    0.000000  
44.224422    -0.029993    0.000000    0.000000    -0.770556    0.000000    0.000000    1.934453    0.000000    0.000000  
44.234423    -0.037590    0.000000    0.000000    -0.748093    0.000000    0.000000    2.410270    0.000000    0.000000  
44.244424    -0.044947    0.000000    0.000000    -0.720941    0.000000    0.000000    2.868951    0.000000    0.000000  
44.254425    -0.052022    0.000000    0.000000    -0.689363    0.000000    0.000000    3.308067    0.000000    0.000000  
44.264426    -0.058770    0.000000    0.000000    -0.653622    0.000000    0.000000    3.725193    0.000000    0.000000  
44.274427    -0.065147    0.000000    0.000000    -0.613981    0.000000    0.000000    4.117901    0.000000    0.000000  
44.284428    -0.071108    0.000000    0.000000    -0.570701    0.000000    0.000000    4.483766    0.000000    0.000000  
44.294429    -0.076608    0.000000    0.000000    -0.524047    0.000000    0.000000    4.820359    0.000000    0.000000  
44.304430    -0.081604    0.000000    0.000000    -0.474281    0.000000    0.000000    5.125284    0.000000    0.000000  
44.314431    -0.086066    0.000000    0.000000    -0.421699    0.000000    0.000000    5.396987    0.000000    0.000000  
44.324432    -0.089981    0.000000    0.000000    -0.366633    0.000000    0.000000    5.634904    0.000000    0.000000  
44.334433    -0.093335    0.000000    0.000000    -0.309419    0.000000    0.000000    5.838520    0.000000    0.000000  
44.344434    -0.096117    0.000000    0.000000    -0.250391    0.000000    0.000000    6.007326    0.000000    0.000000  
44.354435    -0.098314    0.000000    0.000000    -0.189882    0.000000    0.000000    6.140808    0.000000    0.000000  
44.364436    -0.099914    0.000000    0.000000    -0.128228    0.000000    0.000000    6.238454    0.000000    0.000000  
44.374437    -0.100903    0.000000    0.000000    -0.065763    0.000000    0.000000    6.299754    0.000000    0.000000  
44.384438    -0.101269    0.000000    0.000000    -0.002822    0.000000    0.000000    6.324194    0.000000    0.000000  
44.394439    -0.101000    0.000000    0.000000    0.060261    0.000000    0.000000    6.311263    0.000000    0.000000  
44.404440    -0.100084    0.000000    0.000000    0.123150    0.000000    0.000000    6.260466    0.000000    0.000000  
44.414441    -0.098524    0.000000    0.000000    0.185486    0.000000    0.000000    6.171818    0.000000    0.000000  
44.424442    -0.096340    0.000000    0.000000    0.246879    0.000000    0.000000    6.045922    0.000000    0.000000  
44.434443    -0.093556    0.000000    0.000000    0.306938    0.000000    0.000000    5.883417    0.000000    0.000000  
44.444444    -0.090193    0.000000    0.000000    0.365274    0.000000    0.000000    5.684940    0.000000    0.000000  
44.454445    -0.086272    0.000000    0.000000    0.421496    0.000000    0.000000    5.451130    0.000000    0.000000  
44.464446    -0.081817    0.000000    0.000000    0.475212    0.000000    0.000000    5.182622    0.000000    0.000000  
44.474447    -0.076848    0.000000    0.000000    0.526032    0.000000    0.000000    4.880056    0.000000    0.000000  
44.484448    -0.071389    0.000000    0.000000    0.573567    0.000000    0.000000    4.544068    0.000000    0.000000  
44.494449    -0.065460    0.000000    0.000000    0.617424    0.000000    0.000000    4.175297    0.000000    0.000000  
44.504450    -0.059084    0.000000    0.000000    0.657218    0.000000    0.000000    3.774432    0.000000    0.000000  
44.514451    -0.052299    0.000000    0.000000    0.692679    0.000000    0.000000    3.343746    0.000000    0.000000  
44.524452    -0.045158    0.000000    0.000000    0.723672    0.000000    0.000000    2.887343    0.000000    0.000000  
44.534453    -0.037716    0.000000    0.000000    0.750073    0.000000    0.000000    2.409424    0.000000    0.000000  
44.544454    -0.030029    0.000000    0.000000    0.771753    0.000000    0.000000    1.914195    0.000000    0.000000  
44.554455    -0.022150    0.000000    0.000000    0.788587    0.000000    0.000000    1.405857    0.000000    0.000000  
44.564456    -0.014136    0.000000    0.000000    0.800449    0.000000    0.000000    0.888616    0.000000    0.000000  
44.574457    -0.006041    0.000000    0.000000    0.807211    0.000000    0.000000    0.366673    0.000000    0.000000  
44.584458    0.002081    0.000000    0.000000    0.808747    0.000000    0.000000    -0.155766    0.000000    0.000000  
44.594459    0.010174    0.000000    0.000000    0.804932    0.000000    0.000000    -0.674500    0.000000    0.000000  
44.604460    0.018183    0.000000    0.000000    0.795643    0.000000    0.000000    -1.185350    0.000000    0.000000  
44.614461    0.026060    0.000000    0.000000    0.780938    0.000000    0.000000    -1.684956    0.000000    0.000000  
44.624462    0.033761    0.000000    0.000000    0.761075    0.000000    0.000000    -2.170894    0.000000    0.000000  
44.634463    0.041242    0.000000    0.000000    0.736324    0.000000    0.000000    -2.640790    0.000000    0.000000  
44.644464    0.048462    0.000000    0.000000    0.706956    0.000000    0.000000    -3.092273    0.000000    0.000000  
44.654465    0.055378    0.000000    0.000000    0.673240    0.000000    0.000000    -3.522971    0.000000    0.000000  
44.664466    0.061946    0.000000    0.000000    0.635447    0.000000    0.000000    -3.930510    0.000000    0.000000  
44.674467    0.068123    0.000000    0.000000    0.593847    0.000000    0.000000    -4.312520    0.000000    0.000000  
44.684468    0.073868    0.000000    0.000000    0.548711    0.000000    0.000000    -4.666628    0.000000    0.000000  
44.694469    0.079137    0.000000    0.000000    0.500308    0.000000    0.000000    -4.990461    0.000000    0.000000  
44.704470    0.083887    0.000000    0.000000    0.448910    0.000000    0.000000    -5.281675    0.000000    0.000000  
44.714471    0.088090    0.000000    0.000000    0.394822    0.000000    0.000000    -5.538761    0.000000    0.000000  
44.724472    0.091734    0.000000    0.000000    0.338388    0.000000    0.000000    -5.761168    0.000000    0.000000  
44.734473    0.094808    0.000000    0.000000    0.279956    0.000000    0.000000    -5.948398    0.000000    0.000000  
44.744474    0.097299    0.000000    0.000000    0.219871    0.000000    0.000000    -6.099955    0.000000    0.000000  
44.754475    0.099196    0.000000    0.000000    0.158480    0.000000    0.000000    -6.215340    0.000000    0.000000  
44.764476    0.100488    0.000000    0.000000    0.096131    0.000000    0.000000    -6.294055    0.000000    0.000000  
44.774477    0.101162    0.000000    0.000000    0.033168    0.000000    0.000000    -6.335604    0.000000    0.000000  
44.784478    0.101209    0.000000    0.000000    -0.030060    0.000000    0.000000    -6.339487    0.000000    0.000000  
44.794479    0.100615    0.000000    0.000000    -0.093209    0.000000    0.000000    -6.305208    0.000000    0.000000  
44.804480    0.099370    0.000000    0.000000    -0.155929    0.000000    0.000000    -6.232291    0.000000    0.000000  
44.814481    0.097479    0.000000    0.000000    -0.217858    0.000000    0.000000    -6.120902    0.000000    0.000000  
44.824482    0.094967    0.000000    0.000000    -0.278613    0.000000    0.000000    -5.971946    0.000000    0.000000  
44.834483    0.091859    0.000000    0.000000    -0.337809    0.000000    0.000000    -5.786367    0.000000    0.000000  
44.844484    0.088179    0.000000    0.000000    -0.395061    0.000000    0.000000    -5.565110    0.000000    0.000000  
44.854485    0.083953    0.000000    0.000000    -0.449987    0.000000    0.000000    -5.309118    0.000000    0.000000  
44.864486    0.079206    0.000000    0.000000    -0.502202    0.000000    0.000000    -5.019336    0.000000    0.000000  
44.874487    0.073964    0.000000    0.000000    -0.551322    0.000000    0.000000    -4.696709    0.000000    0.000000  
44.884488    0.068251    0.000000    0.000000    -0.596962    0.000000    0.000000    -4.342180    0.000000    0.000000  
44.894489    0.062093    0.000000    0.000000    -0.638738    0.000000    0.000000    -3.956695    0.000000    0.000000  
44.904490    0.055515    0.000000    0.000000    -0.676271    0.000000    0.000000    -3.541245    0.000000    0.000000  
44.914491    0.048556    0.000000    0.000000    -0.709309    0.000000    0.000000    -3.098266    0.000000    0.000000  
44.924492    0.041269    0.000000    0.000000    -0.737744    0.000000    0.000000    -2.631834    0.000000    0.000000  
44.934493    0.033710    0.000000    0.000000    -0.761480    0.000000    0.000000    -2.146118    0.000000    0.000000  
44.944494    0.025932    0.000000    0.000000    -0.780417    0.000000    0.000000    -1.645287    0.000000    0.000000  
44.954495    0.017990    0.000000    0.000000    -0.794458    0.000000    0.000000    -1.133509    0.000000    0.000000  
44.964496    0.009939    0.000000    0.000000    -0.803503    0.000000    0.000000    -0.614952    0.000000    0.000000  
44.974497    0.001833    0.000000    0.000000    -0.807455    0.000000    0.000000    -0.093785    0.000000    0.000000  
44.984498    -0.006273    0.000000    0.000000    -0.806216    0.000000    0.000000    0.425823    0.000000    0.000000  
44.994499    -0.014325    0.000000    0.000000    -0.799687    0.000000    0.000000    0.939706    0.000000    0.000000  
45.004500    -0.022268    0.000000    0.000000    -0.787775    0.000000    0.000000    1.443723    0.000000    0.000000  
45.014501    -0.030055    0.000000    0.000000    -0.770556    0.000000    0.000000    1.934627    0.000000    0.000000  
45.024502    -0.037642    0.000000    0.000000    -0.748295    0.000000    0.000000    2.410179    0.000000    0.000000  
45.034503    -0.044988    0.000000    0.000000    -0.721267    0.000000    0.000000    2.868199    0.000000    0.000000  
45.044504    -0.052051    0.000000    0.000000    -0.689749    0.000000    0.000000    3.306505    0.000000    0.000000  
45.054505    -0.058789    0.000000    0.000000    -0.654016    0.000000    0.000000    3.722914    0.000000    0.000000  
45.064506    -0.065160    0.000000    0.000000    -0.614344    0.000000    0.000000    4.115246    0.000000    0.000000  
45.074507    -0.071122    0.000000    0.000000    -0.571009    0.000000    0.000000    4.481319    0.000000    0.000000  
45.084508    -0.076634    0.000000    0.000000    -0.524287    0.000000    0.000000    4.818951    0.000000    0.000000  
45.094509    -0.081653    0.000000    0.000000    -0.474453    0.000000    0.000000    5.125960    0.000000    0.000000  
45.104510    -0.086138    0.000000    0.000000    -0.421786    0.000000    0.000000    5.400190    0.000000    0.000000  
45.114511    -0.090062    0.000000    0.000000    -0.366593    0.000000    0.000000    5.640238    0.000000    0.000000  
45.124512    -0.093416    0.000000    0.000000    -0.309221    0.000000    0.000000    5.845557    0.000000    0.000000  
45.134513    -0.096189    0.000000    0.000000    -0.250019    0.000000    0.000000    6.015643    0.000000    0.000000  
45.144514    -0.098372    0.000000    0.000000    -0.189335    0.000000    0.000000    6.149996    0.000000    0.000000  
45.154515    -0.099956    0.000000    0.000000    -0.127517    0.000000    0.000000    6.248115    0.000000    0.000000  
45.164516    -0.100932    0.000000    0.000000    -0.064913    0.000000    0.000000    6.309496    0.000000    0.000000  
45.174517    -0.101289    0.000000    0.000000    -0.001872    0.000000    0.000000    6.333640    0.000000    0.000000  
45.184518    -0.101019    0.000000    0.000000    0.061258    0.000000    0.000000    6.320043    0.000000    0.000000  
45.194519    -0.100112    0.000000    0.000000    0.124129    0.000000    0.000000    6.268205    0.000000    0.000000  
45.204520    -0.098560    0.000000    0.000000    0.186392    0.000000    0.000000    6.177648    0.000000    0.000000  
45.214521    -0.096370    0.000000    0.000000    0.247685    0.000000    0.000000    6.048610    0.000000    0.000000  
45.224522    -0.093566    0.000000    0.000000    0.307629    0.000000    0.000000    5.882140    0.000000    0.000000  
45.234523    -0.090176    0.000000    0.000000    0.365845    0.000000    0.000000    5.679329    0.000000    0.000000  
45.244524    -0.086226    0.000000    0.000000    0.421955    0.000000    0.000000    5.441270    0.000000    0.000000  
45.254525    -0.081741    0.000000    0.000000    0.475578    0.000000    0.000000    5.169054    0.000000    0.000000  
45.264526    -0.076750    0.000000    0.000000    0.526337    0.000000    0.000000    4.863773    0.000000    0.000000  
45.274527    -0.071277    0.000000    0.000000    0.573852    0.000000    0.000000    4.526520    0.000000    0.000000  
45.284528    -0.065350    0.000000    0.000000    0.617744    0.000000    0.000000    4.158386    0.000000    0.000000  
45.294529    -0.058994    0.000000    0.000000    0.657634    0.000000    0.000000    3.760464    0.000000    0.000000  
45.304530    -0.052237    0.000000    0.000000    0.693147    0.000000    0.000000    3.333893    0.000000    0.000000  
45.314531    -0.045118    0.000000    0.000000    0.724044    0.000000    0.000000    2.881196    0.000000    0.000000  
45.324532    -0.037692    0.000000    0.000000    0.750236    0.000000    0.000000    2.406459    0.000000    0.000000  
45.334533    -0.030015    0.000000    0.000000    0.771642    0.000000    0.000000    1.913852    0.000000    0.000000  
45.344534    -0.022142    0.000000    0.000000    0.788182    0.000000    0.000000    1.407546    0.000000    0.000000  
45.354535    -0.014128    0.000000    0.000000    0.799776    0.000000    0.000000    0.891710    0.000000    0.000000  
45.364536    -0.006029    0.000000    0.000000    0.806343    0.000000    0.000000    0.370514    0.000000    0.000000  
45.374537    0.002099    0.000000    0.000000    0.807803    0.000000    0.000000    -0.151870    0.000000    0.000000  
45.384538    0.010202    0.000000    0.000000    0.804075    0.000000    0.000000    -0.671273    0.000000    0.000000  
45.394539    0.018224    0.000000    0.000000    0.795079    0.000000    0.000000    -1.183525    0.000000    0.000000  
45.404540    0.026109    0.000000    0.000000    0.780741    0.000000    0.000000    -1.684487    0.000000    0.000000  
45.414541    0.033810    0.000000    0.000000    0.761150    0.000000    0.000000    -2.170940    0.000000    0.000000  
45.424542    0.041286    0.000000    0.000000    0.736579    0.000000    0.000000    -2.640701    0.000000    0.000000  
45.434543    0.048495    0.000000    0.000000    0.707315    0.000000    0.000000    -3.091642    0.000000    0.000000  
45.444544    0.055399    0.000000    0.000000    0.673640    0.000000    0.000000    -3.521634    0.000000    0.000000  
45.454545    0.061957    0.000000    0.000000    0.635839    0.000000    0.000000    -3.928550    0.000000    0.000000  
45.464546    0.068128    0.000000    0.000000    0.594197    0.000000    0.000000    -4.310262    0.000000    0.000000  
45.474547    0.073873    0.000000    0.000000    0.548997    0.000000    0.000000    -4.664642    0.000000    0.000000  
45.484548    0.079150    0.000000    0.000000    0.500525    0.000000    0.000000    -4.989562    0.000000    0.000000  
45.494549    0.083921    0.000000    0.000000    0.449063    0.000000    0.000000    -5.282894    0.000000    0.000000  
45.504550    0.088144    0.000000    0.000000    0.394899    0.000000    0.000000    -5.542535    0.000000    0.000000  
45.514551    0.091795    0.000000    0.000000    0.338350    0.000000    0.000000    -5.767125    0.000000    0.000000  
45.524552    0.094865    0.000000    0.000000    0.279774    0.000000    0.000000    -5.956132    0.000000    0.000000  
45.534553    0.097345    0.000000    0.000000    0.219528    0.000000    0.000000    -6.109071    0.000000    0.000000  
45.544554    0.099227    0.000000    0.000000    0.157972    0.000000    0.000000    -6.225456    0.000000    0.000000  
45.554555    0.100503    0.000000    0.000000    0.095464    0.000000    0.000000    -6.304802    0.000000    0.000000  
45.564556    0.101164    0.000000    0.000000    0.032362    0.000000    0.000000    -6.346623    0.000000    0.000000  
45.574557    0.101203    0.000000    0.000000    -0.030976    0.000000    0.000000    -6.350433    0.000000    0.000000  
45.584558    0.100611    0.000000    0.000000    -0.094189    0.000000    0.000000    -6.315747    0.000000    0.000000  
45.594559    0.099379    0.000000    0.000000    -0.156921    0.000000    0.000000    -6.242078    0.000000    0.000000  
45.604560    0.097501    0.000000    0.000000    -0.218812    0.000000    0.000000    -6.128972    0.000000    0.000000  
45.614561    0.094985    0.000000    0.000000    -0.279497    0.000000    0.000000    -5.976835    0.000000    0.000000  
45.624562    0.091860    0.000000    0.000000    -0.338604    0.000000    0.000000    -5.787045    0.000000    0.000000  
45.634563    0.088155    0.000000    0.000000    -0.395761    0.000000    0.000000    -5.561029    0.000000    0.000000  
45.644564    0.083900    0.000000    0.000000    -0.450595    0.000000    0.000000    -5.300215    0.000000    0.000000  
45.654565    0.079124    0.000000    0.000000    -0.502734    0.000000    0.000000    -5.006030    0.000000    0.000000  
45.664566    0.073857    0.000000    0.000000    -0.551806    0.000000    0.000000    -4.679901    0.000000    0.000000  
45.674567    0.068127    0.000000    0.000000    -0.597438    0.000000    0.000000    -4.323257    0.000000    0.000000  
45.684568    0.061966    0.000000    0.000000    -0.639258    0.000000    0.000000    -3.937525    0.000000    0.000000  
45.694569    0.055401    0.000000    0.000000    -0.676893    0.000000    0.000000    -3.524132    0.000000    0.000000  
45.704570    0.048463    0.000000    0.000000    -0.709976    0.000000    0.000000    -3.084548    0.000000    0.000000  
45.714571    0.041193    0.000000    0.000000    -0.738286    0.000000    0.000000    -2.621443    0.000000    0.000000  
45.724572    0.033645    0.000000    0.000000    -0.761767    0.000000    0.000000    -2.138828    0.000000    0.000000  
45.734573    0.025875    0.000000    0.000000    -0.780369    0.000000    0.000000    -1.640786    0.000000    0.000000  
45.744574    0.017937    0.000000    0.000000    -0.794046    0.000000    0.000000    -1.131400    0.000000    0.000000  
45.754575    0.009886    0.000000    0.000000    -0.802747    0.000000    0.000000    -0.614751    0.000000    0.000000  
45.764576    0.001778    0.000000    0.000000    -0.806426    0.000000    0.000000    -0.094922    0.000000    0.000000  
45.774577    -0.006333    0.000000    0.000000    -0.805034    0.000000    0.000000    0.424004    0.000000    0.000000  
45.784578    -0.014392    0.000000    0.000000    -0.798522    0.000000    0.000000    0.937945    0.000000    0.000000  
45.794579    -0.022344    0.000000    0.000000    -0.786842    0.000000    0.000000    1.442819    0.000000    0.000000  
45.804580    -0.030134    0.000000    0.000000    -0.769951    0.000000    0.000000    1.934577    0.000000    0.000000  
45.814581    -0.037715    0.000000    0.000000    -0.747957    0.000000    0.000000    2.410147    0.000000    0.000000  
45.824582    -0.045047    0.000000    0.000000    -0.721135    0.000000    0.000000    2.867544    0.000000    0.000000  
45.834583    -0.052093    0.000000    0.000000    -0.689767    0.000000    0.000000    3.304842    0.000000    0.000000  
45.844584    -0.058812    0.000000    0.000000    -0.654139    0.000000    0.000000    3.720114    0.000000    0.000000  
45.854585    -0.065166    0.000000    0.000000    -0.614533    0.000000    0.000000    4.111432    0.000000    0.000000  
45.864586    -0.071116    0.000000    0.000000    -0.571233    0.000000    0.000000    4.476869    0.000000    0.000000  
45.874587    -0.076624    0.000000    0.000000    -0.524524    0.000000    0.000000    4.814499    0.000000    0.000000  
45.884588    -0.081650    0.000000    0.000000    -0.474688    0.000000    0.000000    5.122394    0.000000    0.000000  
45.894589    -0.086156    0.000000    0.000000    -0.422010    0.000000    0.000000    5.398626    0.000000    0.000000  
45.904590    -0.090103    0.000000    0.000000    -0.366774    0.000000    0.000000    5.641293    0.000000    0.000000  
45.914591    -0.093468    0.000000    0.000000    -0.309302    0.000000    0.000000    5.849115    0.000000    0.000000  
45.924592    -0.096243    0.000000    0.000000    -0.249954    0.000000    0.000000    6.021514    0.000000    0.000000  
45.934593    -0.098422    0.000000    0.000000    -0.189093    0.000000    0.000000    6.157948    0.000000    0.000000  
45.944594    -0.099997    0.000000    0.000000    -0.127082    0.000000    0.000000    6.257875    0.000000    0.000000  
45.954595    -0.100963    0.000000    0.000000    -0.064284    0.000000    0.000000    6.320751    0.000000    0.000000  
45.964596    -0.101313    0.000000    0.000000    -0.001060    0.000000    0.000000    6.346034    0.000000    0.000000  
45.974597    -0.101039    0.000000    0.000000    0.062225    0.000000    0.000000    6.333183    0.000000    0.000000  
45.984598    -0.100136    0.000000    0.000000    0.125209    0.000000    0.000000    6.281654    0.000000    0.000000  
45.994599    -0.098597    0.000000    0.000000    0.187529    0.000000    0.000000    6.190905    0.000000    0.000000  
46.004600    -0.096415    0.000000    0.000000    0.248823    0.000000    0.000000    6.060429    0.000000    0.000000  
46.014601    -0.093602    0.000000    0.000000    0.308725    0.000000    0.000000    5.890705    0.000000    0.000000  
46.024602    -0.090188    0.000000    0.000000    0.366871    0.000000    0.000000    5.683305    0.000000    0.000000  
46.034603    -0.086204    0.000000    0.000000    0.422894    0.000000    0.000000    5.439860    0.000000    0.000000  
46.044604    -0.081682    0.000000    0.000000    0.476428    0.000000    0.000000    5.162000    0.000000    0.000000  
46.054605    -0.076652    0.000000    0.000000    0.527108    0.000000    0.000000    4.851355    0.000000    0.000000  
46.064606    -0.071146    0.000000    0.000000    0.574567    0.000000    0.000000    4.509555    0.000000    0.000000  
46.074607    -0.065195    0.000000    0.000000    0.618439    0.000000    0.000000    4.138229    0.000000    0.000000  
46.084608    -0.058831    0.000000    0.000000    0.658359    0.000000    0.000000    3.739009    0.000000    0.000000  
46.094609    -0.052083    0.000000    0.000000    0.693960    0.000000    0.000000    3.313523    0.000000    0.000000  
46.104610    -0.044985    0.000000    0.000000    0.724882    0.000000    0.000000    2.863442    0.000000    0.000000  
46.114611    -0.037578    0.000000    0.000000    0.750918    0.000000    0.000000    2.391535    0.000000    0.000000  
46.124612    -0.029918    0.000000    0.000000    0.772030    0.000000    0.000000    1.901790    0.000000    0.000000  
46.134613    -0.022058    0.000000    0.000000    0.788191    0.000000    0.000000    1.398255    0.000000    0.000000  
46.144614    -0.014055    0.000000    0.000000    0.799371    0.000000    0.000000    0.884982    0.000000    0.000000  
46.154615    -0.005964    0.000000    0.000000    0.805542    0.000000    0.000000    0.366021    0.000000    0.000000  
46.164616    0.002160    0.000000    0.000000    0.806675    0.000000    0.000000    -0.154577    0.000000    0.000000  
46.174617    0.010262    0.000000    0.000000    0.802742    0.000000    0.000000    -0.672764    0.000000    0.000000  
46.184618    0.018287    0.000000    0.000000    0.793714    0.000000    0.000000    -1.184487    0.000000    0.000000  
46.194619    0.026180    0.000000    0.000000    0.779564    0.000000    0.000000    -1.685698    0.000000    0.000000  
46.204620    0.033885    0.000000    0.000000    0.760266    0.000000    0.000000    -2.172381    0.000000    0.000000  
46.214621    0.041356    0.000000    0.000000    0.735944    0.000000    0.000000    -2.641516    0.000000    0.000000  
46.224622    0.048555    0.000000    0.000000    0.706880    0.000000    0.000000    -3.091183    0.000000    0.000000  
46.234623    0.055444    0.000000    0.000000    0.673364    0.000000    0.000000    -3.519514    0.000000    0.000000  
46.244624    0.061986    0.000000    0.000000    0.635687    0.000000    0.000000    -3.924645    0.000000    0.000000  
46.254625    0.068143    0.000000    0.000000    0.594139    0.000000    0.000000    -4.304711    0.000000    0.000000  
46.264626    0.073877    0.000000    0.000000    0.549012    0.000000    0.000000    -4.657845    0.000000    0.000000  
46.274627    0.079152    0.000000    0.000000    0.500595    0.000000    0.000000    -4.982184    0.000000    0.000000  
46.284628    0.083930    0.000000    0.000000    0.449179    0.000000    0.000000    -5.275860    0.000000    0.000000  
46.294629    0.088173    0.000000    0.000000    0.395055    0.000000    0.000000    -5.537009    0.000000    0.000000  
46.304630    0.091844    0.000000    0.000000    0.338515    0.000000    0.000000    -5.763789    0.000000    0.000000  
46.314631    0.094921    0.000000    0.000000    0.279888    0.000000    0.000000    -5.954974    0.000000    0.000000  
46.324632    0.097398    0.000000    0.000000    0.219544    0.000000    0.000000    -6.110020    0.000000    0.000000  
46.334633    0.099270    0.000000    0.000000    0.157855    0.000000    0.000000    -6.228420    0.000000    0.000000  
46.344634    0.100533    0.000000    0.000000    0.095193    0.000000    0.000000    -6.309665    0.000000    0.000000  
46.354635    0.101181    0.000000    0.000000    0.031930    0.000000    0.000000    -6.353245    0.000000    0.000000  
46.364636    0.101209    0.000000    0.000000    -0.031562    0.000000    0.000000    -6.358654    0.000000    0.000000  
46.374637    0.100612    0.000000    0.000000    -0.094909    0.000000    0.000000    -6.325381    0.000000    0.000000  
46.384638    0.099385    0.000000    0.000000    -0.157741    0.000000    0.000000    -6.252919    0.000000    0.000000  
46.394639    0.097524    0.000000    0.000000    -0.219685    0.000000    0.000000    -6.140758    0.000000    0.000000  
46.404640    0.095023    0.000000    0.000000    -0.280370    0.000000    0.000000    -5.988432    0.000000    0.000000  
46.414641    0.091897    0.000000    0.000000    -0.339430    0.000000    0.000000    -5.796586    0.000000    0.000000  
46.424642    0.088177    0.000000    0.000000    -0.396509    0.000000    0.000000    -5.567089    0.000000    0.000000  
46.434643    0.083898    0.000000    0.000000    -0.451251    0.000000    0.000000    -5.301875    0.000000    0.000000  
46.444644    0.079093    0.000000    0.000000    -0.503300    0.000000    0.000000    -5.002875    0.000000    0.000000  
46.454645    0.073795    0.000000    0.000000    -0.552299    0.000000    0.000000    -4.672022    0.000000    0.000000  
46.464646    0.068039    0.000000    0.000000    -0.597893    0.000000    0.000000    -4.311249    0.000000    0.000000  
46.474647    0.061858    0.000000    0.000000    -0.639725    0.000000    0.000000    -3.922487    0.000000    0.000000  
46.484648    0.055286    0.000000    0.000000    -0.677440    0.000000    0.000000    -3.507670    0.000000    0.000000  
46.494649    0.048357    0.000000    0.000000    -0.710680    0.000000    0.000000    -3.068728    0.000000    0.000000  
46.504650    0.041103    0.000000    0.000000    -0.739096    0.000000    0.000000    -2.607630    0.000000    0.000000  
46.514651    0.033570    0.000000    0.000000    -0.762500    0.000000    0.000000    -2.127265    0.000000    0.000000  
46.524652    0.025812    0.000000    0.000000    -0.780885    0.000000    0.000000    -1.631533    0.000000    0.000000  
46.534653    0.017882    0.000000    0.000000    -0.794249    0.000000    0.000000    -1.124390    0.000000    0.000000  
46.544654    0.009837    0.000000    0.000000    -0.802594    0.000000    0.000000    -0.609789    0.000000    0.000000  
46.554655    0.001731    0.000000    0.000000    -0.805920    0.000000    0.000000    -0.091682    0.000000    0.000000  
46.564656    -0.006381    0.000000    0.000000    -0.804227    0.000000    0.000000    0.425977    0.000000    0.000000  
46.574657    -0.014444    0.000000    0.000000    -0.797515    0.000000    0.000000    0.939234    0.000000    0.000000  
46.584658    -0.022403    0.000000    0.000000    -0.785785    0.000000    0.000000    1.444135    0.000000    0.000000  
46.594659    -0.030204    0.000000    0.000000    -0.769037    0.000000    0.000000    1.936728    0.000000    0.000000  
46.604660    -0.037791    0.000000    0.000000    -0.747277    0.000000    0.000000    2.413098    0.000000    0.000000  
46.614661    -0.045119    0.000000    0.000000    -0.720642    0.000000    0.000000    2.870370    0.000000    0.000000  
46.624662    -0.052152    0.000000    0.000000    -0.689418    0.000000    0.000000    3.306810    0.000000    0.000000  
46.634663    -0.058854    0.000000    0.000000    -0.653894    0.000000    0.000000    3.720740    0.000000    0.000000  
46.644664    -0.065190    0.000000    0.000000    -0.614362    0.000000    0.000000    4.110483    0.000000    0.000000  
46.654665    -0.071122    0.000000    0.000000    -0.571115    0.000000    0.000000    4.474361    0.000000    0.000000  
46.664666    -0.076616    0.000000    0.000000    -0.524442    0.000000    0.000000    4.810697    0.000000    0.000000  
46.674667    -0.081636    0.000000    0.000000    -0.474635    0.000000    0.000000    5.117814    0.000000    0.000000  
46.684668    -0.086146    0.000000    0.000000    -0.421985    0.000000    0.000000    5.394034    0.000000    0.000000  
46.694669    -0.090111    0.000000    0.000000    -0.366785    0.000000    0.000000    5.637679    0.000000    0.000000  
46.704670    -0.093494    0.000000    0.000000    -0.309326    0.000000    0.000000    5.847092    0.000000    0.000000  
46.714671    -0.096276    0.000000    0.000000    -0.249939    0.000000    0.000000    6.021126    0.000000    0.000000  
46.724672    -0.098452    0.000000    0.000000    -0.188996    0.000000    0.000000    6.159198    0.000000    0.000000  
46.734673    -0.100019    0.000000    0.000000    -0.126873    0.000000    0.000000    6.260748    0.000000    0.000000  
46.744674    -0.100973    0.000000    0.000000    -0.063942    0.000000    0.000000    6.325219    0.000000    0.000000  
46.754675    -0.101311    0.000000    0.000000    -0.000580    0.000000    0.000000    6.352055    0.000000    0.000000  
46.764676    -0.101028    0.000000    0.000000    0.062841    0.000000    0.000000    6.340698    0.000000    0.000000  
46.774677    -0.100122    0.000000    0.000000    0.125946    0.000000    0.000000    6.290590    0.000000    0.000000  
46.784678    -0.098589    0.000000    0.000000    0.188360    0.000000    0.000000    6.201175    0.000000    0.000000  
46.794679    -0.096426    0.000000    0.000000    0.249708    0.000000    0.000000    6.071894    0.000000    0.000000  
46.804680    -0.093628    0.000000    0.000000    0.309618    0.000000    0.000000    5.902236    0.000000    0.000000  
46.814681    -0.090213    0.000000    0.000000    0.367726    0.000000    0.000000    5.692928    0.000000    0.000000  
46.824682    -0.086213    0.000000    0.000000    0.423682    0.000000    0.000000    5.446043    0.000000    0.000000  
46.834683    -0.081665    0.000000    0.000000    0.477134    0.000000    0.000000    5.163722    0.000000    0.000000  
46.844684    -0.076604    0.000000    0.000000    0.527734    0.000000    0.000000    4.848105    0.000000    0.000000  
46.854685    -0.071066    0.000000    0.000000    0.575130    0.000000    0.000000    4.501332    0.000000    0.000000  
46.864686    -0.065085    0.000000    0.000000    0.618974    0.000000    0.000000    4.125544    0.000000    0.000000  
46.874687    -0.058699    0.000000    0.000000    0.658913    0.000000    0.000000    3.722882    0.000000    0.000000  
46.884688    -0.051941    0.000000    0.000000    0.694599    0.000000    0.000000    3.295486    0.000000    0.000000  
46.894689    -0.044849    0.000000    0.000000    0.725682    0.000000    0.000000    2.845496    0.000000    0.000000  
46.904690    -0.037456    0.000000    0.000000    0.751816    0.000000    0.000000    2.375084    0.000000    0.000000  
46.914691    -0.029810    0.000000    0.000000    0.772831    0.000000    0.000000    1.887233    0.000000    0.000000  
46.924692    -0.021962    0.000000    0.000000    0.788739    0.000000    0.000000    1.385809    0.000000    0.000000  
46.934693    -0.013970    0.000000    0.000000    0.799563    0.000000    0.000000    0.874720    0.000000    0.000000  
46.944694    -0.005887    0.000000    0.000000    0.805327    0.000000    0.000000    0.357876    0.000000    0.000000  
46.954695    0.002233    0.000000    0.000000    0.806052    0.000000    0.000000    -0.160813    0.000000    0.000000  
46.964696    0.010332    0.000000    0.000000    0.801762    0.000000    0.000000    -0.677439    0.000000    0.000000  
46.974697    0.018358    0.000000    0.000000    0.792479    0.000000    0.000000    -1.188093    0.000000    0.000000  
46.984698    0.026256    0.000000    0.000000    0.778226    0.000000    0.000000    -1.688864    0.000000    0.000000  
46.994699    0.033969    0.000000    0.000000    0.759026    0.000000    0.000000    -2.175845    0.000000    0.000000  
47.004700    0.041444    0.000000    0.000000    0.734907    0.000000    0.000000    -2.645165    0.000000    0.000000  
47.014701    0.048637    0.000000    0.000000    0.706021    0.000000    0.000000    -3.094022    0.000000    0.000000  
47.024702    0.055511    0.000000    0.000000    0.672656    0.000000    0.000000    -3.520767    0.000000    0.000000  
47.034703    0.062032    0.000000    0.000000    0.635110    0.000000    0.000000    -3.923810    0.000000    0.000000  
47.044704    0.068168    0.000000    0.000000    0.593676    0.000000    0.000000    -4.301558    0.000000    0.000000  
47.054705    0.073882    0.000000    0.000000    0.548650    0.000000    0.000000    -4.652421    0.000000    0.000000  
47.064706    0.079141    0.000000    0.000000    0.500329    0.000000    0.000000    -4.974807    0.000000    0.000000  
47.074707    0.083910    0.000000    0.000000    0.449007    0.000000    0.000000    -5.267125    0.000000    0.000000  
47.084708    0.088155    0.000000    0.000000    0.394979    0.000000    0.000000    -5.527784    0.000000    0.000000  
47.094709    0.091843    0.000000    0.000000    0.338542    0.000000    0.000000    -5.755192    0.000000    0.000000  
47.104710    0.094938    0.000000    0.000000    0.279992    0.000000    0.000000    -5.947777    0.000000    0.000000  
47.114711    0.097422    0.000000    0.000000    0.219666    0.000000    0.000000    -6.104453    0.000000    0.000000  
47.124712    0.099293    0.000000    0.000000    0.157946    0.000000    0.000000    -6.224663    0.000000    0.000000  
47.134713    0.100549    0.000000    0.000000    0.095214    0.000000    0.000000    -6.307875    0.000000    0.000000  
47.144714    0.101187    0.000000    0.000000    0.031853    0.000000    0.000000    -6.353556    0.000000    0.000000  
47.154715    0.101206    0.000000    0.000000    -0.031753    0.000000    0.000000    -6.361175    0.000000    0.000000  
47.164716    0.100603    0.000000    0.000000    -0.095223    0.000000    0.000000    -6.330198    0.000000    0.000000  
47.174717    0.099378    0.000000    0.000000    -0.158172    0.000000    0.000000    -6.260095    0.000000    0.000000  
47.184718    0.097527    0.000000    0.000000    -0.220217    0.000000    0.000000    -6.150333    0.000000    0.000000  
47.194719    0.095049    0.000000    0.000000    -0.280977    0.000000    0.000000    -6.000380    0.000000    0.000000  
47.204720    0.091943    0.000000    0.000000    -0.340068    0.000000    0.000000    -5.809756    0.000000    0.000000  
47.214721    0.088226    0.000000    0.000000    -0.397129    0.000000    0.000000    -5.579349    0.000000    0.000000  
47.224722    0.083934    0.000000    0.000000    -0.451821    0.000000    0.000000    -5.311521    0.000000    0.000000  
47.234723    0.079106    0.000000    0.000000    -0.503805    0.000000    0.000000    -5.008704    0.000000    0.000000  
47.244724    0.073780    0.000000    0.000000    -0.552742    0.000000    0.000000    -4.673332    0.000000    0.000000  
47.254725    0.067992    0.000000    0.000000    -0.598296    0.000000    0.000000    -4.307840    0.000000    0.000000  
47.264726    0.061783    0.000000    0.000000    -0.640127    0.000000    0.000000    -3.914660    0.000000    0.000000  
47.274727    0.055188    0.000000    0.000000    -0.677896    0.000000    0.000000    -3.496226    0.000000    0.000000  
47.284728    0.048246    0.000000    0.000000    -0.711267    0.000000    0.000000    -3.054972    0.000000    0.000000  
47.294729    0.040995    0.000000    0.000000    -0.739899    0.000000    0.000000    -2.593332    0.000000    0.000000  
47.304730    0.033474    0.000000    0.000000    -0.763463    0.000000    0.000000    -2.113762    0.000000    0.000000  
47.314731    0.025727    0.000000    0.000000    -0.781805    0.000000    0.000000    -1.619347    0.000000    0.000000  
47.324732    0.017808    0.000000    0.000000    -0.794967    0.000000    0.000000    -1.113840    0.000000    0.000000  
47.334733    0.009773    0.000000    0.000000    -0.802998    0.000000    0.000000    -0.601030    0.000000    0.000000  
47.344734    0.001675    0.000000    0.000000    -0.805949    0.000000    0.000000    -0.084703    0.000000    0.000000  
47.354735    -0.006432    0.000000    0.000000    -0.803869    0.000000    0.000000    0.431353    0.000000    0.000000  
47.364736    -0.014493    0.000000    0.000000    -0.796808    0.000000    0.000000    0.943350    0.000000    0.000000  
47.374737    -0.022453    0.000000    0.000000    -0.784817    0.000000    0.000000    1.447500    0.000000    0.000000  
47.384738    -0.030260    0.000000    0.000000    -0.767945    0.000000    0.000000    1.940016    0.000000    0.000000  
47.394739    -0.037858    0.000000    0.000000    -0.746243    0.000000    0.000000    2.417111    0.000000    0.000000  
47.404740    -0.045193    0.000000    0.000000    -0.719764    0.000000    0.000000    2.875038    0.000000    0.000000  
47.414741    -0.052222    0.000000    0.000000    -0.688677    0.000000    0.000000    3.311142    0.000000    0.000000  
47.424742    -0.058912    0.000000    0.000000    -0.653272    0.000000    0.000000    3.723937    0.000000    0.000000  
47.434743    -0.065230    0.000000    0.000000    -0.613843    0.000000    0.000000    4.111989    0.000000    0.000000  
47.444744    -0.071142    0.000000    0.000000    -0.570687    0.000000    0.000000    4.473869    0.000000    0.000000  
47.454745    -0.076617    0.000000    0.000000    -0.524099    0.000000    0.000000    4.808146    0.000000    0.000000  
47.464746    -0.081623    0.000000    0.000000    -0.474374    0.000000    0.000000    5.113389    0.000000    0.000000  
47.474747    -0.086125    0.000000    0.000000    -0.421808    0.000000    0.000000    5.388167    0.000000    0.000000  
47.484748    -0.090092    0.000000    0.000000    -0.366696    0.000000    0.000000    5.631049    0.000000    0.000000  
47.494749    -0.093491    0.000000    0.000000    -0.309334    0.000000    0.000000    5.840604    0.000000    0.000000  
47.504750    -0.096291    0.000000    0.000000    -0.250019    0.000000    0.000000    6.015417    0.000000    0.000000  
47.514751    -0.098473    0.000000    0.000000    -0.189090    0.000000    0.000000    6.154480    0.000000    0.000000  
47.524752    -0.100036    0.000000    0.000000    -0.126930    0.000000    0.000000    6.257219    0.000000    0.000000  
47.534753    -0.100981    0.000000    0.000000    -0.063924    0.000000    0.000000    6.323082    0.000000    0.000000  
47.544754    -0.101307    0.000000    0.000000    -0.000459    0.000000    0.000000    6.351515    0.000000    0.000000  
47.554755    -0.101014    0.000000    0.000000    0.063081    0.000000    0.000000    6.341967    0.000000    0.000000  
47.564756    -0.100101    0.000000    0.000000    0.126310    0.000000    0.000000    6.293885    0.000000    0.000000  
47.574757    -0.098568    0.000000    0.000000    0.188843    0.000000    0.000000    6.206716    0.000000    0.000000  
47.584758    -0.096414    0.000000    0.000000    0.250294    0.000000    0.000000    6.079908    0.000000    0.000000  
47.594759    -0.093640    0.000000    0.000000    0.310277    0.000000    0.000000    5.912907    0.000000    0.000000  
47.604760    -0.090245    0.000000    0.000000    0.368409    0.000000    0.000000    5.705220    0.000000    0.000000  
47.614761    -0.086249    0.000000    0.000000    0.424330    0.000000    0.000000    5.457823    0.000000    0.000000  
47.624762    -0.081690    0.000000    0.000000    0.477710    0.000000    0.000000    5.173263    0.000000    0.000000  
47.634763    -0.076608    0.000000    0.000000    0.528220    0.000000    0.000000    4.854163    0.000000    0.000000  
47.644764    -0.071042    0.000000    0.000000    0.575530    0.000000    0.000000    4.503145    0.000000    0.000000  
47.654765    -0.065032    0.000000    0.000000    0.619310    0.000000    0.000000    4.122832    0.000000    0.000000  
47.664766    -0.058617    0.000000    0.000000    0.659231    0.000000    0.000000    3.715847    0.000000    0.000000  
47.674767    -0.051837    0.000000    0.000000    0.694965    0.000000    0.000000    3.284813    0.000000    0.000000  
47.684768    -0.044733    0.000000    0.000000    0.726180    0.000000    0.000000    2.832351    0.000000    0.000000  
47.694769    -0.037342    0.000000    0.000000    0.752548    0.000000    0.000000    2.361086    0.000000    0.000000  
47.704770    -0.029705    0.000000    0.000000    0.773746    0.000000    0.000000    1.873658    0.000000    0.000000  
47.714771    -0.021869    0.000000    0.000000    0.789639    0.000000    0.000000    1.373231    0.000000    0.000000  
47.724772    -0.013888    0.000000    0.000000    0.800287    0.000000    0.000000    0.863515    0.000000    0.000000  
47.734773    -0.005815    0.000000    0.000000    0.805760    0.000000    0.000000    0.348248    0.000000    0.000000  
47.744774    0.002296    0.000000    0.000000    0.806129    0.000000    0.000000    -0.168830    0.000000    0.000000  
47.754775    0.010390    0.000000    0.000000    0.801464    0.000000    0.000000    -0.683983    0.000000    0.000000  
47.764776    0.018413    0.000000    0.000000    0.791836    0.000000    0.000000    -1.193471    0.000000    0.000000  
47.774777    0.026312    0.000000    0.000000    0.777315    0.000000    0.000000    -1.693557    0.000000    0.000000  
47.784778    0.034031    0.000000    0.000000    0.757971    0.000000    0.000000    -2.180503    0.000000    0.000000  
47.794779    0.041518    0.000000    0.000000    0.733875    0.000000    0.000000    -2.650569    0.000000    0.000000  
47.804780    0.048718    0.000000    0.000000    0.705101    0.000000    0.000000    -3.100062    0.000000    0.000000  
47.814781    0.055589    0.000000    0.000000    0.671832    0.000000    0.000000    -3.526402    0.000000    0.000000  
47.824782    0.062098    0.000000    0.000000    0.634364    0.000000    0.000000    -3.928188    0.000000    0.000000  
47.834783    0.068215    0.000000    0.000000    0.592996    0.000000    0.000000    -4.304077    0.000000    0.000000  
47.844784    0.073908    0.000000    0.000000    0.548031    0.000000    0.000000    -4.652726    0.000000    0.000000  
47.854785    0.079147    0.000000    0.000000    0.499769    0.000000    0.000000    -4.972793    0.000000    0.000000  
47.864786    0.083900    0.000000    0.000000    0.448513    0.000000    0.000000    -5.262933    0.000000    0.000000  
47.874787    0.088136    0.000000    0.000000    0.394562    0.000000    0.000000    -5.521805    0.000000    0.000000  
47.884788    0.091824    0.000000    0.000000    0.338219    0.000000    0.000000    -5.748064    0.000000    0.000000  
47.894789    0.094932    0.000000    0.000000    0.279784    0.000000    0.000000    -5.940368    0.000000    0.000000  
47.904790    0.097431    0.000000    0.000000    0.219559    0.000000    0.000000    -6.097388    0.000000    0.000000  
47.914791    0.099305    0.000000    0.000000    0.157891    0.000000    0.000000    -6.218188    0.000000    0.000000  
47.924792    0.100554    0.000000    0.000000    0.095168    0.000000    0.000000    -6.302239    0.000000    0.000000  
47.934793    0.101180    0.000000    0.000000    0.031780    0.000000    0.000000    -6.349035    0.000000    0.000000  
47.944794    0.101185    0.000000    0.000000    -0.031881    0.000000    0.000000    -6.358069    0.000000    0.000000  
47.954795    0.100570    0.000000    0.000000    -0.095425    0.000000    0.000000    -6.328834    0.000000    0.000000  
47.964796    0.099336    0.000000    0.000000    -0.158460    0.000000    0.000000    -6.260823    0.000000    0.000000  
47.974797    0.097484    0.000000    0.000000    -0.220595    0.000000    0.000000    -6.153529    0.000000    0.000000  
47.984798    0.095018    0.000000    0.000000    -0.281439    0.000000    0.000000    -6.006446    0.000000    0.000000  
47.994799    0.091937    0.000000    0.000000    -0.340602    0.000000    0.000000    -5.819065    0.000000    0.000000  
48.004800    0.088243    0.000000    0.000000    -0.397694    0.000000    0.000000    -5.590943    0.000000    0.000000  
48.014801    0.083959    0.000000    0.000000    -0.452359    0.000000    0.000000    -5.323223    0.000000    0.000000  
48.024802    0.079125    0.000000    0.000000    -0.504279    0.000000    0.000000    -5.018719    0.000000    0.000000  
48.034803    0.073781    0.000000    0.000000    -0.553136    0.000000    0.000000    -4.680327    0.000000    0.000000  
48.044804    0.067971    0.000000    0.000000    -0.598615    0.000000    0.000000    -4.310941    0.000000    0.000000  
48.054805    0.061734    0.000000    0.000000    -0.640397    0.000000    0.000000    -3.913456    0.000000    0.000000  
48.064806    0.055114    0.000000    0.000000    -0.678166    0.000000    0.000000    -3.490766    0.000000    0.000000  
48.074807    0.048151    0.000000    0.000000    -0.711604    0.000000    0.000000    -3.045767    0.000000    0.000000  
48.084808    0.040888    0.000000    0.000000    -0.740395    0.000000    0.000000    -2.581353    0.000000    0.000000  
48.094809    0.033365    0.000000    0.000000    -0.764221    0.000000    0.000000    -2.100419    0.000000    0.000000  
48.104810    0.025624    0.000000    0.000000    -0.782773    0.000000    0.000000    -1.605873    0.000000    0.000000  
48.114811    0.017714    0.000000    0.000000    -0.795936    0.000000    0.000000    -1.100951    0.000000    0.000000  
48.124812    0.009687    0.000000    0.000000    -0.803798    0.000000    0.000000    -0.589233    0.000000    0.000000  
48.134813    0.001596    0.000000    0.000000    -0.806457    0.000000    0.000000    -0.074318    0.000000    0.000000  
48.144814    -0.006504    0.000000    0.000000    -0.804011    0.000000    0.000000    0.440198    0.000000    0.000000  
48.154815    -0.014561    0.000000    0.000000    -0.796558    0.000000    0.000000    0.950717    0.000000    0.000000  
48.164816    -0.022520    0.000000    0.000000    -0.784196    0.000000    0.000000    1.453642    0.000000    0.000000  
48.174817    -0.030329    0.000000    0.000000    -0.767023    0.000000    0.000000    1.945374    0.000000    0.000000  
48.184818    -0.037934    0.000000    0.000000    -0.745137    0.000000    0.000000    2.422318    0.000000    0.000000  
48.194819    -0.045281    0.000000    0.000000    -0.718635    0.000000    0.000000    2.880874    0.000000    0.000000  
48.204820    -0.052317    0.000000    0.000000    -0.687620    0.000000    0.000000    3.317492    0.000000    0.000000  
48.214821    -0.059001    0.000000    0.000000    -0.652288    0.000000    0.000000    3.729747    0.000000    0.000000  
48.224822    -0.065303    0.000000    0.000000    -0.612932    0.000000    0.000000    4.116395    0.000000    0.000000  
48.234823    -0.071194    0.000000    0.000000    -0.569850    0.000000    0.000000    4.476251    0.000000    0.000000  
48.244824    -0.076644    0.000000    0.000000    -0.523342    0.000000    0.000000    4.808129    0.000000    0.000000  
48.254825    -0.081624    0.000000    0.000000    -0.473706    0.000000    0.000000    5.110842    0.000000    0.000000  
48.264826    -0.086106    0.000000    0.000000    -0.421241    0.000000    0.000000    5.383203    0.000000    0.000000  
48.274827    -0.090061    0.000000    0.000000    -0.366246    0.000000    0.000000    5.624026    0.000000    0.000000  
48.284828    -0.093458    0.000000    0.000000    -0.309019    0.000000    0.000000    5.832124    0.000000    0.000000  
48.294829    -0.096269    0.000000    0.000000    -0.249858    0.000000    0.000000    6.006312    0.000000    0.000000  
48.304830    -0.098465    0.000000    0.000000    -0.189064    0.000000    0.000000    6.145415    0.000000    0.000000  
48.314831    -0.100033    0.000000    0.000000    -0.126983    0.000000    0.000000    6.248565    0.000000    0.000000  
48.324832    -0.100975    0.000000    0.000000    -0.064006    0.000000    0.000000    6.315215    0.000000    0.000000  
48.334833    -0.101294    0.000000    0.000000    -0.000526    0.000000    0.000000    6.344833    0.000000    0.000000  
48.344834    -0.100991    0.000000    0.000000    0.063062    0.000000    0.000000    6.336887    0.000000    0.000000  
48.354835    -0.100070    0.000000    0.000000    0.126365    0.000000    0.000000    6.290844    0.000000    0.000000  
48.364836    -0.098534    0.000000    0.000000    0.188988    0.000000    0.000000    6.206172    0.000000    0.000000  
48.374837    -0.096385    0.000000    0.000000    0.250539    0.000000    0.000000    6.082339    0.000000    0.000000  
48.384838    -0.093626    0.000000    0.000000    0.310623    0.000000    0.000000    5.918812    0.000000    0.000000  
48.394839    -0.090259    0.000000    0.000000    0.368846    0.000000    0.000000    5.715060    0.000000    0.000000  
48.404840    -0.086289    0.000000    0.000000    0.424816    0.000000    0.000000    5.470619    0.000000    0.000000  
48.414841    -0.081738    0.000000    0.000000    0.478182    0.000000    0.000000    5.186720    0.000000    0.000000  
48.424842    -0.076648    0.000000    0.000000    0.528636    0.000000    0.000000    4.866363    0.000000    0.000000  
48.434843    -0.071063    0.000000    0.000000    0.575871    0.000000    0.000000    4.512632    0.000000    0.000000  
48.444844    -0.065026    0.000000    0.000000    0.619581    0.000000    0.000000    4.128609    0.000000    0.000000  
48.454845    -0.058582    0.000000    0.000000    0.659459    0.000000    0.000000    3.717376    0.000000    0.000000  
48.464846    -0.051773    0.000000    0.000000    0.695200    0.000000    0.000000    3.282017    0.000000    0.000000  
48.474847    -0.044643    0.000000    0.000000    0.726495    0.000000    0.000000    2.825614    0.000000    0.000000  
48.484848    -0.037235    0.000000    0.000000    0.753040    0.000000    0.000000    2.351250    0.000000    0.000000  
48.494849    -0.029594    0.000000    0.000000    0.774528    0.000000    0.000000    1.862008    0.000000    0.000000  
48.504850    -0.021762    0.000000    0.000000    0.790660    0.000000    0.000000    1.360979    0.000000    0.000000  
48.514851    -0.013789    0.000000    0.000000    0.801338    0.000000    0.000000    0.851465    0.000000    0.000000  
48.524852    -0.005726    0.000000    0.000000    0.806667    0.000000    0.000000    0.336985    0.000000    0.000000  
48.534853    0.002374    0.000000    0.000000    0.806767    0.000000    0.000000    -0.178928    0.000000    0.000000  
48.544854    0.010458    0.000000    0.000000    0.801753    0.000000    0.000000    -0.692746    0.000000    0.000000  
48.554855    0.018473    0.000000    0.000000    0.791744    0.000000    0.000000    -1.200937    0.000000    0.000000  
48.564856    0.026367    0.000000    0.000000    0.776855    0.000000    0.000000    -1.699971    0.000000    0.000000  
48.574857    0.034085    0.000000    0.000000    0.757205    0.000000    0.000000    -2.186317    0.000000    0.000000  
48.584858    0.041577    0.000000    0.000000    0.732910    0.000000    0.000000    -2.656444    0.000000    0.000000  
48.594859    0.048789    0.000000    0.000000    0.704088    0.000000    0.000000    -3.106823    0.000000    0.000000  
48.604860    0.055669    0.000000    0.000000    0.670859    0.000000    0.000000    -3.533968    0.000000    0.000000  
48.614861    0.062175    0.000000    0.000000    0.633433    0.000000    0.000000    -3.935529    0.000000    0.000000  
48.624862    0.068280    0.000000    0.000000    0.592109    0.000000    0.000000    -4.310329    0.000000    0.000000  
48.634863    0.073956    0.000000    0.000000    0.547191    0.000000    0.000000    -4.657248    0.000000    0.000000  
48.644864    0.079174    0.000000    0.000000    0.498985    0.000000    0.000000    -4.975162    0.000000    0.000000  
48.654865    0.083907    0.000000    0.000000    0.447795    0.000000    0.000000    -5.262952    0.000000    0.000000  
48.664866    0.088126    0.000000    0.000000    0.393926    0.000000    0.000000    -5.519495    0.000000    0.000000  
48.674867    0.091804    0.000000    0.000000    0.337681    0.000000    0.000000    -5.743671    0.000000    0.000000  
48.684868    0.094913    0.000000    0.000000    0.279365    0.000000    0.000000    -5.934357    0.000000    0.000000  
48.694869    0.097424    0.000000    0.000000    0.219284    0.000000    0.000000    -6.090433    0.000000    0.000000  
48.704870    0.099311    0.000000    0.000000    0.157742    0.000000    0.000000    -6.210790    0.000000    0.000000  
48.714871    0.100561    0.000000    0.000000    0.095091    0.000000    0.000000    -6.294641    0.000000    0.000000  
48.724872    0.101179    0.000000    0.000000    0.031728    0.000000    0.000000    -6.341534    0.000000    0.000000  
48.734873    0.101170    0.000000    0.000000    -0.031948    0.000000    0.000000    -6.351031    0.000000    0.000000  
48.744874    0.100539    0.000000    0.000000    -0.095539    0.000000    0.000000    -6.322695    0.000000    0.000000  
48.754875    0.099291    0.000000    0.000000    -0.158646    0.000000    0.000000    -6.256087    0.000000    0.000000  
48.764876    0.097430    0.000000    0.000000    -0.220868    0.000000    0.000000    -6.150771    0.000000    0.000000  
48.774877    0.094962    0.000000    0.000000    -0.281809    0.000000    0.000000    -6.006307    0.000000    0.000000  
48.784878    0.091892    0.000000    0.000000    -0.341068    0.000000    0.000000    -5.822260    0.000000    0.000000  
48.794879    0.088226    0.000000    0.000000    -0.398247    0.000000    0.000000    -5.598191    0.000000    0.000000  
48.804880    0.083967    0.000000    0.000000    -0.452948    0.000000    0.000000    -5.333734    0.000000    0.000000  
48.814881    0.079142    0.000000    0.000000    -0.504827    0.000000    0.000000    -5.030296    0.000000    0.000000  
48.824882    0.073795    0.000000    0.000000    -0.553591    0.000000    0.000000    -4.691107    0.000000    0.000000  
48.834883    0.067970    0.000000    0.000000    -0.598951    0.000000    0.000000    -4.319481    0.000000    0.000000  
48.844884    0.061713    0.000000    0.000000    -0.640617    0.000000    0.000000    -3.918735    0.000000    0.000000  
48.854885    0.055068    0.000000    0.000000    -0.678299    0.000000    0.000000    -3.492182    0.000000    0.000000  
48.864886    0.048080    0.000000    0.000000    -0.711708    0.000000    0.000000    -3.043137    0.000000    0.000000  
48.874887    0.040796    0.000000    0.000000    -0.740553    0.000000    0.000000    -2.574916    0.000000    0.000000  
48.884888    0.033258    0.000000    0.000000    -0.764545    0.000000    0.000000    -2.090834    0.000000    0.000000  
48.894889    0.025514    0.000000    0.000000    -0.783395    0.000000    0.000000    -1.594205    0.000000    0.000000  
48.904890    0.017607    0.000000    0.000000    -0.796820    0.000000    0.000000    -1.088346    0.000000    0.000000  
48.914891    0.009587    0.000000    0.000000    -0.804744    0.000000    0.000000    -0.576600    0.000000    0.000000  
48.924892    0.001505    0.000000    0.000000    -0.807297    0.000000    0.000000    -0.062339    0.000000    0.000000  
48.934893    -0.006586    0.000000    0.000000    -0.804620    0.000000    0.000000    0.451063    0.000000    0.000000  
48.944894    -0.014634    0.000000    0.000000    -0.796854    0.000000    0.000000    0.960232    0.000000    0.000000  
48.954895    -0.022588    0.000000    0.000000    -0.784141    0.000000    0.000000    1.461795    0.000000    0.000000  
48.964896    -0.030393    0.000000    0.000000    -0.766620    0.000000    0.000000    1.952379    0.000000    0.000000  
48.974897    -0.037999    0.000000    0.000000    -0.744434    0.000000    0.000000    2.428609    0.000000    0.000000  
48.984898    -0.045353    0.000000    0.000000    -0.717722    0.000000    0.000000    2.887113    0.000000    0.000000  
48.994899    -0.052403    0.000000    0.000000    -0.686625    0.000000    0.000000    3.324516    0.000000    0.000000  
49.004900    -0.059097    0.000000    0.000000    -0.651289    0.000000    0.000000    3.737492    0.000000    0.000000  
49.014901    -0.065396    0.000000    0.000000    -0.611933    0.000000    0.000000    4.123848    0.000000    0.000000  
49.024902    -0.071274    0.000000    0.000000    -0.568857    0.000000    0.000000    4.482550    0.000000    0.000000  
49.034903    -0.076704    0.000000    0.000000    -0.522365    0.000000    0.000000    4.812621    0.000000    0.000000  
49.044904    -0.081661    0.000000    0.000000    -0.472759    0.000000    0.000000    5.113081    0.000000    0.000000  
49.054905    -0.086120    0.000000    0.000000    -0.420343    0.000000    0.000000    5.382952    0.000000    0.000000  
49.064906    -0.090054    0.000000    0.000000    -0.365420    0.000000    0.000000    5.621254    0.000000    0.000000  
49.074907    -0.093437    0.000000    0.000000    -0.308294    0.000000    0.000000    5.827010    0.000000    0.000000  
49.084908    -0.096244    0.000000    0.000000    -0.249267    0.000000    0.000000    5.999239    0.000000    0.000000  
49.094909    -0.098450    0.000000    0.000000    -0.188643    0.000000    0.000000    6.136964    0.000000    0.000000  
49.104910    -0.100028    0.000000    0.000000    -0.126726    0.000000    0.000000    6.239215    0.000000    0.000000  
49.114911    -0.100969    0.000000    0.000000    -0.063868    0.000000    0.000000    6.305277    0.000000    0.000000  
49.124912    -0.101278    0.000000    0.000000    -0.000465    0.000000    0.000000    6.334689    0.000000    0.000000  
49.134913    -0.100962    0.000000    0.000000    0.063085    0.000000    0.000000    6.327003    0.000000    0.000000  
49.144914    -0.100027    0.000000    0.000000    0.126382    0.000000    0.000000    6.281772    0.000000    0.000000  
49.154915    -0.098478    0.000000    0.000000    0.189028    0.000000    0.000000    6.198549    0.000000    0.000000  
49.164916    -0.096322    0.000000    0.000000    0.250624    0.000000    0.000000    6.076884    0.000000    0.000000  
49.174917    -0.093566    0.000000    0.000000    0.310771    0.000000    0.000000    5.916331    0.000000    0.000000  
49.184918    -0.090215    0.000000    0.000000    0.369071    0.000000    0.000000    5.716441    0.000000    0.000000  
49.194919    -0.086276    0.000000    0.000000    0.425124    0.000000    0.000000    5.476767    0.000000    0.000000  
49.204920    -0.081755    0.000000    0.000000    0.478534    0.000000    0.000000    5.196939    0.000000    0.000000  
49.214921    -0.076679    0.000000    0.000000    0.528961    0.000000    0.000000    4.878446    0.000000    0.000000  
49.224922    -0.071094    0.000000    0.000000    0.576123    0.000000    0.000000    4.524677    0.000000    0.000000  
49.234923    -0.065046    0.000000    0.000000    0.619740    0.000000    0.000000    4.139107    0.000000    0.000000  
49.244924    -0.058582    0.000000    0.000000    0.659533    0.000000    0.000000    3.725211    0.000000    0.000000  
49.254925    -0.051750    0.000000    0.000000    0.695221    0.000000    0.000000    3.286462    0.000000    0.000000  
49.264926    -0.044596    0.000000    0.000000    0.726525    0.000000    0.000000    2.826334    0.000000    0.000000  
49.274927    -0.037166    0.000000    0.000000    0.753165    0.000000    0.000000    2.348304    0.000000    0.000000  
49.284928    -0.029508    0.000000    0.000000    0.774862    0.000000    0.000000    1.855844    0.000000    0.000000  
49.294929    -0.021669    0.000000    0.000000    0.791335    0.000000    0.000000    1.352429    0.000000    0.000000  
49.304930    -0.013695    0.000000    0.000000    0.802314    0.000000    0.000000    0.841532    0.000000    0.000000  
49.314931    -0.005636    0.000000    0.000000    0.807737    0.000000    0.000000    0.326547    0.000000    0.000000  
49.324932    0.002458    0.000000    0.000000    0.807753    0.000000    0.000000    -0.189206    0.000000    0.000000  
49.334933    0.010535    0.000000    0.000000    0.802524    0.000000    0.000000    -0.702409    0.000000    0.000000  
49.344934    0.018543    0.000000    0.000000    0.792209    0.000000    0.000000    -1.209747    0.000000    0.000000  
49.354935    0.026430    0.000000    0.000000    0.776969    0.000000    0.000000    -1.707903    0.000000    0.000000  
49.364936    0.034147    0.000000    0.000000    0.756963    0.000000    0.000000    -2.193561    0.000000    0.000000  
49.374937    0.041640    0.000000    0.000000    0.732351    0.000000    0.000000    -2.663405    0.000000    0.000000  
49.384938    0.048859    0.000000    0.000000    0.703294    0.000000    0.000000    -3.114118    0.000000    0.000000  
49.394939    0.055752    0.000000    0.000000    0.669952    0.000000    0.000000    -3.542383    0.000000    0.000000  
49.404940    0.062269    0.000000    0.000000    0.632487    0.000000    0.000000    -3.944933    0.000000    0.000000  
49.414941    0.068370    0.000000    0.000000    0.591134    0.000000    0.000000    -4.319643    0.000000    0.000000  
49.424942    0.074032    0.000000    0.000000    0.546198    0.000000    0.000000    -4.665545    0.000000    0.000000  
49.434943    0.079229    0.000000    0.000000    0.497987    0.000000    0.000000    -4.981726    0.000000    0.000000  
49.444944    0.083938    0.000000    0.000000    0.446811    0.000000    0.000000    -5.267272    0.000000    0.000000  
49.454945    0.088133    0.000000    0.000000    0.392979    0.000000    0.000000    -5.521270    0.000000    0.000000  
49.464946    0.091790    0.000000    0.000000    0.336798    0.000000    0.000000    -5.742804    0.000000    0.000000  
49.474947    0.094885    0.000000    0.000000    0.278577    0.000000    0.000000    -5.930963    0.000000    0.000000  
49.484948    0.097393    0.000000    0.000000    0.218626    0.000000    0.000000    -6.084830    0.000000    0.000000  
49.494949    0.099289    0.000000    0.000000    0.157254    0.000000    0.000000    -6.203494    0.000000    0.000000  
49.504950    0.100551    0.000000    0.000000    0.094769    0.000000    0.000000    -6.286051    0.000000    0.000000  
49.514951    0.101168    0.000000    0.000000    0.031529    0.000000    0.000000    -6.331883    0.000000    0.000000  
49.524952    0.101151    0.000000    0.000000    -0.032065    0.000000    0.000000    -6.340658    0.000000    0.000000  
49.534953    0.100506    0.000000    0.000000    -0.095611    0.000000    0.000000    -6.312058    0.000000    0.000000  
49.544954    0.099242    0.000000    0.000000    -0.158706    0.000000    0.000000    -6.245762    0.000000    0.000000  
49.554955    0.097369    0.000000    0.000000    -0.220946    0.000000    0.000000    -6.141453    0.000000    0.000000  
49.564956    0.094894    0.000000    0.000000    -0.281928    0.000000    0.000000    -5.998810    0.000000    0.000000  
49.574957    0.091825    0.000000    0.000000    -0.341249    0.000000    0.000000    -5.817516    0.000000    0.000000  
49.584958    0.088173    0.000000    0.000000    -0.398506    0.000000    0.000000    -5.597250    0.000000    0.000000  
49.594959    0.083944    0.000000    0.000000    -0.453296    0.000000    0.000000    -5.337695    0.000000    0.000000  
49.604960    0.079148    0.000000    0.000000    -0.505218    0.000000    0.000000    -5.038612    0.000000    0.000000  
49.614961    0.073814    0.000000    0.000000    -0.553941    0.000000    0.000000    -4.701664    0.000000    0.000000  
49.624962    0.067989    0.000000    0.000000    -0.599203    0.000000    0.000000    -4.330439    0.000000    0.000000  
49.634963    0.061721    0.000000    0.000000    -0.640745    0.000000    0.000000    -3.928608    0.000000    0.000000  
49.644964    0.055058    0.000000    0.000000    -0.678306    0.000000    0.000000    -3.499840    0.000000    0.000000  
49.654965    0.048048    0.000000    0.000000    -0.711627    0.000000    0.000000    -3.047809    0.000000    0.000000  
49.664966    0.040740    0.000000    0.000000    -0.740450    0.000000    0.000000    -2.576184    0.000000    0.000000  
49.674967    0.033181    0.000000    0.000000    -0.764514    0.000000    0.000000    -2.088638    0.000000    0.000000  
49.684968    0.025421    0.000000    0.000000    -0.783561    0.000000    0.000000    -1.588840    0.000000    0.000000  
49.694969    0.017506    0.000000    0.000000    -0.797331    0.000000    0.000000    -1.080463    0.000000    0.000000  
49.704970    0.009486    0.000000    0.000000    -0.805574    0.000000    0.000000    -0.567167    0.000000    0.000000  
49.714971    0.001409    0.000000    0.000000    -0.808248    0.000000    0.000000    -0.052353    0.000000    0.000000  
49.724972    -0.006674    0.000000    0.000000    -0.805526    0.000000    0.000000    0.460836    0.000000    0.000000  
49.734973    -0.014712    0.000000    0.000000    -0.797587    0.000000    0.000000    0.969271    0.000000    0.000000  
49.744974    -0.022654    0.000000    0.000000    -0.784610    0.000000    0.000000    1.469819    0.000000    0.000000  
49.754975    -0.030452    0.000000    0.000000    -0.766777    0.000000    0.000000    1.959352    0.000000    0.000000  
49.764976    -0.038053    0.000000    0.000000    -0.744267    0.000000    0.000000    2.434738    0.000000    0.000000  
49.774977    -0.045407    0.000000    0.000000    -0.717260    0.000000    0.000000    2.892847    0.000000    0.000000  
49.784978    -0.052464    0.000000    0.000000    -0.685937    0.000000    0.000000    3.330548    0.000000    0.000000  
49.794979    -0.059173    0.000000    0.000000    -0.650477    0.000000    0.000000    3.744711    0.000000    0.000000  
49.804980    -0.065485    0.000000    0.000000    -0.611063    0.000000    0.000000    4.132252    0.000000    0.000000  
49.814981    -0.071363    0.000000    0.000000    -0.567939    0.000000    0.000000    4.491196    0.000000    0.000000  
49.824982    -0.076783    0.000000    0.000000    -0.521410    0.000000    0.000000    4.820678    0.000000    0.000000  
49.834983    -0.081723    0.000000    0.000000    -0.471784    0.000000    0.000000    5.119881    0.000000    0.000000  
49.844984    -0.086160    0.000000    0.000000    -0.419367    0.000000    0.000000    5.387990    0.000000    0.000000  
49.854985    -0.090073    0.000000    0.000000    -0.364468    0.000000    0.000000    5.624189    0.000000    0.000000  
49.864986    -0.093437    0.000000    0.000000    -0.307394    0.000000    0.000000    5.827661    0.000000    0.000000  
49.874987    -0.096232    0.000000    0.000000    -0.248453    0.000000    0.000000    5.997592    0.000000    0.000000  
49.884988    -0.098434    0.000000    0.000000    -0.187953    0.000000    0.000000    6.133164    0.000000    0.000000  
49.894989    -0.100020    0.000000    0.000000    -0.126201    0.000000    0.000000    6.233563    0.000000    0.000000  
49.904990    -0.100970    0.000000    0.000000    -0.063506    0.000000    0.000000    6.297983    0.000000    0.000000  
49.914991    -0.101276    0.000000    0.000000    -0.000225    0.000000    0.000000    6.325873    0.000000    0.000000  
49.924992    -0.100947    0.000000    0.000000    0.063243    0.000000    0.000000    6.316936    0.000000    0.000000  
49.934993    -0.099994    0.000000    0.000000    0.126495    0.000000    0.000000    6.270884    0.000000    0.000000  
49.944994    -0.098427    0.000000    0.000000    0.189128    0.000000    0.000000    6.187432    0.000000    0.000000  
49.954995    -0.096255    0.000000    0.000000    0.250738    0.000000    0.000000    6.066294    0.000000    0.000000  
49.964996    -0.093489    0.000000    0.000000    0.310924    0.000000    0.000000    5.907183    0.000000    0.000000  
49.974997    -0.090138    0.000000    0.000000    0.369283    0.000000    0.000000    5.709813    0.000000    0.000000  
49.984998    -0.086212    0.000000    0.000000    0.425411    0.000000    0.000000    5.473897    0.000000    0.000000  
49.994999    -0.081721    0.000000    0.000000    0.478906    0.000000    0.000000    5.199151    0.000000    0.000000  
