10001 0
0.0 0.0
0.1 -2.99185376206879E-05
0.2 -2.27169031859376E-04
0.3 -7.37771682906896E-04
0.4 -1.69074896257371E-03
0.5 -3.20364371873438E-03
0.6 -5.38864592090249E-03
0.7 -8.35806783288717E-03
0.8 -1.22279115021229E-02
0.9 -0.017118452116847
1 -2.31511164456606E-02
1.1 -3.04411388933659E-02
1.2 -3.90861891210079E-02
1.3 -4.91513721644878E-02
1.4 -6.06515668332577E-02
1.5 -7.35327079892159E-02
1.6 -8.76532718539238E-02
1.7 -0.102768205106258
1.8 -0.118517138063908
1.9 -0.134418427944183
2 -0.149870961904526
2.1 -0.164164453744888
2.2 -0.176498621702194
2.3 -0.186012238264084
2.4 -0.191819220781326
2.5 -0.193052858114243
2.6 -0.188913181424141
2.7 -0.178718030452728
2.8 -0.161951944231987
2.9 -0.138311043381691
3 -0.107741370797157
3.1 -7.04657807946205E-02
3.2 -2.69988887012005E-02
3.3 2.18535754829645E-02
3.4 7.50104710459709E-02
3.5 0.13114657998085
3.6 0.188740998506546
3.7 0.246135726571083
3.8 0.301608085632324
3.9 0.353447765111923
4 0.400037616491318
4.1 0.439933896064758
4.2 0.471938520669937
4.3 0.495161831378937
4.4 0.509071469306946
4.5 0.513522565364838
4.6 0.508768618106842
4.7 0.495450496673584
4.8 0.47456568479538
4.9 0.447416990995407
5 0.415543407201767
5.1 0.380640387535095
5.2 0.34446507692337
5.3 0.308745294809341
5.4 0.275082975625992
5.5 0.2448690533638
5.6 0.219208166003227
5.7 0.198858320713043
5.8 0.184196308255196
5.9 0.175196617841721
6 0.171440601348877
6.1 0.172146961092949
6.2 0.176218420267105
6.3 0.182315111160278
6.4 0.188932180404663
6.5 0.194492846727371
6.6 0.197442516684532
6.7 0.196337938308716
6.8 0.189931601285934
6.9 0.177239045500755
7 0.15759351849556
7.1 0.130671665072441
7.2 9.65071246027946E-02
7.3 5.54718747735023E-02
7.4 8.24310723692179E-03
7.5 -4.42533567547798E-02
7.6 -0.100911445915699
7.7 -0.160527288913727
7.8 -0.221876621246338
7.9 -0.283805102109909
8 -0.345293790102005
8.1 -0.405529379844666
8.2 -0.463936865329742
8.3 -0.520212411880493
8.4 -0.574315786361694
8.5 -0.626446127891541
8.6 -0.677000761032104
8.7 -0.726499915122986
8.8 -0.77551406621933
8.9 -0.8245689868927
9 -0.874050378799438
9.1 -0.92412006855011
9.2 -0.974628746509552
9.3 -1.0250608921051
9.4 -1.07448899745941
9.5 -1.12156617641449
9.6 -1.16454076766968
9.7 -1.20130860805511
9.8 -1.2294842004776
9.9 -1.2465136051178
10 -1.24979591369629
10.1 -1.23682856559753
10.2 -1.20535707473755
10.3 -1.15352463722229
10.4 -1.0800119638443
10.5 -0.984162390232086
10.6 -0.866070806980133
10.7 -0.726654589176178
10.8 -0.567668914794922
10.9 -0.391700565814972
11 -0.202113687992096
11.1 -2.88492441177368E-03
11.2 0.201673105359077
11.3 0.40691402554512
11.4 0.607996881008148
11.5 0.80008065700531
11.6 0.978523135185242
11.7 1.13905882835388
11.8 1.27798211574554
11.9 1.39230346679688
12 1.47987926006317
12.1 1.5394994020462
12.2 1.57094573974609
12.3 1.57500052452087
12.4 1.55340814590454
12.5 1.50880110263824
12.6 1.44458281993866
12.7 1.36477434635162
12.8 1.27382946014404
12.9 1.17644143104553
13 1.07732605934143
13.1 0.981012344360352
13.2 0.891636610031128
13.3 0.812756657600403
13.4 0.747198700904846
13.5 0.696930885314941
13.6 0.662978053092957
13.7 0.645383834838867
13.8 0.643214762210846
13.9 0.654619097709656
14 0.676913917064667
14.1 0.706719219684601
14.2 0.740128934383392
14.3 0.772888839244843
14.4 0.800610244274139
14.5 0.818975925445557
14.6 0.823942601680756
14.7 0.81193619966507
14.8 0.780020117759705
14.9 0.726033985614777
15 0.648694276809692
15.1 0.547657251358032
15.2 0.423543691635132
15.3 0.277904897928238
15.4 0.113170079886913
15.5 -6.74616992473602E-02
15.6 -0.260156124830246
15.7 -0.460596293210983
15.8 -0.664166688919067
15.9 -0.866127014160156
16 -1.06180131435394
16.1 -1.2467588186264
16.2 -1.41695964336395
16.3 -1.56888735294342
16.4 -1.69967246055603
16.5 -1.80715119838715
16.6 -1.88989961147308
16.7 -1.94724524021149
16.8 -1.97922599315643
16.9 -1.98654103279114
17 -1.97045385837555
17.1 -1.93268609046936
17.2 -1.87530112266541
17.3 -1.80057668685913
17.4 -1.71088314056396
17.5 -1.60856318473816
17.6 -1.49583804607391
17.7 -1.3747261762619
17.8 -1.24697422981262
17.9 -1.11403965950012
18 -0.977073669433594
18.1 -0.836948990821838
18.2 -0.694301784038544
18.3 -0.549587190151215
18.4 -0.403165370225906
18.5 -0.255367457866669
18.6 -0.106605559587479
18.7 0.042568564414978
18.8 0.191379696130753
18.9 0.338778734207153
19 0.483421742916107
19.1 0.623640596866608
19.2 0.75748074054718
19.3 0.8827263712883
19.4 0.996984839439392
19.5 1.09777522087097
19.6 1.18262958526611
19.7 1.24921607971191
19.8 1.29546916484833
19.9 1.31971514225006
20 1.32077884674072
20.1 1.29809510707855
20.2 1.25178527832031
20.3 1.18269884586334
20.4 1.09245479106903
20.5 0.983392238616943
20.6 0.858561992645264
20.7 0.721616804599762
20.8 0.576704144477844
20.9 0.428328305482864
21 0.281180739402771
21.1 0.139975398778915
21.2 9.25851613283157E-03
21.3 -0.106770545244217
21.4 -0.204416885972023
21.5 -0.280661791563034
21.6 -0.333263218402863
21.7 -0.360859274864197
21.8 -0.363017797470093
21.9 -0.340253114700317
22 -0.294001638889313
22.1 -0.2265535145998
22.2 -0.140948712825775
22.3 -4.08495143055916E-02
22.4 6.96251541376114E-02
22.5 0.186082258820534
22.6 0.304028958082199
22.7 0.419073700904846
22.8 0.527100265026093
22.9 0.624437034130096
23 0.707993865013123
23.1 0.77537339925766
23.2 0.824945569038391
23.3 0.855880260467529
23.4 0.868149161338806
23.5 0.862481355667114
23.6 0.84028160572052
23.7 0.803529977798462
23.8 0.754638135433197
23.9 0.69630241394043
24 0.631343007087708
24.1 0.562538266181946
24.2 0.492476910352707
24.3 0.423409849405289
24.4 0.35714191198349
24.5 0.294944524765015
24.6 0.237498790025711
24.7 0.184887394309044
24.8 0.136602580547333
24.9 9.16149765253067E-02
25 4.84473556280136E-02
25.1 5.29736280441284E-03
25.2 -3.98209095001221E-02
25.3 -8.89481604099274E-02
25.4 -0.144004419445992
25.5 -0.206652089953423
25.6 -0.278149157762527
25.7 -0.359237551689148
25.8 -0.450048387050629
25.9 -0.550041675567627
26 -0.657981097698212
26.1 -0.771947860717773
26.2 -0.889394581317902
26.3 -1.00723111629486
26.4 -1.12193942070007
26.5 -1.22973370552063
26.6 -1.32670521736145
26.7 -1.40901279449463
26.8 -1.47305643558502
26.9 -1.51565146446228
27 -1.53419673442841
27.1 -1.52679181098938
27.2 -1.49235737323761
27.3 -1.43070328235626
27.4 -1.34256148338318
27.5 -1.22957098484039
27.6 -1.09424030780792
27.7 -0.939858496189117
27.8 -0.770366847515106
27.9 -0.590213537216187
28 -0.404179036617279
28.1 -0.217195495963097
28.2 -3.41556221246719E-02
28.3 0.140276953577995
28.4 0.301843494176865
28.5 0.44684511423111
28.6 0.572258293628693
28.7 0.675847172737122
28.8 0.756204128265381
28.9 0.812782049179077
29 0.845876097679138
29.1 0.856563568115234
29.2 0.846618235111237
29.3 0.818404018878937
29.4 0.774720430374146
29.5 0.718673944473267
29.6 0.653512001037598
29.7 0.582469046115875
29.8 0.508631587028503
29.9 0.434796750545502
30 0.363374650478363
30.1 0.296320557594299
30.2 0.235069870948792
30.3 0.180531919002533
30.4 0.133105531334877
30.5 9.27165076136589E-02
30.6 5.88890314102173E-02
30.7 3.08292675763369E-02
30.8 7.53626972436905E-03
30.9 -1.20985507965088E-02
31 -2.91659981012344E-02
31.1 -4.46632206439972E-02
31.2 -5.93695491552353E-02
31.3 -7.38047361373901E-02
31.4 -8.81605893373489E-02
31.5 -0.102279588580132
31.6 -0.115662515163422
31.7 -0.127499714493752
31.8 -0.136713027954102
31.9 -0.142052441835403
32 -0.142165407538414
32.1 -0.135722428560257
32.2 -0.121510431170464
32.3 -9.85437333583832E-02
32.4 -6.61680698394775E-02
32.5 -0.02413609623909
32.6 2.73423939943314E-02
32.7 8.75357985496521E-02
32.8 0.155208826065063
32.9 0.228642597794533
33 0.305668503046036
33.1 0.383781015872955
33.2 0.460203796625137
33.3 0.532047748565674
33.4 0.596435964107513
33.5 0.650643408298492
33.6 0.692242920398712
33.7 0.719244182109833
33.8 0.730209648609161
33.9 0.724336862564087
34 0.701539397239685
34.1 0.662463128566742
34.2 0.608493506908417
34.3 0.541707158088684
34.4 0.46479743719101
34.5 0.380959093570709
34.6 0.293758869171143
34.7 0.206963300704956
34.8 0.124378405511379
34.9 4.96497973799706E-02
35 -1.38985216617584E-02
35.1 -6.34372532367706E-02
35.2 -9.67811197042465E-02
35.3 -0.112511575222015
35.4 -0.110049575567245
35.5 -0.089714527130127
35.6 -5.27315139770508E-02
35.7 -1.17063522338867E-03
35.8 6.20859563350677E-02
35.9 0.133514612913132
36 0.209052503108978
36.1 0.284306675195694
36.2 0.354718714952469
36.3 0.415804743766785
36.4 0.463326394557953
36.5 0.493493795394897
36.6 0.503154039382935
36.7 0.489908695220947
36.8 0.45226177573204
36.9 0.389671921730042
37 0.302594304084778
37.1 0.192457407712936
37.2 6.16177469491959E-02
37.3 -8.67379456758499E-02
37.4 -0.248750478029251
37.5 -0.419998675584793
37.6 -0.595748245716095
37.7 -0.771081864833832
37.8 -0.941150188446045
37.9 -1.10136580467224
38 -1.24753260612488
38.1 -1.37606632709503
38.2 -1.48406875133514
38.3 -1.56946206092834
38.4 -1.63100695610046
38.5 -1.66832888126373
38.6 -1.68189144134521
38.7 -1.67292237281799
38.8 -1.64330160617828
38.9 -1.59546542167664
39 -1.53221333026886
39.1 -1.456578373909
39.2 -1.37164926528931
39.3 -1.280402302742
39.4 -1.1855456829071
39.5 -1.08942520618439
39.6 -0.993877410888672
39.7 -0.900186061859131
39.8 -0.809032678604126
39.9 -0.72049742937088
40 -0.63410496711731
40.1 -0.548864722251892
40.2 -0.463400095701218
40.3 -0.376027941703796
40.4 -0.284921914339066
40.5 -0.18824428319931
40.6 -8.42796862125397E-02
40.7 2.84100472927094E-02
40.8 0.150885209441185
40.9 0.283726036548615
41 0.426930487155914
41.1 0.579920172691345
41.2 0.741467297077179
41.3 0.90978080034256
41.4 1.08251953125
41.5 1.2568644285202
41.6 1.42966520786285
41.7 1.59751784801483
41.8 1.75693190097809
41.9 1.904465675354
42 2.03683543205261
42.1 2.15108370780945
42.2 2.2446620464325
42.3 2.31552052497864
42.4 2.36220455169678
42.5 2.38384079933167
42.6 2.38017845153809
42.7 2.35156297683716
42.8 2.29887223243713
42.9 2.22343373298645
43 2.12698149681091
43.1 2.01148724555969
43.2 1.87909960746765
43.3 1.73200249671936
43.4 1.57231986522675
43.5 1.40204668045044
43.6 1.22292852401733
43.7 1.03648030757904
43.8 0.843894958496094
43.9 0.646074295043945
44 0.443694770336151
44.1 0.237184539437294
44.2 2.68647894263268E-02
44.3 -0.186995252966881
44.4 -0.404085904359818
44.5 -0.6239013671875
44.6 -0.845729649066925
44.7 -1.06847167015076
44.8 -1.2906436920166
44.9 -1.51030170917511
45 -1.72500598430634
45.1 -1.93187308311462
45.2 -2.12757110595703
45.3 -2.30844616889954
45.4 -2.47060394287109
45.5 -2.61001777648926
45.6 -2.72273421287537
45.7 -2.80498957633972
45.8 -2.85341191291809
45.9 -2.86517810821533
46 -2.83816480636597
46.1 -2.77110886573792
46.2 -2.6637020111084
46.3 -2.51666498184204
46.4 -2.33178758621216
46.5 -2.11195421218872
46.6 -1.86103618144989
46.7 -1.5838680267334
46.8 -1.28607439994812
46.9 -0.973894774913788
47 -0.654039144515991
47.1 -0.333405017852783
47.2 -1.89123898744583E-02
47.3 0.282794654369354
47.4 0.565540015697479
47.5 0.823790371417999
47.6 1.05292463302612
47.7 1.2492870092392
47.8 1.41036415100098
47.9 1.53482139110565
48 1.6225026845932
48.1 1.67443633079529
48.2 1.69271242618561
48.3 1.68038904666901
48.4 1.6413334608078
48.5 1.58002400398254
48.6 1.5013370513916
48.7 1.41035759449005
48.8 1.31212198734283
48.9 1.21143102645874
49 1.11266422271729
49.1 1.01958441734314
49.2 0.935246765613556
49.3 0.86186420917511
49.4 0.800783216953278
49.5 0.752464652061462
49.6 0.716518938541412
49.7 0.691787481307983
49.8 0.676425695419312
49.9 0.66805773973465
50 0.663935959339142
50.1 0.661087393760681
50.2 0.65650486946106
50.3 0.647303104400635
50.4 0.630869925022125
50.5 0.60500705242157
50.6 0.56801974773407
50.7 0.518820703029633
50.8 0.456928253173828
50.9 0.382505416870117
51 0.296314507722855
51.1 0.199675127863884
51.2 9.43636074662209E-02
51.3 -1.74940377473831E-02
51.4 -0.13353605568409
51.5 -0.251282423734665
51.6 -0.368297576904297
51.7 -0.482261478900909
51.8 -0.591120421886444
51.9 -0.693144679069519
52 -0.787001609802246
52.1 -0.871789276599884
52.2 -0.947030186653137
52.3 -1.01267397403717
52.4 -1.06903195381165
52.5 -1.1166980266571
52.6 -1.15649306774139
52.7 -1.1893138885498
52.8 -1.21607995033264
52.9 -1.2375990152359
53 -1.25448215007782
53.1 -1.26705408096313
53.2 -1.27530884742737
53.3 -1.27885258197784
53.4 -1.27690625190735
53.5 -1.26833593845367
53.6 -1.25167262554169
53.7 -1.22521889209747
53.8 -1.18711447715759
53.9 -1.13548099994659
54 -1.06852030754089
54.1 -0.98466420173645
54.2 -0.882696390151978
54.3 -0.761869549751282
54.4 -0.622003018856049
54.5 -0.463587164878845
54.6 -0.287779867649078
54.7 -9.64891463518143E-02
54.8 0.107693076133728
54.9 0.321534633636475
55 0.541195690631866
55.1 0.762433230876923
55.2 0.980642080307007
55.3 1.19109129905701
55.4 1.38906681537628
55.5 1.57000851631165
55.6 1.72975099086761
55.7 1.86461663246155
55.8 1.97159552574158
55.9 2.04844331741333
56 2.09374594688416
56.1 2.10699319839478
56.2 2.08855104446411
56.3 2.03966760635376
56.4 1.96237647533417
56.5 1.85940158367157
56.6 1.7340304851532
56.7 1.58998739719391
56.8 1.43122112751007
56.9 1.26178395748138
57 1.0856339931488
57.1 0.90649425983429
57.2 0.727731823921204
57.3 0.552201747894287
57.4 0.382186651229858
57.5 0.219382777810097
57.6 6.48361891508102E-02
57.7 -0.080994226038456
57.8 -0.218208461999893
57.9 -0.347378760576248
58 -0.469398945569992
58.1 -0.585410237312317
58.2 -0.696615695953369
58.3 -0.804181337356567
58.4 -0.909061074256897
58.5 -1.01190710067749
58.6 -1.11296367645264
58.7 -1.21198260784149
58.8 -1.30818927288055
58.9 -1.40028548240662
59 -1.48648071289063
59.1 -1.56453037261963
59.2 -1.63186550140381
59.3 -1.68568539619446
59.4 -1.72314548492432
59.5 -1.74145293235779
59.6 -1.73808717727661
59.7 -1.71091735363007
59.8 -1.65838646888733
59.9 -1.57959008216858
60 -1.47444450855255
60.1 -1.34368014335632
60.2 -1.18892526626587
60.3 -1.01266312599182
60.4 -0.818193912506104
60.5 -0.609562754631042
60.6 -0.3913713991642
60.7 -0.168715119361877
60.8 5.30894622206688E-02
60.9 0.268649280071259
61 0.472687423229218
61.1 0.660292625427246
61.2 0.8270343542099
61.3 0.969200134277344
61.4 1.08389961719513
61.5 1.16915738582611
61.6 1.22400343418121
61.7 1.24847173690796
61.8 1.24359846115112
61.9 1.21135187149048
62 1.1545135974884
62.1 1.0765768289566
62.2 0.981553912162781
62.3 0.87381112575531
62.4 0.757885098457336
62.5 0.638252019882202
62.6 0.519189059734344
62.7 0.404590010643005
62.8 0.297789871692657
62.9 0.201508924365044
63 0.117713928222656
63.1 4.76094335317612E-02
63.2 -8.37548077106476E-03
63.3 -5.05416616797447E-02
63.4 -7.98750594258308E-02
63.5 -9.79230850934982E-02
63.6 -0.106687657535076
63.7 -0.108459785580635
63.8 -0.10570502281189
63.9 -0.100862234830856
64 -9.62594002485275E-02
64.1 -9.39140319824219E-02
64.2 -9.54733937978745E-02
64.3 -0.10210682451725
64.4 -0.114448443055153
64.5 -0.132578492164612
64.6 -0.156040251255035
64.7 -0.183873206377029
64.8 -0.214680537581444
64.9 -0.246721521019936
65 -0.278009384870529
65.1 -0.306478679180145
65.2 -0.330067038536072
65.3 -0.346852481365204
65.4 -0.355165362358093
65.5 -0.353697776794434
65.6 -0.341563999652863
65.7 -0.318363159894943
65.8 -0.284206569194794
65.9 -0.239694848656654
66 -0.185898765921593
66.1 -0.124288432300091
66.2 -0.056659784168005
66.3 1.49445943534374E-02
66.4 8.84013175964355E-02
66.5 0.161569356918335
66.6 0.232419833540916
66.7 0.299148559570313
66.8 0.36024421453476
66.9 0.414581179618835
67 0.461438775062561
67.1 0.500556528568268
67.2 0.532073259353638
67.3 0.556525111198425
67.4 0.574782311916351
67.5 0.587959408760071
67.6 0.597288846969604
67.7 0.604071974754333
67.8 0.60949718952179
67.9 0.614561200141907
68 0.619977831840515
68.1 0.626079916954041
68.2 0.632760882377625
68.3 0.639431118965149
68.4 0.645027697086334
68.5 0.648063778877258
68.6 0.646630167961121
68.7 0.638533592224121
68.8 0.621392130851746
68.9 0.59278929233551
69 0.550379276275635
69.1 0.492082953453064
69.2 0.416207253932953
69.3 0.321633219718933
69.4 0.207878455519676
69.5 7.52310156822205E-02
69.6 -7.52040296792984E-02
69.7 -0.241463541984558
69.8 -0.420729160308838
69.9 -0.609411001205444
70 -0.803236365318298
70.1 -0.997349441051483
70.2 -1.1865062713623
70.3 -1.36522901058197
70.4 -1.52805817127228
70.5 -1.66972362995148
70.6 -1.78538632392883
70.7 -1.87081432342529
70.8 -1.92258191108704
70.9 -1.9382289648056
71 -1.91637051105499
71.1 -1.85674941539764
71.2 -1.76030743122101
71.3 -1.6291595697403
71.4 -1.46649217605591
71.5 -1.27649593353271
71.6 -1.06418061256409
71.7 -0.83520781993866
71.8 -0.595723569393158
71.9 -0.352052211761475
72 -0.110491633415222
72.1 0.122872658073902
72.2 0.342448502779007
72.3 0.543263852596283
72.4 0.721198439598083
72.5 0.873064339160919
72.6 0.996695339679718
72.7 1.09101521968842
72.8 1.15596318244934
72.9 1.19252800941467
73 1.20258569717407
73.1 1.18881046772003
73.2 1.15451502799988
73.3 1.1034574508667
73.4 1.03964948654175
73.5 0.967187404632568
73.6 0.890063107013702
73.7 0.811982095241547
73.8 0.736226856708527
73.9 0.665522933006287
74 0.601996004581451
74.1 0.547068893909454
74.2 0.501469969749451
74.3 0.465302556753159
74.4 0.438020706176758
74.5 0.418577581644058
74.6 0.405507862567902
74.7 0.397064059972763
74.8 0.391325175762177
74.9 0.386364877223969
75 0.380345940589905
75.1 0.371663779020309
75.2 0.358990997076035
75.3 0.341415643692017
75.4 0.318419098854065
75.5 0.28992560505867
75.6 0.256272882223129
75.7 0.218171149492264
75.8 0.176657065749168
75.9 0.132964000105858
76 8.84751453995705E-02
76.1 4.45888042449951E-02
76.2 2.61136889457703E-03
76.3 -3.62923443317413E-02
76.4 -7.12531059980392E-02
76.5 -0.101726099848747
76.6 -0.12751704454422
76.7 -0.148844450712204
76.8 -0.166290372610092
76.9 -0.180797442793846
77 -0.193570658564568
77.1 -0.206052988767624
77.2 -0.219778597354889
77.3 -0.236262440681458
77.4 -0.256942570209503
77.5 -0.283003360033035
77.6 -0.315310001373291
77.7 -0.354314357042313
77.8 -0.399998039007187
77.9 -0.451810479164124
78 -0.508677005767822
78.1 -0.569019615650177
78.2 -0.630782842636108
78.3 -0.69155478477478
78.4 -0.748629033565521
78.5 -0.799159169197083
78.6 -0.840273976325989
78.7 -0.869256496429443
78.8 -0.88364052772522
78.9 -0.881414473056793
79 -0.861090302467346
79.1 -0.82180643081665
79.2 -0.763442039489746
79.3 -0.686633467674255
79.4 -0.592742383480072
79.5 -0.483888745307922
79.6 -0.362845718860626
79.7 -0.232918187975883
79.8 -9.78791862726212E-02
79.9 3.82700264453888E-02
80 0.17140007019043
80.1 0.297467827796936
80.2 0.412681847810745
80.3 0.51364666223526
80.4 0.597571074962616
80.5 0.662328362464905
80.6 0.706599175930023
80.7 0.729898750782013
80.8 0.732590675354004
80.9 0.715889871120453
81 0.681782126426697
81.1 0.632924914360046
81.2 0.572522819042206
81.3 0.504181385040283
81.4 0.431704133749008
81.5 0.358916223049164
81.6 0.28951832652092
81.7 0.226843729615211
81.8 0.173769265413284
81.9 0.132542014122009
82 0.104661658406258
82.1 9.08600389957428E-02
82.2 9.10458713769913E-02
82.3 0.104325547814369
82.4 0.129081070423126
82.5 0.163016259670258
82.6 0.203304722905159
82.7 0.246779650449753
82.8 0.2900350689888
82.9 0.329641699790955
83 0.362341046333313
83.1 0.385191142559052
83.2 0.395717144012451
83.3 0.392068326473236
83.4 0.373104959726334
83.5 0.338458836078644
83.6 0.288556963205338
83.7 0.224579200148582
83.8 0.14848880469799
83.9 6.28427267074585E-02
84 -2.92783677577972E-02
84.1 -0.124460443854332
84.2 -0.219068109989166
84.3 -0.309426724910736
84.4 -0.392068386077881
84.5 -0.463828682899475
84.6 -0.522006392478943
84.7 -0.564522743225098
84.8 -0.589988768100739
84.9 -0.597782492637634
85 -0.588070034980774
85.1 -0.561792254447937
85.2 -0.520593225955963
85.3 -0.466766864061356
85.4 -0.403118401765823
85.5 -0.33282533288002
85.6 -0.25929257273674
85.7 -0.185948550701141
85.8 -0.11616325378418
85.9 -5.29754757881165E-02
86 9.45642590522766E-04
86.1 4.34622913599014E-02
86.2 7.31055289506912E-02
86.3 0.089003786444664
86.4 9.10405293107033E-02
86.5 7.97677859663963E-02
86.6 5.63719347119331E-02
86.7 2.25935690104961E-02
86.8 -0.019350728020072
86.9 -6.69506415724754E-02
87 -0.117488443851471
87.1 -0.168204665184021
87.2 -0.216448396444321
87.3 -0.259781718254089
87.4 -0.296127766370773
87.5 -0.323869109153748
87.6 -0.341871619224548
87.7 -0.349580109119415
87.8 -0.346960633993149
87.9 -0.334554553031921
88 -0.31334912776947
88.1 -0.284727275371552
88.2 -0.250391662120819
88.3 -0.212197959423065
88.4 -0.172076344490051
88.5 -0.131879359483719
88.6 -9.32899564504623E-02
88.7 -5.76867014169693E-02
88.8 -2.60941982269287E-02
88.9 9.15408134460449E-04
89 0.023214727640152
89.1 4.11636382341385E-02
89.2 5.55519759654999E-02
89.3 6.75713866949081E-02
89.4 7.87017345428467E-02
89.5 9.06428247690201E-02
89.6 0.105178758502007
89.7 0.124072358012199
89.8 0.148915529251099
89.9 0.181039497256279
90 0.221368730068207
90.1 0.270378649234772
90.2 0.328010857105255
90.3 0.393634080886841
90.4 0.466053247451782
90.5 0.543544769287109
90.6 0.623899579048157
90.7 0.704525887966156
90.8 0.782567739486694
90.9 0.855014860630035
91 0.918854415416718
91.1 0.97124707698822
91.2 1.00963544845581
91.3 1.0318911075592
91.4 1.03641557693481
91.5 1.02226877212524
91.6 0.989177346229553
91.7 0.93759548664093
91.8 0.868697285652161
91.9 0.784320592880249
92 0.686867892742157
92.1 0.57923424243927
92.2 0.464670300483704
92.3 0.346619874238968
92.4 0.228542327880859
92.5 0.113771483302116
92.6 5.35565614700317E-03
92.7 -9.41087454557419E-02
92.8 -0.182555288076401
92.9 -0.258605539798737
93 -0.321576565504074
93.1 -0.371541619300842
93.2 -0.40929114818573
93.3 -0.436281800270081
93.4 -0.454582929611206
93.5 -0.466719657182693
93.6 -0.47553876042366
93.7 -0.484056055545807
93.8 -0.495278775691986
93.9 -0.512016594409943
94 -0.536715030670166
94.1 -0.571352243423462
94.2 -0.617239773273468
94.3 -0.674963891506195
94.4 -0.744323313236237
94.5 -0.824298143386841
94.6 -0.913102328777313
94.7 -1.00818610191345
94.8 -1.10638308525085
94.9 -1.20400619506836
95 -1.29706013202667
95.1 -1.38136327266693
95.2 -1.45278084278107
95.3 -1.50737380981445
95.4 -1.54160952568054
95.5 -1.55255031585693
95.6 -1.53797221183777
95.7 -1.49647104740143
95.8 -1.42755675315857
95.9 -1.33168315887451
96 -1.21023952960968
96.1 -1.06550192832947
96.2 -0.900525689125061
96.3 -0.719092905521393
96.4 -0.525436878204346
96.5 -0.324204713106155
96.6 -0.120140977203846
96.7 8.20170715451241E-02
96.8 0.277744174003601
96.9 0.462935566902161
97 0.634031593799591
97.1 0.78814172744751
97.2 0.923170030117035
97.3 1.03778028488159
97.4 1.13152921199799
97.5 1.20474135875702
97.6 1.25851559638977
97.7 1.29457080364227
97.8 1.31515407562256
97.9 1.32290089130402
98 1.32063663005829
98.1 1.31127572059631
98.2 1.29760670661926
98.3 1.28217542171478
98.4 1.26714313030243
98.5 1.25417900085449
98.6 1.24439907073975
98.7 1.23831021785736
98.8 1.23583090305328
98.9 1.23627233505249
99 1.23842680454254
99.1 1.24066376686096
99.2 1.24101328849792
99.3 1.23728275299072
99.4 1.22724056243896
99.5 1.20870065689087
99.6 1.17965006828308
99.7 1.1384197473526
99.8 1.08371925354004
99.9 1.01476001739502
100 0.931259632110596
100.1 0.833488702774048
100.2 0.722243785858154
100.3 0.598809480667114
100.4 0.464926511049271
100.5 0.322649240493774
100.6 0.174246549606323
100.7 2.21370384097099E-02
100.8 -0.131245225667953
100.9 -0.283575683832169
101 -0.432738453149796
101.1 -0.576922833919525
101.2 -0.714637637138367
101.3 -0.844773530960083
101.4 -0.966663479804993
101.5 -1.07999730110168
101.6 -1.18483531475067
101.7 -1.2815055847168
101.8 -1.3705381155014
101.9 -1.45257043838501
102 -1.52825546264648
102.1 -1.59814393520355
102.2 -1.66258871555328
102.3 -1.72162663936615
102.4 -1.77500081062317
102.5 -1.82202017307281
102.6 -1.86160373687744
102.7 -1.89227557182312
102.8 -1.91219091415405
102.9 -1.91924595832825
103 -1.91117250919342
103.1 -1.8855996131897
103.2 -1.8402544260025
103.3 -1.77310788631439
103.4 -1.68246853351593
103.5 -1.56714999675751
103.6 -1.426602602005
103.7 -1.26100134849548
103.8 -1.07133054733276
103.9 -0.859406590461731
104 -0.627884864807129
104.1 -0.380224943161011
104.2 -0.120590642094612
104.3 0.146181523799896
104.4 0.414833337068558
104.5 0.679835677146912
104.6 0.935522735118866
104.7 1.17636287212372
104.8 1.39710116386414
104.9 1.59302878379822
105 1.76014590263367
105.1 1.89528679847717
105.2 1.9962592124939
105.3 2.06194853782654
105.4 2.0923547744751
105.5 2.08857131004333
105.6 2.05275797843933
105.7 1.98801398277283
105.8 1.89828741550446
105.9 1.788170337677
106 1.66272270679474
106.1 1.52721643447876
106.2 1.38694310188293
106.3 1.24707508087158
106.4 1.11226880550385
106.5 0.986607670783997
106.6 0.873420119285583
106.7 0.77512663602829
106.8 0.69321084022522
106.9 0.628096878528595
107 0.579241156578064
107.1 0.545145750045776
107.2 0.523448884487152
107.3 0.511092185974121
107.4 0.504461884498596
107.5 0.499583929777145
107.6 0.492292582988739
107.7 0.478507459163666
107.8 0.454379975795746
107.9 0.416463494300842
108 0.361927628517151
108.1 0.288660526275635
108.2 0.195349559187889
108.3 8.15948247909546E-02
108.4 -5.21322786808014E-02
108.5 -0.204485893249512
108.6 -0.37330287694931
108.7 -0.555734515190125
108.8 -0.748270094394684
108.9 -0.947009325027466
109 -1.14774596691132
109.1 -1.34615886211395
109.2 -1.53796637058258
109.3 -1.71902167797089
109.4 -1.88557910919189
109.5 -2.03430509567261
109.6 -2.16237282752991
109.7 -2.26756763458252
109.8 -2.34825015068054
109.9 -2.40339660644531
110 -2.43256521224976
110.1 -2.43581438064575
110.2 -2.41362977027893
110.3 -2.36687397956848
110.4 -2.29663825035095
110.5 -2.20417022705078
110.6 -2.09080767631531
110.7 -1.95785081386566
110.8 -1.80657923221588
110.9 -1.63808679580688
111 -1.45341742038727
111.1 -1.25345027446747
111.2 -1.0389689207077
111.3 -0.810787260532379
111.4 -0.569640338420868
111.5 -0.316457360982895
111.6 -5.22970408201218E-02
111.7 0.221474602818489
111.8 0.503160119056702
111.9 0.790653228759766
112 1.08137226104736
112.1 1.37230241298676
112.2 1.65994656085968
112.3 1.94032001495361
112.4 2.20916986465454
112.5 2.46190452575684
112.6 2.69381427764893
112.7 2.90019774436951
112.8 3.07644176483154
112.9 3.21831178665161
113 3.32201290130615
113.1 3.38442897796631
113.2 3.40318560600281
113.3 3.37683606147766
113.4 3.30491304397583
113.5 3.18801665306091
113.6 3.02780175209045
113.7 2.82696199417114
113.8 2.58922433853149
113.9 2.31916618347168
114 2.02211141586304
114.1 1.70400202274323
114.2 1.37112390995026
114.3 1.03005766868591
114.4 0.68727707862854
114.5 0.3490931391716
114.6 2.13840007781982E-02
114.7 -0.290574133396149
114.8 -0.582166373729706
114.9 -0.849694848060608
115 -1.0903571844101
115.1 -1.30232441425323
115.2 -1.48469007015228
115.3 -1.63745665550232
115.4 -1.76147758960724
115.5 -1.85828721523285
115.6 -1.92999744415283
115.7 -1.97915291786194
115.8 -2.00851583480835
115.9 -2.02094984054565
116 -2.01923179626465
116.1 -2.005934715271
116.2 -1.98326754570007
116.3 -1.95304083824158
116.4 -1.91656482219696
116.5 -1.87460780143738
116.6 -1.82749652862549
116.7 -1.77505302429199
116.8 -1.71677184104919
116.9 -1.65182185173035
117 -1.57923758029938
117.1 -1.49803018569946
117.2 -1.40729916095734
117.3 -1.3064067363739
117.4 -1.19506525993347
117.5 -1.07340502738953
117.6 -0.942127525806427
117.7 -0.802425861358643
117.8 -0.656136512756348
117.9 -0.505570650100708
118 -0.353511095046997
118.1 -0.203143864870071
118.2 -5.78573197126389E-02
118.3 7.88014158606529E-02
118.4 0.20341020822525
118.5 0.312720537185669
118.6 0.403909921646118
118.7 0.474695295095444
118.8 0.523473024368286
118.9 0.54938417673111
119 0.552496194839478
119.1 0.533713340759277
119.2 0.494858741760254
119.3 0.438606113195419
119.4 0.368377834558487
119.5 0.288257122039795
119.6 0.202792778611183
119.7 0.116844691336155
119.8 3.54094952344894E-02
119.9 -3.66269275546074E-02
120 -9.46365594863892E-02
120.1 -0.134538054466248
120.2 -0.152841955423355
120.3 -0.146913900971413
120.4 -0.1149892359972
120.5 -5.63498288393021E-02
120.6 2.87181586027145E-02
120.7 0.138925597071648
120.8 0.271994650363922
120.9 0.424745917320251
121 0.593302369117737
121.1 0.773158967494965
121.2 0.959382653236389
121.3 1.14681839942932
121.4 1.33025538921356
121.5 1.5046569108963
121.6 1.66529560089111
121.7 1.807941198349
121.8 1.92893993854523
121.9 2.02536273002625
122 2.09506940841675
122.1 2.13670349121094
122.2 2.14970016479492
122.3 2.13425040245056
122.4 2.09121513366699
122.5 2.02204751968384
122.6 1.92863512039185
122.7 1.81327176094055
122.8 1.67844200134277
122.9 1.52670204639435
123 1.36060726642609
123.1 1.18258988857269
123.2 0.994891583919525
123.3 0.799514055252075
123.4 0.598165392875671
123.5 0.392303049564362
123.6 0.183116406202316
123.7 -2.84063406288624E-02
123.8 -0.241357535123825
123.9 -0.454955190420151
124 -0.668379485607147
124.1 -0.88066440820694
124.2 -1.09070706367493
124.3 -1.29710030555725
124.4 -1.4981849193573
124.5 -1.6919572353363
124.6 -1.87611031532288
124.7 -2.0480797290802
124.8 -2.20498514175415
124.9 -2.34388279914856
125 -2.46172118186951
125.1 -2.55553483963013
125.2 -2.62257218360901
125.3 -2.66037893295288
125.4 -2.66696810722351
125.5 -2.64094543457031
125.6 -2.58157873153687
125.7 -2.48888182640076
125.8 -2.36371302604675
125.9 -2.2077214717865
126 -2.02338051795959
126.1 -1.81388628482819
126.2 -1.58312690258026
126.3 -1.33553743362427
126.4 -1.07595729827881
126.5 -0.809471011161804
126.6 -0.541193842887878
126.7 -0.276171863079071
126.8 -1.91941559314728E-02
126.9 0.225470468401909
127 0.454131126403809
127.1 0.663757920265198
127.2 0.852161526679993
127.3 1.0179408788681
127.4 1.1605761051178
127.5 1.28034400939941
127.6 1.37827932834625
127.7 1.45600271224976
127.8 1.51568937301636
127.9 1.55986177921295
128 1.59118819236755
128.10001 1.61237585544586
128.2 1.62593579292297
128.3 1.63412594795227
128.40001 1.63865327835083
128.5 1.64073073863983
128.60001 1.64089870452881
128.7 1.63901925086975
128.8 1.6342613697052
128.90001 1.62520503997803
129 1.60983788967133
129.10001 1.58572793006897
129.2 1.55014514923096
129.3 1.50024521350861
129.40001 1.43323338031769
129.5 1.34659016132355
129.60001 1.23814022541046
129.7 1.10639274120331
129.8 0.950488805770874
129.90001 0.770500957965851
130 0.567401468753815
130.10001 0.343022644519806
130.2 0.100268095731735
130.3 -0.157179191708565
130.40001 -0.424788057804108
130.5 -0.697302460670471
130.60001 -0.969150066375732
130.7 -1.23426353931427
130.8 -1.48664486408234
130.90001 -1.7203094959259
131 -1.92960715293884
131.10001 -2.10949206352234
131.2 -2.2555558681488
131.3 -2.36433982849121
131.40001 -2.43330478668213
131.5 -2.46099376678467
131.60001 -2.44707250595093
131.7 -2.39228916168213
131.8 -2.29842638969421
131.90001 -2.16820025444031
132 -2.00522017478943
132.10001 -1.81369197368622
132.2 -1.59838962554932
132.3 -1.36436176300049
132.40001 -1.11681079864502
132.5 -0.860956311225891
132.60001 -0.601669311523438
132.7 -0.343572974205017
132.8 -0.090709388256073
132.90001 0.153370827436447
133 0.385762691497803
133.10001 0.604294657707214
133.2 0.807317078113556
133.3 0.993932843208313
133.40001 1.16364073753357
133.5 1.31645464897156
133.60001 1.45273113250732
133.7 1.57301664352417
133.8 1.67803037166595
133.90001 1.76846992969513
134 1.8449295759201
134.10001 1.90790677070618
134.2 1.9576370716095
134.3 1.99413776397705
134.40001 2.0171914100647
134.5 2.02634882926941
134.60001 2.02100563049316
134.7 2.00045156478882
134.8 1.96392858028412
134.90001 1.91079485416412
135 1.84054684638977
135.10001 1.75292873382568
135.2 1.64803612232208
135.3 1.52636051177979
135.40001 1.38883340358734
135.5 1.23689448833466
135.60001 1.07239711284637
135.7 0.897683143615723
135.8 0.715388894081116
135.90001 0.528527140617371
136 0.340272754430771
136.10001 0.153798758983612
136.2 -2.76451259851456E-02
136.3 -0.201161533594131
136.40001 -0.36406809091568
136.5 -0.514110028743744
136.60001 -0.649639308452606
136.7 -0.769535541534424
136.8 -0.873366296291351
136.90001 -0.961323976516724
137 -1.0342606306076
137.10001 -1.09361815452576
137.2 -1.14130127429962
137.3 -1.17964696884155
137.40001 -1.21121501922607
137.5 -1.23868012428284
137.60001 -1.26466751098633
137.7 -1.29156768321991
137.8 -1.32146883010864
137.90001 -1.35595643520355
138 -1.39599621295929
138.10001 -1.44191300868988
138.2 -1.4932906627655
138.3 -1.54903090000153
138.40001 -1.60732281208038
138.5 -1.6656881570816
138.60001 -1.72125244140625
138.7 -1.77064371109009
138.8 -1.81033861637115
138.90001 -1.83674669265747
139 -1.84641289710999
139.10001 -1.83619177341461
139.2 -1.80347847938538
139.3 -1.74626636505127
139.40001 -1.66334676742554
139.5 -1.55441522598267
139.60001 -1.420001745224
139.7 -1.26169419288635
139.8 -1.08189082145691
139.90001 -0.883893728256226
140 -0.671740055084229
140.10001 -0.449980646371841
140.2 -0.223694056272507
140.3 1.99516117572784E-03
140.40001 0.221793070435524
140.5 0.430658280849457
140.60001 0.624001920223236
140.7 0.797740399837494
140.8 0.94858306646347
140.90001 1.07409489154816
141 1.17277121543884
141.10001 1.24416017532349
141.2 1.28871595859528
141.3 1.30795693397522
141.40001 1.30419945716858
141.5 1.28053629398346
141.60001 1.24065840244293
141.7 1.18868291378021
141.8 1.12892591953278
141.90001 1.06577324867249
142 1.00341546535492
142.10001 0.945735335350037
142.2 0.896079838275909
142.3 0.857170403003693
142.40001 0.831002473831177
142.5 0.818770110607147
142.60001 0.820842742919922
142.7 0.836808562278748
142.8 0.865498960018158
142.90001 0.905086874961853
143 0.953176319599152
143.10001 1.00707960128784
143.2 1.06375861167908
143.3 1.12014079093933
143.40001 1.17321872711182
143.5 1.22018158435822
143.60001 1.25861990451813
143.7 1.28652989864349
143.8 1.30244207382202
143.90001 1.30550348758698
144 1.29536700248718
144.10001 1.27234160900116
144.2 1.23714172840118
144.3 1.19099903106689
144.40001 1.13541853427887
144.5 1.07215535640717
144.60001 1.00299990177155
144.7 0.9297736287117
144.8 0.85407555103302
144.90001 0.777302742004395
145 0.700482487678528
145.10001 0.624203264713287
145.2 0.548688769340515
145.3 0.473641574382782
145.40001 0.398417890071869
145.5 0.321982741355896
145.60001 0.243009060621262
145.7 0.160005494952202
145.8 7.14090913534164E-02
145.90001 -0.024284303188324
146 -0.1283820271492
146.10001 -0.241953328251839
146.2 -0.365600675344467
146.3 -0.499523520469666
146.40001 -0.643290877342224
146.5 -0.795942485332489
146.60001 -0.955974221229553
146.7 -1.1212877035141
146.8 -1.28935825824738
146.90001 -1.45724928379059
147 -1.62167799472809
147.10001 -1.77936458587646
147.2 -1.92683792114258
147.3 -2.06092858314514
147.40001 -2.17862343788147
147.5 -2.27734231948853
147.60001 -2.35504865646362
147.7 -2.41025614738464
147.8 -2.44219136238098
147.90001 -2.450688123703
148 -2.43632817268372
148.10001 -2.40028929710388
148.2 -2.34432673454285
148.3 -2.27061462402344
148.40001 -2.18176460266113
148.5 -2.08051204681396
148.60001 -1.96966373920441
148.7 -1.85200083255768
148.8 -1.72997403144836
148.90001 -1.60581111907959
149 -1.48118686676025
149.10001 -1.35729157924652
149.2 -1.23474788665771
149.3 -1.11355841159821
149.40001 -0.993209064006805
149.5 -0.872661530971527
149.60001 -0.75043785572052
149.7 -0.624829411506653
149.8 -0.493839830160141
149.90001 -0.355576574802399
150 -0.208233624696732
150.10001 -5.02645224332809E-02
150.2 0.11937104165554
150.3 0.301276475191116
150.40001 0.49533873796463
150.5 0.700724363327026
150.60001 0.915952682495117
150.7 1.13869857788086
150.8 1.36612224578857
150.90001 1.59461033344269
151 1.82017397880554
151.10001 2.03853154182434
151.2 2.24510359764099
151.3 2.43549823760986
151.40001 2.60533380508423
151.5 2.75069999694824
151.60001 2.86825728416443
151.7 2.95524930953979
151.8 3.00980830192566
151.90001 3.03089308738708
152 3.01838946342468
152.10001 2.97314763069153
152.2 2.89684963226318
152.3 2.79199934005737
152.40001 2.66183280944824
152.5 2.51012897491455
152.60001 2.34100198745728
152.7 2.1588819026947
152.8 1.96807646751404
152.90001 1.77284467220306
153 1.57714128494263
153.10001 1.38428938388824
153.2 1.19717562198639
153.3 1.01786494255066
153.40001 0.847719669342041
153.5 0.687378108501434
153.60001 0.536671340465546
153.7 0.394834280014038
153.8 0.260428696870804
153.90001 0.131668329238892
154 6.44981116056442E-03
154.10001 -0.117519952356815
154.2 -0.242422193288803
154.3 -0.37031614780426
154.40001 -0.502838790416718
154.5 -0.641175746917725
154.60001 -0.785922229290009
154.7 -0.936974585056305
154.8 -1.09360873699188
154.90001 -1.25432157516479
155 -1.41697537899017
155.10001 -1.57890188694
155.2 -1.73685872554779
155.3 -1.88738751411438
155.40001 -2.02677845954895
155.5 -2.1512975692749
155.60001 -2.25743222236633
155.7 -2.34193277359009
155.8 -2.40210723876953
155.90001 -2.43580365180969
156 -2.44163060188293
156.10001 -2.41899013519287
156.2 -2.36811423301697
156.3 -2.29003977775574
156.40001 -2.18663573265076
156.5 -2.06048655509949
156.60001 -1.91475093364716
156.7 -1.75314795970917
156.8 -1.5796126127243
156.90001 -1.39836537837982
157 -1.21361458301544
157.10001 -1.02934980392456
157.2 -0.849352359771729
157.3 -0.676838219165802
157.40001 -0.514608860015869
157.5 -0.364816963672638
157.60001 -0.228878796100616
157.7 -0.107634454965591
157.8 -1.19464099407196E-03
157.90001 9.08709540963173E-02
158 0.169537603855133
158.10001 0.236217096447945
158.2 0.29261314868927
158.3 0.340609073638916
158.40001 0.38212913274765
158.5 0.419045150279999
158.60001 0.453061044216156
158.7 0.485606759786606
158.8 0.517786026000977
158.90001 0.550318717956543
159 0.58354640007019
159.10001 0.617415368556976
159.2 0.651556968688965
159.3 0.685309171676636
159.40001 0.717813968658447
159.5 0.748100161552429
159.60001 0.775173544883728
159.7 0.798167109489441
159.8 0.816354990005493
159.90001 0.829268097877502
160 0.836790680885315
160.10001 0.839073240756989
160.2 0.836760580539703
160.3 0.830731153488159
160.40001 0.822234630584717
160.5 0.812760293483734
160.60001 0.803905665874481
160.7 0.797368466854095
160.8 0.794751346111298
160.90001 0.797478795051575
161 0.806661069393158
161.10001 0.822997212409973
161.2 0.84668642282486
161.3 0.877355098724365
161.40001 0.914024591445923
161.5 0.955088257789612
161.60001 0.998395681381226
161.7 1.04124188423157
161.8 1.08047699928284
161.90001 1.11271047592163
162 1.13434720039368
162.10001 1.14184355735779
162.2 1.13183295726776
162.3 1.10130631923676
162.40001 1.0478390455246
162.5 0.969705820083618
162.60001 0.865963339805603
162.7 0.736688256263733
162.8 0.58284205198288
162.90001 0.406467765569687
163 0.21062283217907
163.10001 -8.1789493560791E-04
163.2 -0.223045587539673
163.3 -0.450721800327301
163.40001 -0.677955865859985
163.5 -0.898571252822876
163.60001 -1.10647654533386
163.7 -1.29562878608704
163.8 -1.46053957939148
163.90001 -1.59630632400513
164 -1.69884204864502
164.10001 -1.765141248703
164.2 -1.79325985908508
164.3 -1.78247821331024
164.40001 -1.73333370685577
164.5 -1.64756953716278
164.60001 -1.52808141708374
164.7 -1.37883365154266
164.8 -1.20463693141937
164.90001 -1.01103854179382
165 -0.80409824848175
165.10001 -0.590058088302612
165.2 -0.37531840801239
165.3 -0.165937647223473
165.40001 3.23313325643539E-02
165.5 0.214353516697884
165.60001 0.375828623771667
165.7 0.513279676437378
165.8 0.62425309419632
165.90001 0.707285225391388
166 0.761950254440308
166.10001 0.78878265619278
166.2 0.789200782775879
166.3 0.765416383743286
166.40001 0.720246374607086
166.5 0.657020211219788
166.60001 0.579284489154816
166.7 0.49079841375351
166.8 0.395252704620361
166.90001 0.296145558357239
167 0.196680188179016
167.10001 9.96035486459732E-02
167.2 7.21900165081024E-03
167.3 -7.87132978439331E-02
167.40001 -0.156958743929863
167.5 -0.226811140775681
167.60001 -0.288019686937332
167.7 -0.340715438127518
167.8 -0.385358482599258
167.90001 -0.42257171869278
168 -0.453086316585541
168.10001 -0.477637350559235
168.2 -0.496890902519226
168.3 -0.511318206787109
168.40001 -0.521168947219849
168.5 -0.526481747627258
168.60001 -0.527010977268219
168.7 -0.522280693054199
168.8 -0.511623680591583
168.90001 -0.494246780872345
169 -0.469319224357605
169.10001 -0.43598860502243
169.2 -0.393643617630005
169.3 -0.341786652803421
169.40001 -0.280319571495056
169.5 -0.209501326084137
169.60001 -0.129961162805557
169.7 -4.29016351699829E-02
169.8 5.01203685998917E-02
169.90001 0.147052884101868
170 0.245444819331169
170.10001 0.342623174190521
170.2 0.435636937618256
170.3 0.521553337574005
170.40001 0.597436368465424
170.5 0.660545766353607
170.60001 0.708525896072388
170.7 0.73944079875946
170.8 0.751968085765839
170.90001 0.74542510509491
171 0.719844043254852
171.10001 0.676020860671997
171.2 0.615485548973083
171.3 0.540441930294037
171.40001 0.453755885362625
171.5 0.358782261610031
171.60001 0.259239017963409
171.7 0.159079506993294
171.8 6.22720569372177E-02
171.90001 -2.72753611207008E-02
172 -0.105998918414116
172.10001 -0.170812875032425
172.2 -0.21917262673378
172.3 -0.249286979436874
172.40001 -0.260162889957428
172.5 -0.251589000225067
172.60001 -0.224302411079407
172.7 -0.179769486188889
172.8 -0.120250105857849
172.90001 -4.86450716853142E-02
173 3.16655002534389E-02
173.10001 0.116928547620773
173.2 0.203237965703011
173.3 0.286687195301056
173.40001 0.363538473844528
173.5 0.430427581071854
173.60001 0.484506040811539
173.7 0.523583292961121
173.8 0.54609352350235
173.90001 0.55134916305542
174 0.539443135261536
174.10001 0.51118803024292
174.2 0.468179941177368
174.3 0.41259890794754
174.40001 0.347107708454132
174.5 0.274730861186981
174.60001 0.198665916919708
174.7 0.122131682932377
174.8 4.81655597686768E-02
174.90001 -2.04944461584091E-02
175 -8.15690606832504E-02
175.10001 -0.133383274078369
175.2 -0.174846470355988
175.3 -0.205635279417038
175.40001 -0.226087868213654
175.5 -0.237227320671082
175.60001 -0.240695580840111
175.7 -0.23863211274147
175.8 -0.23351863026619
175.90001 -0.228121146559715
176 -0.225215449929237
176.10001 -0.227519363164902
176.2 -0.237424805760384
176.3 -0.256960928440094
176.40001 -0.287573635578156
176.5 -0.330036342144012
176.60001 -0.38446506857872
176.7 -0.450130522251129
176.8 -0.525610625743866
176.90001 -0.608810007572174
177 -0.696929812431335
177.10001 -0.786703586578369
177.2 -0.8745356798172
177.3 -0.956569790840149
177.40001 -1.02900195121765
177.5 -1.08806598186493
177.60001 -1.13042914867401
177.7 -1.15320539474487
177.8 -1.15413653850555
177.90001 -1.13168811798096
178 -1.08514952659607
178.10001 -1.01467323303223
178.2 -0.92126339673996
178.3 -0.806704163551331
178.40001 -0.673573195934296
178.5 -0.525046944618225
178.60001 -0.364785373210907
178.7 -0.196836918592453
178.8 -2.53595039248466E-02
178.90001 0.145440652966499
179 0.311527371406555
179.10001 0.469240963459015
179.2 0.615288257598877
179.3 0.747079730033875
179.40001 0.8625807762146
179.5 0.960471570491791
179.60001 1.04019999504089
179.7 1.10181057453156
179.8 1.14612007141113
179.90001 1.17431223392487
180 1.18815445899963
180.10001 1.18964850902557
180.2 1.18099725246429
180.3 1.16445052623749
180.40001 1.14210331439972
180.5 1.11590337753296
180.60001 1.0874410867691
180.7 1.05787360668182
180.8 1.02797949314117
180.90001 0.998017191886902
181 0.967786192893982
181.10001 0.93665999174118
181.2 0.903706729412079
181.3 0.867630362510681
181.40001 0.82709926366806
181.5 0.780640602111816
181.60001 0.726871311664581
181.7 0.664623320102692
181.8 0.593015074729919
181.90001 0.511519193649292
182 0.420111417770386
182.10001 0.319214463233948
182.2 0.209756791591644
182.3 9.31264758110046E-02
182.40001 -2.88031697273254E-02
182.5 -0.153823390603065
182.60001 -0.279512405395508
182.7 -0.403180867433548
182.8 -0.52226322889328
182.90001 -0.634166061878204
183 -0.736584722995758
183.10001 -0.827592015266418
183.2 -0.905597329139709
183.3 -0.969655752182007
183.40001 -1.01930367946625
183.5 -1.05465197563171
183.60001 -1.07646799087524
183.7 -1.0859591960907
183.8 -1.08483791351318
183.90001 -1.07509899139404
184 -1.05906891822815
184.10001 -1.0390762090683
184.2 -1.01745319366455
184.3 -0.996312916278839
184.40001 -0.977469265460968
184.5 -0.962290048599243
184.60001 -0.951622009277344
184.7 -0.945686638355255
184.8 -0.944089710712433
184.90001 -0.945789456367493
185 -0.949181437492371
185.10001 -0.952105045318604
185.2 -0.952037274837494
185.3 -0.946132898330688
185.40001 -0.93138325214386
185.5 -0.904893279075623
185.60001 -0.863924145698547
185.7 -0.806134164333344
185.8 -0.729663610458374
185.90001 -0.633341789245605
186 -0.516795217990875
186.10001 -0.380427539348602
186.2 -0.225575000047684
186.3 -5.43635189533234E-02
186.40001 0.130185022950172
186.5 0.324353754520416
186.60001 0.523862838745117
186.7 0.723870038986206
186.8 0.919432580471039
186.90001 1.10541248321533
187 1.27679026126862
187.10001 1.429030418396
187.2 1.55790972709656
187.3 1.66013014316559
187.40001 1.73303472995758
187.5 1.77498686313629
187.60001 1.78537309169769
187.7 1.76453685760498
187.8 1.71389245986938
187.90001 1.63574182987213
188 1.53325939178467
188.10001 1.41027736663818
188.2 1.27115595340729
188.3 1.12060010433197
188.40001 0.963431119918823
188.5 0.804460108280182
188.60001 0.648157954216003
188.7 0.498641163110733
188.8 0.359340488910675
188.90001 0.233114391565323
189 0.121924355626106
189.10001 2.69120782613754E-02
189.2 -5.15717715024948E-02
189.3 -0.114044576883316
189.40001 -0.16169661283493
189.5 -0.196340814232826
189.60001 -0.22029946744442
189.7 -0.236236125230789
189.8 -0.246944263577461
189.90001 -0.255267679691315
190 -0.263802945613861
190.10001 -0.274925231933594
190.2 -0.290531814098358
190.3 -0.311991333961487
190.40001 -0.340088665485382
190.5 -0.374965757131577
190.60001 -0.416126370429993
190.7 -0.462534189224243
190.8 -0.51257598400116
190.90001 -0.564275622367859
191 -0.615313529968262
191.10001 -0.663277566432953
191.2 -0.705678105354309
191.3 -0.740180373191833
191.40001 -0.764715850353241
191.5 -0.777571618556976
191.60001 -0.777536392211914
191.7 -0.763949036598206
191.8 -0.736751973628998
191.90001 -0.696437001228333
192 -0.644156336784363
192.10001 -0.581515848636627
192.2 -0.510598063468933
192.3 -0.433808982372284
192.40001 -0.353838264942169
192.5 -0.273403882980347
192.60001 -0.195218831300735
192.7 -0.12181980907917
192.8 -5.54569065570831E-02
192.90001 1.98164582252502E-03
193 4.90628182888031E-02
193.10001 8.48974734544754E-02
193.2 0.109126105904579
193.3 0.121876120567322
193.40001 0.123802974820137
193.5 0.115983694791794
193.60001 9.98278856277466E-02
193.7 7.70523101091385E-02
193.8 4.94271516799927E-02
193.90001 1.88023895025253E-02
194 -1.30744278430939E-02
194.10001 -4.46303486824036E-02
194.2 -7.45385438203812E-02
194.3 -0.101887002587318
194.40001 -0.126081183552742
194.5 -0.146949455142021
194.60001 -0.164671927690506
194.7 -0.179786249995232
194.8 -0.193117529153824
194.90001 -0.205652043223381
195 -0.218480557203293
195.10001 -0.2326799929142
195.2 -0.249128133058548
195.3 -0.268564581871033
195.40001 -0.29128509759903
195.5 -0.317203342914581
195.60001 -0.345768988132477
195.7 -0.375916957855225
195.8 -0.406081080436707
195.90001 -0.434221237897873
196 -0.457950413227081
196.10001 -0.474566787481308
196.2 -0.481180787086487
196.3 -0.47493639588356
196.40001 -0.453011393547058
196.5 -0.413009315729141
196.60001 -0.3529132604599
196.7 -0.271339774131775
196.8 -0.167602881789207
196.90001 -4.18881624937057E-02
197 0.104703411459923
197.10001 0.270195364952087
197.2 0.45164081454277
197.3 0.645288407802582
197.40001 0.846576511859894
197.5 1.05030465126038
197.60001 1.25088107585907
197.7 1.44235110282898
197.8 1.61886692047119
197.90001 1.77459108829498
198 1.9041565656662
198.10001 2.00285577774048
198.2 2.06670188903809
198.3 2.09274196624756
198.40001 2.07913208007813
198.5 2.02514696121216
198.60001 1.93136358261108
198.7 1.79956364631653
198.8 1.63263058662415
198.90001 1.43458199501038
199 1.21034920215607
199.10001 0.965528130531311
199.2 0.706340849399567
199.3 0.439185202121735
199.40001 0.170624449849129
199.5 -9.29152145981789E-02
199.60001 -0.345511317253113
199.7 -0.581713795661926
199.8 -0.796918749809265
199.90001 -0.98734050989151
200 -1.15018224716187
200.10001 -1.28374993801117
200.2 -1.38730037212372
200.3 -1.46115601062775
200.40001 -1.50654578208923
200.5 -1.52548563480377
200.60001 -1.5206618309021
200.7 -1.4953488111496
200.8 -1.45299971103668
200.90001 -1.39735674858093
201 -1.3320415019989
201.10001 -1.26054739952087
201.2 -1.18605780601501
201.3 -1.11125445365906
201.40001 -1.0383460521698
201.5 -0.968982040882111
201.60001 -0.904163897037506
201.7 -0.844436943531036
201.8 -0.789698958396912
201.90001 -0.739525198936462
202 -0.693073689937592
202.10001 -0.649292826652527
202.2 -0.607012748718262
202.3 -0.565023601055145
202.40001 -0.522252082824707
202.5 -0.477830022573471
202.60001 -0.431110441684723
202.7 -0.381809949874878
202.8 -0.329947888851166
202.90001 -0.275917828083038
203 -0.220442146062851
203.10001 -0.164452612400055
203.2 -0.109115049242973
203.3 -5.56693002581596E-02
203.40001 -5.35991042852402E-03
203.5 4.06880527734756E-02
203.60001 8.15117508172989E-02
203.7 0.116429880261421
203.8 0.14522747695446
203.90001 0.167955011129379
204 0.185176640748978
204.10001 0.197914525866508
204.2 0.207529187202454
204.3 0.21577014029026
204.40001 0.224692523479462
204.5 0.236411333084106
204.60001 0.253172159194946
204.7 0.277133345603943
204.8 0.310146450996399
204.90001 0.353821814060211
205 0.409241110086441
205.10001 0.476961970329285
205.2 0.556870818138123
205.3 0.64822119474411
205.40001 0.749542772769928
205.5 0.858685195446014
205.60001 0.972973883152008
205.7 1.0890781879425
205.8 1.20339095592499
205.90001 1.31197583675385
206 1.41081929206848
206.10001 1.495934009552
206.2 1.56364369392395
206.3 1.61058402061462
206.40001 1.63401877880096
206.5 1.63183081150055
206.60001 1.60266053676605
206.7 1.54608190059662
206.8 1.46240937709808
206.90001 1.35290372371674
207 1.21963024139404
207.10001 1.06533777713776
207.2 0.893405437469482
207.3 0.707654058933258
207.40001 0.51229864358902
207.5 0.311645746231079
207.60001 0.109904453158379
207.7 -8.88274163007736E-02
207.8 -0.280881732702255
207.90001 -0.463045835494995
208 -0.63268631696701
208.10001 -0.78793466091156
208.2 -0.927554368972778
208.3 -1.05105268955231
208.40001 -1.15862512588501
208.5 -1.25102555751801
208.60001 -1.32954323291779
208.7 -1.39585709571838
208.8 -1.4519077539444
208.90001 -1.4996120929718
209 -1.54093623161316
209.10001 -1.57754492759705
209.2 -1.61077356338501
209.3 -1.64154732227325
209.40001 -1.67022061347961
209.5 -1.69653618335724
209.60001 -1.71970582008362
209.7 -1.73834562301636
209.8 -1.75057768821716
209.90001 -1.75411903858185
210 -1.7464200258255
210.10001 -1.72475612163544
210.2 -1.68647921085358
210.3 -1.62908673286438
210.40001 -1.55048274993896
210.5 -1.44906651973724
210.60001 -1.32377815246582
210.7 -1.17443871498108
210.8 -1.00156354904175
210.90001 -0.806575119495392
211 -0.59178364276886
211.10001 -0.360150873661041
211.2 -0.115507200360298
211.3 0.137858271598816
211.40001 0.395114481449127
211.5 0.651177883148193
211.60001 0.900942444801331
211.7 1.13928151130676
211.8 1.36152148246765
211.90001 1.56331157684326
212 1.74099361896515
212.10001 1.89172053337097
212.2 2.0134117603302
212.3 2.10496759414673
212.40001 2.16616654396057
212.5 2.19776034355164
212.60001 2.20127773284912
212.7 2.17906379699707
212.8 2.13402962684631
212.90001 2.06956315040588
213 1.9894061088562
213.10001 1.89730906486511
213.2 1.79709434509277
213.3 1.69222223758698
213.40001 1.58583474159241
213.5 1.48060321807861
213.60001 1.37848436832428
213.7 1.28091931343079
213.8 1.18851053714752
213.90001 1.10128617286682
214 1.01859283447266
214.10001 0.93919312953949
214.2 0.861494064331055
214.3 0.783536612987518
214.40001 0.703155875205994
214.5 0.618225395679474
214.60001 0.526708126068115
214.7 0.426857709884644
214.8 0.317279785871506
214.90001 0.197085618972778
215 6.59881830215454E-02
215.10001 -7.58170336484909E-02
215.2 -0.22739951312542
215.3 -0.387384802103043
215.40001 -0.553738236427307
215.5 -0.724094688892365
215.60001 -0.895742475986481
215.7 -1.06565189361572
215.8 -1.23090100288391
215.90001 -1.3884996175766
216 -1.53564846515656
216.10001 -1.66990339756012
216.2 -1.78920042514801
216.3 -1.89194965362549
216.40001 -1.9770884513855
216.5 -2.04411387443542
216.60001 -2.0930609703064
216.7 -2.12443089485168
216.8 -2.13922190666199
216.90001 -2.13868808746338
217 -2.12443590164185
217.10001 -2.09810209274292
217.2 -2.06140637397766
217.3 -2.0159158706665
217.40001 -1.96306419372559
217.5 -1.90396595001221
217.60001 -1.83932995796204
217.7 -1.76958692073822
217.8 -1.69468247890472
217.90001 -1.61416554450989
218 -1.52734971046448
218.10001 -1.43319869041443
218.2 -1.33054828643799
218.3 -1.21811926364899
218.40001 -1.09473216533661
218.5 -0.959381759166718
218.60001 -0.811321914196014
218.7 -0.650261461734772
218.8 -0.47631174325943
218.90001 -0.29019483923912
219 -9.32183563709259E-02
219.10001 0.1127819865942
219.2 0.325336873531342
219.3 0.541593909263611
219.40001 0.758189916610718
219.5 0.971532940864563
219.60001 1.17794585227966
219.7 1.37361764907837
219.8 1.55506575107574
219.90001 1.71905493736267
220 1.8627827167511
220.10001 1.98420464992523
220.2 2.08183431625366
220.3 2.15506410598755
220.40001 2.20406079292297
220.5 2.22982501983643
220.60001 2.23414421081543
220.7 2.21950578689575
220.8 2.18898463249207
220.90001 2.14605736732483
221 2.09451866149902
221.10001 2.03823184967041
221.2 1.98094058036804
221.3 1.92609071731567
221.40001 1.87663745880127
221.5 1.83494436740875
221.60001 1.80255281925201
221.7 1.78012847900391
221.8 1.76748132705688
221.90001 1.76345229148865
222 1.76593244075775
222.10001 1.77206540107727
222.2 1.7782975435257
222.3 1.78043794631958
222.40001 1.77404725551605
222.5 1.75445592403412
222.60001 1.71710026264191
222.7 1.65764367580414
222.8 1.57232964038849
222.90001 1.45799922943115
223 1.31246221065521
223.10001 1.13438248634338
223.2 0.923616886138916
223.3 0.68107533454895
223.40001 0.408848792314529
223.5 0.110151126980782
223.60001 -0.210944950580597
223.7 -0.549311757087708
223.8 -0.899323761463165
223.90001 -1.25470435619354
224 -1.60884749889374
224.10001 -1.95524311065674
224.2 -2.28729677200317
224.3 -2.59897780418396
224.40001 -2.88462090492249
224.5 -3.13923954963684
224.60001 -3.35888004302979
224.7 -3.54027104377747
224.8 -3.68128991127014
224.90001 -3.78066420555115
225 -3.83818507194519
225.10001 -3.85451722145081
225.2 -3.83108711242676
225.3 -3.77007746696472
225.40001 -3.67421936988831
225.5 -3.5466091632843
225.60001 -3.3906455039978
225.7 -3.20988035202026
225.8 -3.00774788856506
225.90001 -2.78766393661499
226 -2.55283641815186
226.10001 -2.30608654022217
226.2 -2.0500431060791
226.3 -1.78692638874054
226.40001 -1.51865482330322
226.5 -1.24700164794922
226.60001 -0.973328351974487
226.7 -0.698996782302856
226.8 -0.425207704305649
226.90001 -0.153225034475327
227 0.115558296442032
227.10001 0.379795491695404
227.2 0.637786865234375
227.3 0.887776374816895
227.40001 1.12769675254822
227.5 1.35536992549896
227.60001 1.56854569911957
227.7 1.76482975482941
227.8 1.94196021556854
227.90001 2.0977611541748
228 2.23027276992798
228.10001 2.33795785903931
228.2 2.41972351074219
228.3 2.47490549087524
228.40001 2.50362038612366
228.5 2.50645756721497
228.60001 2.48480081558228
228.7 2.44064044952393
228.8 2.37655258178711
228.90001 2.29566693305969
229 2.20153021812439
229.10001 2.09802412986755
229.2 1.98911726474762
229.3 1.87877404689789
229.40001 1.77084338665009
229.5 1.66878521442413
229.60001 1.5755512714386
229.7 1.49354231357574
229.8 1.42437946796417
229.90001 1.36888790130615
230 1.32710564136505
230.10001 1.29816055297852
230.2 1.28043246269226
230.3 1.27156400680542
230.40001 1.26855278015137
230.5 1.26797592639923
230.60001 1.2660493850708
230.7 1.25888395309448
230.8 1.24264311790466
230.90001 1.21375322341919
231 1.16902422904968
231.10001 1.10587656497955
231.2 1.02241063117981
231.3 0.917535066604614
231.40001 0.790998995304108
231.5 0.643506169319153
231.60001 0.476543039083481
231.7 0.292483806610107
231.8 9.42823961377144E-02
231.90001 -0.114452332258224
232 -0.329656302928925
232.10001 -0.547114789485931
232.2 -0.762523055076599
232.3 -0.971688389778137
232.40001 -1.17075681686401
232.5 -1.35626840591431
232.60001 -1.52546548843384
232.7 -1.67616152763367
232.8 -1.80703830718994
232.90001 -1.91752767562866
233 -2.00779151916504
233.10001 -2.07878446578979
233.2 -2.1320698261261
233.3 -2.1697084903717
233.40001 -2.19414186477661
233.5 -2.20802545547485
233.60001 -2.21403861045837
233.7 -2.21474051475525
233.8 -2.21238541603088
233.90001 -2.20880222320557
234 -2.20527958869934
234.10001 -2.20245862007141
234.2 -2.20028233528137
234.3 -2.19803857803345
234.40001 -2.19430494308472
234.5 -2.18706846237183
234.60001 -2.17385768890381
234.7 -2.15175986289978
234.8 -2.11773037910461
234.90001 -2.06860327720642
235 -2.00141406059265
235.10001 -1.91343379020691
235.2 -1.80245685577393
235.3 -1.66680943965912
235.40001 -1.50568819046021
235.5 -1.31895470619202
235.60001 -1.10740113258362
235.7 -0.872704982757568
235.8 -0.617306530475616
235.90001 -0.344512075185776
236 -0.058275431394577
236.10001 0.23698878288269
236.2 0.536375939846039
236.3 0.83491986989975
236.40001 1.12747442722321
236.5 1.40909278392792
236.60001 1.67521929740906
236.7 1.92167472839355
236.8 2.14497900009155
236.90001 2.3422417640686
237 2.51145148277283
237.10001 2.65127897262573
237.2 2.76127338409424
237.3 2.84170007705688
237.40001 2.89351773262024
237.5 2.91821384429932
237.60001 2.91777539253235
237.7 2.89453721046448
237.8 2.85094833374023
237.90001 2.78954887390137
238 2.71285223960876
238.10001 2.62306833267212
238.2 2.52222156524658
238.3 2.41191077232361
238.40001 2.29339647293091
238.5 2.16752052307129
238.60001 2.03474140167236
238.7 1.89521288871765
238.8 1.74877715110779
238.90001 1.59515774250031
239 1.4339896440506
239.10001 1.26491570472717
239.2 1.08774888515472
239.3 0.90252697467804
239.40001 0.709588468074799
239.5 0.50968861579895
239.60001 0.303965151309967
239.7 9.39972698688507E-02
239.8 -0.118262499570847
239.90001 -0.330453217029572
240 -0.539891242980957
240.10001 -0.743827819824219
240.2 -0.939309298992157
240.3 -1.12350034713745
240.40001 -1.29368436336517
240.5 -1.44747161865234
240.60001 -1.58291232585907
240.7 -1.6985228061676
240.8 -1.79344630241394
240.90001 -1.86744785308838
241 -1.92095994949341
241.10001 -1.95512974262238
241.2 -1.97160816192627
241.3 -1.97262382507324
241.40001 -1.96082353591919
241.5 -1.93915450572968
241.60001 -1.91062152385712
241.7 -1.87837529182434
241.8 -1.84526669979095
241.90001 -1.81383585929871
242 -1.78621888160706
242.10001 -1.76391673088074
242.2 -1.74778807163239
242.3 -1.73794364929199
242.40001 -1.73382639884949
242.5 -1.73400127887726
242.60001 -1.73655557632446
242.7 -1.73884737491608
242.8 -1.73785197734833
242.90001 -1.73019313812256
243 -1.71240150928497
243.10001 -1.68096399307251
243.2 -1.63268101215363
243.3 -1.56467187404633
243.40001 -1.47459280490875
243.5 -1.36085593700409
243.60001 -1.22255885601044
243.7 -1.05971872806549
243.8 -0.873130023479462
243.90001 -0.664594888687134
244 -0.436678647994995
244.10001 -0.192626237869263
244.2 6.36515617370605E-02
244.3 0.327825516462326
244.40001 0.595214009284973
244.5 0.861047506332397
244.60001 1.12073838710785
244.7 1.36973428726196
244.8 1.60413694381714
244.90001 1.82043862342834
245 2.01586961746216
245.10001 2.18844318389893
245.2 2.33690500259399
245.3 2.46085095405579
245.40001 2.56053924560547
245.5 2.63704013824463
245.60001 2.69190168380737
245.7 2.72714829444885
245.8 2.74508762359619
245.90001 2.7481689453125
246 2.73877334594727
246.10001 2.71912455558777
246.2 2.69108104705811
246.3 2.65601992607117
246.40001 2.6148464679718
246.5 2.56779026985168
246.60001 2.5144522190094
246.7 2.45388746261597
246.8 2.38455009460449
246.90001 2.30445146560669
247 2.21129536628723
247.10001 2.10251688957214
247.2 1.97564280033112
247.3 1.82822895050049
247.40001 1.65820240974426
247.5 1.46400821208954
247.60001 1.24456679821014
247.7 0.999746680259705
247.8 0.730055749416351
247.90001 0.436949670314789
248 0.122855685651302
248.10001 -0.209173545241356
248.2 -0.554979562759399
248.3 -0.910050570964813
248.40001 -1.2690726518631
248.5 -1.62637996673584
248.60001 -1.9762978553772
248.7 -2.31280994415283
248.8 -2.63038945198059
248.90001 -2.92366170883179
249 -3.18777465820313
249.10001 -3.41868305206299
249.2 -3.6129457950592
249.3 -3.76812791824341
249.40001 -3.88263583183289
249.5 -3.95577836036682
249.60001 -3.98777484893799
249.7 -3.9796826839447
249.8 -3.93327808380127
249.90001 -3.85095238685608
250 -3.73561644554138
250.10001 -3.59047150611877
250.2 -3.41896867752075
250.3 -3.22451972961426
250.40001 -3.01056957244873
250.5 -2.78039288520813
250.60001 -2.53680968284607
250.7 -2.28255701065063
250.8 -2.01975989341736
250.90001 -1.75031995773315
251 -1.47580754756927
251.10001 -1.1973283290863
251.2 -0.915949642658234
251.3 -0.632416725158691
251.40001 -0.347426861524582
251.5 -0.061852253973484
251.60001 0.223573282361031
251.7 0.507682085037231
251.8 0.789299249649048
251.90001 1.0668329000473
252 1.33835136890411
252.10001 1.60182058811188
252.2 1.85479760169983
252.3 2.09476780891418
252.40001 2.3190770149231
252.5 2.52502989768982
252.60001 2.71012949943542
252.7 2.8719699382782
252.8 3.00865125656128
252.90001 3.11860704421997
253 3.20075678825378
253.10001 3.25474643707275
253.2 3.28076672554016
253.3 3.27967214584351
253.40001 3.25296115875244
253.5 3.2026686668396
253.60001 3.13138818740845
253.7 3.04204511642456
253.8 2.93780469894409
253.90001 2.82199382781982
254 2.69791555404663
254.10001 2.56859660148621
254.2 2.43675971031189
254.3 2.30463910102844
254.40001 2.17390513420105
254.5 2.04554486274719
254.60001 1.9198169708252
254.7 1.79628348350525
254.8 1.67378675937653
254.90001 1.55056858062744
255 1.42437756061554
255.10001 1.29245340824127
255.2 1.15201425552368
255.3 1.00003159046173
255.40001 0.833733916282654
255.5 0.6507169008255
255.60001 0.448963463306427
255.7 0.227246835827827
255.8 -0.014883816242218
255.90001 -0.277002185583115
256 -0.557582020759583
256.10001 -0.854259550571442
256.20001 -1.16356933116913
256.30002 -1.48123598098755
256.39999 -1.80200612545013
256.5 -2.12039661407471
256.60001 -2.43013072013855
256.70001 -2.72479796409607
256.80002 -2.99807167053223
256.89999 -3.24363231658936
257 -3.45600819587708
257.10001 -3.63005447387695
257.20001 -3.76162195205688
257.30002 -3.84759926795959
257.39999 -3.88599014282227
257.5 -3.87604379653931
257.60001 -3.81818747520447
257.70001 -3.71417307853699
257.80002 -3.56682133674622
257.89999 -3.38007068634033
258 -3.15861582756042
258.10001 -2.90799784660339
258.20001 -2.63424134254456
258.30002 -2.34361672401428
258.39999 -2.04256629943848
258.5 -1.73717844486237
258.60001 -1.43332886695862
258.70001 -1.13642728328705
258.80002 -0.851092100143433
258.89999 -0.581297516822815
259 -0.32989102602005
259.10001 -9.90920662879944E-02
259.20001 0.109873965382576
259.30002 0.296586960554123
259.39999 0.461398720741272
259.5 0.605423331260681
259.60001 0.730172991752625
259.70001 0.837579965591431
259.80002 0.929874956607819
259.89999 1.00931298732758
260 1.07817614078522
260.10001 1.13858211040497
260.20001 1.1923656463623
260.30002 1.2411048412323
260.39999 1.28591096401215
260.5 1.32761561870575
260.60001 1.36664164066315
260.70001 1.40306854248047
260.80002 1.43674623966217
260.89999 1.4672839641571
261 1.49422669410706
261.10001 1.51704943180084
261.20001 1.53537487983704
261.30002 1.5488098859787
261.39999 1.55734968185425
261.5 1.56112396717072
261.60001 1.5605331659317
261.70001 1.55631124973297
261.80002 1.54934227466583
261.89999 1.54075217247009
262 1.53180038928986
262.10001 1.52368211746216
262.20001 1.51765143871307
262.30002 1.5146781206131
262.39999 1.5155303478241
262.5 1.52059125900269
262.60001 1.52983808517456
262.70001 1.54269361495972
262.80002 1.55809903144836
262.89999 1.57441174983978
263 1.58962059020996
263.10001 1.60106694698334
263.20001 1.60592651367188
263.30002 1.60099792480469
263.39999 1.58306336402893
263.5 1.54887342453003
263.60001 1.4954080581665
263.70001 1.41998398303986
263.80002 1.32049369812012
263.89999 1.19539487361908
264 1.04384803771973
264.10001 0.865976512432098
264.20001 0.662731051445007
264.30002 0.435954421758652
264.39999 0.188502743840218
264.5 -0.076267197728157
264.60001 -0.35400664806366
264.70001 -0.639865159988403
264.80002 -0.928568303585052
264.89999 -1.21449208259583
265 -1.49232196807861
265.10001 -1.75648474693298
265.20001 -2.00196766853333
265.30002 -2.22410893440247
265.39999 -2.41900634765625
265.5 -2.58364725112915
265.60001 -2.71568751335144
265.70001 -2.81386518478394
265.80002 -2.87776136398315
265.89999 -2.90795350074768
266 -2.90579438209534
266.10001 -2.87343406677246
266.20001 -2.81359124183655
266.30002 -2.72944235801697
266.39999 -2.62448573112488
266.5 -2.50230026245117
266.60001 -2.36638140678406
266.70001 -2.22014021873474
266.80002 -2.06641459465027
266.89999 -1.90786004066467
267 -1.74626672267914
267.10001 -1.58308959007263
267.20001 -1.41899645328522
267.30002 -1.25425338745117
267.39999 -1.08853387832642
267.5 -0.921011865139008
267.60001 -0.750721216201782
267.70001 -0.576439023017883
267.80002 -0.397017538547516
267.89999 -0.21142153441906
268 -1.88079327344894E-02
268.10001 0.181133791804314
268.20001 0.388171255588531
268.30002 0.601539611816406
268.39999 0.819715559482574
268.5 1.04073476791382
268.60001 1.26178002357483
268.70001 1.47959673404694
268.80002 1.69039559364319
268.89999 1.89006769657135
269 2.07447481155396
269.10001 2.23931646347046
269.20001 2.38052201271057
269.30002 2.49430680274963
269.39999 2.5775249004364
269.5 2.6276593208313
269.60001 2.64298343658447
269.70001 2.62263464927673
269.80002 2.56670904159546
269.89999 2.47629046440125
270 2.35336470603943
270.10001 2.20078444480896
270.20001 2.02219080924988
270.30002 1.82184422016144
270.39999 1.60454654693604
270.5 1.37524724006653
270.60001 1.13910579681396
270.70001 0.901204764842987
270.80002 0.666336715221405
270.89999 0.439013004302979
271 0.222808495163918
271.10001 2.10520029067993E-02
271.20001 -0.163945615291595
271.30002 -0.330560088157654
271.39999 -0.478008806705475
271.5 -0.606264233589172
271.60001 -0.716011226177216
271.70001 -0.808459401130676
271.80002 -0.885327100753784
271.89999 -0.948668599128723
272 -1.00070011615753
272.10001 -1.04368317127228
272.20001 -1.0797301530838
272.30002 -1.11070728302002
272.39999 -1.1381208896637
272.5 -1.1630824804306
272.60001 -1.18613195419312
272.70001 -1.20740067958832
272.80002 -1.22637760639191
272.89999 -1.24226069450378
273 -1.25370657444
273.10001 -1.25921058654785
273.20001 -1.25705981254578
273.30002 -1.24541068077087
273.39999 -1.22266781330109
273.5 -1.18729496002197
273.60001 -1.13817667961121
273.70001 -1.07456350326538
273.80002 -0.996250212192535
273.89999 -0.903610110282898
274 -0.797464728355408
274.10001 -0.679252326488495
274.20001 -0.550974190235138
274.30002 -0.415018796920776
274.39999 -0.274176448583603
274.5 -0.131322041153908
274.60001 1.04299485683441E-02
274.70001 0.148003086447716
274.80002 0.278531223535538
274.89999 0.399376153945923
275 0.508404731750488
275.10001 0.603837430477142
275.20001 0.684503972530365
275.30002 0.749756813049316
275.39999 0.799582362174988
275.5 0.834506392478943
275.60001 0.855516016483307
275.70001 0.864022970199585
275.80002 0.861772835254669
275.89999 0.850665211677551
276 0.832700610160828
276.10001 0.809786200523376
276.20001 0.783692121505737
276.30002 0.755877196788788
276.39999 0.727456450462341
276.5 0.699045777320862
276.60001 0.670886695384979
276.70001 0.642699897289276
276.80002 0.613793015480042
276.89999 0.583070278167725
277 0.549168348312378
277.10001 0.510532379150391
277.20001 0.465548664331436
277.30002 0.412682294845581
277.39999 0.350604146718979
277.5 0.278348207473755
277.60001 0.195370405912399
277.70001 0.101737663149834
277.80002 -1.87645852565765E-03
277.89999 -0.114149540662766
278 -0.233134150505066
278.10001 -0.356171011924744
278.20001 -0.480111658573151
278.30002 -0.601293325424194
278.39999 -0.71577399969101
278.5 -0.8194819688797
278.60001 -0.908353865146637
278.70001 -0.978488266468048
278.80002 -1.02645289897919
278.89999 -1.04926121234894
279 -1.04480171203613
279.10001 -1.0116765499115
279.20001 -0.94955837726593
279.30002 -0.859006226062775
279.39999 -0.741765022277832
279.5 -0.600384712219238
279.60001 -0.438502252101898
279.70001 -0.260445892810822
279.80002 -7.12989419698715E-02
279.89999 0.123358950018883
280 0.317832827568054
280.10001 0.506221950054169
280.20001 0.682793200016022
280.30002 0.842212200164795
280.39999 0.979720115661621
280.5 1.09137570858002
280.60001 1.17405724525452
280.70001 1.2256064414978
280.80002 1.24506020545959
280.89999 1.23244369029999
281 1.18890106678009
281.10001 1.11647439002991
281.20001 1.01814091205597
281.30002 0.897633671760559
281.39999 0.759280383586884
281.5 0.607556581497192
281.60001 0.447366058826447
281.70001 0.283450961112976
281.80002 0.120314121246338
281.89999 -3.77842038869858E-02
282 -0.187375634908676
282.10001 -0.325482815504074
282.20001 -0.44990947842598
282.30002 -0.559238016605377
282.39999 -0.652801334857941
282.5 -0.730786859989166
282.60001 -0.793971657752991
282.70001 -0.843656837940216
282.80002 -0.881705403327942
282.89999 -0.910144627094269
283 -0.931313157081604
283.10001 -0.947367489337921
283.20001 -0.960456609725952
283.30002 -0.972333133220673
283.39999 -0.984423041343689
283.5 -0.997692406177521
283.60001 -1.01250207424164
283.70001 -1.02879214286804
283.80002 -1.04588210582733
283.89999 -1.06263792514801
284 -1.07756578922272
284.10001 -1.08878839015961
284.20001 -1.0942862033844
284.30002 -1.09192276000977
284.39999 -1.07968807220459
284.5 -1.05572628974915
284.60001 -1.01843285560608
284.70001 -0.96665096282959
284.80002 -0.899660468101501
284.89999 -0.817290604114532
285 -0.719872832298279
285.10001 -0.608259856700897
285.20001 -0.483825474977493
285.30002 -0.348305940628052
285.39999 -0.203906387090683
285.5 -5.28770387172699E-02
285.60001 0.102270320057869
285.70001 0.259030222892761
285.80002 0.415012657642365
285.89999 0.568003833293915
286 0.716192007064819
286.10001 0.85801887512207
286.20001 0.992324590682983
286.30002 1.11844885349274
286.39999 1.23601460456848
286.5 1.34519600868225
286.60001 1.44632709026337
286.70001 1.54004192352295
286.80002 1.62705314159393
286.89999 1.70807290077209
287 1.78387176990509
287.10001 1.85488450527191
287.20001 1.92129600048065
287.30002 1.98294115066528
287.39999 2.03917980194092
287.5 2.0890429019928
287.60001 2.13102126121521
287.70001 2.16324639320374
287.80002 2.18344664573669
287.89999 2.18918752670288
288 2.17785859107971
288.10001 2.14679169654846
288.20001 2.09354400634766
288.30002 2.01593112945557
288.39999 1.912278175354
288.5 1.78136074542999
288.60001 1.62274205684662
288.70001 1.43675625324249
288.80002 1.22453415393829
288.89999 0.988210439682007
289 0.730495750904083
289.10001 0.455129683017731
289.20001 0.166443049907684
289.30002 -0.130636066198349
289.39999 -0.430685818195343
289.5 -0.728348851203918
289.60001 -1.01801204681396
289.70001 -1.29417562484741
289.80002 -1.55189180374146
289.89999 -1.78658354282379
290 -1.99464225769043
290.10001 -2.17313718795776
290.20001 -2.32008123397827
290.30002 -2.43460845947266
290.39999 -2.51681542396545
290.5 -2.56784391403198
290.60001 -2.58976173400879
290.70001 -2.58541774749756
290.80002 -2.55842733383179
290.89999 -2.51279950141907
291 -2.45285844802856
291.10001 -2.38309216499329
291.20001 -2.30781078338623
291.30002 -2.23099541664124
291.39999 -2.15621757507324
291.5 -2.08632206916809
291.60001 -2.02331900596619
291.70001 -1.96849524974823
291.80002 -1.92214226722717
291.89999 -1.88369262218475
292 -1.8516731262207
292.10001 -1.82391214370728
292.20001 -1.79756557941437
292.30002 -1.76925671100616
292.39999 -1.73542892932892
292.5 -1.69223666191101
292.60001 -1.63601994514465
292.70001 -1.56335461139679
292.80002 -1.47122740745544
292.89999 -1.35730385780334
293 -1.21985030174255
293.10001 -1.05801033973694
293.20001 -0.871776103973389
293.30002 -0.662046372890472
293.39999 -0.430582165718079
293.5 -0.179751917719841
293.60001 8.72381404042244E-02
293.70001 0.366559743881226
293.80002 0.65415096282959
293.89999 0.945491135120392
294 1.23631262779236
294.10001 1.52210092544556
294.20001 1.79871535301208
294.30002 2.0623562335968
294.39999 2.30965185165405
294.5 2.53793859481812
294.60001 2.74503636360168
294.70001 2.92935013771057
294.80002 3.08999371528625
294.89999 3.22656297683716
295 3.33920621871948
295.10001 3.42840361595154
295.20001 3.49494051933289
295.30002 3.53981280326843
295.39999 3.56397891044617
295.5 3.56844449043274
295.60001 3.55401611328125
295.70001 3.52133083343506
295.80002 3.4706654548645
295.89999 3.40212249755859
296 3.31535792350769
296.10001 3.2099175453186
296.20001 3.08501529693604
296.30002 2.93987584114075
296.39999 2.77364659309387
296.5 2.58541417121887
296.60001 2.3746497631073
296.70001 2.14106130599976
296.80002 1.88480496406555
296.89999 1.6065502166748
297 1.30736839771271
297.10001 0.989134192466736
297.20001 0.654297947883606
297.30002 0.305899947881699
297.39999 -5.23801445960999E-02
297.5 -0.416682243347168
297.60001 -0.782441914081573
297.70001 -1.14501738548279
297.80002 -1.49960684776306
297.89999 -1.84137058258057
298 -2.16602730751038
298.10001 -2.4693341255188
298.20001 -2.7475483417511
298.30002 -2.99761509895325
298.39999 -3.21709442138672
298.5 -3.40444493293762
298.60001 -3.55871486663818
298.70001 -3.67975878715515
298.80002 -3.76817321777344
298.89999 -3.82516694068909
299 -3.85247826576233
299.10001 -3.85227727890015
299.20001 -3.82702279090881
299.30002 -3.77918386459351
299.39999 -3.71134948730469
299.5 -3.62589144706726
299.60001 -3.52485227584839
299.70001 -3.40997219085693
299.80002 -3.28251552581787
299.89999 -3.14323353767395
300 -2.99237203598022
300.10001 -2.82978343963623
300.20001 -2.65480303764343
300.30002 -2.4665789604187
300.39999 -2.2639946937561
300.5 -2.04579854011536
300.60001 -1.81097257137299
300.70001 -1.55865919589996
300.80002 -1.28840327262878
300.89999 -1.00029635429382
301 -0.694858253002167
301.10001 -0.37358295917511
301.20001 -3.85490208864212E-02
301.30002 0.307323753833771
301.39999 0.660314202308655
301.5 1.01631927490234
301.60001 1.37034797668457
301.70001 1.71711874008179
301.80002 2.05107069015503
301.89999 2.36643171310425
302 2.65786695480347
302.10001 2.91997885704041
302.20001 3.14812231063843
302.30002 3.33814573287964
302.39999 3.4868049621582
302.5 3.59189796447754
302.60001 3.65209603309631
302.70001 3.66727733612061
302.80002 3.63826990127563
302.89999 3.56711268424988
303 3.45665454864502
303.10001 3.31061291694641
303.20001 3.13347959518433
303.30002 2.93017268180847
303.39999 2.70604729652405
303.5 2.46638226509094
303.60001 2.21652698516846
303.70001 1.96161580085754
303.80002 1.70626962184906
303.89999 1.45466446876526
304 1.21010279655457
304.10001 0.975367844104767
304.20001 0.752383530139923
304.30002 0.542327404022217
304.39999 0.345712959766388
304.5 0.162292554974556
304.60001 -8.5938386619091E-03
304.70001 -0.167953014373779
304.80002 -0.317197799682617
304.89999 -0.457678198814392
305 -0.590794622898102
305.10001 -0.717765748500824
305.20001 -0.839405238628387
305.30002 -0.956264436244965
305.39999 -1.06826889514923
305.5 -1.17501723766327
305.60001 -1.27553677558899
305.70001 -1.36837887763977
305.80002 -1.45174813270569
305.89999 -1.52357113361359
306 -1.58162152767181
306.10001 -1.62360870838165
306.20001 -1.64746010303497
306.30002 -1.65127778053284
306.39999 -1.63355696201324
306.5 -1.59348249435425
306.60001 -1.53068733215332
306.70001 -1.44561278820038
306.80002 -1.3394193649292
306.89999 -1.21404361724854
307 -1.07204937934875
307.10001 -0.916748940944672
307.20001 -0.751935362815857
307.30002 -0.581807315349579
307.39999 -0.410953760147095
307.5 -0.243881151080132
307.60001 -8.51070731878281E-02
307.70001 6.10319226980209E-02
307.80002 0.19071651995182
307.89999 0.300552546977997
308 0.387986242771149
308.10001 0.451021105051041
308.20001 0.488670468330383
308.30002 0.500702381134033
308.39999 0.48772519826889
308.5 0.451128035783768
308.60001 0.393113821744919
308.70001 0.316304534673691
308.80002 0.223944485187531
308.89999 0.119593687355518
309 6.88549876213074E-03
309.10001 -0.110370457172394
309.20001 -0.228583335876465
309.30002 -0.344311505556107
309.39999 -0.454560041427612
309.5 -0.556694746017456
309.60001 -0.648694097995758
309.70001 -0.728835344314575
309.80002 -0.796137154102325
309.89999 -0.849977016448975
310 -0.890215158462524
310.10001 -0.917019248008728
310.20001 -0.930951952934265
310.30002 -0.932586073875427
310.39999 -0.922690391540527
310.5 -0.901981294155121
310.60001 -0.871082127094269
310.70001 -0.830444157123566
310.80002 -0.780299365520477
310.89999 -0.720785677433014
311 -0.65170419216156
311.10001 -0.57269275188446
311.20001 -0.483269870281219
311.30002 -0.382967382669449
311.39999 -0.271388858556747
311.5 -0.148104891180992
311.60001 -1.31216123700142E-02
311.70001 0.133256673812866
311.80002 0.290352046489716
311.89999 0.456805467605591
312 0.630940437316895
312.10001 0.810271263122559
312.20001 0.991874992847443
312.30002 1.17229998111725
312.39999 1.34754300117493
312.5 1.51350855827332
312.60001 1.66564333438873
312.70001 1.79957163333893
312.80002 1.91089057922363
312.89999 1.99561643600464
313 2.05031490325928
313.10001 2.07212066650391
313.20001 2.05903577804565
313.30002 2.01003861427307
313.39999 1.92519474029541
313.5 1.80551731586456
313.60001 1.65320158004761
313.70001 1.47155427932739
313.80002 1.2648241519928
313.89999 1.03817164897919
314 0.797234952449799
314.10001 0.54839700460434
314.20001 0.298244118690491
314.30002 5.33121861517429E-02
314.39999 -0.179836839437485
314.5 -0.395414590835571
314.60001 -0.588033139705658
314.70001 -0.753186583518982
314.80002 -0.887439668178558
314.89999 -0.988428294658661
315 -1.05511367321014
315.10001 -1.08753156661987
315.20001 -1.08701837062836
315.30002 -1.05605590343475
315.39999 -0.998153626918793
315.5 -0.917588412761688
315.60001 -0.81939834356308
315.70001 -0.709123313426971
315.80002 -0.59242832660675
315.89999 -0.475098341703415
316 -0.362549006938934
316.10001 -0.259809970855713
316.20001 -0.171373784542084
316.30002 -0.100851863622665
316.39999 -5.09975105524063E-02
316.5 -2.35251635313034E-02
316.60001 -0.019248902797699
316.70001 -3.79187315702438E-02
316.80002 -0.078325018286705
316.89999 -0.138458997011185
317 -0.21558341383934
317.10001 -0.30632609128952
317.20001 -0.406990379095078
317.30002 -0.51361095905304
317.39999 -0.622045397758484
317.5 -0.728489696979523
317.60001 -0.829252362251282
317.70001 -0.921007871627808
317.80002 -1.00097012519836
317.89999 -1.06690788269043
318 -1.11723387241364
318.10001 -1.15081405639648
318.20001 -1.1673059463501
318.30002 -1.16669869422913
318.39999 -1.14954078197479
318.5 -1.11673498153687
318.60001 -1.06942999362946
318.70001 -1.00895500183105
318.80002 -0.93665224313736
318.89999 -0.853920817375183
319 -0.761981129646301
319.10001 -0.66195684671402
319.20001 -0.554684221744537
319.30002 -0.440896034240723
319.39999 -0.32115638256073
319.5 -0.19576770067215
319.60001 -6.50171041488647E-02
319.70001 7.08495080471039E-02
319.80002 0.211521059274673
319.89999 0.356480658054352
320 0.505181849002838
320.10001 0.65663355588913
320.20001 0.809550285339355
320.30002 0.962281048297882
320.39999 1.11270701885223
320.5 1.25854253768921
320.60001 1.39696311950684
320.70001 1.52501511573792
320.80002 1.63951289653778
320.89999 1.73721194267273
321 1.81504487991333
321.10001 1.8700840473175
321.20001 1.89975166320801
321.30002 1.9020311832428
321.39999 1.87543952465057
321.5 1.8192697763443
321.60001 1.73360800743103
321.70001 1.61932969093323
321.80002 1.47820377349854
321.89999 1.31291902065277
322 1.12670469284058
322.10001 0.923675417900085
322.20001 0.708394944667816
322.30002 0.485842376947403
322.39999 0.261301457881927
322.5 3.98583635687828E-02
322.60001 -0.173316270112991
322.70001 -0.373512029647827
322.80002 -0.556448340415955
322.89999 -0.718581914901733
323 -0.857160151004791
323.10001 -0.970186352729797
323.20001 -1.0567067861557
323.30002 -1.11658322811127
323.39999 -1.15068709850311
323.5 -1.16060149669647
323.60001 -1.14874315261841
323.70001 -1.1180145740509
323.80002 -1.07185387611389
323.89999 -1.01387393474579
324 -0.947753667831421
324.10001 -0.877086997032166
324.20001 -0.805242717266083
324.30002 -0.735110521316528
324.39999 -0.669123411178589
324.5 -0.608955025672913
324.60001 -0.55569851398468
324.70001 -0.50969135761261
324.80002 -0.470625519752502
324.89999 -0.437578022480011
325 -0.409082025289536
325.10001 -0.383324503898621
325.20001 -0.358170211315155
325.30002 -0.331427365541458
325.39999 -0.300980299711227
325.5 -0.264924108982086
325.60001 -0.221675038337708
325.70001 -0.170259043574333
325.80002 -0.110150203108788
325.89999 -4.16239053010941E-02
326 3.45140695571899E-02
326.10001 0.116649255156517
326.20001 0.202670589089394
326.30002 0.28981626033783
326.39999 0.374925911426544
326.5 0.454634368419647
326.60001 0.525438129901886
326.70001 0.583888649940491
326.80002 0.62669825553894
326.89999 0.651129066944122
327 0.654931902885437
327.10001 0.636564970016479
327.20001 0.595277786254883
327.30002 0.531244099140167
327.39999 0.445433467626572
327.5 0.339765995740891
327.60001 0.216961592435837
327.70001 8.04920867085457E-02
327.80002 -6.56034350395203E-02
327.89999 -0.216720283031464
328 -0.368224054574966
328.10001 -0.515104174613953
328.20001 -0.652636766433716
328.30002 -0.776362955570221
328.39999 -0.882174551486969
328.5 -0.966738343238831
328.60001 -1.02739930152893
328.70001 -1.06227648258209
328.80002 -1.07043349742889
328.89999 -1.0518411397934
329 -1.00728690624237
329.10001 -0.938346385955811
329.20001 -0.847388446331024
329.30002 -0.73730605840683
329.39999 -0.611508727073669
329.5 -0.473556280136108
329.60001 -0.327256083488464
329.70001 -0.176342681050301
329.80002 -2.43590921163559E-02
329.89999 0.125414371490479
330 0.270221710205078
330.10001 0.40775191783905
330.20001 0.53617799282074
330.30002 0.654348492622375
330.39999 0.761491179466248
330.5 0.857568204402924
330.60001 0.942748248577118
330.70001 1.01767039299011
330.80002 1.08303332328796
330.89999 1.13982784748077
331 1.1889443397522
331.10001 1.23121309280396
331.20001 1.26712679862976
331.30002 1.29705154895782
331.39999 1.32090556621552
331.5 1.33834946155548
331.60001 1.3486053943634
331.70001 1.35063457489014
331.80002 1.34312915802002
331.89999 1.32456660270691
332 1.293381690979
332.10001 1.24804759025574
332.20001 1.18717277050018
332.30002 1.10967707633972
332.39999 1.01486349105835
332.5 0.902437090873718
332.60001 0.772776365280151
332.70001 0.626753449440002
332.80002 0.465912342071533
332.89999 0.292446136474609
333 0.108945026993752
333.10001 -8.13745856285095E-02
333.20001 -0.274917602539063
333.30002 -0.467945486307144
333.39999 -0.65640264749527
333.5 -0.83653461933136
333.60001 -1.00457751750946
333.70001 -1.15716171264648
333.80002 -1.29138028621674
333.89999 -1.40485608577728
334 -1.49602746963501
334.10001 -1.56385552883148
334.20001 -1.60819220542908
334.30002 -1.62960767745972
334.39999 -1.62925267219543
334.5 -1.60903227329254
334.60001 -1.57121598720551
334.70001 -1.5185649394989
334.80002 -1.45395135879517
334.89999 -1.3804624080658
335 -1.30095434188843
335.10001 -1.21810400485992
335.20001 -1.13426077365875
335.30002 -1.0512957572937
335.39999 -0.970520257949829
335.5 -0.892646610736847
335.60001 -0.817737519741058
335.70001 -0.745327055454254
335.80002 -0.674389004707336
335.89999 -0.60347181558609
336 -0.53078705072403
336.10001 -0.454339176416397
336.20001 -0.37214994430542
336.30002 -0.282351791858673
336.39999 -0.183345660567284
336.5 -7.39356428384781E-02
336.60001 4.64565008878708E-02
336.70001 0.177880942821503
336.80002 0.319646209478378
336.89999 0.470153748989105
337 0.627386331558228
337.10001 0.788448572158813
337.20001 0.949864029884338
337.30002 1.10779464244843
337.39999 1.25793957710266
337.5 1.39605116844177
337.60001 1.51777076721191
337.70001 1.61899316310883
337.80002 1.69610261917114
337.89999 1.74599325656891
338 1.76633083820343
338.10001 1.75565898418427
338.20001 1.71346116065979
338.30002 1.64015483856201
338.39999 1.53724873065948
338.5 1.40705215930939
338.60001 1.25285363197327
338.70001 1.07865571975708
338.80002 0.889099955558777
338.89999 0.689175665378571
339 0.48403662443161
339.10001 0.279004275798798
339.20001 0.079127699136734
339.30002 -0.110957309603691
339.39999 -0.287001073360443
339.5 -0.445702731609344
339.60001 -0.584320068359375
339.70001 -0.70109498500824
339.80002 -0.795210301876068
339.89999 -0.866578340530396
340 -0.916182935237885
340.10001 -0.945613622665405
340.20001 -0.957097470760345
340.30002 -0.953434944152832
340.39999 -0.937654197216034
340.5 -0.913041293621063
340.60001 -0.882721662521362
340.70001 -0.849805414676666
340.80002 -0.816908001899719
340.89999 -0.786269843578339
341 -0.759523093700409
341.10001 -0.737676441669464
341.20001 -0.72115433216095
341.30002 -0.7096346616745
341.39999 -0.702241480350494
341.5 -0.697514653205872
341.60001 -0.693662583827972
341.70001 -0.688483357429504
341.80002 -0.679675161838531
341.89999 -0.664881229400635
342 -0.641924440860748
342.10001 -0.608769834041595
342.20001 -0.563861489295959
342.30002 -0.506102383136749
342.39999 -0.434959769248962
342.5 -0.350357234477997
342.60001 -0.252990186214447
342.70001 -0.144024699926376
342.80002 -2.51686498522758E-02
342.89999 0.101353548467159
343 0.233114585280418
343.10001 0.367355048656464
343.20001 0.501261413097382
343.30002 0.631981015205383
343.39999 0.756859123706818
343.5 0.873487114906311
343.60001 0.979836285114288
343.70001 1.0742210149765
343.80002 1.15548765659332
343.89999 1.22289049625397
344 1.27629995346069
344.10001 1.31586635112762
344.20001 1.34217607975006
344.30002 1.35608577728271
344.39999 1.35875415802002
344.5 1.35124814510345
344.60001 1.33480525016785
344.70001 1.31043934822083
344.80002 1.27900302410126
344.89999 1.2411185503006
345 1.19699692726135
345.10001 1.14656889438629
345.20001 1.08941578865051
345.30002 1.02481961250305
345.39999 0.951821506023407
345.5 0.869259536266327
345.60001 0.775900840759277
345.70001 0.670583486557007
345.80002 0.552333831787109
345.89999 0.420457035303116
346 0.27460789680481
346.10001 0.114992573857307
346.20001 -5.76218664646149E-02
346.30002 -0.241858869791031
346.39999 -0.435547024011612
346.5 -0.636197328567505
346.60001 -0.840409338474274
346.70001 -1.04448807239532
346.80002 -1.24425411224365
346.89999 -1.43523490428925
347 -1.61306965351105
347.10001 -1.77336871623993
347.20001 -1.91191482543945
347.30002 -2.0250837802887
347.39999 -2.10978603363037
347.5 -2.1637921333313
347.60001 -2.18560791015625
347.70001 -2.17476272583008
347.80002 -2.1317892074585
347.89999 -2.05819702148438
348 -1.95640456676483
348.10001 -1.82981383800507
348.20001 -1.68247246742249
348.30002 -1.51903080940247
348.39999 -1.34466147422791
348.5 -1.16445171833038
348.60001 -0.983762502670288
348.70001 -0.807572841644287
348.80002 -0.640510320663452
348.89999 -0.486503839492798
349 -0.348718583583832
349.10001 -0.229419440031052
349.20001 -0.129947885870934
349.30002 -5.05776703357697E-02
349.39999 9.43012535572052E-03
349.5 5.17646372318268E-02
349.60001 7.90263935923576E-02
349.70001 0.094394713640213
349.80002 0.101812317967415
349.89999 0.105358630418777
350 0.109487757086754
350.10001 0.118430331349373
350.20001 0.136268466711044
350.30002 0.166529223322868
350.39999 0.212127611041069
350.5 0.275304734706879
350.60001 0.357279747724533
350.70001 0.458434700965881
350.80002 0.578192830085754
350.89999 0.714892089366913
351 0.866234481334686
351.10001 1.02900624275208
351.20001 1.19940948486328
351.30002 1.37310528755188
351.39999 1.54551482200623
351.5 1.71209585666656
351.60001 1.86816620826721
351.70001 2.00945782661438
351.80002 2.13204622268677
351.89999 2.23261690139771
352 2.3085470199585
352.10001 2.35789155960083
352.20001 2.37960124015808
352.30002 2.37329745292664
352.39999 2.33940148353577
352.5 2.27904510498047
352.60001 2.19391870498657
352.70001 2.08619856834412
352.80002 1.95841860771179
352.89999 1.81341314315796
353 1.65392327308655
353.10001 1.4827926158905
353.20001 1.30266535282135
353.30002 1.11594533920288
353.39999 0.924889922142029
353.5 0.731040060520172
353.60001 0.535920977592468
353.70001 0.340591907501221
353.80002 0.145776480436325
353.89999 -4.79110702872276E-02
354 -0.240296706557274
354.10001 -0.431017309427261
354.20001 -0.619787812232971
354.30002 -0.806253612041473
354.39999 -0.989783883094788
354.5 -1.16967582702637
354.60001 -1.34485852718353
354.70001 -1.51386654376984
354.80002 -1.67505204677582
354.89999 -1.82633531093597
355 -1.96568512916565
355.10001 -2.0906286239624
355.20001 -2.19886565208435
355.30002 -2.28806114196777
355.39999 -2.35608553886414
355.5 -2.40109443664551
355.60001 -2.42175793647766
355.70001 -2.41710734367371
355.80002 -2.38690543174744
355.89999 -2.33156442642212
356 -2.25208139419556
356.10001 -2.15023708343506
356.20001 -2.02839636802673
356.30002 -1.88956797122955
356.39999 -1.73720574378967
356.5 -1.57500565052032
356.60001 -1.40702176094055
356.70001 -1.23727285861969
356.80002 -1.06975054740906
356.89999 -0.908088505268097
357 -0.755453705787659
357.10001 -0.614513337612152
357.20001 -0.487270474433899
357.30002 -0.37496492266655
357.39999 -0.277969241142273
357.5 -0.195916533470154
357.60001 -0.12767481803894
357.70001 -7.12996423244476E-02
357.80002 -2.43439674377441E-02
357.89999 1.60373151302338E-02
358 5.32279796898365E-02
358.10001 9.05426368117332E-02
358.20001 0.131342008709908
358.30002 0.17877396941185
358.39999 0.235607713460922
358.5 0.303949296474457
358.60001 0.385446965694427
358.70001 0.480798006057739
358.80002 0.589982330799103
358.89999 0.712066531181335
359 0.845428049564362
359.10001 0.987622082233429
359.20001 1.13553547859192
359.30002 1.28559148311615
359.39999 1.43379592895508
359.5 1.5760772228241
359.60001 1.70825862884521
359.70001 1.82638299465179
359.80002 1.9268946647644
359.89999 2.00662279129028
360 2.06326603889465
360.10001 2.09507203102112
360.20001 2.10120010375977
360.30002 2.08164095878601
360.39999 2.037184715271
360.5 1.96939706802368
360.60001 1.8805980682373
360.70001 1.77358114719391
360.80002 1.65161001682281
360.89999 1.51827812194824
361 1.37707626819611
361.10001 1.23160481452942
361.20001 1.08509862422943
361.30002 0.940512478351593
361.39999 0.800191283226013
361.5 0.665971755981445
361.60001 0.538911461830139
361.70001 0.419541954994202
361.80002 0.307667374610901
361.89999 0.202471971511841
362 0.102696254849434
362.10001 6.60101883113384E-03
362.20001 -8.77650901675224E-02
362.30002 -0.182408481836319
362.39999 -0.279349654912949
362.5 -0.380398809909821
362.60001 -0.487017273902893
362.70001 -0.600097060203552
362.80002 -0.720117092132568
362.89999 -0.846771478652954
363 -0.979189097881317
363.10001 -1.1157408952713
363.20001 -1.25423943996429
363.30002 -1.39191818237305
363.39999 -1.5254967212677
363.5 -1.65153610706329
363.60001 -1.76638460159302
363.70001 -1.86626744270325
363.80002 -1.94778037071228
363.89999 -2.00780653953552
364 -2.04366779327393
364.10001 -2.0533881187439
364.20001 -2.0356707572937
364.30002 -1.9900209903717
364.39999 -1.91683197021484
364.5 -1.81725668907166
364.60001 -1.69322872161865
364.70001 -1.547518491745
364.80002 -1.38335967063904
364.89999 -1.20463287830353
365 -1.01530361175537
365.10001 -0.819691181182861
365.20001 -0.62198942899704
365.30002 -0.426356971263885
365.39999 -0.236586645245552
365.5 -5.58424144983292E-02
365.60001 0.113026455044746
365.70001 0.267958968877792
365.80002 0.407436013221741
365.89999 0.530730426311493
366 0.637778043746948
366.10001 0.729045748710632
366.20001 0.805488526821136
366.30002 0.868649303913116
366.39999 0.920074641704559
366.5 0.961793899536133
366.60001 0.99562281370163
366.70001 1.02337431907654
366.80002 1.04652833938599
366.89999 1.06642138957977
367 1.08388841152191
367.10001 1.09941136837006
367.20001 1.11297583580017
367.30002 1.12418639659882
367.39999 1.13224995136261
367.5 1.13606381416321
367.60001 1.13434517383575
367.70001 1.12562453746796
367.80002 1.10858190059662
367.89999 1.08183193206787
368 1.04427969455719
368.10001 0.995240211486816
368.20001 0.934309601783752
368.30002 0.861629724502563
368.39999 0.777826964855194
368.5 0.684016406536102
368.60001 0.581717610359192
368.70001 0.472894012928009
368.80002 0.359899431467056
368.89999 0.2452722042799
369 0.13155671954155
369.10001 0.0214230902493
369.20001 -8.27020406723022E-02
369.30002 -0.178648054599762
369.39999 -0.264638006687164
369.5 -0.339385211467743
369.60001 -0.402201473712921
369.70001 -0.452824056148529
369.80002 -0.491811871528625
369.89999 -0.520162761211395
370 -0.539378821849823
370.10001 -0.551492273807526
370.20001 -0.558738887310028
370.30002 -0.563579857349396
370.39999 -0.568564057350159
370.5 -0.575992941856384
370.60001 -0.587968468666077
370.70001 -0.606247961521149
370.80002 -0.631890594959259
370.89999 -0.665483593940735
371 -0.70678323507309
371.10001 -0.755004525184631
371.20001 -0.80842250585556
371.30002 -0.864906430244446
371.39999 -0.921473443508148
371.5 -0.974936425685883
371.60001 -1.02165007591248
371.70001 -1.05786228179932
371.80002 -1.07991302013397
371.89999 -1.08438754081726
372 -1.06825411319733
372.10001 -1.02907299995422
372.20001 -0.965254068374634
372.30002 -0.875963807106018
372.39999 -0.761484146118164
372.5 -0.622900247573853
372.60001 -0.462457835674286
372.70001 -0.283354341983795
372.80002 -8.95897001028061E-02
372.89999 0.114076428115368
373 0.322341799736023
373.10001 0.529484212398529
373.20001 0.729664444923401
373.30002 0.917055010795593
373.39999 1.08608901500702
373.5 1.23190557956696
373.60001 1.35015833377838
373.70001 1.43741381168365
373.80002 1.49124598503113
373.89999 1.51036012172699
374 1.49460470676422
374.10001 1.44495892524719
374.20001 1.36346018314362
374.30002 1.25327491760254
374.39999 1.11832559108734
374.5 0.963283717632294
374.60001 0.793398261070251
374.70001 0.614211559295654
374.80002 0.431355237960815
374.89999 0.250472575426102
375 7.66807496547699E-02
375.10001 -8.51673930883408E-02
375.20001 -0.230888992547989
375.30002 -0.357115089893341
375.39999 -0.4613336622715
375.5 -0.541796326637268
375.60001 -0.597818970680237
375.70001 -0.629329442977905
375.80002 -0.637283623218536
375.89999 -0.62320476770401
376 -0.589173436164856
376.10001 -0.537778198719025
376.20001 -0.471869081258774
376.30002 -0.394428104162216
376.39999 -0.308506727218628
376.5 -0.216951668262482
376.60001 -0.122452020645142
376.70001 -0.027438148856163
376.80002 6.60756230354309E-02
376.89999 0.156415536999702
377 0.242322236299515
377.10001 0.322845935821533
377.20001 0.397391676902771
377.30002 0.465514302253723
377.39999 0.526960074901581
377.5 0.581689357757568
377.60001 0.629475057125092
377.70001 0.670137286186218
377.80002 0.703293085098267
377.89999 0.728442788124084
378 0.74485570192337
378.10001 0.751597166061401
378.20001 0.747597455978394
378.30002 0.731658756732941
378.39999 0.702501535415649
378.5 0.658908724784851
378.60001 0.599811196327209
378.70001 0.524230003356934
378.80002 0.431707978248596
378.89999 0.322186142206192
379 0.195955127477646
379.10001 5.40706068277359E-02
379.20001 -0.101971298456192
379.30002 -0.269922077655792
379.39999 -0.446943700313568
379.5 -0.629855692386627
379.60001 -0.814795076847076
379.70001 -0.997702658176422
379.80002 -1.17417502403259
379.89999 -1.3398597240448
380 -1.49047076702118
380.10001 -1.62206566333771
380.20001 -1.73100900650024
380.30002 -1.81430506706238
380.39999 -1.86966478824615
380.5 -1.89562690258026
380.60001 -1.89157652854919
380.70001 -1.85777235031128
380.80002 -1.79544770717621
380.89999 -1.70666110515594
381 -1.5941948890686
381.10001 -1.46151387691498
381.20001 -1.31265044212341
381.30002 -1.15188777446747
381.39999 -0.98377788066864
381.5 -0.812663733959198
381.60001 -0.642804622650146
381.70001 -0.478110432624817
381.80002 -0.321828693151474
381.89999 -0.176696553826332
382 -4.44697737693787E-02
382.10001 7.36913681030273E-02
382.20001 0.177576497197151
382.30002 0.267668575048447
382.39999 0.345233798027039
382.5 0.412240594625473
382.60001 0.471017301082611
382.70001 0.524317026138306
382.80002 0.574925422668457
382.89999 0.625823259353638
383 0.679570257663727
383.10001 0.738533616065979
383.20001 0.804491758346558
383.30002 0.878579080104828
383.39999 0.961237072944641
383.5 1.05214691162109
383.60001 1.15023326873779
383.70001 1.25362658500671
383.80002 1.35986852645874
383.89999 1.46584475040436
384 1.56815040111542
384.10001 1.6630038022995
384.20001 1.74660277366638
384.30002 1.81529915332794
384.39999 1.8656610250473
384.5 1.89469575881958
384.60001 1.90013647079468
384.70001 1.88034248352051
384.80002 1.8345433473587
384.89999 1.76286458969116
385 1.66627562046051
385.10001 1.54657590389252
385.20001 1.40645241737366
385.30002 1.24916160106659
385.39999 1.07868421077728
385.5 0.899031698703766
385.60001 0.714740633964539
385.70001 0.530248880386353
385.80002 0.349843621253967
385.89999 0.177534326910973
386 1.66366398334503E-02
386.10001 -0.129943072795868
386.20001 -0.260136485099792
386.30002 -0.372589409351349
386.39999 -0.466789901256561
386.5 -0.54302453994751
386.60001 -0.602324068546295
386.70001 -0.646333932876587
386.80002 -0.677264928817749
386.89999 -0.697665512561798
387 -0.710457742214203
387.10001 -0.718590497970581
387.20001 -0.724878907203674
387.30002 -0.732016384601593
387.39999 -0.742299258708954
387.5 -0.757532835006714
387.60001 -0.779037177562714
387.70001 -0.807501435279846
387.80002 -0.843000173568726
387.89999 -0.885055065155029
388 -0.932591319084167
388.10001 -0.984130918979645
388.20001 -1.03779602050781
388.30002 -1.09135818481445
388.39999 -1.1426522731781
388.5 -1.18941521644592
388.60001 -1.22948229312897
388.70001 -1.26108431816101
388.80002 -1.28263139724731
388.89999 -1.29309892654419
389 -1.29184353351593
389.10001 -1.27877724170685
389.20001 -1.25420689582825
389.30002 -1.2190420627594
389.39999 -1.17446660995483
389.5 -1.12192916870117
389.60001 -1.06319355964661
389.70001 -0.999996781349182
389.80002 -0.934091508388519
389.89999 -0.867170393466949
390 -0.800498425960541
390.10001 -0.735200583934784
390.20001 -0.67184180021286
390.30002 -0.610723376274109
390.39999 -0.551570415496826
390.5 -0.493774354457855
390.60001 -0.436302304267883
390.70001 -0.377886891365051
390.80002 -0.316979229450226
390.89999 -0.251979738473892
391 -0.181410074234009
391.10001 -0.103743195533752
391.20001 -1.79467797279358E-02
391.30002 0.076735183596611
391.39999 0.180507957935333
391.5 0.293134599924088
391.60001 0.413684219121933
391.70001 0.540659725666046
391.80002 0.671958386898041
391.89999 0.805002570152283
392 0.936749756336212
392.10001 1.06389677524567
392.20001 1.18289482593536
392.30002 1.2903163433075
392.39999 1.38266229629517
392.5 1.45691394805908
392.60001 1.5104866027832
392.70001 1.54129827022552
392.80002 1.54804968833923
392.89999 1.53031134605408
393 1.48827850818634
393.10001 1.42326021194458
393.20001 1.33718514442444
393.30002 1.23284637928009
393.39999 1.11364984512329
393.5 0.983551025390625
393.60001 0.846816778182983
393.70001 0.707951307296753
393.80002 0.571487605571747
393.89999 0.441683292388916
394 0.322410613298416
394.10001 0.217130646109581
394.20001 0.128504171967506
394.30002 5.84392547607422E-02
394.39999 8.07438790798187E-03
394.5 -2.24521905183792E-02
394.60001 -3.38305234909058E-02
394.70001 -2.75630503892899E-02
394.80002 -5.9187263250351E-03
394.89999 2.82362252473831E-02
395 7.15985968708992E-02
395.10001 0.120462402701378
395.20001 0.17119288444519
395.30002 0.219969779253006
395.39999 0.263416409492493
395.5 0.298507004976273
395.60001 0.32268887758255
395.70001 0.334174692630768
395.80002 0.331852912902832
395.89999 0.315366148948669
396 0.285132557153702
396.10001 0.242204874753952
396.20001 0.188505962491035
396.30002 0.12617301940918
396.39999 5.80366663634777E-02
396.5 -1.30615197122097E-02
396.60001 -8.40916782617569E-02
396.70001 -0.152138143777847
396.80002 -0.214576974511147
396.89999 -0.269091129302979
397 -0.313990890979767
397.10001 -0.348153233528137
397.20001 -0.371109873056412
397.30002 -0.383094996213913
397.39999 -0.385004281997681
397.5 -0.378417909145355
397.60001 -0.365411996841431
397.70001 -0.348416388034821
397.80002 -0.330224722623825
397.89999 -0.313797056674957
398 -0.301903516054153
398.10001 -0.297215342521667
398.20001 -0.302070558071136
398.30002 -0.318260848522186
398.39999 -0.346932411193848
398.5 -0.388691544532776
398.60001 -0.443349689245224
398.70001 -0.509918808937073
398.80002 -0.586801409721375
398.89999 -0.671616852283478
399 -0.761654615402222
399.10001 -0.853589177131653
399.20001 -0.943936288356781
399.30002 -1.02901792526245
399.39999 -1.10522556304932
399.5 -1.16926395893097
399.60001 -1.21812582015991
399.70001 -1.24929356575012
399.80002 -1.26099598407745
399.89999 -1.25204372406006
400 -1.22210228443146
400.10001 -1.17154240608215
400.20001 -1.10155785083771
400.30002 -1.01393806934357
400.39999 -0.911278307437897
400.5 -0.796332657337189
400.60001 -0.672481954097748
400.70001 -0.543225049972534
400.80002 -0.412072002887726
400.89999 -0.282507687807083
401 -0.157644689083099
401.10001 -4.03299331665039E-02
401.20001 6.70994222164154E-02
401.30002 0.162882328033447
401.39999 0.245822504162788
401.5 0.315397351980209
401.60001 0.371697723865509
401.70001 0.415291100740433
401.80002 0.447219997644424
401.89999 0.469026386737823
402 0.48243910074234
402.10001 0.489422202110291
402.20001 0.491832762956619
402.30002 0.491676688194275
402.39999 0.490571439266205
402.5 0.489936232566833
402.60001 0.490983307361603
402.70001 0.494358479976654
402.80002 0.500457942485809
402.89999 0.509236097335815
403 0.520379662513733
403.10001 0.533293008804321
403.20001 0.547149538993835
403.30002 0.561046719551086
403.39999 0.574167668819427
403.5 0.585667192935944
403.60001 0.594943761825562
403.70001 0.601768672466278
403.80002 0.606086850166321
403.89999 0.608275055885315
404 0.609146773815155
404.10001 0.609711110591888
404.20001 0.611482441425323
404.30002 0.616073191165924
404.39999 0.625218689441681
404.5 0.640775561332703
404.60001 0.664414048194885
404.70001 0.697543621063232
404.80002 0.741241157054901
404.89999 0.796075999736786
405 0.862027704715729
405.10001 0.93836122751236
405.20001 1.02365326881409
405.30002 1.11572432518005
405.39999 1.21162116527557
405.5 1.3078773021698
405.60001 1.40035116672516
405.70001 1.48456597328186
405.80002 1.55567502975464
405.89999 1.6089038848877
406 1.63960826396942
406.10001 1.64333140850067
406.20001 1.61630773544312
406.30002 1.55547440052032
406.39999 1.45869362354279
406.5 1.32480561733246
406.60001 1.15389680862427
406.70001 0.947144508361816
406.80002 0.707038521766663
406.89999 0.437273502349854
407 0.142428576946259
407.10001 -0.171768993139267
407.20001 -0.498853504657745
407.30002 -0.831815183162689
407.39999 -1.16314423084259
407.5 -1.48551166057587
407.60001 -1.79164254665375
407.70001 -2.0744206905365
407.80002 -2.32767176628113
407.89999 -2.54573512077332
408 -2.72441267967224
408.10001 -2.86025834083557
408.20001 -2.95120477676392
408.30002 -2.99642205238342
408.39999 -2.99635195732117
408.5 -2.95264935493469
408.60001 -2.86808800697327
408.70001 -2.74634671211243
408.80002 -2.59194803237915
408.89999 -2.41006231307983
409 -2.2060444355011
409.10001 -1.98565876483917
409.20001 -1.75445675849915
409.30002 -1.51789855957031
409.39999 -1.28106868267059
409.5 -1.04829668998718
409.60001 -0.823375642299652
409.70001 -0.609507203102112
409.80002 -0.408931344747543
409.89999 -0.223274037241936
410 -5.32871335744858E-02
410.10001 0.100797280669212
410.20001 0.239353507757187
410.30002 0.36317190527916
410.39999 0.473348438739777
410.5 0.571281909942627
410.60001 0.65831458568573
410.70001 0.735788941383362
410.80002 0.804848074913025
410.89999 0.866438865661621
411 0.921272933483124
411.10001 0.96983802318573
411.20001 1.0120245218277
411.30002 1.04784083366394
411.39999 1.07678055763245
411.5 1.09839916229248
411.60001 1.11207234859467
411.70001 1.11729907989502
411.80002 1.11364138126373
411.89999 1.10084617137909
412 1.07900929450989
412.10001 1.04853415489197
412.20001 1.01017844676971
412.30002 0.965126276016235
412.39999 0.914811730384827
412.5 0.86114239692688
412.60001 0.806153893470764
412.70001 0.752082109451294
412.80002 0.701248228549957
412.89999 0.655913650989532
413 0.618078947067261
413.10001 0.58952534198761
413.20001 0.571657359600067
413.30002 0.565285503864288
413.39999 0.570779144763947
413.5 0.587837874889374
413.60001 0.615505993366241
413.70001 0.652308523654938
413.80002 0.696141183376312
413.89999 0.744445443153381
414 0.794347643852234
414.10001 0.842644453048706
414.20001 0.886080324649811
414.30002 0.921468138694763
414.39999 0.945771098136902
414.5 0.956367969512939
414.60001 0.951049566268921
414.70001 0.928269565105438
414.80002 0.887139499187469
414.89999 0.827506005764008
415 0.749942064285278
415.10001 0.655787646770477
415.20001 0.547084212303162
415.30002 0.426347076892853
415.39999 0.296808063983917
415.5 0.161719635128975
415.60001 2.47114356607199E-02
415.70001 -0.110614202916622
415.80002 -0.240837395191193
415.89999 -0.362869203090668
416 -0.474025130271912
416.10001 -0.572349429130554
416.20001 -0.656418263912201
416.30002 -0.725608587265015
416.39999 -0.780050218105316
416.5 -0.820590913295746
416.60001 -0.848821401596069
416.70001 -0.866843044757843
416.80002 -0.877243876457214
416.89999 -0.88293594121933
417 -0.886976778507233
417.10001 -0.89234721660614
417.20001 -0.901876926422119
417.30002 -0.918085336685181
417.39999 -0.942791163921356
417.5 -0.977343678474426
417.60001 -1.02227592468262
417.70001 -1.07733416557312
417.80002 -1.14147686958313
417.89999 -1.21285080909729
418 -1.28892278671265
418.10001 -1.36657452583313
418.20001 -1.44213509559631
418.30002 -1.51165723800659
418.39999 -1.57106065750122
418.5 -1.61631882190704
418.60001 -1.64367008209229
418.70001 -1.64976787567139
418.80002 -1.63191211223602
418.89999 -1.58802354335785
419 -1.51689314842224
419.10001 -1.41827940940857
419.20001 -1.29290878772736
419.30002 -1.14228796958923
419.39999 -0.968995332717896
419.5 -0.776188671588898
419.60001 -0.567730784416199
419.70001 -0.348075121641159
419.80002 -0.121929042041302
419.89999 0.105768173933029
420 0.330371558666229
420.10001 0.547173738479614
420.20001 0.752072095870972
420.30002 0.941401660442352
420.39999 1.11213159561157
420.5 1.26213324069977
420.60001 1.38991749286652
420.70001 1.49485290050507
420.80002 1.57708323001862
420.89999 1.63733649253845
421 1.67712986469269
421.10001 1.69834876060486
421.20001 1.70325934886932
421.30002 1.69423615932465
421.39999 1.67388212680817
421.5 1.64451444149017
421.60001 1.60831451416016
421.70001 1.56713545322418
421.80002 1.52231132984161
421.89999 1.47483837604523
422 1.42507088184357
422.10001 1.37297451496124
422.20001 1.31809878349304
422.30002 1.25946891307831
422.39999 1.19600296020508
422.5 1.12635910511017
422.60001 1.04925441741943
422.70001 0.96336829662323
422.80002 0.867715954780579
422.89999 0.761683642864227
423 0.644930183887482
423.10001 0.517732262611389
423.20001 0.380975484848022
423.30002 0.236064523458481
423.39999 8.49340334534645E-02
423.5 -7.00376033782959E-02
423.60001 -0.225915282964706
423.70001 -0.379591256380081
423.80002 -0.5276038646698
423.89999 -0.666642725467682
424 -0.793372869491577
424.10001 -0.90476655960083
424.20001 -0.998177289962769
424.30002 -1.07141673564911
424.39999 -1.12296640872955
424.5 -1.1520664691925
424.60001 -1.15856564044952
424.70001 -1.14310526847839
424.80002 -1.10707294940948
424.89999 -1.05250322818756
425 -0.981946587562561
425.10001 -0.898450136184692
425.20001 -0.805461943149567
425.30002 -0.706494748592377
425.39999 -0.605158090591431
425.5 -0.504899501800537
425.60001 -0.408931314945221
425.70001 -0.320071458816528
425.80002 -0.240682408213615
425.89999 -0.17250719666481
426 -0.116670295596123
426.10001 -7.38428682088852E-02
426.20001 -4.38795983791351E-02
426.30002 -2.62123048305511E-02
426.39999 -1.98386088013649E-02
426.5 -2.32790429145098E-02
426.60001 -3.48245315253735E-02
426.70001 -5.27583584189415E-02
426.80002 -7.51637369394302E-02
426.89999 -0.100348271429539
427 -0.126897215843201
427.10001 -0.153585463762283
427.20001 -0.1795714199543
427.30002 -0.20447912812233
427.39999 -0.228293269872665
427.5 -0.251446723937988
427.60001 -0.274602264165878
427.70001 -0.298753261566162
427.80002 -0.325073570013046
427.89999 -0.354742079973221
428 -0.388745248317719
428.10001 -0.428074032068253
428.20001 -0.473184287548065
428.30002 -0.524211466312408
428.39999 -0.580719351768494
428.5 -0.641769349575043
428.60001 -0.705737590789795
428.70001 -0.770489037036896
428.80002 -0.833315014839172
428.89999 -0.890984356403351
429 -0.940076112747192
429.10001 -0.976722598075867
429.20001 -0.997299373149872
429.30002 -0.998089373111725
429.39999 -0.975829839706421
429.5 -0.927602529525757
429.60001 -0.851303279399872
429.70001 -0.745569705963135
429.80002 -0.609887599945068
429.89999 -0.444986909627914
430 -0.252289891242981
430.10001 -0.034602478146553
430.20001 0.204529821872711
430.30002 0.460459113121033
430.39999 0.727742433547974
430.5 1.00057399272919
430.60001 1.27248287200928
430.70001 1.53688073158264
430.80002 1.78718554973602
430.89999 2.01704216003418
431 2.22070002555847
431.10001 2.39297795295715
431.20001 2.5295398235321
431.30002 2.62713146209717
431.39999 2.68355917930603
431.5 2.69781994819641
431.60001 2.67007040977478
431.70001 2.60166597366333
431.80002 2.49494242668152
431.89999 2.35334157943726
432 2.18091154098511
432.10001 1.98242425918579
432.20001 1.76309931278229
432.30002 1.52839326858521
432.39999 1.28370749950409
432.5 1.03421771526337
432.60001 0.784830212593079
432.70001 0.539863586425781
432.80002 0.303093910217285
432.89999 7.75691121816635E-02
433 -0.134651765227318
433.10001 -0.332005172967911
433.20001 -0.513799488544464
433.30002 -0.680031061172485
433.39999 -0.831153392791748
433.5 -0.968305170536041
433.60001 -1.09277045726776
433.70001 -1.20603227615356
433.80002 -1.3097048997879
433.89999 -1.4052402973175
434 -1.49388492107391
434.10001 -1.57662916183472
434.20001 -1.65396893024445
434.30002 -1.72613394260406
434.39999 -1.79272186756134
434.5 -1.85311198234558
434.60001 -1.90616893768311
434.70001 -1.95051085948944
434.80002 -1.98457396030426
434.89999 -2.00663733482361
435 -2.01510810852051
435.10001 -2.0085084438324
435.20001 -1.98546004295349
435.30002 -1.94517433643341
435.39999 -1.88714158535004
435.5 -1.81137371063232
435.60001 -1.71842348575592
435.70001 -1.60935854911804
435.80002 -1.4857382774353
435.89999 -1.34953927993774
436 -1.20314586162567
436.10001 -1.04907739162445
436.20001 -0.890221297740936
436.30002 -0.729297578334808
436.39999 -0.569084227085114
436.5 -0.411982208490372
436.60001 -0.260173946619034
436.70001 -0.115527629852295
436.80002 2.07506865262985E-02
436.89999 0.147656053304672
437 0.265082538127899
437.10001 0.373076260089874
437.20001 0.472230672836304
437.30002 0.563576340675354
437.39999 0.648245096206665
437.5 0.727658212184906
437.60001 0.803266823291779
437.70001 0.876375436782837
437.80002 0.948081433773041
437.89999 1.019207239151
438 1.09023344516754
438.10001 1.16115033626556
438.20001 1.23138105869293
438.30002 1.30003702640533
438.39999 1.36557519435883
438.5 1.42624700069427
438.60001 1.47982466220856
438.70001 1.52401518821716
438.80002 1.55635821819305
438.89999 1.57455444335938
439 1.57649087905884
439.10001 1.5603666305542
439.20001 1.52505743503571
439.30002 1.46976172924042
439.39999 1.39462983608246
439.5 1.30041122436523
439.60001 1.18867766857147
439.70001 1.06172811985016
439.80002 0.922552585601807
439.89999 0.77480810880661
440 0.622420787811279
440.10001 0.469795256853104
440.20001 0.321509540081024
440.30002 0.181893110275269
440.39999 5.52685931324959E-02
440.5 -5.47109693288803E-02
440.60001 -0.144793212413788
440.70001 -0.212593704462051
440.80002 -0.256604194641113
440.89999 -0.276148080825806
441 -0.271669834852219
441.10001 -0.244612693786621
441.20001 -0.197264775633812
441.30002 -0.132856398820877
441.39999 -5.53288608789444E-02
441.5 3.08197326958179E-02
441.60001 0.120705291628838
441.70001 0.209318250417709
441.80002 0.291530698537827
441.89999 0.362642854452133
442 0.418379038572311
442.10001 0.454995334148407
442.20001 0.469668388366699
442.30002 0.460358947515488
442.39999 0.426137685775757
442.5 0.366995334625244
442.60001 0.283939778804779
442.70001 0.178950548171997
442.80002 5.48916533589363E-02
442.89999 -8.46230238676071E-02
443 -0.235619008541107
443.10001 -0.393503069877625
443.20001 -0.553622186183929
443.30002 -0.711389720439911
443.39999 -0.862239837646484
443.5 -1.00230324268341
443.60001 -1.12802815437317
443.70001 -1.23657405376434
443.80002 -1.32590591907501
443.89999 -1.39476931095123
444 -1.44278562068939
444.10001 -1.47033548355103
444.20001 -1.47858500480652
444.30002 -1.46921837329865
444.39999 -1.44461619853973
444.5 -1.40734958648682
444.60001 -1.36029326915741
444.70001 -1.30636417865753
444.80002 -1.24838185310364
444.89999 -1.18887758255005
445 -1.13007283210754
445.10001 -1.07372951507568
445.20001 -1.02100658416748
445.30002 -0.972529292106628
445.39999 -0.928377151489258
445.5 -0.888106763362885
445.60001 -0.850706458091736
445.70001 -0.814843833446503
445.80002 -0.77889758348465
445.89999 -0.74105978012085
446 -0.699459433555603
446.10001 -0.652351438999176
446.20001 -0.598173975944519
446.30002 -0.535623073577881
446.39999 -0.4639632999897
446.5 -0.382583022117615
446.60001 -0.291629135608673
446.70001 -0.191607534885406
446.80002 -8.34897011518478E-02
446.89999 3.12736928462982E-02
447 0.151094228029251
447.10001 0.274025142192841
447.20001 0.397968590259552
447.30002 0.520803809165955
447.39999 0.640651345252991
447.5 0.755704641342163
447.60001 0.864528596401215
447.70001 0.965959429740906
447.80002 1.05932104587555
447.89999 1.14428758621216
448 1.22115051746368
448.10001 1.29029595851898
448.20001 1.35271418094635
448.30002 1.40945518016815
448.39999 1.46174037456512
448.5 1.51092708110809
448.60001 1.558180809021
448.70001 1.60451531410217
448.80002 1.65053474903107
448.89999 1.69660127162933
449 1.74244058132172
449.10001 1.78739714622498
449.20001 1.83017611503601
449.30002 1.86902713775635
449.39999 1.90170550346375
449.5 1.92560923099518
449.60001 1.93789410591125
449.70001 1.93552184104919
449.80002 1.91549122333527
449.89999 1.87502443790436
450 1.81161069869995
450.10001 1.72323179244995
450.20001 1.60848963260651
450.30002 1.46678566932678
450.39999 1.29830956459045
450.5 1.10398983955383
450.60001 0.885835826396942
450.70001 0.646725058555603
450.80002 0.390125215053558
450.89999 0.120517387986183
451 -0.157401517033577
451.10001 -0.43833589553833
451.20001 -0.716789066791534
451.30002 -0.987260460853577
451.39999 -1.2443699836731
451.5 -1.48330307006836
451.60001 -1.69958710670471
451.70001 -1.88948965072632
451.80002 -2.05020141601563
451.89999 -2.17969298362732
452 -2.27711963653564
452.10001 -2.34240674972534
452.20001 -2.37649917602539
452.30002 -2.38122725486755
452.39999 -2.35914039611816
452.5 -2.3134069442749
452.60001 -2.2476921081543
452.70001 -2.16588640213013
452.80002 -2.07200312614441
452.89999 -1.96989834308624
453 -1.86314392089844
453.10001 -1.75492680072784
453.20001 -1.64790856838226
453.30002 -1.54404318332672
453.39999 -1.44463801383972
453.5 -1.35017919540405
453.60001 -1.2605299949646
453.70001 -1.17493760585785
453.80002 -1.0920398235321
453.89999 -1.01010549068451
454 -0.927035748958588
454.10001 -0.840711712837219
454.20001 -0.748969078063965
454.30002 -0.649842262268066
454.39999 -0.541842043399811
454.5 -0.423696160316467
454.60001 -0.29489278793335
454.70001 -0.155468642711639
454.80002 -6.17599487304688E-03
454.89999 0.15160059928894
455 0.315939992666245
455.10001 0.484264552593231
455.20001 0.653575718402863
455.30002 0.820631504058838
455.39999 0.981931626796722
455.5 1.1341700553894
455.60001 1.27399361133575
455.70001 1.3984831571579
455.80002 1.50514578819275
455.89999 1.59202980995178
456 1.65793550014496
456.10001 1.70236134529114
456.20001 1.72540307044983
456.30002 1.72806620597839
456.39999 1.71191203594208
456.5 1.67917835712433
456.60001 1.63249921798706
456.70001 1.5748416185379
456.80002 1.50943350791931
456.89999 1.43945920467377
457 1.36792588233948
457.10001 1.2977215051651
457.20001 1.23107397556305
457.30002 1.16983568668365
457.39999 1.1152161359787
457.5 1.06771051883698
457.60001 1.02713465690613
457.70001 0.9926518201828
457.80002 0.962829172611237
457.89999 0.935730576515198
458 0.908936619758606
458.10001 0.879794120788574
458.20001 0.845568120479584
458.30002 0.803530752658844
458.39999 0.751122176647186
458.5 0.686149716377258
458.60001 0.606853306293488
458.70001 0.512108683586121
458.80002 0.401340007781982
458.89999 0.274756014347076
459 0.13311842083931
459.10001 -2.19658762216568E-02
459.20001 -0.188333168625832
459.30002 -0.363431870937347
459.39999 -0.543925285339355
459.5 -0.726687371730804
459.60001 -0.907986223697662
459.70001 -1.08435213565826
459.80002 -1.25230920314789
459.89999 -1.40869736671448
460 -1.55080950260162
460.10001 -1.67628860473633
460.20001 -1.78334534168243
460.30002 -1.87082934379578
460.39999 -1.93799495697021
460.5 -1.9849100112915
460.60001 -2.01193904876709
460.70001 -2.0199191570282
460.80002 -2.01003384590149
460.89999 -1.98377275466919
461 -1.9425311088562
461.10001 -1.88792181015015
461.20001 -1.82144808769226
461.30002 -1.74424374103546
461.39999 -1.65739715099335
461.5 -1.56155931949615
461.60001 -1.45712053775787
461.70001 -1.34417009353638
461.80002 -1.22259259223938
461.89999 -1.09197354316711
462 -0.951717615127563
462.10001 -0.801442980766296
462.20001 -0.640552401542664
462.30002 -0.468917906284332
462.39999 -0.2866570353508
462.5 -9.40693467855453E-02
462.60001 0.107708156108856
462.70001 0.317237764596939
462.80002 0.532406091690063
462.89999 0.750431418418884
463 0.968408167362213
463.10001 1.18248021602631
463.20001 1.38872623443604
463.30002 1.58289408683777
463.39999 1.76071405410767
463.5 1.91806840896606
463.60001 2.05095148086548
463.70001 2.15606188774109
463.80002 2.23036527633667
463.89999 2.27190041542053
464 2.27943754196167
464.10001 2.25282645225525
464.20001 2.19269752502441
464.30002 2.10100340843201
464.39999 1.98054504394531
464.5 1.83488833904266
464.60001 1.66860139369965
464.70001 1.48675501346588
464.80002 1.29488444328308
464.89999 1.09884762763977
465 0.904277324676514
465.10001 0.716766893863678
465.20001 0.541362226009369
465.30002 0.382591366767883
465.39999 0.244106158614159
465.5 0.12846428155899
465.60001 3.73450368642807E-02
465.70001 -2.87935435771942E-02
465.80002 -7.05961287021637E-02
465.89999 -8.98316353559494E-02
466 -8.92834961414337E-02
466.10001 -7.24366307258606E-02
466.20001 -4.38046753406525E-02
466.30002 -8.14504735171795E-03
466.39999 2.93725170195103E-02
466.5 6.34922534227371E-02
466.60001 8.92072096467018E-02
466.70001 0.101750858128071
466.80002 9.70636755228043E-02
466.89999 0.071699395775795
467 2.32981443405151E-02
467.10001 -4.97521907091141E-02
467.20001 -0.147868856787682
467.30002 -0.270413875579834
467.39999 -0.415768980979919
467.5 -0.581459820270538
467.60001 -0.763967931270599
467.70001 -0.959280073642731
467.80002 -1.16280543804169
467.89999 -1.36945259571075
468 -1.57432806491852
468.10001 -1.7722555398941
468.20001 -1.95833659172058
468.30002 -2.12819457054138
468.39999 -2.27773475646973
468.5 -2.4037139415741
468.60001 -2.50333619117737
468.70001 -2.57471179962158
468.80002 -2.61643743515015
468.89999 -2.62814593315125
469 -2.60977554321289
469.10001 -2.56209063529968
469.20001 -2.48614168167114
469.30002 -2.38348031044006
469.39999 -2.25586748123169
469.5 -2.10511589050293
469.60001 -1.93327951431274
469.70001 -1.74239611625671
469.80002 -1.53423523902893
469.89999 -1.31063961982727
470 -1.07323837280273
470.10001 -0.823529660701752
470.20001 -0.562996804714203
470.30002 -0.293058574199677
470.39999 -1.51777658611536E-02
470.5 0.269297480583191
470.60001 0.55862694978714
470.70001 0.850923717021942
470.80002 1.14408814907074
470.89999 1.43547737598419
471 1.72248041629791
471.10001 2.00183176994324
471.20001 2.27011680603027
471.30002 2.52359819412231
471.39999 2.75828719139099
471.5 2.97036361694336
471.60001 3.15590882301331
471.70001 3.31108689308167
471.80002 3.4324746131897
471.89999 3.51721405982971
472 3.56293439865112
472.10001 3.56794714927673
472.20001 3.53153276443481
472.30002 3.45367336273193
472.39999 3.33540034294128
472.5 3.17861723899841
472.60001 2.98613810539246
472.70001 2.76157546043396
472.80002 2.5093297958374
472.89999 2.23434257507324
473 1.9418683052063
473.10001 1.63761568069458
473.20001 1.32716000080109
473.30002 1.01605784893036
473.39999 0.709676027297974
473.5 0.412448555231094
473.60001 0.128645718097687
473.70001 -0.138440385460854
473.80002 -0.386281937360764
473.89999 -0.613159358501434
474 -0.818514943122864
474.10001 -1.00229048728943
474.20001 -1.16531026363373
474.30002 -1.30916810035706
474.39999 -1.43580842018127
474.5 -1.54765355587006
474.60001 -1.64723587036133
474.70001 -1.73721122741699
474.80002 -1.81988739967346
474.89999 -1.8974198102951
475 -1.9714195728302
475.10001 -2.04309773445129
475.20001 -2.11278080940247
475.30002 -2.18026947975159
475.39999 -2.24469828605652
475.5 -2.30457139015198
475.60001 -2.35782933235168
475.70001 -2.4019250869751
475.80002 -2.43419194221497
475.89999 -2.45156598091125
476 -2.45130252838135
476.10001 -2.4307222366333
476.20001 -2.38746452331543
476.30002 -2.31990027427673
476.39999 -2.22688055038452
476.5 -2.10808300971985
476.60001 -1.96408343315125
476.70001 -1.79611337184906
476.80002 -1.60645008087158
476.89999 -1.39817035198212
477 -1.17468976974487
477.10001 -0.940411388874054
477.20001 -0.699889481067657
477.30002 -0.457996547222137
477.39999 -0.21953883767128
477.5 1.06985718011856E-02
477.60001 0.228424161672592
477.70001 0.42968225479126
477.80002 0.61123913526535
477.89999 0.770655035972595
478 0.906416535377502
478.10001 1.0177116394043
478.20001 1.10476624965668
478.30002 1.16859436035156
478.39999 1.21102643013
478.5 1.23454117774963
478.60001 1.24217736721039
478.70001 1.23716199398041
478.80002 1.22317492961884
478.89999 1.20376551151276
479 1.18234467506409
479.10001 1.16199326515198
479.20001 1.14537024497986
479.30002 1.13447701931
479.39999 1.13081014156342
479.5 1.13508439064026
479.60001 1.14727234840393
479.70001 1.16670668125153
479.80002 1.19218218326569
479.89999 1.22179901599884
480 1.25345385074615
480.10001 1.28455483913422
480.20001 1.31256878376007
480.30002 1.33487367630005
480.39999 1.34905016422272
480.5 1.35293424129486
480.60001 1.34482252597809
480.70001 1.32337999343872
480.80002 1.28801441192627
480.89999 1.23847699165344
481 1.17523372173309
481.10001 1.09916257858276
481.20001 1.01171898841858
481.30002 0.914674043655396
481.39999 0.810087561607361
481.5 0.700059473514557
481.60001 0.586896002292633
481.70001 0.472641468048096
481.80002 0.359251856803894
481.89999 0.248324140906334
482 0.140991553664207
482.10001 3.81316542625427E-02
482.20001 -5.99175989627838E-02
482.30002 -0.153220146894455
482.39999 -0.242247045040131
482.5 -0.327918112277985
482.60001 -0.411308437585831
482.70001 -0.493547439575195
482.80002 -0.575960636138916
482.89999 -0.659662663936615
483 -0.745753407478333
483.10001 -0.834781408309937
483.20001 -0.927129089832306
483.30002 -1.02252149581909
483.39999 -1.12018883228302
483.5 -1.21907567977905
483.60001 -1.31736433506012
483.70001 -1.41285145282745
483.80002 -1.5030814409256
483.89999 -1.58513212203979
484 -1.65614831447601
484.10001 -1.71315455436707
484.20001 -1.75326359272003
484.30002 -1.7740832567215
484.39999 -1.77341210842133
484.5 -1.74980878829956
484.60001 -1.70227265357971
484.70001 -1.63074326515198
484.80002 -1.53574204444885
484.89999 -1.4187319278717
485 -1.28163492679596
485.10001 -1.12729597091675
485.20001 -0.959061026573181
485.30002 -0.780600070953369
485.39999 -0.59607207775116
485.5 -0.409535497426987
485.60001 -0.225109726190567
485.70001 -4.67720925807953E-02
485.80002 0.121897161006927
485.89999 0.277939707040787
486 0.418972671031952
486.10001 0.543293476104736
486.20001 0.649936616420746
486.30002 0.738806843757629
486.39999 0.810397982597351
486.5 0.866103708744049
486.60001 0.907738983631134
486.70001 0.937593817710876
486.80002 0.958445131778717
486.89999 0.972885727882385
487 0.983880639076233
487.10001 0.993893682956696
487.20001 1.00527942180634
487.30002 1.01978278160095
487.39999 1.0386780500412
487.5 1.06246650218964
487.60001 1.09106588363647
487.70001 1.12355875968933
487.80002 1.15850973129272
487.89999 1.1938591003418
488 1.22698402404785
488.10001 1.25499320030212
488.20001 1.27486777305603
488.30002 1.28343713283539
488.39999 1.27768659591675
488.5 1.25521504878998
488.60001 1.2136447429657
488.70001 1.15163350105286
488.80002 1.0683696269989
488.89999 0.963951110839844
489 0.839162230491638
489.10001 0.695794820785522
489.20001 0.536291122436523
489.30002 0.363996177911758
489.39999 0.182665541768074
489.5 -3.54919768869877E-03
489.60001 -0.190073877573013
489.70001 -0.372251003980637
489.80002 -0.545695662498474
489.89999 -0.706089615821838
490 -0.849889755249023
490.10001 -0.973842024803162
490.20001 -1.07561635971069
490.30002 -1.15374898910522
490.39999 -1.20751011371613
490.5 -1.23722755908966
490.60001 -1.24397039413452
490.70001 -1.22965610027313
490.80002 -1.19691240787506
490.89999 -1.14888226985931
491 -1.08911466598511
491.10001 -1.02131199836731
491.20001 -0.94942319393158
491.30002 -0.877020835876465
491.39999 -0.807556450366974
491.5 -0.743920266628265
491.60001 -0.688394904136658
491.70001 -0.64279043674469
491.80002 -0.608011424541473
491.89999 -0.584283590316772
492 -0.571078777313232
492.10001 -0.56727546453476
492.20001 -0.571051836013794
492.30002 -0.580139458179474
492.39999 -0.592027008533478
492.5 -0.603881120681763
492.60001 -0.612916588783264
492.70001 -0.616428911685944
492.80002 -0.611889481544495
492.89999 -0.597205758094788
493 -0.570693492889404
493.10001 -0.531366944313049
493.20001 -0.478627979755402
493.30002 -0.412596136331558
493.39999 -0.333950310945511
493.5 -0.243849620223045
493.60001 -0.143923878669739
493.70001 -3.61381955444813E-02
493.80002 7.71913006901741E-02
493.89999 0.193751037120819
494 0.311245888471603
494.10001 0.427299976348877
494.20001 0.540031671524048
494.30002 0.647637009620667
494.39999 0.748716115951538
494.5 0.842409908771515
494.60001 0.928086400032043
494.70001 1.00558066368103
494.80002 1.0750892162323
494.89999 1.1370712518692
495 1.19225168228149
495.10001 1.24137246608734
495.20001 1.2851722240448
495.30002 1.32436323165894
495.39999 1.35945820808411
495.5 1.39066970348358
495.60001 1.41787457466125
495.70001 1.44062089920044
495.80002 1.45801854133606
495.89999 1.46882581710815
496 1.47157835960388
496.10001 1.46441984176636
496.20001 1.44545888900757
496.30002 1.41268146038055
496.39999 1.36419129371643
496.5 1.2983980178833
496.60001 1.21384561061859
496.70001 1.10983514785767
496.80002 0.985991179943085
496.89999 0.842772603034973
497 0.681143283843994
497.10001 0.502991080284119
497.20001 0.310767143964767
497.30002 0.10768199712038
497.39999 -0.102374598383904
497.5 -0.315522134304047
497.60001 -0.527088820934296
497.70001 -0.732438921928406
497.80002 -0.927068769931793
497.89999 -1.10644936561584
498 -1.2668023109436
498.10001 -1.40463614463806
498.20001 -1.51727831363678
498.30002 -1.60289812088013
498.39999 -1.6605327129364
498.5 -1.69028723239899
498.60001 -1.69311380386353
498.70001 -1.67096185684204
498.80002 -1.62651562690735
498.89999 -1.56337857246399
499 -1.48544824123383
499.10001 -1.39712965488434
499.20001 -1.30316650867462
499.30002 -1.20800614356995
499.39999 -1.11599588394165
499.5 -1.03106188774109
499.60001 -0.956481754779816
499.70001 -0.894815444946289
499.80002 -0.847693681716919
499.89999 -0.815930008888245
500 -0.799244165420532
500.10001 -0.796444654464722
500.20001 -0.805543482303619
500.30002 -0.823611915111542
500.39999 -0.847234964370728
500.5 -0.872358441352844
500.60001 -0.89486438035965
500.70001 -0.910312652587891
500.80002 -0.914492905139923
500.89999 -0.90367579460144
501 -0.874434769153595
501.10001 -0.824180841445923
501.20001 -0.751067817211151
501.30002 -0.654157280921936
501.39999 -0.533506751060486
501.5 -0.390090644359589
501.60001 -0.22579100728035
501.70001 -4.34618517756462E-02
501.80002 0.153333723545074
501.89999 0.360536932945251
502 0.573599874973297
502.10001 0.787683665752411
502.20001 0.998024523258209
502.30002 1.1997891664505
502.39999 1.3885395526886
502.5 1.56043267250061
502.60001 1.71201682090759
502.70001 1.84065234661102
502.80002 1.94439208507538
502.89999 2.02214193344116
503 2.0735878944397
503.10001 2.09915709495544
503.20001 2.09976410865784
503.30002 2.07713055610657
503.39999 2.03337740898132
503.5 1.97076725959778
503.60001 1.8919689655304
503.70001 1.79954218864441
503.80002 1.69601190090179
503.89999 1.58378481864929
504 1.46478939056396
504.10001 1.34085083007813
504.20001 1.21325993537903
504.30002 1.08296084403992
504.39999 0.950617611408234
504.5 0.81644994020462
504.60001 0.680496990680695
504.70001 0.542624354362488
504.80002 0.402697831392288
504.89999 0.260504066944122
505 0.115936309099197
505.10001 -3.08141708374023E-02
505.20001 -0.179391220211983
505.30002 -0.329014897346497
505.39999 -0.478582590818405
505.5 -0.626795947551727
505.60001 -0.771871328353882
505.70001 -0.911816835403442
505.80002 -1.044473528862
505.89999 -1.16747450828552
506 -1.27868330478668
506.10001 -1.37594163417816
506.20001 -1.45726895332336
506.30002 -1.52114689350128
506.39999 -1.56649887561798
506.5 -1.59265267848969
506.60001 -1.59966731071472
506.70001 -1.58804786205292
506.80002 -1.55899035930634
506.89999 -1.51414585113525
507 -1.45573830604553
507.10001 -1.38633489608765
507.20001 -1.30882668495178
507.30002 -1.22613310813904
507.39999 -1.14130461215973
507.5 -1.05709731578827
507.60001 -0.976088285446167
507.70001 -0.900301694869995
507.80002 -0.831405103206635
507.89999 -0.770156145095825
508 -0.716883718967438
508.10001 -0.670984745025635
508.20001 -0.631390511989594
508.30002 -0.596179366111755
508.39999 -0.563097298145294
508.5 -0.529183745384216
508.60001 -0.491451978683472
508.70001 -0.446704417467117
508.80002 -0.391738831996918
508.89999 -0.323759585618973
509 -0.240232169628143
509.10001 -0.13927261531353
509.20001 -1.97704136371613E-02
509.30002 0.118644312024117
509.39999 0.275327444076538
509.5 0.448834419250488
509.60001 0.636748731136322
509.70001 0.835686922073364
509.80002 1.04156911373138
509.89999 1.24967980384827
510 1.45487082004547
510.10001 1.6516398191452
510.20001 1.83431887626648
510.30002 1.99761176109314
510.39999 2.13623857498169
510.5 2.24580144882202
510.60001 2.3223283290863
510.70001 2.36288976669312
510.80002 2.36546683311462
510.89999 2.32906913757324
511 2.25383281707764
511.10001 2.14092493057251
511.20001 1.99254989624023
511.30002 1.81182026863098
511.39999 1.60276162624359
511.5 1.36958062648773
511.60001 1.11743128299713
511.70001 0.851477026939392
511.80002 0.577030003070831
511.89999 0.299263566732407
512 2.28676050901413E-02
512.10004 -0.24772073328495
512.20001 -0.508422136306763
512.29999 -0.756157040596008
512.40002 -0.988603889942169
512.5 -1.20360362529755
512.60004 -1.40035557746887
512.70001 -1.57807242870331
512.79999 -1.73686611652374
512.90002 -1.87728238105774
513 -1.99988341331482
513.10004 -2.10569596290588
513.20001 -2.19549298286438
513.29999 -2.27022171020508
513.40002 -2.33050680160522
513.5 -2.37655925750732
513.60004 -2.40845632553101
513.70001 -2.42580485343933
513.79999 -2.42782402038574
513.90002 -2.41331171989441
514 -2.3810076713562
514.10004 -2.32921385765076
514.20001 -2.25638914108276
514.29999 -2.16098022460938
514.40002 -2.04143738746643
514.5 -1.89692997932434
514.60004 -1.72668993473053
514.70001 -1.53090214729309
514.79999 -1.3101212978363
514.90002 -1.06555497646332
515 -0.799661993980408
515.10004 -0.514946103096008
515.20001 -0.215398445725441
515.29999 9.50043499469757E-02
515.40002 0.411678969860077
515.5 0.729162812232971
515.60004 1.04253649711609
515.70001 1.34595620632172
515.79999 1.63438582420349
515.90002 1.90295422077179
516 2.14683890342712
516.10004 2.36245775222778
516.20001 2.54632186889648
516.29999 2.69625544548035
516.40002 2.81083703041077
516.5 2.88935732841492
516.60004 2.93215608596802
516.70001 2.94041848182678
516.79999 2.91611814498901
516.90002 2.86170601844788
517 2.78031516075134
517.10004 2.67534470558167
517.20001 2.55049610137939
517.29999 2.40943646430969
517.40002 2.25561189651489
517.5 2.09256958961487
517.60004 1.9230774641037
517.70001 1.74993765354156
517.79999 1.57509255409241
517.90002 1.39997458457947
518 1.22583365440369
518.10004 1.05307972431183
518.20001 0.881972849369049
518.29999 0.712254822254181
518.40002 0.543495893478394
518.5 0.375297963619232
518.60004 0.206932827830315
518.70001 3.81235480308533E-02
518.79999 -0.131337091326714
518.90002 -0.301585912704468
519 -0.471960008144379
519.10004 -0.641951680183411
519.20001 -0.8102166056633
519.29999 -0.97535640001297
519.40002 -1.13571214675903
519.5 -1.28905665874481
519.60004 -1.43343377113342
519.70001 -1.56648969650269
519.79999 -1.68636119365692
519.90002 -1.7912323474884
520 -1.87941765785217
520.10004 -1.95003664493561
520.20001 -2.00237679481506
520.29999 -2.03652906417847
520.40002 -2.05303192138672
520.5 -2.05303573608398
520.60004 -2.03825664520264
520.70001 -2.01081466674805
520.79999 -1.97324597835541
520.90002 -1.92826044559479
521 -1.87885141372681
521.10004 -1.82766282558441
521.20001 -1.77738583087921
521.29999 -1.73035299777985
521.40002 -1.68817639350891
521.5 -1.65221405029297
521.60004 -1.62269961833954
521.70001 -1.59950876235962
521.79999 -1.58152449131012
521.90002 -1.56699788570404
522 -1.55347609519958
522.10004 -1.53779971599579
522.20001 -1.51670134067535
522.29999 -1.4862220287323
522.40002 -1.44249129295349
522.5 -1.38193416595459
522.60004 -1.30087184906006
522.70001 -1.19650435447693
522.79999 -1.06643426418304
522.90002 -0.909075379371643
523 -0.724168300628662
523.10004 -0.511910140514374
523.20001 -0.274202585220337
523.29999 -1.34955495595932E-02
523.40002 0.266716182231903
523.5 0.561364889144897
523.60004 0.865633308887482
523.70001 1.17311453819275
523.79999 1.47758281230927
523.90002 1.77266812324524
524 2.05151915550232
524.10004 2.30819082260132
524.20001 2.53663349151611
524.29999 2.73208570480347
524.40002 2.89032387733459
524.5 3.00821542739868
524.60004 3.08371210098267
524.70001 3.11594414710999
524.79999 3.10533308982849
524.90002 3.05332279205322
525 2.96243333816528
525.10004 2.8360230922699
525.20001 2.6785204410553
525.29999 2.49473667144775
525.40002 2.28971385955811
525.5 2.06916499137878
525.60004 1.83830428123474
525.70001 1.60270380973816
525.79999 1.36703944206238
525.90002 1.13569593429565
526 0.91265344619751
526.10004 0.700755000114441
526.20001 0.502634644508362
526.29999 0.319768697023392
526.40002 0.152958035469055
526.5 2.7123149484396E-03
526.60004 -0.131554916501045
526.70001 -0.2503781914711
526.79999 -0.355033159255981
526.90002 -0.446841657161713
527 -0.527088344097137
527.10004 -0.597310960292816
527.20001 -0.658607959747314
527.29999 -0.712177932262421
527.40002 -0.758759498596191
527.5 -0.798879861831665
527.60004 -0.832746028900146
527.70001 -0.860276579856873
527.79999 -0.881330788135529
527.90002 -0.895416498184204
528 -0.90209174156189
528.10004 -0.900921821594238
528.20001 -0.891563534736633
528.29999 -0.873892188072205
528.40002 -0.847973704338074
528.5 -0.814415216445923
528.60004 -0.773944735527039
528.70001 -0.727851629257202
528.79999 -0.677701354026794
528.90002 -0.625384330749512
529 -0.573249936103821
529.10004 -0.523470520973206
529.20001 -0.478685766458511
529.29999 -0.441191107034683
529.40002 -0.413350522518158
529.5 -0.397118628025055
529.60004 -0.393973529338837
529.70001 -0.405172139406204
529.79999 -0.431038618087769
529.90002 -0.47162127494812
530 -0.526053309440613
530.10004 -0.593004405498505
530.20001 -0.670266211032867
530.29999 -0.755398452281952
530.40002 -0.845416605472565
530.5 -0.936838150024414
530.60004 -1.02632069587708
530.70001 -1.11023020744324
530.79999 -1.18517732620239
530.90002 -1.2480776309967
531 -1.29614436626434
531.10004 -1.32731080055237
531.20001 -1.33998727798462
531.29999 -1.33337771892548
531.40002 -1.30755960941315
531.5 -1.26301634311676
531.60004 -1.20121991634369
531.70001 -1.12414014339447
531.79999 -1.03430008888245
531.90002 -0.934482932090759
532 -0.827909231185913
532.10004 -0.717679262161255
532.20001 -0.607044160366058
532.29999 -0.498668909072876
532.40002 -0.394986093044281
532.5 -0.297956109046936
532.60004 -0.208740070462227
532.70001 -0.128009408712387
532.79999 -5.55690675973892E-02
532.90002 9.44896042346954E-03
533 6.85569867491722E-02
533.10004 0.123840376734734
533.20001 0.177811503410339
533.29999 0.233257472515106
533.40002 0.293195188045502
533.5 0.360424518585205
533.60004 0.437681883573532
533.70001 0.527137041091919
533.79999 0.630522906780243
533.90002 0.748857796192169
534 0.88215172290802
534.10004 1.02992606163025
534.20001 1.19038462638855
534.29999 1.36103701591492
534.40002 1.53886747360229
534.5 1.71955215930939
534.60004 1.89878106117249
534.70001 2.07128739356995
534.79999 2.23202967643738
534.90002 2.37591481208801
535 2.49759554862976
535.10004 2.59280467033386
535.20001 2.65732407569885
535.29999 2.68797922134399
535.40002 2.6825098991394
535.5 2.63949370384216
535.60004 2.55867695808411
535.70001 2.44096040725708
535.79999 2.28812885284424
535.90002 2.10292840003967
536 1.8893129825592
536.10004 1.65146863460541
536.20001 1.39464354515076
536.29999 1.12402939796448
536.40002 0.845043122768402
536.5 0.563453435897827
536.60004 0.284213662147522
536.70001 1.25068426132202E-02
536.79999 -0.247397795319557
536.90002 -0.492115914821625
537 -0.718389511108398
537.10004 -0.924285054206848
537.20001 -1.10821938514709
537.29999 -1.26973581314087
537.40002 -1.40904927253723
537.5 -1.52666449546814
537.60004 -1.62404417991638
537.70001 -1.7026115655899
537.79999 -1.76424622535706
537.90002 -1.81084561347961
538 -1.84428071975708
538.10004 -1.86628305912018
538.20001 -1.87833487987518
538.29999 -1.88148605823517
538.40002 -1.87662744522095
538.5 -1.86404967308044
538.60004 -1.84386801719666
538.70001 -1.8158141374588
538.79999 -1.7792454957962
538.90002 -1.7335512638092
539 -1.67801713943481
539.10004 -1.61177754402161
539.20001 -1.5343656539917
539.29999 -1.44547188282013
539.40002 -1.34499037265778
539.5 -1.23350560665131
539.60004 -1.11169159412384
539.70001 -0.981038868427277
539.79999 -0.843251585960388
539.90002 -0.700325489044189
540 -0.554973006248474
540.10004 -0.409762650728226
540.20001 -0.267656624317169
540.29999 -0.131619602441788
540.40002 -4.14928793907166E-03
540.5 0.111953943967819
540.60004 0.214752048254013
540.70001 0.302411943674088
540.79999 0.373847603797913
540.90002 0.428543508052826
541 0.466584980487823
541.10004 0.488802969455719
541.20001 0.496455758810043
541.29999 0.491461843252182
541.40002 0.476163804531097
541.5 0.453153967857361
541.60004 0.425428956747055
541.70001 0.395774751901627
541.79999 0.367023229598999
541.90002 0.341749429702759
542 0.322213500738144
542.10004 0.310037672519684
542.20001 0.30651006102562
542.29999 0.312105715274811
542.40002 0.326814234256744
542.5 0.349904477596283
542.60004 0.380030155181885
542.70001 0.415470272302628
542.79999 0.454019337892532
542.90002 0.493277847766876
543 0.530668318271637
543.10004 0.563656091690063
543.20001 0.589877128601074
543.29999 0.607362329959869
543.40002 0.614564657211304
543.5 0.610483527183533
543.60004 0.594817996025085
543.70001 0.567901194095612
543.79999 0.530808389186859
543.90002 0.485149562358856
544 0.43340203166008
544.10004 0.378229469060898
544.20001 0.322860181331635
544.29999 0.270646631717682
544.40002 0.224949032068253
544.5 0.189092606306076
544.60004 0.165983512997627
544.70001 0.15811476111412
544.79999 0.167377948760986
544.90002 0.194794818758965
545 0.240789338946342
545.10004 0.304614543914795
545.20001 0.384845733642578
545.29999 0.479148507118225
545.40002 0.584446668624878
545.5 0.696895956993103
545.60004 0.812362492084503
545.70001 0.926048815250397
545.79999 1.03319919109344
545.90002 1.12914538383484
546 1.20927619934082
546.10004 1.26953125
546.20001 1.3063029050827
546.29999 1.31696379184723
546.40002 1.2995240688324
546.5 1.25302290916443
546.60004 1.17742395401001
546.70001 1.07364821434021
546.79999 0.943562209606171
546.90002 0.78960919380188
547 0.615465760231018
547.10004 0.42464017868042
547.20001 0.221739292144775
547.29999 1.11012160778046E-02
547.40002 -0.202941000461578
547.5 -0.41578608751297
547.60004 -0.623640418052673
547.70001 -0.82273656129837
547.79999 -1.01018345355988
547.90002 -1.18373441696167
548 -1.3414853811264
548.10004 -1.48262763023376
548.20001 -1.60662949085236
548.29999 -1.71384871006012
548.40002 -1.80505669116974
548.5 -1.88127374649048
548.60004 -1.94389224052429
548.70001 -1.99435722827911
548.79999 -2.03398776054382
548.90002 -2.06411933898926
549 -2.08574914932251
549.10004 -2.09927034378052
549.20001 -2.1049211025238
549.29999 -2.10227370262146
549.40002 -2.09060215950012
549.5 -2.0685122013092
549.60004 -2.03439426422119
549.70001 -1.98625063896179
549.79999 -1.9220564365387
549.90002 -1.83958923816681
550 -1.7368973493576
550.10004 -1.61214983463287
550.20001 -1.46416425704956
550.29999 -1.29202592372894
550.40002 -1.09547877311707
550.5 -0.875342965126038
550.60004 -0.632710695266724
550.70001 -0.370053052902222
550.79999 -9.00977328419685E-02
550.90002 0.203660055994987
551 0.506632149219513
551.10004 0.814403116703033
551.20001 1.12143492698669
551.29999 1.42261517047882
551.40002 1.71285176277161
551.5 1.98642158508301
551.60004 2.23891687393188
551.70001 2.46545791625977
551.79999 2.66248083114624
551.90002 2.82692289352417
552 2.9562840461731
552.10004 3.0492057800293
552.20001 3.10480093955994
552.29999 3.12341666221619
552.40002 3.10585808753967
552.5 3.05384349822998
552.60004 2.9692850112915
552.70001 2.85495138168335
552.79999 2.71374201774597
552.90002 2.54861998558044
553 2.36293721199036
553.10004 2.15959763526917
553.20001 1.94180846214294
553.29999 1.71208393573761
553.40002 1.47277295589447
553.5 1.22630178928375
553.60004 0.974213898181915
553.70001 0.71839302778244
553.79999 0.460099458694458
553.90002 0.200285285711288
554 -5.94829954206944E-02
554.10004 -0.318446546792984
554.20001 -0.574927866458893
554.29999 -0.827740550041199
554.40002 -1.0753082036972
554.5 -1.31529664993286
554.60004 -1.5458197593689
554.70001 -1.76389229297638
554.79999 -1.96687710285187
554.90002 -2.1518931388855
555 -2.31553816795349
555.10004 -2.45484828948975
555.20001 -2.56665849685669
555.29999 -2.64835572242737
555.40002 -2.69761824607849
555.5 -2.71258640289307
555.60004 -2.69219660758972
555.70001 -2.63623046875
555.79999 -2.54515027999878
555.90002 -2.42034935951233
556 -2.26432132720947
556.10004 -2.08022141456604
556.20001 -1.87239348888397
556.29999 -1.64540481567383
556.40002 -1.4045352935791
556.5 -1.15588617324829
556.60004 -0.90515124797821
556.70001 -0.658550441265106
556.79999 -0.421759247779846
556.90002 -0.199965476989746
557 1.88605487346649E-03
557.10004 0.180084392428398
557.20001 0.331498205661774
557.29999 0.454348266124725
557.40002 0.547920942306519
557.5 0.612412989139557
557.60004 0.649434387683868
557.70001 0.661486506462097
557.79999 0.65201324224472
557.90002 0.625234663486481
558 0.585987269878387
558.10004 0.539335489273071
558.20001 0.490623414516449
558.29999 0.445016920566559
558.40002 0.407322525978088
558.5 0.381938755512238
558.60004 0.37242180109024
558.70001 0.381554067134857
558.79999 0.411048471927643
558.90002 0.46164071559906
559 0.532984614372253
559.10004 0.623689651489258
559.20001 0.731318533420563
559.29999 0.852728962898254
559.40002 0.984034657478333
559.5 1.12065136432648
559.60004 1.25790870189667
559.70001 1.39075207710266
559.79999 1.51432764530182
559.90002 1.62425208091736
560 1.71614933013916
560.10004 1.78652334213257
560.20001 1.83259356021881
560.29999 1.85232305526733
560.40002 1.84458899497986
560.5 1.80913937091827
560.60004 1.74650752544403
560.70001 1.65803301334381
560.79999 1.54574382305145
560.90002 1.41212630271912
561 1.26036691665649
561.10004 1.09353220462799
561.20001 0.915264964103699
561.29999 0.728839159011841
561.40002 0.537358164787292
561.5 0.34409487247467
561.60004 0.151482790708542
561.70001 -3.80216538906097E-02
561.79999 -0.222689732909203
561.90002 -0.401213884353638
562 -0.572404265403748
562.10004 -0.735830307006836
562.20001 -0.890896558761597
562.29999 -1.03752827644348
562.40002 -1.17587685585022
562.5 -1.30569529533386
562.60004 -1.42709362506866
562.70001 -1.53965151309967
562.79999 -1.64304947853088
562.90002 -1.73657882213593
563 -1.81935858726501
563.10004 -1.89024972915649
563.20001 -1.94783329963684
563.29999 -1.990553855896
563.40002 -2.01705980300903
563.5 -2.02566957473755
563.60004 -2.01486778259277
563.70001 -1.98363304138184
563.79999 -1.93106198310852
563.90002 -1.85667657852173
564 -1.76067960262299
564.10004 -1.64368951320648
564.20001 -1.50698518753052
564.29999 -1.35240018367767
564.40002 -1.18222868442535
564.5 -0.999654650688171
564.60004 -0.807727694511414
564.70001 -0.610390186309814
564.79999 -0.41131067276001
564.90002 -0.214200884103775
565 -2.31447592377663E-02
565.10004 0.158682823181152
565.20001 0.327984273433685
565.29999 0.482261121273041
565.40002 0.619714558124542
565.5 0.738906860351563
565.60004 0.839570939540863
565.70001 0.921781301498413
565.79999 0.986579835414886
565.90002 1.0356525182724
566 1.07101082801819
566.10004 1.09536111354828
566.20001 1.11145484447479
566.29999 1.12226140499115
566.40002 1.13071775436401
566.5 1.13942849636078
566.60004 1.15072953701019
566.70001 1.16633141040802
566.79999 1.18739974498749
566.90002 1.21432101726532
567 1.24671030044556
567.10004 1.28363966941833
567.20001 1.32322418689728
567.29999 1.36299228668213
567.40002 1.40010452270508
567.5 1.43119120597839
567.60004 1.45270586013794
567.70001 1.46111118793488
567.79999 1.45292019844055
567.90002 1.42518198490143
568 1.37525951862335
568.10004 1.30132174491882
568.20001 1.2023218870163
568.29999 1.07811772823334
568.40002 0.9293172955513
568.5 0.757846355438232
568.60004 0.566168785095215
568.70001 0.357954740524292
568.79999 0.137427508831024
568.90002 -9.09835249185562E-02
569 -0.321573048830032
569.10004 -0.549376368522644
569.20001 -0.768603086471558
569.29999 -0.974262595176697
569.40002 -1.16160190105438
569.5 -1.32623362541199
569.60004 -1.46488702297211
569.70001 -1.57470977306366
569.79999 -1.65410721302032
569.90002 -1.70243716239929
570 -1.71988189220428
570.10004 -1.70766866207123
570.20001 -1.66786825656891
570.29999 -1.60331976413727
570.40002 -1.51729130744934
570.5 -1.41371023654938
570.60004 -1.2965989112854
570.70001 -1.17021226882935
570.79999 -1.0385023355484
570.90002 -0.905127942562103
571 -0.773627042770386
571.10004 -0.646701693534851
571.20001 -0.526715934276581
571.29999 -0.4151990711689
571.40002 -0.313010513782501
571.5 -0.220527470111847
571.60004 -0.137397289276123
571.70001 -6.29666820168495E-02
571.79999 4.05769050121307E-03
571.90002 0.065046064555645
572 0.121552109718323
572.10004 0.174997076392174
572.20001 0.226736813783646
572.29999 0.277963221073151
572.40002 0.329408407211304
572.5 0.38141667842865
572.60004 0.433903813362122
572.70001 0.486274898052216
572.79999 0.537539958953857
572.90002 0.586311459541321
573 0.630989372730255
573.10004 0.669662296772003
573.20001 0.700405180454254
573.29999 0.721420407295227
573.40002 0.730952620506287
573.5 0.727692186832428
573.60004 0.71064305305481
573.70001 0.679435729980469
573.79999 0.634089708328247
573.90002 0.575409650802612
574 0.504736065864563
574.10004 0.423958003520966
574.20001 0.335544675588608
574.29999 0.242332756519318
574.40002 0.14749476313591
574.5 5.44032752513885E-02
574.60004 -3.35361585021019E-02
574.70001 -0.113172017037868
574.79999 -0.181360825896263
574.90002 -0.235648080706596
575 -0.273894727230072
575.10004 -0.294607698917389
575.20001 -0.297161012887955
575.29999 -0.281492471694946
575.40002 -0.248275816440582
575.5 -0.198947295546532
575.60004 -0.135444417595863
575.70001 -6.04591518640518E-02
575.79999 2.30746008455753E-02
575.90002 0.112006455659866
576 0.202811181545258
576.10004 0.292187869548798
576.20001 0.376855850219727
576.29999 0.453976631164551
576.40002 0.521128833293915
576.5 0.576213955879211
576.60004 0.617875576019287
576.70001 0.645411491394043
576.79999 0.658587753772736
576.90002 0.657848358154297
577 0.644120872020721
577.10004 0.618754148483276
577.20001 0.583431780338287
577.29999 0.540108859539032
577.40002 0.490645468235016
577.5 0.437033772468567
577.60004 0.380967408418655
577.70001 0.323963075876236
577.79999 0.267044365406036
577.90002 0.210825651884079
578 0.155549988150597
578.10004 0.100928708910942
578.20001 4.63798940181732E-02
578.29999 -9.22104716300964E-03
578.40002 -6.72052651643753E-02
578.5 -0.128976494073868
578.60004 -0.196032404899597
578.70001 -0.269807994365692
578.79999 -0.351322442293167
578.90002 -0.441527664661407
579 -0.540650725364685
579.10004 -0.648456931114197
579.20001 -0.763984978199005
579.29999 -0.88573145866394
579.40002 -1.01166069507599
579.5 -1.13867259025574
579.60004 -1.26369678974152
579.70001 -1.38284087181091
579.79999 -1.49216198921204
579.90002 -1.5875495672226
580 -1.66493773460388
580.10004 -1.72049355506897
580.20001 -1.75082635879517
580.29999 -1.75320839881897
580.40002 -1.72560203075409
580.5 -1.66677689552307
580.60004 -1.57658779621124
580.70001 -1.45586502552032
580.79999 -1.30634641647339
580.90002 -1.13069820404053
581 -0.932730317115784
581.10004 -0.716702997684479
581.20001 -0.487777709960938
581.29999 -0.251372367143631
581.40002 -1.28150582313538E-02
581.5 0.221745565533638
581.60004 0.447255879640579
581.70001 0.658356308937073
581.79999 0.850755214691162
581.90002 1.02083492279053
582 1.16563904285431
582.10004 1.28345608711243
582.20001 1.3733206987381
582.29999 1.43562209606171
582.40002 1.47143232822418
582.5 1.48281717300415
582.60004 1.47255992889404
582.70001 1.44427394866943
582.79999 1.40165519714355
582.90002 1.34883391857147
583 1.29000723361969
583.10004 1.229168176651
583.20001 1.17009019851685
583.29999 1.11578130722046
583.40002 1.06895387172699
583.5 1.03141009807587
583.60004 1.00411069393158
583.70001 0.987435400485992
583.79999 0.980803966522217
583.90002 0.983034551143646
584 0.992189705371857
584.10004 1.00592851638794
584.20001 1.02146756649017
584.29999 1.03584885597229
584.40002 1.04603719711304
584.5 1.04905378818512
584.60004 1.04225707054138
584.70001 1.0233416557312
584.79999 0.990525424480438
584.90002 0.942456245422363
585 0.878554582595825
585.10004 0.798682749271393
585.20001 0.703671336174011
585.29999 0.594505667686462
585.40002 0.472719252109528
585.5 0.340473175048828
585.60004 0.199975281953812
585.70001 5.37444651126862E-02
585.79999 -9.57996696233749E-02
585.90002 -0.246379479765892
586 -0.395547270774841
586.10004 -0.541628241539001
586.20001 -0.682915568351746
586.29999 -0.818197846412659
586.40002 -0.946786820888519
586.5 -1.06813681125641
586.60004 -1.18219923973083
586.70001 -1.28905367851257
586.79999 -1.38916122913361
586.90002 -1.48307657241821
587 -1.57105910778046
587.10004 -1.65368342399597
587.20001 -1.73103725910187
587.29999 -1.8029990196228
587.40002 -1.86932241916656
587.5 -1.92912495136261
587.60004 -1.98145222663879
587.70001 -2.02468085289001
587.79999 -2.05709433555603
587.90002 -2.07673358917236
588 -2.08152031898499
588.10004 -2.06916356086731
588.20001 -2.03773474693298
588.29999 -1.98541295528412
588.40002 -1.91061079502106
588.5 -1.8125673532486
588.60004 -1.69056439399719
588.70001 -1.54516291618347
588.79999 -1.37717008590698
588.90002 -1.18822717666626
589 -0.980850040912628
589.10004 -0.757828235626221
589.20001 -0.523168325424194
589.29999 -0.280682265758514
589.40002 -3.47529798746109E-02
589.5 0.209752961993217
589.60004 0.448613524436951
589.70001 0.676988124847412
589.79999 0.890981316566467
589.90002 1.08715498447418
590 1.26232540607452
590.10004 1.41439509391785
590.20001 1.54184150695801
590.29999 1.64418494701385
590.40002 1.72180140018463
590.5 1.77561712265015
590.60004 1.80765509605408
590.70001 1.82032632827759
590.79999 1.81645166873932
590.90002 1.79955232143402
591 1.77288377285004
591.10004 1.73989403247833
591.20001 1.70366859436035
591.29999 1.66708993911743
591.40002 1.63237655162811
591.5 1.60110330581665
591.60004 1.57423937320709
591.70001 1.55188989639282
591.79999 1.53339946269989
591.90002 1.5173681974411
592 1.50178456306458
592.10004 1.48412132263184
592.20001 1.46146726608276
592.29999 1.43062138557434
592.40002 1.38846254348755
592.5 1.33188557624817
592.60004 1.25819087028503
592.70001 1.16528701782227
592.79999 1.05156195163727
592.90002 0.916266918182373
593 0.759611666202545
593.10004 0.582521677017212
593.20001 0.387140154838562
593.29999 0.176241621375084
593.40002 -4.67236191034317E-02
593.5 -0.277214616537094
593.60004 -0.510598838329315
593.70001 -0.741573512554169
593.79999 -0.964914560317993
593.90002 -1.17552495002747
594 -1.36824607849121
594.10004 -1.53880679607391
594.20001 -1.68318700790405
594.29999 -1.79832708835602
594.40002 -1.88218474388123
594.5 -1.93343102931976
594.60004 -1.95196068286896
594.70001 -1.93849432468414
594.79999 -1.89485239982605
594.90002 -1.82351720333099
595 -1.72781133651733
595.10004 -1.61162137985229
595.20001 -1.47932648658752
595.29999 -1.33531963825226
595.40002 -1.18413758277893
595.5 -1.03030979633331
595.60004 -0.877800703048706
595.70001 -0.730417191982269
595.79999 -0.591191649436951
595.90002 -0.462561428546906
596 -0.346390962600708
596.10004 -0.243721216917038
596.20001 -0.154874816536903
596.29999 -7.97049403190613E-02
596.40002 -1.73705648630857E-02
596.5 3.33115756511688E-02
596.60004 7.39227682352066E-02
596.70001 0.106230959296227
596.79999 0.132205158472061
596.90002 0.153477355837822
597 0.171878799796104
597.10004 0.188720941543579
597.20001 0.20526397228241
597.29999 0.222160145640373
597.40002 0.239965498447418
597.5 0.258772820234299
597.60004 0.278280258178711
597.70001 0.298091053962708
597.79999 0.317491382360458
597.90002 0.335853010416031
598 0.352292954921722
598.10004 0.366329073905945
598.20001 0.377375781536102
598.29999 0.385177493095398
598.40002 0.389846622943878
598.5 0.391715854406357
598.60004 0.391450941562653
598.70001 0.389970600605011
598.79999 0.388500928878784
598.90002 0.388465315103531
599 0.391204923391342
599.10004 0.398267060518265
599.20001 0.410808265209198
599.29999 0.430062592029572
599.40002 0.456640839576721
599.5 0.490805983543396
599.60004 0.532351851463318
599.70001 0.580312669277191
599.79999 0.633483290672302
599.90002 0.689732491970062
600 0.746567904949188
600.10004 0.801030218601227
600.20001 0.84979772567749
600.29999 0.889294803142548
600.40002 0.915891110897064
600.5 0.926093339920044
600.60004 0.91664707660675
600.70001 0.884760797023773
600.79999 0.828337609767914
600.90002 0.745777010917664
601 0.636600017547607
601.10004 0.501079499721527
601.20001 0.34071096777916
601.29999 0.157713741064072
601.40002 -4.47088181972504E-02
601.5 -0.262149930000305
601.60004 -0.490104854106903
601.70001 -0.722752869129181
601.79999 -0.954300701618195
601.90002 -1.17892706394196
602 -1.39020812511444
602.10004 -1.58265042304993
602.20001 -1.75062870979309
602.29999 -1.88941872119904
602.40002 -1.99529147148132
602.5 -2.06504321098328
602.60004 -2.09689664840698
602.70001 -2.08983850479126
602.79999 -2.04429531097412
602.90002 -1.96151971817017
603 -1.84389662742615
603.10004 -1.6945378780365
603.20001 -1.51765036582947
603.29999 -1.31767582893372
603.40002 -1.09945118427277
603.5 -0.868244111537933
603.60004 -0.628921329975128
603.70001 -0.386691570281982
603.79999 -0.14589349925518
603.90002 8.94670337438583E-02
604 0.315757691860199
604.10004 0.530524611473083
604.20001 0.731552958488464
604.29999 0.917496621608734
604.40002 1.08794558048248
604.5 1.24265646934509
604.60004 1.3822283744812
604.70001 1.50733852386475
604.79999 1.61910831928253
604.90002 1.71882307529449
605 1.80735456943512
605.10004 1.88590371608734
605.20001 1.95488178730011
605.29999 2.01470565795898
605.40002 2.06518745422363
605.5 2.10567188262939
605.60004 2.13519358634949
605.70001 2.15230274200439
605.79999 2.15520095825195
605.90002 2.14202070236206
606 2.11060929298401
606.10004 2.05897951126099
606.20001 1.98531210422516
606.29999 1.88821113109589
606.40002 1.76647853851318
606.5 1.61980271339417
606.60004 1.44833099842072
606.70001 1.25317192077637
606.79999 1.03599154949188
606.90002 0.799068868160248
607 0.545994162559509
607.10004 0.280226856470108
607.20001 6.44256174564362E-03
607.29999 -0.270743429660797
607.40002 -0.546541273593903
607.5 -0.815612733364105
607.60004 -1.07340526580811
607.70001 -1.31493830680847
607.79999 -1.53634166717529
607.90002 -1.73406910896301
608 -1.90512657165527
608.10004 -2.04771542549133
608.20001 -2.1604151725769
608.29999 -2.24311876296997
608.40002 -2.29641962051392
608.5 -2.32151484489441
608.60004 -2.32046055793762
608.70001 -2.29596662521362
608.79999 -2.25098085403442
608.90002 -2.18883275985718
609 -2.11296486854553
609.10004 -2.02676367759705
609.20001 -1.93350505828857
609.29999 -1.83597695827484
609.40002 -1.7366224527359
609.5 -1.63740503787994
609.60004 -1.53966498374939
609.70001 -1.44425201416016
609.79999 -1.35135018825531
609.90002 -1.26059055328369
610 -1.17135560512543
610.10004 -1.08251202106476
610.20001 -0.992729723453522
610.29999 -0.900627732276917
610.40002 -0.804687976837158
610.5 -0.70387464761734
610.60004 -0.596976041793823
610.70001 -0.483444631099701
610.79999 -0.362930625677109
610.90002 -0.235626056790352
611 -0.102265551686287
611.10004 3.61658036708832E-02
611.20001 0.178010806441307
611.29999 0.321482837200165
611.40002 0.464650422334671
611.5 0.605078279972076
611.60004 0.740741670131683
611.70001 0.869297027587891
611.79999 0.988925933837891
611.90002 1.09810161590576
612 1.19550919532776
612.10004 1.28049635887146
612.20001 1.35268688201904
612.29999 1.41245663166046
612.40002 1.46049654483795
612.5 1.49800050258636
612.60004 1.52652597427368
612.70001 1.54776239395142
612.79999 1.5635347366333
612.90002 1.57592880725861
613 1.58646178245544
613.10004 1.59678101539612
613.20001 1.60792052745819
613.29999 1.62050414085388
613.40002 1.63472747802734
613.5 1.65001368522644
613.60004 1.66533124446869
613.70001 1.67898297309875
613.79999 1.68893241882324
613.90002 1.69256615638733
614 1.68709909915924
614.10004 1.66961300373077
614.20001 1.63712704181671
614.29999 1.58697545528412
614.40002 1.51668131351471
614.5 1.42461788654327
614.60004 1.30936551094055
614.70001 1.17073631286621
614.79999 1.00920164585114
614.90002 0.825943648815155
615 0.623544812202454
615.10004 0.404860556125641
615.20001 0.174219578504562
615.29999 -6.39433562755585E-02
615.40002 -0.304588913917542
615.5 -0.541866838932037
615.60004 -0.770589590072632
615.70001 -0.984821498394012
615.79999 -1.17960894107819
615.90002 -1.35017001628876
616 -1.49242532253265
616.10004 -1.60337173938751
616.20001 -1.68071389198303
616.29999 -1.72354888916016
616.40002 -1.73193669319153
616.5 -1.70714294910431
616.60004 -1.6513934135437
616.70001 -1.56820285320282
616.79999 -1.46165442466736
616.90002 -1.33659851551056
617 -1.19856119155884
617.10004 -1.0530127286911
617.20001 -0.905963122844696
617.29999 -0.762858390808105
617.40002 -0.62879467010498
617.5 -0.508506894111633
617.60004 -0.405849814414978
617.70001 -0.32393079996109
617.79999 -0.264691174030304
617.90002 -0.229207560420036
618 -0.217749893665314
618.10004 -0.229217022657394
618.20001 -0.261909425258636
618.29999 -0.313230514526367
618.40002 -0.380073487758636
618.5 -0.458618372678757
618.60004 -0.545016765594482
618.70001 -0.635209441184998
618.79999 -0.725101947784424
618.90002 -0.811005115509033
619 -0.889363586902618
619.10004 -0.957283794879913
619.20001 -1.01237785816193
619.29999 -1.05277681350708
619.40002 -1.07738256454468
619.5 -1.08570861816406
619.60004 -1.07769656181335
619.70001 -1.0539972782135
619.79999 -1.01543378829956
619.90002 -0.963434815406799
620 -0.899416327476501
620.10004 -0.824852705001831
620.20001 -0.741451978683472
620.29999 -0.650565326213837
620.40002 -0.553423523902893
620.5 -0.451080620288849
620.60004 -0.34431129693985
620.70001 -0.233624085783958
620.79999 -0.119250699877739
620.90002 -1.15060806274414E-03
621 0.120612412691116
621.10004 0.246383458375931
621.20001 0.376018285751343
621.29999 0.50968199968338
621.40002 0.647188782691956
621.5 0.787912309169769
621.60004 0.931203007698059
621.70001 1.07568204402924
621.79999 1.21989357471466
621.90002 1.36182618141174
622 1.49911224842072
622.10004 1.62924325466156
622.20001 1.74938130378723
622.29999 1.85658025741577
622.40002 1.94821631908417
622.5 2.02146935462952
622.60004 2.07402229309082
622.70001 2.10387063026428
622.79999 2.10964417457581
622.90002 2.09050607681274
623 2.04644775390625
623.10004 1.97779035568237
623.20001 1.88609266281128
623.29999 1.77327787876129
623.40002 1.64188706874847
623.5 1.49516844749451
623.60004 1.33664667606354
623.70001 1.17017531394958
623.79999 0.999657869338989
623.90002 0.828892469406128
624 0.661550581455231
624.10004 0.50091028213501
624.20001 0.349759608507156
624.29999 0.210102751851082
624.40002 8.32757353782654E-02
624.5 -0.030010387301445
624.60004 -0.129947617650032
624.70001 -0.217434242367744
624.79999 -0.294056296348572
624.90002 -0.361960530281067
625 -0.423768401145935
625.10004 -0.482493311166763
625.20001 -0.541032612323761
625.29999 -0.602249622344971
625.40002 -0.669084668159485
625.5 -0.743657946586609
625.60004 -0.827702045440674
625.70001 -0.922174453735352
625.79999 -1.02739250659943
625.90002 -1.14274501800537
626 -1.26671147346497
626.10004 -1.39715802669525
626.20001 -1.53080201148987
626.29999 -1.66406857967377
626.40002 -1.79292917251587
626.5 -1.91266107559204
626.60004 -2.01887202262878
626.70001 -2.10675644874573
626.79999 -2.17227101325989
626.90002 -2.21156525611877
627 -2.2213819026947
627.10004 -2.19946956634521
627.20001 -2.14439630508423
627.29999 -2.0557062625885
627.40002 -1.93398594856262
627.5 -1.78094184398651
627.60004 -1.5989887714386
627.70001 -1.39193451404572
627.79999 -1.16375911235809
627.90002 -0.919216573238373
628 -0.663848221302032
628.10004 -0.402788370847702
628.20001 -0.141741633415222
628.29999 0.114045321941376
628.40002 0.359810352325439
628.5 0.591051816940308
628.60004 0.804215788841248
628.70001 0.996136426925659
628.79999 1.16476309299469
628.90002 1.30904996395111
629 1.42828893661499
629.10004 1.5230348110199
629.20001 1.59423804283142
629.29999 1.6436003446579
629.40002 1.67316794395447
629.5 1.68534660339355
629.60004 1.68260335922241
629.70001 1.66747057437897
629.79999 1.64229667186737
629.90002 1.60923004150391
630 1.56982755661011
630.10004 1.52541303634644
630.20001 1.47691893577576
630.29999 1.42438626289368
630.40002 1.3678560256958
630.5 1.306769490242
630.60004 1.24014353752136
630.70001 1.16704642772675
630.79999 1.08622682094574
630.90002 0.996550142765045
631 0.89706289768219
631.10004 0.787035763263702
631.20001 0.666237115859985
631.29999 0.534650266170502
631.40002 0.392825365066528
631.5 0.242068573832512
631.60004 8.38981866836548E-02
631.70001 -7.94811844825745E-02
631.79999 -0.245486736297607
631.90002 -0.411454409360886
632 -0.574031054973602
632.10004 -0.730255007743835
632.20001 -0.876816868782043
632.29999 -1.01087045669556
632.40002 -1.12992691993713
632.5 -1.23152112960815
632.60004 -1.31421101093292
632.70001 -1.37665522098541
632.79999 -1.41867923736572
632.90002 -1.44029760360718
633 -1.44235622882843
633.10004 -1.42619383335114
633.20001 -1.3937953710556
633.29999 -1.34727692604065
633.40002 -1.2891618013382
633.5 -1.22216999530792
633.60004 -1.14885127544403
633.70001 -1.07175731658936
633.79999 -0.993062138557434
633.90002 -0.914668560028076
634 -0.837997674942017
634.10004 -0.763812661170959
634.20001 -0.692628622055054
634.29999 -0.62421053647995
634.40002 -0.557879447937012
634.5 -0.492649734020233
634.60004 -0.426984965801239
634.70001 -0.359381109476089
634.79999 -0.288044065237045
634.90002 -0.211405143141747
635 -0.127885192632675
635.10004 -3.65191251039505E-02
635.20001 6.35480135679245E-02
635.29999 0.172483295202255
635.40002 0.289919316768646
635.5 0.414841949939728
635.60004 0.545803189277649
635.70001 0.680464625358582
635.79999 0.816234827041626
635.90002 0.950221657752991
636 1.07889747619629
636.10004 1.1989780664444
636.20001 1.30694735050201
636.29999 1.39967143535614
636.40002 1.47432565689087
636.5 1.52845680713654
636.60004 1.56047976016998
636.70001 1.56917715072632
636.79999 1.55443799495697
636.90002 1.51672887802124
637 1.45749735832214
637.10004 1.37883305549622
637.20001 1.28348827362061
637.29999 1.1747567653656
637.40002 1.05636775493622
637.5 0.932349741458893
637.60004 0.80655574798584
637.70001 0.682980179786682
637.79999 0.565189957618713
637.90002 0.45619797706604
638 0.358605593442917
638.10004 0.274126678705215
638.20001 0.203832536935806
638.29999 0.147803246974945
638.40002 0.105379521846771
638.5 7.51098990440369E-02
638.60004 5.48788458108902E-02
638.70001 4.18617576360703E-02
638.79999 3.29336076974869E-02
638.90002 2.46691033244133E-02
639 1.34470015764236E-02
639.10004 -4.13790345191956E-03
639.20001 -3.12556326389313E-02
639.29999 -7.05155879259109E-02
639.40002 -0.124172896146774
639.5 -0.193467646837234
639.60004 -0.27913424372673
639.70001 -0.380735039710999
639.79999 -0.497266829013824
639.90002 -0.626806795597076
640 -0.766609311103821
640.10004 -0.913478374481201
640.20001 -1.06348776817322
640.29999 -1.21272611618042
640.40002 -1.35683453083038
640.5 -1.49160480499268
640.60004 -1.61311686038971
640.70001 -1.7176958322525
640.79999 -1.80243563652039
640.90002 -1.86481904983521
641 -1.90334379673004
641.10004 -1.9170458316803
641.20001 -1.90603721141815
641.29999 -1.87106275558472
641.40002 -1.81353616714478
641.5 -1.73577558994293
641.60004 -1.64032185077667
641.70001 -1.53030264377594
641.79999 -1.40892910957336
641.90002 -1.2794201374054
642 -1.14514672756195
642.10004 -1.00887560844421
642.20001 -0.873321294784546
642.29999 -0.740438342094421
642.40002 -0.61173677444458
642.5 -0.488280355930328
642.60004 -0.370135903358459
642.70001 -0.25722736120224
642.79999 -0.148701578378677
642.90002 -0.043254341930151
643 6.05466589331627E-02
643.10004 0.16439351439476
643.20001 0.27002477645874
643.29999 0.37922191619873
643.40002 0.493422091007233
643.5 0.613559782505035
643.60004 0.740424752235413
643.70001 0.874043881893158
643.79999 1.01392936706543
643.90002 1.15922284126282
644 1.30811858177185
644.10004 1.45867669582367
644.20001 1.60806059837341
644.29999 1.75367712974548
644.40002 1.89229035377502
644.5 2.02062463760376
644.60004 2.13561367988586
644.70001 2.23425626754761
644.79999 2.31393456459045
644.90002 2.37242937088013
645 2.40813732147217
645.10004 2.41976284980774
645.20001 2.40689635276794
645.29999 2.36959481239319
645.40002 2.30850148200989
645.5 2.22503519058228
645.60004 2.12064862251282
645.70001 1.99750185012817
645.79999 1.85788583755493
645.90002 1.70408117771149
646 1.53864920139313
646.10004 1.36375856399536
646.20001 1.18169212341309
646.29999 0.9942227602005
646.40002 0.802623748779297
646.5 0.608340203762054
646.60004 0.411864727735519
646.70001 0.213856667280197
646.79999 1.42753720283508E-02
646.90002 -0.187060832977295
647 -0.390037000179291
647.10004 -0.595124065876007
647.20001 -0.802216053009033
647.29999 -1.01124167442322
647.40002 -1.2218416929245
647.5 -1.43285202980042
647.60004 -1.64329648017883
647.70001 -1.85093975067139
647.79999 -2.05339455604553
647.90002 -2.24795079231262
648 -2.43106865882874
648.10004 -2.59912586212158
648.20001 -2.74803018569946
648.29999 -2.87382006645203
648.40002 -2.97269630432129
648.5 -3.04063034057617
648.60004 -3.0745575428009
648.70001 -3.07178497314453
648.79999 -3.0302996635437
648.90002 -2.94894027709961
649 -2.82778000831604
649.10004 -2.66761541366577
649.20001 -2.47054219245911
649.29999 -2.23952603340149
649.40002 -1.97839212417603
649.5 -1.69224524497986
649.60004 -1.38630151748657
649.70001 -1.06710350513458
649.79999 -0.740713477134705
649.90002 -0.413703501224518
650 -9.27392169833183E-02
650.10004 0.216341927647591
650.20001 0.507713079452515
650.29999 0.776500284671783
650.40002 1.01907169818878
650.5 1.2319267988205
650.60004 1.41350829601288
650.70001 1.56270527839661
650.79999 1.67982637882233
650.90002 1.76622498035431
651 1.82394921779633
651.10004 1.85612094402313
651.20001 1.86599946022034
651.29999 1.85777962207794
651.40002 1.83549332618713
651.5 1.80336964130402
651.60004 1.76529860496521
651.70001 1.72506463527679
651.79999 1.68552148342133
651.90002 1.64904642105103
652 1.61728692054749
652.10004 1.59101474285126
652.20001 1.57025706768036
652.29999 1.55412042140961
652.40002 1.54110431671143
652.5 1.52919256687164
652.60004 1.51560187339783
652.70001 1.49752271175385
652.79999 1.47196996212006
652.90002 1.43578898906708
653 1.38639616966248
653.10004 1.32122135162354
653.20001 1.23846018314362
653.29999 1.13684296607971
653.40002 1.0157470703125
653.5 0.875327587127686
653.60004 0.716445803642273
653.70001 0.540957927703857
653.79999 0.350989133119583
653.90002 0.14931708574295
654 -6.05243928730488E-02
654.10004 -0.27511727809906
654.20001 -0.49040412902832
654.29999 -0.70276665687561
654.40002 -0.908513724803925
654.5 -1.1041111946106
654.60004 -1.28668737411499
654.70001 -1.45336472988129
654.79999 -1.60222947597504
654.90002 -1.73182892799377
655 -1.84107911586761
655.10004 -1.92961966991425
655.20001 -1.9975563287735
655.29999 -2.04537272453308
655.40002 -2.07391333580017
655.5 -2.08426356315613
655.60004 -2.07760071754456
655.70001 -2.05522298812866
655.79999 -2.01829671859741
655.90002 -1.96775102615356
656 -1.90466165542603
656.10004 -1.82946801185608
656.20001 -1.74270462989807
656.29999 -1.6444343328476
656.40002 -1.53463673591614
656.5 -1.41332626342773
656.60004 -1.28018665313721
656.70001 -1.13512098789215
656.79999 -0.978219211101532
656.90002 -0.809488534927368
657 -0.629648923873901
657.10004 -0.439534544944763
657.20001 -0.240709289908409
657.29999 -0.034825012087822
657.40002 0.175930678844452
657.5 0.388479113578796
657.60004 0.599986493587494
657.70001 0.806705951690674
657.79999 1.00517678260803
657.90002 1.19170165061951
658 1.3624439239502
658.10004 1.51419448852539
658.20001 1.64375293254852
658.29999 1.74864506721497
658.40002 1.82703125476837
658.5 1.87774169445038
658.60004 1.90035486221313
658.70001 1.89554381370544
658.79999 1.86460375785828
658.90002 1.80975639820099
659 1.7341136932373
659.10004 1.64109992980957
659.20001 1.5349577665329
659.29999 1.42019617557526
659.40002 1.3011919260025
659.5 1.18270623683929
659.60004 1.06893992424011
659.70001 0.96390974521637
659.79999 0.870741188526154
659.90002 0.791946053504944
660 0.729375720024109
660.10004 0.683524608612061
660.20001 0.654256343841553
660.29999 0.640321493148804
660.40002 0.639590501785278
660.5 0.649116635322571
660.60004 0.665319561958313
660.70001 0.684114575386047
660.79999 0.700928688049316
660.90002 0.711309015750885
661 0.710853159427643
661.10004 0.695281147956848
661.20001 0.661036729812622
661.29999 0.605257272720337
661.40002 0.525687575340271
661.5 0.421159833669662
661.60004 0.29149466753006
661.70001 0.137466475367546
661.79999 -0.038974404335022
661.90002 -0.235372379422188
662 -0.4478979408741
662.10004 -0.67254763841629
662.20001 -0.904309809207916
662.29999 -1.13826048374176
662.40002 -1.36928164958954
662.5 -1.59196412563324
662.60004 -1.80161035060883
662.70001 -1.99357914924622
662.79999 -2.16407108306885
662.90002 -2.30990219116211
663 -2.42856407165527
663.10004 -2.51846671104431
663.20001 -2.57875108718872
663.29999 -2.60937666893005
663.40002 -2.61114001274109
663.5 -2.58531594276428
663.60004 -2.53379201889038
663.70001 -2.45893216133118
663.79999 -2.36297035217285
663.90002 -2.24853110313416
664 -2.11835098266602
664.10004 -1.97448468208313
664.20001 -1.81925356388092
664.29999 -1.65434074401855
664.40002 -1.48107779026031
664.5 -1.30067920684814
664.60004 -1.11346209049225
664.70001 -0.920111238956451
664.79999 -0.720442652702332
664.90002 -0.514299035072327
665 -0.301867634057999
665.10004 -8.27364176511765E-02
665.20001 0.14262230694294
665.29999 0.374021261930466
665.40002 0.610636949539185
665.5 0.851096987724304
665.60004 1.09377193450928
665.70001 1.33619523048401
665.79999 1.57562708854675
665.90002 1.80903291702271
666 2.03246569633484
666.10004 2.24234199523926
666.20001 2.43439221382141
666.29999 2.60471606254578
666.40002 2.74959778785706
666.5 2.86535048484802
666.60004 2.94904398918152
666.70001 2.99821281433105
666.79999 3.01120471954346
666.90002 2.98714351654053
667 2.92613768577576
667.10004 2.82900738716125
667.20001 2.69769382476807
667.29999 2.53483891487122
667.40002 2.34386301040649
667.5 2.12897038459778
667.60004 1.8944673538208
667.70001 1.64566910266876
667.79999 1.38752245903015
667.90002 1.12489557266235
668 0.862982392311096
668.10004 0.606201827526093
668.20001 0.358961522579193
668.29999 0.124490663409233
668.40002 -9.43595767021179E-02
668.5 -0.295303463935852
668.60004 -0.477108418941498
668.70001 -0.638911783695221
668.79999 -0.780933737754822
668.90002 -0.903728008270264
669 -1.00826787948608
669.10004 -1.09616553783417
669.20001 -1.16906428337097
669.29999 -1.22874653339386
669.40002 -1.27715730667114
669.5 -1.31595754623413
669.60004 -1.34650921821594
669.70001 -1.37004375457764
669.79999 -1.38730669021606
669.90002 -1.39893293380737
670 -1.40486645698547
670.10004 -1.40489220619202
670.20001 -1.39866662025452
670.29999 -1.38545775413513
670.40002 -1.36468946933746
670.5 -1.33549952507019
670.60004 -1.2975400686264
670.70001 -1.25045442581177
670.79999 -1.19434785842896
670.90002 -1.1295177936554
671 -1.05698382854462
671.10004 -0.978004693984985
671.20001 -0.894421398639679
671.29999 -0.808384299278259
671.40002 -0.722310483455658
671.5 -0.638910055160522
671.60004 -0.561101973056793
671.70001 -0.491574227809906
671.79999 -0.432801216840744
671.90002 -0.387083977460861
672 -0.356078565120697
672.10004 -0.340936213731766
672.20001 -0.34210330247879
672.29999 -0.359089255332947
672.40002 -0.390772640705109
672.5 -0.435099631547928
672.60004 -0.489281237125397
672.70001 -0.549679458141327
672.79999 -0.612371623516083
672.90002 -0.672743439674377
673 -0.725893378257751
673.10004 -0.767243385314941
673.20001 -0.791790008544922
673.29999 -0.795328319072723
673.40002 -0.774099588394165
673.5 -0.725081384181976
673.60004 -0.646029591560364
673.70001 -0.535982012748718
673.79999 -0.394966781139374
673.90002 -0.224039256572723
674 -2.57924646139145E-02
674.10004 0.196655884385109
674.20001 0.438563197851181
674.29999 0.694765150547028
674.40002 0.959365129470825
674.5 1.22567892074585
674.60004 1.48739719390869
674.70001 1.73729109764099
674.79999 1.96917033195496
674.90002 2.17709589004517
675 2.35540747642517
675.10004 2.49982881546021
675.20001 2.60653471946716
675.29999 2.67319083213806
675.40002 2.6983585357666
675.5 2.68183350563049
675.60004 2.62451934814453
675.70001 2.52836680412292
675.79999 2.39633464813232
675.90002 2.23181748390198
676 2.03937864303589
676.10004 1.82344889640808
676.20001 1.58925259113312
676.29999 1.34162104129791
676.40002 1.08533310890198
676.5 0.825253367424011
676.60004 0.565307080745697
676.70001 0.309468805789948
676.79999 6.07965439558029E-02
676.90002 -0.178535714745522
677 -0.406187683343887
677.10004 -0.621161758899689
677.20001 -0.822515428066254
677.29999 -1.00985860824585
677.40002 -1.18335652351379
677.5 -1.34287405014038
677.60004 -1.48911619186401
677.70001 -1.62201535701752
677.79999 -1.74200892448425
677.90002 -1.84911513328552
678 -1.94312644004822
678.10004 -2.02362132072449
678.20001 -2.08981704711914
678.29999 -2.14094972610474
678.40002 -2.17582511901855
678.5 -2.1931529045105
678.60004 -2.1917359828949
678.70001 -2.17034411430359
678.79999 -2.12800788879395
678.90002 -2.06381487846375
679 -1.97762811183929
679.10004 -1.86930406093597
679.20001 -1.73960375785828
679.29999 -1.5896555185318
679.40002 -1.4209988117218
679.5 -1.23616564273834
679.60004 -1.03764677047729
679.70001 -0.828917145729065
679.79999 -0.61330646276474
679.90002 -0.394498229026794
680 -0.176583841443062
680.10004 3.70958596467972E-02
680.20001 0.242651060223579
680.29999 0.436883479356766
680.40002 0.617251694202423
680.5 0.781225919723511
680.60004 0.927291989326477
680.70001 1.05433678627014
680.79999 1.16206312179565
680.90002 1.25087404251099
681 1.32138562202454
681.10004 1.3751437664032
681.20001 1.41388392448425
681.29999 1.43954968452454
681.40002 1.45437788963318
681.5 1.46043884754181
681.60004 1.45976078510284
681.70001 1.45408308506012
681.79999 1.44481897354126
681.90002 1.43282568454742
682 1.41840410232544
682.10004 1.40149652957916
682.20001 1.38142776489258
682.29999 1.35700953006744
682.40002 1.32669222354889
682.5 1.28875029087067
682.60004 1.24103105068207
682.70001 1.18166887760162
682.79999 1.10871660709381
682.90002 1.02059841156006
683 0.916102647781372
683.10004 0.794656038284302
683.20001 0.656394839286804
683.29999 0.501989960670471
683.40002 0.333029627799988
683.5 0.151905387639999
683.60004 -3.84234189987183E-02
683.70001 -0.234093055129051
683.79999 -0.4309261739254
683.90002 -0.624532043933868
684 -0.809799075126648
684.10004 -0.982027471065521
684.20001 -1.13639295101166
684.29999 -1.26872205734253
684.40002 -1.37534654140472
684.5 -1.45303201675415
684.60004 -1.49993336200714
684.70001 -1.51467728614807
684.79999 -1.49723172187805
684.90002 -1.44857895374298
685 -1.37067401409149
685.10004 -1.26652932167053
685.20001 -1.14004075527191
685.29999 -0.995746970176697
685.40002 -0.838713407516479
685.5 -0.674455761909485
685.60004 -0.508540570735931
685.70001 -0.346504509449005
685.79999 -0.193490564823151
685.90002 -5.41319102048874E-02
686 6.74901008605957E-02
686.10004 0.168279901146889
686.20001 0.24587219953537
686.29999 0.299110144376755
686.40002 0.327801644802094
686.5 0.332645237445831
686.60004 0.315317898988724
686.70001 0.27833691239357
686.79999 0.224979296326637
686.90002 0.158739164471626
687 8.39896947145462E-02
687.10004 4.6607106924057E-03
687.20001 -7.50199779868126E-02
687.29999 -0.1510369181633
687.40002 -0.219942778348923
687.5 -0.278644680976868
687.60004 -0.324788630008698
687.70001 -0.356623888015747
687.79999 -0.373208701610565
687.90002 -0.374361902475357
688 -0.360531449317932
688.10004 -0.332754164934158
688.20001 -0.292715966701508
688.29999 -0.242570802569389
688.40002 -0.184504389762878
688.5 -0.121076181530952
688.60004 -5.46408742666245E-02
688.70001 1.22367292642593E-02
688.79999 7.76313245296478E-02
688.90002 0.139734715223312
689 0.197160258889198
689.10004 0.248999625444412
689.20001 0.294754266738892
689.29999 0.33449524641037
689.40002 0.368532985448837
689.5 0.397463232278824
689.60004 0.422392904758453
689.70001 0.444269478321075
689.79999 0.46414452791214
689.90002 0.483170032501221
690 0.50200343132019
690.10004 0.521414875984192
690.20001 0.541489601135254
690.29999 0.562358379364014
690.40002 0.58335280418396
690.5 0.603708148002625
690.60004 0.622295498847961
690.70001 0.637709438800812
690.79999 0.648301839828491
690.90002 0.652447104454041
691 0.648556113243103
691.10004 0.635004997253418
691.20001 0.610625565052032
691.29999 0.574722468852997
691.40002 0.52665388584137
691.5 0.466692388057709
691.60004 0.395451277494431
691.70001 0.314191609621048
691.79999 0.224623441696167
691.90002 0.129036575555801
692 3.00457328557968E-02
692.10004 -6.93667680025101E-02
692.20001 -0.166003361344337
692.29999 -0.256865262985229
692.40002 -0.338917344808578
692.5 -0.409264266490936
692.60004 -0.465667366981506
692.70001 -0.506220996379852
692.79999 -0.529896140098572
692.90002 -0.535995244979858
693 -0.524910151958466
693.10004 -0.49758192896843
693.20001 -0.455761134624481
693.29999 -0.401723623275757
693.40002 -0.338389128446579
693.5 -0.269108891487122
693.60004 -0.197304517030716
693.70001 -0.126835003495216
693.79999 -6.11092671751976E-02
693.90002 -3.51704657077789E-03
694 4.30041551589966E-02
694.10004 7.62070268392563E-02
694.20001 9.43561196327209E-02
694.29999 9.64427590370178E-02
694.40002 0.082475870847702
694.5 5.30750304460526E-02
694.60004 9.78656113147736E-03
694.70001 -0.045186921954155
694.79999 -0.10902164131403
694.90002 -0.178451880812645
695 -0.249829947948456
695.10004 -0.319399297237396
695.20001 -0.38340300321579
695.29999 -0.438319385051727
695.40002 -0.48116409778595
695.5 -0.509221374988556
695.60004 -0.520710229873657
695.70001 -0.514522075653076
695.79999 -0.490339875221252
695.90002 -0.448707699775696
696 -0.391118586063385
696.10004 -0.319615602493286
696.20001 -0.237050652503967
696.29999 -0.146834254264832
696.40002 -0.052486926317215
696.5 0.041783519089222
696.60004 0.13231372833252
696.70001 0.215226739645004
696.79999 0.28717577457428
696.90002 0.345285207033157
697 0.387243837118149
697.10004 0.411549866199493
697.20001 0.417461633682251
697.29999 0.40513750910759
697.40002 0.375393956899643
697.5 0.3299919962883
697.60004 0.271085619926453
697.70001 0.201774001121521
697.79999 0.125174820423126
697.90002 4.46998178958893E-02
698 -3.59652042388916E-02
698.10004 -0.113541722297668
698.20001 -0.184602901339531
698.29999 -0.246563643217087
698.40002 -0.297356277704239
698.5 -0.335118055343628
698.60004 -0.359200358390808
698.70001 -0.369277507066727
698.79999 -0.366041302680969
698.90002 -0.350527882575989
699 -0.324337959289551
699.10004 -0.289897441864014
699.20001 -0.249519497156143
699.29999 -0.205895870923996
699.40002 -0.161591798067093
699.5 -0.119205266237259
699.60004 -8.08387696743011E-02
699.70001 -4.83190566301346E-02
699.79999 -2.30099260807037E-02
699.90002 -5.57710230350494E-03
700 3.88862192630768E-03
700.10004 5.89258968830109E-03
700.20001 1.49117410182953E-03
700.29999 -7.60859996080399E-03
700.40002 -1.94367468357086E-02
700.5 -3.16667482256889E-02
700.60004 -4.17025685310364E-02
700.70001 -4.70608025789261E-02
700.79999 -0.045336976647377
700.90002 -3.44824641942978E-02
701 -1.26618444919586E-02
701.10004 2.12424546480179E-02
701.20001 6.79041594266891E-02
701.29999 0.127281248569489
701.40002 0.198582723736763
701.5 0.28051221370697
701.60004 0.371005952358246
701.70001 0.467564254999161
701.79999 0.567362666130066
701.90002 0.667010486125946
702 0.763117909431458
702.10004 0.852388143539429
702.20001 0.931396424770355
702.29999 0.997321367263794
702.40002 1.04748821258545
702.5 1.07993948459625
702.60004 1.09322309494019
702.70001 1.08651232719421
702.79999 1.05978667736053
702.90002 1.01353061199188
703 0.948998928070068
703.10004 0.867836058139801
703.20001 0.772332310676575
703.29999 0.664820849895477
703.40002 0.548154771327972
703.5 0.42503160238266
703.60004 0.298175662755966
703.70001 0.170140653848648
703.79999 4.32676821947098E-02
703.90002 -8.06683152914047E-02
704 -0.200054571032524
704.10004 -0.313878118991852
704.20001 -0.42153137922287
704.29999 -0.522879540920258
704.40002 -0.617985785007477
704.5 -0.707199215888977
704.60004 -0.791372299194336
704.70001 -0.871006071567535
704.79999 -0.946766316890717
704.90002 -1.01922917366028
705 -1.08867001533508
705.10004 -1.15495049953461
705.20001 -1.21750974655151
705.29999 -1.275594830513
705.40002 -1.32799112796783
705.5 -1.37287974357605
705.60004 -1.40831565856934
705.70001 -1.43196427822113
705.79999 -1.44147574901581
705.90002 -1.43447530269623
706 -1.40853226184845
706.10004 -1.36182880401611
706.20001 -1.2926459312439
706.29999 -1.20004904270172
706.40002 -1.0836079120636
706.5 -0.943978786468506
706.60004 -0.781972467899323
706.70001 -0.600078105926514
706.79999 -0.400966465473175
706.90002 -0.188196003437042
707 3.37114483118057E-02
707.10004 0.260158240795135
707.20001 0.485694348812103
707.29999 0.705035269260406
707.40002 0.912927210330963
707.5 1.10385859012604
707.60004 1.27340388298035
707.70001 1.4170663356781
707.79999 1.53160893917084
707.90002 1.61446678638458
708 1.66410279273987
708.10004 1.68011212348938
708.20001 1.66307020187378
708.29999 1.61467444896698
708.40002 1.5375314950943
708.5 1.43511497974396
708.60004 1.31173920631409
708.70001 1.17202484607697
708.79999 1.02108955383301
708.90002 0.86409455537796
709 0.706132054328918
709.10004 0.551825344562531
709.20001 0.40574786067009
709.29999 0.271195292472839
709.40002 0.151062309741974
709.5 4.73438650369644E-02
709.60004 -3.90444099903107E-02
709.70001 -0.10791440308094
709.79999 -0.160375669598579
709.90002 -0.197797179222107
710 -0.222695410251617
710.10004 -0.238070085644722
710.20001 -0.247113257646561
710.29999 -0.253296285867691
710.40002 -0.260200321674347
710.5 -0.271010011434555
710.60004 -0.288745522499084
710.70001 -0.315838128328323
710.79999 -0.353913128376007
710.90002 -0.404150485992432
711 -0.466732084751129
711.10004 -0.541128873825073
711.20001 -0.625841736793518
711.29999 -0.718874990940094
711.40002 -0.817662358283997
711.5 -0.91885381937027
711.60004 -1.01890158653259
711.70001 -1.11412692070007
711.79999 -1.20068049430847
711.90002 -1.27511525154114
712 -1.33400535583496
712.10004 -1.37448489665985
712.20001 -1.39421570301056
712.29999 -1.39145708084106
712.40002 -1.36539924144745
712.5 -1.31552374362946
712.60004 -1.24234282970428
712.70001 -1.14705407619476
712.79999 -1.03110253810883
712.90002 -0.89660632610321
713 -0.746377170085907
713.10004 -0.582909882068634
713.20001 -0.409328877925873
713.29999 -0.228564634919167
713.40002 -4.33738976716995E-02
713.5 0.143360763788223
713.60004 0.329359412193298
713.70001 0.512205362319946
713.79999 0.690266311168671
713.90002 0.862064480781555
714 1.02616679668427
714.10004 1.18185865879059
714.20001 1.32815098762512
714.29999 1.46438884735107
714.40002 1.59026443958282
714.5 1.70484972000122
714.60004 1.80756771564484
714.70001 1.89738643169403
714.79999 1.97342956066132
714.90002 2.03441429138184
715 2.07872676849365
715.10004 2.10476660728455
715.20001 2.11094617843628
715.29999 2.09543657302856
715.40002 2.05639338493347
715.5 1.99256646633148
715.60004 1.90244424343109
715.70001 1.78552305698395
715.79999 1.64137983322144
715.90002 1.4703334569931
716 1.27366280555725
716.10004 1.05296099185944
716.20001 0.811076521873474
716.29999 0.551320612430573
716.40002 0.277529180049896
716.5 -5.03280758857727E-03
716.60004 -0.291713714599609
716.70001 -0.576261639595032
716.79999 -0.853252410888672
716.90002 -1.1169764995575
717 -1.36156165599823
717.10004 -1.58183622360229
717.20001 -1.77317094802856
717.29999 -1.9316371679306
717.40002 -2.05438494682312
717.5 -2.13940787315369
717.60004 -2.18589091300964
717.70001 -2.19409990310669
717.79999 -2.16546440124512
717.90002 -2.10260343551636
718 -2.00884008407593
718.10004 -1.88848483562469
718.20001 -1.74672186374664
718.29999 -1.58893811702728
718.40002 -1.42059218883514
718.5 -1.24770319461823
718.60004 -1.07567715644836
718.70001 -0.909798741340637
718.79999 -0.754395067691803
718.90002 -0.613364696502686
719 -0.489641189575195
719.10004 -0.38513308763504
719.20001 -0.300915420055389
719.29999 -0.236746445298195
719.40002 -0.191791728138924
719.5 -0.164323404431343
719.60004 -0.151632338762283
719.70001 -0.150531262159348
719.79999 -0.157791405916214
719.90002 -0.16955204308033
720 -0.182014063000679
720.10004 -0.191791176795959
720.20001 -0.195663258433342
720.29999 -0.190977334976196
720.40002 -0.175655379891396
720.5 -0.148324966430664
720.60004 -0.108417168259621
720.70001 -5.60491234064102E-02
720.79999 7.9689621925354E-03
720.90002 0.082039512693882
721 0.164250314235687
721.10004 0.252095401287079
721.20001 0.342807233333588
721.29999 0.433579802513123
721.40002 0.521711230278015
721.5 0.604402422904968
721.60004 0.679604887962341
721.70001 0.745336771011353
721.79999 0.800345778465271
721.90002 0.843896090984344
722 0.875873744487762
722.10004 0.896795809268951
722.20001 0.907725512981415
722.29999 0.910034000873566
722.40002 0.905682682991028
722.5 0.896710515022278
722.60004 0.885378062725067
722.70001 0.873802185058594
722.79999 0.864052832126617
722.90002 0.857781171798706
723 0.856327056884766
723.10004 0.860463798046112
723.20001 0.870452105998993
723.29999 0.886085391044617
723.40002 0.906390786170959
723.5 0.929938971996307
723.60004 0.955004155635834
723.70001 0.979255080223083
723.79999 1.00014078617096
723.90002 1.01532244682312
724 1.02213370800018
724.10004 1.01814556121826
724.20001 1.00132417678833
724.29999 0.970055162906647
724.40002 0.92320990562439
724.5 0.860261738300323
724.60004 0.781279802322388
724.70001 0.687084794044495
724.79999 0.579027473926544
724.90002 0.458902090787888
725 0.329455971717834
725.10004 0.193085506558418
725.20001 5.31908422708511E-02
725.29999 -8.72656106948853E-02
725.40002 -0.225165665149689
725.5 -0.357473134994507
725.60004 -0.481586635112762
725.70001 -0.59523469209671
725.79999 -0.696765959262848
725.90002 -0.785137295722961
726 -0.859646439552307
726.10004 -0.920483469963074
726.20001 -0.968099772930145
726.29999 -1.00385725498199
726.40002 -1.0292466878891
726.5 -1.04606246948242
726.60004 -1.0564706325531
726.70001 -1.06254231929779
726.79999 -1.06625080108643
726.90002 -1.069420337677
727 -1.07356572151184
727.10004 -1.0796993970871
727.20001 -1.08839058876038
727.29999 -1.09971225261688
727.40002 -1.11313891410828
727.5 -1.12771451473236
727.60004 -1.14191734790802
727.70001 -1.15401661396027
727.79999 -1.16183042526245
727.90002 -1.16313207149506
728 -1.15585482120514
728.10004 -1.13771462440491
728.20001 -1.10709750652313
728.29999 -1.06254982948303
728.40002 -1.00312900543213
728.5 -0.928566098213196
728.60004 -0.83912992477417
728.70001 -0.736004948616028
728.79999 -0.62063455581665
728.90002 -0.495099067687988
729 -0.36234176158905
729.10004 -0.225311815738678
729.20001 -8.74101221561432E-02
729.29999 4.80646453797817E-02
729.40002 0.177677303552628
729.5 0.298279285430908
729.60004 0.407122552394867
729.70001 0.501904845237732
729.79999 0.581015706062317
729.90002 0.64354395866394
730 0.689253091812134
730.10004 0.718687534332275
730.20001 0.733174026012421
730.29999 0.734559416770935
730.40002 0.725484490394592
730.5 0.70880138874054
730.60004 0.687691569328308
730.70001 0.665609002113342
730.79999 0.645724654197693
730.90002 0.631095886230469
731 0.624245285987854
731.10004 0.627376675605774
731.20001 0.641723990440369
731.29999 0.667936265468597
731.40002 0.70587545633316
731.5 0.754481196403503
731.60004 0.811906933784485
731.70001 0.875682592391968
731.79999 0.942620158195496
731.90002 1.00912976264954
732 1.07134521007538
732.10004 1.12523686885834
732.20001 1.1667902469635
732.29999 1.19244050979614
732.40002 1.19905257225037
732.5 1.18386030197144
732.60004 1.14517366886139
732.70001 1.08200252056122
732.79999 0.994257807731628
732.90002 0.882948160171509
733 0.749976754188538
733.10004 0.59795731306076
733.20001 0.430502712726593
733.29999 0.251711428165436
733.40002 6.61916211247444E-02
733.5 -0.121097199618816
733.60004 -0.305291146039963
733.70001 -0.481217533349991
733.79999 -0.644463002681732
733.90002 -0.790992379188538
734 -0.917030513286591
734.10004 -1.02005517482758
734.20001 -1.09806847572327
734.29999 -1.15002286434174
734.40002 -1.17576515674591
734.5 -1.17607665061951
734.60004 -1.15251052379608
734.70001 -1.10725450515747
734.79999 -1.04319822788239
734.90002 -0.963441252708435
735 -0.871659278869629
735.10004 -0.771361649036407
735.20001 -0.666252732276917
735.29999 -0.559548199176788
735.40002 -0.45429390668869
735.5 -0.35322242975235
735.60004 -0.258253306150436
735.70001 -0.171132132411003
735.79999 -9.27551835775375E-02
735.90002 -2.34741792082787E-02
736 3.66779565811157E-02
736.10004 0.088228665292263
736.20001 0.131895825266838
736.29999 0.168907955288887
736.40002 0.200225383043289
736.5 0.227075532078743
736.60004 0.250489354133606
736.70001 0.271359086036682
736.79999 0.290156960487366
736.90002 0.307112276554108
737 0.322266191244125
737.10004 0.335036516189575
737.20001 0.344708859920502
737.29999 0.350310951471329
737.40002 0.350735723972321
737.5 0.344574183225632
737.60004 0.330710917711258
737.70001 0.308108389377594
737.79999 0.27564349770546
737.90002 0.23303160071373
738 0.180032819509506
738.10004 0.117015793919563
738.20001 4.48655486106873E-02
738.29999 -3.51052135229111E-02
738.40002 -0.121088907122612
738.5 -0.210771426558495
738.60004 -0.301549196243286
738.70001 -0.3906070291996
738.79999 -0.474925816059113
738.90002 -0.551522195339203
739 -0.617559671401978
739.10004 -0.670639455318451
739.20001 -0.70833545923233
739.29999 -0.72929185628891
739.40002 -0.732462882995605
739.5 -0.717541337013245
739.60004 -0.6848024725914
739.70001 -0.635413825511932
739.79999 -0.571094334125519
739.90002 -0.494014978408813
740 -0.407083362340927
740.10004 -0.313368141651154
740.20001 -0.216296657919884
740.29999 -0.11908657848835
740.40002 -0.025037482380867
740.5 6.28193914890289E-02
740.60004 0.142033502459526
740.70001 0.210395291447639
740.79999 0.26669716835022
740.90002 0.310262024402618
741 0.341038107872009
741.10004 0.359838008880615
741.20001 0.368020832538605
741.29999 0.367740333080292
741.40002 0.361367851495743
741.5 0.35186779499054
741.60004 0.342138737440109
741.70001 0.335127830505371
741.79999 0.333737134933472
741.90002 0.340376973152161
742 0.35696280002594
742.10004 0.384888827800751
742.20001 0.424624145030975
742.29999 0.476094007492065
742.40002 0.538233518600464
742.5 0.609133958816528
742.60004 0.686465740203857
742.70001 0.766689419746399
742.79999 0.846258282661438
742.90002 0.921203851699829
743 0.987056314945221
743.10004 1.03990840911865
743.20001 1.07553422451019
743.29999 1.09056830406189
743.40002 1.08197355270386
743.5 1.04778611660004
743.60004 0.986463844776154
743.70001 0.897913157939911
743.79999 0.78279709815979
743.90002 0.642619490623474
744 0.480413168668747
744.10004 0.29935011267662
744.20001 0.104074999690056
744.29999 -0.100729078054428
744.40002 -0.309875905513763
744.5 -0.517596960067749
744.60004 -0.718843936920166
744.70001 -0.907959282398224
744.79999 -1.08028173446655
744.90002 -1.23176288604736
745 -1.35873198509216
745.10004 -1.45870292186737
745.20001 -1.52980756759644
745.29999 -1.57163155078888
745.40002 -1.58416211605072
745.5 -1.56873679161072
745.60004 -1.52728426456451
745.70001 -1.46261715888977
745.79999 -1.37792074680328
745.90002 -1.27686285972595
746 -1.16343080997467
746.10004 -1.04147362709045
746.20001 -0.915008902549744
746.29999 -0.78751277923584
746.40002 -0.662062883377075
746.5 -0.541440665721893
746.60004 -0.42753005027771
746.70001 -0.322076946496964
746.79999 -0.225708022713661
746.90002 -0.138605549931526
747 -0.06055823341012
747.10004 9.38578695058823E-03
747.20001 7.22510293126106E-02
747.29999 0.129468128085136
747.40002 0.182772472500801
747.5 0.233454689383507
747.60004 0.283178806304932
747.70001 0.332989931106567
747.79999 0.38394558429718
747.90002 0.436727225780487
748 0.491377770900726
748.10004 0.547985911369324
748.20001 0.605945229530334
748.29999 0.664381861686707
748.40002 0.722479164600372
748.5 0.778952062129974
748.60004 0.832505583763123
748.70001 0.881850779056549
748.79999 0.926007628440857
748.90002 0.964013338088989
749 0.995233476161957
749.10004 1.01932501792908
749.20001 1.03638362884521
749.29999 1.04667985439301
749.40002 1.05100810527802
749.5 1.05026865005493
749.60004 1.04568648338318
749.70001 1.03856766223907
749.79999 1.03011691570282
749.90002 1.02155089378357
750 1.01400554180145
750.10004 1.00792360305786
750.20001 1.00377249717712
750.29999 1.00117969512939
750.40002 0.999560594558716
750.5 0.997689962387085
750.60004 0.993689715862274
750.70001 0.98550021648407
750.79999 0.970459699630737
750.90002 0.945564746856689
751 0.90807169675827
751.10004 0.854795336723328
751.20001 0.782965540885925
751.29999 0.690078616142273
751.40002 0.574108719825745
751.5 0.433897763490677
751.60004 0.268618106842041
751.70001 7.89548009634018E-02
751.79999 -0.134033486247063
751.90002 -0.368106007575989
752 -0.619832158088684
752.10004 -0.885436773300171
752.20001 -1.15958380699158
752.29999 -1.43708384037018
752.40002 -1.71172344684601
752.5 -1.97714459896088
752.60004 -2.2270143032074
752.70001 -2.45491051673889
752.79999 -2.65485262870789
752.90002 -2.82188653945923
753 -2.95106983184814
753.10004 -3.03892850875854
753.20001 -3.08288359642029
753.29999 -3.08151483535767
753.40002 -3.0346851348877
753.5 -2.94348526000977
753.60004 -2.8097448348999
753.70001 -2.63697075843811
753.79999 -2.42926597595215
753.90002 -2.19115233421326
754 -1.92847371101379
754.10004 -1.64677739143372
754.20001 -1.3523256778717
754.29999 -1.05070757865906
754.40002 -0.747565090656281
754.5 -0.44833779335022
754.60004 -0.157372936606407
754.70001 0.12115053832531
754.79999 0.384205937385559
754.90002 0.629604458808899
755 0.855642795562744
755.10004 1.06170094013214
755.20001 1.24751687049866
755.29999 1.41382396221161
755.40002 1.56158947944641
755.5 1.69200432300568
755.60004 1.80668342113495
755.70001 1.90710031986237
755.79999 1.99457025527954
755.90002 2.07042908668518
756 2.13537955284119
756.10004 2.18994736671448
756.20001 2.23421621322632
756.29999 2.26772522926331
756.40002 2.28981041908264
756.5 2.29942512512207
756.60004 2.29524540901184
756.70001 2.27580952644348
756.79999 2.23970317840576
756.90002 2.18569159507751
757 2.11274313926697
757.10004 2.02012968063354
757.20001 1.9078528881073
757.29999 1.7761937379837
757.40002 1.62620067596436
757.5 1.45956325531006
757.60004 1.27852618694305
757.70001 1.08606791496277
757.79999 0.88539719581604
757.90002 0.680279195308685
758 0.474863469600677
758.10004 0.273061037063599
758.20001 7.91423693299294E-02
758.29999 -0.103156954050064
758.40002 -0.270476758480072
758.5 -0.419504284858704
758.60004 -0.548266887664795
758.70001 -0.654828608036041
758.79999 -0.738544940948486
758.90002 -0.799353539943695
759 -0.838063597679138
759.10004 -0.856214880943298
759.20001 -0.855938374996185
759.29999 -0.840072453022003
759.40002 -0.81196665763855
759.5 -0.775108158588409
759.60004 -0.732958376407623
759.70001 -0.689389765262604
759.79999 -0.647558569908142
759.90002 -0.610711812973022
760 -0.581346750259399
760.10004 -0.561524629592896
760.20001 -0.552529215812683
760.29999 -0.555149912834167
760.40002 -0.56942343711853
760.5 -0.594607949256897
760.60004 -0.629602253437042
760.70001 -0.672689437866211
760.79999 -0.721630871295929
760.90002 -0.774340748786926
761 -0.82821798324585
761.10004 -0.880806088447571
761.20001 -0.929888963699341
761.29999 -0.973376989364624
761.40002 -1.0097633600235
761.5 -1.03766858577728
761.60004 -1.05652105808258
761.70001 -1.06597542762756
761.79999 -1.06631815433502
761.90002 -1.05814814567566
762 -1.04267561435699
762.10004 -1.02102482318878
762.20001 -0.994845032691956
762.29999 -0.965710520744324
762.40002 -0.934816420078278
762.5 -0.903691291809082
762.60004 -0.873326539993286
762.70001 -0.844310879707336
762.79999 -0.816937685012817
762.90002 -0.791002511978149
763 -0.765923321247101
763.10004 -0.74048388004303
763.20001 -0.713458180427551
763.29999 -0.683049559593201
763.40002 -0.647564589977264
763.5 -0.605002582073212
763.60004 -0.553667962551117
763.70001 -0.491885721683502
763.79999 -0.418603360652924
763.90002 -0.332979381084442
764 -0.234799191355705
764.10004 -0.124503672122955
764.20001 -3.17257642745972E-03
764.29999 0.127337411046028
764.40002 0.264902055263519
764.5 0.40632838010788
764.60004 0.548632860183716
764.70001 0.687849044799805
764.79999 0.820357620716095
764.90002 0.942280113697052
765 1.05006968975067
765.10004 1.14041209220886
765.20001 1.21069490909576
765.29999 1.25880682468414
765.40002 1.28354489803314
765.5 1.28459489345551
765.60004 1.26243317127228
765.70001 1.21867847442627
765.79999 1.15563976764679
765.90002 1.0764684677124
766 0.985226094722748
766.10004 0.886334240436554
766.20001 0.784556448459625
766.29999 0.684950232505798
766.40002 0.592340886592865
766.5 0.511483132839203
766.60004 0.446524173021317
766.70001 0.400963693857193
766.79999 0.377581179141998
766.90002 0.378183603286743
767 0.403452813625336
767.10004 0.453063368797302
767.20001 0.525594413280487
767.29999 0.618619680404663
767.40002 0.728906512260437
767.5 0.852064728736877
767.60004 0.98366516828537
767.70001 1.11819469928741
767.79999 1.25026154518127
767.90002 1.37460279464722
768 1.48575353622437
768.10004 1.5789829492569
768.20001 1.64997267723083
768.29999 1.69524383544922
768.40002 1.71203863620758
768.5 1.69879460334778
768.60004 1.65453481674194
768.70001 1.57964301109314
768.79999 1.47521030902863
768.90002 1.34315299987793
769 1.1862758398056
769.10004 1.00762712955475
769.20001 0.811362981796265
769.29999 0.601240813732147
769.40002 0.381185680627823
769.5 0.155495047569275
769.60004 -7.22653567790985E-02
769.70001 -0.298389971256256
769.79999 -0.520070493221283
769.90002 -0.734836041927338
770 -0.940539658069611
770.10004 -1.13601338863373
770.20001 -1.32011735439301
770.29999 -1.49255287647247
770.40002 -1.65347301959991
770.5 -1.80289089679718
770.60004 -1.9414587020874
770.70001 -2.06953406333923
770.79999 -2.18764495849609
770.90002 -2.29625678062439
771 -2.39535355567932
771.10004 -2.48490190505981
771.20001 -2.56430768966675
771.29999 -2.63286542892456
771.40002 -2.68952369689941
771.5 -2.73273539543152
771.60004 -2.76100754737854
771.70001 -2.77263236045837
771.79999 -2.76593065261841
771.90002 -2.73919892311096
772 -2.69095540046692
772.10004 -2.62021160125732
772.20001 -2.52622532844543
772.29999 -2.40871644020081
772.40002 -2.2678918838501
772.5 -2.10477924346924
772.60004 -1.92061471939087
772.70001 -1.71752953529358
772.79999 -1.49792349338531
772.90002 -1.26430010795593
773 -1.02025783061981
773.10004 -0.768770694732666
773.20001 -0.513463199138641
773.29999 -0.257455259561539
773.40002 -3.8323700428009E-03
773.5 0.244389891624451
773.60004 0.485200881958008
773.70001 0.716334223747253
773.79999 0.936489462852478
773.90002 1.14502501487732
774 1.34137415885925
774.10004 1.52580988407135
774.20001 1.69877028465271
774.29999 1.86115086078644
774.40002 2.01404166221619
774.5 2.15838384628296
774.60004 2.2953474521637
774.70001 2.42554116249084
774.79999 2.54956722259521
774.90002 2.66735124588013
775 2.77844762802124
775.10004 2.88179564476013
775.20001 2.97575831413269
775.29999 3.05815124511719
775.40002 3.12633562088013
775.5 3.17717289924622
775.60004 3.20736694335938
775.70001 3.21350336074829
775.79999 3.19210934638977
775.90002 3.1400089263916
776 3.05449342727661
776.10004 2.93333983421326
776.20001 2.77517175674438
776.29999 2.57958650588989
776.40002 2.34672355651855
776.5 2.07856512069702
776.60004 1.77744567394257
776.70001 1.44733703136444
776.79999 1.09292304515839
776.90002 0.71956205368042
777 0.334074735641479
777.10004 -5.70162795484066E-02
777.20001 -0.445952922105789
777.29999 -0.825566172599792
777.40002 -1.18869316577911
777.5 -1.52799606323242
777.60004 -1.83749151229858
777.70001 -2.11125469207764
777.79999 -2.34470462799072
777.90002 -2.53456377983093
778 -2.67827272415161
778.10004 -2.77481651306152
778.20001 -2.82428622245789
778.29999 -2.8282105922699
778.40002 -2.78893423080444
778.5 -2.7100887298584
778.60004 -2.59588932991028
778.70001 -2.45144248008728
778.79999 -2.28205680847168
778.90002 -2.0932776927948
779 -1.89101827144623
779.10004 -1.6805328130722
779.20001 -1.46709036827087
779.29999 -1.25528788566589
779.40002 -1.04899537563324
779.5 -0.851720631122589
779.60004 -0.665845990180969
779.70001 -0.493211925029755
779.79999 -0.335100769996643
779.90002 -0.191607117652893
780 -6.28933683037758E-02
780.10004 5.19449487328529E-02
780.20001 0.153526127338409
780.29999 0.243014991283417
780.40002 0.321771293878555
780.5 0.390658557415009
780.60004 0.450777143239975
780.70001 0.502739548683167
780.79999 0.546993494033813
780.90002 0.583618998527527
781 0.612267971038818
781.10004 0.632678508758545
781.20001 0.643824875354767
781.29999 0.644875705242157
781.40002 0.634899497032166
781.5 0.612900257110596
781.60004 0.578210651874542
781.70001 0.530338644981384
781.79999 0.469093650579453
781.90002 0.394811868667603
782 0.308276772499084
782.10004 0.210845828056335
782.20001 0.104474820196629
782.29999 -8.64152610301971E-03
782.40002 -0.125667348504066
782.5 -0.243326842784882
782.60004 -0.358505457639694
782.70001 -0.467470198869705
782.79999 -0.566898763179779
782.90002 -0.653467059135437
783 -0.724204361438751
783.10004 -0.776605606079102
783.20001 -0.808597266674042
783.29999 -0.818905472755432
783.40002 -0.806926965713501
783.5 -0.77285099029541
783.60004 -0.717290043830872
783.70001 -0.64198112487793
783.79999 -0.549061357975006
783.90002 -0.441167533397675
784 -0.321511507034302
784.10004 -0.193413704633713
784.20001 -6.05617985129356E-02
784.29999 0.07364721596241
784.40002 0.205964624881744
784.5 0.333100020885468
784.60004 0.452638328075409
784.70001 0.562336802482605
784.79999 0.660726428031921
784.90002 0.746866524219513
785 0.820338666439056
785.10004 0.881563544273376
785.20001 0.931069910526276
785.29999 0.970175683498383
785.40002 1.00021290779114
785.5 1.02286195755005
785.60004 1.03983676433563
785.70001 1.05262994766235
785.79999 1.06270062923431
785.90002 1.07109093666077
786 1.07839369773865
786.10004 1.08472371101379
786.20001 1.08986985683441
786.29999 1.09295570850372
786.40002 1.09268450737
786.5 1.08743512630463
786.60004 1.07526218891144
786.70001 1.05396401882172
786.79999 1.02147614955902
786.90002 0.975638806819916
787 0.914777934551239
787.10004 0.837508022785187
787.20001 0.742940902709961
787.29999 0.630894720554352
787.40002 0.501820802688599
787.5 0.357052117586136
787.60004 0.198495596647263
787.70001 2.90824174880981E-02
787.79999 -0.147903680801392
787.90002 -0.328505903482437
788 -0.508263528347015
788.10004 -0.682656824588776
788.20001 -0.84682559967041
788.29999 -0.99627149105072
788.40002 -1.12691068649292
788.5 -1.23454511165619
788.60004 -1.31642925739288
788.70001 -1.37001836299896
788.79999 -1.39396798610687
788.90002 -1.3878858089447
789 -1.35230112075806
789.10004 -1.28875434398651
789.20001 -1.19983768463135
789.29999 -1.08885359764099
789.40002 -0.95976597070694
789.5 -0.817268431186676
789.60004 -0.666262745857239
789.70001 -0.511915981769562
789.79999 -0.359269917011261
789.90002 -0.212965756654739
790 -7.76454508304596E-02
790.10004 4.30984795093536E-02
790.20001 0.146138712763786
790.29999 0.22925890982151
790.40002 0.291241049766541
790.5 0.331590443849564
790.60004 0.35076630115509
790.70001 0.35007119178772
790.79999 0.331646144390106
790.90002 0.297865927219391
791 0.251996636390686
791.10004 0.197254672646523
791.20001 0.137071445584297
791.29999 7.48292505741119E-02
791.40002 1.35751217603683E-02
791.5 -4.38696891069412E-02
791.60004 -0.095357820391655
791.70001 -0.139290750026703
791.79999 -0.174501925706863
791.90002 -0.200814053416252
792 -0.218337252736092
792.10004 -0.227989420294762
792.20001 -0.231069803237915
792.29999 -0.229326888918877
792.40002 -0.224653273820877
792.5 -0.219186335802078
792.60004 -0.214960694313049
792.70001 -0.213676393032074
792.79999 -0.217010483145714
792.90002 -0.226086243987083
793 -0.241576433181763
793.10004 -0.263512283563614
793.20001 -0.291460156440735
793.29999 -0.32430773973465
793.40002 -0.360720932483673
793.5 -0.398572891950607
793.60004 -0.435694754123688
793.70001 -0.469413012266159
793.79999 -0.497335314750671
793.90002 -0.516822457313538
794 -0.525485634803772
794.10004 -0.521511137485504
794.20001 -0.503263592720032
794.29999 -0.46973928809166
794.40002 -0.420387923717499
794.5 -0.355660498142242
794.60004 -0.276220738887787
794.70001 -0.183620616793633
794.79999 -7.98202976584435E-02
794.90002 3.27647030353546E-02
795 0.151261806488037
795.10004 0.2728211581707
795.20001 0.394020915031433
795.29999 0.512099325656891
795.40002 0.624201834201813
795.5 0.727630019187927
795.60004 0.820509672164917
795.70001 0.901023685932159
795.79999 0.968256831169128
795.90002 1.02169966697693
796 1.0613876581192
796.10004 1.08803820610046
796.20001 1.10253655910492
796.29999 1.10657072067261
796.40002 1.10172915458679
796.5 1.08979511260986
796.60004 1.07271003723145
796.70001 1.05217921733856
796.79999 1.02971231937408
796.90002 1.0065039396286
797 0.983400940895081
797.10004 0.960691750049591
797.20001 0.938233494758606
797.29999 0.915426135063171
797.40002 0.891310334205627
797.5 0.864436626434326
797.60004 0.833148777484894
797.70001 0.795774638652802
797.79999 0.750370740890503
797.90002 0.695321977138519
798 0.629133522510529
798.10004 0.550660371780396
798.20001 0.459330558776855
798.29999 0.355058252811432
798.40002 0.23833467066288
798.5 0.110262826085091
798.60004 -2.73371338844299E-02
798.70001 -0.172003224492073
798.79999 -0.320959091186523
798.90002 -0.471138209104538
799 -0.618660926818848
799.10004 -0.760371267795563
799.20001 -0.892336130142212
799.29999 -1.01141917705536
799.40002 -1.11467444896698
799.5 -1.19967293739319
799.60004 -1.26457226276398
799.70001 -1.30840373039246
799.79999 -1.33103203773499
799.90002 -1.33297157287598
800 -1.31572985649109
800.10004 -1.28146493434906
800.20001 -1.23323392868042
800.29999 -1.17412376403809
800.40002 -1.1081131696701
800.5 -1.03925168514252
800.60004 -0.971383273601532
800.70001 -0.908476412296295
800.79999 -0.853845834732056
800.90002 -0.81040221452713
801 -0.780431628227234
801.10004 -0.765229880809784
801.20001 -0.765269756317139
801.29999 -0.780120074748993
801.40002 -0.808338761329651
801.5 -0.847640991210938
801.60004 -0.894967555999756
801.70001 -0.946497678756714
801.79999 -0.998022675514221
801.90002 -1.04495668411255
802 -1.08262014389038
802.10004 -1.10638117790222
802.20001 -1.11201333999634
802.29999 -1.09574103355408
802.40002 -1.05453372001648
802.5 -0.986166477203369
802.60004 -0.889274299144745
802.70001 -0.763771712779999
802.79999 -0.610425353050232
802.90002 -0.43095389008522
803 -0.228383094072342
803.10004 -6.25121593475342E-03
803.20001 0.230843529105186
803.29999 0.478002816438675
803.40002 0.729916393756866
803.5 0.980806231498718
803.60004 1.22539699077606
803.70001 1.45804071426392
803.79999 1.6739593744278
803.90002 1.86897933483124
804 2.03915929794312
804.10004 2.18184447288513
804.20001 2.29482316970825
804.29999 2.37705564498901
804.40002 2.42830204963684
804.5 2.44908404350281
804.60004 2.44052529335022
804.70001 2.40477919578552
804.79999 2.34403681755066
804.90002 2.2610330581665
805 2.15875148773193
805.10004 2.04022693634033
805.20001 1.90839385986328
805.29999 1.76606941223145
805.40002 1.6156929731369
805.5 1.45965969562531
805.60004 1.29954242706299
805.70001 1.13702046871185
805.79999 0.973147451877594
805.90002 0.808581650257111
806 0.643972277641296
806.10004 0.479491025209427
806.20001 0.315585762262344
806.29999 0.152308270335197
806.40002 -1.01207196712494E-02
806.5 -0.171189814805984
806.60004 -0.330425441265106
806.70001 -0.486846745014191
806.79999 -0.639455795288086
806.90002 -0.787143707275391
807 -0.928228139877319
807.10004 -1.06110155582428
807.20001 -1.1840832233429
807.29999 -1.29534566402435
807.40002 -1.39355099201202
807.5 -1.47696828842163
807.60004 -1.54486048221588
807.70001 -1.5961537361145
807.79999 -1.63088726997375
807.90002 -1.64924514293671
808 -1.65206861495972
808.10004 -1.64055562019348
808.20001 -1.61678266525269
808.29999 -1.5829222202301
808.40002 -1.54149091243744
808.5 -1.49553179740906
808.60004 -1.44785642623901
808.70001 -1.40149390697479
808.79999 -1.35908222198486
808.90002 -1.32301533222198
809 -1.29513657093048
809.10004 -1.27669453620911
809.20001 -1.2683277130127
809.29999 -1.269739985466
809.40002 -1.28008484840393
809.5 -1.29742681980133
809.60004 -1.31926870346069
809.70001 -1.34250807762146
809.79999 -1.36328673362732
809.90002 -1.37769389152527
810 -1.38131868839264
810.10004 -1.36985969543457
810.20001 -1.33933544158936
810.29999 -1.28592813014984
810.40002 -1.20647394657135
810.5 -1.09876251220703
810.60004 -0.961137413978577
810.70001 -0.793463468551636
810.79999 -0.596117973327637
810.90002 -0.370836496353149
811 -0.120566688477993
811.10004 0.151006653904915
811.20001 0.438993334770203
811.29999 0.738028287887573
811.40002 1.04236090183258
811.5 1.34509432315826
811.60004 1.64021146297455
811.70001 1.92094445228577
811.79999 2.18130826950073
811.90002 2.41591644287109
812 2.61965489387512
812.10004 2.78873801231384
812.20001 2.91999006271362
812.29999 3.01170516014099
812.40002 3.0628924369812
812.5 3.07391166687012
812.60004 3.04602670669556
812.70001 2.98133397102356
812.79999 2.88304090499878
812.90002 2.75472640991211
813 2.6005117893219
813.10004 2.42464780807495
813.20001 2.23197746276855
813.29999 2.02677607536316
813.40002 1.81298100948334
813.5 1.5947448015213
813.60004 1.37507152557373
813.70001 1.1567929983139
813.79999 0.942000925540924
813.90002 0.731929421424866
814 0.527750074863434
814.10004 0.32950696349144
814.20001 0.137386292219162
814.29999 -4.91929724812508E-02
814.40002 -0.230978414416313
814.5 -0.408293306827545
814.60004 -0.582222104072571
814.70001 -0.75288587808609
814.79999 -0.920532703399658
814.90002 -1.08508360385895
815 -1.24588215351105
815.10004 -1.40195524692535
815.20001 -1.55170297622681
815.29999 -1.69343531131744
815.40002 -1.82508707046509
815.5 -1.94412684440613
815.60004 -2.04826521873474
815.70001 -2.13498854637146
815.79999 -2.20205163955688
815.90002 -2.24742960929871
816 -2.2696635723114
816.10004 -2.26777052879333
816.20001 -2.2411789894104
816.29999 -2.19021081924438
816.40002 -2.11567330360413
816.5 -2.0192015171051
816.60004 -1.90292000770569
816.70001 -1.7698073387146
816.79999 -1.62289190292358
816.90002 -1.46569323539734
817 -1.30217576026917
817.10004 -1.13580811023712
817.20001 -0.970628380775452
817.29999 -0.809744834899902
817.40002 -0.656214237213135
817.5 -0.512571692466736
817.60004 -0.380633026361465
817.70001 -0.261695265769958
817.79999 -0.156200855970383
817.90002 -6.39546811580658E-02
818 1.58266425132751E-02
818.10004 8.46154093742371E-02
818.20001 0.14425103366375
818.29999 0.196842044591904
818.40002 0.244970247149467
818.5 0.291107535362244
818.60004 0.337636530399323
818.70001 0.38675644993782
818.79999 0.440360844135284
818.90002 0.499737948179245
819 0.565823614597321
819.10004 0.63888156414032
819.20001 0.718304634094238
819.29999 0.803503394126892
819.40002 0.892807960510254
819.5 0.984275758266449
819.60004 1.07558131217957
819.70001 1.16412651538849
819.79999 1.2473030090332
819.90002 1.32244205474854
820 1.3870986700058
820.10004 1.43896627426147
820.20001 1.4763491153717
820.29999 1.4980081319809
820.40002 1.50311100482941
820.5 1.49159717559814
820.60004 1.46369802951813
820.70001 1.42068600654602
820.79999 1.36379623413086
820.90002 1.29496610164642
821 1.21633720397949
821.10004 1.13008010387421
821.20001 1.03867733478546
821.29999 0.944256603717804
821.40002 0.848807513713837
821.5 0.754037618637085
821.60004 0.661020755767822
821.70001 0.570686101913452
821.79999 0.483021527528763
821.90002 0.397839486598969
822 0.314325720071793
822.10004 0.231213450431824
822.20001 0.147111088037491
822.29999 6.00591078400612E-02
822.40002 -3.16502712666988E-02
822.5 -0.129644215106964
822.60004 -0.23556250333786
822.70001 -0.350417464971542
822.79999 -0.474910587072372
822.90002 -0.609014630317688
823 -0.752006888389587
823.10004 -0.902599453926086
823.20001 -1.05837988853455
823.29999 -1.21667575836182
823.40002 -1.37404465675354
823.5 -1.52624940872192
823.60004 -1.66905903816223
823.70001 -1.79768908023834
823.79999 -1.90750396251678
823.90002 -1.99413979053497
824 -2.05322933197021
824.10004 -2.08125162124634
824.20001 -2.07540607452393
824.29999 -2.03357744216919
824.40002 -1.95483183860779
824.5 -1.83929097652435
824.60004 -1.68811082839966
824.70001 -1.5036278963089
824.79999 -1.28911566734314
824.90002 -1.04879426956177
825 -0.787834048271179
825.10004 -0.51176929473877
825.20001 -0.227057367563248
825.29999 6.00500777363777E-02
825.40002 0.343434393405914
825.5 0.616539001464844
825.60004 0.873991012573242
825.70001 1.11023640632629
825.79999 1.32133388519287
825.90002 1.50379514694214
826 1.654865026474
826.10004 1.77340745925903
826.20001 1.85881495475769
826.29999 1.91170918941498
826.40002 1.93362307548523
826.5 1.926722407341
826.60004 1.89382445812225
826.70001 1.83826315402985
826.79999 1.76378178596497
826.90002 1.67393183708191
827 1.57251334190369
827.10004 1.46290600299835
827.20001 1.3483225107193
827.29999 1.23131096363068
827.40002 1.11385369300842
827.5 0.99774181842804
827.60004 0.883543133735657
827.70001 0.7719766497612
827.79999 0.66260302066803
827.90002 0.554898262023926
828 0.448171824216843
828.10004 0.341045588254929
828.20001 0.232694193720818
828.29999 0.121725723147392
828.40002 7.36843049526215E-03
828.5 -0.110970392823219
828.60004 -0.233672052621841
828.70001 -0.360446453094482
828.79999 -0.490777313709259
828.90002 -0.623716473579407
829 -0.757533967494965
829.10004 -0.890627861022949
829.20001 -1.02067017555237
829.29999 -1.14538288116455
829.40002 -1.26255357265472
829.5 -1.36954128742218
829.60004 -1.46438121795654
829.70001 -1.54492032527924
829.79999 -1.60973846912384
829.90002 -1.65767502784729
830 -1.6881058216095
830.10004 -1.700852394104
830.20001 -1.69643604755402
830.29999 -1.67562448978424
830.40002 -1.63972735404968
830.5 -1.59048223495483
830.60004 -1.52987015247345
830.70001 -1.45989155769348
830.79999 -1.38260054588318
830.90002 -1.30003941059113
831 -1.21404671669006
831.10004 -1.12593758106232
831.20001 -1.03708755970001
831.29999 -0.948014259338379
831.40002 -0.85891717672348
831.5 -0.769604980945587
831.60004 -0.679431557655334
831.70001 -0.587451338768005
831.79999 -0.492274641990662
831.90002 -0.392443686723709
832 -0.286628246307373
832.10004 -0.17322713136673
832.20001 -5.12801185250282E-02
832.29999 8.01398456096649E-02
832.40002 0.221435725688934
832.5 0.372346699237823
832.60004 0.532243967056274
832.70001 0.699493050575256
832.79999 0.872098922729492
832.90002 1.0476154088974
833 1.22266387939453
833.10004 1.39382338523865
833.20001 1.55708909034729
833.29999 1.70856750011444
833.40002 1.84432184696198
833.5 1.96064174175262
833.60004 2.05420470237732
833.70001 2.12204718589783
833.79999 2.16224598884583
833.90002 2.17342090606689
834 2.15523791313171
834.10004 2.10808706283569
834.20001 2.03344082832336
834.29999 1.93366539478302
834.40002 1.81171095371246
834.5 1.6716251373291
834.60004 1.51750993728638
834.70001 1.35438871383667
834.79999 1.18683183193207
834.90002 1.01990234851837
835 0.85806930065155
835.10004 0.705480813980103
835.20001 0.565846562385559
835.29999 0.44180029630661
835.40002 0.335340678691864
835.5 0.247534617781639
835.60004 0.178267151117325
835.70001 0.126673102378845
835.79999 0.090951070189476
835.90002 6.85041025280952E-02
836 0.055956419557333
836.10004 4.96221967041492E-02
836.20001 4.55382354557514E-02
836.29999 3.93198058009148E-02
836.40002 0.02712582051754
836.5 5.06018102169037E-03
836.60004 -2.99989730119705E-02
836.70001 -8.07308405637741E-02
836.79999 -0.148887127637863
836.90002 -0.235591202974319
837 -0.340647876262665
837.10004 -0.463355779647827
837.20001 -0.601825952529907
837.29999 -0.753472805023193
837.40002 -0.915107250213623
837.5 -1.08279800415039
837.60004 -1.25239956378937
837.70001 -1.41920375823975
837.79999 -1.57906270027161
837.90002 -1.72767233848572
838 -1.86076211929321
838.10004 -1.97526049613953
838.20001 -2.06808161735535
838.29999 -2.13717555999756
838.40002 -2.18129444122314
838.5 -2.19975090026855
838.60004 -2.19292306900024
838.70001 -2.16168665885925
838.79999 -2.10777044296265
838.90002 -2.03325200080872
839 -1.9408540725708
839.10004 -1.83329355716705
839.20001 -1.71370148658752
839.29999 -1.58505630493164
839.40002 -1.45013821125031
839.5 -1.31164479255676
839.60004 -1.17157530784607
839.70001 -1.03193855285645
839.79999 -0.893956780433655
839.90002 -0.758349418640137
840 -0.625774145126343
840.10004 -0.495993047952652
840.20001 -0.368812829256058
840.29999 -0.243546232581139
840.40002 -0.119369089603424
840.5 4.2039155960083E-03
840.60004 0.128310784697533
840.70001 0.253060936927795
840.79999 0.378991186618805
840.90002 0.506088137626648
841 0.633962690830231
841.10004 0.76193368434906
841.20001 0.888800382614136
841.29999 1.01322174072266
841.40002 1.13367736339569
841.5 1.24812769889832
841.60004 1.35481464862823
841.70001 1.45178699493408
841.79999 1.53736460208893
841.90002 1.61025547981262
842 1.66898763179779
842.10004 1.71308636665344
842.20001 1.7422651052475
842.29999 1.75685036182404
842.40002 1.75757324695587
842.5 1.74582755565643
842.60004 1.72321784496307
842.70001 1.69185447692871
842.79999 1.65403366088867
842.90002 1.61216139793396
843 1.56875252723694
843.10004 1.52596282958984
843.20001 1.48584687709808
843.29999 1.44988822937012
843.40002 1.4191153049469
843.5 1.39399743080139
843.60004 1.3742481470108
843.70001 1.35902297496796
843.79999 1.34676873683929
843.90002 1.33520555496216
844 1.32181191444397
844.10004 1.30344712734222
844.20001 1.27682399749756
844.29999 1.23849892616272
844.40002 1.18514454364777
844.5 1.11383211612701
844.60004 1.02175807952881
844.70001 0.907130479812622
844.79999 0.768678307533264
844.90002 0.605734705924988
845 0.41911381483078
845.10004 0.210007011890411
845.20001 -1.87749564647675E-02
845.29999 -0.264213919639587
845.40002 -0.522278547286987
845.5 -0.787878394126892
845.60004 -1.05613720417023
845.70001 -1.3210517168045
845.79999 -1.57716834545135
845.90002 -1.81878709793091
846 -2.04050278663635
846.10004 -2.23760604858398
846.20001 -2.40559220314026
846.29999 -2.54139018058777
846.40002 -2.64254093170166
846.5 -2.70740270614624
846.60004 -2.73572158813477
846.70001 -2.72800254821777
846.79999 -2.68580102920532
846.90002 -2.61146831512451
847 -2.50832915306091
847.10004 -2.37985277175903
847.20001 -2.23034429550171
847.29999 -2.06421327590942
847.40002 -1.88563477993011
847.5 -1.69896340370178
847.60004 -1.5080178976059
847.70001 -1.31647837162018
847.79999 -1.12721037864685
847.90002 -0.94237494468689
848 -0.763720989227295
848.10004 -0.592084109783173
848.20001 -0.427918523550034
848.29999 -0.271071374416351
848.40002 -0.120584338903427
848.5 2.44147181510925E-02
848.60004 0.165125280618668
848.70001 0.302880883216858
848.79999 0.438833117485046
848.90002 0.573972046375275
849 0.708763778209686
849.10004 0.843640029430389
849.20001 0.977977991104126
849.29999 1.11094868183136
849.40002 1.24121224880219
849.5 1.36670744419098
849.60004 1.48523116111755
849.70001 1.59382784366608
849.79999 1.68975567817688
849.90002 1.77009642124176
850 1.83174002170563
850.10004 1.87214887142181
850.20001 1.88904058933258
850.29999 1.8806414604187
850.40002 1.8458377122879
850.5 1.78424167633057
850.60004 1.69616985321045
850.70001 1.58292603492737
850.79999 1.44639563560486
850.90002 1.28919565677643
851 1.11476051807404
851.10004 0.92693030834198
851.20001 0.729912579059601
851.29999 0.528220653533936
851.40002 0.326355367898941
851.5 0.128814294934273
851.60004 -6.03431612253189E-02
851.70001 -0.237137645483017
851.79999 -0.39844936132431
851.90002 -0.541684031486511
852 -0.664866924285889
852.10004 -0.766824007034302
852.20001 -0.847071886062622
852.29999 -0.906033217906952
852.40002 -0.944402098655701
852.5 -0.963638663291931
852.60004 -0.965692341327667
852.70001 -0.952665388584137
852.79999 -0.926955044269562
852.90002 -0.890869319438934
853 -0.846648693084717
853.10004 -0.796426475048065
853.20001 -0.74205869436264
853.29999 -0.684779047966003
853.40002 -0.625578284263611
853.5 -0.565077066421509
853.60004 -0.503414332866669
853.70001 -0.440421342849731
853.79999 -0.37564343214035
853.90002 -0.308239042758942
854 -0.237613320350647
854.10004 -0.162839218974113
854.20001 -8.35058391094208E-02
854.29999 9.25958156585693E-04
854.40002 9.04940962791443E-02
854.5 0.184766590595245
854.60004 0.283045768737793
854.70001 0.383979678153992
854.79999 0.485911726951599
854.90002 0.586639881134033
855 0.683712482452393
855.10004 0.774452686309814
855.20001 0.855834066867828
855.29999 0.925034582614899
855.40002 0.979412794113159
855.5 1.01632642745972
855.60004 1.03384399414063
855.70001 1.03042364120483
855.79999 1.00501680374146
855.90002 0.957672119140625
856 0.888702392578125
856.10004 0.799519181251526
856.20001 0.692137658596039
856.29999 0.5691739320755
856.40002 0.433881163597107
856.5 0.289917409420013
856.60004 0.141140133142471
856.70001 -8.27137939631939E-03
856.79999 -0.154331862926483
856.90002 -0.293262898921967
857 -0.421548783779144
857.10004 -0.536465287208557
857.20001 -0.635515928268433
857.29999 -0.717156767845154
857.40002 -0.780741512775421
857.5 -0.826217949390411
857.60004 -0.854356050491333
857.70001 -0.866623520851135
857.79999 -0.86508572101593
857.90002 -0.852340221405029
858 -0.831198275089264
858.10004 -0.804861843585968
858.20001 -0.776258051395416
858.29999 -0.748266756534576
858.40002 -0.723409473896027
858.5 -0.703749537467957
858.60004 -0.690548539161682
858.70001 -0.684738636016846
858.79999 -0.686144709587097
858.90002 -0.694008767604828
859 -0.70685738325119
859.10004 -0.722581267356873
859.20001 -0.738564550876617
859.29999 -0.751567125320435
859.40002 -0.758545756340027
859.5 -0.755947947502136
859.60004 -0.740575551986694
859.70001 -0.709711849689484
859.79999 -0.660795331001282
859.90002 -0.592145085334778
860 -0.502829790115356
860.10004 -0.392646104097366
860.20001 -0.26256251335144
860.29999 -0.114219352602959
860.40002 4.98282760381699E-02
860.5 0.225843444466591
860.60004 0.410003572702408
860.70001 0.597396612167358
860.79999 0.782940804958344
860.90002 0.961652159690857
861 1.12793254852295
861.10004 1.27707707881927
861.20001 1.40438652038574
861.29999 1.50599229335785
861.40002 1.57876086235046
861.5 1.6203670501709
861.60004 1.62953972816467
861.70001 1.6060277223587
861.79999 1.55060958862305
861.90002 1.4649863243103
862 1.35183072090149
862.10004 1.21439492702484
862.20001 1.05711257457733
862.29999 0.884243369102478
862.40002 0.700555026531219
862.5 0.511284828186035
862.60004 0.320941925048828
862.70001 0.134500309824944
862.79999 -4.39531803131104E-02
862.90002 -0.210861086845398
863 -0.363003611564636
863.10004 -0.498038232326508
863.20001 -0.614194333553314
863.29999 -0.7106072306633
863.40002 -0.787013053894043
863.5 -0.843671083450317
863.60004 -0.881621837615967
863.70001 -0.901889860630035
863.79999 -0.906250715255737
863.90002 -0.896496832370758
864 -0.874590516090393
864.10004 -0.842243194580078
864.20001 -0.801407814025879
864.29999 -0.753565669059753
864.40002 -0.700121402740479
864.5 -0.642318785190582
864.60004 -0.580852270126343
864.70001 -0.516568839550018
864.79999 -0.449937403202057
864.90002 -0.38126528263092
865 -0.311030775308609
865.10004 -0.239428535103798
865.20001 -0.167131930589676
865.29999 -9.46054756641388E-02
865.40002 -2.26903855800629E-02
865.5 4.75823134183884E-02
865.60004 0.114851579070091
865.70001 0.177591577172279
865.79999 0.234113186597824
865.90002 0.282584607601166
866 0.321043640375137
866.10004 0.34774249792099
866.20001 0.36084708571434
866.29999 0.359059274196625
866.40002 0.341319471597672
866.5 0.307087242603302
866.60004 0.25644314289093
866.70001 0.190142214298248
866.79999 0.109469994902611
866.90002 1.66547894477844E-02
867 -8.53957682847977E-02
867.10004 -0.193461462855339
867.20001 -0.303333312273026
867.29999 -0.410740256309509
867.40002 -0.51104736328125
867.5 -0.599519371986389
867.60004 -0.67153012752533
867.70001 -0.722714841365814
867.79999 -0.749287664890289
867.90002 -0.748169243335724
868 -0.717064738273621
868.10004 -0.654487311840057
868.20001 -0.560369491577148
868.29999 -0.435488849878311
868.40002 -0.281847715377808
868.5 -0.102672807872295
868.60004 9.80729907751083E-02
868.70001 0.315223813056946
868.79999 0.542927503585815
868.90002 0.775253236293793
869 1.00501501560211
869.10004 1.22599935531616
869.20001 1.43120014667511
869.29999 1.61472058296204
869.40002 1.77093803882599
869.5 1.894899725914
869.60004 1.98309087753296
869.70001 2.03253769874573
869.79999 2.04183387756348
869.90002 2.01049184799194
870 1.93960857391357
870.10004 1.83086824417114
870.20001 1.68752539157867
870.29999 1.51340055465698
870.40002 1.31298458576202
870.5 1.09156227111816
870.60004 0.854307770729065
870.70001 0.607152104377747
870.79999 0.355210483074188
870.90002 0.103574186563492
871 -0.142806529998779
871.10004 -0.380180954933167
871.20001 -0.604785144329071
871.29999 -0.814258694648743
871.40002 -1.00675284862518
871.5 -1.18099904060364
871.60004 -1.33676612377167
871.70001 -1.474125623703
871.79999 -1.59378588199615
871.90002 -1.69699895381927
872 -1.78494381904602
872.10004 -1.85927486419678
872.20001 -1.92110335826874
872.29999 -1.97174394130707
872.40002 -2.01212763786316
872.5 -2.04288864135742
872.60004 -2.06415033340454
872.70001 -2.07568883895874
872.79999 -2.07695508003235
872.90002 -2.06702089309692
873 -2.04438328742981
873.10004 -2.00789618492126
873.20001 -1.95590686798096
873.29999 -1.88702726364136
873.40002 -1.80006241798401
873.5 -1.69402098655701
873.60004 -1.56838631629944
873.70001 -1.42317986488342
873.79999 -1.25901210308075
873.90002 -1.07684314250946
874 -0.878769099712372
874.10004 -0.666857779026031
874.20001 -0.444403797388077
874.29999 -0.214520901441574
874.40002 1.91930271685123E-02
874.5 0.252494305372238
874.60004 0.481871843338013
874.70001 0.702882170677185
874.79999 0.912286162376404
874.90002 1.10677468776703
875 1.28346598148346
875.10004 1.44028425216675
875.20001 1.57559561729431
875.29999 1.68859899044037
875.40002 1.77933073043823
875.5 1.84813868999481
875.60004 1.89639484882355
875.70001 1.92563796043396
875.79999 1.9380829334259
875.90002 1.93618333339691
876 1.92242276668549
876.10004 1.8994756937027
876.20001 1.86976587772369
876.29999 1.83551716804504
876.40002 1.79843878746033
876.5 1.76002252101898
876.60004 1.72104561328888
876.70001 1.6818790435791
876.79999 1.64233434200287
876.90002 1.60165226459503
877 1.55888223648071
877.10004 1.51226377487183
877.20001 1.46040868759155
877.29999 1.40154790878296
877.40002 1.33376145362854
877.5 1.25568437576294
877.60004 1.16586112976074
877.70001 1.06364643573761
877.79999 0.948598384857178
877.90002 0.820696353912354
878 0.681016325950623
878.10004 0.530490934848785
878.20001 0.371310591697693
878.29999 0.205682352185249
878.40002 3.60654443502426E-02
878.5 -0.134356945753098
878.60004 -0.302593022584915
878.70001 -0.465636640787125
878.79999 -0.62046355009079
878.90002 -0.764638662338257
879 -0.895898401737213
879.10004 -1.0127717256546
879.20001 -1.11403250694275
879.29999 -1.1993750333786
879.40002 -1.26913213729858
879.5 -1.32407832145691
879.60004 -1.36569547653198
879.70001 -1.39614987373352
879.79999 -1.41753447055817
879.90002 -1.43263614177704
880 -1.44399273395538
880.10004 -1.45415365695953
880.20001 -1.46551179885864
880.29999 -1.47996699810028
880.40002 -1.49903321266174
880.5 -1.52340662479401
880.60004 -1.55332732200623
880.70001 -1.58810460567474
880.79999 -1.6264922618866
880.90002 -1.66641306877136
881 -1.70534658432007
881.10004 -1.74002695083618
881.20001 -1.7672131061554
881.29999 -1.78326296806335
881.40002 -1.78437077999115
881.5 -1.76727986335754
881.60004 -1.72882294654846
881.70001 -1.66657316684723
881.79999 -1.57864320278168
881.90002 -1.4639710187912
882 -1.32265245914459
882.10004 -1.15531384944916
882.20001 -0.963993728160858
882.29999 -0.751284003257751
882.40002 -0.520739614963531
882.5 -0.276969313621521
882.60004 -2.44283378124237E-02
882.70001 0.231125608086586
882.79999 0.484468936920166
882.90002 0.730116188526154
883 0.962598860263824
883.10004 1.17727267742157
883.20001 1.36941039562225
883.29999 1.53582715988159
883.40002 1.67372846603394
883.5 1.78109622001648
883.60004 1.85735297203064
883.70001 1.90257573127747
883.79999 1.91791367530823
883.90002 1.90520179271698
884 1.86726307868958
884.10004 1.80719780921936
884.20001 1.72882103919983
884.29999 1.6360410451889
884.40002 1.53277635574341
884.5 1.42300355434418
884.60004 1.31038379669189
884.70001 1.19805908203125
884.79999 1.08888912200928
884.90002 0.984643518924713
885 0.887172877788544
885.10004 0.797128677368164
885.20001 0.714654445648193
885.29999 0.63952910900116
885.40002 0.570758104324341
885.5 0.507126986980438
885.60004 0.447256803512573
885.70001 0.389577805995941
885.79999 0.33249768614769
885.90002 0.274587541818619
886 0.214900985360146
886.10004 0.152392119169235
886.20001 0.087055116891861
886.29999 1.88267379999161E-02
886.40002 -5.16370683908463E-02
886.5 -0.12328428030014
886.60004 -0.194799244403839
886.70001 -0.264127850532532
886.79999 -0.329500049352646
886.90002 -0.388952046632767
887 -0.440119802951813
887.10004 -0.481486201286316
887.20001 -0.511052370071411
887.29999 -0.527732789516449
887.40002 -0.530791521072388
887.5 -0.520051419734955
887.60004 -0.495712488889694
887.70001 -0.458683967590332
887.79999 -0.410546839237213
887.90002 -0.353142112493515
888 -0.288944333791733
888.10004 -0.220569372177124
888.20001 -0.150898113846779
888.29999 -8.29542428255081E-02
888.40002 -1.95646435022354E-02
888.5 3.66324335336685E-02
888.60004 8.33137631416321E-02
888.70001 0.118490532040596
888.79999 0.140942007303238
888.90002 0.149773389101028
889 0.144850239157677
889.10004 0.126588866114616
889.20001 9.59751009941101E-02
889.29999 5.44234067201614E-02
889.40002 3.9011612534523E-03
889.5 -5.33908046782017E-02
889.60004 -0.115124315023422
889.70001 -0.179073259234428
889.79999 -0.242586433887482
889.90002 -0.303927183151245
890 -0.361059069633484
890.10004 -0.412797749042511
890.20001 -0.458140194416046
890.29999 -0.496826380491257
890.40002 -0.528888940811157
890.5 -0.555029571056366
890.60004 -0.576290011405945
890.70001 -0.594051122665405
890.79999 -0.609908521175385
890.90002 -0.625563085079193
891 -0.64265775680542
891.10004 -0.662808954715729
891.20001 -0.687039494514465
891.29999 -0.716281294822693
891.40002 -0.750783801078796
891.5 -0.790137887001038
891.60004 -0.833559036254883
891.70001 -0.879446804523468
891.79999 -0.92553973197937
891.90002 -0.96937894821167
892 -1.00777769088745
892.10004 -1.03756928443909
892.20001 -1.05515599250793
892.29999 -1.05726861953735
892.40002 -1.04075694084167
892.5 -1.00273728370667
892.60004 -0.941223621368408
892.70001 -0.854611933231354
892.79999 -0.742355823516846
892.90002 -0.604709625244141
893 -0.443076193332672
893.10004 -0.259533286094666
893.20001 -5.74828535318375E-02
893.29999 0.159169808030128
893.40002 0.385803818702698
893.5 0.61679220199585
893.60004 0.846743047237396
893.70001 1.06948220729828
893.79999 1.27930307388306
893.90002 1.47071993350983
894 1.63846349716187
894.10004 1.778355717659
894.20001 1.88656342029572
894.29999 1.96064412593842
894.40002 1.99919807910919
894.5 2.00152325630188
894.60004 1.96856415271759
894.70001 1.90215075016022
894.79999 1.80503869056702
894.90002 1.68089759349823
895 1.53421902656555
895.10004 1.36983942985535
895.20001 1.19305372238159
895.29999 1.0092259645462
895.40002 0.823521673679352
895.5 0.641123294830322
895.60004 0.466234982013702
895.70001 0.302959114313126
895.79999 0.154283687472343
895.90002 0.022446408867836
896 -9.11195576190948E-02
896.10004 -0.185873001813889
896.20001 -0.26212614774704
896.29999 -0.320996850728989
896.40002 -0.364167213439941
896.5 -0.393772304058075
896.60004 -0.41253075003624
896.70001 -0.42317807674408
896.79999 -0.428499579429626
896.90002 -0.431365728378296
897 -0.433945894241333
897.10004 -0.438611894845963
897.20001 -0.446910947561264
897.29999 -0.459942638874054
897.40002 -0.478290259838104
897.5 -0.501894116401672
897.60004 -0.530529379844666
897.70001 -0.562961161136627
897.79999 -0.597917854785919
897.90002 -0.634061932563782
898 -0.669445157051086
898.10004 -0.702462792396545
898.20001 -0.731318831443787
898.29999 -0.754713416099548
898.40002 -0.771231889724731
898.5 -0.780238449573517
898.60004 -0.781088590621948
898.70001 -0.773684859275818
898.79999 -0.758483707904816
898.90002 -0.73594456911087
899 -0.707187473773956
899.10004 -0.673351168632507
899.20001 -0.635851562023163
899.29999 -0.595827043056488
899.40002 -0.554655373096466
899.5 -0.513626337051392
899.60004 -0.473297029733658
899.70001 -0.434593170881271
899.79999 -0.39756053686142
899.90002 -0.361971616744995
900 -0.327405124902725
900.10004 -0.293025195598602
900.20001 -0.257668346166611
900.29999 -0.220095992088318
900.40002 -0.178692355751991
900.5 -0.132127955555916
900.60004 -7.92528986930847E-02
900.70001 -1.88925713300705E-02
900.79999 4.96025830507278E-02
900.90002 0.126532465219498
901 0.211561173200607
901.10004 0.303800463676453
901.20001 0.401876121759415
901.29999 0.503775179386139
901.40002 0.607148170471191
901.5 0.708863794803619
901.60004 0.805789709091187
901.70001 0.894325613975525
901.79999 0.971225321292877
901.90002 1.03290522098541
902 1.07642090320587
902.10004 1.09909534454346
902.20001 1.09896528720856
902.29999 1.07481551170349
902.40002 1.02611124515533
902.5 0.953296005725861
902.60004 0.857673406600952
902.70001 0.741682589054108
902.79999 0.608244359493256
902.90002 0.461183309555054
903 0.305249869823456
903.10004 0.144895300269127
903.20001 -1.43816918134689E-02
903.29999 -0.16736201941967
903.40002 -0.309341907501221
903.5 -0.435211539268494
903.60004 -0.541086673736572
903.70001 -0.623427510261536
903.79999 -0.679790079593658
903.90002 -0.708663403987885
904 -0.709367454051971
904.10004 -0.68261045217514
904.20001 -0.63015353679657
904.29999 -0.554431438446045
904.40002 -0.458833396434784
904.5 -0.347859561443329
904.60004 -0.225924983620644
904.70001 -9.82400178909302E-02
904.79999 2.98885554075241E-02
904.90002 0.153505071997643
905 0.26761394739151
905.10004 0.367986142635345
905.20001 0.450796097517014
905.29999 0.513060808181763
905.40002 0.55298113822937
905.5 0.569155216217041
905.60004 0.561571419239044
905.70001 0.530917942523956
905.79999 0.478817373514175
905.90002 0.407650649547577
906 0.320252120494843
906.10004 0.220158964395523
906.20001 0.111147247254848
906.29999 -3.08100879192352E-03
906.40002 -0.118811972439289
906.5 -0.232376262545586
906.60004 -0.340687543153763
906.70001 -0.441039800643921
906.79999 -0.531202673912048
906.90002 -0.609722435474396
907 -0.675777852535248
907.10004 -0.729014158248901
907.20001 -0.769777953624725
907.29999 -0.798678815364838
907.40002 -0.817031562328339
907.5 -0.826136112213135
907.60004 -0.827569901943207
907.70001 -0.822793364524841
907.79999 -0.813175201416016
907.90002 -0.799994826316833
908 -0.784111082553864
908.10004 -0.76577216386795
908.20001 -0.745240390300751
908.29999 -0.722011148929596
908.40002 -0.695433259010315
908.5 -0.664306461811066
908.60004 -0.627171218395233
908.70001 -0.582764804363251
908.79999 -0.529199302196503
908.90002 -0.46509650349617
909 -0.389301359653473
909.10004 -0.300808608531952
909.20001 -0.199220225214958
909.29999 -8.45160186290741E-02
909.40002 4.27145957946777E-02
909.5 0.180962562561035
909.60004 0.328665435314178
909.70001 0.483018726110458
909.79999 0.641169250011444
909.90002 0.799739718437195
910 0.954730451107025
910.10004 1.10255527496338
910.20001 1.23904979228973
910.29999 1.36046004295349
910.40002 1.46343684196472
910.5 1.54483962059021
910.60004 1.60222280025482
910.70001 1.6338986158371
910.79999 1.63878095149994
910.90002 1.61668515205383
911 1.56826591491699
911.10004 1.49487519264221
911.20001 1.39860308170319
911.29999 1.2820805311203
911.40002 1.14862358570099
911.5 1.00199055671692
911.60004 0.845645904541016
911.70001 0.683829724788666
911.79999 0.520175397396088
911.90002 0.357976824045181
912 0.200826033949852
912.10004 5.10692298412323E-02
912.20001 -8.87976735830307E-02
912.29999 -0.217465922236443
912.40002 -0.333987087011337
912.5 -0.437833368778229
912.60004 -0.529303073883057
912.70001 -0.608842670917511
912.79999 -0.677655637264252
912.90002 -0.736845731735229
913 -0.787823259830475
913.10004 -0.831908583641052
913.20001 -0.870324969291687
913.29999 -0.904097080230713
913.40002 -0.933921217918396
913.5 -0.960184335708618
913.60004 -0.982695758342743
913.70001 -1.00102758407593
913.79999 -1.0142970085144
913.90002 -1.02136194705963
914 -1.02077090740204
914.10004 -1.0109623670578
914.20001 -0.990375459194183
914.29999 -0.957625329494476
914.40002 -0.911397755146027
914.5 -0.85091769695282
914.60004 -0.775790810585022
914.70001 -0.686391115188599
914.79999 -0.583516180515289
914.90002 -0.468493640422821
915 -0.343743413686752
915.10004 -0.211841508746147
915.20001 -7.63628110289574E-02
915.29999 5.91791719198227E-02
915.40002 0.190777242183685
915.5 0.314091324806213
915.60004 0.425115913152695
915.70001 0.519929945468903
915.79999 0.595025658607483
915.90002 0.647601425647736
916 0.675276577472687
916.10004 0.676767647266388
916.20001 0.651704072952271
916.29999 0.600433647632599
916.40002 0.524512052536011
916.5 0.426507443189621
916.60004 0.309540867805481
916.70001 0.177823111414909
916.79999 3.58176678419113E-02
916.90002 -0.111446432769299
917 -0.258447408676147
917.10004 -0.400303363800049
917.20001 -0.531672298908234
917.29999 -0.648038029670715
917.40002 -0.745304703712463
917.5 -0.820194840431213
917.60004 -0.870348393917084
917.70001 -0.894164621829987
917.79999 -0.891321063041687
917.90002 -0.862266004085541
918 -0.808523297309875
918.10004 -0.732409775257111
918.20001 -0.637145698070526
918.29999 -0.526334524154663
918.40002 -0.404106646776199
918.5 -0.274845749139786
918.60004 -0.142810419201851
918.70001 -1.23374611139297E-02
918.79999 0.112719491124153
918.90002 0.229173302650452
919 0.334098994731903
919.10004 0.425785064697266
919.20001 0.502808153629303
919.29999 0.564713716506958
919.40002 0.612122774124146
919.5 0.645942986011505
919.60004 0.667987465858459
919.70001 0.680481851100922
919.79999 0.685860276222229
919.90002 0.687070786952972
920 0.686749339103699
920.10004 0.687554001808167
920.20001 0.691952586174011
920.29999 0.701845586299896
920.40002 0.71869969367981
920.5 0.743320941925049
920.60004 0.775898873806
920.70001 0.815950751304626
920.79999 0.862517476081848
920.90002 0.913889646530151
921 0.96795117855072
921.10004 1.02227091789246
921.20001 1.07402205467224
921.29999 1.1205393075943
921.40002 1.15902376174927
921.5 1.1867561340332
921.60004 1.20159351825714
921.70001 1.20153510570526
921.79999 1.18517577648163
921.90002 1.15175080299377
922 1.10082340240479
922.10004 1.03271794319153
922.20001 0.948234856128693
922.29999 0.848583996295929
922.40002 0.735390484333038
922.5 0.610767185688019
922.60004 0.476570188999176
922.70001 0.335281848907471
922.79999 0.188953295350075
922.90002 3.95547449588776E-02
923 -0.110861867666245
923.10004 -0.260934054851532
923.20001 -0.409245133399963
923.29999 -0.554960310459137
923.40002 -0.697506427764893
923.5 -0.836432874202728
923.60004 -0.971760630607605
923.70001 -1.10351061820984
923.79999 -1.2317316532135
923.90002 -1.35666000843048
924 -1.47812521457672
924.10004 -1.5959540605545
924.20001 -1.70945501327515
924.29999 -1.81782078742981
924.40002 -1.9196902513504
924.5 -2.01339435577393
924.60004 -2.0968599319458
924.70001 -2.16761231422424
924.79999 -2.22316145896912
924.90002 -2.26059341430664
925 -2.27715277671814
925.10004 -2.27015519142151
925.20001 -2.23722839355469
925.29999 -2.17641520500183
925.40002 -2.08620858192444
925.5 -1.96607255935669
925.60004 -1.81573438644409
925.70001 -1.6365350484848
925.79999 -1.43009400367737
925.90002 -1.1989209651947
926 -0.947017073631287
926.10004 -0.678432703018188
926.20001 -0.398383796215057
926.29999 -0.112353891134262
926.40002 0.173944115638733
926.5 0.454269051551819
926.60004 0.722949624061584
926.70001 0.97414630651474
926.79999 1.2028124332428
926.90002 1.40456461906433
927 1.57562041282654
927.10004 1.71363162994385
927.20001 1.81686103343964
927.29999 1.88503038883209
927.40002 1.91871869564056
927.5 1.91988217830658
927.60004 1.89125776290894
927.70001 1.83645105361938
927.79999 1.76006579399109
927.90002 1.66669058799744
928 1.56175827980042
928.10004 1.450359582901
928.20001 1.33773183822632
928.29999 1.22848808765411
928.40002 1.12699222564697
928.5 1.03669512271881
928.60004 0.960136532783508
928.70001 0.899212896823883
928.79999 0.85460889339447
928.90002 0.826076865196228
929 0.812642931938171
929.10004 0.812168836593628
929.20001 0.822024822235107
929.29999 0.838995158672333
929.40002 0.859448790550232
929.5 0.879578769207001
929.60004 0.895455539226532
929.70001 0.903533816337585
929.79999 0.900588274002075
929.90002 0.883666396141052
930 0.85081547498703
930.10004 0.800511181354523
930.20001 0.73206889629364
930.29999 0.645770132541656
930.40002 0.542355239391327
930.5 0.42338553071022
930.60004 0.291159093379974
930.70001 0.148396670818329
930.79999 -0.002035953104496
930.90002 -0.157039687037468
931 -0.313004851341248
931.10004 -0.467043519020081
931.20001 -0.616075813770294
931.29999 -0.75759619474411
931.40002 -0.889508247375488
931.5 -1.01020491123199
931.60004 -1.11852061748505
931.70001 -1.21393918991089
931.79999 -1.29637789726257
931.90002 -1.36636459827423
932 -1.42443454265594
932.10004 -1.471764087677
932.20001 -1.50947105884552
932.29999 -1.53861844539642
932.40002 -1.5606677532196
932.5 -1.57633697986603
932.60004 -1.58628368377686
932.70001 -1.59094297885895
932.79999 -1.59023606777191
932.90002 -1.5838565826416
933 -1.57097351551056
933.10004 -1.55053400993347
933.20001 -1.52114450931549
933.29999 -1.48123371601105
933.40002 -1.4293532371521
933.5 -1.36395561695099
933.60004 -1.28354144096375
933.70001 -1.18738007545471
933.79999 -1.07478785514832
933.90002 -0.945386290550232
934 -0.799902141094208
934.10004 -0.639113008975983
934.20001 -0.464952707290649
934.29999 -0.27933195233345
934.40002 -8.49822089076042E-02
934.5 0.114506557583809
934.60004 0.316123872995377
934.70001 0.515701115131378
934.79999 0.709495961666107
934.90002 0.894079685211182
935 1.06549572944641
935.10004 1.22089564800262
935.20001 1.35748660564423
935.29999 1.47309184074402
935.40002 1.56644356250763
935.5 1.63668215274811
935.60004 1.68390583992004
935.70001 1.70876550674438
935.79999 1.71250867843628
935.90002 1.69697380065918
936 1.66457283496857
936.10004 1.61779272556305
936.20001 1.55952370166779
936.29999 1.4924453496933
936.40002 1.41908395290375
936.5 1.34200358390808
936.60004 1.26290190219879
936.70001 1.18357861042023
936.79999 1.1047922372818
936.90002 1.02693474292755
937 0.949795603752136
937.10004 0.87274158000946
937.20001 0.794581532478333
937.29999 0.713631749153137
937.40002 0.62827479839325
937.5 0.536748290061951
937.60004 0.437082082033157
937.70001 0.327816158533096
937.79999 0.207835227251053
937.90002 0.076344907283783
938 -6.67652487754822E-02
938.10004 -0.220707103610039
938.20001 -0.384256184101105
938.29999 -0.555414795875549
938.40002 -0.731478154659271
938.5 -0.908902585506439
938.60004 -1.08400011062622
938.70001 -1.25228977203369
938.79999 -1.40932726860046
938.90002 -1.55084502696991
939 -1.67217659950256
939.10004 -1.76942896842957
939.20001 -1.83912563323975
939.29999 -1.87849688529968
939.40002 -1.88552057743073
939.5 -1.85920929908752
939.60004 -1.79950165748596
939.70001 -1.70741236209869
939.79999 -1.585040807724
939.90002 -1.43503499031067
940 -1.26146101951599
940.10004 -1.06850910186768
940.20001 -0.861550450325012
940.29999 -0.645729720592499
940.40002 -0.426332980394363
940.5 -0.209185138344765
940.60004 7.76737928390503E-04
940.70001 0.198822230100632
940.79999 0.380717784166336
940.90002 0.543347477912903
941 0.68396520614624
941.10004 0.801106333732605
941.20001 0.893986940383911
941.29999 0.962801456451416
941.40002 1.00861001014709
941.5 1.03312885761261
941.60004 1.03861212730408
941.70001 1.02802109718323
941.79999 1.00428628921509
941.90002 0.970599889755249
942 0.930124521255493
942.10004 0.885659873485565
942.20001 0.839830338954926
942.29999 0.794863700866699
942.40002 0.751937389373779
942.5 0.712329149246216
942.60004 0.676252782344818
942.70001 0.643555641174316
942.79999 0.613414227962494
942.90002 0.584644913673401
943 0.555895149707794
943.10004 0.525204956531525
943.20001 0.491005778312683
943.29999 0.451591968536377
943.40002 0.405338048934937
943.5 0.351242244243622
943.60004 0.288468718528748
943.70001 0.216873586177826
943.79999 0.136661186814308
943.90002 4.87311482429504E-02
944 -4.54624593257904E-02
944.10004 -0.144201099872589
944.20001 -0.245005533099174
944.29999 -0.345477938652039
944.40002 -0.442788988351822
944.5 -0.534154891967773
944.60004 -0.616982996463776
944.70001 -0.688616752624512
944.79999 -0.747074544429779
944.90002 -0.790680885314941
945 -0.818273067474365
945.10004 -0.829391479492188
945.20001 -0.823994696140289
945.29999 -0.802872359752655
945.40002 -0.767363369464874
945.5 -0.719089508056641
945.60004 -0.660253286361694
945.70001 -0.593420386314392
945.79999 -0.521256625652313
945.90002 -0.446326196193695
946 -0.371251612901688
946.10004 -0.298354029655457
946.20001 -0.229683622717857
946.29999 -0.166801333427429
946.40002 -0.110772982239723
946.5 -6.20599985122681E-02
946.60004 -2.07142680883408E-02
946.70001 1.38128101825714E-02
946.79999 4.25476133823395E-02
946.90002 6.69487714767456E-02
947 8.86268019676208E-02
947.10004 0.109514407813549
947.20001 0.131450325250626
947.29999 0.156167462468147
947.40002 0.185320287942886
947.5 0.220041200518608
947.60004 0.261133104562759
947.70001 0.308802664279938
947.79999 0.362855434417725
947.90002 0.42236065864563
948 0.485874891281128
948.10004 0.551595866680145
948.20001 0.617070436477661
948.29999 0.679808378219604
948.40002 0.737005293369293
948.5 0.785765528678894
948.60004 0.823370397090912
948.70001 0.847358524799347
948.79999 0.855855226516724
948.90002 0.847176074981689
949 0.820423007011414
949.10004 0.775460243225098
949.20001 0.712690353393555
949.29999 0.633357644081116
949.40002 0.539256453514099
949.5 0.432879209518433
949.60004 0.317127585411072
949.70001 0.195435062050819
949.79999 7.12272897362709E-02
949.90002 -5.18793277442455E-02
950 -0.170359939336777
950.10004 -0.281203091144562
950.20001 -0.381356060504913
950.29999 -0.468787223100662
950.40002 -0.541943073272705
950.5 -0.599973320960999
950.60004 -0.642738997936249
950.70001 -0.670847952365875
950.79999 -0.685746073722839
950.90002 -0.689402461051941
951 -0.684162378311157
951.10004 -0.672965407371521
951.20001 -0.658711910247803
951.29999 -0.644509971141815
951.40002 -0.633148193359375
951.5 -0.627284526824951
951.60004 -0.628872454166412
951.70001 -0.639312565326691
951.79999 -0.659490525722504
951.90002 -0.689121842384338
952 -0.727434277534485
952.10004 -0.772679805755615
952.20001 -0.822582066059113
952.29999 -0.873899102210999
952.40002 -0.923280298709869
952.5 -0.966734051704407
952.60004 -1.00018489360809
952.70001 -1.01961600780487
952.79999 -1.02135705947876
952.90002 -1.00184595584869
953 -0.958551704883575
953.10004 -0.889435291290283
953.20001 -0.793376803398132
953.29999 -0.670499920845032
953.40002 -0.521527171134949
953.5 -0.348601758480072
953.60004 -0.154539167881012
953.70001 5.66867887973785E-02
953.79999 0.280492961406708
953.90002 0.511870443820953
954 0.744768798351288
954.10004 0.973776698112488
954.20001 1.19267725944519
954.29999 1.39583694934845
954.40002 1.57829344272614
954.5 1.73519742488861
954.60004 1.86263298988342
954.70001 1.95758354663849
954.79999 2.01807045936584
954.90002 2.04305362701416
955 2.03239512443542
955.10004 1.98714542388916
955.20001 1.90909993648529
955.29999 1.80100405216217
955.40002 1.66614925861359
955.5 1.50853621959686
955.60004 1.33224713802338
955.70001 1.14195275306702
955.79999 0.942145168781281
955.90002 0.736970663070679
956 0.53082948923111
956.10004 0.32747283577919
956.20001 0.130374878644943
956.29999 -5.75747936964035E-02
956.40002 -0.234308257699013
956.5 -0.397481381893158
956.60004 -0.546070754528046
956.70001 -0.678795397281647
956.79999 -0.795310795307159
956.90002 -0.89542818069458
957 -0.978847205638885
957.10004 -1.045738697052
957.20001 -1.09625768661499
957.29999 -1.13051009178162
957.40002 -1.14888441562653
957.5 -1.15126073360443
957.60004 -1.13781452178955
957.70001 -1.10870242118835
957.79999 -1.06380355358124
957.90002 -1.00336527824402
958 -0.927860498428345
958.10004 -0.837507247924805
958.20001 -0.733436048030853
958.29999 -0.616614043712616
958.40002 -0.488491535186768
958.5 -0.351498305797577
958.60004 -0.207785844802856
958.70001 -6.05099350214005E-02
958.79999 8.69629979133606E-02
958.90002 0.23110730946064
959 0.367579758167267
959.10004 0.492510735988617
959.20001 0.601569950580597
959.29999 0.690785348415375
959.40002 0.756544232368469
959.5 0.795569717884064
959.60004 0.805273115634918
959.70001 0.78394341468811
959.79999 0.730601191520691
959.90002 0.645307540893555
960 0.52930223941803
960.10004 0.384577393531799
960.20001 0.214502185583115
960.29999 2.32405662536621E-02
960.40002 -0.184461981058121
960.5 -0.402726918458939
960.60004 -0.625465273857117
960.70001 -0.845787465572357
960.79999 -1.05765545368195
960.90002 -1.25448250770569
961 -1.42986226081848
961.10004 -1.57870829105377
961.20001 -1.69624948501587
961.29999 -1.77873492240906
961.40002 -1.82363831996918
961.5 -1.82940554618835
961.60004 -1.79587018489838
961.70001 -1.72396159172058
961.79999 -1.61592888832092
961.90002 -1.47478175163269
962 -1.30479598045349
962.10004 -1.11071062088013
962.20001 -0.89795184135437
962.29999 -0.672319352626801
962.40002 -0.439418971538544
962.5 -0.205301567912102
962.60004 2.51299291849136E-02
962.70001 0.246501296758652
962.79999 0.454877316951752
962.90002 0.646888792514801
963 0.819805383682251
963.10004 0.972012162208557
963.20001 1.10270154476166
963.29999 1.21191561222076
963.40002 1.3005747795105
963.5 1.36999070644379
963.60004 1.4222195148468
963.70001 1.4595273733139
963.79999 1.48439109325409
963.90002 1.49933850765228
964 1.50659382343292
964.10004 1.50829613208771
964.20001 1.50611579418182
964.29999 1.50118267536163
964.40002 1.49416446685791
964.5 1.48503172397614
964.60004 1.47356986999512
964.70001 1.45865035057068
964.79999 1.4389922618866
964.90002 1.41310954093933
965 1.37908792495728
965.10004 1.33515429496765
965.20001 1.27983677387238
965.29999 1.21147203445435
965.40002 1.12918102741241
965.5 1.03241431713104
965.60004 0.920955240726471
965.70001 0.795556485652924
965.79999 0.657434344291687
965.90002 0.508164882659912
966 0.350274056196213
966.10004 0.18626557290554
966.20001 1.95330306887627E-02
966.29999 -0.146625608205795
966.40002 -0.309060990810394
966.5 -0.464124023914337
966.60004 -0.608982622623444
966.70001 -0.740588963031769
966.79999 -0.856741368770599
966.90002 -0.955817341804504
967 -1.03645503520966
967.10004 -1.0983966588974
967.20001 -1.14175796508789
967.29999 -1.16751301288605
967.40002 -1.17705023288727
967.5 -1.17217350006104
967.60004 -1.15531313419342
967.70001 -1.12917244434357
967.79999 -1.09620976448059
967.90002 -1.05905771255493
968 -1.02036499977112
968.10004 -0.982177436351776
968.20001 -0.946336269378662
968.29999 -0.914193272590637
968.40002 -0.88640558719635
968.5 -0.863289475440979
968.60004 -0.844506800174713
968.70001 -0.829190254211426
968.79999 -0.816058278083801
968.90002 -0.803531289100647
969 -0.789909243583679
969.10004 -0.772974610328674
969.20001 -0.751031041145325
969.29999 -0.72231650352478
969.40002 -0.685356259346008
969.5 -0.63907253742218
969.60004 -0.582824110984802
969.70001 -0.516800105571747
969.79999 -0.441195964813232
969.90002 -0.357109844684601
970 -0.266289830207825
970.10004 -0.170590221881866
970.20001 -7.25496783852577E-02
970.29999 2.54361853003502E-02
970.40002 0.120547041296959
970.5 0.209985941648483
970.60004 0.291370570659637
970.70001 0.362378507852554
970.79999 0.421259671449661
970.90002 0.466731131076813
971 0.498007237911224
971.10004 0.515165328979492
971.20001 0.518699824810028
971.29999 0.509841024875641
971.40002 0.490232706069946
971.5 0.462317883968353
971.60004 0.428480356931686
971.70001 0.391601622104645
971.79999 0.354572862386703
971.90002 0.320193916559219
972 0.290910124778748
972.10004 0.269072532653809
972.20001 0.256310343742371
972.29999 0.253727853298187
972.40002 0.261699229478836
972.5 0.280110836029053
972.60004 0.308016121387482
972.70001 0.343728005886078
972.79999 0.385262846946716
972.90002 0.429972290992737
973 0.474932968616486
973.10004 0.517079591751099
973.20001 0.553155303001404
973.29999 0.580430269241333
973.40002 0.59621787071228
973.5 0.598299980163574
973.60004 0.585129976272583
973.70001 0.556001842021942
973.79999 0.510712742805481
973.90002 0.450170964002609
974 0.37569934129715
974.10004 0.289609283208847
974.20001 0.194897502660751
974.29999 9.48239117860794E-02
974.40002 -6.60156086087227E-03
974.5 -0.105676986277103
974.60004 -0.198149591684341
974.70001 -0.280165255069733
974.79999 -0.348304033279419
974.90002 -0.399652451276779
975 -0.431765854358673
975.10004 -0.443096518516541
975.20001 -0.433165520429611
975.29999 -0.402003914117813
975.40002 -0.350810915231705
975.5 -0.281458616256714
975.60004 -0.196728512644768
975.70001 -0.100122950971127
975.79999 4.6837106347084E-03
975.90002 0.113333344459534
976 0.221618264913559
976.10004 0.325160324573517
976.20001 0.419839143753052
976.29999 0.502149045467377
976.40002 0.56902289390564
976.5 0.617984175682068
976.60004 0.647654592990875
976.70001 0.6570965051651
976.79999 0.646439731121063
976.90002 0.616725146770477
977 0.569656550884247
977.10004 0.50759094953537
977.20001 0.433428198099136
977.29999 0.350459605455399
977.40002 0.262286126613617
977.5 0.172276213765144
977.60004 0.083955392241478
977.70001 5.18932938575745E-04
977.79999 -7.55022466182709E-02
977.90002 -0.141939297318459
978 -0.197148650884628
978.10004 -0.240555480122566
978.20001 -0.271796345710754
978.29999 -0.291441142559052
978.40002 -0.300851434469223
978.5 -0.301681816577911
978.60004 -0.29595810174942
978.70001 -0.286188364028931
978.79999 -0.274979144334793
978.90002 -0.264837116003036
979 -0.25831127166748
979.10004 -0.25749546289444
979.20001 -0.264054477214813
979.29999 -0.279370486736298
979.40002 -0.3040651679039
979.5 -0.33828741312027
979.60004 -0.381565600633621
979.70001 -0.433045923709869
979.79999 -0.491083234548569
979.90002 -0.553703844547272
980 -0.618785083293915
980.10004 -0.683954954147339
980.20001 -0.746548771858215
980.29999 -0.804277777671814
980.40002 -0.854984402656555
980.5 -0.896586656570435
980.60004 -0.927595496177673
980.70001 -0.946868062019348
980.79999 -0.953691780567169
980.90002 -0.948018550872803
981 -0.930041670799255
981.10004 -0.900485873222351
981.20001 -0.860438585281372
981.29999 -0.811247587203979
981.40002 -0.754345834255219
981.5 -0.691179633140564
981.60004 -0.623341619968414
981.70001 -0.552227735519409
981.79999 -0.478830009698868
981.90002 -0.40384840965271
982 -0.327821314334869
982.10004 -0.25080218911171
982.20001 -0.172690778970718
982.29999 -9.26155000925064E-02
982.40002 -9.78384912014008E-03
982.5 7.67503380775452E-02
982.60004 0.168223634362221
982.70001 0.265457928180695
982.79999 0.369447886943817
982.90002 0.480942904949188
983 0.599716067314148
983.10004 0.725866079330444
983.20001 0.858257055282593
983.29999 0.995291650295258
983.40002 1.13521981239319
983.5 1.27501821517944
983.60004 1.41165995597839
983.70001 1.54134571552277
983.79999 1.66017162799835
983.90002 1.76406872272491
984 1.84866678714752
984.10004 1.91033506393433
984.20001 1.94517493247986
984.29999 1.95033597946167
984.40002 1.92334342002869
984.5 1.86288690567017
984.60004 1.76817488670349
984.70001 1.63988304138184
984.79999 1.47958076000214
984.90002 1.28955280780792
985 1.07366931438446
985.10004 0.836061954498291
985.20001 0.582304298877716
985.29999 0.317880481481552
985.40002 4.89543303847313E-02
985.5 -0.21810419857502
985.60004 -0.477285087108612
985.70001 -0.722133994102478
985.79999 -0.947530210018158
985.90002 -1.14872241020203
986 -1.3215868473053
986.10004 -1.46334588527679
986.20001 -1.57191252708435
986.29999 -1.64674603939056
986.40002 -1.68788969516754
986.5 -1.696702003479
986.60004 -1.67553436756134
986.70001 -1.62748384475708
986.79999 -1.55626463890076
986.90002 -1.46602416038513
987 -1.36133587360382
987.10004 -1.24660515785217
987.20001 -1.12644016742706
987.29999 -1.00475311279297
987.40002 -0.885154187679291
987.5 -0.770686030387878
987.60004 -0.663568615913391
987.70001 -0.565485715866089
987.79999 -0.477043211460114
987.90002 -0.398073256015778
988 -0.328120023012161
988.10004 -0.265661120414734
988.20001 -0.209078103303909
988.29999 -0.156168207526207
988.40002 -0.10455048084259
988.5 -0.052148699760437
988.60004 3.32224369049072E-03
988.70001 6.36681467294693E-02
988.79999 0.130253314971924
988.90002 0.204045712947845
989 0.285259246826172
989.10004 0.373525619506836
989.20001 0.46779465675354
989.29999 0.566588282585144
989.40002 0.667891025543213
989.5 0.768953502178192
989.60004 0.867203295230865
989.70001 0.959448099136353
989.79999 1.04263341426849
989.90002 1.11401283740997
990 1.17085576057434
990.10004 1.21090805530548
990.20001 1.23248171806335
990.29999 1.23435366153717
990.40002 1.215895652771
990.5 1.17744529247284
990.60004 1.11940431594849
990.70001 1.04344737529755
990.79999 0.95122504234314
990.90002 0.845069229602814
991 0.727717578411102
991.10004 0.60180127620697
991.20001 0.470142245292664
991.29999 0.335934221744537
991.40002 0.201390475034714
991.5 6.92229568958282E-02
991.60004 -5.87596744298935E-02
991.70001 -0.180757910013199
991.79999 -0.295667409896851
991.90002 -0.402840435504913
992 -0.501638293266296
992.10004 -0.592364013195038
992.20001 -0.675189018249512
992.29999 -0.750639319419861
992.40002 -0.819294512271881
992.5 -0.881878137588501
992.60004 -0.93880295753479
992.70001 -0.990270733833313
992.79999 -1.03676891326904
992.90002 -1.0776435136795
993 -1.11248755455017
993.10004 -1.14057517051697
993.20001 -1.16055536270142
993.29999 -1.17091035842896
993.40002 -1.17019557952881
993.5 -1.15674602985382
993.60004 -1.12881374359131
993.70001 -1.08499491214752
993.79999 -1.02415323257446
993.90002 -0.945511519908905
994 -0.848909437656403
994.10004 -0.734619677066803
994.20001 -0.603820085525513
994.29999 -0.458186745643616
994.40002 -0.300191909074783
994.5 -0.133126556873322
994.60004 3.95683646202087E-02
994.70001 0.213554829359055
994.79999 0.384259909391403
994.90002 0.547246277332306
995 0.697651743888855
995.10004 0.831056177616119
995.20001 0.943250179290771
995.29999 1.03071641921997
995.40002 1.09064304828644
995.5 1.12109386920929
995.60004 1.12087488174438
995.70001 1.09011256694794
995.79999 1.02984619140625
995.90002 0.942036628723145
996 0.829841673374176
996.10004 0.696941137313843
996.20001 0.548120439052582
996.29999 0.388616263866425
996.40002 0.223544359207153
996.5 5.88883012533188E-02
996.60004 -9.99931171536446E-02
996.70001 -0.247835889458656
996.79999 -0.379783540964127
996.90002 -0.491872370243073
997 -0.580798864364624
997.10004 -0.644194304943085
997.20001 -0.68074643611908
997.29999 -0.690028071403503
997.40002 -0.672855198383331
997.5 -0.630745470523834
997.60004 -0.566021680831909
997.70001 -0.482184857130051
997.79999 -0.382569074630737
997.90002 -0.271216809749603
998 -0.152559593319893
998.10004 -3.04073393344879E-02
998.20001 9.08700376749039E-02
998.29999 0.207899957895279
998.40002 0.317657023668289
998.5 0.417637646198273
998.60004 0.506059944629669
998.70001 0.581921756267548
998.79999 0.644807934761047
998.90002 0.695334076881409
999 0.734158277511597
999.10004 0.762901604175568
999.20001 0.783552944660187
999.29999 0.797892034053802
999.40002 0.808175206184387
999.5 0.816416501998901
999.60004 0.824427604675293
999.70001 0.833692669868469
999.79999 0.845205247402191
999.90002 0.859367728233337
1000 0.876105785369873