  2000
  0.00  -0.00000007   0.00000000   0.00000000 
  0.01  -0.00000005   0.00000000   0.00000000 
  0.02  -0.00000003   0.00000000   0.00000000 
  0.03  -0.00000008   0.00000000   0.00000000 
  0.04  -0.00000000   0.00000000   0.00000000 
  0.05  -0.00000008   0.00000000   0.00000000 
  0.06  -0.00000003   0.00000000   0.00000000 
  0.07   0.00000005   0.00000000   0.00000000 
  0.08   0.00000003   0.00000000   0.00000000 
  0.09  -0.00000008   0.00000000   0.00000000 
  0.10  -0.00000000   0.00000000   0.00000000 
  0.11  -0.00000000   0.00000000   0.00000000 
  0.12  -0.00000007   0.00000000   0.00000000 
  0.13  -0.00000005   0.00000000   0.00000000 
  0.14   0.00000003   0.00000000   0.00000000 
  0.15   0.00000010   0.00000000   0.00000000 
  0.16   0.00000010   0.00000000   0.00000000 
  0.17   0.00000002   0.00000000   0.00000000 
  0.18  -0.00000007   0.00000000   0.00000000 
  0.19   0.00000000   0.00000000   0.00000000 
  0.20   0.00000003   0.00000000   0.00000000 
  0.21  -0.00000010   0.00000000   0.00000000 
  0.22  -0.00000010   0.00000000   0.00000000 
  0.23  -0.00000010   0.00000000   0.00000000 
  0.24   0.00000003   0.00000000   0.00000000 
  0.25  -0.00000000   0.00000000   0.00000000 
  0.26  -0.00000007   0.00000000   0.00000000 
  0.27  -0.00000000   0.00000000   0.00000000 
  0.28  -0.00000000   0.00000000   0.00000000 
  0.29  -0.00000000   0.00000000   0.00000000 
  0.30  -0.00000007   0.00000000   0.00000000 
  0.31  -0.00000005   0.00000000   0.00000000 
  0.32  -0.00000000   0.00000000   0.00000000 
  0.33  -0.00000000   0.00000000   0.00000000 
  0.34  -0.00000000   0.00000000   0.00000000 
  0.35  -0.00000000   0.00000000   0.00000000 
  0.36   0.00000007   0.00000000   0.00000000 
  0.37  -0.00000000   0.00000000   0.00000000 
  0.38  -0.00000010   0.00000000   0.00000000 
  0.39  -0.00000008   0.00000000   0.00000000 
  0.40  -0.00000000   0.00000000   0.00000000 
  0.41  -0.00000000   0.00000000   0.00000000 
  0.42  -0.00000007   0.00000000   0.00000000 
  0.43  -0.00000005   0.00000000   0.00000000 
  0.44  -0.00000000   0.00000000   0.00000000 
  0.45  -0.00000002   0.00000000   0.00000000 
  0.46  -0.00000010   0.00000000   0.00000000 
  0.47   0.00000007   0.00000000   0.00000000 
  0.48   0.00000003   0.00000000   0.00000000 
  0.49  -0.00000000   0.00000000   0.00000000 
  0.50   0.00000003   0.00000000   0.00000000 
  0.51   0.00000008   0.00000000   0.00000000 
  0.52   0.00000000   0.00000000   0.00000000 
  0.53  -0.00000000   0.00000000   0.00000000 
  0.54  -0.00000000   0.00000000   0.00000000 
  0.55  -0.00000000   0.00000000   0.00000000 
  0.56  -0.00000003   0.00000000   0.00000000 
  0.57  -0.00000008   0.00000000   0.00000000 
  0.58  -0.00000000   0.00000000   0.00000000 
  0.59  -0.00000000   0.00000000   0.00000000 
  0.60   0.00000007   0.00000000   0.00000000 
  0.61   0.00000005   0.00000000   0.00000000 
  0.62  -0.00000000   0.00000000   0.00000000 
  0.63   0.00000002   0.00000000   0.00000000 
  0.64   0.00000010   0.00000000   0.00000000 
  0.65   0.00000010   0.00000000   0.00000000 
  0.66   0.00000003   0.00000000   0.00000000 
  0.67  -0.00000000   0.00000000   0.00000000 
  0.68  -0.00000003   0.00000000   0.00000000 
  0.69  -0.00000007   0.00000000   0.00000000 
  0.70   0.00000010   0.00000000   0.00000000 
  0.71  -0.00000007   0.00000000   0.00000000 
  0.72  -0.00000010   0.00000000   0.00000000 
  0.73  -0.00000010   0.00000000   0.00000000 
  0.74  -0.00000007   0.00000000   0.00000000 
  0.75  -0.00000000   0.00000000   0.00000000 
  0.76  -0.00000000   0.00000000   0.00000000 
  0.77  -0.00000000   0.00000000   0.00000000 
  0.78  -0.00000007   0.00000000   0.00000000 
  0.79  -0.00000005   0.00000000   0.00000000 
  0.80   0.00000003   0.00000000   0.00000000 
  0.81   0.00000007   0.00000000   0.00000000 
  0.82  -0.00000010   0.00000000   0.00000000 
  0.83  -0.00000010   0.00000000   0.00000000 
  0.84  -0.00000010   0.00000000   0.00000000 
  0.85  -0.00000010   0.00000000   0.00000000 
  0.86  -0.00000007   0.00000000   0.00000000 
  0.87  -0.00000000   0.00000000   0.00000000 
  0.88  -0.00000000   0.00000000   0.00000000 
  0.89  -0.00000000   0.00000000   0.00000000 
  0.90   0.00000007   0.00000000   0.00000000 
  0.91   0.00000005   0.00000000   0.00000000 
  0.92   0.00000003   0.00000000   0.00000000 
  0.93   0.00000008   0.00000000   0.00000000 
  0.94  -0.00000000   0.00000000   0.00000000 
  0.95  -0.00000008   0.00000000   0.00000000 
  0.96  -0.00000010   0.00000000   0.00000000 
  0.97  -0.00000005   0.00000000   0.00000000 
  0.98  -0.00000000   0.00000000   0.00000000 
  0.99  -0.00000000   0.00000000   0.00000000 
  1.00  -0.00000000   0.00000000   0.00000000 
  1.01   0.00000017   0.00000000   0.00000000 
  1.02   0.00000013   0.00000000   0.00000000 
  1.03   0.00000005   0.00000000   0.00000000 
  1.04  -0.00000000   0.00000000   0.00000000 
  1.05  -0.00000002   0.00000000   0.00000000 
  1.06  -0.00000010   0.00000000   0.00000000 
  1.07   0.00000007   0.00000000   0.00000000 
  1.08   0.00000003   0.00000000   0.00000000 
  1.09  -0.00000005   0.00000000   0.00000000 
  1.10  -0.00000010   0.00000000   0.00000000 
  1.11  -0.00000008   0.00000000   0.00000000 
  1.12  -0.00000000   0.00000000   0.00000000 
  1.13  -0.00000008   0.00000000   0.00000000 
  1.14  -0.00000010   0.00000000   0.00000000 
  1.15  -0.00000005   0.00000000   0.00000000 
  1.16  -0.00000000   0.00000000   0.00000000 
  1.17   0.00000002   0.00000000   0.00000000 
  1.18   0.00000010   0.00000000   0.00000000 
  1.19   0.00000010   0.00000000   0.00000000 
  1.20   0.00000003   0.00000000   0.00000000 
  1.21  -0.00000000   0.00000000   0.00000000 
  1.22  -0.00000000   0.00000000   0.00000000 
  1.23  -0.00000000   0.00000000   0.00000000 
  1.24  -0.00000000   0.00000000   0.00000000 
  1.25  -0.00000008   0.00000000   0.00000000 
  1.26   0.00000003   0.00000000   0.00000000 
  1.27   0.00000005   0.00000000   0.00000000 
  1.28  -0.00000003   0.00000000   0.00000000 
  1.29  -0.00000008   0.00000000   0.00000000 
  1.30  -0.00000000   0.00000000   0.00000000 
  1.31  -0.00000000   0.00000000   0.00000000 
  1.32  -0.00000000   0.00000000   0.00000000 
  1.33  -0.00000000   0.00000000   0.00000000 
  1.34   0.00000003   0.00000000   0.00000000 
  1.35   0.00000007   0.00000000   0.00000000 
  1.36  -0.00000010   0.00000000   0.00000000 
  1.37  -0.00000018   0.00000000   0.00000000 
  1.38  -0.00000007   0.00000000   0.00000000 
  1.39   0.00000005   0.00000000   0.00000000 
  1.40   0.00000003   0.00000000   0.00000000 
  1.41  -0.00000008   0.00000000   0.00000000 
  1.42  -0.00000000   0.00000000   0.00000000 
  1.43  -0.00000000   0.00000000   0.00000000 
  1.44  -0.00000000   0.00000000   0.00000000 
  1.45  -0.00000005   0.00000000   0.00000000 
  1.46  -0.00000007   0.00000000   0.00000000 
  1.47  -0.00000002   0.00000000   0.00000000 
  1.48  -0.00000010   0.00000000   0.00000000 
  1.49   0.00000007   0.00000000   0.00000000 
  1.50  -0.00000003   0.00000000   0.00000000 
  1.51  -0.00000010   0.00000000   0.00000000 
  1.52  -0.00000007   0.00000000   0.00000000 
  1.53  -0.00000000   0.00000000   0.00000000 
  1.54  -0.00000000   0.00000000   0.00000000 
  1.55  -0.00000008   0.00000000   0.00000000 
  1.56   0.00000003   0.00000000   0.00000000 
  1.57   0.00000005   0.00000000   0.00000000 
  1.58  -0.00000003   0.00000000   0.00000000 
  1.59  -0.00000008   0.00000000   0.00000000 
  1.60  -0.00000000   0.00000000   0.00000000 
  1.61  -0.00000000   0.00000000   0.00000000 
  1.62  -0.00000007   0.00000000   0.00000000 
  1.63  -0.00000005   0.00000000   0.00000000 
  1.64  -0.00000000   0.00000000   0.00000000 
  1.65  -0.00000000   0.00000000   0.00000000 
  1.66  -0.00000000   0.00000000   0.00000000 
  1.67  -0.00000000   0.00000000   0.00000000 
  1.68  -0.00000007   0.00000000   0.00000000 
  1.69  -0.00000005   0.00000000   0.00000000 
  1.70  -0.00000000   0.00000000   0.00000000 
  1.71  -0.00000000   0.00000000   0.00000000 
  1.72  -0.00000000   0.00000000   0.00000000 
  1.73  -0.00000000   0.00000000   0.00000000 
  1.74  -0.00000007   0.00000000   0.00000000 
  1.75  -0.00000005   0.00000000   0.00000000 
  1.76  -0.00000000   0.00000000   0.00000000 
  1.77  -0.00000002   0.00000000   0.00000000 
  1.78  -0.00000010   0.00000000   0.00000000 
  1.79  -0.00000010   0.00000000   0.00000000 
  1.80  -0.00000010   0.00000000   0.00000000 
  1.81   0.00000000   0.00000000   0.00000000 
  1.82   0.00000007   0.00000000   0.00000000 
  1.83  -0.00000000   0.00000000   0.00000000 
  1.84  -0.00000000   0.00000000   0.00000000 
  1.85   0.00000008   0.00000000   0.00000000 
  1.86   0.00000003   0.00000000   0.00000000 
  1.87  -0.00000000   0.00000000   0.00000000 
  1.88  -0.00000003   0.00000000   0.00000000 
  1.89  -0.00000008   0.00000000   0.00000000 
  1.90  -0.00000000   0.00000000   0.00000000 
  1.91   0.00000008   0.00000000   0.00000000 
  1.92   0.00000003   0.00000000   0.00000000 
  1.93  -0.00000005   0.00000000   0.00000000 
  1.94  -0.00000007   0.00000000   0.00000000 
  1.95  -0.00000000   0.00000000   0.00000000 
  1.96  -0.00000000   0.00000000   0.00000000 
  1.97  -0.00000000   0.00000000   0.00000000 
  1.98  -0.00000007   0.00000000   0.00000000 
  1.99  -0.00000000   0.00000000   0.00000000 
  2.00   0.00000010   0.00000000   0.00000000 
  2.01   0.00000008   0.00000000   0.00000000 
  2.02  -0.00000000   0.00000000   0.00000000 
  2.03   0.00000008   0.00000000   0.00000000 
  2.04   0.00000010   0.00000000   0.00000000 
  2.05  -0.00000005   0.00000000   0.00000000 
  2.06  -0.00000010   0.00000000   0.00000000 
  2.07   0.00000008   0.00000000   0.00000000 
  2.08  -0.00000000   0.00000000   0.00000000 
  2.09  -0.00000000   0.00000000   0.00000000 
  2.10  -0.00000000   0.00000000   0.00000000 
  2.11   0.00000005   0.00000000   0.00000000 
  2.12   0.00000003   0.00000000   0.00000000 
  2.13  -0.00000007   0.00000000   0.00000000 
  2.14   0.00000010   0.00000000   0.00000000 
  2.15   0.00000010   0.00000000   0.00000000 
  2.16   0.00000003   0.00000000   0.00000000 
  2.17  -0.00000000   0.00000000   0.00000000 
  2.18  -0.00000000   0.00000000   0.00000000 
  2.19  -0.00000002   0.00000000   0.00000000 
  2.20  -0.00000010   0.00000000   0.00000000 
  2.21  -0.00000010   0.00000000   0.00000000 
  2.22  -0.00000010   0.00000000   0.00000000 
  2.23  -0.00000005   0.00000000   0.00000000 
  2.24  -0.00000000   0.00000000   0.00000000 
  2.25  -0.00000000   0.00000000   0.00000000 
  2.26  -0.00000000   0.00000000   0.00000000 
  2.27  -0.00000008   0.00000000   0.00000000 
  2.28  -0.00000003   0.00000000   0.00000000 
  2.29  -0.00000000   0.00000000   0.00000000 
  2.30  -0.00000003   0.00000000   0.00000000 
  2.31  -0.00000008   0.00000000   0.00000000 
  2.32  -0.00000000   0.00000000   0.00000000 
  2.33   0.00000017   0.00000000   0.00000000 
  2.34   0.00000000   0.00000000   0.00000000 
  2.35  -0.00000005   0.00000000   0.00000000 
  2.36  -0.00000003   0.00000000   0.00000000 
  2.37  -0.00000010   0.00000000   0.00000000 
  2.38  -0.00000010   0.00000000   0.00000000 
  2.39  -0.00000010   0.00000000   0.00000000 
  2.40  -0.00000003   0.00000000   0.00000000 
  2.41  -0.00000000   0.00000000   0.00000000 
  2.42  -0.00000003   0.00000000   0.00000000 
  2.43  -0.00000010   0.00000000   0.00000000 
  2.44  -0.00000010   0.00000000   0.00000000 
  2.45   0.00000007   0.00000000   0.00000000 
  2.46  -0.00000003   0.00000000   0.00000000 
  2.47  -0.00000005   0.00000000   0.00000000 
  2.48  -0.00000003   0.00000000   0.00000000 
  2.49  -0.00000010   0.00000000   0.00000000 
  2.50  -0.00000010   0.00000000   0.00000000 
  2.51  -0.00000010   0.00000000   0.00000000 
  2.52  -0.00000003   0.00000000   0.00000000 
  2.53  -0.00000005   0.00000000   0.00000000 
  2.54  -0.00000007   0.00000000   0.00000000 
  2.55  -0.00000002   0.00000000   0.00000000 
  2.56  -0.00000010   0.00000000   0.00000000 
  2.57  -0.00000002   0.00000000   0.00000000 
  2.58  -0.00000000   0.00000000   0.00000000 
  2.59  -0.00000000   0.00000000   0.00000000 
  2.60  -0.00000000   0.00000000   0.00000000 
  2.61  -0.00000000   0.00000000   0.00000000 
  2.62  -0.00000000   0.00000000   0.00000000 
  2.63   0.00000008   0.00000000   0.00000000 
  2.64   0.00000003   0.00000000   0.00000000 
  2.65  -0.00000000   0.00000000   0.00000000 
  2.66  -0.00000000   0.00000000   0.00000000 
  2.67  -0.00000000   0.00000000   0.00000000 
  2.68  -0.00000000   0.00000000   0.00000000 
  2.69  -0.00000008   0.00000000   0.00000000 
  2.70  -0.00000003   0.00000000   0.00000000 
  2.71  -0.00000000   0.00000000   0.00000000 
  2.72  -0.00000000   0.00000000   0.00000000 
  2.73  -0.00000000   0.00000000   0.00000000 
  2.74  -0.00000000   0.00000000   0.00000000 
  2.75  -0.00000008   0.00000000   0.00000000 
  2.76  -0.00000010   0.00000000   0.00000000 
  2.77  -0.00000005   0.00000000   0.00000000 
  2.78  -0.00000000   0.00000000   0.00000000 
  2.79  -0.00000002   0.00000000   0.00000000 
  2.80  -0.00000010   0.00000000   0.00000000 
  2.81  -0.00000002   0.00000000   0.00000000 
  2.82  -0.00000000   0.00000000   0.00000000 
  2.83  -0.00000005   0.00000000   0.00000000 
  2.84  -0.00000010   0.00000000   0.00000000 
  2.85  -0.00000010   0.00000000   0.00000000 
  2.86  -0.00000010   0.00000000   0.00000000 
  2.87  -0.00000002   0.00000000   0.00000000 
  2.88  -0.00000000   0.00000000   0.00000000 
  2.89   0.00000005   0.00000000   0.00000000 
  2.90   0.00000007   0.00000000   0.00000000 
  2.91  -0.00000000   0.00000000   0.00000000 
  2.92  -0.00000000   0.00000000   0.00000000 
  2.93  -0.00000000   0.00000000   0.00000000 
  2.94  -0.00000000   0.00000000   0.00000000 
  2.95  -0.00000005   0.00000000   0.00000000 
  2.96  -0.00000010   0.00000000   0.00000000 
  2.97  -0.00000010   0.00000000   0.00000000 
  2.98  -0.00000010   0.00000000   0.00000000 
  2.99  -0.00000002   0.00000000   0.00000000 
  3.00  -0.00000847   0.00000000   0.00000000 
  3.01  -0.00025365   0.00000000   0.00000000 
  3.02  -0.00095023   0.00000000   0.00000000 
  3.03  -0.00222683   0.00000000   0.00000000 
  3.04  -0.00405350   0.00000000   0.00000000 
  3.05  -0.00659792   0.00000000   0.00000000 
  3.06  -0.00968893   0.00000000   0.00000000 
  3.07  -0.01329795   0.00000000   0.00000000 
  3.08  -0.01743377   0.00000000   0.00000000 
  3.09  -0.02211415   0.00000000   0.00000000 
  3.10  -0.02733740   0.00000000   0.00000000 
  3.11  -0.03317982   0.00000000   0.00000000 
  3.12  -0.03938183   0.00000000   0.00000000 
  3.13  -0.04567985   0.00000000   0.00000000 
  3.14  -0.05187980   0.00000000   0.00000000 
  3.15  -0.05788805   0.00000000   0.00000000 
  3.16  -0.06374230   0.00000000   0.00000000 
  3.17  -0.06946905   0.00000000   0.00000000 
  3.18  -0.07502580   0.00000000   0.00000000 
  3.19  -0.08034185   0.00000000   0.00000000 
  3.20  -0.08535000   0.00000000   0.00000000 
  3.21  -0.08999045   0.00000000   0.00000000 
  3.22  -0.09421470   0.00000000   0.00000000 
  3.23  -0.09792312   0.00000000   0.00000000 
  3.24  -0.10119920   0.00000000   0.00000000 
  3.25  -0.10400135   0.00000000   0.00000000 
  3.26  -0.10629840   0.00000000   0.00000000 
  3.27  -0.10806707   0.00000000   0.00000000 
  3.28  -0.10928940   0.00000000   0.00000000 
  3.29  -0.10979657   0.00000000   0.00000000 
  3.30  -0.10977180   0.00000000   0.00000000 
  3.31  -0.10920590   0.00000000   0.00000000 
  3.32  -0.10807283   0.00000000   0.00000000 
  3.33  -0.10635627   0.00000000   0.00000000 
  3.34  -0.10407610   0.00000000   0.00000000 
  3.35  -0.10110960   0.00000000   0.00000000 
  3.36  -0.09759963   0.00000000   0.00000000 
  3.37  -0.09355255   0.00000000   0.00000000 
  3.38  -0.08896893   0.00000000   0.00000000 
  3.39  -0.08385097   0.00000000   0.00000000 
  3.40  -0.07820980   0.00000000   0.00000000 
  3.41  -0.07198522   0.00000000   0.00000000 
  3.42  -0.06536157   0.00000000   0.00000000 
  3.43  -0.05840380   0.00000000   0.00000000 
  3.44  -0.05116233   0.00000000   0.00000000 
  3.45  -0.04367003   0.00000000   0.00000000 
  3.46  -0.03593920   0.00000000   0.00000000 
  3.47  -0.02795878   0.00000000   0.00000000 
  3.48  -0.01985110   0.00000000   0.00000000 
  3.49  -0.01165650   0.00000000   0.00000000 
  3.50  -0.00341820   0.00000000   0.00000000 
  3.51   0.00481540   0.00000000   0.00000000 
  3.52   0.01298840   0.00000000   0.00000000 
  3.53   0.02104165   0.00000000   0.00000000 
  3.54   0.02894450   0.00000000   0.00000000 
  3.55   0.03664215   0.00000000   0.00000000 
  3.56   0.04409617   0.00000000   0.00000000 
  3.57   0.05127295   0.00000000   0.00000000 
  3.58   0.05813220   0.00000000   0.00000000 
  3.59   0.06452212   0.00000000   0.00000000 
  3.60   0.07050123   0.00000000   0.00000000 
  3.61   0.07604280   0.00000000   0.00000000 
  3.62   0.08111443   0.00000000   0.00000000 
  3.63   0.08568320   0.00000000   0.00000000 
  3.64   0.08972070   0.00000000   0.00000000 
  3.65   0.09305970   0.00000000   0.00000000 
  3.66   0.09582463   0.00000000   0.00000000 
  3.67   0.09800500   0.00000000   0.00000000 
  3.68   0.09958837   0.00000000   0.00000000 
  3.69   0.10056480   0.00000000   0.00000000 
  3.70   0.10093130   0.00000000   0.00000000 
  3.71   0.10058247   0.00000000   0.00000000 
  3.72   0.09963603   0.00000000   0.00000000 
  3.73   0.09810465   0.00000000   0.00000000 
  3.74   0.09599440   0.00000000   0.00000000 
  3.75   0.09331052   0.00000000   0.00000000 
  3.76   0.09006310   0.00000000   0.00000000 
  3.77   0.08614310   0.00000000   0.00000000 
  3.78   0.08169030   0.00000000   0.00000000 
  3.79   0.07670245   0.00000000   0.00000000 
  3.80   0.07119187   0.00000000   0.00000000 
  3.81   0.06517940   0.00000000   0.00000000 
  3.82   0.05868840   0.00000000   0.00000000 
  3.83   0.05171165   0.00000000   0.00000000 
  3.84   0.04448050   0.00000000   0.00000000 
  3.85   0.03702630   0.00000000   0.00000000 
  3.86   0.02936633   0.00000000   0.00000000 
  3.87   0.02152158   0.00000000   0.00000000 
  3.88   0.01353450   0.00000000   0.00000000 
  3.89   0.00544792   0.00000000   0.00000000 
  3.90  -0.00266200   0.00000000   0.00000000 
  3.91  -0.01073875   0.00000000   0.00000000 
  3.92  -0.01873983   0.00000000   0.00000000 
  3.93  -0.02662878   0.00000000   0.00000000 
  3.94  -0.03436720   0.00000000   0.00000000 
  3.95  -0.04183478   0.00000000   0.00000000 
  3.96  -0.04903037   0.00000000   0.00000000 
  3.97  -0.05592320   0.00000000   0.00000000 
  3.98  -0.06247703   0.00000000   0.00000000 
  3.99  -0.06865500   0.00000000   0.00000000 
  4.00  -0.07442450   0.00000000   0.00000000 
  4.01  -0.07962358   0.00000000   0.00000000 
  4.02  -0.08432160   0.00000000   0.00000000 
  4.03  -0.08850100   0.00000000   0.00000000 
  4.04  -0.09214497   0.00000000   0.00000000 
  4.05  -0.09523517   0.00000000   0.00000000 
  4.06  -0.09774950   0.00000000   0.00000000 
  4.07  -0.09952608   0.00000000   0.00000000 
  4.08  -0.10070393   0.00000000   0.00000000 
  4.09  -0.10126460   0.00000000   0.00000000 
  4.10  -0.10123043   0.00000000   0.00000000 
  4.11  -0.10063133   0.00000000   0.00000000 
  4.12  -0.09947150   0.00000000   0.00000000 
  4.13  -0.09758708   0.00000000   0.00000000 
  4.14  -0.09513340   0.00000000   0.00000000 
  4.15  -0.09212225   0.00000000   0.00000000 
  4.16  -0.08856317   0.00000000   0.00000000 
  4.17  -0.08446285   0.00000000   0.00000000 
  4.18  -0.07982460   0.00000000   0.00000000 
  4.19  -0.07452718   0.00000000   0.00000000 
  4.20  -0.06871903   0.00000000   0.00000000 
  4.21  -0.06241210   0.00000000   0.00000000 
  4.22  -0.05566250   0.00000000   0.00000000 
  4.23  -0.04855470   0.00000000   0.00000000 
  4.24  -0.04118570   0.00000000   0.00000000 
  4.25  -0.03356612   0.00000000   0.00000000 
  4.26  -0.02577653   0.00000000   0.00000000 
  4.27  -0.01784295   0.00000000   0.00000000 
  4.28  -0.00979347   0.00000000   0.00000000 
  4.29  -0.00166850   0.00000000   0.00000000 
  4.30   0.00646900   0.00000000   0.00000000 
  4.31   0.01451108   0.00000000   0.00000000 
  4.32   0.02244643   0.00000000   0.00000000 
  4.33   0.03024620   0.00000000   0.00000000 
  4.34   0.03786700   0.00000000   0.00000000 
  4.35   0.04526302   0.00000000   0.00000000 
  4.36   0.05239810   0.00000000   0.00000000 
  4.37   0.05912152   0.00000000   0.00000000 
  4.38   0.06545760   0.00000000   0.00000000 
  4.39   0.07138265   0.00000000   0.00000000 
  4.40   0.07687737   0.00000000   0.00000000 
  4.41   0.08191707   0.00000000   0.00000000 
  4.42   0.08646190   0.00000000   0.00000000 
  4.43   0.09033598   0.00000000   0.00000000 
  4.44   0.09365560   0.00000000   0.00000000 
  4.45   0.09640565   0.00000000   0.00000000 
  4.46   0.09857243   0.00000000   0.00000000 
  4.47   0.10014372   0.00000000   0.00000000 
  4.48   0.10110880   0.00000000   0.00000000 
  4.49   0.10131205   0.00000000   0.00000000 
  4.50   0.10093743   0.00000000   0.00000000 
  4.51   0.09999110   0.00000000   0.00000000 
  4.52   0.09847227   0.00000000   0.00000000 
  4.53   0.09637920   0.00000000   0.00000000 
  4.54   0.09371520   0.00000000   0.00000000 
  4.55   0.09035287   0.00000000   0.00000000 
  4.56   0.08645527   0.00000000   0.00000000 
  4.57   0.08202560   0.00000000   0.00000000 
  4.58   0.07706593   0.00000000   0.00000000 
  4.59   0.07158368   0.00000000   0.00000000 
  4.60   0.06559810   0.00000000   0.00000000 
  4.61   0.05901118   0.00000000   0.00000000 
  4.62   0.05203840   0.00000000   0.00000000 
  4.63   0.04478380   0.00000000   0.00000000 
  4.64   0.03730587   0.00000000   0.00000000 
  4.65   0.02963248   0.00000000   0.00000000 
  4.66   0.02177590   0.00000000   0.00000000 
  4.67   0.01375457   0.00000000   0.00000000 
  4.68   0.00566143   0.00000000   0.00000000 
  4.69  -0.00245970   0.00000000   0.00000000 
  4.70  -0.01055513   0.00000000   0.00000000 
  4.71  -0.01857455   0.00000000   0.00000000 
  4.72  -0.02648430   0.00000000   0.00000000 
  4.73  -0.03419097   0.00000000   0.00000000 
  4.74  -0.04167250   0.00000000   0.00000000 
  4.75  -0.04888855   0.00000000   0.00000000 
  4.76  -0.05580480   0.00000000   0.00000000 
  4.77  -0.06238723   0.00000000   0.00000000 
  4.78  -0.06859640   0.00000000   0.00000000 
  4.79  -0.07428415   0.00000000   0.00000000 
  4.80  -0.07950423   0.00000000   0.00000000 
  4.81  -0.08422530   0.00000000   0.00000000 
  4.82  -0.08842843   0.00000000   0.00000000 
  4.83  -0.09209937   0.00000000   0.00000000 
  4.84  -0.09522070   0.00000000   0.00000000 
  4.85  -0.09762103   0.00000000   0.00000000 
  4.86  -0.09942877   0.00000000   0.00000000 
  4.87  -0.10063675   0.00000000   0.00000000 
  4.88  -0.10123087   0.00000000   0.00000000 
  4.89  -0.10121592   0.00000000   0.00000000 
  4.90  -0.10064150   0.00000000   0.00000000 
  4.91  -0.09936608   0.00000000   0.00000000 
  4.92  -0.09751313   0.00000000   0.00000000 
  4.93  -0.09508950   0.00000000   0.00000000 
  4.94  -0.09210517   0.00000000   0.00000000 
  4.95  -0.08857103   0.00000000   0.00000000 
  4.96  -0.08449670   0.00000000   0.00000000 
  4.97  -0.07975203   0.00000000   0.00000000 
  4.98  -0.07448330   0.00000000   0.00000000 
  4.99  -0.06870160   0.00000000   0.00000000 
  5.00  -0.06242190   0.00000000   0.00000000 
  5.01  -0.05568422   0.00000000   0.00000000 
  5.02  -0.04857480   0.00000000   0.00000000 
  5.03  -0.04115913   0.00000000   0.00000000 
  5.04  -0.03355153   0.00000000   0.00000000 
  5.05  -0.02577230   0.00000000   0.00000000 
  5.06  -0.01784503   0.00000000   0.00000000 
  5.07  -0.00979777   0.00000000   0.00000000 
  5.08  -0.00166410   0.00000000   0.00000000 
  5.09   0.00646565   0.00000000   0.00000000 
  5.10   0.01451173   0.00000000   0.00000000 
  5.11   0.02244920   0.00000000   0.00000000 
  5.12   0.03025067   0.00000000   0.00000000 
  5.13   0.03788043   0.00000000   0.00000000 
  5.14   0.04528860   0.00000000   0.00000000 
  5.15   0.05236085   0.00000000   0.00000000 
  5.16   0.05909843   0.00000000   0.00000000 
  5.17   0.06545380   0.00000000   0.00000000 
  5.18   0.07139690   0.00000000   0.00000000 
  5.19   0.07690783   0.00000000   0.00000000 
  5.20   0.08196950   0.00000000   0.00000000 
  5.21   0.08640392   0.00000000   0.00000000 
  5.22   0.09030127   0.00000000   0.00000000 
  5.23   0.09364670   0.00000000   0.00000000 
  5.24   0.09642237   0.00000000   0.00000000 
  5.25   0.09861228   0.00000000   0.00000000 
  5.26   0.10020720   0.00000000   0.00000000 
  5.27   0.10104787   0.00000000   0.00000000 
  5.28   0.10127620   0.00000000   0.00000000 
  5.29   0.10092555   0.00000000   0.00000000 
  5.30   0.10000243   0.00000000   0.00000000 
  5.31   0.09850362   0.00000000   0.00000000 
  5.32   0.09643320   0.00000000   0.00000000 
  5.33   0.09365053   0.00000000   0.00000000 
  5.34   0.09031307   0.00000000   0.00000000 
  5.35   0.08643755   0.00000000   0.00000000 
  5.36   0.08202927   0.00000000   0.00000000 
  5.37   0.07708978   0.00000000   0.00000000 
  5.38   0.07162470   0.00000000   0.00000000 
  5.39   0.06553487   0.00000000   0.00000000 
  5.40   0.05897203   0.00000000   0.00000000 
  5.41   0.05202135   0.00000000   0.00000000 
  5.42   0.04477563   0.00000000   0.00000000 
  5.43   0.03730767   0.00000000   0.00000000 
  5.44   0.02964250   0.00000000   0.00000000 
  5.45   0.02175408   0.00000000   0.00000000 
  5.46   0.01374400   0.00000000   0.00000000 
  5.47   0.00565510   0.00000000   0.00000000 
  5.48  -0.00246580   0.00000000   0.00000000 
  5.49  -0.01056727   0.00000000   0.00000000 
  5.50  -0.01859260   0.00000000   0.00000000 
  5.51  -0.02647293   0.00000000   0.00000000 
  5.52  -0.03418253   0.00000000   0.00000000 
  5.53  -0.04167140   0.00000000   0.00000000 
  5.54  -0.04889833   0.00000000   0.00000000 
  5.55  -0.05582827   0.00000000   0.00000000 
  5.56  -0.06242960   0.00000000   0.00000000 
  5.57  -0.06855502   0.00000000   0.00000000 
  5.58  -0.07425697   0.00000000   0.00000000 
  5.59  -0.07949640   0.00000000   0.00000000 
  5.60  -0.08424030   0.00000000   0.00000000 
  5.61  -0.08846513   0.00000000   0.00000000 
  5.62  -0.09216030   0.00000000   0.00000000 
  5.63  -0.09516447   0.00000000   0.00000000 
  5.64  -0.09758583   0.00000000   0.00000000 
  5.65  -0.09941650   0.00000000   0.00000000 
  5.66  -0.10064947   0.00000000   0.00000000 
  5.67  -0.10127460   0.00000000   0.00000000 
  5.68  -0.10127460   0.00000000   0.00000000 
  5.69  -0.10058518   0.00000000   0.00000000 
  5.70  -0.09932990   0.00000000   0.00000000 
  5.71  -0.09749905   0.00000000   0.00000000 
  5.72  -0.09509587   0.00000000   0.00000000 
  5.73  -0.09213095   0.00000000   0.00000000 
  5.74  -0.08861670   0.00000000   0.00000000 
  5.75  -0.08442778   0.00000000   0.00000000 
  5.76  -0.07970393   0.00000000   0.00000000 
  5.77  -0.07445710   0.00000000   0.00000000 
  5.78  -0.06869700   0.00000000   0.00000000 
  5.79  -0.06243785   0.00000000   0.00000000 
  5.80  -0.05570510   0.00000000   0.00000000 
  5.81  -0.04853827   0.00000000   0.00000000 
  5.82  -0.04113783   0.00000000   0.00000000 
  5.83  -0.03353965   0.00000000   0.00000000 
  5.84  -0.02576980   0.00000000   0.00000000 
  5.85  -0.01784970   0.00000000   0.00000000 
  5.86  -0.00980120   0.00000000   0.00000000 
  5.87  -0.00165728   0.00000000   0.00000000 
  5.88   0.00646323   0.00000000   0.00000000 
  5.89   0.01450945   0.00000000   0.00000000 
  5.90   0.02245097   0.00000000   0.00000000 
  5.91   0.03026272   0.00000000   0.00000000 
  5.92   0.03790980   0.00000000   0.00000000 
  5.93   0.04526847   0.00000000   0.00000000 
  5.94   0.05234627   0.00000000   0.00000000 
  5.95   0.05909255   0.00000000   0.00000000 
  5.96   0.06546280   0.00000000   0.00000000 
  5.97   0.07142347   0.00000000   0.00000000 
  5.98   0.07695680   0.00000000   0.00000000 
  5.99   0.08192180   0.00000000   0.00000000 
  6.00   0.08637647   0.00000000   0.00000000 
  6.01   0.09029545   0.00000000   0.00000000 
  6.02   0.09366240   0.00000000   0.00000000 
  6.03   0.09646340   0.00000000   0.00000000 
  6.04   0.09868040   0.00000000   0.00000000 
  6.05   0.10015032   0.00000000   0.00000000 
  6.06   0.10101590   0.00000000   0.00000000 
  6.07   0.10127095   0.00000000   0.00000000 
  6.08   0.10094123   0.00000000   0.00000000 
  6.09   0.10004732   0.00000000   0.00000000 
  6.10   0.09856740   0.00000000   0.00000000 
  6.11   0.09637415   0.00000000   0.00000000 
  6.12   0.09361317   0.00000000   0.00000000 
  6.13   0.09029925   0.00000000   0.00000000 
  6.14   0.08644703   0.00000000   0.00000000 
  6.15   0.08206588   0.00000000   0.00000000 
  6.16   0.07715480   0.00000000   0.00000000 
  6.17   0.07159380   0.00000000   0.00000000 
  6.18   0.06554133   0.00000000   0.00000000 
  6.19   0.05901495   0.00000000   0.00000000 
  6.20   0.05208210   0.00000000   0.00000000 
  6.21   0.04483452   0.00000000   0.00000000 
  6.22   0.03736260   0.00000000   0.00000000 
  6.23   0.02965185   0.00000000   0.00000000 
  6.24   0.02177410   0.00000000   0.00000000 
  6.25   0.01377135   0.00000000   0.00000000 
  6.26   0.00568507   0.00000000   0.00000000 
  6.27  -0.00244018   0.00000000   0.00000000 
  6.28  -0.01055310   0.00000000   0.00000000 
  6.29  -0.01855968   0.00000000   0.00000000 
  6.30  -0.02644133   0.00000000   0.00000000 
  6.31  -0.03415455   0.00000000   0.00000000 
  6.32  -0.04165427   0.00000000   0.00000000 
  6.33  -0.04889828   0.00000000   0.00000000 
  6.34  -0.05585170   0.00000000   0.00000000 
  6.35  -0.06237928   0.00000000   0.00000000 
  6.36  -0.06851813   0.00000000   0.00000000 
  6.37  -0.07423645   0.00000000   0.00000000 
  6.38  -0.07949647   0.00000000   0.00000000 
  6.39  -0.08426317   0.00000000   0.00000000 
  6.40  -0.08851300   0.00000000   0.00000000 
  6.41  -0.09209667   0.00000000   0.00000000 
  6.42  -0.09512113   0.00000000   0.00000000 
  6.43  -0.09756860   0.00000000   0.00000000 
  6.44  -0.09942690   0.00000000   0.00000000 
  6.45  -0.10068602   0.00000000   0.00000000 
  6.46  -0.10133460   0.00000000   0.00000000 
  6.47  -0.10121260   0.00000000   0.00000000 
  6.48  -0.10054547   0.00000000   0.00000000 
  6.49  -0.09931165   0.00000000   0.00000000 
  6.50  -0.09750180   0.00000000   0.00000000 
  6.51  -0.09511808   0.00000000   0.00000000 
  6.52  -0.09217350   0.00000000   0.00000000 
  6.53  -0.08854833   0.00000000   0.00000000 
  6.54  -0.08438417   0.00000000   0.00000000 
  6.55  -0.07968795   0.00000000   0.00000000 
  6.56  -0.07447040   0.00000000   0.00000000 
  6.57  -0.06874175   0.00000000   0.00000000 
  6.58  -0.06250750   0.00000000   0.00000000 
  6.59  -0.05569525   0.00000000   0.00000000 
  6.60  -0.04855147   0.00000000   0.00000000 
  6.61  -0.04115570   0.00000000   0.00000000 
  6.62  -0.03355877   0.00000000   0.00000000 
  6.63  -0.02579185   0.00000000   0.00000000 
  6.64  -0.01787560   0.00000000   0.00000000 
  6.65  -0.00980577   0.00000000   0.00000000 
  6.66  -0.00167200   0.00000000   0.00000000 
  6.67   0.00644785   0.00000000   0.00000000 
  6.68   0.01449980   0.00000000   0.00000000 
  6.69   0.02244847   0.00000000   0.00000000 
  6.70   0.03027180   0.00000000   0.00000000 
  6.71   0.03787372   0.00000000   0.00000000 
  6.72   0.04524063   0.00000000   0.00000000 
  6.73   0.05233025   0.00000000   0.00000000 
  6.74   0.05909427   0.00000000   0.00000000 
  6.75   0.06548572   0.00000000   0.00000000 
  6.76   0.07146630   0.00000000   0.00000000 
  6.77   0.07690838   0.00000000   0.00000000 
  6.78   0.08188773   0.00000000   0.00000000 
  6.79   0.08636300   0.00000000   0.00000000 
  6.80   0.09030560   0.00000000   0.00000000 
  6.81   0.09369647   0.00000000   0.00000000 
  6.82   0.09652280   0.00000000   0.00000000 
  6.83   0.09861755   0.00000000   0.00000000 
  6.84   0.10011123   0.00000000   0.00000000 
  6.85   0.10100060   0.00000000   0.00000000 
  6.86   0.10128290   0.00000000   0.00000000 
  6.87   0.10097020   0.00000000   0.00000000 
  6.88   0.10010370   0.00000000   0.00000000 
  6.89   0.09849937   0.00000000   0.00000000 
  6.90   0.09632590   0.00000000   0.00000000 
  6.91   0.09358550   0.00000000   0.00000000 
  6.92   0.09028963   0.00000000   0.00000000 
  6.93   0.08645290   0.00000000   0.00000000 
  6.94   0.08208690   0.00000000   0.00000000 
  6.95   0.07705815   0.00000000   0.00000000 
  6.96   0.07151033   0.00000000   0.00000000 
  6.97   0.06546655   0.00000000   0.00000000 
  6.98   0.05895577   0.00000000   0.00000000 
  6.99   0.05203278   0.00000000   0.00000000 
  7.00   0.04479820   0.00000000   0.00000000 
  7.01   0.03729437   0.00000000   0.00000000 
  7.02   0.02959793   0.00000000   0.00000000 
  7.03   0.02173180   0.00000000   0.00000000 
  7.04   0.01373360   0.00000000   0.00000000 
  7.05   0.00564772   0.00000000   0.00000000 
  7.06  -0.00248270   0.00000000   0.00000000 
  7.07  -0.01057912   0.00000000   0.00000000 
  7.08  -0.01858413   0.00000000   0.00000000 
  7.09  -0.02646635   0.00000000   0.00000000 
  7.10  -0.03418580   0.00000000   0.00000000 
  7.11  -0.04169755   0.00000000   0.00000000 
  7.12  -0.04895530   0.00000000   0.00000000 
  7.13  -0.05584055   0.00000000   0.00000000 
  7.14  -0.06237593   0.00000000   0.00000000 
  7.15  -0.06852795   0.00000000   0.00000000 
  7.16  -0.07426273   0.00000000   0.00000000 
  7.17  -0.07954465   0.00000000   0.00000000 
  7.18  -0.08433490   0.00000000   0.00000000 
  7.19  -0.08847323   0.00000000   0.00000000 
  7.20  -0.09207690   0.00000000   0.00000000 
  7.21  -0.09512275   0.00000000   0.00000000 
  7.22  -0.09759303   0.00000000   0.00000000 
  7.23  -0.09947518   0.00000000   0.00000000 
  7.24  -0.10076160   0.00000000   0.00000000 
  7.25  -0.10127660   0.00000000   0.00000000 
  7.26  -0.10119020   0.00000000   0.00000000 
  7.27  -0.10054280   0.00000000   0.00000000 
  7.28  -0.09933063   0.00000000   0.00000000 
  7.29  -0.09753785   0.00000000   0.00000000 
  7.30  -0.09516860   0.00000000   0.00000000 
  7.31  -0.09210218   0.00000000   0.00000000 
  7.32  -0.08849243   0.00000000   0.00000000 
  7.33  -0.08434390   0.00000000   0.00000000 
  7.34  -0.07966317   0.00000000   0.00000000 
  7.35  -0.07445963   0.00000000   0.00000000 
  7.36  -0.06874630   0.00000000   0.00000000 
  7.37  -0.06240505   0.00000000   0.00000000 
  7.38  -0.05562360   0.00000000   0.00000000 
  7.39  -0.04850290   0.00000000   0.00000000 
  7.40  -0.04112180   0.00000000   0.00000000 
  7.41  -0.03353545   0.00000000   0.00000000 
  7.42  -0.02577370   0.00000000   0.00000000 
  7.43  -0.01782887   0.00000000   0.00000000 
  7.44  -0.00976870   0.00000000   0.00000000 
  7.45  -0.00164420   0.00000000   0.00000000 
  7.46   0.00647653   0.00000000   0.00000000 
  7.47   0.01453138   0.00000000   0.00000000 
  7.48   0.02248730   0.00000000   0.00000000 
  7.49   0.03028172   0.00000000   0.00000000 
  7.50   0.03788453   0.00000000   0.00000000 
  7.51   0.04525790   0.00000000   0.00000000 
  7.52   0.05235837   0.00000000   0.00000000 
  7.53   0.05913812   0.00000000   0.00000000 
  7.54   0.06554620   0.00000000   0.00000000 
  7.55   0.07143662   0.00000000   0.00000000 
  7.56   0.07689390   0.00000000   0.00000000 
  7.57   0.08188875   0.00000000   0.00000000 
  7.58   0.08638617   0.00000000   0.00000000 
  7.59   0.09035362   0.00000000   0.00000000 
  7.60   0.09376920   0.00000000   0.00000000 
  7.61   0.09647228   0.00000000   0.00000000 
  7.62   0.09858830   0.00000000   0.00000000 
  7.63   0.10010695   0.00000000   0.00000000 
  7.64   0.10102117   0.00000000   0.00000000 
  7.65   0.10132857   0.00000000   0.00000000 
  7.66   0.10103290   0.00000000   0.00000000 
  7.67   0.10004082   0.00000000   0.00000000 
  7.68   0.09846287   0.00000000   0.00000000 
  7.69   0.09631015   0.00000000   0.00000000 
  7.70   0.09358873   0.00000000   0.00000000 
  7.71   0.09030690   0.00000000   0.00000000 
  7.72   0.08648240   0.00000000   0.00000000 
  7.73   0.08199715   0.00000000   0.00000000 
  7.74   0.07697790   0.00000000   0.00000000 
  7.75   0.07144035   0.00000000   0.00000000 
  7.76   0.06540547   0.00000000   0.00000000 
  7.77   0.05890402   0.00000000   0.00000000 
  7.78   0.05198110   0.00000000   0.00000000 
  7.79   0.04470685   0.00000000   0.00000000 
  7.80   0.03722447   0.00000000   0.00000000 
  7.81   0.02954260   0.00000000   0.00000000 
  7.82   0.02168493   0.00000000   0.00000000 
  7.83   0.01368883   0.00000000   0.00000000 
  7.84   0.00560400   0.00000000   0.00000000 
  7.85  -0.00252433   0.00000000   0.00000000 
  7.86  -0.01061260   0.00000000   0.00000000 
  7.87  -0.01861680   0.00000000   0.00000000 
  7.88  -0.02650143   0.00000000   0.00000000 
  7.89  -0.03423025   0.00000000   0.00000000 
  7.90  -0.04175700   0.00000000   0.00000000 
  7.91  -0.04895333   0.00000000   0.00000000 
  7.92  -0.05584553   0.00000000   0.00000000 
  7.93  -0.06239250   0.00000000   0.00000000 
  7.94  -0.06855890   0.00000000   0.00000000 
  7.95  -0.07431142   0.00000000   0.00000000 
  7.96  -0.07961500   0.00000000   0.00000000 
  7.97  -0.08429708   0.00000000   0.00000000 
  7.98  -0.08845683   0.00000000   0.00000000 
  7.99  -0.09208110   0.00000000   0.00000000 
  8.00  -0.09515037   0.00000000   0.00000000 
  8.01  -0.09764490   0.00000000   0.00000000 
  8.02  -0.09955090   0.00000000   0.00000000 
  8.03  -0.10070982   0.00000000   0.00000000 
  8.04  -0.10124640   0.00000000   0.00000000 
  8.05  -0.10118895   0.00000000   0.00000000 
  8.06  -0.10056263   0.00000000   0.00000000 
  8.07  -0.09937530   0.00000000   0.00000000 
  8.08  -0.09760330   0.00000000   0.00000000 
  8.09  -0.09511272   0.00000000   0.00000000 
  8.10  -0.09206487   0.00000000   0.00000000 
  8.11  -0.08846940   0.00000000   0.00000000 
  8.12  -0.08433313   0.00000000   0.00000000 
  8.13  -0.07966258   0.00000000   0.00000000 
  8.14  -0.07446650   0.00000000   0.00000000 
  8.15  -0.06863600   0.00000000   0.00000000 
  8.16  -0.06230803   0.00000000   0.00000000 
  8.17  -0.05554865   0.00000000   0.00000000 
  8.18  -0.04844513   0.00000000   0.00000000 
  8.19  -0.04108065   0.00000000   0.00000000 
  8.20  -0.03350890   0.00000000   0.00000000 
  8.21  -0.02571473   0.00000000   0.00000000 
  8.22  -0.01777617   0.00000000   0.00000000 
  8.23  -0.00972430   0.00000000   0.00000000 
  8.24  -0.00160633   0.00000000   0.00000000 
  8.25   0.00651738   0.00000000   0.00000000 
  8.26   0.01457630   0.00000000   0.00000000 
  8.27   0.02250638   0.00000000   0.00000000 
  8.28   0.03029953   0.00000000   0.00000000 
  8.29   0.03790685   0.00000000   0.00000000 
  8.30   0.04528780   0.00000000   0.00000000 
  8.31   0.05240193   0.00000000   0.00000000 
  8.32   0.05920060   0.00000000   0.00000000 
  8.33   0.06552327   0.00000000   0.00000000 
  8.34   0.07142840   0.00000000   0.00000000 
  8.35   0.07690095   0.00000000   0.00000000 
  8.36   0.08191403   0.00000000   0.00000000 
  8.37   0.08643430   0.00000000   0.00000000 
  8.38   0.09042730   0.00000000   0.00000000 
  8.39   0.09372363   0.00000000   0.00000000 
  8.40   0.09644657   0.00000000   0.00000000 
  8.41   0.09858605   0.00000000   0.00000000 
  8.42   0.10013033   0.00000000   0.00000000 
  8.43   0.10106858   0.00000000   0.00000000 
  8.44   0.10139350   0.00000000   0.00000000 
  8.45   0.10098333   0.00000000   0.00000000 
  8.46   0.10001137   0.00000000   0.00000000 
  8.47   0.09845980   0.00000000   0.00000000 
  8.48   0.09632827   0.00000000   0.00000000 
  8.49   0.09362548   0.00000000   0.00000000 
  8.50   0.09036090   0.00000000   0.00000000 
  8.51   0.08641832   0.00000000   0.00000000 
  8.52   0.08194380   0.00000000   0.00000000 
  8.53   0.07693665   0.00000000   0.00000000 
  8.54   0.07140857   0.00000000   0.00000000 
  8.55   0.06538003   0.00000000   0.00000000 
  8.56   0.05887670   0.00000000   0.00000000 
  8.57   0.05188920   0.00000000   0.00000000 
  8.58   0.04464390   0.00000000   0.00000000 
  8.59   0.03717815   0.00000000   0.00000000 
  8.60   0.02951067   0.00000000   0.00000000 
  8.61   0.02165932   0.00000000   0.00000000 
  8.62   0.01365890   0.00000000   0.00000000 
  8.63   0.00556073   0.00000000   0.00000000 
  8.64  -0.00255650   0.00000000   0.00000000 
  8.65  -0.01064005   0.00000000   0.00000000 
  8.66  -0.01864643   0.00000000   0.00000000 
  8.67  -0.02653737   0.00000000   0.00000000 
  8.68  -0.03427570   0.00000000   0.00000000 
  8.69  -0.04175178   0.00000000   0.00000000 
  8.70  -0.04895673   0.00000000   0.00000000 
  8.71  -0.05585735   0.00000000   0.00000000 
  8.72  -0.06241717   0.00000000   0.00000000 
  8.73  -0.06860038   0.00000000   0.00000000 
  8.74  -0.07437580   0.00000000   0.00000000 
  8.75  -0.07957738   0.00000000   0.00000000 
  8.76  -0.08427703   0.00000000   0.00000000 
  8.77  -0.08845780   0.00000000   0.00000000 
  8.78  -0.09210340   0.00000000   0.00000000 
  8.79  -0.09519638   0.00000000   0.00000000 
  8.80  -0.09771630   0.00000000   0.00000000 
  8.81  -0.09949855   0.00000000   0.00000000 
  8.82  -0.10067980   0.00000000   0.00000000 
  8.83  -0.10124235   0.00000000   0.00000000 
  8.84  -0.10120700   0.00000000   0.00000000 
  8.85  -0.10060298   0.00000000   0.00000000 
  8.86  -0.09943790   0.00000000   0.00000000 
  8.87  -0.09754732   0.00000000   0.00000000 
  8.88  -0.09508293   0.00000000   0.00000000 
  8.89  -0.09205555   0.00000000   0.00000000 
  8.90  -0.08847760   0.00000000   0.00000000 
  8.91  -0.08435973   0.00000000   0.00000000 
  8.92  -0.07970740   0.00000000   0.00000000 
  8.93  -0.07439915   0.00000000   0.00000000 
  8.94  -0.06858277   0.00000000   0.00000000 
  8.95  -0.06227570   0.00000000   0.00000000 
  8.96  -0.05553297   0.00000000   0.00000000 
  8.97  -0.04843605   0.00000000   0.00000000 
  8.98  -0.04108180   0.00000000   0.00000000 
  8.99  -0.03347605   0.00000000   0.00000000 
  9.00  -0.02569183   0.00000000   0.00000000 
  9.01  -0.01775905   0.00000000   0.00000000 
  9.02  -0.00971183   0.00000000   0.00000000 
  9.03  -0.00159310   0.00000000   0.00000000 
  9.04   0.00654090   0.00000000   0.00000000 
  9.05   0.01457815   0.00000000   0.00000000 
  9.06   0.02250633   0.00000000   0.00000000 
  9.07   0.03030280   0.00000000   0.00000000 
  9.08   0.03792237   0.00000000   0.00000000 
  9.09   0.04531518   0.00000000   0.00000000 
  9.10   0.05244460   0.00000000   0.00000000 
  9.11   0.05916852   0.00000000   0.00000000 
  9.12   0.06550357   0.00000000   0.00000000 
  9.13   0.07142495   0.00000000   0.00000000 
  9.14   0.07691510   0.00000000   0.00000000 
  9.15   0.08195170   0.00000000   0.00000000 
  9.16   0.08649570   0.00000000   0.00000000 
  9.17   0.09037128   0.00000000   0.00000000 
  9.18   0.09369033   0.00000000   0.00000000 
  9.19   0.09643810   0.00000000   0.00000000 
  9.20   0.09860190   0.00000000   0.00000000 
  9.21   0.10017080   0.00000000   0.00000000 
  9.22   0.10113530   0.00000000   0.00000000 
  9.23   0.10133213   0.00000000   0.00000000 
  9.24   0.10095143   0.00000000   0.00000000 
  9.25   0.09999915   0.00000000   0.00000000 
  9.26   0.09847160   0.00000000   0.00000000 
  9.27   0.09636488   0.00000000   0.00000000 
  9.28   0.09368430   0.00000000   0.00000000 
  9.29   0.09030238   0.00000000   0.00000000 
  9.30   0.08638120   0.00000000   0.00000000 
  9.31   0.08192470   0.00000000   0.00000000 
  9.32   0.07693413   0.00000000   0.00000000 
  9.33   0.07141747   0.00000000   0.00000000 
  9.34   0.06539880   0.00000000   0.00000000 
  9.35   0.05880122   0.00000000   0.00000000 
  9.36   0.05184390   0.00000000   0.00000000 
  9.37   0.04461660   0.00000000   0.00000000 
  9.38   0.03716453   0.00000000   0.00000000 
  9.39   0.02950650   0.00000000   0.00000000 
  9.40   0.02165300   0.00000000   0.00000000 
  9.41   0.01363258   0.00000000   0.00000000 
  9.42   0.00554397   0.00000000   0.00000000 
  9.43  -0.00256890   0.00000000   0.00000000 
  9.44  -0.01065513   0.00000000   0.00000000 
  9.45  -0.01866673   0.00000000   0.00000000 
  9.46  -0.02656840   0.00000000   0.00000000 
  9.47  -0.03426765   0.00000000   0.00000000 
  9.48  -0.04174397   0.00000000   0.00000000 
  9.49  -0.04895665   0.00000000   0.00000000 
  9.50  -0.05587063   0.00000000   0.00000000 
  9.51  -0.06245055   0.00000000   0.00000000 
  9.52  -0.06865480   0.00000000   0.00000000 
  9.53  -0.07433705   0.00000000   0.00000000 
  9.54  -0.07955190   0.00000000   0.00000000 
  9.55  -0.08426985   0.00000000   0.00000000 
  9.56  -0.08847183   0.00000000   0.00000000 
  9.57  -0.09214248   0.00000000   0.00000000 
  9.58  -0.09526340   0.00000000   0.00000000 
  9.59  -0.09766123   0.00000000   0.00000000 
  9.60  -0.09946520   0.00000000   0.00000000 
  9.61  -0.10066985   0.00000000   0.00000000 
  9.62  -0.10126097   0.00000000   0.00000000 
  9.63  -0.10124270   0.00000000   0.00000000 
  9.64  -0.10066470   0.00000000   0.00000000 
  9.65  -0.09938078   0.00000000   0.00000000 
  9.66  -0.09751480   0.00000000   0.00000000 
  9.67  -0.09507405   0.00000000   0.00000000 
  9.68  -0.09206943   0.00000000   0.00000000 
  9.69  -0.08851253   0.00000000   0.00000000 
  9.70  -0.08441270   0.00000000   0.00000000 
  9.71  -0.07964237   0.00000000   0.00000000 
  9.72  -0.07434957   0.00000000   0.00000000 
  9.73  -0.06854380   0.00000000   0.00000000 
  9.74  -0.06224803   0.00000000   0.00000000 
  9.75  -0.05551143   0.00000000   0.00000000 
  9.76  -0.04842210   0.00000000   0.00000000 
  9.77  -0.04103102   0.00000000   0.00000000 
  9.78  -0.03343953   0.00000000   0.00000000 
  9.79  -0.02566655   0.00000000   0.00000000 
  9.80  -0.01773963   0.00000000   0.00000000 
  9.81  -0.00969318   0.00000000   0.00000000 
  9.82  -0.00156660   0.00000000   0.00000000 
  9.83   0.00655348   0.00000000   0.00000000 
  9.84   0.01459057   0.00000000   0.00000000 
  9.85   0.02252185   0.00000000   0.00000000 
  9.86   0.03032080   0.00000000   0.00000000 
  9.87   0.03795072   0.00000000   0.00000000 
  9.88   0.04535830   0.00000000   0.00000000 
  9.89   0.05242647   0.00000000   0.00000000 
  9.90   0.05915757   0.00000000   0.00000000 
  9.91   0.06550640   0.00000000   0.00000000 
  9.92   0.07144427   0.00000000   0.00000000 
  9.93   0.07695193   0.00000000   0.00000000 
  9.94   0.08201260   0.00000000   0.00000000 
  9.95   0.08644868   0.00000000   0.00000000 
  9.96   0.09034490   0.00000000   0.00000000 
  9.97   0.09368580   0.00000000   0.00000000 
  9.98   0.09645650   0.00000000   0.00000000 
  9.99   0.09864398   0.00000000   0.00000000 
 10.00   0.10023840   0.00000000   0.00000000 
 10.01   0.10107690   0.00000000   0.00000000 
 10.02   0.10129867   0.00000000   0.00000000 
 10.03   0.10094300   0.00000000   0.00000000 
 10.04   0.10001610   0.00000000   0.00000000 
 10.05   0.09851085   0.00000000   0.00000000 
 10.06   0.09642660   0.00000000   0.00000000 
 10.07   0.09362618   0.00000000   0.00000000 
 10.08   0.09026837   0.00000000   0.00000000 
 10.09   0.08636620   0.00000000   0.00000000 
 10.10   0.08192660   0.00000000   0.00000000 
 10.11   0.07695322   0.00000000   0.00000000 
 10.12   0.07144930   0.00000000   0.00000000 
 10.13   0.06532155   0.00000000   0.00000000 
 10.14   0.05874500   0.00000000   0.00000000 
 10.15   0.05180945   0.00000000   0.00000000 
 10.16   0.04459430   0.00000000   0.00000000 
 10.17   0.03715445   0.00000000   0.00000000 
 10.18   0.02950620   0.00000000   0.00000000 
 10.19   0.02162062   0.00000000   0.00000000 
 10.20   0.01361070   0.00000000   0.00000000 
 10.21   0.00552620   0.00000000   0.00000000 
 10.22  -0.00258560   0.00000000   0.00000000 
 10.23  -0.01067652   0.00000000   0.00000000 
 10.24  -0.01869410   0.00000000   0.00000000 
 10.25  -0.02656585   0.00000000   0.00000000 
 10.26  -0.03426713   0.00000000   0.00000000 
 10.27  -0.04175055   0.00000000   0.00000000 
 10.28  -0.04897463   0.00000000   0.00000000 
 10.29  -0.05590247   0.00000000   0.00000000 
 10.30  -0.06250030   0.00000000   0.00000000 
 10.31  -0.06861997   0.00000000   0.00000000 
 10.32  -0.07431550   0.00000000   0.00000000 
 10.33  -0.07954835   0.00000000   0.00000000 
 10.34  -0.08428747   0.00000000   0.00000000 
 10.35  -0.08851063   0.00000000   0.00000000 
 10.36  -0.09220580   0.00000000   0.00000000 
 10.37  -0.09520897   0.00000000   0.00000000 
 10.38  -0.09762853   0.00000000   0.00000000 
 10.39  -0.09945580   0.00000000   0.00000000 
 10.40  -0.10068347   0.00000000   0.00000000 
 10.41  -0.10130288   0.00000000   0.00000000 
 10.42  -0.10130130   0.00000000   0.00000000 
 10.43  -0.10061022   0.00000000   0.00000000 
 10.44  -0.09934827   0.00000000   0.00000000 
 10.45  -0.09750665   0.00000000   0.00000000 
 10.46  -0.09508903   0.00000000   0.00000000 
 10.47  -0.09210618   0.00000000   0.00000000 
 10.48  -0.08857060   0.00000000   0.00000000 
 10.49  -0.08435543   0.00000000   0.00000000 
 10.50  -0.07960260   0.00000000   0.00000000 
 10.51  -0.07432510   0.00000000   0.00000000 
 10.52  -0.06853267   0.00000000   0.00000000 
 10.53  -0.06224518   0.00000000   0.00000000 
 10.54  -0.05550610   0.00000000   0.00000000 
 10.55  -0.04836393   0.00000000   0.00000000 
 10.56  -0.04099277   0.00000000   0.00000000 
 10.57  -0.03341465   0.00000000   0.00000000 
 10.58  -0.02565143   0.00000000   0.00000000 
 10.59  -0.01772852   0.00000000   0.00000000 
 10.60  -0.00967860   0.00000000   0.00000000 
 10.61  -0.00154502   0.00000000   0.00000000 
 10.62   0.00656437   0.00000000   0.00000000 
 10.63   0.01460135   0.00000000   0.00000000 
 10.64   0.02253610   0.00000000   0.00000000 
 10.65   0.03034302   0.00000000   0.00000000 
 10.66   0.03798660   0.00000000   0.00000000 
 10.67   0.04534327   0.00000000   0.00000000 
 10.68   0.05241673   0.00000000   0.00000000 
 10.69   0.05915815   0.00000000   0.00000000 
 10.70   0.06552343   0.00000000   0.00000000 
 10.71   0.07147893   0.00000000   0.00000000 
 10.72   0.07700710   0.00000000   0.00000000 
 10.73   0.08196810   0.00000000   0.00000000 
 10.74   0.08642137   0.00000000   0.00000000 
 10.75   0.09033870   0.00000000   0.00000000 
 10.76   0.09370187   0.00000000   0.00000000 
 10.77   0.09649720   0.00000000   0.00000000 
 10.78   0.09871020   0.00000000   0.00000000 
 10.79   0.10017878   0.00000000   0.00000000 
 10.80   0.10104177   0.00000000   0.00000000 
 10.81   0.10129025   0.00000000   0.00000000 
 10.82   0.10095333   0.00000000   0.00000000 
 10.83   0.10005485   0.00000000   0.00000000 
 10.84   0.09857010   0.00000000   0.00000000 
 10.85   0.09636718   0.00000000   0.00000000 
 10.86   0.09359273   0.00000000   0.00000000 
 10.87   0.09025840   0.00000000   0.00000000 
 10.88   0.08637733   0.00000000   0.00000000 
 10.89   0.08195905   0.00000000   0.00000000 
 10.90   0.07700430   0.00000000   0.00000000 
 10.91   0.07138922   0.00000000   0.00000000 
 10.92   0.06528220   0.00000000   0.00000000 
 10.93   0.05872810   0.00000000   0.00000000 
 10.94   0.05180537   0.00000000   0.00000000 
 10.95   0.04459840   0.00000000   0.00000000 
 10.96   0.03716990   0.00000000   0.00000000 
 10.97   0.02947857   0.00000000   0.00000000 
 10.98   0.02160350   0.00000000   0.00000000 
 10.99   0.01360075   0.00000000   0.00000000 
 11.00   0.00552010   0.00000000   0.00000000 
 11.01  -0.00259233   0.00000000   0.00000000 
 11.02  -0.01069150   0.00000000   0.00000000 
 11.03  -0.01868850   0.00000000   0.00000000 
 11.04  -0.02656017   0.00000000   0.00000000 
 11.05  -0.03426540   0.00000000   0.00000000 
 11.06  -0.04175887   0.00000000   0.00000000 
 11.07  -0.04899678   0.00000000   0.00000000 
 11.08  -0.05594270   0.00000000   0.00000000 
 11.09  -0.06246337   0.00000000   0.00000000 
 11.10  -0.06859617   0.00000000   0.00000000 
 11.11  -0.07430685   0.00000000   0.00000000 
 11.12  -0.07955930   0.00000000   0.00000000 
 11.13  -0.08432107   0.00000000   0.00000000 
 11.14  -0.08856890   0.00000000   0.00000000 
 11.15  -0.09215098   0.00000000   0.00000000 
 11.16  -0.09517273   0.00000000   0.00000000 
 11.17  -0.09761615   0.00000000   0.00000000 
 11.18  -0.09946860   0.00000000   0.00000000 
 11.19  -0.10072057   0.00000000   0.00000000 
 11.20  -0.10136340   0.00000000   0.00000000 
 11.21  -0.10124415   0.00000000   0.00000000 
 11.22  -0.10057637   0.00000000   0.00000000 
 11.23  -0.09933825   0.00000000   0.00000000 
 11.24  -0.09752093   0.00000000   0.00000000 
 11.25  -0.09512590   0.00000000   0.00000000 
 11.26  -0.09216240   0.00000000   0.00000000 
 11.27  -0.08851040   0.00000000   0.00000000 
 11.28  -0.08431600   0.00000000   0.00000000 
 11.29  -0.07958320   0.00000000   0.00000000 
 11.30  -0.07432247   0.00000000   0.00000000 
 11.31  -0.06854637   0.00000000   0.00000000 
 11.32  -0.06226520   0.00000000   0.00000000 
 11.33  -0.05544928   0.00000000   0.00000000 
 11.34  -0.04833290   0.00000000   0.00000000 
 11.35  -0.04097485   0.00000000   0.00000000 
 11.36  -0.03340653   0.00000000   0.00000000 
 11.37  -0.02564828   0.00000000   0.00000000 
 11.38  -0.01772570   0.00000000   0.00000000 
 11.39  -0.00965670   0.00000000   0.00000000 
 11.40  -0.00153450   0.00000000   0.00000000 
 11.41   0.00657140   0.00000000   0.00000000 
 11.42   0.01461130   0.00000000   0.00000000 
 11.43   0.02255180   0.00000000   0.00000000 
 11.44   0.03037230   0.00000000   0.00000000 
 11.45   0.03797180   0.00000000   0.00000000 
 11.46   0.04533323   0.00000000   0.00000000 
 11.47   0.05241470   0.00000000   0.00000000 
 11.48   0.05916983   0.00000000   0.00000000 
 11.49   0.06555372   0.00000000   0.00000000 
 11.50   0.07152880   0.00000000   0.00000000 
 11.51   0.07696597   0.00000000   0.00000000 
 11.52   0.08193940   0.00000000   0.00000000 
 11.53   0.08641170   0.00000000   0.00000000 
 11.54   0.09035293   0.00000000   0.00000000 
 11.55   0.09374075   0.00000000   0.00000000 
 11.56   0.09656050   0.00000000   0.00000000 
 11.57   0.09865025   0.00000000   0.00000000 
 11.58   0.10014200   0.00000000   0.00000000 
 11.59   0.10102895   0.00000000   0.00000000 
 11.60   0.10130617   0.00000000   0.00000000 
 11.61   0.10098663   0.00000000   0.00000000 
 11.62   0.10011730   0.00000000   0.00000000 
 11.63   0.09851063   0.00000000   0.00000000 
 11.64   0.09633250   0.00000000   0.00000000 
 11.65   0.09358335   0.00000000   0.00000000 
 11.66   0.09027240   0.00000000   0.00000000 
 11.67   0.08641268   0.00000000   0.00000000 
 11.68   0.08201610   0.00000000   0.00000000 
 11.69   0.07694693   0.00000000   0.00000000 
 11.70   0.07135443   0.00000000   0.00000000 
 11.71   0.06526690   0.00000000   0.00000000 
 11.72   0.05873077   0.00000000   0.00000000 
 11.73   0.05181482   0.00000000   0.00000000 
 11.74   0.04461440   0.00000000   0.00000000 
 11.75   0.03714265   0.00000000   0.00000000 
 11.76   0.02946250   0.00000000   0.00000000 
 11.77   0.02159985   0.00000000   0.00000000 
 11.78   0.01360097   0.00000000   0.00000000 
 11.79   0.00551888   0.00000000   0.00000000 
 11.80  -0.00260020   0.00000000   0.00000000 
 11.81  -0.01068678   0.00000000   0.00000000 
 11.82  -0.01868323   0.00000000   0.00000000 
 11.83  -0.02655720   0.00000000   0.00000000 
 11.84  -0.03426980   0.00000000   0.00000000 
 11.85  -0.04177683   0.00000000   0.00000000 
 11.86  -0.04903000   0.00000000   0.00000000 
 11.87  -0.05591008   0.00000000   0.00000000 
 11.88  -0.06244110   0.00000000   0.00000000 
 11.89  -0.06858770   0.00000000   0.00000000 
 11.90  -0.07431533   0.00000000   0.00000000 
 11.91  -0.07958953   0.00000000   0.00000000 
 11.92  -0.08437520   0.00000000   0.00000000 
 11.93  -0.08851395   0.00000000   0.00000000 
 11.94  -0.09211637   0.00000000   0.00000000 
 11.95  -0.09516070   0.00000000   0.00000000 
 11.96  -0.09762837   0.00000000   0.00000000 
 11.97  -0.09950558   0.00000000   0.00000000 
 11.98  -0.10078500   0.00000000   0.00000000 
 11.99  -0.10129567   0.00000000   0.00000000 
 12.00  -0.10121073   0.00000000   0.00000000 
 12.01  -0.10056455   0.00000000   0.00000000 
 12.02  -0.09935207   0.00000000   0.00000000 
 12.03  -0.09755812   0.00000000   0.00000000 
 12.04  -0.09518670   0.00000000   0.00000000 
 12.05  -0.09210853   0.00000000   0.00000000 
 12.06  -0.08848063   0.00000000   0.00000000 
 12.07  -0.08430975   0.00000000   0.00000000 
 12.08  -0.07960063   0.00000000   0.00000000 
 12.09  -0.07436040   0.00000000   0.00000000 
 12.10  -0.06860290   0.00000000   0.00000000 
 12.11  -0.06222232   0.00000000   0.00000000 
 12.12  -0.05543447   0.00000000   0.00000000 
 12.13  -0.04833390   0.00000000   0.00000000 
 12.14  -0.04098370   0.00000000   0.00000000 
 12.15  -0.03342123   0.00000000   0.00000000 
 12.16  -0.02566390   0.00000000   0.00000000 
 12.17  -0.01771215   0.00000000   0.00000000 
 12.18  -0.00965393   0.00000000   0.00000000 
 12.19  -0.00153865   0.00000000   0.00000000 
 12.20   0.00657060   0.00000000   0.00000000 
 12.21   0.01461602   0.00000000   0.00000000 
 12.22   0.02256410   0.00000000   0.00000000 
 12.23   0.03035485   0.00000000   0.00000000 
 12.24   0.03795640   0.00000000   0.00000000 
 12.25   0.04532485   0.00000000   0.00000000 
 12.26   0.05241787   0.00000000   0.00000000 
 12.27   0.05919113   0.00000000   0.00000000 
 12.28   0.06559480   0.00000000   0.00000000 
 12.29   0.07148080   0.00000000   0.00000000 
 12.30   0.07693427   0.00000000   0.00000000 
 12.31   0.08192595   0.00000000   0.00000000 
 12.32   0.08642097   0.00000000   0.00000000 
 12.33   0.09038627   0.00000000   0.00000000 
 12.34   0.09379810   0.00000000   0.00000000 
 12.35   0.09649685   0.00000000   0.00000000 
 12.36   0.09860880   0.00000000   0.00000000 
 12.37   0.10012575   0.00000000   0.00000000 
 12.38   0.10103893   0.00000000   0.00000000 
 12.39   0.10134393   0.00000000   0.00000000 
 12.40   0.10104560   0.00000000   0.00000000 
 12.41   0.10005535   0.00000000   0.00000000 
 12.42   0.09848090   0.00000000   0.00000000 
 12.43   0.09633010   0.00000000   0.00000000 
 12.44   0.09360727   0.00000000   0.00000000 
 12.45   0.09031918   0.00000000   0.00000000 
 12.46   0.08648110   0.00000000   0.00000000 
 12.47   0.08197252   0.00000000   0.00000000 
 12.48   0.07692460   0.00000000   0.00000000 
 12.49   0.07135245   0.00000000   0.00000000 
 12.50   0.06528167   0.00000000   0.00000000 
 12.51   0.05875467   0.00000000   0.00000000 
 12.52   0.05183700   0.00000000   0.00000000 
 12.53   0.04459067   0.00000000   0.00000000 
 12.54   0.03713153   0.00000000   0.00000000 
 12.55   0.02946175   0.00000000   0.00000000 
 12.56   0.02160587   0.00000000   0.00000000 
 12.57   0.01360713   0.00000000   0.00000000 
 12.58   0.00552380   0.00000000   0.00000000 
 12.59  -0.00259578   0.00000000   0.00000000 
 12.60  -0.01067723   0.00000000   0.00000000 
 12.61  -0.01867560   0.00000000   0.00000000 
 12.62  -0.02655490   0.00000000   0.00000000 
 12.63  -0.03427900   0.00000000   0.00000000 
 12.64  -0.04180250   0.00000000   0.00000000 
 12.65  -0.04899575   0.00000000   0.00000000 
 12.66  -0.05588527   0.00000000   0.00000000 
 12.67  -0.06243090   0.00000000   0.00000000 
 12.68  -0.06859563   0.00000000   0.00000000 
 12.69  -0.07434412   0.00000000   0.00000000 
 12.70  -0.07964120   0.00000000   0.00000000 
 12.71  -0.08432128   0.00000000   0.00000000 
 12.72  -0.08848030   0.00000000   0.00000000 
 12.73  -0.09210410   0.00000000   0.00000000 
 12.74  -0.09517333   0.00000000   0.00000000 
 12.75  -0.09766758   0.00000000   0.00000000 
 12.76  -0.09956950   0.00000000   0.00000000 
 12.77  -0.10072325   0.00000000   0.00000000 
 12.78  -0.10125893   0.00000000   0.00000000 
 12.79  -0.10120320   0.00000000   0.00000000 
 12.80  -0.10057843   0.00000000   0.00000000 
 12.81  -0.09939118   0.00000000   0.00000000 
 12.82  -0.09762060   0.00000000   0.00000000 
 12.83  -0.09513027   0.00000000   0.00000000 
 12.84  -0.09207620   0.00000000   0.00000000 
 12.85  -0.08847155   0.00000000   0.00000000 
 12.86  -0.08432487   0.00000000   0.00000000 
 12.87  -0.07964135   0.00000000   0.00000000 
 12.88  -0.07442410   0.00000000   0.00000000 
 12.89  -0.06856585   0.00000000   0.00000000 
 12.90  -0.06221413   0.00000000   0.00000000 
 12.91  -0.05544575   0.00000000   0.00000000 
 12.92  -0.04835123   0.00000000   0.00000000 
 12.93  -0.04100815   0.00000000   0.00000000 
 12.94  -0.03345440   0.00000000   0.00000000 
 12.95  -0.02566073   0.00000000   0.00000000 
 12.96  -0.01771807   0.00000000   0.00000000 
 12.97  -0.00966630   0.00000000   0.00000000 
 12.98  -0.00155260   0.00000000   0.00000000 
 12.99   0.00656597   0.00000000   0.00000000 
 13.00   0.01461980   0.00000000   0.00000000 
 13.01   0.02254363   0.00000000   0.00000000 
 13.02   0.03033553   0.00000000   0.00000000 
 13.03   0.03794345   0.00000000   0.00000000 
 13.04   0.04532350   0.00000000   0.00000000 
 13.05   0.05243395   0.00000000   0.00000000 
 13.06   0.05922920   0.00000000   0.00000000 
 13.07   0.06554995   0.00000000   0.00000000 
 13.08   0.07145243   0.00000000   0.00000000 
 13.09   0.07692270   0.00000000   0.00000000 
 13.10   0.08193397   0.00000000   0.00000000 
 13.11   0.08645242   0.00000000   0.00000000 
 13.12   0.09044300   0.00000000   0.00000000 
 13.13   0.09373750   0.00000000   0.00000000 
 13.14   0.09645940   0.00000000   0.00000000 
 13.15   0.09859700   0.00000000   0.00000000 
 13.16   0.10013933   0.00000000   0.00000000 
 13.17   0.10107683   0.00000000   0.00000000 
 13.18   0.10140200   0.00000000   0.00000000 
 13.19   0.10099000   0.00000000   0.00000000 
 13.20   0.10001707   0.00000000   0.00000000 
 13.21   0.09846635   0.00000000   0.00000000 
 13.22   0.09633623   0.00000000   0.00000000 
 13.23   0.09363285   0.00000000   0.00000000 
 13.24   0.09036260   0.00000000   0.00000000 
 13.25   0.08641118   0.00000000   0.00000000 
 13.26   0.08192503   0.00000000   0.00000000 
 13.27   0.07690210   0.00000000   0.00000000 
 13.28   0.07135510   0.00000000   0.00000000 
 13.29   0.06530787   0.00000000   0.00000000 
 13.30   0.05879170   0.00000000   0.00000000 
 13.31   0.05181003   0.00000000   0.00000000 
 13.32   0.04457843   0.00000000   0.00000000 
 13.33   0.03712610   0.00000000   0.00000000 
 13.34   0.02946540   0.00000000   0.00000000 
 13.35   0.02161308   0.00000000   0.00000000 
 13.36   0.01361150   0.00000000   0.00000000 
 13.37   0.00551683   0.00000000   0.00000000 
 13.38  -0.00259723   0.00000000   0.00000000 
 13.39  -0.01067865   0.00000000   0.00000000 
 13.40  -0.01868260   0.00000000   0.00000000 
 13.41  -0.02657005   0.00000000   0.00000000 
 13.42  -0.03430630   0.00000000   0.00000000 
 13.43  -0.04178013   0.00000000   0.00000000 
 13.44  -0.04898177   0.00000000   0.00000000 
 13.45  -0.05588115   0.00000000   0.00000000 
 13.46  -0.06244103   0.00000000   0.00000000 
 13.47  -0.06862317   0.00000000   0.00000000 
 13.48  -0.07439450   0.00000000   0.00000000 
 13.49  -0.07959233   0.00000000   0.00000000 
 13.50  -0.08428990   0.00000000   0.00000000 
 13.51  -0.08846980   0.00000000   0.00000000 
 13.52  -0.09211557   0.00000000   0.00000000 
 13.53  -0.09520945   0.00000000   0.00000000 
 13.54  -0.09773020   0.00000000   0.00000000 
 13.55  -0.09950812   0.00000000   0.00000000 
 13.56  -0.10068717   0.00000000   0.00000000 
 13.57  -0.10124875   0.00000000   0.00000000 
 13.58  -0.10121343   0.00000000   0.00000000 
 13.59  -0.10061043   0.00000000   0.00000000 
 13.60  -0.09944710   0.00000000   0.00000000 
 13.61  -0.09755652   0.00000000   0.00000000 
 13.62  -0.09509140   0.00000000   0.00000000 
 13.63  -0.09206165   0.00000000   0.00000000 
 13.64  -0.08847833   0.00000000   0.00000000 
 13.65  -0.08435077   0.00000000   0.00000000 
 13.66  -0.07968360   0.00000000   0.00000000 
 13.67  -0.07435352   0.00000000   0.00000000 
 13.68  -0.06850990   0.00000000   0.00000000 
 13.69  -0.06217920   0.00000000   0.00000000 
 13.70  -0.05542780   0.00000000   0.00000000 
 13.71  -0.04834215   0.00000000   0.00000000 
 13.72  -0.04100890   0.00000000   0.00000000 
 13.73  -0.03341482   0.00000000   0.00000000 
 13.74  -0.02563287   0.00000000   0.00000000 
 13.75  -0.01769930   0.00000000   0.00000000 
 13.76  -0.00965243   0.00000000   0.00000000 
 13.77  -0.00153765   0.00000000   0.00000000 
 13.78   0.00658760   0.00000000   0.00000000 
 13.79   0.01462010   0.00000000   0.00000000 
 13.80   0.02254673   0.00000000   0.00000000 
 13.81   0.03034155   0.00000000   0.00000000 
 13.82   0.03795877   0.00000000   0.00000000 
 13.83   0.04534917   0.00000000   0.00000000 
 13.84   0.05247650   0.00000000   0.00000000 
 13.85   0.05919750   0.00000000   0.00000000 
 13.86   0.06552977   0.00000000   0.00000000 
 13.87   0.07144855   0.00000000   0.00000000 
 13.88   0.07693583   0.00000000   0.00000000 
 13.89   0.08196955   0.00000000   0.00000000 
 13.90   0.08651280   0.00000000   0.00000000 
 13.91   0.09038872   0.00000000   0.00000000 
 13.92   0.09370617   0.00000000   0.00000000 
 13.93   0.09645105   0.00000000   0.00000000 
 13.94   0.09861263   0.00000000   0.00000000 
 13.95   0.10018102   0.00000000   0.00000000 
 13.96   0.10114460   0.00000000   0.00000000 
 13.97   0.10133918   0.00000000   0.00000000 
 13.98   0.10095917   0.00000000   0.00000000 
 13.99   0.10000785   0.00000000   0.00000000 
 14.00   0.09848110   0.00000000   0.00000000 
 14.01   0.09637502   0.00000000   0.00000000 
 14.02   0.09369360   0.00000000   0.00000000 
 14.03   0.09030643   0.00000000   0.00000000 
 14.04   0.08637620   0.00000000   0.00000000 
 14.05   0.08190780   0.00000000   0.00000000 
 14.06   0.07690247   0.00000000   0.00000000 
 14.07   0.07136753   0.00000000   0.00000000 
 14.08   0.06532620   0.00000000   0.00000000 
 14.09   0.05871845   0.00000000   0.00000000 
 14.10   0.05176597   0.00000000   0.00000000 
 14.11   0.04455130   0.00000000   0.00000000 
 14.12   0.03711190   0.00000000   0.00000000 
 14.13   0.02946075   0.00000000   0.00000000 
 14.14   0.02160700   0.00000000   0.00000000 
 14.15   0.01358517   0.00000000   0.00000000 
 14.16   0.00550013   0.00000000   0.00000000 
 14.17  -0.00260835   0.00000000   0.00000000 
 14.18  -0.01069133   0.00000000   0.00000000 
 14.19  -0.01870058   0.00000000   0.00000000 
 14.20  -0.02659850   0.00000000   0.00000000 
 14.21  -0.03429692   0.00000000   0.00000000 
 14.22  -0.04177267   0.00000000   0.00000000 
 14.23  -0.04898255   0.00000000   0.00000000 
 14.24  -0.05589287   0.00000000   0.00000000 
 14.25  -0.06247047   0.00000000   0.00000000 
 14.26  -0.06867380   0.00000000   0.00000000 
 14.27  -0.07435380   0.00000000   0.00000000 
 14.28  -0.07956647   0.00000000   0.00000000 
 14.29  -0.08428280   0.00000000   0.00000000 
 14.30  -0.08848373   0.00000000   0.00000000 
 14.31  -0.09215372   0.00000000   0.00000000 
 14.32  -0.09527430   0.00000000   0.00000000 
 14.33  -0.09767213   0.00000000   0.00000000 
 14.34  -0.09947457   0.00000000   0.00000000 
 14.35  -0.10067655   0.00000000   0.00000000 
 14.36  -0.10126553   0.00000000   0.00000000 
 14.37  -0.10124742   0.00000000   0.00000000 
 14.38  -0.10067250   0.00000000   0.00000000 
 14.39  -0.09939075   0.00000000   0.00000000 
 14.40  -0.09752540   0.00000000   0.00000000 
 14.41  -0.09508410   0.00000000   0.00000000 
 14.42  -0.09207850   0.00000000   0.00000000 
 14.43  -0.08852027   0.00000000   0.00000000 
 14.44  -0.08441710   0.00000000   0.00000000 
 14.45  -0.07964135   0.00000000   0.00000000 
 14.46  -0.07433987   0.00000000   0.00000000 
 14.47  -0.06852240   0.00000000   0.00000000 
 14.48  -0.06221610   0.00000000   0.00000000 
 14.49  -0.05547530   0.00000000   0.00000000 
 14.50  -0.04839130   0.00000000   0.00000000 
 14.51  -0.04100680   0.00000000   0.00000000 
 14.52  -0.03341903   0.00000000   0.00000000 
 14.53  -0.02564735   0.00000000   0.00000000 
 14.54  -0.01772033   0.00000000   0.00000000 
 14.55  -0.00967370   0.00000000   0.00000000 
 14.56  -0.00154820   0.00000000   0.00000000 
 14.57   0.00656855   0.00000000   0.00000000 
 14.58   0.01460403   0.00000000   0.00000000 
 14.59   0.02253465   0.00000000   0.00000000 
 14.60   0.03033263   0.00000000   0.00000000 
 14.61   0.03796102   0.00000000   0.00000000 
 14.62   0.04536860   0.00000000   0.00000000 
 14.63   0.05243693   0.00000000   0.00000000 
 14.64   0.05916667   0.00000000   0.00000000 
 14.65   0.06551425   0.00000000   0.00000000 
 14.66   0.07145153   0.00000000   0.00000000 
 14.67   0.07695880   0.00000000   0.00000000 
 14.68   0.08201780   0.00000000   0.00000000 
 14.69   0.08645388   0.00000000   0.00000000 
 14.70   0.09034990   0.00000000   0.00000000 
 14.71   0.09368925   0.00000000   0.00000000 
 14.72   0.09645820   0.00000000   0.00000000 
 14.73   0.09864543   0.00000000   0.00000000 
 14.74   0.10024160   0.00000000   0.00000000 
 14.75   0.10107860   0.00000000   0.00000000 
 14.76   0.10129860   0.00000000   0.00000000 
 14.77   0.10094360   0.00000000   0.00000000 
 14.78   0.10001913   0.00000000   0.00000000 
 14.79   0.09851612   0.00000000   0.00000000 
 14.80   0.09643270   0.00000000   0.00000000 
 14.81   0.09363295   0.00000000   0.00000000 
 14.82   0.09027307   0.00000000   0.00000000 
 14.83   0.08636580   0.00000000   0.00000000 
 14.84   0.08191873   0.00000000   0.00000000 
 14.85   0.07693617   0.00000000   0.00000000 
 14.86   0.07142100   0.00000000   0.00000000 
 14.87   0.06527975   0.00000000   0.00000000 
 14.88   0.05869937   0.00000000   0.00000000 
 14.89   0.05176845   0.00000000   0.00000000 
 14.90   0.04456147   0.00000000   0.00000000 
 14.91   0.03712795   0.00000000   0.00000000 
 14.92   0.02948170   0.00000000   0.00000000 
 14.93   0.02159545   0.00000000   0.00000000 
 14.94   0.01358520   0.00000000   0.00000000 
 14.95   0.00550325   0.00000000   0.00000000 
 14.96  -0.00260457   0.00000000   0.00000000 
 14.97  -0.01069278   0.00000000   0.00000000 
 14.98  -0.01871020   0.00000000   0.00000000 
 14.99  -0.02658045   0.00000000   0.00000000 
 15.00  -0.03427970   0.00000000   0.00000000 
 15.01  -0.04176205   0.00000000   0.00000000 
 15.02  -0.04898590   0.00000000   0.00000000 
 15.03  -0.05591368   0.00000000   0.00000000 
 15.04  -0.06251160   0.00000000   0.00000000 
 15.05  -0.06863018   0.00000000   0.00000000 
 15.06  -0.07432377   0.00000000   0.00000000 
 15.07  -0.07955510   0.00000000   0.00000000 
 15.08  -0.08429337   0.00000000   0.00000000 
 15.09  -0.08851628   0.00000000   0.00000000 
 15.10  -0.09221220   0.00000000   0.00000000 
 15.11  -0.09521487   0.00000000   0.00000000 
 15.12  -0.09763487   0.00000000   0.00000000 
 15.13  -0.09946105   0.00000000   0.00000000 
 15.14  -0.10068663   0.00000000   0.00000000 
 15.15  -0.10130485   0.00000000   0.00000000 
 15.16  -0.10130460   0.00000000   0.00000000 
 15.17  -0.10061560   0.00000000   0.00000000 
 15.18  -0.09935440   0.00000000   0.00000000 
 15.19  -0.09751235   0.00000000   0.00000000 
 15.20  -0.09509317   0.00000000   0.00000000 
 15.21  -0.09210770   0.00000000   0.00000000 
 15.22  -0.08856870   0.00000000   0.00000000 
 15.23  -0.08434987   0.00000000   0.00000000 
 15.24  -0.07959323   0.00000000   0.00000000 
 15.25  -0.07431035   0.00000000   0.00000000 
 15.26  -0.06851103   0.00000000   0.00000000 
 15.27  -0.06221768   0.00000000   0.00000000 
 15.28  -0.05547960   0.00000000   0.00000000 
 15.29  -0.04834293   0.00000000   0.00000000 
 15.30  -0.04097633   0.00000000   0.00000000 
 15.31  -0.03340070   0.00000000   0.00000000 
 15.32  -0.02563727   0.00000000   0.00000000 
 15.33  -0.01771243   0.00000000   0.00000000 
 15.34  -0.00966260   0.00000000   0.00000000 
 15.35  -0.00153168   0.00000000   0.00000000 
 15.36   0.00657503   0.00000000   0.00000000 
 15.37   0.01461055   0.00000000   0.00000000 
 15.38   0.02254550   0.00000000   0.00000000 
 15.39   0.03035368   0.00000000   0.00000000 
 15.40   0.03799760   0.00000000   0.00000000 
 15.41   0.04535335   0.00000000   0.00000000 
 15.42   0.05242470   0.00000000   0.00000000 
 15.43   0.05916405   0.00000000   0.00000000 
 15.44   0.06552837   0.00000000   0.00000000 
 15.45   0.07148430   0.00000000   0.00000000 
 15.46   0.07701330   0.00000000   0.00000000 
 15.47   0.08197280   0.00000000   0.00000000 
 15.48   0.08642563   0.00000000   0.00000000 
 15.49   0.09034340   0.00000000   0.00000000 
 15.50   0.09370650   0.00000000   0.00000000 
 15.51   0.09650032   0.00000000   0.00000000 
 15.52   0.09871140   0.00000000   0.00000000 
 15.53   0.10018090   0.00000000   0.00000000 
 15.54   0.10104520   0.00000000   0.00000000 
 15.55   0.10129370   0.00000000   0.00000000 
 15.56   0.10095620   0.00000000   0.00000000 
 15.57   0.10005795   0.00000000   0.00000000 
 15.58   0.09857470   0.00000000   0.00000000 
 15.59   0.09637262   0.00000000   0.00000000 
 15.60   0.09359713   0.00000000   0.00000000 
 15.61   0.09026000   0.00000000   0.00000000 
 15.62   0.08637470   0.00000000   0.00000000 
 15.63   0.08195098   0.00000000   0.00000000 
 15.64   0.07698940   0.00000000   0.00000000 
 15.65   0.07136465   0.00000000   0.00000000 
 15.66   0.06524777   0.00000000   0.00000000 
 15.67   0.05868985   0.00000000   0.00000000 
 15.68   0.05176953   0.00000000   0.00000000 
 15.69   0.04456858   0.00000000   0.00000000 
 15.70   0.03714750   0.00000000   0.00000000 
 15.71   0.02945800   0.00000000   0.00000000 
 15.72   0.02158257   0.00000000   0.00000000 
 15.73   0.01358000   0.00000000   0.00000000 
 15.74   0.00550080   0.00000000   0.00000000 
 15.75  -0.00260962   0.00000000   0.00000000 
 15.76  -0.01070770   0.00000000   0.00000000 
 15.77  -0.01870412   0.00000000   0.00000000 
 15.78  -0.02657407   0.00000000   0.00000000 
 15.79  -0.03427830   0.00000000   0.00000000 
 15.80  -0.04177107   0.00000000   0.00000000 
 15.81  -0.04900767   0.00000000   0.00000000 
 15.82  -0.05595200   0.00000000   0.00000000 
 15.83  -0.06247375   0.00000000   0.00000000 
 15.84  -0.06860617   0.00000000   0.00000000 
 15.85  -0.07431515   0.00000000   0.00000000 
 15.86  -0.07956553   0.00000000   0.00000000 
 15.87  -0.08432580   0.00000000   0.00000000 
 15.88  -0.08857280   0.00000000   0.00000000 
 15.89  -0.09215497   0.00000000   0.00000000 
 15.90  -0.09517833   0.00000000   0.00000000 
 15.91  -0.09762205   0.00000000   0.00000000 
 15.92  -0.09947347   0.00000000   0.00000000 
 15.93  -0.10072422   0.00000000   0.00000000 
 15.94  -0.10136630   0.00000000   0.00000000 
 15.95  -0.10124930   0.00000000   0.00000000 
 15.96  -0.10058317   0.00000000   0.00000000 
 15.97  -0.09934580   0.00000000   0.00000000 
 15.98  -0.09752840   0.00000000   0.00000000 
 15.99  -0.09513255   0.00000000   0.00000000 
 16.00  -0.09216730   0.00000000   0.00000000 
 16.01  -0.08851380   0.00000000   0.00000000 
 16.02  -0.08431770   0.00000000   0.00000000 
 16.03  -0.07958365   0.00000000   0.00000000 
 16.04  -0.07432160   0.00000000   0.00000000 
 16.05  -0.06854297   0.00000000   0.00000000 
 16.06  -0.06225680   0.00000000   0.00000000 
 16.07  -0.05543947   0.00000000   0.00000000 
 16.08  -0.04832453   0.00000000   0.00000000 
 16.09  -0.04096915   0.00000000   0.00000000 
 16.10  -0.03340307   0.00000000   0.00000000 
 16.11  -0.02564532   0.00000000   0.00000000 
 16.12  -0.01772090   0.00000000   0.00000000 
 16.13  -0.00965157   0.00000000   0.00000000 
 16.14  -0.00153023   0.00000000   0.00000000 
 16.15   0.00657480   0.00000000   0.00000000 
 16.16   0.01461417   0.00000000   0.00000000 
 16.17   0.02255445   0.00000000   0.00000000 
 16.18   0.03037520   0.00000000   0.00000000 
 16.19   0.03797528   0.00000000   0.00000000 
 16.20   0.04533710   0.00000000   0.00000000 
 16.21   0.05241850   0.00000000   0.00000000 
 16.22   0.05917290   0.00000000   0.00000000 
 16.23   0.06555577   0.00000000   0.00000000 
 16.24   0.07153110   0.00000000   0.00000000 
 16.25   0.07696835   0.00000000   0.00000000 
 16.26   0.08194213   0.00000000   0.00000000 
 16.27   0.08641470   0.00000000   0.00000000 
 16.28   0.09035530   0.00000000   0.00000000 
 16.29   0.09374162   0.00000000   0.00000000 
 16.30   0.09656120   0.00000000   0.00000000 
 16.31   0.09865012   0.00000000   0.00000000 
 16.32   0.10014183   0.00000000   0.00000000 
 16.33   0.10102965   0.00000000   0.00000000 
 16.34   0.10130810   0.00000000   0.00000000 
 16.35   0.10098937   0.00000000   0.00000000 
 16.36   0.10011970   0.00000000   0.00000000 
 16.37   0.09851328   0.00000000   0.00000000 
 16.38   0.09633460   0.00000000   0.00000000 
 16.39   0.09358220   0.00000000   0.00000000 
 16.40   0.09026537   0.00000000   0.00000000 
 16.41   0.08639785   0.00000000   0.00000000 
 16.42   0.08199160   0.00000000   0.00000000 
 16.43   0.07691085   0.00000000   0.00000000 
 16.44   0.07130330   0.00000000   0.00000000 
 16.45   0.06520460   0.00000000   0.00000000 
 16.46   0.05866620   0.00000000   0.00000000 
 16.47   0.05175762   0.00000000   0.00000000 
 16.48   0.04456870   0.00000000   0.00000000 
 16.49   0.03710578   0.00000000   0.00000000 
 16.50   0.02942713   0.00000000   0.00000000 
 16.51   0.02156315   0.00000000   0.00000000 
 16.52   0.01356420   0.00000000   0.00000000 
 16.53   0.00548505   0.00000000   0.00000000 
 16.54  -0.00263070   0.00000000   0.00000000 
 16.55  -0.01071562   0.00000000   0.00000000 
 16.56  -0.01870960   0.00000000   0.00000000 
 16.57  -0.02658170   0.00000000   0.00000000 
 16.58  -0.03429320   0.00000000   0.00000000 
 16.59  -0.04179915   0.00000000   0.00000000 
 16.60  -0.04904990   0.00000000   0.00000000 
 16.61  -0.05592848   0.00000000   0.00000000 
 16.62  -0.06245900   0.00000000   0.00000000 
 16.63  -0.06860465   0.00000000   0.00000000 
 16.64  -0.07433093   0.00000000   0.00000000 
 16.65  -0.07960390   0.00000000   0.00000000 
 16.66  -0.08438840   0.00000000   0.00000000 
 16.67  -0.08852523   0.00000000   0.00000000 
 16.68  -0.09212673   0.00000000   0.00000000 
 16.69  -0.09517190   0.00000000   0.00000000 
 16.70  -0.09763973   0.00000000   0.00000000 
 16.71  -0.09951473   0.00000000   0.00000000 
 16.72  -0.10079240   0.00000000   0.00000000 
 16.73  -0.10130490   0.00000000   0.00000000 
 16.74  -0.10122107   0.00000000   0.00000000 
 16.75  -0.10057370   0.00000000   0.00000000 
 16.76  -0.09935920   0.00000000   0.00000000 
 16.77  -0.09756415   0.00000000   0.00000000 
 16.78  -0.09519190   0.00000000   0.00000000 
 16.79  -0.09211082   0.00000000   0.00000000 
 16.80  -0.08847927   0.00000000   0.00000000 
 16.81  -0.08430565   0.00000000   0.00000000 
 16.82  -0.07959320   0.00000000   0.00000000 
 16.83  -0.07434718   0.00000000   0.00000000 
 16.84  -0.06858210   0.00000000   0.00000000 
 16.85  -0.06219402   0.00000000   0.00000000 
 16.86  -0.05540233   0.00000000   0.00000000 
 16.87  -0.04830390   0.00000000   0.00000000 
 16.88  -0.04096137   0.00000000   0.00000000 
 16.89  -0.03340790   0.00000000   0.00000000 
 16.90  -0.02565190   0.00000000   0.00000000 
 16.91  -0.01769723   0.00000000   0.00000000 
 16.92  -0.00963910   0.00000000   0.00000000 
 16.93  -0.00152445   0.00000000   0.00000000 
 16.94   0.00658403   0.00000000   0.00000000 
 16.95   0.01462788   0.00000000   0.00000000 
 16.96   0.02257280   0.00000000   0.00000000 
 16.97   0.03036488   0.00000000   0.00000000 
 16.98   0.03796803   0.00000000   0.00000000 
 16.99   0.04533640   0.00000000   0.00000000 
 17.00   0.05242817   0.00000000   0.00000000 
 17.01   0.05920067   0.00000000   0.00000000 
 17.02   0.06560550   0.00000000   0.00000000 
 17.03   0.07149092   0.00000000   0.00000000 
 17.04   0.07694320   0.00000000   0.00000000 
 17.05   0.08193385   0.00000000   0.00000000 
 17.06   0.08642807   0.00000000   0.00000000 
 17.07   0.09039275   0.00000000   0.00000000 
 17.08   0.09380450   0.00000000   0.00000000 
 17.09   0.09650383   0.00000000   0.00000000 
 17.10   0.09861543   0.00000000   0.00000000 
 17.11   0.10013085   0.00000000   0.00000000 
 17.12   0.10104267   0.00000000   0.00000000 
 17.13   0.10134763   0.00000000   0.00000000 
 17.14   0.10104980   0.00000000   0.00000000 
 17.15   0.10005863   0.00000000   0.00000000 
 17.16   0.09848073   0.00000000   0.00000000 
 17.17   0.09632500   0.00000000   0.00000000 
 17.18   0.09359587   0.00000000   0.00000000 
 17.19   0.09030010   0.00000000   0.00000000 
 17.20   0.08645360   0.00000000   0.00000000 
 17.21   0.08193635   0.00000000   0.00000000 
 17.22   0.07687810   0.00000000   0.00000000 
 17.23   0.07129560   0.00000000   0.00000000 
 17.24   0.06521843   0.00000000   0.00000000 
 17.25   0.05869250   0.00000000   0.00000000 
 17.26   0.05178350   0.00000000   0.00000000 
 17.27   0.04454650   0.00000000   0.00000000 
 17.28   0.03709250   0.00000000   0.00000000 
 17.29   0.02942380   0.00000000   0.00000000 
 17.30   0.02156733   0.00000000   0.00000000 
 17.31   0.01356898   0.00000000   0.00000000 
 17.32   0.00548790   0.00000000   0.00000000 
 17.33  -0.00262977   0.00000000   0.00000000 
 17.34  -0.01070923   0.00000000   0.00000000 
 17.35  -0.01870560   0.00000000   0.00000000 
 17.36  -0.02658303   0.00000000   0.00000000 
 17.37  -0.03430562   0.00000000   0.00000000 
 17.38  -0.04182820   0.00000000   0.00000000 
 17.39  -0.04901987   0.00000000   0.00000000 
 17.40  -0.05590753   0.00000000   0.00000000 
 17.41  -0.06245105   0.00000000   0.00000000 
 17.42  -0.06861330   0.00000000   0.00000000 
 17.43  -0.07435912   0.00000000   0.00000000 
 17.44  -0.07965420   0.00000000   0.00000000 
 17.45  -0.08433245   0.00000000   0.00000000 
 17.46  -0.08849050   0.00000000   0.00000000 
 17.47  -0.09211370   0.00000000   0.00000000 
 17.48  -0.09518257   0.00000000   0.00000000 
 17.49  -0.09767653   0.00000000   0.00000000 
 17.50  -0.09957770   0.00000000   0.00000000 
 17.51  -0.10073078   0.00000000   0.00000000 
 17.52  -0.10126520   0.00000000   0.00000000 
 17.53  -0.10120845   0.00000000   0.00000000 
 17.54  -0.10058327   0.00000000   0.00000000 
 17.55  -0.09939605   0.00000000   0.00000000 
 17.56  -0.09762530   0.00000000   0.00000000 
 17.57  -0.09513388   0.00000000   0.00000000 
 17.58  -0.09207820   0.00000000   0.00000000 
 17.59  -0.08846940   0.00000000   0.00000000 
 17.60  -0.08431573   0.00000000   0.00000000 
 17.61  -0.07962298   0.00000000   0.00000000 
 17.62  -0.07439490   0.00000000   0.00000000 
 17.63  -0.06852107   0.00000000   0.00000000 
 17.64  -0.06215790   0.00000000   0.00000000 
 17.65  -0.05538915   0.00000000   0.00000000 
 17.66  -0.04830243   0.00000000   0.00000000 
 17.67  -0.04096838   0.00000000   0.00000000 
 17.68  -0.03341980   0.00000000   0.00000000 
 17.69  -0.02562613   0.00000000   0.00000000 
 17.70  -0.01768213   0.00000000   0.00000000 
 17.71  -0.00963090   0.00000000   0.00000000 
 17.72  -0.00152073   0.00000000   0.00000000 
 17.73   0.00659233   0.00000000   0.00000000 
 17.74   0.01464200   0.00000000   0.00000000 
 17.75   0.02256533   0.00000000   0.00000000 
 17.76   0.03035773   0.00000000   0.00000000 
 17.77   0.03796555   0.00000000   0.00000000 
 17.78   0.04534420   0.00000000   0.00000000 
 17.79   0.05245215   0.00000000   0.00000000 
 17.80   0.05924490   0.00000000   0.00000000 
 17.81   0.06556373   0.00000000   0.00000000 
 17.82   0.07146530   0.00000000   0.00000000 
 17.83   0.07693455   0.00000000   0.00000000 
 17.84   0.08194460   0.00000000   0.00000000 
 17.85   0.08646197   0.00000000   0.00000000 
 17.86   0.09045180   0.00000000   0.00000000 
 17.87   0.09374563   0.00000000   0.00000000 
 17.88   0.09646667   0.00000000   0.00000000 
 17.89   0.09860340   0.00000000   0.00000000 
 17.90   0.10014470   0.00000000   0.00000000 
 17.91   0.10108082   0.00000000   0.00000000 
 17.92   0.10140440   0.00000000   0.00000000 
 17.93   0.10099298   0.00000000   0.00000000 
 17.94   0.10002077   0.00000000   0.00000000 
 17.95   0.09846995   0.00000000   0.00000000 
 17.96   0.09633857   0.00000000   0.00000000 
 17.97   0.09363250   0.00000000   0.00000000 
 17.98   0.09035750   0.00000000   0.00000000 
 17.99   0.08639675   0.00000000   0.00000000 
 18.00   0.08189853   0.00000000   0.00000000 
 18.01   0.07685975   0.00000000   0.00000000 
 18.02   0.07129463   0.00000000   0.00000000 
 18.03   0.06523198   0.00000000   0.00000000 
 18.04   0.05871240   0.00000000   0.00000000 
 18.05   0.05174165   0.00000000   0.00000000 
 18.06   0.04452317   0.00000000   0.00000000 
 18.07   0.03707945   0.00000000   0.00000000 
 18.08   0.02942107   0.00000000   0.00000000 
 18.09   0.02156727   0.00000000   0.00000000 
 18.10   0.01356660   0.00000000   0.00000000 
 18.11   0.00547627   0.00000000   0.00000000 
 18.12  -0.00263473   0.00000000   0.00000000 
 18.13  -0.01071315   0.00000000   0.00000000 
 18.14  -0.01871353   0.00000000   0.00000000 
 18.15  -0.02659753   0.00000000   0.00000000 
 18.16  -0.03433320   0.00000000   0.00000000 
 18.17  -0.04180562   0.00000000   0.00000000 
 18.18  -0.04900410   0.00000000   0.00000000 
 18.19  -0.05590095   0.00000000   0.00000000 
 18.20  -0.06245953   0.00000000   0.00000000 
 18.21  -0.06864072   0.00000000   0.00000000 
 18.22  -0.07440930   0.00000000   0.00000000 
 18.23  -0.07960538   0.00000000   0.00000000 
 18.24  -0.08430200   0.00000000   0.00000000 
 18.25  -0.08848115   0.00000000   0.00000000 
 18.26  -0.09212647   0.00000000   0.00000000 
 18.27  -0.09522017   0.00000000   0.00000000 
 18.28  -0.09774000   0.00000000   0.00000000 
 18.29  -0.09951750   0.00000000   0.00000000 
 18.30  -0.10069480   0.00000000   0.00000000 
 18.31  -0.10125490   0.00000000   0.00000000 
 18.32  -0.10121947   0.00000000   0.00000000 
 18.33  -0.10061777   0.00000000   0.00000000 
 18.34  -0.09945560   0.00000000   0.00000000 
 18.35  -0.09756760   0.00000000   0.00000000 
 18.36  -0.09510447   0.00000000   0.00000000 
 18.37  -0.09207615   0.00000000   0.00000000 
 18.38  -0.08849453   0.00000000   0.00000000 
 18.39  -0.08436945   0.00000000   0.00000000 
 18.40  -0.07970470   0.00000000   0.00000000 
 18.41  -0.07437678   0.00000000   0.00000000 
 18.42  -0.06853653   0.00000000   0.00000000 
 18.43  -0.06220665   0.00000000   0.00000000 
 18.44  -0.05545310   0.00000000   0.00000000 
 18.45  -0.04836383   0.00000000   0.00000000 
 18.46  -0.04102750   0.00000000   0.00000000 
 18.47  -0.03343158   0.00000000   0.00000000 
 18.48  -0.02564913   0.00000000   0.00000000 
 18.49  -0.01771475   0.00000000   0.00000000 
 18.50  -0.00966660   0.00000000   0.00000000 
 18.51  -0.00155055   0.00000000   0.00000000 
 18.52   0.00657570   0.00000000   0.00000000 
 18.53   0.01460745   0.00000000   0.00000000 
 18.54   0.02253460   0.00000000   0.00000000 
 18.55   0.03033120   0.00000000   0.00000000 
 18.56   0.03795037   0.00000000   0.00000000 
 18.57   0.04534198   0.00000000   0.00000000 
 18.58   0.05247040   0.00000000   0.00000000 
 18.59   0.05919073   0.00000000   0.00000000 
 18.60   0.06552167   0.00000000   0.00000000 
 18.61   0.07144060   0.00000000   0.00000000 
 18.62   0.07692950   0.00000000   0.00000000 
 18.63   0.08196482   0.00000000   0.00000000 
 18.64   0.08650740   0.00000000   0.00000000 
 18.65   0.09038248   0.00000000   0.00000000 
 18.66   0.09369970   0.00000000   0.00000000 
 18.67   0.09644480   0.00000000   0.00000000 
 18.68   0.09860690   0.00000000   0.00000000 
 18.69   0.10017577   0.00000000   0.00000000 
 18.70   0.10113910   0.00000000   0.00000000 
 18.71   0.10133310   0.00000000   0.00000000 
 18.72   0.10095357   0.00000000   0.00000000 
 18.73   0.10000395   0.00000000   0.00000000 
 18.74   0.09847857   0.00000000   0.00000000 
 18.75   0.09637218   0.00000000   0.00000000 
 18.76   0.09368960   0.00000000   0.00000000 
 18.77   0.09030085   0.00000000   0.00000000 
 18.78   0.08636610   0.00000000   0.00000000 
 18.79   0.08189105   0.00000000   0.00000000 
 18.80   0.07687773   0.00000000   0.00000000 
 18.81   0.07133450   0.00000000   0.00000000 
 18.82   0.06528600   0.00000000   0.00000000 
 18.83   0.05867942   0.00000000   0.00000000 
 18.84   0.05173357   0.00000000   0.00000000 
 18.85   0.04452490   0.00000000   0.00000000 
 18.86   0.03708853   0.00000000   0.00000000 
 18.87   0.02943792   0.00000000   0.00000000 
 18.88   0.02158450   0.00000000   0.00000000 
 18.89   0.01356283   0.00000000   0.00000000 
 18.90   0.00547883   0.00000000   0.00000000 
 18.91  -0.00262835   0.00000000   0.00000000 
 18.92  -0.01070967   0.00000000   0.00000000 
 18.93  -0.01871682   0.00000000   0.00000000 
 18.94  -0.02661290   0.00000000   0.00000000 
 18.95  -0.03430973   0.00000000   0.00000000 
 18.96  -0.04178550   0.00000000   0.00000000 
 18.97  -0.04899600   0.00000000   0.00000000 
 18.98  -0.05590633   0.00000000   0.00000000 
 18.99  -0.06248288   0.00000000   0.00000000 
 19.00  -0.06868530   0.00000000   0.00000000 
 19.01  -0.07436313   0.00000000   0.00000000 
 19.02  -0.07957237   0.00000000   0.00000000 
 19.03  -0.08428740   0.00000000   0.00000000 
 19.04  -0.08848910   0.00000000   0.00000000 
 19.05  -0.09216012   0.00000000   0.00000000 
 19.06  -0.09528020   0.00000000   0.00000000 
 19.07  -0.09767803   0.00000000   0.00000000 
 19.08  -0.09947980   0.00000000   0.00000000 
 19.09  -0.10068045   0.00000000   0.00000000 
 19.10  -0.10126877   0.00000000   0.00000000 
 19.11  -0.10125120   0.00000000   0.00000000 
 19.12  -0.10067570   0.00000000   0.00000000 
 19.13  -0.09939212   0.00000000   0.00000000 
 19.14  -0.09752820   0.00000000   0.00000000 
 19.15  -0.09508885   0.00000000   0.00000000 
 19.16  -0.09208263   0.00000000   0.00000000 
 19.17  -0.08852083   0.00000000   0.00000000 
 19.18  -0.08441650   0.00000000   0.00000000 
 19.19  -0.07963850   0.00000000   0.00000000 
 19.20  -0.07433157   0.00000000   0.00000000 
 19.21  -0.06850880   0.00000000   0.00000000 
 19.22  -0.06219853   0.00000000   0.00000000 
 19.23  -0.05545525   0.00000000   0.00000000 
 19.24  -0.04837050   0.00000000   0.00000000 
 19.25  -0.04099367   0.00000000   0.00000000 
 19.26  -0.03341003   0.00000000   0.00000000 
 19.27  -0.02563700   0.00000000   0.00000000 
 19.28  -0.01770733   0.00000000   0.00000000 
 19.29  -0.00966123   0.00000000   0.00000000 
 19.30  -0.00153840   0.00000000   0.00000000 
 19.31   0.00657802   0.00000000   0.00000000 
 19.32   0.01461070   0.00000000   0.00000000 
 19.33   0.02253975   0.00000000   0.00000000 
 19.34   0.03033913   0.00000000   0.00000000 
 19.35   0.03797057   0.00000000   0.00000000 
 19.36   0.04537740   0.00000000   0.00000000 
 19.37   0.05244232   0.00000000   0.00000000 
 19.38   0.05917163   0.00000000   0.00000000 
 19.39   0.06551870   0.00000000   0.00000000 
 19.40   0.07145500   0.00000000   0.00000000 
 19.41   0.07696182   0.00000000   0.00000000 
 19.42   0.08202190   0.00000000   0.00000000 
 19.43   0.08645723   0.00000000   0.00000000 
 19.44   0.09035223   0.00000000   0.00000000 
 19.45   0.09369160   0.00000000   0.00000000 
 19.46   0.09646053   0.00000000   0.00000000 
 19.47   0.09864650   0.00000000   0.00000000 
 19.48   0.10024100   0.00000000   0.00000000 
 19.49   0.10107992   0.00000000   0.00000000 
 19.50   0.10129977   0.00000000   0.00000000 
 19.51   0.10094230   0.00000000   0.00000000 
 19.52   0.10001457   0.00000000   0.00000000 
 19.53   0.09850965   0.00000000   0.00000000 
 19.54   0.09642740   0.00000000   0.00000000 
 19.55   0.09362532   0.00000000   0.00000000 
 19.56   0.09026010   0.00000000   0.00000000 
 19.57   0.08634745   0.00000000   0.00000000 
 19.58   0.08189367   0.00000000   0.00000000 
 19.59   0.07690105   0.00000000   0.00000000 
 19.60   0.07137330   0.00000000   0.00000000 
 19.61   0.06522413   0.00000000   0.00000000 
 19.62   0.05864310   0.00000000   0.00000000 
 19.63   0.05171680   0.00000000   0.00000000 
 19.64   0.04451783   0.00000000   0.00000000 
 19.65   0.03709267   0.00000000   0.00000000 
 19.66   0.02944950   0.00000000   0.00000000 
 19.67   0.02156033   0.00000000   0.00000000 
 19.68   0.01355123   0.00000000   0.00000000 
 19.69   0.00547120   0.00000000   0.00000000 
 19.70  -0.00263567   0.00000000   0.00000000 
 19.71  -0.01072343   0.00000000   0.00000000 
 19.72  -0.01873760   0.00000000   0.00000000 
 19.73  -0.02660368   0.00000000   0.00000000 
 19.74  -0.03430250   0.00000000   0.00000000 
 19.75  -0.04178450   0.00000000   0.00000000 
 19.76  -0.04900653   0.00000000   0.00000000 
 19.77  -0.05593152   0.00000000   0.00000000 
 19.78  -0.06252810   0.00000000   0.00000000 
 19.79  -0.06864568   0.00000000   0.00000000 
 19.80  -0.07433660   0.00000000   0.00000000 
 19.81  -0.07956510   0.00000000   0.00000000 
 19.82  -0.08430203   0.00000000   0.00000000 
 19.83  -0.08852532   0.00000000   0.00000000 
 19.84  -0.09222040   0.00000000   0.00000000 
 19.85  -0.09522223   0.00000000   0.00000000 
 19.86  -0.09764233   0.00000000   0.00000000 
 19.87  -0.09946780   0.00000000   0.00000000 
 19.88  -0.10069213   0.00000000   0.00000000 
 19.89  -0.10130978   0.00000000   0.00000000 
 19.90  -0.10131070   0.00000000   0.00000000 
 19.91  -0.10062028   0.00000000   0.00000000 
 19.92  -0.09935740   0.00000000   0.00000000 
 19.93  -0.09751630   0.00000000   0.00000000 
 19.94  -0.09509890   0.00000000   0.00000000 
 19.95  -0.09211300   0.00000000   0.00000000 
 19.96  -0.08857050   0.00000000   0.00000000 
 19.97  -0.08435267   0.00000000   0.00000000 
 19.98  -0.07959450   0.00000000   0.00000000 
 19.99  -0.07430590   0.00000000   0.00000000 
 20.00  -0.06849950   0.00000000   0.00000000 
 20.01  -0.06220075   0.00000000   0.00000000 
 20.02  -0.05545800   0.00000000   0.00000000 
 20.03  -0.04832150   0.00000000   0.00000000 
 20.04  -0.04096167   0.00000000   0.00000000 
 20.05  -0.03339070   0.00000000   0.00000000 
 20.06  -0.02562693   0.00000000   0.00000000 
 20.07  -0.01769910   0.00000000   0.00000000 
 20.08  -0.00965060   0.00000000   0.00000000 
 20.09  -0.00152185   0.00000000   0.00000000 
 20.10   0.00658517   0.00000000   0.00000000 
 20.11   0.01461960   0.00000000   0.00000000 
 20.12   0.02255253   0.00000000   0.00000000 
 20.13   0.03035998   0.00000000   0.00000000 
 20.14   0.03800590   0.00000000   0.00000000 
 20.15   0.04536098   0.00000000   0.00000000 
 20.16   0.05243100   0.00000000   0.00000000 
 20.17   0.05917030   0.00000000   0.00000000 
 20.18   0.06553443   0.00000000   0.00000000 
 20.19   0.07148855   0.00000000   0.00000000 
 20.20   0.07701580   0.00000000   0.00000000 
 20.21   0.08197680   0.00000000   0.00000000 
 20.22   0.08642873   0.00000000   0.00000000 
 20.23   0.09034465   0.00000000   0.00000000 
 20.24   0.09370703   0.00000000   0.00000000 
 20.25   0.09650195   0.00000000   0.00000000 
 20.26   0.09871320   0.00000000   0.00000000 
 20.27   0.10018003   0.00000000   0.00000000 
 20.28   0.10104367   0.00000000   0.00000000 
 20.29   0.10129300   0.00000000   0.00000000 
 20.30   0.10095650   0.00000000   0.00000000 
 20.31   0.10005875   0.00000000   0.00000000 
 20.32   0.09857700   0.00000000   0.00000000 
 20.33   0.09637642   0.00000000   0.00000000 
 20.34   0.09359990   0.00000000   0.00000000 
 20.35   0.09026015   0.00000000   0.00000000 
 20.36   0.08637007   0.00000000   0.00000000 
 20.37   0.08193845   0.00000000   0.00000000 
 20.38   0.07696570   0.00000000   0.00000000 
 20.39   0.07132745   0.00000000   0.00000000 
 20.40   0.06520160   0.00000000   0.00000000 
 20.41   0.05864315   0.00000000   0.00000000 
 20.42   0.05172953   0.00000000   0.00000000 
 20.43   0.04453795   0.00000000   0.00000000 
 20.44   0.03712270   0.00000000   0.00000000 
 20.45   0.02943278   0.00000000   0.00000000 
 20.46   0.02155600   0.00000000   0.00000000 
 20.47   0.01355355   0.00000000   0.00000000 
 20.48   0.00547567   0.00000000   0.00000000 
 20.49  -0.00263333   0.00000000   0.00000000 
 20.50  -0.01073000   0.00000000   0.00000000 
 20.51  -0.01872242   0.00000000   0.00000000 
 20.52  -0.02659023   0.00000000   0.00000000 
 20.53  -0.03429325   0.00000000   0.00000000 
 20.54  -0.04178510   0.00000000   0.00000000 
 20.55  -0.04902108   0.00000000   0.00000000 
 20.56  -0.05596600   0.00000000   0.00000000 
 20.57  -0.06248725   0.00000000   0.00000000 
 20.58  -0.06861703   0.00000000   0.00000000 
 20.59  -0.07432340   0.00000000   0.00000000 
 20.60  -0.07957207   0.00000000   0.00000000 
 20.61  -0.08433173   0.00000000   0.00000000 
 20.62  -0.08857940   0.00000000   0.00000000 
 20.63  -0.09216148   0.00000000   0.00000000 
 20.64  -0.09518383   0.00000000   0.00000000 
 20.65  -0.09762700   0.00000000   0.00000000 
 20.66  -0.09947763   0.00000000   0.00000000 
 20.67  -0.10072715   0.00000000   0.00000000 
 20.68  -0.10137040   0.00000000   0.00000000 
 20.69  -0.10125257   0.00000000   0.00000000 
 20.70  -0.10058313   0.00000000   0.00000000 
 20.71  -0.09934385   0.00000000   0.00000000 
 20.72  -0.09752930   0.00000000   0.00000000 
 20.73  -0.09514062   0.00000000   0.00000000 
 20.74  -0.09217920   0.00000000   0.00000000 
 20.75  -0.08852595   0.00000000   0.00000000 
 20.76  -0.08433590   0.00000000   0.00000000 
 20.77  -0.07960560   0.00000000   0.00000000 
 20.78  -0.07434197   0.00000000   0.00000000 
 20.79  -0.06855873   0.00000000   0.00000000 
 20.80  -0.06227290   0.00000000   0.00000000 
 20.81  -0.05544998   0.00000000   0.00000000 
 20.82  -0.04833033   0.00000000   0.00000000 
 20.83  -0.04097775   0.00000000   0.00000000 
 20.84  -0.03341587   0.00000000   0.00000000 
 20.85  -0.02565618   0.00000000   0.00000000 
 20.86  -0.01772610   0.00000000   0.00000000 
 20.87  -0.00966035   0.00000000   0.00000000 
 20.88  -0.00153827   0.00000000   0.00000000 
 20.89   0.00657030   0.00000000   0.00000000 
 20.90   0.01461107   0.00000000   0.00000000 
 20.91   0.02254818   0.00000000   0.00000000 
 20.92   0.03036710   0.00000000   0.00000000 
 20.93   0.03797085   0.00000000   0.00000000 
 20.94   0.04533247   0.00000000   0.00000000 
 20.95   0.05241340   0.00000000   0.00000000 
 20.96   0.05916907   0.00000000   0.00000000 
 20.97   0.06555402   0.00000000   0.00000000 
 20.98   0.07152710   0.00000000   0.00000000 
 20.99   0.07696235   0.00000000   0.00000000 
 21.00   0.08193713   0.00000000   0.00000000 
 21.01   0.08641025   0.00000000   0.00000000 
 21.02   0.09035067   0.00000000   0.00000000 
 21.03   0.09373717   0.00000000   0.00000000 
 21.04   0.09655800   0.00000000   0.00000000 
 21.05   0.09864575   0.00000000   0.00000000 
 21.06   0.10013590   0.00000000   0.00000000 
 21.07   0.10102400   0.00000000   0.00000000 
 21.08   0.10130407   0.00000000   0.00000000 
 21.09   0.10098663   0.00000000   0.00000000 
 21.10   0.10011680   0.00000000   0.00000000 
 21.11   0.09851197   0.00000000   0.00000000 
 21.12   0.09633560   0.00000000   0.00000000 
 21.13   0.09358395   0.00000000   0.00000000 
 21.14   0.09026680   0.00000000   0.00000000 
 21.15   0.08639908   0.00000000   0.00000000 
 21.16   0.08199250   0.00000000   0.00000000 
 21.17   0.07690767   0.00000000   0.00000000 
 21.18   0.07129557   0.00000000   0.00000000 
 21.19   0.06519410   0.00000000   0.00000000 
 21.20   0.05865460   0.00000000   0.00000000 
 21.21   0.05174632   0.00000000   0.00000000 
 21.22   0.04456090   0.00000000   0.00000000 
 21.23   0.03710098   0.00000000   0.00000000 
 21.24   0.02942227   0.00000000   0.00000000 
 21.25   0.02155680   0.00000000   0.00000000 
 21.26   0.01355700   0.00000000   0.00000000 
 21.27   0.00547840   0.00000000   0.00000000 
 21.28  -0.00263760   0.00000000   0.00000000 
 21.29  -0.01072193   0.00000000   0.00000000 
 21.30  -0.01871407   0.00000000   0.00000000 
 21.31  -0.02658540   0.00000000   0.00000000 
 21.32  -0.03429720   0.00000000   0.00000000 
 21.33  -0.04180323   0.00000000   0.00000000 
 21.34  -0.04905240   0.00000000   0.00000000 
 21.35  -0.05593040   0.00000000   0.00000000 
 21.36  -0.06246193   0.00000000   0.00000000 
 21.37  -0.06860755   0.00000000   0.00000000 
 21.38  -0.07433220   0.00000000   0.00000000 
 21.39  -0.07960295   0.00000000   0.00000000 
 21.40  -0.08438670   0.00000000   0.00000000 
 21.41  -0.08852445   0.00000000   0.00000000 
 21.42  -0.09212587   0.00000000   0.00000000 
 21.43  -0.09517030   0.00000000   0.00000000 
 21.44  -0.09763807   0.00000000   0.00000000 
 21.45  -0.09951408   0.00000000   0.00000000 
 21.46  -0.10079150   0.00000000   0.00000000 
 21.47  -0.10130400   0.00000000   0.00000000 
 21.48  -0.10121830   0.00000000   0.00000000 
 21.49  -0.10056975   0.00000000   0.00000000 
 21.50  -0.09935607   0.00000000   0.00000000 
 21.51  -0.09756420   0.00000000   0.00000000 
 21.52  -0.09519720   0.00000000   0.00000000 
 21.53  -0.09212037   0.00000000   0.00000000 
 21.54  -0.08849200   0.00000000   0.00000000 
 21.55  -0.08432190   0.00000000   0.00000000 
 21.56  -0.07961340   0.00000000   0.00000000 
 21.57  -0.07437082   0.00000000   0.00000000 
 21.58  -0.06860690   0.00000000   0.00000000 
 21.59  -0.06222032   0.00000000   0.00000000 
 21.60  -0.05542760   0.00000000   0.00000000 
 21.61  -0.04832590   0.00000000   0.00000000 
 21.62  -0.04098010   0.00000000   0.00000000 
 21.63  -0.03342500   0.00000000   0.00000000 
 21.64  -0.02566750   0.00000000   0.00000000 
 21.65  -0.01770992   0.00000000   0.00000000 
 21.66  -0.00965127   0.00000000   0.00000000 
 21.67  -0.00153670   0.00000000   0.00000000 
 21.68   0.00657223   0.00000000   0.00000000 
 21.69   0.01461737   0.00000000   0.00000000 
 21.70   0.02256370   0.00000000   0.00000000 
 21.71   0.03035570   0.00000000   0.00000000 
 21.72   0.03795950   0.00000000   0.00000000 
 21.73   0.04532900   0.00000000   0.00000000 
 21.74   0.05242113   0.00000000   0.00000000 
 21.75   0.05919253   0.00000000   0.00000000 
 21.76   0.06559620   0.00000000   0.00000000 
 21.77   0.07148153   0.00000000   0.00000000 
 21.78   0.07693380   0.00000000   0.00000000 
 21.79   0.08192520   0.00000000   0.00000000 
 21.80   0.08642043   0.00000000   0.00000000 
 21.81   0.09038563   0.00000000   0.00000000 
 21.82   0.09379730   0.00000000   0.00000000 
 21.83   0.09649713   0.00000000   0.00000000 
 21.84   0.09860883   0.00000000   0.00000000 
 21.85   0.10012350   0.00000000   0.00000000 
 21.86   0.10103473   0.00000000   0.00000000 
 21.87   0.10134057   0.00000000   0.00000000 
 21.88   0.10104540   0.00000000   0.00000000 
 21.89   0.10005482   0.00000000   0.00000000 
 21.90   0.09847823   0.00000000   0.00000000 
 21.91   0.09632455   0.00000000   0.00000000 
 21.92   0.09359727   0.00000000   0.00000000 
 21.93   0.09030233   0.00000000   0.00000000 
 21.94   0.08645600   0.00000000   0.00000000 
 21.95   0.08193817   0.00000000   0.00000000 
 21.96   0.07687660   0.00000000   0.00000000 
 21.97   0.07128965   0.00000000   0.00000000 
 21.98   0.06520853   0.00000000   0.00000000 
 21.99   0.05868038   0.00000000   0.00000000 
 22.00   0.05177130   0.00000000   0.00000000 
 22.01   0.04453722   0.00000000   0.00000000 
 22.02   0.03708620   0.00000000   0.00000000 
 22.03   0.02941770   0.00000000   0.00000000 
 22.04   0.02155977   0.00000000   0.00000000 
 22.05   0.01356072   0.00000000   0.00000000 
 22.06   0.00548080   0.00000000   0.00000000 
 22.07  -0.00263687   0.00000000   0.00000000 
 22.08  -0.01071607   0.00000000   0.00000000 
 22.09  -0.01871040   0.00000000   0.00000000 
 22.10  -0.02658610   0.00000000   0.00000000 
 22.11  -0.03430917   0.00000000   0.00000000 
 22.12  -0.04183250   0.00000000   0.00000000 
 22.13  -0.04902250   0.00000000   0.00000000 
 22.14  -0.05590950   0.00000000   0.00000000 
 22.15  -0.06245390   0.00000000   0.00000000 
 22.16  -0.06861660   0.00000000   0.00000000 
 22.17  -0.07436068   0.00000000   0.00000000 
 22.18  -0.07965310   0.00000000   0.00000000 
 22.19  -0.08433160   0.00000000   0.00000000 
 22.20  -0.08848963   0.00000000   0.00000000 
 22.21  -0.09211265   0.00000000   0.00000000 
 22.22  -0.09518160   0.00000000   0.00000000 
 22.23  -0.09767620   0.00000000   0.00000000 
 22.24  -0.09957820   0.00000000   0.00000000 
 22.25  -0.10073003   0.00000000   0.00000000 
 22.26  -0.10126387   0.00000000   0.00000000 
 22.27  -0.10120675   0.00000000   0.00000000 
 22.28  -0.10058127   0.00000000   0.00000000 
 22.29  -0.09939410   0.00000000   0.00000000 
 22.30  -0.09762460   0.00000000   0.00000000 
 22.31  -0.09513627   0.00000000   0.00000000 
 22.32  -0.09208493   0.00000000   0.00000000 
 22.33  -0.08848060   0.00000000   0.00000000 
 22.34  -0.08433153   0.00000000   0.00000000 
 22.35  -0.07964410   0.00000000   0.00000000 
 22.36  -0.07442260   0.00000000   0.00000000 
 22.37  -0.06855452   0.00000000   0.00000000 
 22.38  -0.06219663   0.00000000   0.00000000 
 22.39  -0.05542855   0.00000000   0.00000000 
 22.40  -0.04833720   0.00000000   0.00000000 
 22.41  -0.04099592   0.00000000   0.00000000 
 22.42  -0.03344350   0.00000000   0.00000000 
 22.43  -0.02565017   0.00000000   0.00000000 
 22.44  -0.01770657   0.00000000   0.00000000 
 22.45  -0.00965430   0.00000000   0.00000000 
 22.46  -0.00154120   0.00000000   0.00000000 
 22.47   0.00657592   0.00000000   0.00000000 
 22.48   0.01462850   0.00000000   0.00000000 
 22.49   0.02255133   0.00000000   0.00000000 
 22.50   0.03034303   0.00000000   0.00000000 
 22.51   0.03795125   0.00000000   0.00000000 
 22.52   0.04533113   0.00000000   0.00000000 
 22.53   0.05244015   0.00000000   0.00000000 
 22.54   0.05923290   0.00000000   0.00000000 
 22.55   0.06555182   0.00000000   0.00000000 
 22.56   0.07145387   0.00000000   0.00000000 
 22.57   0.07692370   0.00000000   0.00000000 
 22.58   0.08193443   0.00000000   0.00000000 
 22.59   0.08645255   0.00000000   0.00000000 
 22.60   0.09044280   0.00000000   0.00000000 
 22.61   0.09373772   0.00000000   0.00000000 
 22.62   0.09645910   0.00000000   0.00000000 
 22.63   0.09859555   0.00000000   0.00000000 
 22.64   0.10013683   0.00000000   0.00000000 
 22.65   0.10107362   0.00000000   0.00000000 
 22.66   0.10139720   0.00000000   0.00000000 
 22.67   0.10098687   0.00000000   0.00000000 
 22.68   0.10001707   0.00000000   0.00000000 
 22.69   0.09846800   0.00000000   0.00000000 
 22.70   0.09633757   0.00000000   0.00000000 
 22.71   0.09363255   0.00000000   0.00000000 
 22.72   0.09035980   0.00000000   0.00000000 
 22.73   0.08640088   0.00000000   0.00000000 
 22.74   0.08190237   0.00000000   0.00000000 
 22.75   0.07686360   0.00000000   0.00000000 
 22.76   0.07129790   0.00000000   0.00000000 
 22.77   0.06523262   0.00000000   0.00000000 
 22.78   0.05870920   0.00000000   0.00000000 
 22.79   0.05173987   0.00000000   0.00000000 
 22.80   0.04452347   0.00000000   0.00000000 
 22.81   0.03708045   0.00000000   0.00000000 
 22.82   0.02942177   0.00000000   0.00000000 
 22.83   0.02156743   0.00000000   0.00000000 
 22.84   0.01356510   0.00000000   0.00000000 
 22.85   0.00547302   0.00000000   0.00000000 
 22.86  -0.00263680   0.00000000   0.00000000 
 22.87  -0.01071390   0.00000000   0.00000000 
 22.88  -0.01871407   0.00000000   0.00000000 
 22.89  -0.02659852   0.00000000   0.00000000 
 22.90  -0.03433310   0.00000000   0.00000000 
 22.91  -0.04180560   0.00000000   0.00000000 
 22.92  -0.04900637   0.00000000   0.00000000 
 22.93  -0.05590415   0.00000000   0.00000000 
 22.94  -0.06246223   0.00000000   0.00000000 
 22.95  -0.06864277   0.00000000   0.00000000 
 22.96  -0.07441110   0.00000000   0.00000000 
 22.97  -0.07960477   0.00000000   0.00000000 
 22.98  -0.08430017   0.00000000   0.00000000 
 22.99  -0.08847950   0.00000000   0.00000000 
 23.00  -0.09212500   0.00000000   0.00000000 
 23.01  -0.09521800   0.00000000   0.00000000 
 23.02  -0.09773800   0.00000000   0.00000000 
 23.03  -0.09951617   0.00000000   0.00000000 
 23.04  -0.10069327   0.00000000   0.00000000 
 23.05  -0.10125255   0.00000000   0.00000000 
 23.06  -0.10121653   0.00000000   0.00000000 
 23.07  -0.10061500   0.00000000   0.00000000 
 23.08  -0.09945300   0.00000000   0.00000000 
 23.09  -0.09756275   0.00000000   0.00000000 
 23.10  -0.09509890   0.00000000   0.00000000 
 23.11  -0.09207045   0.00000000   0.00000000 
 23.12  -0.08848763   0.00000000   0.00000000 
 23.13  -0.08435960   0.00000000   0.00000000 
 23.14  -0.07969210   0.00000000   0.00000000 
 23.15  -0.07435935   0.00000000   0.00000000 
 23.16  -0.06850973   0.00000000   0.00000000 
 23.17  -0.06217355   0.00000000   0.00000000 
 23.18  -0.05541970   0.00000000   0.00000000 
 23.19  -0.04833520   0.00000000   0.00000000 
 23.20  -0.04100470   0.00000000   0.00000000 
 23.21  -0.03341278   0.00000000   0.00000000 
 23.22  -0.02563020   0.00000000   0.00000000 
 23.23  -0.01769415   0.00000000   0.00000000 
 23.24  -0.00964583   0.00000000   0.00000000 
 23.25  -0.00153238   0.00000000   0.00000000 
 23.26   0.00659120   0.00000000   0.00000000 
 23.27   0.01462345   0.00000000   0.00000000 
 23.28   0.02254990   0.00000000   0.00000000 
 23.29   0.03034475   0.00000000   0.00000000 
 23.30   0.03796267   0.00000000   0.00000000 
 23.31   0.04535403   0.00000000   0.00000000 
 23.32   0.05248020   0.00000000   0.00000000 
 23.33   0.05919887   0.00000000   0.00000000 
 23.34   0.06553000   0.00000000   0.00000000 
 23.35   0.07144870   0.00000000   0.00000000 
 23.36   0.07693630   0.00000000   0.00000000 
 23.37   0.08197003   0.00000000   0.00000000 
 23.38   0.08651270   0.00000000   0.00000000 
 23.39   0.09038787   0.00000000   0.00000000 
 23.40   0.09370457   0.00000000   0.00000000 
 23.41   0.09644925   0.00000000   0.00000000 
 23.42   0.09861063   0.00000000   0.00000000 
 23.43   0.10017838   0.00000000   0.00000000 
 23.44   0.10114180   0.00000000   0.00000000 
 23.45   0.10133647   0.00000000   0.00000000 
 23.46   0.10095660   0.00000000   0.00000000 
 23.47   0.10000645   0.00000000   0.00000000 
 23.48   0.09848150   0.00000000   0.00000000 
 23.49   0.09637708   0.00000000   0.00000000 
 23.50   0.09369700   0.00000000   0.00000000 
 23.51   0.09030850   0.00000000   0.00000000 
 23.52   0.08637447   0.00000000   0.00000000 
 23.53   0.08190030   0.00000000   0.00000000 
 23.54   0.07688693   0.00000000   0.00000000 
 23.55   0.07134195   0.00000000   0.00000000 
 23.56   0.06529070   0.00000000   0.00000000 
 23.57   0.05868203   0.00000000   0.00000000 
 23.58   0.05173510   0.00000000   0.00000000 
 23.59   0.04452720   0.00000000   0.00000000 
 23.60   0.03709247   0.00000000   0.00000000 
 23.61   0.02944253   0.00000000   0.00000000 
 23.62   0.02158720   0.00000000   0.00000000 
 23.63   0.01356437   0.00000000   0.00000000 
 23.64   0.00547980   0.00000000   0.00000000 
 23.65  -0.00262780   0.00000000   0.00000000 
 23.66  -0.01070920   0.00000000   0.00000000 
 23.67  -0.01871582   0.00000000   0.00000000 
 23.68  -0.02661090   0.00000000   0.00000000 
 23.69  -0.03430848   0.00000000   0.00000000 
 23.70  -0.04178433   0.00000000   0.00000000 
 23.71  -0.04899485   0.00000000   0.00000000 
 23.72  -0.05590567   0.00000000   0.00000000 
 23.73  -0.06248297   0.00000000   0.00000000 
 23.74  -0.06868480   0.00000000   0.00000000 
 23.75  -0.07436188   0.00000000   0.00000000 
 23.76  -0.07957117   0.00000000   0.00000000 
 23.77  -0.08428620   0.00000000   0.00000000 
 23.78  -0.08848713   0.00000000   0.00000000 
 23.79  -0.09215667   0.00000000   0.00000000 
 23.80  -0.09527600   0.00000000   0.00000000 
 23.81  -0.09767450   0.00000000   0.00000000 
 23.82  -0.09947660   0.00000000   0.00000000 
 23.83  -0.10067810   0.00000000   0.00000000 
 23.84  -0.10126737   0.00000000   0.00000000 
 23.85  -0.10124998   0.00000000   0.00000000 
 23.86  -0.10067340   0.00000000   0.00000000 
 23.87  -0.09939057   0.00000000   0.00000000 
 23.88  -0.09752747   0.00000000   0.00000000 
 23.89  -0.09508820   0.00000000   0.00000000 
 23.90  -0.09208157   0.00000000   0.00000000 
 23.91  -0.08851887   0.00000000   0.00000000 
 23.92  -0.08441170   0.00000000   0.00000000 
 23.93  -0.07962853   0.00000000   0.00000000 
 23.94  -0.07431397   0.00000000   0.00000000 
 23.95  -0.06848240   0.00000000   0.00000000 
 23.96  -0.06216563   0.00000000   0.00000000 
 23.97  -0.05542120   0.00000000   0.00000000 
 23.98  -0.04834070   0.00000000   0.00000000 
 23.99  -0.04097012   0.00000000   0.00000000 
 24.00  -0.03338940   0.00000000   0.00000000 
 24.01  -0.02561615   0.00000000   0.00000000 
 24.02  -0.01768553   0.00000000   0.00000000 
 24.03  -0.00964025   0.00000000   0.00000000 
 24.04  -0.00152050   0.00000000   0.00000000 
 24.05   0.00659375   0.00000000   0.00000000 
 24.06   0.01462533   0.00000000   0.00000000 
 24.07   0.02255410   0.00000000   0.00000000 
 24.08   0.03035310   0.00000000   0.00000000 
 24.09   0.03798348   0.00000000   0.00000000 
 24.10   0.04538940   0.00000000   0.00000000 
 24.11   0.05245315   0.00000000   0.00000000 
 24.12   0.05918043   0.00000000   0.00000000 
 24.13   0.06552565   0.00000000   0.00000000 
 24.14   0.07146087   0.00000000   0.00000000 
 24.15   0.07696738   0.00000000   0.00000000 
 24.16   0.08202730   0.00000000   0.00000000 
 24.17   0.08646172   0.00000000   0.00000000 
 24.18   0.09035640   0.00000000   0.00000000 
 24.19   0.09369545   0.00000000   0.00000000 
 24.20   0.09646420   0.00000000   0.00000000 
 24.21   0.09864998   0.00000000   0.00000000 
 24.22   0.10024290   0.00000000   0.00000000 
 24.23   0.10108065   0.00000000   0.00000000 
 24.24   0.10130220   0.00000000   0.00000000 
 24.25   0.10094650   0.00000000   0.00000000 
 24.26   0.10001943   0.00000000   0.00000000 
 24.27   0.09851410   0.00000000   0.00000000 
 24.28   0.09643110   0.00000000   0.00000000 
 24.29   0.09362877   0.00000000   0.00000000 
 24.30   0.09026297   0.00000000   0.00000000 
 24.31   0.08634975   0.00000000   0.00000000 
 24.32   0.08189570   0.00000000   0.00000000 
 24.33   0.07690275   0.00000000   0.00000000 
 24.34   0.07137300   0.00000000   0.00000000 
 24.35   0.06522100   0.00000000   0.00000000 
 24.36   0.05863853   0.00000000   0.00000000 
 24.37   0.05171180   0.00000000   0.00000000 
 24.38   0.04451370   0.00000000   0.00000000 
 24.39   0.03709038   0.00000000   0.00000000 
 24.40   0.02944780   0.00000000   0.00000000 
 24.41   0.02155613   0.00000000   0.00000000 
 24.42   0.01354680   0.00000000   0.00000000 
 24.43   0.00546785   0.00000000   0.00000000 
 24.44  -0.00263830   0.00000000   0.00000000 
 24.45  -0.01072637   0.00000000   0.00000000 
 24.46  -0.01873970   0.00000000   0.00000000 
 24.47  -0.02660445   0.00000000   0.00000000 
 24.48  -0.03430367   0.00000000   0.00000000 
 24.49  -0.04178580   0.00000000   0.00000000 
 24.50  -0.04900763   0.00000000   0.00000000 
 24.51  -0.05593290   0.00000000   0.00000000 
 24.52  -0.06253090   0.00000000   0.00000000 
 24.53  -0.06864848   0.00000000   0.00000000 
 24.54  -0.07433827   0.00000000   0.00000000 
 24.55  -0.07956580   0.00000000   0.00000000 
 24.56  -0.08430207   0.00000000   0.00000000 
 24.57  -0.08852463   0.00000000   0.00000000 
 24.58  -0.09221880   0.00000000   0.00000000 
 24.59  -0.09522230   0.00000000   0.00000000 
 24.60  -0.09764253   0.00000000   0.00000000 
 24.61  -0.09946740   0.00000000   0.00000000 
 24.62  -0.10069173   0.00000000   0.00000000 
 24.63  -0.10130982   0.00000000   0.00000000 
 24.64  -0.10130790   0.00000000   0.00000000 
 24.65  -0.10061673   0.00000000   0.00000000 
 24.66  -0.09935543   0.00000000   0.00000000 
 24.67  -0.09751620   0.00000000   0.00000000 
 24.68  -0.09510080   0.00000000   0.00000000 
 24.69  -0.09211755   0.00000000   0.00000000 
 24.70  -0.08857830   0.00000000   0.00000000 
 24.71  -0.08436038   0.00000000   0.00000000 
 24.72  -0.07960067   0.00000000   0.00000000 
 24.73  -0.07430910   0.00000000   0.00000000 
 24.74  -0.06849800   0.00000000   0.00000000 
 24.75  -0.06219398   0.00000000   0.00000000 
 24.76  -0.05544990   0.00000000   0.00000000 
 24.77  -0.04831648   0.00000000   0.00000000 
 24.78  -0.04095760   0.00000000   0.00000000 
 24.79  -0.03338650   0.00000000   0.00000000 
 24.80  -0.02562247   0.00000000   0.00000000 
 24.81  -0.01769445   0.00000000   0.00000000 
 24.82  -0.00964470   0.00000000   0.00000000 
 24.83  -0.00151678   0.00000000   0.00000000 
 24.84   0.00658907   0.00000000   0.00000000 
 24.85   0.01462385   0.00000000   0.00000000 
 24.86   0.02255737   0.00000000   0.00000000 
 24.87   0.03036387   0.00000000   0.00000000 
 24.88   0.03800770   0.00000000   0.00000000 
 24.89   0.04536187   0.00000000   0.00000000 
 24.90   0.05243097   0.00000000   0.00000000 
 24.91   0.05916940   0.00000000   0.00000000 
 24.92   0.06553330   0.00000000   0.00000000 
 24.93   0.07148798   0.00000000   0.00000000 
 24.94   0.07701540   0.00000000   0.00000000 
 24.95   0.08197498   0.00000000   0.00000000 
 24.96   0.08642743   0.00000000   0.00000000 
 24.97   0.09034430   0.00000000   0.00000000 
 24.98   0.09370663   0.00000000   0.00000000 
 24.99   0.09650037   0.00000000   0.00000000 
 25.00   0.09871170   0.00000000   0.00000000 
 25.01   0.10017845   0.00000000   0.00000000 
 25.02   0.10104033   0.00000000   0.00000000 
 25.03   0.10128975   0.00000000   0.00000000 
 25.04   0.10095493   0.00000000   0.00000000 
 25.05   0.10005827   0.00000000   0.00000000 
 25.06   0.09857460   0.00000000   0.00000000 
 25.07   0.09637235   0.00000000   0.00000000 
 25.08   0.09359477   0.00000000   0.00000000 
 25.09   0.09025330   0.00000000   0.00000000 
 25.10   0.08636150   0.00000000   0.00000000 
 25.11   0.08192905   0.00000000   0.00000000 
 25.12   0.07695580   0.00000000   0.00000000 
 25.13   0.07131572   0.00000000   0.00000000 
 25.14   0.06518750   0.00000000   0.00000000 
 25.15   0.05862760   0.00000000   0.00000000 
 25.16   0.05171383   0.00000000   0.00000000 
 25.17   0.04452367   0.00000000   0.00000000 
 25.18   0.03711250   0.00000000   0.00000000 
 25.19   0.02942400   0.00000000   0.00000000 
 25.20   0.02154610   0.00000000   0.00000000 
 25.21   0.01354300   0.00000000   0.00000000 
 25.22   0.00546570   0.00000000   0.00000000 
 25.23  -0.00264232   0.00000000   0.00000000 
 25.24  -0.01073940   0.00000000   0.00000000 
 25.25  -0.01873057   0.00000000   0.00000000 
 25.26  -0.02659667   0.00000000   0.00000000 
 25.27  -0.03429925   0.00000000   0.00000000 
 25.28  -0.04179140   0.00000000   0.00000000 
 25.29  -0.04902718   0.00000000   0.00000000 
 25.30  -0.05597110   0.00000000   0.00000000 
 25.31  -0.06249343   0.00000000   0.00000000 
 25.32  -0.06862350   0.00000000   0.00000000 
 25.33  -0.07432865   0.00000000   0.00000000 
 25.34  -0.07957600   0.00000000   0.00000000 
 25.35  -0.08433528   0.00000000   0.00000000 
 25.36  -0.08858170   0.00000000   0.00000000 
 25.37  -0.09216312   0.00000000   0.00000000 
 25.38  -0.09518547   0.00000000   0.00000000 
 25.39  -0.09762870   0.00000000   0.00000000 
 25.40  -0.09947960   0.00000000   0.00000000 
 25.41  -0.10072930   0.00000000   0.00000000 
 25.42  -0.10137080   0.00000000   0.00000000 
 25.43  -0.10125063   0.00000000   0.00000000 
 25.44  -0.10058253   0.00000000   0.00000000 
 25.45  -0.09934555   0.00000000   0.00000000 
 25.46  -0.09753050   0.00000000   0.00000000 
 25.47  -0.09513793   0.00000000   0.00000000 
 25.48  -0.09217610   0.00000000   0.00000000 
 25.49  -0.08852393   0.00000000   0.00000000 
 25.50  -0.08432817   0.00000000   0.00000000 
 25.51  -0.07959090   0.00000000   0.00000000 
 25.52  -0.07432040   0.00000000   0.00000000 
 25.53  -0.06852885   0.00000000   0.00000000 
 25.54  -0.06223010   0.00000000   0.00000000 
 25.55  -0.05540985   0.00000000   0.00000000 
 25.56  -0.04829960   0.00000000   0.00000000 
 25.57  -0.04095100   0.00000000   0.00000000 
 25.58  -0.03338883   0.00000000   0.00000000 
 25.59  -0.02562993   0.00000000   0.00000000 
 25.60  -0.01770210   0.00000000   0.00000000 
 25.61  -0.00963360   0.00000000   0.00000000 
 25.62  -0.00151450   0.00000000   0.00000000 
 25.63   0.00658840   0.00000000   0.00000000 
 25.64   0.01462640   0.00000000   0.00000000 
 25.65   0.02256632   0.00000000   0.00000000 
 25.66   0.03038790   0.00000000   0.00000000 
 25.67   0.03798857   0.00000000   0.00000000 
 25.68   0.04534857   0.00000000   0.00000000 
 25.69   0.05242705   0.00000000   0.00000000 
 25.70   0.05917893   0.00000000   0.00000000 
 25.71   0.06556032   0.00000000   0.00000000 
 25.72   0.07153390   0.00000000   0.00000000 
 25.73   0.07697098   0.00000000   0.00000000 
 25.74   0.08194473   0.00000000   0.00000000 
 25.75   0.08641615   0.00000000   0.00000000 
 25.76   0.09035560   0.00000000   0.00000000 
 25.77   0.09374182   0.00000000   0.00000000 
 25.78   0.09656090   0.00000000   0.00000000 
 25.79   0.09864907   0.00000000   0.00000000 
 25.80   0.10013950   0.00000000   0.00000000 
 25.81   0.10102575   0.00000000   0.00000000 
 25.82   0.10130363   0.00000000   0.00000000 
 25.83   0.10098645   0.00000000   0.00000000 
 25.84   0.10012020   0.00000000   0.00000000 
 25.85   0.09851628   0.00000000   0.00000000 
 25.86   0.09633817   0.00000000   0.00000000 
 25.87   0.09358515   0.00000000   0.00000000 
 25.88   0.09026657   0.00000000   0.00000000 
 25.89   0.08639563   0.00000000   0.00000000 
 25.90   0.08198330   0.00000000   0.00000000 
 25.91   0.07689255   0.00000000   0.00000000 
 25.92   0.07127547   0.00000000   0.00000000 
 25.93   0.06516970   0.00000000   0.00000000 
 25.94   0.05862933   0.00000000   0.00000000 
 25.95   0.05172520   0.00000000   0.00000000 
 25.96   0.04454520   0.00000000   0.00000000 
 25.97   0.03708462   0.00000000   0.00000000 
 25.98   0.02940570   0.00000000   0.00000000 
 25.99   0.02154055   0.00000000   0.00000000 
 26.00   0.01354133   0.00000000   0.00000000 
 26.01   0.00546370   0.00000000   0.00000000 
 26.02  -0.00264980   0.00000000   0.00000000 
 26.03  -0.01073338   0.00000000   0.00000000 
 26.04  -0.01872530   0.00000000   0.00000000 
 26.05  -0.02659560   0.00000000   0.00000000 
 26.06  -0.03430573   0.00000000   0.00000000 
 26.07  -0.04181063   0.00000000   0.00000000 
 26.08  -0.04906080   0.00000000   0.00000000 
 26.09  -0.05593863   0.00000000   0.00000000 
 26.10  -0.06246933   0.00000000   0.00000000 
 26.11  -0.06861390   0.00000000   0.00000000 
 26.12  -0.07433730   0.00000000   0.00000000 
 26.13  -0.07960647   0.00000000   0.00000000 
 26.14  -0.08438830   0.00000000   0.00000000 
 26.15  -0.08852597   0.00000000   0.00000000 
 26.16  -0.09212870   0.00000000   0.00000000 
 26.17  -0.09517345   0.00000000   0.00000000 
 26.18  -0.09764093   0.00000000   0.00000000 
 26.19  -0.09951697   0.00000000   0.00000000 
 26.20  -0.10079380   0.00000000   0.00000000 
 26.21  -0.10130230   0.00000000   0.00000000 
 26.22  -0.10121727   0.00000000   0.00000000 
 26.23  -0.10057200   0.00000000   0.00000000 
 26.24  -0.09936130   0.00000000   0.00000000 
 26.25  -0.09756985   0.00000000   0.00000000 
 26.26  -0.09520060   0.00000000   0.00000000 
 26.27  -0.09212518   0.00000000   0.00000000 
 26.28  -0.08849950   0.00000000   0.00000000 
 26.29  -0.08432965   0.00000000   0.00000000 
 26.30  -0.07962017   0.00000000   0.00000000 
 26.31  -0.07437747   0.00000000   0.00000000 
 26.32  -0.06861330   0.00000000   0.00000000 
 26.33  -0.06222247   0.00000000   0.00000000 
 26.34  -0.05542997   0.00000000   0.00000000 
 26.35  -0.04833065   0.00000000   0.00000000 
 26.36  -0.04098490   0.00000000   0.00000000 
 26.37  -0.03342603   0.00000000   0.00000000 
 26.38  -0.02566770   0.00000000   0.00000000 
 26.39  -0.01771170   0.00000000   0.00000000 
 26.40  -0.00965183   0.00000000   0.00000000 
 26.41  -0.00153670   0.00000000   0.00000000 
 26.42   0.00657160   0.00000000   0.00000000 
 26.43   0.01461642   0.00000000   0.00000000 
 26.44   0.02256550   0.00000000   0.00000000 
 26.45   0.03035742   0.00000000   0.00000000 
 26.46   0.03795887   0.00000000   0.00000000 
 26.47   0.04532680   0.00000000   0.00000000 
 26.48   0.05241870   0.00000000   0.00000000 
 26.49   0.05919052   0.00000000   0.00000000 
 26.50   0.06559460   0.00000000   0.00000000 
 26.51   0.07148135   0.00000000   0.00000000 
 26.52   0.07693430   0.00000000   0.00000000 
 26.53   0.08192440   0.00000000   0.00000000 
 26.54   0.08641797   0.00000000   0.00000000 
 26.55   0.09038308   0.00000000   0.00000000 
 26.56   0.09379600   0.00000000   0.00000000 
 26.57   0.09649358   0.00000000   0.00000000 
 26.58   0.09860450   0.00000000   0.00000000 
 26.59   0.10012000   0.00000000   0.00000000 
 26.60   0.10103167   0.00000000   0.00000000 
 26.61   0.10133597   0.00000000   0.00000000 
 26.62   0.10103880   0.00000000   0.00000000 
 26.63   0.10004997   0.00000000   0.00000000 
 26.64   0.09847267   0.00000000   0.00000000 
 26.65   0.09631745   0.00000000   0.00000000 
 26.66   0.09358890   0.00000000   0.00000000 
 26.67   0.09029223   0.00000000   0.00000000 
 26.68   0.08643990   0.00000000   0.00000000 
 26.69   0.08191448   0.00000000   0.00000000 
 26.70   0.07684560   0.00000000   0.00000000 
 26.71   0.07125080   0.00000000   0.00000000 
 26.72   0.06516450   0.00000000   0.00000000 
 26.73   0.05863748   0.00000000   0.00000000 
 26.74   0.05173640   0.00000000   0.00000000 
 26.75   0.04450815   0.00000000   0.00000000 
 26.76   0.03705937   0.00000000   0.00000000 
 26.77   0.02939180   0.00000000   0.00000000 
 26.78   0.02153400   0.00000000   0.00000000 
 26.79   0.01353468   0.00000000   0.00000000 
 26.80   0.00545610   0.00000000   0.00000000 
 26.81  -0.00265832   0.00000000   0.00000000 
 26.82  -0.01073553   0.00000000   0.00000000 
 26.83  -0.01872900   0.00000000   0.00000000 
 26.84  -0.02660340   0.00000000   0.00000000 
 26.85  -0.03432408   0.00000000   0.00000000 
 26.86  -0.04184650   0.00000000   0.00000000 
 26.87  -0.04903717   0.00000000   0.00000000 
 26.88  -0.05592257   0.00000000   0.00000000 
 26.89  -0.06246525   0.00000000   0.00000000 
 26.90  -0.06862690   0.00000000   0.00000000 
 26.91  -0.07437048   0.00000000   0.00000000 
 26.92  -0.07966240   0.00000000   0.00000000 
 26.93  -0.08433965   0.00000000   0.00000000 
 26.94  -0.08849703   0.00000000   0.00000000 
 26.95  -0.09211910   0.00000000   0.00000000 
 26.96  -0.09518657   0.00000000   0.00000000 
 26.97  -0.09767960   0.00000000   0.00000000 
 26.98  -0.09958110   0.00000000   0.00000000 
 26.99  -0.10073327   0.00000000   0.00000000 
 27.00  -0.10126497   0.00000000   0.00000000 
 27.01  -0.10120690   0.00000000   0.00000000 
 27.02  -0.10058243   0.00000000   0.00000000 
 27.03  -0.09939713   0.00000000   0.00000000 
 27.04  -0.09762830   0.00000000   0.00000000 
 27.05  -0.09513972   0.00000000   0.00000000 
 27.06  -0.09208800   0.00000000   0.00000000 
 27.07  -0.08848270   0.00000000   0.00000000 
 27.08  -0.08433100   0.00000000   0.00000000 
 27.09  -0.07963818   0.00000000   0.00000000 
 27.10  -0.07440810   0.00000000   0.00000000 
 27.11  -0.06852852   0.00000000   0.00000000 
 27.12  -0.06216007   0.00000000   0.00000000 
 27.13  -0.05538930   0.00000000   0.00000000 
 27.14  -0.04830340   0.00000000   0.00000000 
 27.15  -0.04097102   0.00000000   0.00000000 
 27.16  -0.03342310   0.00000000   0.00000000 
 27.17  -0.02562802   0.00000000   0.00000000 
 27.18  -0.01768260   0.00000000   0.00000000 
 27.19  -0.00963035   0.00000000   0.00000000 
 27.20  -0.00151973   0.00000000   0.00000000 
 27.21   0.00659358   0.00000000   0.00000000 
 27.22   0.01464450   0.00000000   0.00000000 
 27.23   0.02256892   0.00000000   0.00000000 
 27.24   0.03036100   0.00000000   0.00000000 
 27.25   0.03796750   0.00000000   0.00000000 
 27.26   0.04534430   0.00000000   0.00000000 
 27.27   0.05245047   0.00000000   0.00000000 
 27.28   0.05924230   0.00000000   0.00000000 
 27.29   0.06556147   0.00000000   0.00000000 
 27.30   0.07146377   0.00000000   0.00000000 
 27.31   0.07693325   0.00000000   0.00000000 
 27.32   0.08194280   0.00000000   0.00000000 
 27.33   0.08645912   0.00000000   0.00000000 
 27.34   0.09044770   0.00000000   0.00000000 
 27.35   0.09374112   0.00000000   0.00000000 
 27.36   0.09646147   0.00000000   0.00000000 
 27.37   0.09859720   0.00000000   0.00000000 
 27.38   0.10013767   0.00000000   0.00000000 
 27.39   0.10107375   0.00000000   0.00000000 
 27.40   0.10139850   0.00000000   0.00000000 
 27.41   0.10098858   0.00000000   0.00000000 
 27.42   0.10001760   0.00000000   0.00000000 
 27.43   0.09846905   0.00000000   0.00000000 
 27.44   0.09634043   0.00000000   0.00000000 
 27.45   0.09363615   0.00000000   0.00000000 
 27.46   0.09036040   0.00000000   0.00000000 
 27.47   0.08639798   0.00000000   0.00000000 
 27.48   0.08189557   0.00000000   0.00000000 
 27.49   0.07684905   0.00000000   0.00000000 
 27.50   0.07127417   0.00000000   0.00000000 
 27.51   0.06520302   0.00000000   0.00000000 
 27.52   0.05868060   0.00000000   0.00000000 
 27.53   0.05171485   0.00000000   0.00000000 
 27.54   0.04450370   0.00000000   0.00000000 
 27.55   0.03706455   0.00000000   0.00000000 
 27.56   0.02940620   0.00000000   0.00000000 
 27.57   0.02154927   0.00000000   0.00000000 
 27.58   0.01354660   0.00000000   0.00000000 
 27.59   0.00545877   0.00000000   0.00000000 
 27.60  -0.00265040   0.00000000   0.00000000 
 27.61  -0.01072725   0.00000000   0.00000000 
 27.62  -0.01872620   0.00000000   0.00000000 
 27.63  -0.02660913   0.00000000   0.00000000 
 27.64  -0.03434480   0.00000000   0.00000000 
 27.65  -0.04181655   0.00000000   0.00000000 
 27.66  -0.04901443   0.00000000   0.00000000 
 27.67  -0.05591110   0.00000000   0.00000000 
 27.68  -0.06246970   0.00000000   0.00000000 
 27.69  -0.06865033   0.00000000   0.00000000 
 27.70  -0.07441650   0.00000000   0.00000000 
 27.71  -0.07960942   0.00000000   0.00000000 
 27.72  -0.08430467   0.00000000   0.00000000 
 27.73  -0.08848280   0.00000000   0.00000000 
 27.74  -0.09212703   0.00000000   0.00000000 
 27.75  -0.09521983   0.00000000   0.00000000 
 27.76  -0.09773950   0.00000000   0.00000000 
 27.77  -0.09951592   0.00000000   0.00000000 
 27.78  -0.10069227   0.00000000   0.00000000 
 27.79  -0.10125125   0.00000000   0.00000000 
 27.80  -0.10121583   0.00000000   0.00000000 
 27.81  -0.10061630   0.00000000   0.00000000 
 27.82  -0.09945730   0.00000000   0.00000000 
 27.83  -0.09756872   0.00000000   0.00000000 
 27.84  -0.09510547   0.00000000   0.00000000 
 27.85  -0.09207785   0.00000000   0.00000000 
 27.86  -0.08849520   0.00000000   0.00000000 
 27.87  -0.08436472   0.00000000   0.00000000 
 27.88  -0.07969030   0.00000000   0.00000000 
 27.89  -0.07434905   0.00000000   0.00000000 
 27.90  -0.06848753   0.00000000   0.00000000 
 27.91  -0.06214065   0.00000000   0.00000000 
 27.92  -0.05538403   0.00000000   0.00000000 
 27.93  -0.04830672   0.00000000   0.00000000 
 27.94  -0.04098380   0.00000000   0.00000000 
 27.95  -0.03339430   0.00000000   0.00000000 
 27.96  -0.02561193   0.00000000   0.00000000 
 27.97  -0.01767520   0.00000000   0.00000000 
 27.98  -0.00962623   0.00000000   0.00000000 
 27.99  -0.00151313   0.00000000   0.00000000 
 28.00   0.00660770   0.00000000   0.00000000 
 28.01   0.01463878   0.00000000   0.00000000 
 28.02   0.02256587   0.00000000   0.00000000 
 28.03   0.03035975   0.00000000   0.00000000 
 28.04   0.03797510   0.00000000   0.00000000 
 28.05   0.04536407   0.00000000   0.00000000 
 28.06   0.05248990   0.00000000   0.00000000 
 28.07   0.05920857   0.00000000   0.00000000 
 28.08   0.06553930   0.00000000   0.00000000 
 28.09   0.07145740   0.00000000   0.00000000 
 28.10   0.07694397   0.00000000   0.00000000 
 28.11   0.08197617   0.00000000   0.00000000 
 28.12   0.08651750   0.00000000   0.00000000 
 28.13   0.09039250   0.00000000   0.00000000 
 28.14   0.09370803   0.00000000   0.00000000 
 28.15   0.09645090   0.00000000   0.00000000 
 28.16   0.09861050   0.00000000   0.00000000 
 28.17   0.10017693   0.00000000   0.00000000 
 28.18   0.10113910   0.00000000   0.00000000 
 28.19   0.10133435   0.00000000   0.00000000 
 28.20   0.10095687   0.00000000   0.00000000 
 28.21   0.10000885   0.00000000   0.00000000 
 28.22   0.09848517   0.00000000   0.00000000 
 28.23   0.09638123   0.00000000   0.00000000 
 28.24   0.09370090   0.00000000   0.00000000 
 28.25   0.09030973   0.00000000   0.00000000 
 28.26   0.08637063   0.00000000   0.00000000 
 28.27   0.08188820   0.00000000   0.00000000 
 28.28   0.07686340   0.00000000   0.00000000 
 28.29   0.07130525   0.00000000   0.00000000 
 28.30   0.06524250   0.00000000   0.00000000 
 28.31   0.05863508   0.00000000   0.00000000 
 28.32   0.05169560   0.00000000   0.00000000 
 28.33   0.04449615   0.00000000   0.00000000 
 28.34   0.03706680   0.00000000   0.00000000 
 28.35   0.02941740   0.00000000   0.00000000 
 28.36   0.02155940   0.00000000   0.00000000 
 28.37   0.01353673   0.00000000   0.00000000 
 28.38   0.00545507   0.00000000   0.00000000 
 28.39  -0.00265015   0.00000000   0.00000000 
 28.40  -0.01072980   0.00000000   0.00000000 
 28.41  -0.01873455   0.00000000   0.00000000 
 28.42  -0.02662830   0.00000000   0.00000000 
 28.43  -0.03432488   0.00000000   0.00000000 
 28.44  -0.04179927   0.00000000   0.00000000 
 28.45  -0.04900870   0.00000000   0.00000000 
 28.46  -0.05591887   0.00000000   0.00000000 
 28.47  -0.06249567   0.00000000   0.00000000 
 28.48  -0.06869700   0.00000000   0.00000000 
 28.49  -0.07437225   0.00000000   0.00000000 
 28.50  -0.07958003   0.00000000   0.00000000 
 28.51  -0.08429380   0.00000000   0.00000000 
 28.52  -0.08849360   0.00000000   0.00000000 
 28.53  -0.09216218   0.00000000   0.00000000 
 28.54  -0.09528110   0.00000000   0.00000000 
 28.55  -0.09767743   0.00000000   0.00000000 
 28.56  -0.09947803   0.00000000   0.00000000 
 28.57  -0.10067850   0.00000000   0.00000000 
 28.58  -0.10126660   0.00000000   0.00000000 
 28.59  -0.10124825   0.00000000   0.00000000 
 28.60  -0.10067350   0.00000000   0.00000000 
 28.61  -0.09939350   0.00000000   0.00000000 
 28.62  -0.09753270   0.00000000   0.00000000 
 28.63  -0.09509575   0.00000000   0.00000000 
 28.64  -0.09209150   0.00000000   0.00000000 
 28.65  -0.08853073   0.00000000   0.00000000 
 28.66  -0.08442390   0.00000000   0.00000000 
 28.67  -0.07963698   0.00000000   0.00000000 
 28.68  -0.07431773   0.00000000   0.00000000 
 28.69  -0.06847695   0.00000000   0.00000000 
 28.70  -0.06215000   0.00000000   0.00000000 
 28.71  -0.05540083   0.00000000   0.00000000 
 28.72  -0.04832600   0.00000000   0.00000000 
 28.73  -0.04095967   0.00000000   0.00000000 
 28.74  -0.03338153   0.00000000   0.00000000 
 28.75  -0.02560970   0.00000000   0.00000000 
 28.76  -0.01767837   0.00000000   0.00000000 
 28.77  -0.00963022   0.00000000   0.00000000 
 28.78  -0.00150880   0.00000000   0.00000000 
 28.79   0.00660403   0.00000000   0.00000000 
 28.80   0.01463573   0.00000000   0.00000000 
 28.81   0.02256405   0.00000000   0.00000000 
 28.82   0.03036140   0.00000000   0.00000000 
 28.83   0.03798962   0.00000000   0.00000000 
 28.84   0.04539470   0.00000000   0.00000000 
 28.85   0.05245812   0.00000000   0.00000000 
 28.86   0.05918553   0.00000000   0.00000000 
 28.87   0.06553140   0.00000000   0.00000000 
 28.88   0.07146697   0.00000000   0.00000000 
 28.89   0.07697250   0.00000000   0.00000000 
 28.90   0.08202950   0.00000000   0.00000000 
 28.91   0.08646358   0.00000000   0.00000000 
 28.92   0.09035820   0.00000000   0.00000000 
 28.93   0.09369590   0.00000000   0.00000000 
 28.94   0.09646263   0.00000000   0.00000000 
 28.95   0.09864715   0.00000000   0.00000000 
 28.96   0.10024040   0.00000000   0.00000000 
 28.97   0.10107582   0.00000000   0.00000000 
 28.98   0.10129677   0.00000000   0.00000000 
 28.99   0.10094360   0.00000000   0.00000000 
 29.00   0.10002020   0.00000000   0.00000000 
 29.01   0.09851752   0.00000000   0.00000000 
 29.02   0.09643710   0.00000000   0.00000000 
 29.03   0.09363627   0.00000000   0.00000000 
 29.04   0.09026883   0.00000000   0.00000000 
 29.05   0.08635090   0.00000000   0.00000000 
 29.06   0.08188873   0.00000000   0.00000000 
 29.07   0.07688412   0.00000000   0.00000000 
 29.08   0.07133970   0.00000000   0.00000000 
 29.09   0.06517878   0.00000000   0.00000000 
 29.10   0.05859780   0.00000000   0.00000000 
 29.11   0.05167850   0.00000000   0.00000000 
 29.12   0.04448853   0.00000000   0.00000000 
 29.13   0.03706970   0.00000000   0.00000000 
 29.14   0.02942620   0.00000000   0.00000000 
 29.15   0.02153253   0.00000000   0.00000000 
 29.16   0.01352340   0.00000000   0.00000000 
 29.17   0.00544710   0.00000000   0.00000000 
 29.18  -0.00265627   0.00000000   0.00000000 
 29.19  -0.01074322   0.00000000   0.00000000 
 29.20  -0.01875530   0.00000000   0.00000000 
 29.21  -0.02661913   0.00000000   0.00000000 
 29.22  -0.03431763   0.00000000   0.00000000 
 29.23  -0.04179870   0.00000000   0.00000000 
 29.24  -0.04901923   0.00000000   0.00000000 
 29.25  -0.05594342   0.00000000   0.00000000 
 29.26  -0.06254100   0.00000000   0.00000000 
 29.27  -0.06865767   0.00000000   0.00000000 
 29.28  -0.07434580   0.00000000   0.00000000 
 29.29  -0.07957235   0.00000000   0.00000000 
 29.30  -0.08430830   0.00000000   0.00000000 
 29.31  -0.08853052   0.00000000   0.00000000 
 29.32  -0.09222360   0.00000000   0.00000000 
 29.33  -0.09522485   0.00000000   0.00000000 
 29.34  -0.09764317   0.00000000   0.00000000 
 29.35  -0.09946725   0.00000000   0.00000000 
 29.36  -0.10069090   0.00000000   0.00000000 
 29.37  -0.10130782   0.00000000   0.00000000 
 29.38  -0.10130640   0.00000000   0.00000000 
 29.39  -0.10061798   0.00000000   0.00000000 
 29.40  -0.09935930   0.00000000   0.00000000 
 29.41  -0.09752155   0.00000000   0.00000000 
 29.42  -0.09510707   0.00000000   0.00000000 
 29.43  -0.09212475   0.00000000   0.00000000 
 29.44  -0.08858550   0.00000000   0.00000000 
 29.45  -0.08436275   0.00000000   0.00000000 
 29.46  -0.07959613   0.00000000   0.00000000 
 29.47  -0.07429610   0.00000000   0.00000000 
 29.48  -0.06847457   0.00000000   0.00000000 
 29.49  -0.06216007   0.00000000   0.00000000 
 29.50  -0.05541290   0.00000000   0.00000000 
 29.51  -0.04828840   0.00000000   0.00000000 
 29.52  -0.04093563   0.00000000   0.00000000 
 29.53  -0.03336810   0.00000000   0.00000000 
 29.54  -0.02560527   0.00000000   0.00000000 
 29.55  -0.01767642   0.00000000   0.00000000 
 29.56  -0.00962450   0.00000000   0.00000000 
 29.57  -0.00149700   0.00000000   0.00000000 
 29.58   0.00660570   0.00000000   0.00000000 
 29.59   0.01463820   0.00000000   0.00000000 
 29.60   0.02257137   0.00000000   0.00000000 
 29.61   0.03037862   0.00000000   0.00000000 
 29.62   0.03802220   0.00000000   0.00000000 
 29.63   0.04537587   0.00000000   0.00000000 
 29.64   0.05244393   0.00000000   0.00000000 
 29.65   0.05918110   0.00000000   0.00000000 
 29.66   0.06554400   0.00000000   0.00000000 
 29.67   0.07149813   0.00000000   0.00000000 
 29.68   0.07702480   0.00000000   0.00000000 
 29.69   0.08198205   0.00000000   0.00000000 
 29.70   0.08643277   0.00000000   0.00000000 
 29.71   0.09034910   0.00000000   0.00000000 
 29.72   0.09371073   0.00000000   0.00000000 
 29.73   0.09650252   0.00000000   0.00000000 
 29.74   0.09871210   0.00000000   0.00000000 
 29.75   0.10017868   0.00000000   0.00000000 
 29.76   0.10103927   0.00000000   0.00000000 
 29.77   0.10128750   0.00000000   0.00000000 
 29.78   0.10095367   0.00000000   0.00000000 
 29.79   0.10006052   0.00000000   0.00000000 
 29.80   0.09857910   0.00000000   0.00000000 
 29.81   0.09637793   0.00000000   0.00000000 
 29.82   0.09360210   0.00000000   0.00000000 
 29.83   0.09025975   0.00000000   0.00000000 
 29.84   0.08636310   0.00000000   0.00000000 
 29.85   0.08192162   0.00000000   0.00000000 
 29.86   0.07693520   0.00000000   0.00000000 
 29.87   0.07128003   0.00000000   0.00000000 
 29.88   0.06514420   0.00000000   0.00000000 
 29.89   0.05858580   0.00000000   0.00000000 
 29.90   0.05167990   0.00000000   0.00000000 
 29.91   0.04449842   0.00000000   0.00000000 
 29.92   0.03709000   0.00000000   0.00000000 
 29.93   0.02940058   0.00000000   0.00000000 
 29.94   0.02152243   0.00000000   0.00000000 
 29.95   0.01351985   0.00000000   0.00000000 
 29.96   0.00544423   0.00000000   0.00000000 
 29.97  -0.00266112   0.00000000   0.00000000 
 29.98  -0.01075620   0.00000000   0.00000000 
 29.99  -0.01874662   0.00000000   0.00000000 
 30.00  -0.02661270   0.00000000   0.00000000 
 30.01  -0.03431495   0.00000000   0.00000000 
 30.02  -0.04180627   0.00000000   0.00000000 
 30.03  -0.04904090   0.00000000   0.00000000 
 30.04  -0.05598340   0.00000000   0.00000000 
 30.05  -0.06250423   0.00000000   0.00000000 
 30.06  -0.06863340   0.00000000   0.00000000 
 30.07  -0.07433715   0.00000000   0.00000000 
 30.08  -0.07958267   0.00000000   0.00000000 
 30.09  -0.08434058   0.00000000   0.00000000 
 30.10  -0.08858750   0.00000000   0.00000000 
 30.11  -0.09216908   0.00000000   0.00000000 
 30.12  -0.09518960   0.00000000   0.00000000 
 30.13  -0.09763090   0.00000000   0.00000000 
 30.14  -0.09948043   0.00000000   0.00000000 
 30.15  -0.10072918   0.00000000   0.00000000 
 30.16  -0.10136960   0.00000000   0.00000000 
 30.17  -0.10124952   0.00000000   0.00000000 
 30.18  -0.10058303   0.00000000   0.00000000 
 30.19  -0.09934715   0.00000000   0.00000000 
 30.20  -0.09753230   0.00000000   0.00000000 
 30.21  -0.09513935   0.00000000   0.00000000 
 30.22  -0.09217660   0.00000000   0.00000000 
 30.23  -0.08852110   0.00000000   0.00000000 
 30.24  -0.08431980   0.00000000   0.00000000 
 30.25  -0.07957435   0.00000000   0.00000000 
 30.26  -0.07429313   0.00000000   0.00000000 
 30.27  -0.06848945   0.00000000   0.00000000 
 30.28  -0.06217970   0.00000000   0.00000000 
 30.29  -0.05536220   0.00000000   0.00000000 
 30.30  -0.04826110   0.00000000   0.00000000 
 30.31  -0.04092030   0.00000000   0.00000000 
 30.32  -0.03336197   0.00000000   0.00000000 
 30.33  -0.02560358   0.00000000   0.00000000 
 30.34  -0.01767500   0.00000000   0.00000000 
 30.35  -0.00960658   0.00000000   0.00000000 
 30.36  -0.00148930   0.00000000   0.00000000 
 30.37   0.00661150   0.00000000   0.00000000 
 30.38   0.01464817   0.00000000   0.00000000 
 30.39   0.02258723   0.00000000   0.00000000 
 30.40   0.03040590   0.00000000   0.00000000 
 30.41   0.03800415   0.00000000   0.00000000 
 30.42   0.04536340   0.00000000   0.00000000 
 30.43   0.05244195   0.00000000   0.00000000 
 30.44   0.05919407   0.00000000   0.00000000 
 30.45   0.06557535   0.00000000   0.00000000 
 30.46   0.07154810   0.00000000   0.00000000 
 30.47   0.07698318   0.00000000   0.00000000 
 30.48   0.08195487   0.00000000   0.00000000 
 30.49   0.08642555   0.00000000   0.00000000 
 30.50   0.09036480   0.00000000   0.00000000 
 30.51   0.09374980   0.00000000   0.00000000 
 30.52   0.09656580   0.00000000   0.00000000 
 30.53   0.09865213   0.00000000   0.00000000 
 30.54   0.10014200   0.00000000   0.00000000 
 30.55   0.10102725   0.00000000   0.00000000 
 30.56   0.10130403   0.00000000   0.00000000 
 30.57   0.10098678   0.00000000   0.00000000 
 30.58   0.10012220   0.00000000   0.00000000 
 30.59   0.09851978   0.00000000   0.00000000 
 30.60   0.09634217   0.00000000   0.00000000 
 30.61   0.09358950   0.00000000   0.00000000 
 30.62   0.09026983   0.00000000   0.00000000 
 30.63   0.08639468   0.00000000   0.00000000 
 30.64   0.08197460   0.00000000   0.00000000 
 30.65   0.07687368   0.00000000   0.00000000 
 30.66   0.07124443   0.00000000   0.00000000 
 30.67   0.06513075   0.00000000   0.00000000 
 30.68   0.05858990   0.00000000   0.00000000 
 30.69   0.05169198   0.00000000   0.00000000 
 30.70   0.04451940   0.00000000   0.00000000 
 30.71   0.03706207   0.00000000   0.00000000 
 30.72   0.02938387   0.00000000   0.00000000 
 30.73   0.02151915   0.00000000   0.00000000 
 30.74   0.01352093   0.00000000   0.00000000 
 30.75   0.00544470   0.00000000   0.00000000 
 30.76  -0.00266780   0.00000000   0.00000000 
 30.77  -0.01075005   0.00000000   0.00000000 
 30.78  -0.01874123   0.00000000   0.00000000 
 30.79  -0.02661065   0.00000000   0.00000000 
 30.80  -0.03431977   0.00000000   0.00000000 
 30.81  -0.04182390   0.00000000   0.00000000 
 30.82  -0.04907390   0.00000000   0.00000000 
 30.83  -0.05595123   0.00000000   0.00000000 
 30.84  -0.06248097   0.00000000   0.00000000 
 30.85  -0.06862420   0.00000000   0.00000000 
 30.86  -0.07434633   0.00000000   0.00000000 
 30.87  -0.07961478   0.00000000   0.00000000 
 30.88  -0.08439670   0.00000000   0.00000000 
 30.89  -0.08853403   0.00000000   0.00000000 
 30.90  -0.09213563   0.00000000   0.00000000 
 30.91  -0.09517825   0.00000000   0.00000000 
 30.92  -0.09764357   0.00000000   0.00000000 
 30.93  -0.09951827   0.00000000   0.00000000 
 30.94  -0.10079410   0.00000000   0.00000000 
 30.95  -0.10130177   0.00000000   0.00000000 
 30.96  -0.10121670   0.00000000   0.00000000 
 30.97  -0.10057170   0.00000000   0.00000000 
 30.98  -0.09936083   0.00000000   0.00000000 
 30.99  -0.09756828   0.00000000   0.00000000 
 31.00  -0.09519720   0.00000000   0.00000000 
 31.01  -0.09211787   0.00000000   0.00000000 
 31.02  -0.08848367   0.00000000   0.00000000 
 31.03  -0.08430205   0.00000000   0.00000000 
 31.04  -0.07957650   0.00000000   0.00000000 
 31.05  -0.07431228   0.00000000   0.00000000 
 31.06  -0.06852220   0.00000000   0.00000000 
 31.07  -0.06211670   0.00000000   0.00000000 
 31.08  -0.05532873   0.00000000   0.00000000 
 31.09  -0.04824385   0.00000000   0.00000000 
 31.10  -0.04091373   0.00000000   0.00000000 
 31.11  -0.03336508   0.00000000   0.00000000 
 31.12  -0.02560850   0.00000000   0.00000000 
 31.13  -0.01765058   0.00000000   0.00000000 
 31.14  -0.00959253   0.00000000   0.00000000 
 31.15  -0.00148250   0.00000000   0.00000000 
 31.16   0.00661977   0.00000000   0.00000000 
 31.17   0.01465985   0.00000000   0.00000000 
 31.18   0.02260560   0.00000000   0.00000000 
 31.19   0.03039685   0.00000000   0.00000000 
 31.20   0.03799777   0.00000000   0.00000000 
 31.21   0.04536445   0.00000000   0.00000000 
 31.22   0.05245433   0.00000000   0.00000000 
 31.23   0.05922337   0.00000000   0.00000000 
 31.24   0.06562320   0.00000000   0.00000000 
 31.25   0.07150645   0.00000000   0.00000000 
 31.26   0.07695850   0.00000000   0.00000000 
 31.27   0.08194830   0.00000000   0.00000000 
 31.28   0.08644033   0.00000000   0.00000000 
 31.29   0.09040205   0.00000000   0.00000000 
 31.30   0.09381130   0.00000000   0.00000000 
 31.31   0.09650797   0.00000000   0.00000000 
 31.32   0.09861757   0.00000000   0.00000000 
 31.33   0.10013130   0.00000000   0.00000000 
 31.34   0.10104120   0.00000000   0.00000000 
 31.35   0.10134440   0.00000000   0.00000000 
 31.36   0.10104740   0.00000000   0.00000000 
 31.37   0.10005965   0.00000000   0.00000000 
 31.38   0.09848397   0.00000000   0.00000000 
 31.39   0.09632850   0.00000000   0.00000000 
 31.40   0.09359750   0.00000000   0.00000000 
 31.41   0.09029648   0.00000000   0.00000000 
 31.42   0.08643740   0.00000000   0.00000000 
 31.43   0.08189923   0.00000000   0.00000000 
 31.44   0.07681573   0.00000000   0.00000000 
 31.45   0.07120450   0.00000000   0.00000000 
 31.46   0.06510540   0.00000000   0.00000000 
 31.47   0.05857552   0.00000000   0.00000000 
 31.48   0.05168410   0.00000000   0.00000000 
 31.49   0.04446843   0.00000000   0.00000000 
 31.50   0.03702550   0.00000000   0.00000000 
 31.51   0.02935865   0.00000000   0.00000000 
 31.52   0.02150043   0.00000000   0.00000000 
 31.53   0.01350273   0.00000000   0.00000000 
 31.54   0.00542690   0.00000000   0.00000000 
 31.55  -0.00268543   0.00000000   0.00000000 
 31.56  -0.01076103   0.00000000   0.00000000 
 31.57  -0.01875330   0.00000000   0.00000000 
 31.58  -0.02662677   0.00000000   0.00000000 
 31.59  -0.03434637   0.00000000   0.00000000 
 31.60  -0.04186670   0.00000000   0.00000000 
 31.61  -0.04905587   0.00000000   0.00000000 
 31.62  -0.05594077   0.00000000   0.00000000 
 31.63  -0.06248305   0.00000000   0.00000000 
 31.64  -0.06864340   0.00000000   0.00000000 
 31.65  -0.07438458   0.00000000   0.00000000 
 31.66  -0.07967450   0.00000000   0.00000000 
 31.67  -0.08435058   0.00000000   0.00000000 
 31.68  -0.08850760   0.00000000   0.00000000 
 31.69  -0.09212955   0.00000000   0.00000000 
 31.70  -0.09519643   0.00000000   0.00000000 
 31.71  -0.09768793   0.00000000   0.00000000 
 31.72  -0.09958710   0.00000000   0.00000000 
 31.73  -0.10073668   0.00000000   0.00000000 
 31.74  -0.10126787   0.00000000   0.00000000 
 31.75  -0.10121100   0.00000000   0.00000000 
 31.76  -0.10058820   0.00000000   0.00000000 
 31.77  -0.09940360   0.00000000   0.00000000 
 31.78  -0.09763360   0.00000000   0.00000000 
 31.79  -0.09514193   0.00000000   0.00000000 
 31.80  -0.09208580   0.00000000   0.00000000 
 31.81  -0.08847315   0.00000000   0.00000000 
 31.82  -0.08431023   0.00000000   0.00000000 
 31.83  -0.07960233   0.00000000   0.00000000 
 31.84  -0.07435450   0.00000000   0.00000000 
 31.85  -0.06845292   0.00000000   0.00000000 
 31.86  -0.06207367   0.00000000   0.00000000 
 31.87  -0.05530795   0.00000000   0.00000000 
 31.88  -0.04823647   0.00000000   0.00000000 
 31.89  -0.04091773   0.00000000   0.00000000 
 31.90  -0.03337640   0.00000000   0.00000000 
 31.91  -0.02558090   0.00000000   0.00000000 
 31.92  -0.01763400   0.00000000   0.00000000 
 31.93  -0.00958270   0.00000000   0.00000000 
 31.94  -0.00147587   0.00000000   0.00000000 
 31.95   0.00663242   0.00000000   0.00000000 
 31.96   0.01467950   0.00000000   0.00000000 
 31.97   0.02260192   0.00000000   0.00000000 
 31.98   0.03039133   0.00000000   0.00000000 
 31.99   0.03799600   0.00000000   0.00000000 
 32.00   0.04537220   0.00000000   0.00000000 
 32.01   0.05247820   0.00000000   0.00000000 
 32.02   0.05926820   0.00000000   0.00000000 
 32.03   0.06558537   0.00000000   0.00000000 
 32.04   0.07148573   0.00000000   0.00000000 
 32.05   0.07695280   0.00000000   0.00000000 
 32.06   0.08196037   0.00000000   0.00000000 
 32.07   0.08647607   0.00000000   0.00000000 
 32.08   0.09046490   0.00000000   0.00000000 
 32.09   0.09375598   0.00000000   0.00000000 
 32.10   0.09647360   0.00000000   0.00000000 
 32.11   0.09860780   0.00000000   0.00000000 
 32.12   0.10014757   0.00000000   0.00000000 
 32.13   0.10108240   0.00000000   0.00000000 
 32.14   0.10140390   0.00000000   0.00000000 
 32.15   0.10099332   0.00000000   0.00000000 
 32.16   0.10002333   0.00000000   0.00000000 
 32.17   0.09847450   0.00000000   0.00000000 
 32.18   0.09634390   0.00000000   0.00000000 
 32.19   0.09363653   0.00000000   0.00000000 
 32.20   0.09035670   0.00000000   0.00000000 
 32.21   0.08638395   0.00000000   0.00000000 
 32.22   0.08186707   0.00000000   0.00000000 
 32.23   0.07680520   0.00000000   0.00000000 
 32.24   0.07121397   0.00000000   0.00000000 
 32.25   0.06512823   0.00000000   0.00000000 
 32.26   0.05860490   0.00000000   0.00000000 
 32.27   0.05165232   0.00000000   0.00000000 
 32.28   0.04445273   0.00000000   0.00000000 
 32.29   0.03701955   0.00000000   0.00000000 
 32.30   0.02936310   0.00000000   0.00000000 
 32.31   0.02150715   0.00000000   0.00000000 
 32.32   0.01350540   0.00000000   0.00000000 
 32.33   0.00542123   0.00000000   0.00000000 
 32.34  -0.00268453   0.00000000   0.00000000 
 32.35  -0.01075890   0.00000000   0.00000000 
 32.36  -0.01875620   0.00000000   0.00000000 
 32.37  -0.02663773   0.00000000   0.00000000 
 32.38  -0.03437140   0.00000000   0.00000000 
 32.39  -0.04184157   0.00000000   0.00000000 
 32.40  -0.04903793   0.00000000   0.00000000 
 32.41  -0.05593315   0.00000000   0.00000000 
 32.42  -0.06249020   0.00000000   0.00000000 
 32.43  -0.06866903   0.00000000   0.00000000 
 32.44  -0.07443320   0.00000000   0.00000000 
 32.45  -0.07962520   0.00000000   0.00000000 
 32.46  -0.08432000   0.00000000   0.00000000 
 32.47  -0.08849790   0.00000000   0.00000000 
 32.48  -0.09214163   0.00000000   0.00000000 
 32.49  -0.09523312   0.00000000   0.00000000 
 32.50  -0.09775020   0.00000000   0.00000000 
 32.51  -0.09952470   0.00000000   0.00000000 
 32.52  -0.10069947   0.00000000   0.00000000 
 32.53  -0.10125785   0.00000000   0.00000000 
 32.54  -0.10122137   0.00000000   0.00000000 
 32.55  -0.10061890   0.00000000   0.00000000 
 32.56  -0.09945590   0.00000000   0.00000000 
 32.57  -0.09756732   0.00000000   0.00000000 
 32.58  -0.09510260   0.00000000   0.00000000 
 32.59  -0.09206915   0.00000000   0.00000000 
 32.60  -0.08847810   0.00000000   0.00000000 
 32.61  -0.08433898   0.00000000   0.00000000 
 32.62  -0.07965440   0.00000000   0.00000000 
 32.63  -0.07429465   0.00000000   0.00000000 
 32.64  -0.06841703   0.00000000   0.00000000 
 32.65  -0.06206390   0.00000000   0.00000000 
 32.66  -0.05531070   0.00000000   0.00000000 
 32.67  -0.04824303   0.00000000   0.00000000 
 32.68  -0.04093370   0.00000000   0.00000000 
 32.69  -0.03335020   0.00000000   0.00000000 
 32.70  -0.02556543   0.00000000   0.00000000 
 32.71  -0.01762755   0.00000000   0.00000000 
 32.72  -0.00958157   0.00000000   0.00000000 
 32.73  -0.00147347   0.00000000   0.00000000 
 32.74   0.00664570   0.00000000   0.00000000 
 32.75   0.01467337   0.00000000   0.00000000 
 32.76   0.02259523   0.00000000   0.00000000 
 32.77   0.03038780   0.00000000   0.00000000 
 32.78   0.03800427   0.00000000   0.00000000 
 32.79   0.04539275   0.00000000   0.00000000 
 32.80   0.05251450   0.00000000   0.00000000 
 32.81   0.05923225   0.00000000   0.00000000 
 32.82   0.06556193   0.00000000   0.00000000 
 32.83   0.07147785   0.00000000   0.00000000 
 32.84   0.07696220   0.00000000   0.00000000 
 32.85   0.08199345   0.00000000   0.00000000 
 32.86   0.08653470   0.00000000   0.00000000 
 32.87   0.09040753   0.00000000   0.00000000 
 32.88   0.09372130   0.00000000   0.00000000 
 32.89   0.09646280   0.00000000   0.00000000 
 32.90   0.09862120   0.00000000   0.00000000 
 32.91   0.10018647   0.00000000   0.00000000 
 32.92   0.10114780   0.00000000   0.00000000 
 32.93   0.10134047   0.00000000   0.00000000 
 32.94   0.10096060   0.00000000   0.00000000 
 32.95   0.10001160   0.00000000   0.00000000 
 32.96   0.09848713   0.00000000   0.00000000 
 32.97   0.09638083   0.00000000   0.00000000 
 32.98   0.09369600   0.00000000   0.00000000 
 32.99   0.09029808   0.00000000   0.00000000 
 33.00   0.08634850   0.00000000   0.00000000 
 33.01   0.08185165   0.00000000   0.00000000 
 33.02   0.07681037   0.00000000   0.00000000 
 33.03   0.07123665   0.00000000   0.00000000 
 33.04   0.06516240   0.00000000   0.00000000 
 33.05   0.05855957   0.00000000   0.00000000 
 33.06   0.05163273   0.00000000   0.00000000 
 33.07   0.04444425   0.00000000   0.00000000 
 33.08   0.03702020   0.00000000   0.00000000 
 33.09   0.02937123   0.00000000   0.00000000 
 33.10   0.02151340   0.00000000   0.00000000 
 33.11   0.01349448   0.00000000   0.00000000 
 33.12   0.00541597   0.00000000   0.00000000 
 33.13  -0.00268615   0.00000000   0.00000000 
 33.14  -0.01076283   0.00000000   0.00000000 
 33.15  -0.01876513   0.00000000   0.00000000 
 33.16  -0.02665730   0.00000000   0.00000000 
 33.17  -0.03435330   0.00000000   0.00000000 
 33.18  -0.04182657   0.00000000   0.00000000 
 33.19  -0.04903395   0.00000000   0.00000000 
 33.20  -0.05594163   0.00000000   0.00000000 
 33.21  -0.06251607   0.00000000   0.00000000 
 33.22  -0.06871490   0.00000000   0.00000000 
 33.23  -0.07438815   0.00000000   0.00000000 
 33.24  -0.07959520   0.00000000   0.00000000 
 33.25  -0.08430950   0.00000000   0.00000000 
 33.26  -0.08850987   0.00000000   0.00000000 
 33.27  -0.09217785   0.00000000   0.00000000 
 33.28  -0.09529510   0.00000000   0.00000000 
 33.29  -0.09768960   0.00000000   0.00000000 
 33.30  -0.09948803   0.00000000   0.00000000 
 33.31  -0.10068660   0.00000000   0.00000000 
 33.32  -0.10127323   0.00000000   0.00000000 
 33.33  -0.10125397   0.00000000   0.00000000 
 33.34  -0.10067930   0.00000000   0.00000000 
 33.35  -0.09939797   0.00000000   0.00000000 
 33.36  -0.09753257   0.00000000   0.00000000 
 33.37  -0.09508870   0.00000000   0.00000000 
 33.38  -0.09207650   0.00000000   0.00000000 
 33.39  -0.08850653   0.00000000   0.00000000 
 33.40  -0.08438570   0.00000000   0.00000000 
 33.41  -0.07957953   0.00000000   0.00000000 
 33.42  -0.07423750   0.00000000   0.00000000 
 33.43  -0.06837545   0.00000000   0.00000000 
 33.44  -0.06203823   0.00000000   0.00000000 
 33.45  -0.05529633   0.00000000   0.00000000 
 33.46  -0.04824250   0.00000000   0.00000000 
 33.47  -0.04088983   0.00000000   0.00000000 
 33.48  -0.03331643   0.00000000   0.00000000 
 33.49  -0.02554445   0.00000000   0.00000000 
 33.50  -0.01761240   0.00000000   0.00000000 
 33.51  -0.00956645   0.00000000   0.00000000 
 33.52  -0.00145170   0.00000000   0.00000000 
 33.53   0.00665297   0.00000000   0.00000000 
 33.54   0.01467963   0.00000000   0.00000000 
 33.55   0.02260605   0.00000000   0.00000000 
 33.56   0.03040277   0.00000000   0.00000000 
 33.57   0.03802972   0.00000000   0.00000000 
 33.58   0.04543280   0.00000000   0.00000000 
 33.59   0.05249413   0.00000000   0.00000000 
 33.60   0.05921780   0.00000000   0.00000000 
 33.61   0.06556035   0.00000000   0.00000000 
 33.62   0.07149380   0.00000000   0.00000000 
 33.63   0.07699813   0.00000000   0.00000000 
 33.64   0.08205380   0.00000000   0.00000000 
 33.65   0.08648588   0.00000000   0.00000000 
 33.66   0.09037970   0.00000000   0.00000000 
 33.67   0.09371585   0.00000000   0.00000000 
 33.68   0.09648013   0.00000000   0.00000000 
 33.69   0.09866240   0.00000000   0.00000000 
 33.70   0.10025540   0.00000000   0.00000000 
 33.71   0.10108898   0.00000000   0.00000000 
 33.72   0.10130577   0.00000000   0.00000000 
 33.73   0.10095150   0.00000000   0.00000000 
 33.74   0.10002993   0.00000000   0.00000000 
 33.75   0.09852842   0.00000000   0.00000000 
 33.76   0.09644350   0.00000000   0.00000000 
 33.77   0.09363758   0.00000000   0.00000000 
 33.78   0.09026493   0.00000000   0.00000000 
 33.79   0.08633715   0.00000000   0.00000000 
 33.80   0.08186117   0.00000000   0.00000000 
 33.81   0.07684190   0.00000000   0.00000000 
 33.82   0.07128490   0.00000000   0.00000000 
 33.83   0.06511398   0.00000000   0.00000000 
 33.84   0.05853627   0.00000000   0.00000000 
 33.85   0.05162875   0.00000000   0.00000000 
 33.86   0.04444963   0.00000000   0.00000000 
 33.87   0.03703412   0.00000000   0.00000000 
 33.88   0.02939020   0.00000000   0.00000000 
 33.89   0.02149837   0.00000000   0.00000000 
 33.90   0.01348927   0.00000000   0.00000000 
 33.91   0.00541385   0.00000000   0.00000000 
 33.92  -0.00268590   0.00000000   0.00000000 
 33.93  -0.01076757   0.00000000   0.00000000 
 33.94  -0.01877890   0.00000000   0.00000000 
 33.95  -0.02664340   0.00000000   0.00000000 
 33.96  -0.03433970   0.00000000   0.00000000 
 33.97  -0.04181980   0.00000000   0.00000000 
 33.98  -0.04903997   0.00000000   0.00000000 
 33.99  -0.05596243   0.00000000   0.00000000 
 34.00  -0.06255710   0.00000000   0.00000000 
 34.01  -0.06867193   0.00000000   0.00000000 
 34.02  -0.07435943   0.00000000   0.00000000 
 34.03  -0.07958475   0.00000000   0.00000000 
 34.04  -0.08431960   0.00000000   0.00000000 
 34.05  -0.08854217   0.00000000   0.00000000 
 34.06  -0.09223700   0.00000000   0.00000000 
 34.07  -0.09523567   0.00000000   0.00000000 
 34.08  -0.09765260   0.00000000   0.00000000 
 34.09  -0.09947505   0.00000000   0.00000000 
 34.10  -0.10069670   0.00000000   0.00000000 
 34.11  -0.10131192   0.00000000   0.00000000 
 34.12  -0.10131000   0.00000000   0.00000000 
 34.13  -0.10062208   0.00000000   0.00000000 
 34.14  -0.09936237   0.00000000   0.00000000 
 34.15  -0.09752150   0.00000000   0.00000000 
 34.16  -0.09510210   0.00000000   0.00000000 
 34.17  -0.09211327   0.00000000   0.00000000 
 34.18  -0.08856510   0.00000000   0.00000000 
 34.19  -0.08433068   0.00000000   0.00000000 
 34.20  -0.07954967   0.00000000   0.00000000 
 34.21  -0.07423210   0.00000000   0.00000000 
 34.22  -0.06839423   0.00000000   0.00000000 
 34.23  -0.06207172   0.00000000   0.00000000 
 34.24  -0.05533280   0.00000000   0.00000000 
 34.25  -0.04822355   0.00000000   0.00000000 
 34.26  -0.04088117   0.00000000   0.00000000 
 34.27  -0.03331730   0.00000000   0.00000000 
 34.28  -0.02555403   0.00000000   0.00000000 
 34.29  -0.01762507   0.00000000   0.00000000 
 34.30  -0.00957690   0.00000000   0.00000000 
 34.31  -0.00145507   0.00000000   0.00000000 
 34.32   0.00664390   0.00000000   0.00000000 
 34.33   0.01467400   0.00000000   0.00000000 
 34.34   0.02260497   0.00000000   0.00000000 
 34.35   0.03040998   0.00000000   0.00000000 
 34.36   0.03805340   0.00000000   0.00000000 
 34.37   0.04540382   0.00000000   0.00000000 
 34.38   0.05247010   0.00000000   0.00000000 
 34.39   0.05920610   0.00000000   0.00000000 
 34.40   0.06556760   0.00000000   0.00000000 
 34.41   0.07151978   0.00000000   0.00000000 
 34.42   0.07704470   0.00000000   0.00000000 
 34.43   0.08200037   0.00000000   0.00000000 
 34.44   0.08645057   0.00000000   0.00000000 
 34.45   0.09036640   0.00000000   0.00000000 
 34.46   0.09372677   0.00000000   0.00000000 
 34.47   0.09651633   0.00000000   0.00000000 
 34.48   0.09872350   0.00000000   0.00000000 
 34.49   0.10018992   0.00000000   0.00000000 
 34.50   0.10105033   0.00000000   0.00000000 
 34.51   0.10129615   0.00000000   0.00000000 
 34.52   0.10095940   0.00000000   0.00000000 
 34.53   0.10006538   0.00000000   0.00000000 
 34.54   0.09858530   0.00000000   0.00000000 
 34.55   0.09637972   0.00000000   0.00000000 
 34.56   0.09359807   0.00000000   0.00000000 
 34.57   0.09025045   0.00000000   0.00000000 
 34.58   0.08634610   0.00000000   0.00000000 
 34.59   0.08189252   0.00000000   0.00000000 
 34.60   0.07689460   0.00000000   0.00000000 
 34.61   0.07122918   0.00000000   0.00000000 
 34.62   0.06508303   0.00000000   0.00000000 
 34.63   0.05852415   0.00000000   0.00000000 
 34.64   0.05162700   0.00000000   0.00000000 
 34.65   0.04445678   0.00000000   0.00000000 
 34.66   0.03705370   0.00000000   0.00000000 
 34.67   0.02936520   0.00000000   0.00000000 
 34.68   0.02148830   0.00000000   0.00000000 
 34.69   0.01348650   0.00000000   0.00000000 
 34.70   0.00541203   0.00000000   0.00000000 
 34.71  -0.00269067   0.00000000   0.00000000 
 34.72  -0.01078150   0.00000000   0.00000000 
 34.73  -0.01877158   0.00000000   0.00000000 
 34.74  -0.02663660   0.00000000   0.00000000 
 34.75  -0.03433695   0.00000000   0.00000000 
 34.76  -0.04182680   0.00000000   0.00000000 
 34.77  -0.04906120   0.00000000   0.00000000 
 34.78  -0.05600320   0.00000000   0.00000000 
 34.79  -0.06252162   0.00000000   0.00000000 
 34.80  -0.06864857   0.00000000   0.00000000 
 34.81  -0.07435070   0.00000000   0.00000000 
 34.82  -0.07959520   0.00000000   0.00000000 
 34.83  -0.08435257   0.00000000   0.00000000 
 34.84  -0.08859940   0.00000000   0.00000000 
 34.85  -0.09218123   0.00000000   0.00000000 
 34.86  -0.09520040   0.00000000   0.00000000 
 34.87  -0.09764040   0.00000000   0.00000000 
 34.88  -0.09948853   0.00000000   0.00000000 
 34.89  -0.10073533   0.00000000   0.00000000 
 34.90  -0.10137400   0.00000000   0.00000000 
 34.91  -0.10125550   0.00000000   0.00000000 
 34.92  -0.10058840   0.00000000   0.00000000 
 34.93  -0.09935040   0.00000000   0.00000000 
 34.94  -0.09753213   0.00000000   0.00000000 
 34.95  -0.09513407   0.00000000   0.00000000 
 34.96  -0.09216340   0.00000000   0.00000000 
 34.97  -0.08849848   0.00000000   0.00000000 
 34.98  -0.08428610   0.00000000   0.00000000 
 34.99  -0.07952680   0.00000000   0.00000000 
 35.00  -0.07422923   0.00000000   0.00000000 
 35.01  -0.06841033   0.00000000   0.00000000 
 35.02  -0.06209550   0.00000000   0.00000000 
 35.03  -0.05528650   0.00000000   0.00000000 
 35.04  -0.04819810   0.00000000   0.00000000 
 35.05  -0.04086730   0.00000000   0.00000000 
 35.06  -0.03331327   0.00000000   0.00000000 
 35.07  -0.02555407   0.00000000   0.00000000 
 35.08  -0.01762340   0.00000000   0.00000000 
 35.09  -0.00955982   0.00000000   0.00000000 
 35.10  -0.00144850   0.00000000   0.00000000 
 35.11   0.00664735   0.00000000   0.00000000 
 35.12   0.01468073   0.00000000   0.00000000 
 35.13   0.02261813   0.00000000   0.00000000 
 35.14   0.03043680   0.00000000   0.00000000 
 35.15   0.03803563   0.00000000   0.00000000 
 35.16   0.04539267   0.00000000   0.00000000 
 35.17   0.05246820   0.00000000   0.00000000 
 35.18   0.05921767   0.00000000   0.00000000 
 35.19   0.06559697   0.00000000   0.00000000 
 35.20   0.07156780   0.00000000   0.00000000 
 35.21   0.07700188   0.00000000   0.00000000 
 35.22   0.08197257   0.00000000   0.00000000 
 35.23   0.08644255   0.00000000   0.00000000 
 35.24   0.09038133   0.00000000   0.00000000 
 35.25   0.09376558   0.00000000   0.00000000 
 35.26   0.09657950   0.00000000   0.00000000 
 35.27   0.09866350   0.00000000   0.00000000 
 35.28   0.10015283   0.00000000   0.00000000 
 35.29   0.10103850   0.00000000   0.00000000 
 35.30   0.10131457   0.00000000   0.00000000 
 35.31   0.10099438   0.00000000   0.00000000 
 35.32   0.10012680   0.00000000   0.00000000 
 35.33   0.09852397   0.00000000   0.00000000 
 35.34   0.09634733   0.00000000   0.00000000 
 35.35   0.09359335   0.00000000   0.00000000 
 35.36   0.09026887   0.00000000   0.00000000 
 35.37   0.08638635   0.00000000   0.00000000 
 35.38   0.08195910   0.00000000   0.00000000 
 35.39   0.07684902   0.00000000   0.00000000 
 35.40   0.07120793   0.00000000   0.00000000 
 35.41   0.06508675   0.00000000   0.00000000 
 35.42   0.05854530   0.00000000   0.00000000 
 35.43   0.05165248   0.00000000   0.00000000 
 35.44   0.04448640   0.00000000   0.00000000 
 35.45   0.03703673   0.00000000   0.00000000 
 35.46   0.02935987   0.00000000   0.00000000 
 35.47   0.02149375   0.00000000   0.00000000 
 35.48   0.01349520   0.00000000   0.00000000 
 35.49   0.00542132   0.00000000   0.00000000 
 35.50  -0.00268910   0.00000000   0.00000000 
 35.51  -0.01076977   0.00000000   0.00000000 
 35.52  -0.01875810   0.00000000   0.00000000 
 35.53  -0.02662610   0.00000000   0.00000000 
 35.54  -0.03433537   0.00000000   0.00000000 
 35.55  -0.04183990   0.00000000   0.00000000 
 35.56  -0.04908890   0.00000000   0.00000000 
 35.57  -0.05596523   0.00000000   0.00000000 
 35.58  -0.06249483   0.00000000   0.00000000 
 35.59  -0.06863630   0.00000000   0.00000000 
 35.60  -0.07435567   0.00000000   0.00000000 
 35.61  -0.07962225   0.00000000   0.00000000 
 35.62  -0.08440450   0.00000000   0.00000000 
 35.63  -0.08854192   0.00000000   0.00000000 
 35.64  -0.09214313   0.00000000   0.00000000 
 35.65  -0.09518585   0.00000000   0.00000000 
 35.66  -0.09765090   0.00000000   0.00000000 
 35.67  -0.09952430   0.00000000   0.00000000 
 35.68  -0.10079930   0.00000000   0.00000000 
 35.69  -0.10130722   0.00000000   0.00000000 
 35.70  -0.10122180   0.00000000   0.00000000 
 35.71  -0.10057520   0.00000000   0.00000000 
 35.72  -0.09936197   0.00000000   0.00000000 
 35.73  -0.09756682   0.00000000   0.00000000 
 35.74  -0.09519240   0.00000000   0.00000000 
 35.75  -0.09210582   0.00000000   0.00000000 
 35.76  -0.08846570   0.00000000   0.00000000 
 35.77  -0.08427815   0.00000000   0.00000000 
 35.78  -0.07954457   0.00000000   0.00000000 
 35.79  -0.07426985   0.00000000   0.00000000 
 35.80  -0.06847060   0.00000000   0.00000000 
 35.81  -0.06206160   0.00000000   0.00000000 
 35.82  -0.05527673   0.00000000   0.00000000 
 35.83  -0.04820015   0.00000000   0.00000000 
 35.84  -0.04087877   0.00000000   0.00000000 
 35.85  -0.03333430   0.00000000   0.00000000 
 35.86  -0.02557530   0.00000000   0.00000000 
 35.87  -0.01761597   0.00000000   0.00000000 
 35.88  -0.00956090   0.00000000   0.00000000 
 35.89  -0.00145525   0.00000000   0.00000000 
 35.90   0.00664397   0.00000000   0.00000000 
 35.91   0.01468318   0.00000000   0.00000000 
 35.92   0.02262760   0.00000000   0.00000000 
 35.93   0.03041685   0.00000000   0.00000000 
 35.94   0.03801683   0.00000000   0.00000000 
 35.95   0.04538210   0.00000000   0.00000000 
 35.96   0.05247020   0.00000000   0.00000000 
 35.97   0.05923800   0.00000000   0.00000000 
 35.98   0.06563800   0.00000000   0.00000000 
 35.99   0.07152108   0.00000000   0.00000000 
 36.00   0.07697123   0.00000000   0.00000000 
 36.01   0.08195995   0.00000000   0.00000000 
 36.02   0.08645197   0.00000000   0.00000000 
 36.03   0.09041370   0.00000000   0.00000000 
 36.04   0.09382170   0.00000000   0.00000000 
 36.05   0.09651678   0.00000000   0.00000000 
 36.06   0.09862553   0.00000000   0.00000000 
 36.07   0.10013910   0.00000000   0.00000000 
 36.08   0.10104880   0.00000000   0.00000000 
 36.09   0.10135095   0.00000000   0.00000000 
 36.10   0.10105170   0.00000000   0.00000000 
 36.11   0.10006178   0.00000000   0.00000000 
 36.12   0.09848553   0.00000000   0.00000000 
 36.13   0.09633140   0.00000000   0.00000000 
 36.14   0.09360127   0.00000000   0.00000000 
 36.15   0.09029893   0.00000000   0.00000000 
 36.16   0.08643860   0.00000000   0.00000000 
 36.17   0.08189943   0.00000000   0.00000000 
 36.18   0.07681373   0.00000000   0.00000000 
 36.19   0.07119935   0.00000000   0.00000000 
 36.20   0.06509827   0.00000000   0.00000000 
 36.21   0.05856868   0.00000000   0.00000000 
 36.22   0.05167710   0.00000000   0.00000000 
 36.23   0.04446227   0.00000000   0.00000000 
 36.24   0.03702243   0.00000000   0.00000000 
 36.25   0.02935680   0.00000000   0.00000000 
 36.26   0.02149757   0.00000000   0.00000000 
 36.27   0.01349842   0.00000000   0.00000000 
 36.28   0.00542300   0.00000000   0.00000000 
 36.29  -0.00268917   0.00000000   0.00000000 
 36.30  -0.01076453   0.00000000   0.00000000 
 36.31  -0.01875555   0.00000000   0.00000000 
 36.32  -0.02662817   0.00000000   0.00000000 
 36.33  -0.03434857   0.00000000   0.00000000 
 36.34  -0.04186990   0.00000000   0.00000000 
 36.35  -0.04905732   0.00000000   0.00000000 
 36.36  -0.05594173   0.00000000   0.00000000 
 36.37  -0.06248480   0.00000000   0.00000000 
 36.38  -0.06864537   0.00000000   0.00000000 
 36.39  -0.07438508   0.00000000   0.00000000 
 36.40  -0.07967400   0.00000000   0.00000000 
 36.41  -0.08435142   0.00000000   0.00000000 
 36.42  -0.08850837   0.00000000   0.00000000 
 36.43  -0.09213025   0.00000000   0.00000000 
 36.44  -0.09519747   0.00000000   0.00000000 
 36.45  -0.09768918   0.00000000   0.00000000 
 36.46  -0.09958710   0.00000000   0.00000000 
 36.47  -0.10073752   0.00000000   0.00000000 
 36.48  -0.10127000   0.00000000   0.00000000 
 36.49  -0.10121170   0.00000000   0.00000000 
 36.50  -0.10058540   0.00000000   0.00000000 
 36.51  -0.09939752   0.00000000   0.00000000 
 36.52  -0.09762610   0.00000000   0.00000000 
 36.53  -0.09513260   0.00000000   0.00000000 
 36.54  -0.09207250   0.00000000   0.00000000 
 36.55  -0.08845665   0.00000000   0.00000000 
 36.56  -0.08429123   0.00000000   0.00000000 
 36.57  -0.07957958   0.00000000   0.00000000 
 36.58  -0.07432400   0.00000000   0.00000000 
 36.59  -0.06841783   0.00000000   0.00000000 
 36.60  -0.06203773   0.00000000   0.00000000 
 36.61  -0.05527325   0.00000000   0.00000000 
 36.62  -0.04820550   0.00000000   0.00000000 
 36.63  -0.04089262   0.00000000   0.00000000 
 36.64  -0.03335520   0.00000000   0.00000000 
 36.65  -0.02555712   0.00000000   0.00000000 
 36.66  -0.01761003   0.00000000   0.00000000 
 36.67  -0.00956070   0.00000000   0.00000000 
 36.68  -0.00145637   0.00000000   0.00000000 
 36.69   0.00665003   0.00000000   0.00000000 
 36.70   0.01469470   0.00000000   0.00000000 
 36.71   0.02261503   0.00000000   0.00000000 
 36.72   0.03040497   0.00000000   0.00000000 
 36.73   0.03800995   0.00000000   0.00000000 
 36.74   0.04538537   0.00000000   0.00000000 
 36.75   0.05249005   0.00000000   0.00000000 
 36.76   0.05927980   0.00000000   0.00000000 
 36.77   0.06559547   0.00000000   0.00000000 
 36.78   0.07149467   0.00000000   0.00000000 
 36.79   0.07696130   0.00000000   0.00000000 
 36.80   0.08196887   0.00000000   0.00000000 
 36.81   0.08648425   0.00000000   0.00000000 
 36.82   0.09047150   0.00000000   0.00000000 
 36.83   0.09376217   0.00000000   0.00000000 
 36.84   0.09647977   0.00000000   0.00000000 
 36.85   0.09861340   0.00000000   0.00000000 
 36.86   0.10015230   0.00000000   0.00000000 
 36.87   0.10108665   0.00000000   0.00000000 
 36.88   0.10140840   0.00000000   0.00000000 
 36.89   0.10099607   0.00000000   0.00000000 
 36.90   0.10002360   0.00000000   0.00000000 
 36.91   0.09847420   0.00000000   0.00000000 
 36.92   0.09634490   0.00000000   0.00000000 
 36.93   0.09363880   0.00000000   0.00000000 
 36.94   0.09035730   0.00000000   0.00000000 
 36.95   0.08638322   0.00000000   0.00000000 
 36.96   0.08186687   0.00000000   0.00000000 
 36.97   0.07680420   0.00000000   0.00000000 
 36.98   0.07121220   0.00000000   0.00000000 
 36.99   0.06512787   0.00000000   0.00000000 
 37.00   0.05860720   0.00000000   0.00000000 
 37.01   0.05165170   0.00000000   0.00000000 
 37.02   0.04445120   0.00000000   0.00000000 
 37.03   0.03701985   0.00000000   0.00000000 
 37.04   0.02936473   0.00000000   0.00000000 
 37.05   0.02150732   0.00000000   0.00000000 
 37.06   0.01350490   0.00000000   0.00000000 
 37.07   0.00542165   0.00000000   0.00000000 
 37.08  -0.00268520   0.00000000   0.00000000 
 37.09  -0.01075990   0.00000000   0.00000000 
 37.10  -0.01875617   0.00000000   0.00000000 
 37.11  -0.02663650   0.00000000   0.00000000 
 37.12  -0.03437150   0.00000000   0.00000000 
 37.13  -0.04184275   0.00000000   0.00000000 
 37.14  -0.04903847   0.00000000   0.00000000 
 37.15  -0.05593350   0.00000000   0.00000000 
 37.16  -0.06249110   0.00000000   0.00000000 
 37.17  -0.06867010   0.00000000   0.00000000 
 37.18  -0.07443210   0.00000000   0.00000000 
 37.19  -0.07962335   0.00000000   0.00000000 
 37.20  -0.08431847   0.00000000   0.00000000 
 37.21  -0.08849645   0.00000000   0.00000000 
 37.22  -0.09214030   0.00000000   0.00000000 
 37.23  -0.09523242   0.00000000   0.00000000 
 37.24  -0.09775000   0.00000000   0.00000000 
 37.25  -0.09952442   0.00000000   0.00000000 
 37.26  -0.10070003   0.00000000   0.00000000 
 37.27  -0.10125840   0.00000000   0.00000000 
 37.28  -0.10122167   0.00000000   0.00000000 
 37.29  -0.10061993   0.00000000   0.00000000 
 37.30  -0.09945860   0.00000000   0.00000000 
 37.31  -0.09756585   0.00000000   0.00000000 
 37.32  -0.09509563   0.00000000   0.00000000 
 37.33  -0.09205915   0.00000000   0.00000000 
 37.34  -0.08846583   0.00000000   0.00000000 
 37.35  -0.08432248   0.00000000   0.00000000 
 37.36  -0.07963240   0.00000000   0.00000000 
 37.37  -0.07426915   0.00000000   0.00000000 
 37.38  -0.06838757   0.00000000   0.00000000 
 37.39  -0.06203315   0.00000000   0.00000000 
 37.40  -0.05528290   0.00000000   0.00000000 
 37.41  -0.04822123   0.00000000   0.00000000 
 37.42  -0.04091590   0.00000000   0.00000000 
 37.43  -0.03333157   0.00000000   0.00000000 
 37.44  -0.02554697   0.00000000   0.00000000 
 37.45  -0.01760945   0.00000000   0.00000000 
 37.46  -0.00956387   0.00000000   0.00000000 
 37.47  -0.00145715   0.00000000   0.00000000 
 37.48   0.00665710   0.00000000   0.00000000 
 37.49   0.01468477   0.00000000   0.00000000 
 37.50   0.02260823   0.00000000   0.00000000 
 37.51   0.03039960   0.00000000   0.00000000 
 37.52   0.03801353   0.00000000   0.00000000 
 37.53   0.04540147   0.00000000   0.00000000 
 37.54   0.05252580   0.00000000   0.00000000 
 37.55   0.05924080   0.00000000   0.00000000 
 37.56   0.06556820   0.00000000   0.00000000 
 37.57   0.07148415   0.00000000   0.00000000 
 37.58   0.07696913   0.00000000   0.00000000 
 37.59   0.08199983   0.00000000   0.00000000 
 37.60   0.08654100   0.00000000   0.00000000 
 37.61   0.09041433   0.00000000   0.00000000 
 37.62   0.09372667   0.00000000   0.00000000 
 37.63   0.09646660   0.00000000   0.00000000 
 37.64   0.09862477   0.00000000   0.00000000 
 37.65   0.10019102   0.00000000   0.00000000 
 37.66   0.10115160   0.00000000   0.00000000 
 37.67   0.10134335   0.00000000   0.00000000 
 37.68   0.10096470   0.00000000   0.00000000 
 37.69   0.10001590   0.00000000   0.00000000 
 37.70   0.09849103   0.00000000   0.00000000 
 37.71   0.09638527   0.00000000   0.00000000 
 37.72   0.09370210   0.00000000   0.00000000 
 37.73   0.09030602   0.00000000   0.00000000 
 37.74   0.08635873   0.00000000   0.00000000 
 37.75   0.08186605   0.00000000   0.00000000 
 37.76   0.07683010   0.00000000   0.00000000 
 37.77   0.07126122   0.00000000   0.00000000 
 37.78   0.06518980   0.00000000   0.00000000 
 37.79   0.05858613   0.00000000   0.00000000 
 37.80   0.05165493   0.00000000   0.00000000 
 37.81   0.04446225   0.00000000   0.00000000 
 37.82   0.03703680   0.00000000   0.00000000 
 37.83   0.02938923   0.00000000   0.00000000 
 37.84   0.02153140   0.00000000   0.00000000 
 37.85   0.01350940   0.00000000   0.00000000 
 37.86   0.00543007   0.00000000   0.00000000 
 37.87  -0.00267295   0.00000000   0.00000000 
 37.88  -0.01075117   0.00000000   0.00000000 
 37.89  -0.01875492   0.00000000   0.00000000 
 37.90  -0.02664700   0.00000000   0.00000000 
 37.91  -0.03434308   0.00000000   0.00000000 
 37.92  -0.04181683   0.00000000   0.00000000 
 37.93  -0.04902470   0.00000000   0.00000000 
 37.94  -0.05593323   0.00000000   0.00000000 
 37.95  -0.06250918   0.00000000   0.00000000 
 37.96  -0.06870960   0.00000000   0.00000000 
 37.97  -0.07438218   0.00000000   0.00000000 
 37.98  -0.07958917   0.00000000   0.00000000 
 37.99  -0.08430305   0.00000000   0.00000000 
 38.00  -0.08850310   0.00000000   0.00000000 
 38.01  -0.09217152   0.00000000   0.00000000 
 38.02  -0.09528960   0.00000000   0.00000000 
 38.03  -0.09768510   0.00000000   0.00000000 
 38.04  -0.09948387   0.00000000   0.00000000 
 38.05  -0.10068295   0.00000000   0.00000000 
 38.06  -0.10127050   0.00000000   0.00000000 
 38.07  -0.10125213   0.00000000   0.00000000 
 38.08  -0.10067730   0.00000000   0.00000000 
 38.09  -0.09939488   0.00000000   0.00000000 
 38.10  -0.09752820   0.00000000   0.00000000 
 38.11  -0.09508370   0.00000000   0.00000000 
 38.12  -0.09207133   0.00000000   0.00000000 
 38.13  -0.08850165   0.00000000   0.00000000 
 38.14  -0.08438290   0.00000000   0.00000000 
 38.15  -0.07958198   0.00000000   0.00000000 
 38.16  -0.07424593   0.00000000   0.00000000 
 38.17  -0.06838985   0.00000000   0.00000000 
 38.18  -0.06205620   0.00000000   0.00000000 
 38.19  -0.05531337   0.00000000   0.00000000 
 38.20  -0.04825420   0.00000000   0.00000000 
 38.21  -0.04089878   0.00000000   0.00000000 
 38.22  -0.03332483   0.00000000   0.00000000 
 38.23  -0.02555305   0.00000000   0.00000000 
 38.24  -0.01762150   0.00000000   0.00000000 
 38.25  -0.00957585   0.00000000   0.00000000 
 38.26  -0.00145960   0.00000000   0.00000000 
 38.27   0.00664590   0.00000000   0.00000000 
 38.28   0.01467253   0.00000000   0.00000000 
 38.29   0.02259935   0.00000000   0.00000000 
 38.30   0.03039687   0.00000000   0.00000000 
 38.31   0.03802448   0.00000000   0.00000000 
 38.32   0.04542790   0.00000000   0.00000000 
 38.33   0.05248965   0.00000000   0.00000000 
 38.34   0.05921347   0.00000000   0.00000000 
 38.35   0.06555585   0.00000000   0.00000000 
 38.36   0.07148930   0.00000000   0.00000000 
 38.37   0.07699410   0.00000000   0.00000000 
 38.38   0.08205010   0.00000000   0.00000000 
 38.39   0.08648268   0.00000000   0.00000000 
 38.40   0.09037687   0.00000000   0.00000000 
 38.41   0.09371315   0.00000000   0.00000000 
 38.42   0.09647703   0.00000000   0.00000000 
 38.43   0.09865862   0.00000000   0.00000000 
 38.44   0.10025220   0.00000000   0.00000000 
 38.45   0.10108937   0.00000000   0.00000000 
 38.46   0.10130633   0.00000000   0.00000000 
 38.47   0.10094995   0.00000000   0.00000000 
 38.48   0.10002623   0.00000000   0.00000000 
 38.49   0.09852460   0.00000000   0.00000000 
 38.50   0.09644210   0.00000000   0.00000000 
 38.51   0.09363893   0.00000000   0.00000000 
 38.52   0.09026837   0.00000000   0.00000000 
 38.53   0.08634370   0.00000000   0.00000000 
 38.54   0.08187167   0.00000000   0.00000000 
 38.55   0.07685642   0.00000000   0.00000000 
 38.56   0.07130350   0.00000000   0.00000000 
 38.57   0.06513467   0.00000000   0.00000000 
 38.58   0.05855497   0.00000000   0.00000000 
 38.59   0.05164295   0.00000000   0.00000000 
 38.60   0.04446003   0.00000000   0.00000000 
 38.61   0.03704393   0.00000000   0.00000000 
 38.62   0.02940210   0.00000000   0.00000000 
 38.63   0.02151060   0.00000000   0.00000000 
 38.64   0.01350150   0.00000000   0.00000000 
 38.65   0.00542505   0.00000000   0.00000000 
 38.66  -0.00267680   0.00000000   0.00000000 
 38.67  -0.01076082   0.00000000   0.00000000 
 38.68  -0.01877290   0.00000000   0.00000000 
 38.69  -0.02663557   0.00000000   0.00000000 
 38.70  -0.03433210   0.00000000   0.00000000 
 38.71  -0.04181295   0.00000000   0.00000000 
 38.72  -0.04903377   0.00000000   0.00000000 
 38.73  -0.05595698   0.00000000   0.00000000 
 38.74  -0.06255340   0.00000000   0.00000000 
 38.75  -0.06866832   0.00000000   0.00000000 
 38.76  -0.07435517   0.00000000   0.00000000 
 38.77  -0.07958000   0.00000000   0.00000000 
 38.78  -0.08431467   0.00000000   0.00000000 
 38.79  -0.08853708   0.00000000   0.00000000 
 38.80  -0.09223150   0.00000000   0.00000000 
 38.81  -0.09523150   0.00000000   0.00000000 
 38.82  -0.09764963   0.00000000   0.00000000 
 38.83  -0.09947305   0.00000000   0.00000000 
 38.84  -0.10069553   0.00000000   0.00000000 
 38.85  -0.10131155   0.00000000   0.00000000 
 38.86  -0.10131030   0.00000000   0.00000000 
 38.87  -0.10062130   0.00000000   0.00000000 
 38.88  -0.09935997   0.00000000   0.00000000 
 38.89  -0.09751780   0.00000000   0.00000000 
 38.90  -0.09509757   0.00000000   0.00000000 
 38.91  -0.09210877   0.00000000   0.00000000 
 38.92  -0.08856310   0.00000000   0.00000000 
 38.93  -0.08433410   0.00000000   0.00000000 
 38.94  -0.07955957   0.00000000   0.00000000 
 38.95  -0.07424930   0.00000000   0.00000000 
 38.96  -0.06841930   0.00000000   0.00000000 
 38.97  -0.06210322   0.00000000   0.00000000 
 38.98  -0.05536380   0.00000000   0.00000000 
 38.99  -0.04824788   0.00000000   0.00000000 
 39.00  -0.04090090   0.00000000   0.00000000 
 39.01  -0.03333430   0.00000000   0.00000000 
 39.02  -0.02556963   0.00000000   0.00000000 
 39.03  -0.01764020   0.00000000   0.00000000 
 39.04  -0.00959270   0.00000000   0.00000000 
 39.05  -0.00147012   0.00000000   0.00000000 
 39.06   0.00662973   0.00000000   0.00000000 
 39.07   0.01466055   0.00000000   0.00000000 
 39.08   0.02259240   0.00000000   0.00000000 
 39.09   0.03039862   0.00000000   0.00000000 
 39.10   0.03804270   0.00000000   0.00000000 
 39.11   0.04539453   0.00000000   0.00000000 
 39.12   0.05246203   0.00000000   0.00000000 
 39.13   0.05919805   0.00000000   0.00000000 
 39.14   0.06555887   0.00000000   0.00000000 
 39.15   0.07151093   0.00000000   0.00000000 
 39.16   0.07703760   0.00000000   0.00000000 
 39.17   0.08199493   0.00000000   0.00000000 
 39.18   0.08644540   0.00000000   0.00000000 
 39.19   0.09036055   0.00000000   0.00000000 
 39.20   0.09372053   0.00000000   0.00000000 
 39.21   0.09651063   0.00000000   0.00000000 
 39.22   0.09871780   0.00000000   0.00000000 
 39.23   0.10018497   0.00000000   0.00000000 
 39.24   0.10104807   0.00000000   0.00000000 
 39.25   0.10129600   0.00000000   0.00000000 
 39.26   0.10095950   0.00000000   0.00000000 
 39.27   0.10006440   0.00000000   0.00000000 
 39.28   0.09858490   0.00000000   0.00000000 
 39.29   0.09638615   0.00000000   0.00000000 
 39.30   0.09360967   0.00000000   0.00000000 
 39.31   0.09026605   0.00000000   0.00000000 
 39.32   0.08636703   0.00000000   0.00000000 
 39.33   0.08192085   0.00000000   0.00000000 
 39.34   0.07692760   0.00000000   0.00000000 
 39.35   0.07126660   0.00000000   0.00000000 
 39.36   0.06512693   0.00000000   0.00000000 
 39.37   0.05856810   0.00000000   0.00000000 
 39.38   0.05166457   0.00000000   0.00000000 
 39.39   0.04448655   0.00000000   0.00000000 
 39.40   0.03708080   0.00000000   0.00000000 
 39.41   0.02939130   0.00000000   0.00000000 
 39.42   0.02151360   0.00000000   0.00000000 
 39.43   0.01351175   0.00000000   0.00000000 
 39.44   0.00543650   0.00000000   0.00000000 
 39.45  -0.00266887   0.00000000   0.00000000 
 39.46  -0.01076270   0.00000000   0.00000000 
 39.47  -0.01875245   0.00000000   0.00000000 
 39.48  -0.02661813   0.00000000   0.00000000 
 39.49  -0.03432015   0.00000000   0.00000000 
 39.50  -0.04181117   0.00000000   0.00000000 
 39.51  -0.04904548   0.00000000   0.00000000 
 39.52  -0.05598840   0.00000000   0.00000000 
 39.53  -0.06250873   0.00000000   0.00000000 
 39.54  -0.06863687   0.00000000   0.00000000 
 39.55  -0.07434020   0.00000000   0.00000000 
 39.56  -0.07958577   0.00000000   0.00000000 
 39.57  -0.08434335   0.00000000   0.00000000 
 39.58  -0.08858860   0.00000000   0.00000000 
 39.59  -0.09217027   0.00000000   0.00000000 
 39.60  -0.09519200   0.00000000   0.00000000 
 39.61  -0.09763330   0.00000000   0.00000000 
 39.62  -0.09948210   0.00000000   0.00000000 
 39.63  -0.10073072   0.00000000   0.00000000 
 39.64  -0.10137180   0.00000000   0.00000000 
 39.65  -0.10125272   0.00000000   0.00000000 
 39.66  -0.10058523   0.00000000   0.00000000 
 39.67  -0.09934740   0.00000000   0.00000000 
 39.68  -0.09752990   0.00000000   0.00000000 
 39.69  -0.09513313   0.00000000   0.00000000 
 39.70  -0.09216430   0.00000000   0.00000000 
 39.71  -0.08850405   0.00000000   0.00000000 
 39.72  -0.08429740   0.00000000   0.00000000 
 39.73  -0.07954505   0.00000000   0.00000000 
 39.74  -0.07425627   0.00000000   0.00000000 
 39.75  -0.06844675   0.00000000   0.00000000 
 39.76  -0.06213650   0.00000000   0.00000000 
 39.77  -0.05532342   0.00000000   0.00000000 
 39.78  -0.04822820   0.00000000   0.00000000 
 39.79  -0.04089225   0.00000000   0.00000000 
 39.80  -0.03333607   0.00000000   0.00000000 
 39.81  -0.02557700   0.00000000   0.00000000 
 39.82  -0.01764700   0.00000000   0.00000000 
 39.83  -0.00958117   0.00000000   0.00000000 
 39.84  -0.00146707   0.00000000   0.00000000 
 39.85   0.00663045   0.00000000   0.00000000 
 39.86   0.01466433   0.00000000   0.00000000 
 39.87   0.02260192   0.00000000   0.00000000 
 39.88   0.03042150   0.00000000   0.00000000 
 39.89   0.03802092   0.00000000   0.00000000 
 39.90   0.04537907   0.00000000   0.00000000 
 39.91   0.05245605   0.00000000   0.00000000 
 39.92   0.05920673   0.00000000   0.00000000 
 39.93   0.06558672   0.00000000   0.00000000 
 39.94   0.07155830   0.00000000   0.00000000 
 39.95   0.07699255   0.00000000   0.00000000 
 39.96   0.08196413   0.00000000   0.00000000 
 39.97   0.08643450   0.00000000   0.00000000 
 39.98   0.09037297   0.00000000   0.00000000 
 39.99   0.09375700   0.00000000   0.00000000 
 40.00   0.09657250   0.00000000   0.00000000 
 40.01   0.09865742   0.00000000   0.00000000 
 40.02   0.10014680   0.00000000   0.00000000 
 40.03   0.10103300   0.00000000   0.00000000 
 40.04   0.10131067   0.00000000   0.00000000 
 40.05   0.10099278   0.00000000   0.00000000 
 40.06   0.10012670   0.00000000   0.00000000 
 40.07   0.09852495   0.00000000   0.00000000 
 40.08   0.09634880   0.00000000   0.00000000 
 40.09   0.09359615   0.00000000   0.00000000 
 40.10   0.09027477   0.00000000   0.00000000 
 40.11   0.08639672   0.00000000   0.00000000 
 40.12   0.08197280   0.00000000   0.00000000 
 40.13   0.07686655   0.00000000   0.00000000 
 40.14   0.07123037   0.00000000   0.00000000 
 40.15   0.06511175   0.00000000   0.00000000 
 40.16   0.05856967   0.00000000   0.00000000 
 40.17   0.05167383   0.00000000   0.00000000 
 40.18   0.04450400   0.00000000   0.00000000 
 40.19   0.03705167   0.00000000   0.00000000 
 40.20   0.02937447   0.00000000   0.00000000 
 40.21   0.02150875   0.00000000   0.00000000 
 40.22   0.01351013   0.00000000   0.00000000 
 40.23   0.00543530   0.00000000   0.00000000 
 40.24  -0.00267620   0.00000000   0.00000000 
 40.25  -0.01075812   0.00000000   0.00000000 
 40.26  -0.01874803   0.00000000   0.00000000 
 40.27  -0.02661715   0.00000000   0.00000000 
 40.28  -0.03432690   0.00000000   0.00000000 
 40.29  -0.04183148   0.00000000   0.00000000 
 40.30  -0.04908040   0.00000000   0.00000000 
 40.31  -0.05595732   0.00000000   0.00000000 
 40.32  -0.06248710   0.00000000   0.00000000 
 40.33  -0.06862945   0.00000000   0.00000000 
 40.34  -0.07435003   0.00000000   0.00000000 
 40.35  -0.07961727   0.00000000   0.00000000 
 40.36  -0.08439910   0.00000000   0.00000000 
 40.37  -0.08853585   0.00000000   0.00000000 
 40.38  -0.09213720   0.00000000   0.00000000 
 40.39  -0.09518100   0.00000000   0.00000000 
 40.40  -0.09764693   0.00000000   0.00000000 
 40.41  -0.09952032   0.00000000   0.00000000 
 40.42  -0.10079590   0.00000000   0.00000000 
 40.43  -0.10130632   0.00000000   0.00000000 
 40.44  -0.10122013   0.00000000   0.00000000 
 40.45  -0.10057220   0.00000000   0.00000000 
 40.46  -0.09935853   0.00000000   0.00000000 
 40.47  -0.09756452   0.00000000   0.00000000 
 40.48  -0.09519310   0.00000000   0.00000000 
 40.49  -0.09211052   0.00000000   0.00000000 
 40.50  -0.08847480   0.00000000   0.00000000 
 40.51  -0.08429330   0.00000000   0.00000000 
 40.52  -0.07956750   0.00000000   0.00000000 
 40.53  -0.07430132   0.00000000   0.00000000 
 40.54  -0.06850940   0.00000000   0.00000000 
 40.55  -0.06210307   0.00000000   0.00000000 
 40.56  -0.05531420   0.00000000   0.00000000 
 40.57  -0.04822990   0.00000000   0.00000000 
 40.58  -0.04090243   0.00000000   0.00000000 
 40.59  -0.03335705   0.00000000   0.00000000 
 40.60  -0.02559980   0.00000000   0.00000000 
 40.61  -0.01763980   0.00000000   0.00000000 
 40.62  -0.00958300   0.00000000   0.00000000 
 40.63  -0.00147440   0.00000000   0.00000000 
 40.64   0.00662747   0.00000000   0.00000000 
 40.65   0.01466760   0.00000000   0.00000000 
 40.66   0.02261160   0.00000000   0.00000000 
 40.67   0.03040160   0.00000000   0.00000000 
 40.68   0.03800247   0.00000000   0.00000000 
 40.69   0.04536850   0.00000000   0.00000000 
 40.70   0.05245777   0.00000000   0.00000000 
 40.71   0.05922742   0.00000000   0.00000000 
 40.72   0.06562900   0.00000000   0.00000000 
 40.73   0.07151142   0.00000000   0.00000000 
 40.74   0.07696130   0.00000000   0.00000000 
 40.75   0.08195035   0.00000000   0.00000000 
 40.76   0.08644337   0.00000000   0.00000000 
 40.77   0.09040650   0.00000000   0.00000000 
 40.78   0.09381550   0.00000000   0.00000000 
 40.79   0.09651100   0.00000000   0.00000000 
 40.80   0.09861910   0.00000000   0.00000000 
 40.81   0.10013210   0.00000000   0.00000000 
 40.82   0.10104227   0.00000000   0.00000000 
 40.83   0.10134653   0.00000000   0.00000000 
 40.84   0.10105120   0.00000000   0.00000000 
 40.85   0.10006353   0.00000000   0.00000000 
 40.86   0.09848807   0.00000000   0.00000000 
 40.87   0.09633245   0.00000000   0.00000000 
 40.88   0.09360073   0.00000000   0.00000000 
 40.89   0.09029872   0.00000000   0.00000000 
 40.90   0.08643930   0.00000000   0.00000000 
 40.91   0.08189905   0.00000000   0.00000000 
 40.92   0.07681340   0.00000000   0.00000000 
 40.93   0.07120085   0.00000000   0.00000000 
 40.94   0.06510143   0.00000000   0.00000000 
 40.95   0.05857182   0.00000000   0.00000000 
 40.96   0.05168040   0.00000000   0.00000000 
 40.97   0.04446632   0.00000000   0.00000000 
 40.98   0.03702443   0.00000000   0.00000000 
 40.99   0.02935795   0.00000000   0.00000000 
 41.00   0.02149990   0.00000000   0.00000000 
 41.01   0.01350243   0.00000000   0.00000000 
 41.02   0.00542610   0.00000000   0.00000000 
 41.03  -0.00268665   0.00000000   0.00000000 
 41.04  -0.01076227   0.00000000   0.00000000 
 41.05  -0.01875470   0.00000000   0.00000000 
 41.06  -0.02662857   0.00000000   0.00000000 
 41.07  -0.03434855   0.00000000   0.00000000 
 41.08  -0.04186880   0.00000000   0.00000000 
 41.09  -0.04905738   0.00000000   0.00000000 
 41.10  -0.05594170   0.00000000   0.00000000 
 41.11  -0.06248340   0.00000000   0.00000000 
 41.12  -0.06864307   0.00000000   0.00000000 
 41.13  -0.07438367   0.00000000   0.00000000 
 41.14  -0.07967400   0.00000000   0.00000000 
 41.15  -0.08435025   0.00000000   0.00000000 
 41.16  -0.08850677   0.00000000   0.00000000 
 41.17  -0.09212915   0.00000000   0.00000000 
 41.18  -0.09519690   0.00000000   0.00000000 
 41.19  -0.09768862   0.00000000   0.00000000 
 41.20  -0.09958720   0.00000000   0.00000000 
 41.21  -0.10073762   0.00000000   0.00000000 
 41.22  -0.10126923   0.00000000   0.00000000 
 41.23  -0.10121165   0.00000000   0.00000000 
 41.24  -0.10058777   0.00000000   0.00000000 
 41.25  -0.09940248   0.00000000   0.00000000 
 41.26  -0.09763140   0.00000000   0.00000000 
 41.27  -0.09513748   0.00000000   0.00000000 
 41.28  -0.09208090   0.00000000   0.00000000 
 41.29  -0.08846855   0.00000000   0.00000000 
 41.30  -0.08430620   0.00000000   0.00000000 
 41.31  -0.07959898   0.00000000   0.00000000 
 41.32  -0.07435190   0.00000000   0.00000000 
 41.33  -0.06845148   0.00000000   0.00000000 
 41.34  -0.06207373   0.00000000   0.00000000 
 41.35  -0.05530865   0.00000000   0.00000000 
 41.36  -0.04823700   0.00000000   0.00000000 
 41.37  -0.04091763   0.00000000   0.00000000 
 41.38  -0.03337480   0.00000000   0.00000000 
 41.39  -0.02557863   0.00000000   0.00000000 
 41.40  -0.01763180   0.00000000   0.00000000 
 41.41  -0.00958045   0.00000000   0.00000000 
 41.42  -0.00147430   0.00000000   0.00000000 
 41.43   0.00663185   0.00000000   0.00000000 
 41.44   0.01467660   0.00000000   0.00000000 
 41.45   0.02260060   0.00000000   0.00000000 
 41.46   0.03039233   0.00000000   0.00000000 
 41.47   0.03799790   0.00000000   0.00000000 
 41.48   0.04537393   0.00000000   0.00000000 
 41.49   0.05247972   0.00000000   0.00000000 
 41.50   0.05926930   0.00000000   0.00000000 
 41.51   0.06558505   0.00000000   0.00000000 
 41.52   0.07148500   0.00000000   0.00000000 
 41.53   0.07695230   0.00000000   0.00000000 
 41.54   0.08196000   0.00000000   0.00000000 
 41.55   0.08647545   0.00000000   0.00000000 
 41.56   0.09046470   0.00000000   0.00000000 
 41.57   0.09375645   0.00000000   0.00000000 
 41.58   0.09647320   0.00000000   0.00000000 
 41.59   0.09860695   0.00000000   0.00000000 
 41.60   0.10014680   0.00000000   0.00000000 
 41.61   0.10108165   0.00000000   0.00000000 
 41.62   0.10140290   0.00000000   0.00000000 
 41.63   0.10099423   0.00000000   0.00000000 
 41.64   0.10002617   0.00000000   0.00000000 
 41.65   0.09847855   0.00000000   0.00000000 
 41.66   0.09634837   0.00000000   0.00000000 
 41.67   0.09364118   0.00000000   0.00000000 
 41.68   0.09036260   0.00000000   0.00000000 
 41.69   0.08638977   0.00000000   0.00000000 
 41.70   0.08187227   0.00000000   0.00000000 
 41.71   0.07681020   0.00000000   0.00000000 
 41.72   0.07121980   0.00000000   0.00000000 
 41.73   0.06513565   0.00000000   0.00000000 
 41.74   0.05861290   0.00000000   0.00000000 
 41.75   0.05165982   0.00000000   0.00000000 
 41.76   0.04445867   0.00000000   0.00000000 
 41.77   0.03702450   0.00000000   0.00000000 
 41.78   0.02936807   0.00000000   0.00000000 
 41.79   0.02151267   0.00000000   0.00000000 
 41.80   0.01351100   0.00000000   0.00000000 
 41.81   0.00542633   0.00000000   0.00000000 
 41.82  -0.00267967   0.00000000   0.00000000 
 41.83  -0.01075455   0.00000000   0.00000000 
 41.84  -0.01875270   0.00000000   0.00000000 
 41.85  -0.02663502   0.00000000   0.00000000 
 41.86  -0.03436860   0.00000000   0.00000000 
 41.87  -0.04183918   0.00000000   0.00000000 
 41.88  -0.04903630   0.00000000   0.00000000 
 41.89  -0.05593150   0.00000000   0.00000000 
 41.90  -0.06248823   0.00000000   0.00000000 
 41.91  -0.06866702   0.00000000   0.00000000 
 41.92  -0.07443060   0.00000000   0.00000000 
 41.93  -0.07962210   0.00000000   0.00000000 
 41.94  -0.08431633   0.00000000   0.00000000 
 41.95  -0.08849415   0.00000000   0.00000000 
 41.96  -0.09213873   0.00000000   0.00000000 
 41.97  -0.09523182   0.00000000   0.00000000 
 41.98  -0.09774990   0.00000000   0.00000000 
 41.99  -0.09952440   0.00000000   0.00000000 
 42.00  -0.10069957   0.00000000   0.00000000 
 42.01  -0.10125775   0.00000000   0.00000000 
 42.02  -0.10122163   0.00000000   0.00000000 
 42.03  -0.10062143   0.00000000   0.00000000 
 42.04  -0.09946210   0.00000000   0.00000000 
 42.05  -0.09757177   0.00000000   0.00000000 
 42.06  -0.09510470   0.00000000   0.00000000 
 42.07  -0.09207230   0.00000000   0.00000000 
 42.08  -0.08848417   0.00000000   0.00000000 
 42.09  -0.08434698   0.00000000   0.00000000 
 42.10  -0.07966340   0.00000000   0.00000000 
 42.11  -0.07430832   0.00000000   0.00000000 
 42.12  -0.06843403   0.00000000   0.00000000 
 42.13  -0.06208295   0.00000000   0.00000000 
 42.14  -0.05533103   0.00000000   0.00000000 
 42.15  -0.04826345   0.00000000   0.00000000 
 42.16  -0.04095020   0.00000000   0.00000000 
 42.17  -0.03336303   0.00000000   0.00000000 
 42.18  -0.02557933   0.00000000   0.00000000 
 42.19  -0.01764175   0.00000000   0.00000000 
 42.20  -0.00959383   0.00000000   0.00000000 
 42.21  -0.00148335   0.00000000   0.00000000 
 42.22   0.00663440   0.00000000   0.00000000 
 42.23   0.01466282   0.00000000   0.00000000 
 42.24   0.02258650   0.00000000   0.00000000 
 42.25   0.03037885   0.00000000   0.00000000 
 42.26   0.03799497   0.00000000   0.00000000 
 42.27   0.04538557   0.00000000   0.00000000 
 42.28   0.05251090   0.00000000   0.00000000 
 42.29   0.05922640   0.00000000   0.00000000 
 42.30   0.06555403   0.00000000   0.00000000 
 42.31   0.07147030   0.00000000   0.00000000 
 42.32   0.07695617   0.00000000   0.00000000 
 42.33   0.08198833   0.00000000   0.00000000 
 42.34   0.08653050   0.00000000   0.00000000 
 42.35   0.09040467   0.00000000   0.00000000 
 42.36   0.09371723   0.00000000   0.00000000 
 42.37   0.09645725   0.00000000   0.00000000 
 42.38   0.09861597   0.00000000   0.00000000 
 42.39   0.10018348   0.00000000   0.00000000 
 42.40   0.10114540   0.00000000   0.00000000 
 42.41   0.10133715   0.00000000   0.00000000 
 42.42   0.10096030   0.00000000   0.00000000 
 42.43   0.10001480   0.00000000   0.00000000 
 42.44   0.09849220   0.00000000   0.00000000 
 42.45   0.09638618   0.00000000   0.00000000 
 42.46   0.09370310   0.00000000   0.00000000 
 42.47   0.09030893   0.00000000   0.00000000 
 42.48   0.08636150   0.00000000   0.00000000 
 42.49   0.08186780   0.00000000   0.00000000 
 42.50   0.07683180   0.00000000   0.00000000 
 42.51   0.07126400   0.00000000   0.00000000 
 42.52   0.06519100   0.00000000   0.00000000 
 42.53   0.05858525   0.00000000   0.00000000 
 42.54   0.05165510   0.00000000   0.00000000 
 42.55   0.04446290   0.00000000   0.00000000 
 42.56   0.03703663   0.00000000   0.00000000 
 42.57   0.02938840   0.00000000   0.00000000 
 42.58   0.02153290   0.00000000   0.00000000 
 42.59   0.01351032   0.00000000   0.00000000 
 42.60   0.00542960   0.00000000   0.00000000 
 42.61  -0.00267260   0.00000000   0.00000000 
 42.62  -0.01074967   0.00000000   0.00000000 
 42.63  -0.01875433   0.00000000   0.00000000 
 42.64  -0.02664800   0.00000000   0.00000000 
 42.65  -0.03434233   0.00000000   0.00000000 
 42.66  -0.04181693   0.00000000   0.00000000 
 42.67  -0.04902625   0.00000000   0.00000000 
 42.68  -0.05593480   0.00000000   0.00000000 
 42.69  -0.06250880   0.00000000   0.00000000 
 42.70  -0.06870780   0.00000000   0.00000000 
 42.71  -0.07438130   0.00000000   0.00000000 
 42.72  -0.07958853   0.00000000   0.00000000 
 42.73  -0.08430220   0.00000000   0.00000000 
 42.74  -0.08850223   0.00000000   0.00000000 
 42.75  -0.09217122   0.00000000   0.00000000 
 42.76  -0.09528980   0.00000000   0.00000000 
 42.77  -0.09768588   0.00000000   0.00000000 
 42.78  -0.09948483   0.00000000   0.00000000 
 42.79  -0.10068345   0.00000000   0.00000000 
 42.80  -0.10127127   0.00000000   0.00000000 
 42.81  -0.10125452   0.00000000   0.00000000 
 42.82  -0.10068010   0.00000000   0.00000000 
 42.83  -0.09939893   0.00000000   0.00000000 
 42.84  -0.09753590   0.00000000   0.00000000 
 42.85  -0.09509520   0.00000000   0.00000000 
 42.86  -0.09208683   0.00000000   0.00000000 
 42.87  -0.08852230   0.00000000   0.00000000 
 42.88  -0.08441030   0.00000000   0.00000000 
 42.89  -0.07961672   0.00000000   0.00000000 
 42.90  -0.07428793   0.00000000   0.00000000 
 42.91  -0.06843895   0.00000000   0.00000000 
 42.92  -0.06210900   0.00000000   0.00000000 
 42.93  -0.05536342   0.00000000   0.00000000 
 42.94  -0.04829550   0.00000000   0.00000000 
 42.95  -0.04093592   0.00000000   0.00000000 
 42.96  -0.03335873   0.00000000   0.00000000 
 42.97  -0.02558380   0.00000000   0.00000000 
 42.98  -0.01764993   0.00000000   0.00000000 
 42.99  -0.00960352   0.00000000   0.00000000 
 43.00  -0.00148710   0.00000000   0.00000000 
 43.01   0.00662032   0.00000000   0.00000000 
 43.02   0.01464873   0.00000000   0.00000000 
 43.03   0.02257765   0.00000000   0.00000000 
 43.04   0.03037757   0.00000000   0.00000000 
 43.05   0.03800708   0.00000000   0.00000000 
 43.06   0.04541000   0.00000000   0.00000000 
 43.07   0.05247242   0.00000000   0.00000000 
 43.08   0.05919790   0.00000000   0.00000000 
 43.09   0.06554140   0.00000000   0.00000000 
 43.10   0.07147520   0.00000000   0.00000000 
 43.11   0.07698042   0.00000000   0.00000000 
 43.12   0.08203850   0.00000000   0.00000000 
 43.13   0.08647225   0.00000000   0.00000000 
 43.14   0.09036627   0.00000000   0.00000000 
 43.15   0.09370315   0.00000000   0.00000000 
 43.16   0.09646790   0.00000000   0.00000000 
 43.17   0.09864967   0.00000000   0.00000000 
 43.18   0.10024350   0.00000000   0.00000000 
 43.19   0.10108200   0.00000000   0.00000000 
 43.20   0.10130143   0.00000000   0.00000000 
 43.21   0.10094670   0.00000000   0.00000000 
 43.22   0.10002420   0.00000000   0.00000000 
 43.23   0.09852448   0.00000000   0.00000000 
 43.24   0.09644490   0.00000000   0.00000000 
 43.25   0.09364307   0.00000000   0.00000000 
 43.26   0.09027550   0.00000000   0.00000000 
 43.27   0.08635460   0.00000000   0.00000000 
 43.28   0.08188610   0.00000000   0.00000000 
 43.29   0.07687367   0.00000000   0.00000000 
 43.30   0.07132350   0.00000000   0.00000000 
 43.31   0.06515817   0.00000000   0.00000000 
 43.32   0.05857750   0.00000000   0.00000000 
 43.33   0.05166245   0.00000000   0.00000000 
 43.34   0.04447687   0.00000000   0.00000000 
 43.35   0.03705942   0.00000000   0.00000000 
 43.36   0.02941550   0.00000000   0.00000000 
 43.37   0.02152358   0.00000000   0.00000000 
 43.38   0.01351513   0.00000000   0.00000000 
 43.39   0.00543830   0.00000000   0.00000000 
 43.40  -0.00266480   0.00000000   0.00000000 
 43.41  -0.01074983   0.00000000   0.00000000 
 43.42  -0.01876200   0.00000000   0.00000000 
 43.43  -0.02662642   0.00000000   0.00000000 
 43.44  -0.03432397   0.00000000   0.00000000 
 43.45  -0.04180480   0.00000000   0.00000000 
 43.46  -0.04902580   0.00000000   0.00000000 
 43.47  -0.05595008   0.00000000   0.00000000 
 43.48  -0.06254650   0.00000000   0.00000000 
 43.49  -0.06866183   0.00000000   0.00000000 
 43.50  -0.07434937   0.00000000   0.00000000 
 43.51  -0.07957540   0.00000000   0.00000000 
 43.52  -0.08431033   0.00000000   0.00000000 
 43.53  -0.08853157   0.00000000   0.00000000 
 43.54  -0.09222640   0.00000000   0.00000000 
 43.55  -0.09522873   0.00000000   0.00000000 
 43.56  -0.09764640   0.00000000   0.00000000 
 43.57  -0.09946950   0.00000000   0.00000000 
 43.58  -0.10069303   0.00000000   0.00000000 
 43.59  -0.10131090   0.00000000   0.00000000 
 43.60  -0.10130990   0.00000000   0.00000000 
 43.61  -0.10061973   0.00000000   0.00000000 
 43.62  -0.09935817   0.00000000   0.00000000 
 43.63  -0.09751815   0.00000000   0.00000000 
 43.64  -0.09510087   0.00000000   0.00000000 
 43.65  -0.09211370   0.00000000   0.00000000 
 43.66  -0.08856820   0.00000000   0.00000000 
 43.67  -0.08434278   0.00000000   0.00000000 
 43.68  -0.07957123   0.00000000   0.00000000 
 43.69  -0.07426250   0.00000000   0.00000000 
 43.70  -0.06843413   0.00000000   0.00000000 
 43.71  -0.06212032   0.00000000   0.00000000 
 43.72  -0.05537990   0.00000000   0.00000000 
 43.73  -0.04826048   0.00000000   0.00000000 
 43.74  -0.04091333   0.00000000   0.00000000 
 43.75  -0.03334640   0.00000000   0.00000000 
 43.76  -0.02558007   0.00000000   0.00000000 
 43.77  -0.01764860   0.00000000   0.00000000 
 43.78  -0.00960160   0.00000000   0.00000000 
 43.79  -0.00147960   0.00000000   0.00000000 
 43.80   0.00662140   0.00000000   0.00000000 
 43.81   0.01465240   0.00000000   0.00000000 
 43.82   0.02258297   0.00000000   0.00000000 
 43.83   0.03038747   0.00000000   0.00000000 
 43.84   0.03803130   0.00000000   0.00000000 
 43.85   0.04538472   0.00000000   0.00000000 
 43.86   0.05245320   0.00000000   0.00000000 
 43.87   0.05918995   0.00000000   0.00000000 
 43.88   0.06555087   0.00000000   0.00000000 
 43.89   0.07150222   0.00000000   0.00000000 
 43.90   0.07702830   0.00000000   0.00000000 
 43.91   0.08198855   0.00000000   0.00000000 
 43.92   0.08644100   0.00000000   0.00000000 
 43.93   0.09035695   0.00000000   0.00000000 
 43.94   0.09371740   0.00000000   0.00000000 
 43.95   0.09650847   0.00000000   0.00000000 
 43.96   0.09871680   0.00000000   0.00000000 
 43.97   0.10018330   0.00000000   0.00000000 
 43.98   0.10104667   0.00000000   0.00000000 
 43.99   0.10129605   0.00000000   0.00000000 
 44.00   0.10096060   0.00000000   0.00000000 
 44.01   0.10006495   0.00000000   0.00000000 
 44.02   0.09858470   0.00000000   0.00000000 
 44.03   0.09638387   0.00000000   0.00000000 
 44.04   0.09360523   0.00000000   0.00000000 
 44.05   0.09026130   0.00000000   0.00000000 
 44.06   0.08636373   0.00000000   0.00000000 
 44.07   0.08192037   0.00000000   0.00000000 
 44.08   0.07693220   0.00000000   0.00000000 
 44.09   0.07127920   0.00000000   0.00000000 
 44.10   0.06514367   0.00000000   0.00000000 
 44.11   0.05858460   0.00000000   0.00000000 
 44.12   0.05167793   0.00000000   0.00000000 
 44.13   0.04449642   0.00000000   0.00000000 
 44.14   0.03708950   0.00000000   0.00000000 
 44.15   0.02940117   0.00000000   0.00000000 
 44.16   0.02152510   0.00000000   0.00000000 
 44.17   0.01352380   0.00000000   0.00000000 
 44.18   0.00544750   0.00000000   0.00000000 
 44.19  -0.00266002   0.00000000   0.00000000 
 44.20  -0.01075560   0.00000000   0.00000000 
 44.21  -0.01874618   0.00000000   0.00000000 
 44.22  -0.02661257   0.00000000   0.00000000 
 44.23  -0.03431430   0.00000000   0.00000000 
 44.24  -0.04180457   0.00000000   0.00000000 
 44.25  -0.04903870   0.00000000   0.00000000 
 44.26  -0.05598270   0.00000000   0.00000000 
 44.27  -0.06250337   0.00000000   0.00000000 
 44.28  -0.06863163   0.00000000   0.00000000 
 44.29  -0.07433590   0.00000000   0.00000000 
 44.30  -0.07958290   0.00000000   0.00000000 
 44.31  -0.08434170   0.00000000   0.00000000 
 44.32  -0.08858770   0.00000000   0.00000000 
 44.33  -0.09217012   0.00000000   0.00000000 
 44.34  -0.09519313   0.00000000   0.00000000 
 44.35  -0.09763510   0.00000000   0.00000000 
 44.36  -0.09948433   0.00000000   0.00000000 
 44.37  -0.10073405   0.00000000   0.00000000 
 44.38  -0.10137730   0.00000000   0.00000000 
 44.39  -0.10125630   0.00000000   0.00000000 
 44.40  -0.10058550   0.00000000   0.00000000 
 44.41  -0.09934470   0.00000000   0.00000000 
 44.42  -0.09752687   0.00000000   0.00000000 
 44.43  -0.09513287   0.00000000   0.00000000 
 44.44  -0.09216620   0.00000000   0.00000000 
 44.45  -0.08850720   0.00000000   0.00000000 
 44.46  -0.08430860   0.00000000   0.00000000 
 44.47  -0.07956760   0.00000000   0.00000000 
 44.48  -0.07429137   0.00000000   0.00000000 
 44.49  -0.06849433   0.00000000   0.00000000 
 44.50  -0.06219550   0.00000000   0.00000000 
 44.51  -0.05537658   0.00000000   0.00000000 
 44.52  -0.04826893   0.00000000   0.00000000 
 44.53  -0.04092580   0.00000000   0.00000000 
 44.54  -0.03336807   0.00000000   0.00000000 
 44.55  -0.02560892   0.00000000   0.00000000 
 44.56  -0.01767850   0.00000000   0.00000000 
 44.57  -0.00961308   0.00000000   0.00000000 
 44.58  -0.00149727   0.00000000   0.00000000 
 44.59   0.00660320   0.00000000   0.00000000 
 44.60   0.01463930   0.00000000   0.00000000 
 44.61   0.02257767   0.00000000   0.00000000 
 44.62   0.03039950   0.00000000   0.00000000 
 44.63   0.03800158   0.00000000   0.00000000 
 44.64   0.04536073   0.00000000   0.00000000 
 44.65   0.05243905   0.00000000   0.00000000 
 44.66   0.05919160   0.00000000   0.00000000 
 44.67   0.06557300   0.00000000   0.00000000 
 44.68   0.07154400   0.00000000   0.00000000 
 44.69   0.07697908   0.00000000   0.00000000 
 44.70   0.08195297   0.00000000   0.00000000 
 44.71   0.08642515   0.00000000   0.00000000 
 44.72   0.09036477   0.00000000   0.00000000 
 44.73   0.09375008   0.00000000   0.00000000 
 44.74   0.09656800   0.00000000   0.00000000 
 44.75   0.09865392   0.00000000   0.00000000 
 44.76   0.10014323   0.00000000   0.00000000 
 44.77   0.10103025   0.00000000   0.00000000 
 44.78   0.10130970   0.00000000   0.00000000 
 44.79   0.10099317   0.00000000   0.00000000 
 44.80   0.10012550   0.00000000   0.00000000 
 44.81   0.09852108   0.00000000   0.00000000 
 44.82   0.09634147   0.00000000   0.00000000 
 44.83   0.09358500   0.00000000   0.00000000 
 44.84   0.09026177   0.00000000   0.00000000 
 44.85   0.08638535   0.00000000   0.00000000 
 44.86   0.08196460   0.00000000   0.00000000 
 44.87   0.07686235   0.00000000   0.00000000 
 44.88   0.07123357   0.00000000   0.00000000 
 44.89   0.06512090   0.00000000   0.00000000 
 44.90   0.05858027   0.00000000   0.00000000 
 44.91   0.05168163   0.00000000   0.00000000 
 44.92   0.04450980   0.00000000   0.00000000 
 44.93   0.03705522   0.00000000   0.00000000 
 44.94   0.02937770   0.00000000   0.00000000 
 44.95   0.02151335   0.00000000   0.00000000 
 44.96   0.01351600   0.00000000   0.00000000 
 44.97   0.00544067   0.00000000   0.00000000 
 44.98  -0.00267300   0.00000000   0.00000000 
 44.99  -0.01075533   0.00000000   0.00000000 
 45.00  -0.01874493   0.00000000   0.00000000 
 45.01  -0.02661380   0.00000000   0.00000000 
 45.02  -0.03432320   0.00000000   0.00000000 
 45.03  -0.04182715   0.00000000   0.00000000 
 45.04  -0.04907590   0.00000000   0.00000000 
 45.05  -0.05595423   0.00000000   0.00000000 
 45.06  -0.06248410   0.00000000   0.00000000 
 45.07  -0.06862640   0.00000000   0.00000000 
 45.08  -0.07434780   0.00000000   0.00000000 
 45.09  -0.07961662   0.00000000   0.00000000 
 45.10  -0.08439870   0.00000000   0.00000000 
 45.11  -0.08853562   0.00000000   0.00000000 
 45.12  -0.09213833   0.00000000   0.00000000 
 45.13  -0.09518295   0.00000000   0.00000000 
 45.14  -0.09764910   0.00000000   0.00000000 
 45.15  -0.09952302   0.00000000   0.00000000 
 45.16  -0.10080060   0.00000000   0.00000000 
 45.17  -0.10131127   0.00000000   0.00000000 
 45.18  -0.10122387   0.00000000   0.00000000 
 45.19  -0.10057470   0.00000000   0.00000000 
 45.20  -0.09936050   0.00000000   0.00000000 
 45.21  -0.09756658   0.00000000   0.00000000 
 45.22  -0.09519500   0.00000000   0.00000000 
 45.23  -0.09211458   0.00000000   0.00000000 
 45.24  -0.08848397   0.00000000   0.00000000 
 45.25  -0.08430975   0.00000000   0.00000000 
 45.26  -0.07959430   0.00000000   0.00000000 
 45.27  -0.07434248   0.00000000   0.00000000 
 45.28  -0.06856840   0.00000000   0.00000000 
 45.29  -0.06217107   0.00000000   0.00000000 
 45.30  -0.05537807   0.00000000   0.00000000 
 45.31  -0.04828360   0.00000000   0.00000000 
 45.32  -0.04094603   0.00000000   0.00000000 
 45.33  -0.03339512   0.00000000   0.00000000 
 45.34  -0.02563920   0.00000000   0.00000000 
 45.35  -0.01768253   0.00000000   0.00000000 
 45.36  -0.00962367   0.00000000   0.00000000 
 45.37  -0.00151085   0.00000000   0.00000000 
 45.38   0.00659477   0.00000000   0.00000000 
 45.39   0.01463730   0.00000000   0.00000000 
 45.40   0.02258430   0.00000000   0.00000000 
 45.41   0.03037472   0.00000000   0.00000000 
 45.42   0.03797653   0.00000000   0.00000000 
 45.43   0.04534555   0.00000000   0.00000000 
 45.44   0.05243793   0.00000000   0.00000000 
 45.45   0.05920870   0.00000000   0.00000000 
 45.46   0.06561020   0.00000000   0.00000000 
 45.47   0.07149453   0.00000000   0.00000000 
 45.48   0.07694647   0.00000000   0.00000000 
 45.49   0.08193755   0.00000000   0.00000000 
 45.50   0.08643227   0.00000000   0.00000000 
 45.51   0.09039662   0.00000000   0.00000000 
 45.52   0.09380670   0.00000000   0.00000000 
 45.53   0.09650337   0.00000000   0.00000000 
 45.54   0.09861390   0.00000000   0.00000000 
 45.55   0.10012850   0.00000000   0.00000000 
 45.56   0.10103900   0.00000000   0.00000000 
 45.57   0.10134298   0.00000000   0.00000000 
 45.58   0.10104790   0.00000000   0.00000000 
 45.59   0.10005957   0.00000000   0.00000000 
 45.60   0.09848197   0.00000000   0.00000000 
 45.61   0.09632390   0.00000000   0.00000000 
 45.62   0.09359003   0.00000000   0.00000000 
 45.63   0.09028688   0.00000000   0.00000000 
 45.64   0.08642880   0.00000000   0.00000000 
 45.65   0.08189347   0.00000000   0.00000000 
 45.66   0.07681480   0.00000000   0.00000000 
 45.67   0.07121105   0.00000000   0.00000000 
 45.68   0.06511877   0.00000000   0.00000000 
 45.69   0.05859085   0.00000000   0.00000000 
 45.70   0.05169460   0.00000000   0.00000000 
 45.71   0.04447477   0.00000000   0.00000000 
 45.72   0.03703060   0.00000000   0.00000000 
 45.73   0.02936500   0.00000000   0.00000000 
 45.74   0.02150850   0.00000000   0.00000000 
 45.75   0.01351105   0.00000000   0.00000000 
 45.76   0.00543380   0.00000000   0.00000000 
 45.77  -0.00268028   0.00000000   0.00000000 
 45.78  -0.01075670   0.00000000   0.00000000 
 45.79  -0.01874885   0.00000000   0.00000000 
 45.80  -0.02662187   0.00000000   0.00000000 
 45.81  -0.03434128   0.00000000   0.00000000 
 45.82  -0.04186170   0.00000000   0.00000000 
 45.83  -0.04905120   0.00000000   0.00000000 
 45.84  -0.05593670   0.00000000   0.00000000 
 45.85  -0.06247890   0.00000000   0.00000000 
 45.86  -0.06863897   0.00000000   0.00000000 
 45.87  -0.07438063   0.00000000   0.00000000 
 45.88  -0.07967230   0.00000000   0.00000000 
 45.89  -0.08434813   0.00000000   0.00000000 
 45.90  -0.08850483   0.00000000   0.00000000 
 45.91  -0.09212795   0.00000000   0.00000000 
 45.92  -0.09519630   0.00000000   0.00000000 
 45.93  -0.09768828   0.00000000   0.00000000 
 45.94  -0.09958820   0.00000000   0.00000000 
 45.95  -0.10074095   0.00000000   0.00000000 
 45.96  -0.10127310   0.00000000   0.00000000 
 45.97  -0.10121380   0.00000000   0.00000000 
 45.98  -0.10058700   0.00000000   0.00000000 
 45.99  -0.09939912   0.00000000   0.00000000 
 46.00  -0.09762670   0.00000000   0.00000000 
 46.01  -0.09513228   0.00000000   0.00000000 
 46.02  -0.09207553   0.00000000   0.00000000 
 46.03  -0.08846500   0.00000000   0.00000000 
 46.04  -0.08430680   0.00000000   0.00000000 
 46.05  -0.07960573   0.00000000   0.00000000 
 46.06  -0.07436640   0.00000000   0.00000000 
 46.07  -0.06847582   0.00000000   0.00000000 
 46.08  -0.06210370   0.00000000   0.00000000 
 46.09  -0.05533710   0.00000000   0.00000000 
 46.10  -0.04825920   0.00000000   0.00000000 
 46.11  -0.04093367   0.00000000   0.00000000 
 46.12  -0.03338900   0.00000000   0.00000000 
 46.13  -0.02559508   0.00000000   0.00000000 
 46.14  -0.01765043   0.00000000   0.00000000 
 46.15  -0.00960005   0.00000000   0.00000000 
 46.16  -0.00149280   0.00000000   0.00000000 
 46.17   0.00661648   0.00000000   0.00000000 
 46.18   0.01466490   0.00000000   0.00000000 
 46.19   0.02258923   0.00000000   0.00000000 
 46.20   0.03037997   0.00000000   0.00000000 
 46.21   0.03798555   0.00000000   0.00000000 
 46.22   0.04536277   0.00000000   0.00000000 
 46.23   0.05247002   0.00000000   0.00000000 
 46.24   0.05926060   0.00000000   0.00000000 
 46.25   0.06557677   0.00000000   0.00000000 
 46.26   0.07147680   0.00000000   0.00000000 
 46.27   0.07694465   0.00000000   0.00000000 
 46.28   0.08195370   0.00000000   0.00000000 
 46.29   0.08647093   0.00000000   0.00000000 
 46.30   0.09046110   0.00000000   0.00000000 
 46.31   0.09375360   0.00000000   0.00000000 
 46.32   0.09647177   0.00000000   0.00000000 
 46.33   0.09860635   0.00000000   0.00000000 
 46.34   0.10014683   0.00000000   0.00000000 
 46.35   0.10108248   0.00000000   0.00000000 
 46.36   0.10140340   0.00000000   0.00000000 
 46.37   0.10099407   0.00000000   0.00000000 
 46.38   0.10002580   0.00000000   0.00000000 
 46.39   0.09847615   0.00000000   0.00000000 
 46.40   0.09634257   0.00000000   0.00000000 
 46.41   0.09363243   0.00000000   0.00000000 
 46.42   0.09035310   0.00000000   0.00000000 
 46.43   0.08638185   0.00000000   0.00000000 
 46.44   0.08186807   0.00000000   0.00000000 
 46.45   0.07681270   0.00000000   0.00000000 
 46.46   0.07123060   0.00000000   0.00000000 
 46.47   0.06515315   0.00000000   0.00000000 
 46.48   0.05863090   0.00000000   0.00000000 
 46.49   0.05167407   0.00000000   0.00000000 
 46.50   0.04446843   0.00000000   0.00000000 
 46.51   0.03703160   0.00000000   0.00000000 
 46.52   0.02937533   0.00000000   0.00000000 
 46.53   0.02152205   0.00000000   0.00000000 
 46.54   0.01352130   0.00000000   0.00000000 
 46.55   0.00543372   0.00000000   0.00000000 
 46.56  -0.00267347   0.00000000   0.00000000 
 46.57  -0.01074890   0.00000000   0.00000000 
 46.58  -0.01874747   0.00000000   0.00000000 
 46.59  -0.02662990   0.00000000   0.00000000 
 46.60  -0.03436240   0.00000000   0.00000000 
 46.61  -0.04183348   0.00000000   0.00000000 
 46.62  -0.04903197   0.00000000   0.00000000 
 46.63  -0.05592820   0.00000000   0.00000000 
 46.64  -0.06248487   0.00000000   0.00000000 
 46.65  -0.06866297   0.00000000   0.00000000 
 46.66  -0.07442780   0.00000000   0.00000000 
 46.67  -0.07961988   0.00000000   0.00000000 
 46.68  -0.08431390   0.00000000   0.00000000 
 46.69  -0.08849205   0.00000000   0.00000000 
 46.70  -0.09213717   0.00000000   0.00000000 
 46.71  -0.09523035   0.00000000   0.00000000 
 46.72  -0.09774860   0.00000000   0.00000000 
 46.73  -0.09952435   0.00000000   0.00000000 
 46.74  -0.10070137   0.00000000   0.00000000 
 46.75  -0.10126025   0.00000000   0.00000000 
 46.76  -0.10122280   0.00000000   0.00000000 
 46.77  -0.10061930   0.00000000   0.00000000 
 46.78  -0.09945580   0.00000000   0.00000000 
 46.79  -0.09756238   0.00000000   0.00000000 
 46.80  -0.09509290   0.00000000   0.00000000 
 46.81  -0.09205780   0.00000000   0.00000000 
 46.82  -0.08846763   0.00000000   0.00000000 
 46.83  -0.08433002   0.00000000   0.00000000 
 46.84  -0.07964660   0.00000000   0.00000000 
 46.85  -0.07429093   0.00000000   0.00000000 
 46.86  -0.06841833   0.00000000   0.00000000 
 46.87  -0.06206990   0.00000000   0.00000000 
 46.88  -0.05531947   0.00000000   0.00000000 
 46.89  -0.04825140   0.00000000   0.00000000 
 46.90  -0.04093840   0.00000000   0.00000000 
 46.91  -0.03335148   0.00000000   0.00000000 
 46.92  -0.02556843   0.00000000   0.00000000 
 46.93  -0.01763310   0.00000000   0.00000000 
 46.94  -0.00958783   0.00000000   0.00000000 
 46.95  -0.00147890   0.00000000   0.00000000 
 46.96   0.00663810   0.00000000   0.00000000 
 46.97   0.01466660   0.00000000   0.00000000 
 46.98   0.02259110   0.00000000   0.00000000 
 46.99   0.03038410   0.00000000   0.00000000 
 47.00   0.03799957   0.00000000   0.00000000 
 47.01   0.04538832   0.00000000   0.00000000 
 47.02   0.05251340   0.00000000   0.00000000 
 47.03   0.05922982   0.00000000   0.00000000 
 47.04   0.06555697   0.00000000   0.00000000 
 47.05   0.07147240   0.00000000   0.00000000 
 47.06   0.07695790   0.00000000   0.00000000 
 47.07   0.08199033   0.00000000   0.00000000 
 47.08   0.08653250   0.00000000   0.00000000 
 47.09   0.09040642   0.00000000   0.00000000 
 47.10   0.09372080   0.00000000   0.00000000 
 47.11   0.09646245   0.00000000   0.00000000 
 47.12   0.09862137   0.00000000   0.00000000 
 47.13   0.10018803   0.00000000   0.00000000 
 47.14   0.10115070   0.00000000   0.00000000 
 47.15   0.10134312   0.00000000   0.00000000 
 47.16   0.10096360   0.00000000   0.00000000 
 47.17   0.10001470   0.00000000   0.00000000 
 47.18   0.09848977   0.00000000   0.00000000 
 47.19   0.09638267   0.00000000   0.00000000 
 47.20   0.09369750   0.00000000   0.00000000 
 47.21   0.09030267   0.00000000   0.00000000 
 47.22   0.08635777   0.00000000   0.00000000 
 47.23   0.08186795   0.00000000   0.00000000 
 47.24   0.07683597   0.00000000   0.00000000 
 47.25   0.07127278   0.00000000   0.00000000 
 47.26   0.06520820   0.00000000   0.00000000 
 47.27   0.05860420   0.00000000   0.00000000 
 47.28   0.05166947   0.00000000   0.00000000 
 47.29   0.04447320   0.00000000   0.00000000 
 47.30   0.03704513   0.00000000   0.00000000 
 47.31   0.02939638   0.00000000   0.00000000 
 47.32   0.02154030   0.00000000   0.00000000 
 47.33   0.01351963   0.00000000   0.00000000 
 47.34   0.00543877   0.00000000   0.00000000 
 47.35  -0.00266600   0.00000000   0.00000000 
 47.36  -0.01074513   0.00000000   0.00000000 
 47.37  -0.01874908   0.00000000   0.00000000 
 47.38  -0.02664150   0.00000000   0.00000000 
 47.39  -0.03433725   0.00000000   0.00000000 
 47.40  -0.04181120   0.00000000   0.00000000 
 47.41  -0.04902030   0.00000000   0.00000000 
 47.42  -0.05592993   0.00000000   0.00000000 
 47.43  -0.06250563   0.00000000   0.00000000 
 47.44  -0.06870480   0.00000000   0.00000000 
 47.45  -0.07437805   0.00000000   0.00000000 
 47.46  -0.07958563   0.00000000   0.00000000 
 47.47  -0.08429920   0.00000000   0.00000000 
 47.48  -0.08849900   0.00000000   0.00000000 
 47.49  -0.09216847   0.00000000   0.00000000 
 47.50  -0.09528880   0.00000000   0.00000000 
 47.51  -0.09768388   0.00000000   0.00000000 
 47.52  -0.09948370   0.00000000   0.00000000 
 47.53  -0.10068485   0.00000000   0.00000000 
 47.54  -0.10127357   0.00000000   0.00000000 
 47.55  -0.10125420   0.00000000   0.00000000 
 47.56  -0.10067770   0.00000000   0.00000000 
 47.57  -0.09939437   0.00000000   0.00000000 
 47.58  -0.09752710   0.00000000   0.00000000 
 47.59  -0.09508270   0.00000000   0.00000000 
 47.60  -0.09207177   0.00000000   0.00000000 
 47.61  -0.08850508   0.00000000   0.00000000 
 47.62  -0.08439000   0.00000000   0.00000000 
 47.63  -0.07959417   0.00000000   0.00000000 
 47.64  -0.07426447   0.00000000   0.00000000 
 47.65  -0.06841530   0.00000000   0.00000000 
 47.66  -0.06208677   0.00000000   0.00000000 
 47.67  -0.05534462   0.00000000   0.00000000 
 47.68  -0.04828020   0.00000000   0.00000000 
 47.69  -0.04091903   0.00000000   0.00000000 
 47.70  -0.03334227   0.00000000   0.00000000 
 47.71  -0.02557055   0.00000000   0.00000000 
 47.72  -0.01763997   0.00000000   0.00000000 
 47.73  -0.00959443   0.00000000   0.00000000 
 47.74  -0.00147810   0.00000000   0.00000000 
 47.75   0.00662832   0.00000000   0.00000000 
 47.76   0.01465747   0.00000000   0.00000000 
 47.77   0.02258615   0.00000000   0.00000000 
 47.78   0.03038437   0.00000000   0.00000000 
 47.79   0.03801198   0.00000000   0.00000000 
 47.80   0.04541540   0.00000000   0.00000000 
 47.81   0.05247832   0.00000000   0.00000000 
 47.82   0.05920297   0.00000000   0.00000000 
 47.83   0.06554540   0.00000000   0.00000000 
 47.84   0.07147857   0.00000000   0.00000000 
 47.85   0.07698372   0.00000000   0.00000000 
 47.86   0.08204180   0.00000000   0.00000000 
 47.87   0.08647622   0.00000000   0.00000000 
 47.88   0.09037090   0.00000000   0.00000000 
 47.89   0.09370800   0.00000000   0.00000000 
 47.90   0.09647337   0.00000000   0.00000000 
 47.91   0.09865627   0.00000000   0.00000000 
 47.92   0.10024910   0.00000000   0.00000000 
 47.93   0.10108585   0.00000000   0.00000000 
 47.94   0.10130647   0.00000000   0.00000000 
 47.95   0.10095225   0.00000000   0.00000000 
 47.96   0.10002860   0.00000000   0.00000000 
 47.97   0.09852630   0.00000000   0.00000000 
 47.98   0.09644280   0.00000000   0.00000000 
 47.99   0.09363763   0.00000000   0.00000000 
 48.00   0.09026720   0.00000000   0.00000000 
 48.01   0.08634515   0.00000000   0.00000000 
 48.02   0.08187727   0.00000000   0.00000000 
 48.03   0.07686672   0.00000000   0.00000000 
 48.04   0.07131930   0.00000000   0.00000000 
 48.05   0.06515605   0.00000000   0.00000000 
 48.06   0.05857613   0.00000000   0.00000000 
 48.07   0.05166015   0.00000000   0.00000000 
 48.08   0.04447300   0.00000000   0.00000000 
 48.09   0.03705480   0.00000000   0.00000000 
 48.10   0.02941180   0.00000000   0.00000000 
 48.11   0.02152022   0.00000000   0.00000000 
 48.12   0.01351237   0.00000000   0.00000000 
 48.13   0.00543590   0.00000000   0.00000000 
 48.14  -0.00266763   0.00000000   0.00000000 
 48.15  -0.01075357   0.00000000   0.00000000 
 48.16  -0.01876490   0.00000000   0.00000000 
 48.17  -0.02662807   0.00000000   0.00000000 
 48.18  -0.03432537   0.00000000   0.00000000 
 48.19  -0.04180630   0.00000000   0.00000000 
 48.20  -0.04902770   0.00000000   0.00000000 
 48.21  -0.05595253   0.00000000   0.00000000 
 48.22  -0.06254870   0.00000000   0.00000000 
 48.23  -0.06866295   0.00000000   0.00000000 
 48.24  -0.07435107   0.00000000   0.00000000 
 48.25  -0.07957730   0.00000000   0.00000000 
 48.26  -0.08431210   0.00000000   0.00000000 
 48.27  -0.08853337   0.00000000   0.00000000 
 48.28  -0.09222770   0.00000000   0.00000000 
 48.29  -0.09523028   0.00000000   0.00000000 
 48.30  -0.09764780   0.00000000   0.00000000 
 48.31  -0.09947160   0.00000000   0.00000000 
 48.32  -0.10069657   0.00000000   0.00000000 
 48.33  -0.10131527   0.00000000   0.00000000 
 48.34  -0.10131210   0.00000000   0.00000000 
 48.35  -0.10061993   0.00000000   0.00000000 
 48.36  -0.09935763   0.00000000   0.00000000 
 48.37  -0.09751670   0.00000000   0.00000000 
 48.38  -0.09509857   0.00000000   0.00000000 
 48.39  -0.09211152   0.00000000   0.00000000 
 48.40  -0.08856760   0.00000000   0.00000000 
 48.41  -0.08434177   0.00000000   0.00000000 
 48.42  -0.07956980   0.00000000   0.00000000 
 48.43  -0.07426205   0.00000000   0.00000000 
 48.44  -0.06843450   0.00000000   0.00000000 
 48.45  -0.06211995   0.00000000   0.00000000 
 48.46  -0.05537920   0.00000000   0.00000000 
 48.47  -0.04826062   0.00000000   0.00000000 
 48.48  -0.04091203   0.00000000   0.00000000 
 48.49  -0.03334480   0.00000000   0.00000000 
 48.50  -0.02558040   0.00000000   0.00000000 
 48.51  -0.01765167   0.00000000   0.00000000 
 48.52  -0.00960400   0.00000000   0.00000000 
 48.53  -0.00147958   0.00000000   0.00000000 
 48.54   0.00662123   0.00000000   0.00000000 
 48.55   0.01465260   0.00000000   0.00000000 
 48.56   0.02258490   0.00000000   0.00000000 
 48.57   0.03039150   0.00000000   0.00000000 
 48.58   0.03803550   0.00000000   0.00000000 
 48.59   0.04538850   0.00000000   0.00000000 
 48.60   0.05245710   0.00000000   0.00000000 
 48.61   0.05919290   0.00000000   0.00000000 
 48.62   0.06555270   0.00000000   0.00000000 
 48.63   0.07150412   0.00000000   0.00000000 
 48.64   0.07703120   0.00000000   0.00000000 
 48.65   0.08199112   0.00000000   0.00000000 
 48.66   0.08644223   0.00000000   0.00000000 
 48.67   0.09035665   0.00000000   0.00000000 
 48.68   0.09371637   0.00000000   0.00000000 
 48.69   0.09650807   0.00000000   0.00000000 
 48.70   0.09871790   0.00000000   0.00000000 
 48.71   0.10018298   0.00000000   0.00000000 
 48.72   0.10104427   0.00000000   0.00000000 
 48.73   0.10129350   0.00000000   0.00000000 
 48.74   0.10095957   0.00000000   0.00000000 
 48.75   0.10006555   0.00000000   0.00000000 
 48.76   0.09858580   0.00000000   0.00000000 
 48.77   0.09638388   0.00000000   0.00000000 
 48.78   0.09360317   0.00000000   0.00000000 
 48.79   0.09025655   0.00000000   0.00000000 
 48.80   0.08635587   0.00000000   0.00000000 
 48.81   0.08190885   0.00000000   0.00000000 
 48.82   0.07691610   0.00000000   0.00000000 
 48.83   0.07125685   0.00000000   0.00000000 
 48.84   0.06511780   0.00000000   0.00000000 
 48.85   0.05855875   0.00000000   0.00000000 
 48.86   0.05165507   0.00000000   0.00000000 
 48.87   0.04447760   0.00000000   0.00000000 
 48.88   0.03707260   0.00000000   0.00000000 
 48.89   0.02938368   0.00000000   0.00000000 
 48.90   0.02150603   0.00000000   0.00000000 
 48.91   0.01350490   0.00000000   0.00000000 
 48.92   0.00543043   0.00000000   0.00000000 
 48.93  -0.00267503   0.00000000   0.00000000 
 48.94  -0.01076970   0.00000000   0.00000000 
 48.95  -0.01875820   0.00000000   0.00000000 
 48.96  -0.02662323   0.00000000   0.00000000 
 48.97  -0.03432440   0.00000000   0.00000000 
 48.98  -0.04181450   0.00000000   0.00000000 
 48.99  -0.04904858   0.00000000   0.00000000 
 49.00  -0.05599300   0.00000000   0.00000000 
 49.01  -0.06251283   0.00000000   0.00000000 
 49.02  -0.06864000   0.00000000   0.00000000 
 49.03  -0.07434295   0.00000000   0.00000000 
 49.04  -0.07958827   0.00000000   0.00000000 
 49.05  -0.08434517   0.00000000   0.00000000 
 49.06  -0.08859000   0.00000000   0.00000000 
 49.07  -0.09217258   0.00000000   0.00000000 
 49.08  -0.09519483   0.00000000   0.00000000 
 49.09  -0.09763605   0.00000000   0.00000000 
 49.10  -0.09948537   0.00000000   0.00000000 
 49.11  -0.10073550   0.00000000   0.00000000 
 49.12  -0.10137650   0.00000000   0.00000000 
 49.13  -0.10125375   0.00000000   0.00000000 
 49.14  -0.10058507   0.00000000   0.00000000 
 49.15  -0.09934730   0.00000000   0.00000000 
 49.16  -0.09753050   0.00000000   0.00000000 
 49.17  -0.09513530   0.00000000   0.00000000 
 49.18  -0.09217030   0.00000000   0.00000000 
 49.19  -0.08851438   0.00000000   0.00000000 
 49.20  -0.08431140   0.00000000   0.00000000 
 49.21  -0.07956350   0.00000000   0.00000000 
 49.22  -0.07427953   0.00000000   0.00000000 
 49.23  -0.06847358   0.00000000   0.00000000 
 49.24  -0.06216350   0.00000000   0.00000000 
 49.25  -0.05534925   0.00000000   0.00000000 
 49.26  -0.04825080   0.00000000   0.00000000 
 49.27  -0.04091085   0.00000000   0.00000000 
 49.28  -0.03335247   0.00000000   0.00000000 
 49.29  -0.02559437   0.00000000   0.00000000 
 49.30  -0.01766620   0.00000000   0.00000000 
 49.31  -0.00959787   0.00000000   0.00000000 
 49.32  -0.00148147   0.00000000   0.00000000 
 49.33   0.00661745   0.00000000   0.00000000 
 49.34   0.01465283   0.00000000   0.00000000 
 49.35   0.02259220   0.00000000   0.00000000 
 49.36   0.03041070   0.00000000   0.00000000 
 49.37   0.03800870   0.00000000   0.00000000 
 49.38   0.04536910   0.00000000   0.00000000 
 49.39   0.05244825   0.00000000   0.00000000 
 49.40   0.05919890   0.00000000   0.00000000 
 49.41   0.06557707   0.00000000   0.00000000 
 49.42   0.07154890   0.00000000   0.00000000 
 49.43   0.07698490   0.00000000   0.00000000 
 49.44   0.08195763   0.00000000   0.00000000 
 49.45   0.08642885   0.00000000   0.00000000 
 49.46   0.09036753   0.00000000   0.00000000 
 49.47   0.09375122   0.00000000   0.00000000 
 49.48   0.09656730   0.00000000   0.00000000 
 49.49   0.09865455   0.00000000   0.00000000 
 49.50   0.10014367   0.00000000   0.00000000 
 49.51   0.10102880   0.00000000   0.00000000 
 49.52   0.10130697   0.00000000   0.00000000 
 49.53   0.10099165   0.00000000   0.00000000 
 49.54   0.10012640   0.00000000   0.00000000 
 49.55   0.09852257   0.00000000   0.00000000 
 49.56   0.09634347   0.00000000   0.00000000 
 49.57   0.09358770   0.00000000   0.00000000 
 49.58   0.09026433   0.00000000   0.00000000 
 49.59   0.08638605   0.00000000   0.00000000 
 49.60   0.08196230   0.00000000   0.00000000 
 49.61   0.07685538   0.00000000   0.00000000 
 49.62   0.07121940   0.00000000   0.00000000 
 49.63   0.06510150   0.00000000   0.00000000 
 49.64   0.05855990   0.00000000   0.00000000 
 49.65   0.05166422   0.00000000   0.00000000 
 49.66   0.04449580   0.00000000   0.00000000 
 49.67   0.03704405   0.00000000   0.00000000 
 49.68   0.02936637   0.00000000   0.00000000 
 49.69   0.02150085   0.00000000   0.00000000 
 49.70   0.01350323   0.00000000   0.00000000 
 49.71   0.00542935   0.00000000   0.00000000 
 49.72  -0.00268240   0.00000000   0.00000000 
 49.73  -0.01076465   0.00000000   0.00000000 
 49.74  -0.01875370   0.00000000   0.00000000 
 49.75  -0.02662170   0.00000000   0.00000000 
 49.76  -0.03433047   0.00000000   0.00000000 
 49.77  -0.04183433   0.00000000   0.00000000 
 49.78  -0.04908300   0.00000000   0.00000000 
 49.79  -0.05596108   0.00000000   0.00000000 
 49.80  -0.06249043   0.00000000   0.00000000 
 49.81  -0.06863185   0.00000000   0.00000000 
 49.82  -0.07435227   0.00000000   0.00000000 
 49.83  -0.07962007   0.00000000   0.00000000 
 49.84  -0.08440040   0.00000000   0.00000000 
 49.85  -0.08853665   0.00000000   0.00000000 
 49.86  -0.09213910   0.00000000   0.00000000 
 49.87  -0.09518300   0.00000000   0.00000000 
 49.88  -0.09764853   0.00000000   0.00000000 
 49.89  -0.09952267   0.00000000   0.00000000 
 49.90  -0.10080100   0.00000000   0.00000000 
 49.91  -0.10130958   0.00000000   0.00000000 
 49.92  -0.10122250   0.00000000   0.00000000 
 49.93  -0.10057530   0.00000000   0.00000000 
 49.94  -0.09936260   0.00000000   0.00000000 
 49.95  -0.09756780   0.00000000   0.00000000 
 49.96  -0.09519280   0.00000000   0.00000000 
 49.97  -0.09211130   0.00000000   0.00000000 
 49.98  -0.08847733   0.00000000   0.00000000 
 49.99  -0.08429565   0.00000000   0.00000000 
 50.00  -0.07957007   0.00000000   0.00000000 
 50.01  -0.07430723   0.00000000   0.00000000 
 50.02  -0.06852040   0.00000000   0.00000000 
 50.03  -0.06211582   0.00000000   0.00000000 
 50.04  -0.05532857   0.00000000   0.00000000 
 50.05  -0.04824395   0.00000000   0.00000000 
 50.06  -0.04091283   0.00000000   0.00000000 
 50.07  -0.03336237   0.00000000   0.00000000 
 50.08  -0.02560670   0.00000000   0.00000000 
 50.09  -0.01765103   0.00000000   0.00000000 
 50.10  -0.00959237   0.00000000   0.00000000 
 50.11  -0.00148200   0.00000000   0.00000000 
 50.12   0.00661973   0.00000000   0.00000000 
 50.13   0.01465957   0.00000000   0.00000000 
 50.14   0.02260740   0.00000000   0.00000000 
 50.15   0.03039723   0.00000000   0.00000000 
 50.16   0.03799640   0.00000000   0.00000000 
 50.17   0.04536365   0.00000000   0.00000000 
 50.18   0.05245483   0.00000000   0.00000000 
 50.19   0.05922355   0.00000000   0.00000000 
 50.20   0.06562180   0.00000000   0.00000000 
 50.21   0.07150580   0.00000000   0.00000000 
 50.22   0.07695787   0.00000000   0.00000000 
 50.23   0.08194810   0.00000000   0.00000000 
 50.24   0.08644117   0.00000000   0.00000000 
 50.25   0.09040383   0.00000000   0.00000000 
 50.26   0.09381250   0.00000000   0.00000000 
 50.27   0.09650800   0.00000000   0.00000000 
 50.28   0.09861823   0.00000000   0.00000000 
 50.29   0.10013245   0.00000000   0.00000000 
 50.30   0.10104203   0.00000000   0.00000000 
 50.31   0.10134492   0.00000000   0.00000000 
 50.32   0.10105000   0.00000000   0.00000000 
 50.33   0.10006358   0.00000000   0.00000000 
 50.34   0.09848870   0.00000000   0.00000000 
 50.35   0.09633285   0.00000000   0.00000000 
 50.36   0.09360143   0.00000000   0.00000000 
 50.37   0.09030162   0.00000000   0.00000000 
 50.38   0.08644620   0.00000000   0.00000000 
 50.39   0.08190995   0.00000000   0.00000000 
 50.40   0.07682790   0.00000000   0.00000000 
 50.41   0.07122055   0.00000000   0.00000000 
 50.42   0.06512567   0.00000000   0.00000000 
 50.43   0.05859698   0.00000000   0.00000000 
 50.44   0.05170290   0.00000000   0.00000000 
 50.45   0.04448465   0.00000000   0.00000000 
 50.46   0.03703847   0.00000000   0.00000000 
 50.47   0.02937030   0.00000000   0.00000000 
 50.48   0.02151250   0.00000000   0.00000000 
 50.49   0.01351530   0.00000000   0.00000000 
 50.50   0.00543830   0.00000000   0.00000000 
 50.51  -0.00267520   0.00000000   0.00000000 
 50.52  -0.01075143   0.00000000   0.00000000 
 50.53  -0.01874460   0.00000000   0.00000000 
 50.54  -0.02661893   0.00000000   0.00000000 
 50.55  -0.03433888   0.00000000   0.00000000 
 50.56  -0.04185930   0.00000000   0.00000000 
 50.57  -0.04904988   0.00000000   0.00000000 
 50.58  -0.05593540   0.00000000   0.00000000 
 50.59  -0.06247670   0.00000000   0.00000000 
 50.60  -0.06863607   0.00000000   0.00000000 
 50.61  -0.07437792   0.00000000   0.00000000 
 50.62  -0.07966950   0.00000000   0.00000000 
 50.63  -0.08434408   0.00000000   0.00000000 
 50.64  -0.08850087   0.00000000   0.00000000 
 50.65  -0.09212400   0.00000000   0.00000000 
 50.66  -0.09519197   0.00000000   0.00000000 
 50.67  -0.09768357   0.00000000   0.00000000 
 50.68  -0.09958390   0.00000000   0.00000000 
 50.69  -0.10073682   0.00000000   0.00000000 
 50.70  -0.10126787   0.00000000   0.00000000 
 50.71  -0.10120920   0.00000000   0.00000000 
 50.72  -0.10058460   0.00000000   0.00000000 
 50.73  -0.09939892   0.00000000   0.00000000 
 50.74  -0.09762750   0.00000000   0.00000000 
 50.75  -0.09513433   0.00000000   0.00000000 
 50.76  -0.09207957   0.00000000   0.00000000 
 50.77  -0.08846995   0.00000000   0.00000000 
 50.78  -0.08431103   0.00000000   0.00000000 
 50.79  -0.07960760   0.00000000   0.00000000 
 50.80  -0.07436410   0.00000000   0.00000000 
 50.81  -0.06846802   0.00000000   0.00000000 
 50.82  -0.06209213   0.00000000   0.00000000 
 50.83  -0.05532575   0.00000000   0.00000000 
 50.84  -0.04825110   0.00000000   0.00000000 
 50.85  -0.04092895   0.00000000   0.00000000 
 50.86  -0.03338420   0.00000000   0.00000000 
 50.87  -0.02558895   0.00000000   0.00000000 
 50.88  -0.01764317   0.00000000   0.00000000 
 50.89  -0.00959195   0.00000000   0.00000000 
 50.90  -0.00148457   0.00000000   0.00000000 
 50.91   0.00662377   0.00000000   0.00000000 
 50.92   0.01467010   0.00000000   0.00000000 
 50.93   0.02259360   0.00000000   0.00000000 
 50.94   0.03038437   0.00000000   0.00000000 
 50.95   0.03799015   0.00000000   0.00000000 
 50.96   0.04536713   0.00000000   0.00000000 
 50.97   0.05247343   0.00000000   0.00000000 
 50.98   0.05926260   0.00000000   0.00000000 
 50.99   0.06557893   0.00000000   0.00000000 
 51.00   0.07147953   0.00000000   0.00000000 
 51.01   0.07694790   0.00000000   0.00000000 
 51.02   0.08195683   0.00000000   0.00000000 
 51.03   0.08647292   0.00000000   0.00000000 
 51.04   0.09046100   0.00000000   0.00000000 
 51.05   0.09375208   0.00000000   0.00000000 
 51.06   0.09647050   0.00000000   0.00000000 
 51.07   0.09860515   0.00000000   0.00000000 
 51.08   0.10014473   0.00000000   0.00000000 
 51.09   0.10107940   0.00000000   0.00000000 
 51.10   0.10140240   0.00000000   0.00000000 
 51.11   0.10099407   0.00000000   0.00000000 
 51.12   0.10002467   0.00000000   0.00000000 
 51.13   0.09847585   0.00000000   0.00000000 
 51.14   0.09634493   0.00000000   0.00000000 
 51.15   0.09363698   0.00000000   0.00000000 
 51.16   0.09035690   0.00000000   0.00000000 
 51.17   0.08638473   0.00000000   0.00000000 
 51.18   0.08186850   0.00000000   0.00000000 
 51.19   0.07680720   0.00000000   0.00000000 
 51.20   0.07121717   0.00000000   0.00000000 
 51.21   0.06513328   0.00000000   0.00000000 
 51.22   0.05861020   0.00000000   0.00000000 
 51.23   0.05165553   0.00000000   0.00000000 
 51.24   0.04445480   0.00000000   0.00000000 
 51.25   0.03702175   0.00000000   0.00000000 
 51.26   0.02936550   0.00000000   0.00000000 
 51.27   0.02150900   0.00000000   0.00000000 
 51.28   0.01350750   0.00000000   0.00000000 
 51.29   0.00542358   0.00000000   0.00000000 
 51.30  -0.00268307   0.00000000   0.00000000 
 51.31  -0.01075825   0.00000000   0.00000000 
 51.32  -0.01875567   0.00000000   0.00000000 
 51.33  -0.02663668   0.00000000   0.00000000 
 51.34  -0.03437010   0.00000000   0.00000000 
 51.35  -0.04184093   0.00000000   0.00000000 
 51.36  -0.04903830   0.00000000   0.00000000 
 51.37  -0.05593405   0.00000000   0.00000000 
 51.38  -0.06249070   0.00000000   0.00000000 
 51.39  -0.06866842   0.00000000   0.00000000 
 51.40  -0.07443200   0.00000000   0.00000000 
 51.41  -0.07962350   0.00000000   0.00000000 
 51.42  -0.08431680   0.00000000   0.00000000 
 51.43  -0.08849400   0.00000000   0.00000000 
 51.44  -0.09213850   0.00000000   0.00000000 
 51.45  -0.09523152   0.00000000   0.00000000 
 51.46  -0.09774860   0.00000000   0.00000000 
 51.47  -0.09952393   0.00000000   0.00000000 
 51.48  -0.10070060   0.00000000   0.00000000 
 51.49  -0.10125885   0.00000000   0.00000000 
 51.50  -0.10122227   0.00000000   0.00000000 
 51.51  -0.10062217   0.00000000   0.00000000 
 51.52  -0.09946200   0.00000000   0.00000000 
 51.53  -0.09756975   0.00000000   0.00000000 
 51.54  -0.09510037   0.00000000   0.00000000 
 51.55  -0.09206520   0.00000000   0.00000000 
 51.56  -0.08847367   0.00000000   0.00000000 
 51.57  -0.08433238   0.00000000   0.00000000 
 51.58  -0.07964430   0.00000000   0.00000000 
 51.59  -0.07428480   0.00000000   0.00000000 
 51.60  -0.06840583   0.00000000   0.00000000 
 51.61  -0.06205190   0.00000000   0.00000000 
 51.62  -0.05530073   0.00000000   0.00000000 
 51.63  -0.04823735   0.00000000   0.00000000 
 51.64  -0.04092810   0.00000000   0.00000000 
 51.65  -0.03334227   0.00000000   0.00000000 
 51.66  -0.02555990   0.00000000   0.00000000 
 51.67  -0.01762320   0.00000000   0.00000000 
 51.68  -0.00957583   0.00000000   0.00000000 
 51.69  -0.00146648   0.00000000   0.00000000 
 51.70   0.00664760   0.00000000   0.00000000 
 51.71   0.01467510   0.00000000   0.00000000 
 51.72   0.02259960   0.00000000   0.00000000 
 51.73   0.03039175   0.00000000   0.00000000 
 51.74   0.03800670   0.00000000   0.00000000 
 51.75   0.04539632   0.00000000   0.00000000 
 51.76   0.05252140   0.00000000   0.00000000 
 51.77   0.05923482   0.00000000   0.00000000 
 51.78   0.06556110   0.00000000   0.00000000 
 51.79   0.07147720   0.00000000   0.00000000 
 51.80   0.07696357   0.00000000   0.00000000 
 51.81   0.08199598   0.00000000   0.00000000 
 51.82   0.08653740   0.00000000   0.00000000 
 51.83   0.09040990   0.00000000   0.00000000 
 51.84   0.09372187   0.00000000   0.00000000 
 51.85   0.09646220   0.00000000   0.00000000 
 51.86   0.09862110   0.00000000   0.00000000 
 51.87   0.10018798   0.00000000   0.00000000 
 51.88   0.10114940   0.00000000   0.00000000 
 51.89   0.10134173   0.00000000   0.00000000 
 51.90   0.10096260   0.00000000   0.00000000 
 51.91   0.10001305   0.00000000   0.00000000 
 51.92   0.09848710   0.00000000   0.00000000 
 51.93   0.09637950   0.00000000   0.00000000 
 51.94   0.09369350   0.00000000   0.00000000 
 51.95   0.09029392   0.00000000   0.00000000 
 51.96   0.08634293   0.00000000   0.00000000 
 51.97   0.08184600   0.00000000   0.00000000 
 51.98   0.07680453   0.00000000   0.00000000 
 51.99   0.07122918   0.00000000   0.00000000 
 52.00   0.06515310   0.00000000   0.00000000 
 52.01   0.05854902   0.00000000   0.00000000 
 52.02   0.05162107   0.00000000   0.00000000 
 52.03   0.04443350   0.00000000   0.00000000 
 52.04   0.03701200   0.00000000   0.00000000 
 52.05   0.02936513   0.00000000   0.00000000 
 52.06   0.02150580   0.00000000   0.00000000 
 52.07   0.01348638   0.00000000   0.00000000 
 52.08   0.00540930   0.00000000   0.00000000 
 52.09  -0.00269260   0.00000000   0.00000000 
 52.10  -0.01076997   0.00000000   0.00000000 
 52.11  -0.01877213   0.00000000   0.00000000 
 52.12  -0.02666230   0.00000000   0.00000000 
 52.13  -0.03435738   0.00000000   0.00000000 
 52.14  -0.04183100   0.00000000   0.00000000 
 52.15  -0.04903875   0.00000000   0.00000000 
 52.16  -0.05594663   0.00000000   0.00000000 
 52.17  -0.06252120   0.00000000   0.00000000 
 52.18  -0.06871970   0.00000000   0.00000000 
 52.19  -0.07439087   0.00000000   0.00000000 
 52.20  -0.07959690   0.00000000   0.00000000 
 52.21  -0.08430980   0.00000000   0.00000000 
 52.22  -0.08850920   0.00000000   0.00000000 
 52.23  -0.09217787   0.00000000   0.00000000 
 52.24  -0.09529720   0.00000000   0.00000000 
 52.25  -0.09769062   0.00000000   0.00000000 
 52.26  -0.09948923   0.00000000   0.00000000 
 52.27  -0.10068945   0.00000000   0.00000000 
 52.28  -0.10127730   0.00000000   0.00000000 
 52.29  -0.10125723   0.00000000   0.00000000 
 52.30  -0.10068090   0.00000000   0.00000000 
 52.31  -0.09939773   0.00000000   0.00000000 
 52.32  -0.09753230   0.00000000   0.00000000 
 52.33  -0.09508980   0.00000000   0.00000000 
 52.34  -0.09207940   0.00000000   0.00000000 
 52.35  -0.08851160   0.00000000   0.00000000 
 52.36  -0.08439560   0.00000000   0.00000000 
 52.37  -0.07959477   0.00000000   0.00000000 
 52.38  -0.07425873   0.00000000   0.00000000 
 52.39  -0.06840330   0.00000000   0.00000000 
 52.40  -0.06207023   0.00000000   0.00000000 
 52.41  -0.05532677   0.00000000   0.00000000 
 52.42  -0.04826510   0.00000000   0.00000000 
 52.43  -0.04090802   0.00000000   0.00000000 
 52.44  -0.03333373   0.00000000   0.00000000 
 52.45  -0.02556205   0.00000000   0.00000000 
 52.46  -0.01763017   0.00000000   0.00000000 
 52.47  -0.00958365   0.00000000   0.00000000 
 52.48  -0.00146740   0.00000000   0.00000000 
 52.49   0.00663860   0.00000000   0.00000000 
 52.50   0.01466660   0.00000000   0.00000000 
 52.51   0.02259375   0.00000000   0.00000000 
 52.52   0.03039130   0.00000000   0.00000000 
 52.53   0.03801980   0.00000000   0.00000000 
 52.54   0.04542430   0.00000000   0.00000000 
 52.55   0.05248580   0.00000000   0.00000000 
 52.56   0.05920897   0.00000000   0.00000000 
 52.57   0.06555070   0.00000000   0.00000000 
 52.58   0.07148387   0.00000000   0.00000000 
 52.59   0.07698938   0.00000000   0.00000000 
 52.60   0.08204830   0.00000000   0.00000000 
 52.61   0.08648088   0.00000000   0.00000000 
 52.62   0.09037307   0.00000000   0.00000000 
 52.63   0.09370865   0.00000000   0.00000000 
 52.64   0.09647373   0.00000000   0.00000000 
 52.65   0.09865677   0.00000000   0.00000000 
 52.66   0.10024860   0.00000000   0.00000000 
 52.67   0.10108402   0.00000000   0.00000000 
 52.68   0.10130450   0.00000000   0.00000000 
 52.69   0.10095100   0.00000000   0.00000000 
 52.70   0.10002810   0.00000000   0.00000000 
 52.71   0.09852618   0.00000000   0.00000000 
 52.72   0.09644360   0.00000000   0.00000000 
 52.73   0.09363752   0.00000000   0.00000000 
 52.74   0.09026383   0.00000000   0.00000000 
 52.75   0.08633690   0.00000000   0.00000000 
 52.76   0.08186223   0.00000000   0.00000000 
 52.77   0.07684242   0.00000000   0.00000000 
 52.78   0.07128300   0.00000000   0.00000000 
 52.79   0.06511108   0.00000000   0.00000000 
 52.80   0.05853097   0.00000000   0.00000000 
 52.81   0.05162085   0.00000000   0.00000000 
 52.82   0.04444193   0.00000000   0.00000000 
 52.83   0.03702997   0.00000000   0.00000000 
 52.84   0.02938680   0.00000000   0.00000000 
 52.85   0.02149213   0.00000000   0.00000000 
 52.86   0.01348540   0.00000000   0.00000000 
 52.87   0.00541200   0.00000000   0.00000000 
 52.88  -0.00268863   0.00000000   0.00000000 
 52.89  -0.01077297   0.00000000   0.00000000 
 52.90  -0.01878330   0.00000000   0.00000000 
 52.91  -0.02664622   0.00000000   0.00000000 
 52.92  -0.03434287   0.00000000   0.00000000 
 52.93  -0.04182255   0.00000000   0.00000000 
 52.94  -0.04904237   0.00000000   0.00000000 
 52.95  -0.05596588   0.00000000   0.00000000 
 52.96  -0.06256180   0.00000000   0.00000000 
 52.97  -0.06867547   0.00000000   0.00000000 
 52.98  -0.07436127   0.00000000   0.00000000 
 52.99  -0.07958540   0.00000000   0.00000000 
 53.00  -0.08431920   0.00000000   0.00000000 
 53.01  -0.08854057   0.00000000   0.00000000 
 53.02  -0.09223540   0.00000000   0.00000000 
 53.03  -0.09523648   0.00000000   0.00000000 
 53.04  -0.09765257   0.00000000   0.00000000 
 53.05  -0.09947555   0.00000000   0.00000000 
 53.06  -0.10069917   0.00000000   0.00000000 
 53.07  -0.10131558   0.00000000   0.00000000 
 53.08  -0.10131200   0.00000000   0.00000000 
 53.09  -0.10062317   0.00000000   0.00000000 
 53.10  -0.09936240   0.00000000   0.00000000 
 53.11  -0.09751975   0.00000000   0.00000000 
 53.12  -0.09509890   0.00000000   0.00000000 
 53.13  -0.09211062   0.00000000   0.00000000 
 53.14  -0.08856620   0.00000000   0.00000000 
 53.15  -0.08433337   0.00000000   0.00000000 
 53.16  -0.07955427   0.00000000   0.00000000 
 53.17  -0.07423935   0.00000000   0.00000000 
 53.18  -0.06840367   0.00000000   0.00000000 
 53.19  -0.06208163   0.00000000   0.00000000 
 53.20  -0.05534180   0.00000000   0.00000000 
 53.21  -0.04823155   0.00000000   0.00000000 
 53.22  -0.04088570   0.00000000   0.00000000 
 53.23  -0.03332015   0.00000000   0.00000000 
 53.24  -0.02555800   0.00000000   0.00000000 
 53.25  -0.01763093   0.00000000   0.00000000 
 53.26  -0.00958060   0.00000000   0.00000000 
 53.27  -0.00145718   0.00000000   0.00000000 
 53.28   0.00663983   0.00000000   0.00000000 
 53.29   0.01466915   0.00000000   0.00000000 
 53.30   0.02260083   0.00000000   0.00000000 
 53.31   0.03040635   0.00000000   0.00000000 
 53.32   0.03804860   0.00000000   0.00000000 
 53.33   0.04540277   0.00000000   0.00000000 
 53.34   0.05247060   0.00000000   0.00000000 
 53.35   0.05920415   0.00000000   0.00000000 
 53.36   0.06556243   0.00000000   0.00000000 
 53.37   0.07151447   0.00000000   0.00000000 
 53.38   0.07704230   0.00000000   0.00000000 
 53.39   0.08200005   0.00000000   0.00000000 
 53.40   0.08644973   0.00000000   0.00000000 
 53.41   0.09036375   0.00000000   0.00000000 
 53.42   0.09372260   0.00000000   0.00000000 
 53.43   0.09651207   0.00000000   0.00000000 
 53.44   0.09872040   0.00000000   0.00000000 
 53.45   0.10018665   0.00000000   0.00000000 
 53.46   0.10104663   0.00000000   0.00000000 
 53.47   0.10129465   0.00000000   0.00000000 
 53.48   0.10096107   0.00000000   0.00000000 
 53.49   0.10006860   0.00000000   0.00000000 
 53.50   0.09858860   0.00000000   0.00000000 
 53.51   0.09638360   0.00000000   0.00000000 
 53.52   0.09360133   0.00000000   0.00000000 
 53.53   0.09025170   0.00000000   0.00000000 
 53.54   0.08634520   0.00000000   0.00000000 
 53.55   0.08188987   0.00000000   0.00000000 
 53.56   0.07688820   0.00000000   0.00000000 
 53.57   0.07121787   0.00000000   0.00000000 
 53.58   0.06507260   0.00000000   0.00000000 
 53.59   0.05851525   0.00000000   0.00000000 
 53.60   0.05161887   0.00000000   0.00000000 
 53.61   0.04444910   0.00000000   0.00000000 
 53.62   0.03704660   0.00000000   0.00000000 
 53.63   0.02935718   0.00000000   0.00000000 
 53.64   0.02147970   0.00000000   0.00000000 
 53.65   0.01347945   0.00000000   0.00000000 
 53.66   0.00540693   0.00000000   0.00000000 
 53.67  -0.00269568   0.00000000   0.00000000 
 53.68  -0.01078810   0.00000000   0.00000000 
 53.69  -0.01877710   0.00000000   0.00000000 
 53.70  -0.02664177   0.00000000   0.00000000 
 53.71  -0.03434160   0.00000000   0.00000000 
 53.72  -0.04183057   0.00000000   0.00000000 
 53.73  -0.04906425   0.00000000   0.00000000 
 53.74  -0.05600700   0.00000000   0.00000000 
 53.75  -0.06252517   0.00000000   0.00000000 
 53.76  -0.06865207   0.00000000   0.00000000 
 53.77  -0.07435365   0.00000000   0.00000000 
 53.78  -0.07959700   0.00000000   0.00000000 
 53.79  -0.08435293   0.00000000   0.00000000 
 53.80  -0.08859860   0.00000000   0.00000000 
 53.81  -0.09218135   0.00000000   0.00000000 
 53.82  -0.09520130   0.00000000   0.00000000 
 53.83  -0.09764110   0.00000000   0.00000000 
 53.84  -0.09948963   0.00000000   0.00000000 
 53.85  -0.10073820   0.00000000   0.00000000 
 53.86  -0.10137670   0.00000000   0.00000000 
 53.87  -0.10125537   0.00000000   0.00000000 
 53.88  -0.10058830   0.00000000   0.00000000 
 53.89  -0.09935065   0.00000000   0.00000000 
 53.90  -0.09753143   0.00000000   0.00000000 
 53.91  -0.09513165   0.00000000   0.00000000 
 53.92  -0.09216240   0.00000000   0.00000000 
 53.93  -0.08849823   0.00000000   0.00000000 
 53.94  -0.08428313   0.00000000   0.00000000 
 53.95  -0.07952075   0.00000000   0.00000000 
 53.96  -0.07421987   0.00000000   0.00000000 
 53.97  -0.06839677   0.00000000   0.00000000 
 53.98  -0.06207760   0.00000000   0.00000000 
 53.99  -0.05527052   0.00000000   0.00000000 
 54.00  -0.04818577   0.00000000   0.00000000 
 54.01  -0.04085695   0.00000000   0.00000000 
 54.02  -0.03330403   0.00000000   0.00000000 
 54.03  -0.02554652   0.00000000   0.00000000 
 54.04  -0.01761660   0.00000000   0.00000000 
 54.05  -0.00954927   0.00000000   0.00000000 
 54.06  -0.00143733   0.00000000   0.00000000 
 54.07   0.00665625   0.00000000   0.00000000 
 54.08   0.01468773   0.00000000   0.00000000 
 54.09   0.02262548   0.00000000   0.00000000 
 54.10   0.03044290   0.00000000   0.00000000 
 54.11   0.03803973   0.00000000   0.00000000 
 54.12   0.04539797   0.00000000   0.00000000 
 54.13   0.05247415   0.00000000   0.00000000 
 54.14   0.05922260   0.00000000   0.00000000 
 54.15   0.06560015   0.00000000   0.00000000 
 54.16   0.07157090   0.00000000   0.00000000 
 54.17   0.07700490   0.00000000   0.00000000 
 54.18   0.08197583   0.00000000   0.00000000 
 54.19   0.08644555   0.00000000   0.00000000 
 54.20   0.09038303   0.00000000   0.00000000 
 54.21   0.09376552   0.00000000   0.00000000 
 54.22   0.09657960   0.00000000   0.00000000 
 54.23   0.09866568   0.00000000   0.00000000 
 54.24   0.10015377   0.00000000   0.00000000 
 54.25   0.10103700   0.00000000   0.00000000 
 54.26   0.10131310   0.00000000   0.00000000 
 54.27   0.10099687   0.00000000   0.00000000 
 54.28   0.10013270   0.00000000   0.00000000 
 54.29   0.09853003   0.00000000   0.00000000 
 54.30   0.09634903   0.00000000   0.00000000 
 54.31   0.09359065   0.00000000   0.00000000 
 54.32   0.09026363   0.00000000   0.00000000 
 54.33   0.08637900   0.00000000   0.00000000 
 54.34   0.08194450   0.00000000   0.00000000 
 54.35   0.07682642   0.00000000   0.00000000 
 54.36   0.07117967   0.00000000   0.00000000 
 54.37   0.06505490   0.00000000   0.00000000 
 54.38   0.05851407   0.00000000   0.00000000 
 54.39   0.05162707   0.00000000   0.00000000 
 54.40   0.04446840   0.00000000   0.00000000 
 54.41   0.03701615   0.00000000   0.00000000 
 54.42   0.02933790   0.00000000   0.00000000 
 54.43   0.02147300   0.00000000   0.00000000 
 54.44   0.01347680   0.00000000   0.00000000 
 54.45   0.00540468   0.00000000   0.00000000 
 54.46  -0.00270390   0.00000000   0.00000000 
 54.47  -0.01078373   0.00000000   0.00000000 
 54.48  -0.01877343   0.00000000   0.00000000 
 54.49  -0.02664160   0.00000000   0.00000000 
 54.50  -0.03434880   0.00000000   0.00000000 
 54.51  -0.04185040   0.00000000   0.00000000 
 54.52  -0.04909940   0.00000000   0.00000000 
 54.53  -0.05597657   0.00000000   0.00000000 
 54.54  -0.06250360   0.00000000   0.00000000 
 54.55  -0.06864405   0.00000000   0.00000000 
 54.56  -0.07436417   0.00000000   0.00000000 
 54.57  -0.07963070   0.00000000   0.00000000 
 54.58  -0.08440870   0.00000000   0.00000000 
 54.59  -0.08854512   0.00000000   0.00000000 
 54.60  -0.09214820   0.00000000   0.00000000 
 54.61  -0.09519095   0.00000000   0.00000000 
 54.62  -0.09765467   0.00000000   0.00000000 
 54.63  -0.09952770   0.00000000   0.00000000 
 54.64  -0.10080420   0.00000000   0.00000000 
 54.65  -0.10131045   0.00000000   0.00000000 
 54.66  -0.10122370   0.00000000   0.00000000 
 54.67  -0.10057735   0.00000000   0.00000000 
 54.68  -0.09936440   0.00000000   0.00000000 
 54.69  -0.09756737   0.00000000   0.00000000 
 54.70  -0.09518820   0.00000000   0.00000000 
 54.71  -0.09210203   0.00000000   0.00000000 
 54.72  -0.08846007   0.00000000   0.00000000 
 54.73  -0.08426740   0.00000000   0.00000000 
 54.74  -0.07952733   0.00000000   0.00000000 
 54.75  -0.07424635   0.00000000   0.00000000 
 54.76  -0.06843910   0.00000000   0.00000000 
 54.77  -0.06202785   0.00000000   0.00000000 
 54.78  -0.05524873   0.00000000   0.00000000 
 54.79  -0.04817815   0.00000000   0.00000000 
 54.80  -0.04085897   0.00000000   0.00000000 
 54.81  -0.03331338   0.00000000   0.00000000 
 54.82  -0.02555580   0.00000000   0.00000000 
 54.83  -0.01759805   0.00000000   0.00000000 
 54.84  -0.00954263   0.00000000   0.00000000 
 54.85  -0.00143755   0.00000000   0.00000000 
 54.86   0.00665853   0.00000000   0.00000000 
 54.87   0.01469357   0.00000000   0.00000000 
 54.88   0.02263940   0.00000000   0.00000000 
 54.89   0.03043065   0.00000000   0.00000000 
 54.90   0.03802983   0.00000000   0.00000000 
 54.91   0.04539475   0.00000000   0.00000000 
 54.92   0.05248250   0.00000000   0.00000000 
 54.93   0.05924828   0.00000000   0.00000000 
 54.94   0.06564420   0.00000000   0.00000000 
 54.95   0.07152678   0.00000000   0.00000000 
 54.96   0.07697830   0.00000000   0.00000000 
 54.97   0.08196695   0.00000000   0.00000000 
 54.98   0.08645717   0.00000000   0.00000000 
 54.99   0.09041702   0.00000000   0.00000000 
 55.00   0.09382560   0.00000000   0.00000000 
 55.01   0.09652027   0.00000000   0.00000000 
 55.02   0.09862813   0.00000000   0.00000000 
 55.03   0.10014115   0.00000000   0.00000000 
 55.04   0.10105077   0.00000000   0.00000000 
 55.05   0.10135332   0.00000000   0.00000000 
 55.06   0.10105540   0.00000000   0.00000000 
 55.07   0.10006682   0.00000000   0.00000000 
 55.08   0.09849043   0.00000000   0.00000000 
 55.09   0.09633225   0.00000000   0.00000000 
 55.10   0.09359610   0.00000000   0.00000000 
 55.11   0.09028812   0.00000000   0.00000000 
 55.12   0.08642120   0.00000000   0.00000000 
 55.13   0.08187045   0.00000000   0.00000000 
 55.14   0.07677177   0.00000000   0.00000000 
 55.15   0.07114760   0.00000000   0.00000000 
 55.16   0.06504203   0.00000000   0.00000000 
 55.17   0.05851413   0.00000000   0.00000000 
 55.18   0.05163130   0.00000000   0.00000000 
 55.19   0.04442547   0.00000000   0.00000000 
 55.20   0.03698617   0.00000000   0.00000000 
 55.21   0.02931990   0.00000000   0.00000000 
 55.22   0.02146230   0.00000000   0.00000000 
 55.23   0.01346723   0.00000000   0.00000000 
 55.24   0.00539590   0.00000000   0.00000000 
 55.25  -0.00271535   0.00000000   0.00000000 
 55.26  -0.01078967   0.00000000   0.00000000 
 55.27  -0.01878015   0.00000000   0.00000000 
 55.28  -0.02665177   0.00000000   0.00000000 
 55.29  -0.03436973   0.00000000   0.00000000 
 55.30  -0.04188790   0.00000000   0.00000000 
 55.31  -0.04907723   0.00000000   0.00000000 
 55.32  -0.05596210   0.00000000   0.00000000 
 55.33  -0.06250250   0.00000000   0.00000000 
 55.34  -0.06865957   0.00000000   0.00000000 
 55.35  -0.07439773   0.00000000   0.00000000 
 55.36  -0.07968690   0.00000000   0.00000000 
 55.37  -0.08436173   0.00000000   0.00000000 
 55.38  -0.08851830   0.00000000   0.00000000 
 55.39  -0.09214030   0.00000000   0.00000000 
 55.40  -0.09520620   0.00000000   0.00000000 
 55.41  -0.09769540   0.00000000   0.00000000 
 55.42  -0.09959440   0.00000000   0.00000000 
 55.43  -0.10074607   0.00000000   0.00000000 
 55.44  -0.10127647   0.00000000   0.00000000 
 55.45  -0.10121775   0.00000000   0.00000000 
 55.46  -0.10059287   0.00000000   0.00000000 
 55.47  -0.09940580   0.00000000   0.00000000 
 55.48  -0.09763180   0.00000000   0.00000000 
 55.49  -0.09513322   0.00000000   0.00000000 
 55.50  -0.09207010   0.00000000   0.00000000 
 55.51  -0.08844975   0.00000000   0.00000000 
 55.52  -0.08427743   0.00000000   0.00000000 
 55.53  -0.07955723   0.00000000   0.00000000 
 55.54  -0.07429290   0.00000000   0.00000000 
 55.55  -0.06837407   0.00000000   0.00000000 
 55.56  -0.06198897   0.00000000   0.00000000 
 55.57  -0.05522875   0.00000000   0.00000000 
 55.58  -0.04816910   0.00000000   0.00000000 
 55.59  -0.04086170   0.00000000   0.00000000 
 55.60  -0.03332570   0.00000000   0.00000000 
 55.61  -0.02552887   0.00000000   0.00000000 
 55.62  -0.01758197   0.00000000   0.00000000 
 55.63  -0.00953315   0.00000000   0.00000000 
 55.64  -0.00143140   0.00000000   0.00000000 
 55.65   0.00667040   0.00000000   0.00000000 
 55.66   0.01471240   0.00000000   0.00000000 
 55.67   0.02263440   0.00000000   0.00000000 
 55.68   0.03042447   0.00000000   0.00000000 
 55.69   0.03802880   0.00000000   0.00000000 
 55.70   0.04540320   0.00000000   0.00000000 
 55.71   0.05250635   0.00000000   0.00000000 
 55.72   0.05929310   0.00000000   0.00000000 
 55.73   0.06560652   0.00000000   0.00000000 
 55.74   0.07150493   0.00000000   0.00000000 
 55.75   0.07697165   0.00000000   0.00000000 
 55.76   0.08197933   0.00000000   0.00000000 
 55.77   0.08649428   0.00000000   0.00000000 
 55.78   0.09048070   0.00000000   0.00000000 
 55.79   0.09376887   0.00000000   0.00000000 
 55.80   0.09648497   0.00000000   0.00000000 
 55.81   0.09861845   0.00000000   0.00000000 
 55.82   0.10015753   0.00000000   0.00000000 
 55.83   0.10109132   0.00000000   0.00000000 
 55.84   0.10141190   0.00000000   0.00000000 
 55.85   0.10100165   0.00000000   0.00000000 
 55.86   0.10003140   0.00000000   0.00000000 
 55.87   0.09848095   0.00000000   0.00000000 
 55.88   0.09634647   0.00000000   0.00000000 
 55.89   0.09363260   0.00000000   0.00000000 
 55.90   0.09034460   0.00000000   0.00000000 
 55.91   0.08636193   0.00000000   0.00000000 
 55.92   0.08183213   0.00000000   0.00000000 
 55.93   0.07675580   0.00000000   0.00000000 
 55.94   0.07115237   0.00000000   0.00000000 
 55.95   0.06506102   0.00000000   0.00000000 
 55.96   0.05854160   0.00000000   0.00000000 
 55.97   0.05159935   0.00000000   0.00000000 
 55.98   0.04440737   0.00000000   0.00000000 
 55.99   0.03697800   0.00000000   0.00000000 
 56.00   0.02932230   0.00000000   0.00000000 
 56.01   0.02146637   0.00000000   0.00000000 
 56.02   0.01346770   0.00000000   0.00000000 
 56.03   0.00538795   0.00000000   0.00000000 
 56.04  -0.00271560   0.00000000   0.00000000 
 56.05  -0.01078845   0.00000000   0.00000000 
 56.06  -0.01878413   0.00000000   0.00000000 
 56.07  -0.02666380   0.00000000   0.00000000 
 56.08  -0.03439580   0.00000000   0.00000000 
 56.09  -0.04186480   0.00000000   0.00000000 
 56.10  -0.04906040   0.00000000   0.00000000 
 56.11  -0.05595480   0.00000000   0.00000000 
 56.12  -0.06251023   0.00000000   0.00000000 
 56.13  -0.06868645   0.00000000   0.00000000 
 56.14  -0.07444820   0.00000000   0.00000000 
 56.15  -0.07963803   0.00000000   0.00000000 
 56.16  -0.08433087   0.00000000   0.00000000 
 56.17  -0.08850805   0.00000000   0.00000000 
 56.18  -0.09215217   0.00000000   0.00000000 
 56.19  -0.09524378   0.00000000   0.00000000 
 56.20  -0.09775820   0.00000000   0.00000000 
 56.21  -0.09953287   0.00000000   0.00000000 
 56.22  -0.10070867   0.00000000   0.00000000 
 56.23  -0.10126565   0.00000000   0.00000000 
 56.24  -0.10122747   0.00000000   0.00000000 
 56.25  -0.10062563   0.00000000   0.00000000 
 56.26  -0.09946380   0.00000000   0.00000000 
 56.27  -0.09756972   0.00000000   0.00000000 
 56.28  -0.09509770   0.00000000   0.00000000 
 56.29  -0.09205895   0.00000000   0.00000000 
 56.30  -0.08846183   0.00000000   0.00000000 
 56.31  -0.08431177   0.00000000   0.00000000 
 56.32  -0.07961110   0.00000000   0.00000000 
 56.33  -0.07423410   0.00000000   0.00000000 
 56.34  -0.06833790   0.00000000   0.00000000 
 56.35  -0.06197675   0.00000000   0.00000000 
 56.36  -0.05522997   0.00000000   0.00000000 
 56.37  -0.04817828   0.00000000   0.00000000 
 56.38  -0.04088020   0.00000000   0.00000000 
 56.39  -0.03329762   0.00000000   0.00000000 
 56.40  -0.02551437   0.00000000   0.00000000 
 56.41  -0.01757755   0.00000000   0.00000000 
 56.42  -0.00953333   0.00000000   0.00000000 
 56.43  -0.00142978   0.00000000   0.00000000 
 56.44   0.00668030   0.00000000   0.00000000 
 56.45   0.01470530   0.00000000   0.00000000 
 56.46   0.02263037   0.00000000   0.00000000 
 56.47   0.03042310   0.00000000   0.00000000 
 56.48   0.03803607   0.00000000   0.00000000 
 56.49   0.04542103   0.00000000   0.00000000 
 56.50   0.05254320   0.00000000   0.00000000 
 56.51   0.05925678   0.00000000   0.00000000 
 56.52   0.06558257   0.00000000   0.00000000 
 56.53   0.07149695   0.00000000   0.00000000 
 56.54   0.07698143   0.00000000   0.00000000 
 56.55   0.08201253   0.00000000   0.00000000 
 56.56   0.08655170   0.00000000   0.00000000 
 56.57   0.09042337   0.00000000   0.00000000 
 56.58   0.09373510   0.00000000   0.00000000 
 56.59   0.09647435   0.00000000   0.00000000 
 56.60   0.09863140   0.00000000   0.00000000 
 56.61   0.10019638   0.00000000   0.00000000 
 56.62   0.10115630   0.00000000   0.00000000 
 56.63   0.10134780   0.00000000   0.00000000 
 56.64   0.10096890   0.00000000   0.00000000 
 56.65   0.10001965   0.00000000   0.00000000 
 56.66   0.09849223   0.00000000   0.00000000 
 56.67   0.09638032   0.00000000   0.00000000 
 56.68   0.09368840   0.00000000   0.00000000 
 56.69   0.09028223   0.00000000   0.00000000 
 56.70   0.08632120   0.00000000   0.00000000 
 56.71   0.08181120   0.00000000   0.00000000 
 56.72   0.07675493   0.00000000   0.00000000 
 56.73   0.07116577   0.00000000   0.00000000 
 56.74   0.06508160   0.00000000   0.00000000 
 56.75   0.05848393   0.00000000   0.00000000 
 56.76   0.05156773   0.00000000   0.00000000 
 56.77   0.04438935   0.00000000   0.00000000 
 56.78   0.03697160   0.00000000   0.00000000 
 56.79   0.02932425   0.00000000   0.00000000 
 56.80   0.02146450   0.00000000   0.00000000 
 56.81   0.01344842   0.00000000   0.00000000 
 56.82   0.00537527   0.00000000   0.00000000 
 56.83  -0.00272305   0.00000000   0.00000000 
 56.84  -0.01079797   0.00000000   0.00000000 
 56.85  -0.01879920   0.00000000   0.00000000 
 56.86  -0.02668970   0.00000000   0.00000000 
 56.87  -0.03438278   0.00000000   0.00000000 
 56.88  -0.04185393   0.00000000   0.00000000 
 56.89  -0.04905990   0.00000000   0.00000000 
 56.90  -0.05596623   0.00000000   0.00000000 
 56.91  -0.06253900   0.00000000   0.00000000 
 56.92  -0.06873650   0.00000000   0.00000000 
 56.93  -0.07440675   0.00000000   0.00000000 
 56.94  -0.07961180   0.00000000   0.00000000 
 56.95  -0.08432410   0.00000000   0.00000000 
 56.96  -0.08852307   0.00000000   0.00000000 
 56.97  -0.09219105   0.00000000   0.00000000 
 56.98  -0.09530930   0.00000000   0.00000000 
 56.99  -0.09770022   0.00000000   0.00000000 
 57.00  -0.09949780   0.00000000   0.00000000 
 57.01  -0.10069690   0.00000000   0.00000000 
 57.02  -0.10128337   0.00000000   0.00000000 
 57.03  -0.10126237   0.00000000   0.00000000 
 57.04  -0.10068670   0.00000000   0.00000000 
 57.05  -0.09940320   0.00000000   0.00000000 
 57.06  -0.09753310   0.00000000   0.00000000 
 57.07  -0.09508415   0.00000000   0.00000000 
 57.08  -0.09206707   0.00000000   0.00000000 
 57.09  -0.08849165   0.00000000   0.00000000 
 57.10  -0.08436290   0.00000000   0.00000000 
 57.11  -0.07954740   0.00000000   0.00000000 
 57.12  -0.07419563   0.00000000   0.00000000 
 57.13  -0.06832440   0.00000000   0.00000000 
 57.14  -0.06198280   0.00000000   0.00000000 
 57.15  -0.05524462   0.00000000   0.00000000 
 57.16  -0.04820070   0.00000000   0.00000000 
 57.17  -0.04085395   0.00000000   0.00000000 
 57.18  -0.03328200   0.00000000   0.00000000 
 57.19  -0.02551035   0.00000000   0.00000000 
 57.20  -0.01757880   0.00000000   0.00000000 
 57.21  -0.00953392   0.00000000   0.00000000 
 57.22  -0.00142150   0.00000000   0.00000000 
 57.23   0.00667833   0.00000000   0.00000000 
 57.24   0.01470290   0.00000000   0.00000000 
 57.25   0.02262900   0.00000000   0.00000000 
 57.26   0.03042527   0.00000000   0.00000000 
 57.27   0.03805062   0.00000000   0.00000000 
 57.28   0.04545270   0.00000000   0.00000000 
 57.29   0.05251287   0.00000000   0.00000000 
 57.30   0.05923397   0.00000000   0.00000000 
 57.31   0.06557410   0.00000000   0.00000000 
 57.32   0.07150607   0.00000000   0.00000000 
 57.33   0.07701020   0.00000000   0.00000000 
 57.34   0.08206720   0.00000000   0.00000000 
 57.35   0.08649812   0.00000000   0.00000000 
 57.36   0.09038983   0.00000000   0.00000000 
 57.37   0.09372415   0.00000000   0.00000000 
 57.38   0.09648720   0.00000000   0.00000000 
 57.39   0.09866865   0.00000000   0.00000000 
 57.40   0.10026090   0.00000000   0.00000000 
 57.41   0.10109423   0.00000000   0.00000000 
 57.42   0.10131223   0.00000000   0.00000000 
 57.43   0.10095805   0.00000000   0.00000000 
 57.44   0.10003527   0.00000000   0.00000000 
 57.45   0.09853188   0.00000000   0.00000000 
 57.46   0.09644430   0.00000000   0.00000000 
 57.47   0.09363297   0.00000000   0.00000000 
 57.48   0.09025343   0.00000000   0.00000000 
 57.49   0.08631710   0.00000000   0.00000000 
 57.50   0.08183053   0.00000000   0.00000000 
 57.51   0.07679862   0.00000000   0.00000000 
 57.52   0.07122770   0.00000000   0.00000000 
 57.53   0.06505195   0.00000000   0.00000000 
 57.54   0.05847747   0.00000000   0.00000000 
 57.55   0.05157715   0.00000000   0.00000000 
 57.56   0.04440540   0.00000000   0.00000000 
 57.57   0.03699453   0.00000000   0.00000000 
 57.58   0.02935120   0.00000000   0.00000000 
 57.59   0.02145928   0.00000000   0.00000000 
 57.60   0.01345437   0.00000000   0.00000000 
 57.61   0.00538385   0.00000000   0.00000000 
 57.62  -0.00271360   0.00000000   0.00000000 
 57.63  -0.01079617   0.00000000   0.00000000 
 57.64  -0.01880700   0.00000000   0.00000000 
 57.65  -0.02666933   0.00000000   0.00000000 
 57.66  -0.03436313   0.00000000   0.00000000 
 57.67  -0.04184110   0.00000000   0.00000000 
 57.68  -0.04906023   0.00000000   0.00000000 
 57.69  -0.05598268   0.00000000   0.00000000 
 57.70  -0.06257660   0.00000000   0.00000000 
 57.71  -0.06868960   0.00000000   0.00000000 
 57.72  -0.07437453   0.00000000   0.00000000 
 57.73  -0.07959745   0.00000000   0.00000000 
 57.74  -0.08433047   0.00000000   0.00000000 
 57.75  -0.08855205   0.00000000   0.00000000 
 57.76  -0.09224730   0.00000000   0.00000000 
 57.77  -0.09524638   0.00000000   0.00000000 
 57.78  -0.09766147   0.00000000   0.00000000 
 57.79  -0.09948350   0.00000000   0.00000000 
 57.80  -0.10070563   0.00000000   0.00000000 
 57.81  -0.10132040   0.00000000   0.00000000 
 57.82  -0.10131690   0.00000000   0.00000000 
 57.83  -0.10062840   0.00000000   0.00000000 
 57.84  -0.09936697   0.00000000   0.00000000 
 57.85  -0.09752125   0.00000000   0.00000000 
 57.86  -0.09509587   0.00000000   0.00000000 
 57.87  -0.09210245   0.00000000   0.00000000 
 57.88  -0.08855070   0.00000000   0.00000000 
 57.89  -0.08430787   0.00000000   0.00000000 
 57.90  -0.07951697   0.00000000   0.00000000 
 57.91  -0.07418815   0.00000000   0.00000000 
 57.92  -0.06833907   0.00000000   0.00000000 
 57.93  -0.06200918   0.00000000   0.00000000 
 57.94  -0.05527410   0.00000000   0.00000000 
 57.95  -0.04817802   0.00000000   0.00000000 
 57.96  -0.04084173   0.00000000   0.00000000 
 57.97  -0.03327935   0.00000000   0.00000000 
 57.98  -0.02551607   0.00000000   0.00000000 
 57.99  -0.01758758   0.00000000   0.00000000 
 58.00  -0.00953950   0.00000000   0.00000000 
 58.01  -0.00142133   0.00000000   0.00000000 
 58.02   0.00667103   0.00000000   0.00000000 
 58.03   0.01469750   0.00000000   0.00000000 
 58.04   0.02262857   0.00000000   0.00000000 
 58.05   0.03043468   0.00000000   0.00000000 
 58.06   0.03807560   0.00000000   0.00000000 
 58.07   0.04542610   0.00000000   0.00000000 
 58.08   0.05249180   0.00000000   0.00000000 
 58.09   0.05922450   0.00000000   0.00000000 
 58.10   0.06558197   0.00000000   0.00000000 
 58.11   0.07153232   0.00000000   0.00000000 
 58.12   0.07705840   0.00000000   0.00000000 
 58.13   0.08201473   0.00000000   0.00000000 
 58.14   0.08646347   0.00000000   0.00000000 
 58.15   0.09037710   0.00000000   0.00000000 
 58.16   0.09373533   0.00000000   0.00000000 
 58.17   0.09652340   0.00000000   0.00000000 
 58.18   0.09873040   0.00000000   0.00000000 
 58.19   0.10019715   0.00000000   0.00000000 
 58.20   0.10105757   0.00000000   0.00000000 
 58.21   0.10130330   0.00000000   0.00000000 
 58.22   0.10096520   0.00000000   0.00000000 
 58.23   0.10006787   0.00000000   0.00000000 
 58.24   0.09858420   0.00000000   0.00000000 
 58.25   0.09637495   0.00000000   0.00000000 
 58.26   0.09358710   0.00000000   0.00000000 
 58.27   0.09022970   0.00000000   0.00000000 
 58.28   0.08631373   0.00000000   0.00000000 
 58.29   0.08184795   0.00000000   0.00000000 
 58.30   0.07683470   0.00000000   0.00000000 
 58.31   0.07115220   0.00000000   0.00000000 
 58.32   0.06500377   0.00000000   0.00000000 
 58.33   0.05845175   0.00000000   0.00000000 
 58.34   0.05156473   0.00000000   0.00000000 
 58.35   0.04440293   0.00000000   0.00000000 
 58.36   0.03700360   0.00000000   0.00000000 
 58.37   0.02931443   0.00000000   0.00000000 
 58.38   0.02143753   0.00000000   0.00000000 
 58.39   0.01344075   0.00000000   0.00000000 
 58.40   0.00537310   0.00000000   0.00000000 
 58.41  -0.00272612   0.00000000   0.00000000 
 58.42  -0.01081820   0.00000000   0.00000000 
 58.43  -0.01880503   0.00000000   0.00000000 
 58.44  -0.02666767   0.00000000   0.00000000 
 58.45  -0.03436600   0.00000000   0.00000000 
 58.46  -0.04185370   0.00000000   0.00000000 
 58.47  -0.04908602   0.00000000   0.00000000 
 58.48  -0.05602760   0.00000000   0.00000000 
 58.49  -0.06254510   0.00000000   0.00000000 
 58.50  -0.06866987   0.00000000   0.00000000 
 58.51  -0.07436940   0.00000000   0.00000000 
 58.52  -0.07961143   0.00000000   0.00000000 
 58.53  -0.08436682   0.00000000   0.00000000 
 58.54  -0.08861240   0.00000000   0.00000000 
 58.55  -0.09219398   0.00000000   0.00000000 
 58.56  -0.09521257   0.00000000   0.00000000 
 58.57  -0.09765165   0.00000000   0.00000000 
 58.58  -0.09949933   0.00000000   0.00000000 
 58.59  -0.10074652   0.00000000   0.00000000 
 58.60  -0.10138510   0.00000000   0.00000000 
 58.61  -0.10126485   0.00000000   0.00000000 
 58.62  -0.10059560   0.00000000   0.00000000 
 58.63  -0.09935500   0.00000000   0.00000000 
 58.64  -0.09753310   0.00000000   0.00000000 
 58.65  -0.09513030   0.00000000   0.00000000 
 58.66  -0.09215530   0.00000000   0.00000000 
 58.67  -0.08848547   0.00000000   0.00000000 
 58.68  -0.08426717   0.00000000   0.00000000 
 58.69  -0.07950020   0.00000000   0.00000000 
 58.70  -0.07419310   0.00000000   0.00000000 
 58.71  -0.06836388   0.00000000   0.00000000 
 58.72  -0.06204080   0.00000000   0.00000000 
 58.73  -0.05523547   0.00000000   0.00000000 
 58.74  -0.04815473   0.00000000   0.00000000 
 58.75  -0.04083135   0.00000000   0.00000000 
 58.76  -0.03328163   0.00000000   0.00000000 
 58.77  -0.02552285   0.00000000   0.00000000 
 58.78  -0.01759060   0.00000000   0.00000000 
 58.79  -0.00952693   0.00000000   0.00000000 
 58.80  -0.00141853   0.00000000   0.00000000 
 58.81   0.00667230   0.00000000   0.00000000 
 58.82   0.01470173   0.00000000   0.00000000 
 58.83   0.02263850   0.00000000   0.00000000 
 58.84   0.03045800   0.00000000   0.00000000 
 58.85   0.03805592   0.00000000   0.00000000 
 58.86   0.04541210   0.00000000   0.00000000 
 58.87   0.05248615   0.00000000   0.00000000 
 58.88   0.05923333   0.00000000   0.00000000 
 58.89   0.06561012   0.00000000   0.00000000 
 58.90   0.07157970   0.00000000   0.00000000 
 58.91   0.07701403   0.00000000   0.00000000 
 58.92   0.08198523   0.00000000   0.00000000 
 58.93   0.08645400   0.00000000   0.00000000 
 58.94   0.09038997   0.00000000   0.00000000 
 58.95   0.09377153   0.00000000   0.00000000 
 58.96   0.09658570   0.00000000   0.00000000 
 58.97   0.09867053   0.00000000   0.00000000 
 58.98   0.10015943   0.00000000   0.00000000 
 58.99   0.10104455   0.00000000   0.00000000 
 59.00   0.10132083   0.00000000   0.00000000 
 59.01   0.10100155   0.00000000   0.00000000 
 59.02   0.10013380   0.00000000   0.00000000 
 59.03   0.09852872   0.00000000   0.00000000 
 59.04   0.09634637   0.00000000   0.00000000 
 59.05   0.09358545   0.00000000   0.00000000 
 59.06   0.09025450   0.00000000   0.00000000 
 59.07   0.08636542   0.00000000   0.00000000 
 59.08   0.08192700   0.00000000   0.00000000 
 59.09   0.07680375   0.00000000   0.00000000 
 59.10   0.07115283   0.00000000   0.00000000 
 59.11   0.06502755   0.00000000   0.00000000 
 59.12   0.05848917   0.00000000   0.00000000 
 59.13   0.05160533   0.00000000   0.00000000 
 59.14   0.04444850   0.00000000   0.00000000 
 59.15   0.03699850   0.00000000   0.00000000 
 59.16   0.02932070   0.00000000   0.00000000 
 59.17   0.02145600   0.00000000   0.00000000 
 59.18   0.01346143   0.00000000   0.00000000 
 59.19   0.00539243   0.00000000   0.00000000 
 59.20  -0.00271490   0.00000000   0.00000000 
 59.21  -0.01079540   0.00000000   0.00000000 
 59.22  -0.01878437   0.00000000   0.00000000 
 59.23  -0.02665155   0.00000000   0.00000000 
 59.24  -0.03435803   0.00000000   0.00000000 
 59.25  -0.04185888   0.00000000   0.00000000 
 59.26  -0.04910580   0.00000000   0.00000000 
 59.27  -0.05598272   0.00000000   0.00000000 
 59.28  -0.06251083   0.00000000   0.00000000 
 59.29  -0.06865115   0.00000000   0.00000000 
 59.30  -0.07436953   0.00000000   0.00000000 
 59.31  -0.07963415   0.00000000   0.00000000 
 59.32  -0.08441290   0.00000000   0.00000000 
 59.33  -0.08855007   0.00000000   0.00000000 
 59.34  -0.09215217   0.00000000   0.00000000 
 59.35  -0.09519495   0.00000000   0.00000000 
 59.36  -0.09765967   0.00000000   0.00000000 
 59.37  -0.09953345   0.00000000   0.00000000 
 59.38  -0.10080970   0.00000000   0.00000000 
 59.39  -0.10131703   0.00000000   0.00000000 
 59.40  -0.10122990   0.00000000   0.00000000 
 59.41  -0.10058110   0.00000000   0.00000000 
 59.42  -0.09936530   0.00000000   0.00000000 
 59.43  -0.09756693   0.00000000   0.00000000 
 59.44  -0.09518810   0.00000000   0.00000000 
 59.45  -0.09209927   0.00000000   0.00000000 
 59.46  -0.08845577   0.00000000   0.00000000 
 59.47  -0.08426385   0.00000000   0.00000000 
 59.48  -0.07952487   0.00000000   0.00000000 
 59.49  -0.07424345   0.00000000   0.00000000 
 59.50  -0.06843570   0.00000000   0.00000000 
 59.51  -0.06202570   0.00000000   0.00000000 
 59.52  -0.05524577   0.00000000   0.00000000 
 59.53  -0.04817355   0.00000000   0.00000000 
 59.54  -0.04085440   0.00000000   0.00000000 
 59.55  -0.03331100   0.00000000   0.00000000 
 59.56  -0.02555300   0.00000000   0.00000000 
 59.57  -0.01759500   0.00000000   0.00000000 
 59.58  -0.00954113   0.00000000   0.00000000 
 59.59  -0.00143665   0.00000000   0.00000000 
 59.60   0.00666050   0.00000000   0.00000000 
 59.61   0.01469688   0.00000000   0.00000000 
 59.62   0.02264080   0.00000000   0.00000000 
 59.63   0.03042980   0.00000000   0.00000000 
 59.64   0.03802900   0.00000000   0.00000000 
 59.65   0.04539410   0.00000000   0.00000000 
 59.66   0.05248247   0.00000000   0.00000000 
 59.67   0.05924988   0.00000000   0.00000000 
 59.68   0.06564730   0.00000000   0.00000000 
 59.69   0.07152863   0.00000000   0.00000000 
 59.70   0.07697817   0.00000000   0.00000000 
 59.71   0.08196675   0.00000000   0.00000000 
 59.72   0.08645847   0.00000000   0.00000000 
 59.73   0.09041948   0.00000000   0.00000000 
 59.74   0.09382690   0.00000000   0.00000000 
 59.75   0.09652132   0.00000000   0.00000000 
 59.76   0.09862953   0.00000000   0.00000000 
 59.77   0.10014290   0.00000000   0.00000000 
 59.78   0.10105250   0.00000000   0.00000000 
 59.79   0.10135500   0.00000000   0.00000000 
 59.80   0.10105850   0.00000000   0.00000000 
 59.81   0.10007008   0.00000000   0.00000000 
 59.82   0.09849240   0.00000000   0.00000000 
 59.83   0.09633320   0.00000000   0.00000000 
 59.84   0.09359703   0.00000000   0.00000000 
 59.85   0.09028992   0.00000000   0.00000000 
 59.86   0.08642400   0.00000000   0.00000000 
 59.87   0.08187358   0.00000000   0.00000000 
 59.88   0.07677570   0.00000000   0.00000000 
 59.89   0.07115365   0.00000000   0.00000000 
 59.90   0.06505080   0.00000000   0.00000000 
 59.91   0.05852483   0.00000000   0.00000000 
 59.92   0.05164200   0.00000000   0.00000000 
 59.93   0.04443292   0.00000000   0.00000000 
 59.94   0.03699117   0.00000000   0.00000000 
 59.95   0.02932425   0.00000000   0.00000000 
 59.96   0.02146750   0.00000000   0.00000000 
 59.97   0.01347353   0.00000000   0.00000000 
 59.98   0.00540170   0.00000000   0.00000000 
 59.99  -0.00270905   0.00000000   0.00000000 
 60.00  -0.01078433   0.00000000   0.00000000 
 60.01  -0.01877585   0.00000000   0.00000000 
 60.02  -0.02664750   0.00000000   0.00000000 
 60.03  -0.03436460   0.00000000   0.00000000 
 60.04  -0.04188310   0.00000000   0.00000000 
 60.05  -0.04907210   0.00000000   0.00000000 
 60.06  -0.05595683   0.00000000   0.00000000 
 60.07  -0.06249805   0.00000000   0.00000000 
 60.08  -0.06865653   0.00000000   0.00000000 
 60.09  -0.07439555   0.00000000   0.00000000 
 60.10  -0.07968330   0.00000000   0.00000000 
 60.11  -0.08435730   0.00000000   0.00000000 
 60.12  -0.08851403   0.00000000   0.00000000 
 60.13  -0.09213695   0.00000000   0.00000000 
 60.14  -0.09520430   0.00000000   0.00000000 
 60.15  -0.09769517   0.00000000   0.00000000 
 60.16  -0.09959550   0.00000000   0.00000000 
 60.17  -0.10074733   0.00000000   0.00000000 
 60.18  -0.10127737   0.00000000   0.00000000 
 60.19  -0.10121730   0.00000000   0.00000000 
 60.20  -0.10059017   0.00000000   0.00000000 
 60.21  -0.09940058   0.00000000   0.00000000 
 60.22  -0.09762500   0.00000000   0.00000000 
 60.23  -0.09512583   0.00000000   0.00000000 
 60.24  -0.09206300   0.00000000   0.00000000 
 60.25  -0.08844450   0.00000000   0.00000000 
 60.26  -0.08427563   0.00000000   0.00000000 
 60.27  -0.07956025   0.00000000   0.00000000 
 60.28  -0.07430200   0.00000000   0.00000000 
 60.29  -0.06839192   0.00000000   0.00000000 
 60.30  -0.06201223   0.00000000   0.00000000 
 60.31  -0.05525185   0.00000000   0.00000000 
 60.32  -0.04818797   0.00000000   0.00000000 
 60.33  -0.04087550   0.00000000   0.00000000 
 60.34  -0.03333650   0.00000000   0.00000000 
 60.35  -0.02554025   0.00000000   0.00000000 
 60.36  -0.01759500   0.00000000   0.00000000 
 60.37  -0.00954665   0.00000000   0.00000000 
 60.38  -0.00144370   0.00000000   0.00000000 
 60.39   0.00665983   0.00000000   0.00000000 
 60.40   0.01470150   0.00000000   0.00000000 
 60.41   0.02262525   0.00000000   0.00000000 
 60.42   0.03041667   0.00000000   0.00000000 
 60.43   0.03802070   0.00000000   0.00000000 
 60.44   0.04539467   0.00000000   0.00000000 
 60.45   0.05249890   0.00000000   0.00000000 
 60.46   0.05928740   0.00000000   0.00000000 
 60.47   0.06560040   0.00000000   0.00000000 
 60.48   0.07149907   0.00000000   0.00000000 
 60.49   0.07696690   0.00000000   0.00000000 
 60.50   0.08197510   0.00000000   0.00000000 
 60.51   0.08648925   0.00000000   0.00000000 
 60.52   0.09047600   0.00000000   0.00000000 
 60.53   0.09376617   0.00000000   0.00000000 
 60.54   0.09648273   0.00000000   0.00000000 
 60.55   0.09861630   0.00000000   0.00000000 
 60.56   0.10015583   0.00000000   0.00000000 
 60.57   0.10109033   0.00000000   0.00000000 
 60.58   0.10141050   0.00000000   0.00000000 
 60.59   0.10099992   0.00000000   0.00000000 
 60.60   0.10002980   0.00000000   0.00000000 
 60.61   0.09847835   0.00000000   0.00000000 
 60.62   0.09634223   0.00000000   0.00000000 
 60.63   0.09362777   0.00000000   0.00000000 
 60.64   0.09034210   0.00000000   0.00000000 
 60.65   0.08635918   0.00000000   0.00000000 
 60.66   0.08182933   0.00000000   0.00000000 
 60.67   0.07675435   0.00000000   0.00000000 
 60.68   0.07115220   0.00000000   0.00000000 
 60.69   0.06506067   0.00000000   0.00000000 
 60.70   0.05854100   0.00000000   0.00000000 
 60.71   0.05159950   0.00000000   0.00000000 
 60.72   0.04440653   0.00000000   0.00000000 
 60.73   0.03697605   0.00000000   0.00000000 
 60.74   0.02932047   0.00000000   0.00000000 
 60.75   0.02146603   0.00000000   0.00000000 
 60.76   0.01346820   0.00000000   0.00000000 
 60.77   0.00538828   0.00000000   0.00000000 
 60.78  -0.00271510   0.00000000   0.00000000 
 60.79  -0.01078830   0.00000000   0.00000000 
 60.80  -0.01878497   0.00000000   0.00000000 
 60.81  -0.02666537   0.00000000   0.00000000 
 60.82  -0.03439570   0.00000000   0.00000000 
 60.83  -0.04186387   0.00000000   0.00000000 
 60.84  -0.04906037   0.00000000   0.00000000 
 60.85  -0.05595540   0.00000000   0.00000000 
 60.86  -0.06251113   0.00000000   0.00000000 
 60.87  -0.06868757   0.00000000   0.00000000 
 60.88  -0.07444840   0.00000000   0.00000000 
 60.89  -0.07963665   0.00000000   0.00000000 
 60.90  -0.08432910   0.00000000   0.00000000 
 60.91  -0.08850720   0.00000000   0.00000000 
 60.92  -0.09215253   0.00000000   0.00000000 
 60.93  -0.09524477   0.00000000   0.00000000 
 60.94  -0.09775960   0.00000000   0.00000000 
 60.95  -0.09953468   0.00000000   0.00000000 
 60.96  -0.10070997   0.00000000   0.00000000 
 60.97  -0.10126635   0.00000000   0.00000000 
 60.98  -0.10122823   0.00000000   0.00000000 
 60.99  -0.10062682   0.00000000   0.00000000 
 61.00  -0.09946340   0.00000000   0.00000000 
 61.01  -0.09756698   0.00000000   0.00000000 
 61.02  -0.09509297   0.00000000   0.00000000 
 61.03  -0.09205320   0.00000000   0.00000000 
 61.04  -0.08845627   0.00000000   0.00000000 
 61.05  -0.08430778   0.00000000   0.00000000 
 61.06  -0.07961070   0.00000000   0.00000000 
 61.07  -0.07423795   0.00000000   0.00000000 
 61.08  -0.06834580   0.00000000   0.00000000 
 61.09  -0.06198695   0.00000000   0.00000000 
 61.10  -0.05523990   0.00000000   0.00000000 
 61.11  -0.04818598   0.00000000   0.00000000 
 61.12  -0.04088640   0.00000000   0.00000000 
 61.13  -0.03330415   0.00000000   0.00000000 
 61.14  -0.02552143   0.00000000   0.00000000 
 61.15  -0.01758470   0.00000000   0.00000000 
 61.16  -0.00953987   0.00000000   0.00000000 
 61.17  -0.00143508   0.00000000   0.00000000 
 61.18   0.00667650   0.00000000   0.00000000 
 61.19   0.01470075   0.00000000   0.00000000 
 61.20   0.02262380   0.00000000   0.00000000 
 61.21   0.03041545   0.00000000   0.00000000 
 61.22   0.03802910   0.00000000   0.00000000 
 61.23   0.04541597   0.00000000   0.00000000 
 61.24   0.05253930   0.00000000   0.00000000 
 61.25   0.05925247   0.00000000   0.00000000 
 61.26   0.06557790   0.00000000   0.00000000 
 61.27   0.07149230   0.00000000   0.00000000 
 61.28   0.07697700   0.00000000   0.00000000 
 61.29   0.08200850   0.00000000   0.00000000 
 61.30   0.08654900   0.00000000   0.00000000 
 61.31   0.09042108   0.00000000   0.00000000 
 61.32   0.09373337   0.00000000   0.00000000 
 61.33   0.09647345   0.00000000   0.00000000 
 61.34   0.09863187   0.00000000   0.00000000 
 61.35   0.10019877   0.00000000   0.00000000 
 61.36   0.10116060   0.00000000   0.00000000 
 61.37   0.10134918   0.00000000   0.00000000 
 61.38   0.10096783   0.00000000   0.00000000 
 61.39   0.10001750   0.00000000   0.00000000 
 61.40   0.09848897   0.00000000   0.00000000 
 61.41   0.09637515   0.00000000   0.00000000 
 61.42   0.09368340   0.00000000   0.00000000 
 61.43   0.09028240   0.00000000   0.00000000 
 61.44   0.08632640   0.00000000   0.00000000 
 61.45   0.08182365   0.00000000   0.00000000 
 61.46   0.07677940   0.00000000   0.00000000 
 61.47   0.07120553   0.00000000   0.00000000 
 61.48   0.06513020   0.00000000   0.00000000 
 61.49   0.05852928   0.00000000   0.00000000 
 61.50   0.05160670   0.00000000   0.00000000 
 61.51   0.04441935   0.00000000   0.00000000 
 61.52   0.03699483   0.00000000   0.00000000 
 61.53   0.02934728   0.00000000   0.00000000 
 61.54   0.02149320   0.00000000   0.00000000 
 61.55   0.01347528   0.00000000   0.00000000 
 61.56   0.00539903   0.00000000   0.00000000 
 61.57  -0.00270145   0.00000000   0.00000000 
 61.58  -0.01077843   0.00000000   0.00000000 
 61.59  -0.01878250   0.00000000   0.00000000 
 61.60  -0.02667450   0.00000000   0.00000000 
 61.61  -0.03436517   0.00000000   0.00000000 
 61.62  -0.04183650   0.00000000   0.00000000 
 61.63  -0.04904460   0.00000000   0.00000000 
 61.64  -0.05595320   0.00000000   0.00000000 
 61.65  -0.06252705   0.00000000   0.00000000 
 61.66  -0.06872530   0.00000000   0.00000000 
 61.67  -0.07439705   0.00000000   0.00000000 
 61.68  -0.07960113   0.00000000   0.00000000 
 61.69  -0.08431295   0.00000000   0.00000000 
 61.70  -0.08851313   0.00000000   0.00000000 
 61.71  -0.09218325   0.00000000   0.00000000 
 61.72  -0.09530150   0.00000000   0.00000000 
 61.73  -0.09769550   0.00000000   0.00000000 
 61.74  -0.09949470   0.00000000   0.00000000 
 61.75  -0.10069430   0.00000000   0.00000000 
 61.76  -0.10128107   0.00000000   0.00000000 
 61.77  -0.10126080   0.00000000   0.00000000 
 61.78  -0.10068580   0.00000000   0.00000000 
 61.79  -0.09940030   0.00000000   0.00000000 
 61.80  -0.09752900   0.00000000   0.00000000 
 61.81  -0.09507915   0.00000000   0.00000000 
 61.82  -0.09206163   0.00000000   0.00000000 
 61.83  -0.08848758   0.00000000   0.00000000 
 61.84  -0.08436500   0.00000000   0.00000000 
 61.85  -0.07956033   0.00000000   0.00000000 
 61.86  -0.07421993   0.00000000   0.00000000 
 61.87  -0.06836150   0.00000000   0.00000000 
 61.88  -0.06202907   0.00000000   0.00000000 
 61.89  -0.05529065   0.00000000   0.00000000 
 61.90  -0.04823590   0.00000000   0.00000000 
 61.91  -0.04088248   0.00000000   0.00000000 
 61.92  -0.03330940   0.00000000   0.00000000 
 61.93  -0.02553775   0.00000000   0.00000000 
 61.94  -0.01760627   0.00000000   0.00000000 
 61.95  -0.00956143   0.00000000   0.00000000 
 61.96  -0.00144760   0.00000000   0.00000000 
 61.97   0.00665565   0.00000000   0.00000000 
 61.98   0.01468083   0.00000000   0.00000000 
 61.99   0.02260815   0.00000000   0.00000000 
 62.00   0.03040687   0.00000000   0.00000000 
 62.01   0.03803463   0.00000000   0.00000000 
 62.02   0.04543680   0.00000000   0.00000000 
 62.03   0.05249713   0.00000000   0.00000000 
 62.04   0.05921987   0.00000000   0.00000000 
 62.05   0.06556125   0.00000000   0.00000000 
 62.06   0.07149360   0.00000000   0.00000000 
 62.07   0.07699793   0.00000000   0.00000000 
 62.08   0.08205660   0.00000000   0.00000000 
 62.09   0.08648943   0.00000000   0.00000000 
 62.10   0.09038200   0.00000000   0.00000000 
 62.11   0.09371815   0.00000000   0.00000000 
 62.12   0.09648337   0.00000000   0.00000000 
 62.13   0.09866607   0.00000000   0.00000000 
 62.14   0.10025890   0.00000000   0.00000000 
 62.15   0.10109623   0.00000000   0.00000000 
 62.16   0.10131377   0.00000000   0.00000000 
 62.17   0.10095415   0.00000000   0.00000000 
 62.18   0.10002470   0.00000000   0.00000000 
 62.19   0.09851797   0.00000000   0.00000000 
 62.20   0.09643230   0.00000000   0.00000000 
 62.21   0.09362297   0.00000000   0.00000000 
 62.22   0.09024557   0.00000000   0.00000000 
 62.23   0.08631620   0.00000000   0.00000000 
 62.24   0.08184047   0.00000000   0.00000000 
 62.25   0.07682065   0.00000000   0.00000000 
 62.26   0.07126290   0.00000000   0.00000000 
 62.27   0.06509640   0.00000000   0.00000000 
 62.28   0.05851857   0.00000000   0.00000000 
 62.29   0.05160730   0.00000000   0.00000000 
 62.30   0.04442610   0.00000000   0.00000000 
 62.31   0.03701353   0.00000000   0.00000000 
 62.32   0.02937270   0.00000000   0.00000000 
 62.33   0.02148078   0.00000000   0.00000000 
 62.34   0.01347647   0.00000000   0.00000000 
 62.35   0.00540500   0.00000000   0.00000000 
 62.36  -0.00269547   0.00000000   0.00000000 
 62.37  -0.01078162   0.00000000   0.00000000 
 62.38  -0.01879270   0.00000000   0.00000000 
 62.39  -0.02665487   0.00000000   0.00000000 
 62.40  -0.03434977   0.00000000   0.00000000 
 62.41  -0.04182785   0.00000000   0.00000000 
 62.42  -0.04904697   0.00000000   0.00000000 
 62.43  -0.05597090   0.00000000   0.00000000 
 62.44  -0.06256790   0.00000000   0.00000000 
 62.45  -0.06868107   0.00000000   0.00000000 
 62.46  -0.07436563   0.00000000   0.00000000 
 62.47  -0.07958885   0.00000000   0.00000000 
 62.48  -0.08432333   0.00000000   0.00000000 
 62.49  -0.08854677   0.00000000   0.00000000 
 62.50  -0.09224160   0.00000000   0.00000000 
 62.51  -0.09524135   0.00000000   0.00000000 
 62.52  -0.09765883   0.00000000   0.00000000 
 62.53  -0.09948220   0.00000000   0.00000000 
 62.54  -0.10070483   0.00000000   0.00000000 
 62.55  -0.10132042   0.00000000   0.00000000 
 62.56  -0.10131800   0.00000000   0.00000000 
 62.57  -0.10062758   0.00000000   0.00000000 
 62.58  -0.09936303   0.00000000   0.00000000 
 62.59  -0.09751545   0.00000000   0.00000000 
 62.60  -0.09508833   0.00000000   0.00000000 
 62.61  -0.09209252   0.00000000   0.00000000 
 62.62  -0.08854110   0.00000000   0.00000000 
 62.63  -0.08430502   0.00000000   0.00000000 
 62.64  -0.07952340   0.00000000   0.00000000 
 62.65  -0.07420515   0.00000000   0.00000000 
 62.66  -0.06836697   0.00000000   0.00000000 
 62.67  -0.06204540   0.00000000   0.00000000 
 62.68  -0.05530890   0.00000000   0.00000000 
 62.69  -0.04820232   0.00000000   0.00000000 
 62.70  -0.04086213   0.00000000   0.00000000 
 62.71  -0.03329900   0.00000000   0.00000000 
 62.72  -0.02553563   0.00000000   0.00000000 
 62.73  -0.01760702   0.00000000   0.00000000 
 62.74  -0.00956060   0.00000000   0.00000000 
 62.75  -0.00144160   0.00000000   0.00000000 
 62.76   0.00665280   0.00000000   0.00000000 
 62.77   0.01468045   0.00000000   0.00000000 
 62.78   0.02261247   0.00000000   0.00000000 
 62.79   0.03042042   0.00000000   0.00000000 
 62.80   0.03806350   0.00000000   0.00000000 
 62.81   0.04541342   0.00000000   0.00000000 
 62.82   0.05247980   0.00000000   0.00000000 
 62.83   0.05921370   0.00000000   0.00000000 
 62.84   0.06557190   0.00000000   0.00000000 
 62.85   0.07152233   0.00000000   0.00000000 
 62.86   0.07704950   0.00000000   0.00000000 
 62.87   0.08200867   0.00000000   0.00000000 
 62.88   0.08645837   0.00000000   0.00000000 
 62.89   0.09037180   0.00000000   0.00000000 
 62.90   0.09373083   0.00000000   0.00000000 
 62.91   0.09652148   0.00000000   0.00000000 
 62.92   0.09872940   0.00000000   0.00000000 
 62.93   0.10019540   0.00000000   0.00000000 
 62.94   0.10105767   0.00000000   0.00000000 
 62.95   0.10130515   0.00000000   0.00000000 
 62.96   0.10096677   0.00000000   0.00000000 
 62.97   0.10006720   0.00000000   0.00000000 
 62.98   0.09858270   0.00000000   0.00000000 
 62.99   0.09637520   0.00000000   0.00000000 
 63.00   0.09358777   0.00000000   0.00000000 
 63.01   0.09023235   0.00000000   0.00000000 
 63.02   0.08632140   0.00000000   0.00000000 
 63.03   0.08186352   0.00000000   0.00000000 
 63.04   0.07685910   0.00000000   0.00000000 
 63.05   0.07118693   0.00000000   0.00000000 
 63.06   0.06504390   0.00000000   0.00000000 
 63.07   0.05848970   0.00000000   0.00000000 
 63.08   0.05159507   0.00000000   0.00000000 
 63.09   0.04442537   0.00000000   0.00000000 
 63.10   0.03702420   0.00000000   0.00000000 
 63.11   0.02933537   0.00000000   0.00000000 
 63.12   0.02145860   0.00000000   0.00000000 
 63.13   0.01346200   0.00000000   0.00000000 
 63.14   0.00539360   0.00000000   0.00000000 
 63.15  -0.00270802   0.00000000   0.00000000 
 63.16  -0.01080310   0.00000000   0.00000000 
 63.17  -0.01879110   0.00000000   0.00000000 
 63.18  -0.02665437   0.00000000   0.00000000 
 63.19  -0.03435310   0.00000000   0.00000000 
 63.20  -0.04184070   0.00000000   0.00000000 
 63.21  -0.04907270   0.00000000   0.00000000 
 63.22  -0.05601570   0.00000000   0.00000000 
 63.23  -0.06253512   0.00000000   0.00000000 
 63.24  -0.06866053   0.00000000   0.00000000 
 63.25  -0.07436015   0.00000000   0.00000000 
 63.26  -0.07960267   0.00000000   0.00000000 
 63.27  -0.08435932   0.00000000   0.00000000 
 63.28  -0.08860590   0.00000000   0.00000000 
 63.29  -0.09218757   0.00000000   0.00000000 
 63.30  -0.09520810   0.00000000   0.00000000 
 63.31  -0.09764845   0.00000000   0.00000000 
 63.32  -0.09949657   0.00000000   0.00000000 
 63.33  -0.10074438   0.00000000   0.00000000 
 63.34  -0.10138480   0.00000000   0.00000000 
 63.35  -0.10126488   0.00000000   0.00000000 
 63.36  -0.10059403   0.00000000   0.00000000 
 63.37  -0.09935170   0.00000000   0.00000000 
 63.38  -0.09752947   0.00000000   0.00000000 
 63.39  -0.09512777   0.00000000   0.00000000 
 63.40  -0.09215260   0.00000000   0.00000000 
 63.41  -0.08848352   0.00000000   0.00000000 
 63.42  -0.08426957   0.00000000   0.00000000 
 63.43  -0.07950800   0.00000000   0.00000000 
 63.44  -0.07420687   0.00000000   0.00000000 
 63.45  -0.06838450   0.00000000   0.00000000 
 63.46  -0.06206900   0.00000000   0.00000000 
 63.47  -0.05526000   0.00000000   0.00000000 
 63.48  -0.04817340   0.00000000   0.00000000 
 63.49  -0.04084660   0.00000000   0.00000000 
 63.50  -0.03329577   0.00000000   0.00000000 
 63.51  -0.02553663   0.00000000   0.00000000 
 63.52  -0.01760530   0.00000000   0.00000000 
 63.53  -0.00954355   0.00000000   0.00000000 
 63.54  -0.00143347   0.00000000   0.00000000 
 63.55   0.00666030   0.00000000   0.00000000 
 63.56   0.01469147   0.00000000   0.00000000 
 63.57   0.02262783   0.00000000   0.00000000 
 63.58   0.03044700   0.00000000   0.00000000 
 63.59   0.03804575   0.00000000   0.00000000 
 63.60   0.04540243   0.00000000   0.00000000 
 63.61   0.05247720   0.00000000   0.00000000 
 63.62   0.05922507   0.00000000   0.00000000 
 63.63   0.06560198   0.00000000   0.00000000 
 63.64   0.07157090   0.00000000   0.00000000 
 63.65   0.07700540   0.00000000   0.00000000 
 63.66   0.08197790   0.00000000   0.00000000 
 63.67   0.08644825   0.00000000   0.00000000 
 63.68   0.09038563   0.00000000   0.00000000 
 63.69   0.09376842   0.00000000   0.00000000 
 63.70   0.09658400   0.00000000   0.00000000 
 63.71   0.09866892   0.00000000   0.00000000 
 63.72   0.10015797   0.00000000   0.00000000 
 63.73   0.10104420   0.00000000   0.00000000 
 63.74   0.10132177   0.00000000   0.00000000 
 63.75   0.10100233   0.00000000   0.00000000 
 63.76   0.10013150   0.00000000   0.00000000 
 63.77   0.09852433   0.00000000   0.00000000 
 63.78   0.09634190   0.00000000   0.00000000 
 63.79   0.09358020   0.00000000   0.00000000 
 63.80   0.09024813   0.00000000   0.00000000 
 63.81   0.08635983   0.00000000   0.00000000 
 63.82   0.08192700   0.00000000   0.00000000 
 63.83   0.07680975   0.00000000   0.00000000 
 63.84   0.07116503   0.00000000   0.00000000 
 63.85   0.06504415   0.00000000   0.00000000 
 63.86   0.05850537   0.00000000   0.00000000 
 63.87   0.05161582   0.00000000   0.00000000 
 63.88   0.04445340   0.00000000   0.00000000 
 63.89   0.03700482   0.00000000   0.00000000 
 63.90   0.02932750   0.00000000   0.00000000 
 63.91   0.02146270   0.00000000   0.00000000 
 63.92   0.01346823   0.00000000   0.00000000 
 63.93   0.00539943   0.00000000   0.00000000 
 63.94  -0.00270990   0.00000000   0.00000000 
 63.95  -0.01079215   0.00000000   0.00000000 
 63.96  -0.01878020   0.00000000   0.00000000 
 63.97  -0.02664665   0.00000000   0.00000000 
 63.98  -0.03435347   0.00000000   0.00000000 
 63.99  -0.04185515   0.00000000   0.00000000 
 64.00  -0.04910190   0.00000000   0.00000000 
 64.01  -0.05597982   0.00000000   0.00000000 
 64.02  -0.06250933   0.00000000   0.00000000 
 64.03  -0.06864945   0.00000000   0.00000000 
 64.04  -0.07436710   0.00000000   0.00000000 
 64.05  -0.07963220   0.00000000   0.00000000 
 64.06  -0.08441270   0.00000000   0.00000000 
 64.07  -0.08854987   0.00000000   0.00000000 
 64.08  -0.09215197   0.00000000   0.00000000 
 64.09  -0.09519525   0.00000000   0.00000000 
 64.10  -0.09766043   0.00000000   0.00000000 
 64.11  -0.09953413   0.00000000   0.00000000 
 64.12  -0.10081030   0.00000000   0.00000000 
 64.13  -0.10131697   0.00000000   0.00000000 
 64.14  -0.10122950   0.00000000   0.00000000 
 64.15  -0.10058055   0.00000000   0.00000000 
 64.16  -0.09936420   0.00000000   0.00000000 
 64.17  -0.09756422   0.00000000   0.00000000 
 64.18  -0.09518230   0.00000000   0.00000000 
 64.19  -0.09209088   0.00000000   0.00000000 
 64.20  -0.08844627   0.00000000   0.00000000 
 64.21  -0.08425360   0.00000000   0.00000000 
 64.22  -0.07951483   0.00000000   0.00000000 
 64.23  -0.07423532   0.00000000   0.00000000 
 64.24  -0.06843040   0.00000000   0.00000000 
 64.25  -0.06201973   0.00000000   0.00000000 
 64.26  -0.05523987   0.00000000   0.00000000 
 64.27  -0.04816840   0.00000000   0.00000000 
 64.28  -0.04084943   0.00000000   0.00000000 
 64.29  -0.03330527   0.00000000   0.00000000 
 64.30  -0.02554810   0.00000000   0.00000000 
 64.31  -0.01759052   0.00000000   0.00000000 
 64.32  -0.00953627   0.00000000   0.00000000 
 64.33  -0.00143275   0.00000000   0.00000000 
 64.34   0.00666220   0.00000000   0.00000000 
 64.35   0.01469700   0.00000000   0.00000000 
 64.36   0.02264300   0.00000000   0.00000000 
 64.37   0.03043575   0.00000000   0.00000000 
 64.38   0.03803450   0.00000000   0.00000000 
 64.39   0.04539745   0.00000000   0.00000000 
 64.40   0.05248367   0.00000000   0.00000000 
 64.41   0.05924967   0.00000000   0.00000000 
 64.42   0.06564600   0.00000000   0.00000000 
 64.43   0.07152758   0.00000000   0.00000000 
 64.44   0.07697850   0.00000000   0.00000000 
 64.45   0.08196735   0.00000000   0.00000000 
 64.46   0.08645867   0.00000000   0.00000000 
 64.47   0.09041997   0.00000000   0.00000000 
 64.48   0.09382880   0.00000000   0.00000000 
 64.49   0.09652363   0.00000000   0.00000000 
 64.50   0.09863233   0.00000000   0.00000000 
 64.51   0.10014580   0.00000000   0.00000000 
 64.52   0.10105540   0.00000000   0.00000000 
 64.53   0.10135800   0.00000000   0.00000000 
 64.54   0.10106100   0.00000000   0.00000000 
 64.55   0.10007108   0.00000000   0.00000000 
 64.56   0.09849090   0.00000000   0.00000000 
 64.57   0.09632810   0.00000000   0.00000000 
 64.58   0.09358740   0.00000000   0.00000000 
 64.59   0.09027540   0.00000000   0.00000000 
 64.60   0.08640540   0.00000000   0.00000000 
 64.61   0.08185498   0.00000000   0.00000000 
 64.62   0.07675870   0.00000000   0.00000000 
 64.63   0.07113790   0.00000000   0.00000000 
 64.64   0.06503613   0.00000000   0.00000000 
 64.65   0.05851155   0.00000000   0.00000000 
 64.66   0.05162930   0.00000000   0.00000000 
 64.67   0.04441972   0.00000000   0.00000000 
 64.68   0.03697840   0.00000000   0.00000000 
 64.69   0.02931235   0.00000000   0.00000000 
 64.70   0.02145650   0.00000000   0.00000000 
 64.71   0.01346353   0.00000000   0.00000000 
 64.72   0.00539370   0.00000000   0.00000000 
 64.73  -0.00271672   0.00000000   0.00000000 
 64.74  -0.01079220   0.00000000   0.00000000 
 64.75  -0.01878400   0.00000000   0.00000000 
 64.76  -0.02665583   0.00000000   0.00000000 
 64.77  -0.03437270   0.00000000   0.00000000 
 64.78  -0.04188970   0.00000000   0.00000000 
 64.79  -0.04907820   0.00000000   0.00000000 
 64.80  -0.05596290   0.00000000   0.00000000 
 64.81  -0.06250395   0.00000000   0.00000000 
 64.82  -0.06866197   0.00000000   0.00000000 
 64.83  -0.07440038   0.00000000   0.00000000 
 64.84  -0.07968780   0.00000000   0.00000000 
 64.85  -0.08436163   0.00000000   0.00000000 
 64.86  -0.08851873   0.00000000   0.00000000 
 64.87  -0.09214195   0.00000000   0.00000000 
 64.88  -0.09520967   0.00000000   0.00000000 
 64.89  -0.09770082   0.00000000   0.00000000 
 64.90  -0.09959990   0.00000000   0.00000000 
 64.91  -0.10074982   0.00000000   0.00000000 
 64.92  -0.10127933   0.00000000   0.00000000 
 64.93  -0.10122020   0.00000000   0.00000000 
 64.94  -0.10059427   0.00000000   0.00000000 
 64.95  -0.09940498   0.00000000   0.00000000 
 64.96  -0.09762890   0.00000000   0.00000000 
 64.97  -0.09512915   0.00000000   0.00000000 
 64.98  -0.09206613   0.00000000   0.00000000 
 64.99  -0.08844745   0.00000000   0.00000000 
 65.00  -0.08427900   0.00000000   0.00000000 
 65.01  -0.07956493   0.00000000   0.00000000 
 65.02  -0.07430760   0.00000000   0.00000000 
 65.03  -0.06839802   0.00000000   0.00000000 
 65.04  -0.06201843   0.00000000   0.00000000 
 65.05  -0.05525730   0.00000000   0.00000000 
 65.06  -0.04819260   0.00000000   0.00000000 
 65.07  -0.04088005   0.00000000   0.00000000 
 65.08  -0.03334130   0.00000000   0.00000000 
 65.09  -0.02554555   0.00000000   0.00000000 
 65.10  -0.01759920   0.00000000   0.00000000 
 65.11  -0.00954955   0.00000000   0.00000000 
 65.12  -0.00144600   0.00000000   0.00000000 
 65.13   0.00665713   0.00000000   0.00000000 
 65.14   0.01469780   0.00000000   0.00000000 
 65.15   0.02262055   0.00000000   0.00000000 
 65.16   0.03041210   0.00000000   0.00000000 
 65.17   0.03801740   0.00000000   0.00000000 
 65.18   0.04539273   0.00000000   0.00000000 
 65.19   0.05249732   0.00000000   0.00000000 
 65.20   0.05928490   0.00000000   0.00000000 
 65.21   0.06559740   0.00000000   0.00000000 
 65.22   0.07149557   0.00000000   0.00000000 
 65.23   0.07696335   0.00000000   0.00000000 
 65.24   0.08197223   0.00000000   0.00000000 
 65.25   0.08648747   0.00000000   0.00000000 
 65.26   0.09047430   0.00000000   0.00000000 
 65.27   0.09376505   0.00000000   0.00000000 
 65.28   0.09648260   0.00000000   0.00000000 
 65.29   0.09861665   0.00000000   0.00000000 
 65.30   0.10015687   0.00000000   0.00000000 
 65.31   0.10109268   0.00000000   0.00000000 
 65.32   0.10141310   0.00000000   0.00000000 
 65.33   0.10100127   0.00000000   0.00000000 
 65.34   0.10003117   0.00000000   0.00000000 
 65.35   0.09848030   0.00000000   0.00000000 
 65.36   0.09634473   0.00000000   0.00000000 
 65.37   0.09363062   0.00000000   0.00000000 
 65.38   0.09034570   0.00000000   0.00000000 
 65.39   0.08636570   0.00000000   0.00000000 
 65.40   0.08183910   0.00000000   0.00000000 
 65.41   0.07676845   0.00000000   0.00000000 
 65.42   0.07117147   0.00000000   0.00000000 
 65.43   0.06508418   0.00000000   0.00000000 
 65.44   0.05856410   0.00000000   0.00000000 
 65.45   0.05161910   0.00000000   0.00000000 
 65.46   0.04442230   0.00000000   0.00000000 
 65.47   0.03698865   0.00000000   0.00000000 
 65.48   0.02933190   0.00000000   0.00000000 
 65.49   0.02147845   0.00000000   0.00000000 
 65.50   0.01348120   0.00000000   0.00000000 
 65.51   0.00540020   0.00000000   0.00000000 
 65.52  -0.00270360   0.00000000   0.00000000 
 65.53  -0.01077785   0.00000000   0.00000000 
 65.54  -0.01877627   0.00000000   0.00000000 
 65.55  -0.02665822   0.00000000   0.00000000 
 65.56  -0.03438830   0.00000000   0.00000000 
 65.57  -0.04185588   0.00000000   0.00000000 
 65.58  -0.04905293   0.00000000   0.00000000 
 65.59  -0.05594885   0.00000000   0.00000000 
 65.60  -0.06250483   0.00000000   0.00000000 
 65.61  -0.06868098   0.00000000   0.00000000 
 65.62  -0.07444340   0.00000000   0.00000000 
 65.63  -0.07963323   0.00000000   0.00000000 
 65.64  -0.08432560   0.00000000   0.00000000 
 65.65  -0.08850325   0.00000000   0.00000000 
 65.66  -0.09214853   0.00000000   0.00000000 
 65.67  -0.09524168   0.00000000   0.00000000 
 65.68  -0.09775910   0.00000000   0.00000000 
 65.69  -0.09953460   0.00000000   0.00000000 
 65.70  -0.10070937   0.00000000   0.00000000 
 65.71  -0.10126520   0.00000000   0.00000000 
 65.72  -0.10122683   0.00000000   0.00000000 
 65.73  -0.10062550   0.00000000   0.00000000 
 65.74  -0.09946250   0.00000000   0.00000000 
 65.75  -0.09756608   0.00000000   0.00000000 
 65.76  -0.09509220   0.00000000   0.00000000 
 65.77  -0.09205245   0.00000000   0.00000000 
 65.78  -0.08845653   0.00000000   0.00000000 
 65.79  -0.08431138   0.00000000   0.00000000 
 65.80  -0.07962030   0.00000000   0.00000000 
 65.81  -0.07425455   0.00000000   0.00000000 
 65.82  -0.06837067   0.00000000   0.00000000 
 65.83  -0.06201725   0.00000000   0.00000000 
 65.84  -0.05526983   0.00000000   0.00000000 
 65.85  -0.04820987   0.00000000   0.00000000 
 65.86  -0.04090370   0.00000000   0.00000000 
 65.87  -0.03331962   0.00000000   0.00000000 
 65.88  -0.02553653   0.00000000   0.00000000 
 65.89  -0.01760005   0.00000000   0.00000000 
 65.90  -0.00955517   0.00000000   0.00000000 
 65.91  -0.00144960   0.00000000   0.00000000 
 65.92   0.00666290   0.00000000   0.00000000 
 65.93   0.01468832   0.00000000   0.00000000 
 65.94   0.02261360   0.00000000   0.00000000 
 65.95   0.03040740   0.00000000   0.00000000 
 65.96   0.03802190   0.00000000   0.00000000 
 65.97   0.04540813   0.00000000   0.00000000 
 65.98   0.05253130   0.00000000   0.00000000 
 65.99   0.05924547   0.00000000   0.00000000 
 66.00   0.06557157   0.00000000   0.00000000 
 66.01   0.07148630   0.00000000   0.00000000 
 66.02   0.07697153   0.00000000   0.00000000 
 66.03   0.08200383   0.00000000   0.00000000 
 66.04   0.08654400   0.00000000   0.00000000 
 66.05   0.09041558   0.00000000   0.00000000 
 66.06   0.09372857   0.00000000   0.00000000 
 66.07   0.09646895   0.00000000   0.00000000 
 66.08   0.09862700   0.00000000   0.00000000 
 66.09   0.10019365   0.00000000   0.00000000 
 66.10   0.10115690   0.00000000   0.00000000 
 66.11   0.10134865   0.00000000   0.00000000 
 66.12   0.10096700   0.00000000   0.00000000 
 66.13   0.10001540   0.00000000   0.00000000 
 66.14   0.09848770   0.00000000   0.00000000 
 66.15   0.09637760   0.00000000   0.00000000 
 66.16   0.09368810   0.00000000   0.00000000 
 66.17   0.09028427   0.00000000   0.00000000 
 66.18   0.08632883   0.00000000   0.00000000 
 66.19   0.08182650   0.00000000   0.00000000 
 66.20   0.07677987   0.00000000   0.00000000 
 66.21   0.07120157   0.00000000   0.00000000 
 66.22   0.06512640   0.00000000   0.00000000 
 66.23   0.05852623   0.00000000   0.00000000 
 66.24   0.05160193   0.00000000   0.00000000 
 66.25   0.04441540   0.00000000   0.00000000 
 66.26   0.03699280   0.00000000   0.00000000 
 66.27   0.02934490   0.00000000   0.00000000 
 66.28   0.02148740   0.00000000   0.00000000 
 66.29   0.01347140   0.00000000   0.00000000 
 66.30   0.00539753   0.00000000   0.00000000 
 66.31  -0.00270300   0.00000000   0.00000000 
 66.32  -0.01078097   0.00000000   0.00000000 
 66.33  -0.01878467   0.00000000   0.00000000 
 66.34  -0.02667550   0.00000000   0.00000000 
 66.35  -0.03436842   0.00000000   0.00000000 
 66.36  -0.04183940   0.00000000   0.00000000 
 66.37  -0.04904600   0.00000000   0.00000000 
 66.38  -0.05595413   0.00000000   0.00000000 
 66.39  -0.06252935   0.00000000   0.00000000 
 66.40  -0.06872810   0.00000000   0.00000000 
 66.41  -0.07439802   0.00000000   0.00000000 
 66.42  -0.07960240   0.00000000   0.00000000 
 66.43  -0.08431450   0.00000000   0.00000000 
 66.44  -0.08851383   0.00000000   0.00000000 
 66.45  -0.09218252   0.00000000   0.00000000 
 66.46  -0.09530160   0.00000000   0.00000000 
 66.47  -0.09769710   0.00000000   0.00000000 
 66.48  -0.09949540   0.00000000   0.00000000 
 66.49  -0.10069365   0.00000000   0.00000000 
 66.50  -0.10128087   0.00000000   0.00000000 
 66.51  -0.10126285   0.00000000   0.00000000 
 66.52  -0.10068710   0.00000000   0.00000000 
 66.53  -0.09940152   0.00000000   0.00000000 
 66.54  -0.09753213   0.00000000   0.00000000 
 66.55  -0.09508355   0.00000000   0.00000000 
 66.56  -0.09206570   0.00000000   0.00000000 
 66.57  -0.08849018   0.00000000   0.00000000 
 66.58  -0.08436660   0.00000000   0.00000000 
 66.59  -0.07955835   0.00000000   0.00000000 
 66.60  -0.07421190   0.00000000   0.00000000 
 66.61  -0.06834685   0.00000000   0.00000000 
 66.62  -0.06200907   0.00000000   0.00000000 
 66.63  -0.05526813   0.00000000   0.00000000 
 66.64  -0.04821480   0.00000000   0.00000000 
 66.65  -0.04086838   0.00000000   0.00000000 
 66.66  -0.03329830   0.00000000   0.00000000 
 66.67  -0.02552575   0.00000000   0.00000000 
 66.68  -0.01759267   0.00000000   0.00000000 
 66.69  -0.00954845   0.00000000   0.00000000 
 66.70  -0.00143670   0.00000000   0.00000000 
 66.71   0.00666572   0.00000000   0.00000000 
 66.72   0.01469027   0.00000000   0.00000000 
 66.73   0.02261695   0.00000000   0.00000000 
 66.74   0.03041547   0.00000000   0.00000000 
 66.75   0.03804338   0.00000000   0.00000000 
 66.76   0.04544430   0.00000000   0.00000000 
 66.77   0.05250363   0.00000000   0.00000000 
 66.78   0.05922590   0.00000000   0.00000000 
 66.79   0.06556675   0.00000000   0.00000000 
 66.80   0.07149847   0.00000000   0.00000000 
 66.81   0.07700248   0.00000000   0.00000000 
 66.82   0.08206190   0.00000000   0.00000000 
 66.83   0.08649340   0.00000000   0.00000000 
 66.84   0.09038443   0.00000000   0.00000000 
 66.85   0.09371995   0.00000000   0.00000000 
 66.86   0.09648510   0.00000000   0.00000000 
 66.87   0.09866740   0.00000000   0.00000000 
 66.88   0.10025890   0.00000000   0.00000000 
 66.89   0.10109615   0.00000000   0.00000000 
 66.90   0.10131567   0.00000000   0.00000000 
 66.91   0.10095865   0.00000000   0.00000000 
 66.92   0.10003130   0.00000000   0.00000000 
 66.93   0.09852525   0.00000000   0.00000000 
 66.94   0.09643800   0.00000000   0.00000000 
 66.95   0.09362600   0.00000000   0.00000000 
 66.96   0.09024580   0.00000000   0.00000000 
 66.97   0.08631265   0.00000000   0.00000000 
 66.98   0.08183197   0.00000000   0.00000000 
 66.99   0.07680593   0.00000000   0.00000000 
 67.00   0.07124010   0.00000000   0.00000000 
 67.01   0.06507027   0.00000000   0.00000000 
 67.02   0.05849550   0.00000000   0.00000000 
 67.03   0.05158985   0.00000000   0.00000000 
 67.04   0.04441310   0.00000000   0.00000000 
 67.05   0.03700143   0.00000000   0.00000000 
 67.06   0.02935810   0.00000000   0.00000000 
 67.07   0.02146468   0.00000000   0.00000000 
 67.08   0.01346153   0.00000000   0.00000000 
 67.09   0.00539205   0.00000000   0.00000000 
 67.10  -0.00270647   0.00000000   0.00000000 
 67.11  -0.01079127   0.00000000   0.00000000 
 67.12  -0.01880260   0.00000000   0.00000000 
 67.13  -0.02666493   0.00000000   0.00000000 
 67.14  -0.03435960   0.00000000   0.00000000 
 67.15  -0.04183680   0.00000000   0.00000000 
 67.16  -0.04905447   0.00000000   0.00000000 
 67.17  -0.05597695   0.00000000   0.00000000 
 67.18  -0.06257370   0.00000000   0.00000000 
 67.19  -0.06868678   0.00000000   0.00000000 
 67.20  -0.07437113   0.00000000   0.00000000 
 67.21  -0.07959390   0.00000000   0.00000000 
 67.22  -0.08432740   0.00000000   0.00000000 
 67.23  -0.08854933   0.00000000   0.00000000 
 67.24  -0.09224300   0.00000000   0.00000000 
 67.25  -0.09524408   0.00000000   0.00000000 
 67.26  -0.09766170   0.00000000   0.00000000 
 67.27  -0.09948385   0.00000000   0.00000000 
 67.28  -0.10070557   0.00000000   0.00000000 
 67.29  -0.10132177   0.00000000   0.00000000 
 67.30  -0.10132010   0.00000000   0.00000000 
 67.31  -0.10062943   0.00000000   0.00000000 
 67.32  -0.09936570   0.00000000   0.00000000 
 67.33  -0.09752010   0.00000000   0.00000000 
 67.34  -0.09509540   0.00000000   0.00000000 
 67.35  -0.09210140   0.00000000   0.00000000 
 67.36  -0.08855040   0.00000000   0.00000000 
 67.37  -0.08431473   0.00000000   0.00000000 
 67.38  -0.07953313   0.00000000   0.00000000 
 67.39  -0.07421495   0.00000000   0.00000000 
 67.40  -0.06837697   0.00000000   0.00000000 
 67.41  -0.06205550   0.00000000   0.00000000 
 67.42  -0.05531850   0.00000000   0.00000000 
 67.43  -0.04821025   0.00000000   0.00000000 
 67.44  -0.04086993   0.00000000   0.00000000 
 67.45  -0.03330690   0.00000000   0.00000000 
 67.46  -0.02554307   0.00000000   0.00000000 
 67.47  -0.01761328   0.00000000   0.00000000 
 67.48  -0.00956570   0.00000000   0.00000000 
 67.49  -0.00144603   0.00000000   0.00000000 
 67.50   0.00665023   0.00000000   0.00000000 
 67.51   0.01467905   0.00000000   0.00000000 
 67.52   0.02261073   0.00000000   0.00000000 
 67.53   0.03041738   0.00000000   0.00000000 
 67.54   0.03806030   0.00000000   0.00000000 
 67.55   0.04541088   0.00000000   0.00000000 
 67.56   0.05247760   0.00000000   0.00000000 
 67.57   0.05921175   0.00000000   0.00000000 
 67.58   0.06557023   0.00000000   0.00000000 
 67.59   0.07152072   0.00000000   0.00000000 
 67.60   0.07704680   0.00000000   0.00000000 
 67.61   0.08200555   0.00000000   0.00000000 
 67.62   0.08645557   0.00000000   0.00000000 
 67.63   0.09036915   0.00000000   0.00000000 
 67.64   0.09372773   0.00000000   0.00000000 
 67.65   0.09651767   0.00000000   0.00000000 
 67.66   0.09872600   0.00000000   0.00000000 
 67.67   0.10019200   0.00000000   0.00000000 
 67.68   0.10105367   0.00000000   0.00000000 
 67.69   0.10130230   0.00000000   0.00000000 
 67.70   0.10096640   0.00000000   0.00000000 
 67.71   0.10006907   0.00000000   0.00000000 
 67.72   0.09858540   0.00000000   0.00000000 
 67.73   0.09637815   0.00000000   0.00000000 
 67.74   0.09359143   0.00000000   0.00000000 
 67.75   0.09023745   0.00000000   0.00000000 
 67.76   0.08632793   0.00000000   0.00000000 
 67.77   0.08187075   0.00000000   0.00000000 
 67.78   0.07686650   0.00000000   0.00000000 
 67.79   0.07119450   0.00000000   0.00000000 
 67.80   0.06505043   0.00000000   0.00000000 
 67.81   0.05849595   0.00000000   0.00000000 
 67.82   0.05160180   0.00000000   0.00000000 
 67.83   0.04443222   0.00000000   0.00000000 
 67.84   0.03702930   0.00000000   0.00000000 
 67.85   0.02933880   0.00000000   0.00000000 
 67.86   0.02146183   0.00000000   0.00000000 
 67.87   0.01346505   0.00000000   0.00000000 
 67.88   0.00539673   0.00000000   0.00000000 
 67.89  -0.00270408   0.00000000   0.00000000 
 67.90  -0.01079850   0.00000000   0.00000000 
 67.91  -0.01878858   0.00000000   0.00000000 
 67.92  -0.02665273   0.00000000   0.00000000 
 67.93  -0.03435145   0.00000000   0.00000000 
 67.94  -0.04183860   0.00000000   0.00000000 
 67.95  -0.04907013   0.00000000   0.00000000 
 67.96  -0.05601280   0.00000000   0.00000000 
 67.97  -0.06253297   0.00000000   0.00000000 
 67.98  -0.06865947   0.00000000   0.00000000 
 67.99  -0.07435945   0.00000000   0.00000000 
 68.00  -0.07960150   0.00000000   0.00000000 
 68.01  -0.08435720   0.00000000   0.00000000 
 68.02  -0.08860270   0.00000000   0.00000000 
 68.03  -0.09218445   0.00000000   0.00000000 
 68.04  -0.09520593   0.00000000   0.00000000 
 68.05  -0.09764695   0.00000000   0.00000000 
 68.06  -0.09949497   0.00000000   0.00000000 
 68.07  -0.10074192   0.00000000   0.00000000 
 68.08  -0.10138100   0.00000000   0.00000000 
 68.09  -0.10126150   0.00000000   0.00000000 
 68.10  -0.10059333   0.00000000   0.00000000 
 68.11  -0.09935370   0.00000000   0.00000000 
 68.12  -0.09753243   0.00000000   0.00000000 
 68.13  -0.09513027   0.00000000   0.00000000 
 68.14  -0.09215710   0.00000000   0.00000000 
 68.15  -0.08849110   0.00000000   0.00000000 
 68.16  -0.08427743   0.00000000   0.00000000 
 68.17  -0.07951755   0.00000000   0.00000000 
 68.18  -0.07422017   0.00000000   0.00000000 
 68.19  -0.06840182   0.00000000   0.00000000 
 68.20  -0.06208740   0.00000000   0.00000000 
 68.21  -0.05527990   0.00000000   0.00000000 
 68.22  -0.04819260   0.00000000   0.00000000 
 68.23  -0.04086190   0.00000000   0.00000000 
 68.24  -0.03330763   0.00000000   0.00000000 
 68.25  -0.02554875   0.00000000   0.00000000 
 68.26  -0.01761900   0.00000000   0.00000000 
 68.27  -0.00955467   0.00000000   0.00000000 
 68.28  -0.00144313   0.00000000   0.00000000 
 68.29   0.00665115   0.00000000   0.00000000 
 68.30   0.01468330   0.00000000   0.00000000 
 68.31   0.02262172   0.00000000   0.00000000 
 68.32   0.03044180   0.00000000   0.00000000 
 68.33   0.03803897   0.00000000   0.00000000 
 68.34   0.04539540   0.00000000   0.00000000 
 68.35   0.05247110   0.00000000   0.00000000 
 68.36   0.05922040   0.00000000   0.00000000 
 68.37   0.06559868   0.00000000   0.00000000 
 68.38   0.07156910   0.00000000   0.00000000 
 68.39   0.07700310   0.00000000   0.00000000 
 68.40   0.08197437   0.00000000   0.00000000 
 68.41   0.08644415   0.00000000   0.00000000 
 68.42   0.09038157   0.00000000   0.00000000 
 68.43   0.09376428   0.00000000   0.00000000 
 68.44   0.09657920   0.00000000   0.00000000 
 68.45   0.09866545   0.00000000   0.00000000 
 68.46   0.10015470   0.00000000   0.00000000 
 68.47   0.10103960   0.00000000   0.00000000 
 68.48   0.10131657   0.00000000   0.00000000 
 68.49   0.10099938   0.00000000   0.00000000 
 68.50   0.10013280   0.00000000   0.00000000 
 68.51   0.09852663   0.00000000   0.00000000 
 68.52   0.09634240   0.00000000   0.00000000 
 68.53   0.09357985   0.00000000   0.00000000 
 68.54   0.09024777   0.00000000   0.00000000 
 68.55   0.08635820   0.00000000   0.00000000 
 68.56   0.08192070   0.00000000   0.00000000 
 68.57   0.07679995   0.00000000   0.00000000 
 68.58   0.07115087   0.00000000   0.00000000 
 68.59   0.06502735   0.00000000   0.00000000 
 68.60   0.05849040   0.00000000   0.00000000 
 68.61   0.05160688   0.00000000   0.00000000 
 68.62   0.04444830   0.00000000   0.00000000 
 68.63   0.03699663   0.00000000   0.00000000 
 68.64   0.02931803   0.00000000   0.00000000 
 68.65   0.02145325   0.00000000   0.00000000 
 68.66   0.01345913   0.00000000   0.00000000 
 68.67   0.00539108   0.00000000   0.00000000 
 68.68  -0.00271450   0.00000000   0.00000000 
 68.69  -0.01079550   0.00000000   0.00000000 
 68.70  -0.01878570   0.00000000   0.00000000 
 68.71  -0.02665380   0.00000000   0.00000000 
 68.72  -0.03436037   0.00000000   0.00000000 
 68.73  -0.04186052   0.00000000   0.00000000 
 68.74  -0.04910660   0.00000000   0.00000000 
 68.75  -0.05598318   0.00000000   0.00000000 
 68.76  -0.06251163   0.00000000   0.00000000 
 68.77  -0.06865220   0.00000000   0.00000000 
 68.78  -0.07437063   0.00000000   0.00000000 
 68.79  -0.07963520   0.00000000   0.00000000 
 68.80  -0.08441370   0.00000000   0.00000000 
 68.81  -0.08855037   0.00000000   0.00000000 
 68.82  -0.09215237   0.00000000   0.00000000 
 68.83  -0.09519570   0.00000000   0.00000000 
 68.84  -0.09766110   0.00000000   0.00000000 
 68.85  -0.09953492   0.00000000   0.00000000 
 68.86  -0.10081000   0.00000000   0.00000000 
 68.87  -0.10131658   0.00000000   0.00000000 
 68.88  -0.10123043   0.00000000   0.00000000 
 68.89  -0.10058270   0.00000000   0.00000000 
 68.90  -0.09936800   0.00000000   0.00000000 
 68.91  -0.09757115   0.00000000   0.00000000 
 68.92  -0.09519390   0.00000000   0.00000000 
 68.93  -0.09210498   0.00000000   0.00000000 
 68.94  -0.08846287   0.00000000   0.00000000 
 68.95  -0.08427375   0.00000000   0.00000000 
 68.96  -0.07953897   0.00000000   0.00000000 
 68.97  -0.07426297   0.00000000   0.00000000 
 68.98  -0.06846130   0.00000000   0.00000000 
 68.99  -0.06205188   0.00000000   0.00000000 
 69.00  -0.05526807   0.00000000   0.00000000 
 69.01  -0.04819270   0.00000000   0.00000000 
 69.02  -0.04087233   0.00000000   0.00000000 
 69.03  -0.03332872   0.00000000   0.00000000 
 69.04  -0.02557030   0.00000000   0.00000000 
 69.05  -0.01761022   0.00000000   0.00000000 
 69.06  -0.00955480   0.00000000   0.00000000 
 69.07  -0.00144880   0.00000000   0.00000000 
 69.08   0.00664943   0.00000000   0.00000000 
 69.09   0.01468627   0.00000000   0.00000000 
 69.10   0.02263110   0.00000000   0.00000000 
 69.11   0.03042260   0.00000000   0.00000000 
 69.12   0.03802250   0.00000000   0.00000000 
 69.13   0.04538705   0.00000000   0.00000000 
 69.14   0.05247453   0.00000000   0.00000000 
 69.15   0.05924152   0.00000000   0.00000000 
 69.16   0.06563910   0.00000000   0.00000000 
 69.17   0.07152077   0.00000000   0.00000000 
 69.18   0.07697217   0.00000000   0.00000000 
 69.19   0.08196225   0.00000000   0.00000000 
 69.20   0.08645430   0.00000000   0.00000000 
 69.21   0.09041470   0.00000000   0.00000000 
 69.22   0.09382170   0.00000000   0.00000000 
 69.23   0.09651695   0.00000000   0.00000000 
 69.24   0.09862593   0.00000000   0.00000000 
 69.25   0.10014025   0.00000000   0.00000000 
 69.26   0.10105117   0.00000000   0.00000000 
 69.27   0.10135435   0.00000000   0.00000000 
 69.28   0.10105460   0.00000000   0.00000000 
 69.29   0.10006293   0.00000000   0.00000000 
 69.30   0.09848400   0.00000000   0.00000000 
 69.31   0.09632450   0.00000000   0.00000000 
 69.32   0.09358667   0.00000000   0.00000000 
 69.33   0.09027563   0.00000000   0.00000000 
 69.34   0.08640680   0.00000000   0.00000000 
 69.35   0.08185622   0.00000000   0.00000000 
 69.36   0.07675683   0.00000000   0.00000000 
 69.37   0.07113220   0.00000000   0.00000000 
 69.38   0.06502767   0.00000000   0.00000000 
 69.39   0.05850222   0.00000000   0.00000000 
 69.40   0.05162030   0.00000000   0.00000000 
 69.41   0.04441380   0.00000000   0.00000000 
 69.42   0.03697497   0.00000000   0.00000000 
 69.43   0.02930810   0.00000000   0.00000000 
 69.44   0.02145017   0.00000000   0.00000000 
 69.45   0.01345698   0.00000000   0.00000000 
 69.46   0.00538940   0.00000000   0.00000000 
 69.47  -0.00272043   0.00000000   0.00000000 
 69.48  -0.01079607   0.00000000   0.00000000 
 69.49  -0.01878765   0.00000000   0.00000000 
 69.50  -0.02665970   0.00000000   0.00000000 
 69.51  -0.03437770   0.00000000   0.00000000 
 69.52  -0.04189470   0.00000000   0.00000000 
 69.53  -0.04908120   0.00000000   0.00000000 
 69.54  -0.05596577   0.00000000   0.00000000 
 69.55  -0.06250680   0.00000000   0.00000000 
 69.56  -0.06866363   0.00000000   0.00000000 
 69.57  -0.07440017   0.00000000   0.00000000 
 69.58  -0.07968850   0.00000000   0.00000000 
 69.59  -0.08436450   0.00000000   0.00000000 
 69.60  -0.08852110   0.00000000   0.00000000 
 69.61  -0.09214295   0.00000000   0.00000000 
 69.62  -0.09520993   0.00000000   0.00000000 
 69.63  -0.09770107   0.00000000   0.00000000 
 69.64  -0.09959840   0.00000000   0.00000000 
 69.65  -0.10074765   0.00000000   0.00000000 
 69.66  -0.10127917   0.00000000   0.00000000 
 69.67  -0.10122065   0.00000000   0.00000000 
 69.68  -0.10059367   0.00000000   0.00000000 
 69.69  -0.09940385   0.00000000   0.00000000 
 69.70  -0.09763110   0.00000000   0.00000000 
 69.71  -0.09513552   0.00000000   0.00000000 
 69.72  -0.09207140   0.00000000   0.00000000 
 69.73  -0.08845305   0.00000000   0.00000000 
 69.74  -0.08428727   0.00000000   0.00000000 
 69.75  -0.07957592   0.00000000   0.00000000 
 69.76  -0.07431850   0.00000000   0.00000000 
 69.77  -0.06841150   0.00000000   0.00000000 
 69.78  -0.06203203   0.00000000   0.00000000 
 69.79  -0.05526745   0.00000000   0.00000000 
 69.80  -0.04819940   0.00000000   0.00000000 
 69.81  -0.04088735   0.00000000   0.00000000 
 69.82  -0.03335210   0.00000000   0.00000000 
 69.83  -0.02555302   0.00000000   0.00000000 
 69.84  -0.01760500   0.00000000   0.00000000 
 69.85  -0.00955595   0.00000000   0.00000000 
 69.86  -0.00145253   0.00000000   0.00000000 
 69.87   0.00665263   0.00000000   0.00000000 
 69.88   0.01469380   0.00000000   0.00000000 
 69.89   0.02261563   0.00000000   0.00000000 
 69.90   0.03041013   0.00000000   0.00000000 
 69.91   0.03801715   0.00000000   0.00000000 
 69.92   0.04539113   0.00000000   0.00000000 
 69.93   0.05249300   0.00000000   0.00000000 
 69.94   0.05928200   0.00000000   0.00000000 
 69.95   0.06559558   0.00000000   0.00000000 
 69.96   0.07149337   0.00000000   0.00000000 
 69.97   0.07696185   0.00000000   0.00000000 
 69.98   0.08197157   0.00000000   0.00000000 
 69.99   0.08648598   0.00000000   0.00000000 
 70.00   0.09047040   0.00000000   0.00000000 
 70.01   0.09376082   0.00000000   0.00000000 
 70.02   0.09647963   0.00000000   0.00000000 
 70.03   0.09861350   0.00000000   0.00000000 
 70.04   0.10015267   0.00000000   0.00000000 
 70.05   0.10108877   0.00000000   0.00000000 
 70.06   0.10141260   0.00000000   0.00000000 
 70.07   0.10099952   0.00000000   0.00000000 
 70.08   0.10002690   0.00000000   0.00000000 
 70.09   0.09847415   0.00000000   0.00000000 
 70.10   0.09633697   0.00000000   0.00000000 
 70.11   0.09361963   0.00000000   0.00000000 
 70.12   0.09032730   0.00000000   0.00000000 
 70.13   0.08634063   0.00000000   0.00000000 
 70.14   0.08180637   0.00000000   0.00000000 
 70.15   0.07672540   0.00000000   0.00000000 
 70.16   0.07111883   0.00000000   0.00000000 
 70.17   0.06502737   0.00000000   0.00000000 
 70.18   0.05851070   0.00000000   0.00000000 
 70.19   0.05157270   0.00000000   0.00000000 
 70.20   0.04438330   0.00000000   0.00000000 
 70.21   0.03695405   0.00000000   0.00000000 
 70.22   0.02929753   0.00000000   0.00000000 
 70.23   0.02144223   0.00000000   0.00000000 
 70.24   0.01344740   0.00000000   0.00000000 
 70.25   0.00537098   0.00000000   0.00000000 
 70.26  -0.00273063   0.00000000   0.00000000 
 70.27  -0.01080335   0.00000000   0.00000000 
 70.28  -0.01879997   0.00000000   0.00000000 
 70.29  -0.02668018   0.00000000   0.00000000 
 70.30  -0.03441060   0.00000000   0.00000000 
 70.31  -0.04187660   0.00000000   0.00000000 
 70.32  -0.04907060   0.00000000   0.00000000 
 70.33  -0.05596560   0.00000000   0.00000000 
 70.34  -0.06252193   0.00000000   0.00000000 
 70.35  -0.06869717   0.00000000   0.00000000 
 70.36  -0.07445600   0.00000000   0.00000000 
 70.37  -0.07964417   0.00000000   0.00000000 
 70.38  -0.08433653   0.00000000   0.00000000 
 70.39  -0.08851375   0.00000000   0.00000000 
 70.40  -0.09215837   0.00000000   0.00000000 
 70.41  -0.09525137   0.00000000   0.00000000 
 70.42  -0.09776870   0.00000000   0.00000000 
 70.43  -0.09954053   0.00000000   0.00000000 
 70.44  -0.10071357   0.00000000   0.00000000 
 70.45  -0.10127140   0.00000000   0.00000000 
 70.46  -0.10123463   0.00000000   0.00000000 
 70.47  -0.10063067   0.00000000   0.00000000 
 70.48  -0.09946350   0.00000000   0.00000000 
 70.49  -0.09757133   0.00000000   0.00000000 
 70.50  -0.09510163   0.00000000   0.00000000 
 70.51  -0.09206175   0.00000000   0.00000000 
 70.52  -0.08846453   0.00000000   0.00000000 
 70.53  -0.08432047   0.00000000   0.00000000 
 70.54  -0.07962980   0.00000000   0.00000000 
 70.55  -0.07425797   0.00000000   0.00000000 
 70.56  -0.06836967   0.00000000   0.00000000 
 70.57  -0.06201270   0.00000000   0.00000000 
 70.58  -0.05526163   0.00000000   0.00000000 
 70.59  -0.04819932   0.00000000   0.00000000 
 70.60  -0.04089840   0.00000000   0.00000000 
 70.61  -0.03332073   0.00000000   0.00000000 
 70.62  -0.02553553   0.00000000   0.00000000 
 70.63  -0.01759640   0.00000000   0.00000000 
 70.64  -0.00955163   0.00000000   0.00000000 
 70.65  -0.00144747   0.00000000   0.00000000 
 70.66   0.00666870   0.00000000   0.00000000 
 70.67   0.01469403   0.00000000   0.00000000 
 70.68   0.02261483   0.00000000   0.00000000 
 70.69   0.03040780   0.00000000   0.00000000 
 70.70   0.03802460   0.00000000   0.00000000 
 70.71   0.04541195   0.00000000   0.00000000 
 70.72   0.05253170   0.00000000   0.00000000 
 70.73   0.05924695   0.00000000   0.00000000 
 70.74   0.06557427   0.00000000   0.00000000 
 70.75   0.07148830   0.00000000   0.00000000 
 70.76   0.07697253   0.00000000   0.00000000 
 70.77   0.08200532   0.00000000   0.00000000 
 70.78   0.08654590   0.00000000   0.00000000 
 70.79   0.09041532   0.00000000   0.00000000 
 70.80   0.09372787   0.00000000   0.00000000 
 70.81   0.09646955   0.00000000   0.00000000 
 70.82   0.09862777   0.00000000   0.00000000 
 70.83   0.10019192   0.00000000   0.00000000 
 70.84   0.10115400   0.00000000   0.00000000 
 70.85   0.10134917   0.00000000   0.00000000 
 70.86   0.10096827   0.00000000   0.00000000 
 70.87   0.10001585   0.00000000   0.00000000 
 70.88   0.09848693   0.00000000   0.00000000 
 70.89   0.09637538   0.00000000   0.00000000 
 70.90   0.09368230   0.00000000   0.00000000 
 70.91   0.09027230   0.00000000   0.00000000 
 70.92   0.08631043   0.00000000   0.00000000 
 70.93   0.08180000   0.00000000   0.00000000 
 70.94   0.07674243   0.00000000   0.00000000 
 70.95   0.07115180   0.00000000   0.00000000 
 70.96   0.06506930   0.00000000   0.00000000 
 70.97   0.05847413   0.00000000   0.00000000 
 70.98   0.05155737   0.00000000   0.00000000 
 70.99   0.04437865   0.00000000   0.00000000 
 71.00   0.03696083   0.00000000   0.00000000 
 71.01   0.02931278   0.00000000   0.00000000 
 71.02   0.02145220   0.00000000   0.00000000 
 71.03   0.01344078   0.00000000   0.00000000 
 71.04   0.00537063   0.00000000   0.00000000 
 71.05  -0.00272800   0.00000000   0.00000000 
 71.06  -0.01080493   0.00000000   0.00000000 
 71.07  -0.01880728   0.00000000   0.00000000 
 71.08  -0.02669670   0.00000000   0.00000000 
 71.09  -0.03438953   0.00000000   0.00000000 
 71.10  -0.04185857   0.00000000   0.00000000 
 71.11  -0.04906320   0.00000000   0.00000000 
 71.12  -0.05597077   0.00000000   0.00000000 
 71.13  -0.06254637   0.00000000   0.00000000 
 71.14  -0.06874270   0.00000000   0.00000000 
 71.15  -0.07440937   0.00000000   0.00000000 
 71.16  -0.07961270   0.00000000   0.00000000 
 71.17  -0.08432505   0.00000000   0.00000000 
 71.18  -0.08852443   0.00000000   0.00000000 
 71.19  -0.09219255   0.00000000   0.00000000 
 71.20  -0.09531280   0.00000000   0.00000000 
 71.21  -0.09770638   0.00000000   0.00000000 
 71.22  -0.09950177   0.00000000   0.00000000 
 71.23  -0.10069930   0.00000000   0.00000000 
 71.24  -0.10128623   0.00000000   0.00000000 
 71.25  -0.10126608   0.00000000   0.00000000 
 71.26  -0.10068800   0.00000000   0.00000000 
 71.27  -0.09940250   0.00000000   0.00000000 
 71.28  -0.09753520   0.00000000   0.00000000 
 71.29  -0.09508950   0.00000000   0.00000000 
 71.30  -0.09207427   0.00000000   0.00000000 
 71.31  -0.08850067   0.00000000   0.00000000 
 71.32  -0.08437900   0.00000000   0.00000000 
 71.33  -0.07957208   0.00000000   0.00000000 
 71.34  -0.07422657   0.00000000   0.00000000 
 71.35  -0.06836275   0.00000000   0.00000000 
 71.36  -0.06202593   0.00000000   0.00000000 
 71.37  -0.05528490   0.00000000   0.00000000 
 71.38  -0.04823040   0.00000000   0.00000000 
 71.39  -0.04088123   0.00000000   0.00000000 
 71.40  -0.03331040   0.00000000   0.00000000 
 71.41  -0.02553800   0.00000000   0.00000000 
 71.42  -0.01760473   0.00000000   0.00000000 
 71.43  -0.00955920   0.00000000   0.00000000 
 71.44  -0.00144520   0.00000000   0.00000000 
 71.45   0.00665922   0.00000000   0.00000000 
 71.46   0.01468457   0.00000000   0.00000000 
 71.47   0.02261110   0.00000000   0.00000000 
 71.48   0.03040930   0.00000000   0.00000000 
 71.49   0.03803748   0.00000000   0.00000000 
 71.50   0.04543940   0.00000000   0.00000000 
 71.51   0.05249982   0.00000000   0.00000000 
 71.52   0.05922237   0.00000000   0.00000000 
 71.53   0.06556290   0.00000000   0.00000000 
 71.54   0.07149453   0.00000000   0.00000000 
 71.55   0.07699910   0.00000000   0.00000000 
 71.56   0.08205860   0.00000000   0.00000000 
 71.57   0.08648927   0.00000000   0.00000000 
 71.58   0.09038033   0.00000000   0.00000000 
 71.59   0.09371580   0.00000000   0.00000000 
 71.60   0.09648093   0.00000000   0.00000000 
 71.61   0.09866337   0.00000000   0.00000000 
 71.62   0.10025420   0.00000000   0.00000000 
 71.63   0.10109037   0.00000000   0.00000000 
 71.64   0.10131113   0.00000000   0.00000000 
 71.65   0.10095590   0.00000000   0.00000000 
 71.66   0.10002927   0.00000000   0.00000000 
 71.67   0.09852193   0.00000000   0.00000000 
 71.68   0.09643160   0.00000000   0.00000000 
 71.69   0.09361610   0.00000000   0.00000000 
 71.70   0.09023133   0.00000000   0.00000000 
 71.71   0.08629035   0.00000000   0.00000000 
 71.72   0.08179973   0.00000000   0.00000000 
 71.73   0.07676335   0.00000000   0.00000000 
 71.74   0.07118610   0.00000000   0.00000000 
 71.75   0.06501260   0.00000000   0.00000000 
 71.76   0.05844350   0.00000000   0.00000000 
 71.77   0.05154685   0.00000000   0.00000000 
 71.78   0.04437710   0.00000000   0.00000000 
 71.79   0.03696773   0.00000000   0.00000000 
 71.80   0.02932390   0.00000000   0.00000000 
 71.81   0.02143098   0.00000000   0.00000000 
 71.82   0.01343047   0.00000000   0.00000000 
 71.83   0.00536440   0.00000000   0.00000000 
 71.84  -0.00273120   0.00000000   0.00000000 
 71.85  -0.01081428   0.00000000   0.00000000 
 71.86  -0.01882470   0.00000000   0.00000000 
 71.87  -0.02668620   0.00000000   0.00000000 
 71.88  -0.03437997   0.00000000   0.00000000 
 71.89  -0.04185570   0.00000000   0.00000000 
 71.90  -0.04907230   0.00000000   0.00000000 
 71.91  -0.05599473   0.00000000   0.00000000 
 71.92  -0.06259090   0.00000000   0.00000000 
 71.93  -0.06870098   0.00000000   0.00000000 
 71.94  -0.07438267   0.00000000   0.00000000 
 71.95  -0.07960440   0.00000000   0.00000000 
 71.96  -0.08433767   0.00000000   0.00000000 
 71.97  -0.08855908   0.00000000   0.00000000 
 71.98  -0.09225250   0.00000000   0.00000000 
 71.99  -0.09525500   0.00000000   0.00000000 
 72.00  -0.09767123   0.00000000   0.00000000 
 72.01  -0.09949140   0.00000000   0.00000000 
 72.02  -0.10071190   0.00000000   0.00000000 
 72.03  -0.10132757   0.00000000   0.00000000 
 72.04  -0.10132390   0.00000000   0.00000000 
 72.05  -0.10063132   0.00000000   0.00000000 
 72.06  -0.09936673   0.00000000   0.00000000 
 72.07  -0.09752150   0.00000000   0.00000000 
 72.08  -0.09509743   0.00000000   0.00000000 
 72.09  -0.09210312   0.00000000   0.00000000 
 72.10  -0.08855020   0.00000000   0.00000000 
 72.11  -0.08431170   0.00000000   0.00000000 
 72.12  -0.07952407   0.00000000   0.00000000 
 72.13  -0.07419705   0.00000000   0.00000000 
 72.14  -0.06834967   0.00000000   0.00000000 
 72.15  -0.06202135   0.00000000   0.00000000 
 72.16  -0.05528310   0.00000000   0.00000000 
 72.17  -0.04818218   0.00000000   0.00000000 
 72.18  -0.04084787   0.00000000   0.00000000 
 72.19  -0.03328775   0.00000000   0.00000000 
 72.20  -0.02552413   0.00000000   0.00000000 
 72.21  -0.01759347   0.00000000   0.00000000 
 72.22  -0.00954580   0.00000000   0.00000000 
 72.23  -0.00142722   0.00000000   0.00000000 
 72.24   0.00666783   0.00000000   0.00000000 
 72.25   0.01469515   0.00000000   0.00000000 
 72.26   0.02262507   0.00000000   0.00000000 
 72.27   0.03042995   0.00000000   0.00000000 
 72.28   0.03807170   0.00000000   0.00000000 
 72.29   0.04542195   0.00000000   0.00000000 
 72.30   0.05248787   0.00000000   0.00000000 
 72.31   0.05922140   0.00000000   0.00000000 
 72.32   0.06557950   0.00000000   0.00000000 
 72.33   0.07152962   0.00000000   0.00000000 
 72.34   0.07705520   0.00000000   0.00000000 
 72.35   0.08201270   0.00000000   0.00000000 
 72.36   0.08646147   0.00000000   0.00000000 
 72.37   0.09037430   0.00000000   0.00000000 
 72.38   0.09373287   0.00000000   0.00000000 
 72.39   0.09652315   0.00000000   0.00000000 
 72.40   0.09873090   0.00000000   0.00000000 
 72.41   0.10019540   0.00000000   0.00000000 
 72.42   0.10105603   0.00000000   0.00000000 
 72.43   0.10130410   0.00000000   0.00000000 
 72.44   0.10096790   0.00000000   0.00000000 
 72.45   0.10007038   0.00000000   0.00000000 
 72.46   0.09858680   0.00000000   0.00000000 
 72.47   0.09637730   0.00000000   0.00000000 
 72.48   0.09358767   0.00000000   0.00000000 
 72.49   0.09022880   0.00000000   0.00000000 
 72.50   0.08631127   0.00000000   0.00000000 
 72.51   0.08184270   0.00000000   0.00000000 
 72.52   0.07682520   0.00000000   0.00000000 
 72.53   0.07113920   0.00000000   0.00000000 
 72.54   0.06499073   0.00000000   0.00000000 
 72.55   0.05844110   0.00000000   0.00000000 
 72.56   0.05155667   0.00000000   0.00000000 
 72.57   0.04439592   0.00000000   0.00000000 
 72.58   0.03699650   0.00000000   0.00000000 
 72.59   0.02930500   0.00000000   0.00000000 
 72.60   0.02142783   0.00000000   0.00000000 
 72.61   0.01343305   0.00000000   0.00000000 
 72.62   0.00536773   0.00000000   0.00000000 
 72.63  -0.00273068   0.00000000   0.00000000 
 72.64  -0.01082310   0.00000000   0.00000000 
 72.65  -0.01881068   0.00000000   0.00000000 
 72.66  -0.02667400   0.00000000   0.00000000 
 72.67  -0.03437185   0.00000000   0.00000000 
 72.68  -0.04185770   0.00000000   0.00000000 
 72.69  -0.04908815   0.00000000   0.00000000 
 72.70  -0.05603140   0.00000000   0.00000000 
 72.71  -0.06255057   0.00000000   0.00000000 
 72.72  -0.06867353   0.00000000   0.00000000 
 72.73  -0.07437090   0.00000000   0.00000000 
 72.74  -0.07961233   0.00000000   0.00000000 
 72.75  -0.08436865   0.00000000   0.00000000 
 72.76  -0.08861390   0.00000000   0.00000000 
 72.77  -0.09219548   0.00000000   0.00000000 
 72.78  -0.09521700   0.00000000   0.00000000 
 72.79  -0.09765675   0.00000000   0.00000000 
 72.80  -0.09950263   0.00000000   0.00000000 
 72.81  -0.10074802   0.00000000   0.00000000 
 72.82  -0.10138760   0.00000000   0.00000000 
 72.83  -0.10126643   0.00000000   0.00000000 
 72.84  -0.10059547   0.00000000   0.00000000 
 72.85  -0.09935410   0.00000000   0.00000000 
 72.86  -0.09753257   0.00000000   0.00000000 
 72.87  -0.09513028   0.00000000   0.00000000 
 72.88  -0.09215420   0.00000000   0.00000000 
 72.89  -0.08848353   0.00000000   0.00000000 
 72.90  -0.08426467   0.00000000   0.00000000 
 72.91  -0.07949655   0.00000000   0.00000000 
 72.92  -0.07418787   0.00000000   0.00000000 
 72.93  -0.06835755   0.00000000   0.00000000 
 72.94  -0.06203530   0.00000000   0.00000000 
 72.95  -0.05523047   0.00000000   0.00000000 
 72.96  -0.04815023   0.00000000   0.00000000 
 72.97  -0.04082815   0.00000000   0.00000000 
 72.98  -0.03327947   0.00000000   0.00000000 
 72.99  -0.02552058   0.00000000   0.00000000 
 73.00  -0.01758850   0.00000000   0.00000000 
 73.01  -0.00952475   0.00000000   0.00000000 
 73.02  -0.00141533   0.00000000   0.00000000 
 73.03   0.00667645   0.00000000   0.00000000 
 73.04   0.01470583   0.00000000   0.00000000 
 73.05   0.02264148   0.00000000   0.00000000 
 73.06   0.03046040   0.00000000   0.00000000 
 73.07   0.03805773   0.00000000   0.00000000 
 73.08   0.04541393   0.00000000   0.00000000 
 73.09   0.05248820   0.00000000   0.00000000 
 73.10   0.05923540   0.00000000   0.00000000 
 73.11   0.06561183   0.00000000   0.00000000 
 73.12   0.07158100   0.00000000   0.00000000 
 73.13   0.07701517   0.00000000   0.00000000 
 73.14   0.08198653   0.00000000   0.00000000 
 73.15   0.08645490   0.00000000   0.00000000 
 73.16   0.09039020   0.00000000   0.00000000 
 73.17   0.09377168   0.00000000   0.00000000 
 73.18   0.09658710   0.00000000   0.00000000 
 73.19   0.09867218   0.00000000   0.00000000 
 73.20   0.10016000   0.00000000   0.00000000 
 73.21   0.10104455   0.00000000   0.00000000 
 73.22   0.10132103   0.00000000   0.00000000 
 73.23   0.10100187   0.00000000   0.00000000 
 73.24   0.10013270   0.00000000   0.00000000 
 73.25   0.09852445   0.00000000   0.00000000 
 73.26   0.09633787   0.00000000   0.00000000 
 73.27   0.09357150   0.00000000   0.00000000 
 73.28   0.09023367   0.00000000   0.00000000 
 73.29   0.08633640   0.00000000   0.00000000 
 73.30   0.08188940   0.00000000   0.00000000 
 73.31   0.07675598   0.00000000   0.00000000 
 73.32   0.07109823   0.00000000   0.00000000 
 73.33   0.06497280   0.00000000   0.00000000 
 73.34   0.05844023   0.00000000   0.00000000 
 73.35   0.05156477   0.00000000   0.00000000 
 73.36   0.04441410   0.00000000   0.00000000 
 73.37   0.03696418   0.00000000   0.00000000 
 73.38   0.02928480   0.00000000   0.00000000 
 73.39   0.02142105   0.00000000   0.00000000 
 73.40   0.01342987   0.00000000   0.00000000 
 73.41   0.00536467   0.00000000   0.00000000 
 73.42  -0.00274000   0.00000000   0.00000000 
 73.43  -0.01081925   0.00000000   0.00000000 
 73.44  -0.01880777   0.00000000   0.00000000 
 73.45  -0.02667425   0.00000000   0.00000000 
 73.46  -0.03437943   0.00000000   0.00000000 
 73.47  -0.04187853   0.00000000   0.00000000 
 73.48  -0.04912370   0.00000000   0.00000000 
 73.49  -0.05600137   0.00000000   0.00000000 
 73.50  -0.06252870   0.00000000   0.00000000 
 73.51  -0.06866590   0.00000000   0.00000000 
 73.52  -0.07438093   0.00000000   0.00000000 
 73.53  -0.07964448   0.00000000   0.00000000 
 73.54  -0.08442490   0.00000000   0.00000000 
 73.55  -0.08856148   0.00000000   0.00000000 
 73.56  -0.09216260   0.00000000   0.00000000 
 73.57  -0.09520620   0.00000000   0.00000000 
 73.58  -0.09767097   0.00000000   0.00000000 
 73.59  -0.09954165   0.00000000   0.00000000 
 73.60  -0.10081440   0.00000000   0.00000000 
 73.61  -0.10132157   0.00000000   0.00000000 
 73.62  -0.10123393   0.00000000   0.00000000 
 73.63  -0.10058420   0.00000000   0.00000000 
 73.64  -0.09936733   0.00000000   0.00000000 
 73.65  -0.09756820   0.00000000   0.00000000 
 73.66  -0.09518920   0.00000000   0.00000000 
 73.67  -0.09209712   0.00000000   0.00000000 
 73.68  -0.08845003   0.00000000   0.00000000 
 73.69  -0.08425405   0.00000000   0.00000000 
 73.70  -0.07951003   0.00000000   0.00000000 
 73.71  -0.07422222   0.00000000   0.00000000 
 73.72  -0.06840680   0.00000000   0.00000000 
 73.73  -0.06199188   0.00000000   0.00000000 
 73.74  -0.05521290   0.00000000   0.00000000 
 73.75  -0.04814535   0.00000000   0.00000000 
 73.76  -0.04083170   0.00000000   0.00000000 
 73.77  -0.03329200   0.00000000   0.00000000 
 73.78  -0.02553450   0.00000000   0.00000000 
 73.79  -0.01757492   0.00000000   0.00000000 
 73.80  -0.00952160   0.00000000   0.00000000 
 73.81  -0.00141935   0.00000000   0.00000000 
 73.82   0.00667533   0.00000000   0.00000000 
 73.83   0.01471052   0.00000000   0.00000000 
 73.84   0.02265510   0.00000000   0.00000000 
 73.85   0.03044577   0.00000000   0.00000000 
 73.86   0.03804437   0.00000000   0.00000000 
 73.87   0.04540660   0.00000000   0.00000000 
 73.88   0.05249207   0.00000000   0.00000000 
 73.89   0.05925853   0.00000000   0.00000000 
 73.90   0.06565620   0.00000000   0.00000000 
 73.91   0.07153737   0.00000000   0.00000000 
 73.92   0.07698667   0.00000000   0.00000000 
 73.93   0.08197445   0.00000000   0.00000000 
 73.94   0.08646457   0.00000000   0.00000000 
 73.95   0.09042377   0.00000000   0.00000000 
 73.96   0.09383110   0.00000000   0.00000000 
 73.97   0.09652768   0.00000000   0.00000000 
 73.98   0.09863493   0.00000000   0.00000000 
 73.99   0.10014675   0.00000000   0.00000000 
 74.00   0.10105627   0.00000000   0.00000000 
 74.01   0.10136005   0.00000000   0.00000000 
 74.02   0.10106230   0.00000000   0.00000000 
 74.03   0.10006997   0.00000000   0.00000000 
 74.04   0.09848930   0.00000000   0.00000000 
 74.05   0.09632690   0.00000000   0.00000000 
 74.06   0.09358470   0.00000000   0.00000000 
 74.07   0.09026767   0.00000000   0.00000000 
 74.08   0.08639150   0.00000000   0.00000000 
 74.09   0.08182992   0.00000000   0.00000000 
 74.10   0.07671753   0.00000000   0.00000000 
 74.11   0.07108385   0.00000000   0.00000000 
 74.12   0.06497810   0.00000000   0.00000000 
 74.13   0.05845937   0.00000000   0.00000000 
 74.14   0.05158670   0.00000000   0.00000000 
 74.15   0.04438545   0.00000000   0.00000000 
 74.16   0.03694733   0.00000000   0.00000000 
 74.17   0.02927945   0.00000000   0.00000000 
 74.18   0.02142143   0.00000000   0.00000000 
 74.19   0.01343043   0.00000000   0.00000000 
 74.20   0.00536610   0.00000000   0.00000000 
 74.21  -0.00274148   0.00000000   0.00000000 
 74.22  -0.01081547   0.00000000   0.00000000 
 74.23  -0.01880620   0.00000000   0.00000000 
 74.24  -0.02667757   0.00000000   0.00000000 
 74.25  -0.03439442   0.00000000   0.00000000 
 74.26  -0.04191000   0.00000000   0.00000000 
 74.27  -0.04909517   0.00000000   0.00000000 
 74.28  -0.05598033   0.00000000   0.00000000 
 74.29  -0.06252130   0.00000000   0.00000000 
 74.30  -0.06867677   0.00000000   0.00000000 
 74.31  -0.07441120   0.00000000   0.00000000 
 74.32  -0.07969770   0.00000000   0.00000000 
 74.33  -0.08437303   0.00000000   0.00000000 
 74.34  -0.08852883   0.00000000   0.00000000 
 74.35  -0.09215070   0.00000000   0.00000000 
 74.36  -0.09521830   0.00000000   0.00000000 
 74.37  -0.09770963   0.00000000   0.00000000 
 74.38  -0.09960530   0.00000000   0.00000000 
 74.39  -0.10075430   0.00000000   0.00000000 
 74.40  -0.10128417   0.00000000   0.00000000 
 74.41  -0.10122345   0.00000000   0.00000000 
 74.42  -0.10059490   0.00000000   0.00000000 
 74.43  -0.09940432   0.00000000   0.00000000 
 74.44  -0.09762940   0.00000000   0.00000000 
 74.45  -0.09513115   0.00000000   0.00000000 
 74.46  -0.09206577   0.00000000   0.00000000 
 74.47  -0.08844340   0.00000000   0.00000000 
 74.48  -0.08426987   0.00000000   0.00000000 
 74.49  -0.07954820   0.00000000   0.00000000 
 74.50  -0.07428020   0.00000000   0.00000000 
 74.51  -0.06835870   0.00000000   0.00000000 
 74.52  -0.06197307   0.00000000   0.00000000 
 74.53  -0.05521365   0.00000000   0.00000000 
 74.54  -0.04815580   0.00000000   0.00000000 
 74.55  -0.04085080   0.00000000   0.00000000 
 74.56  -0.03331680   0.00000000   0.00000000 
 74.57  -0.02551888   0.00000000   0.00000000 
 74.58  -0.01757190   0.00000000   0.00000000 
 74.59  -0.00952450   0.00000000   0.00000000 
 74.60  -0.00142430   0.00000000   0.00000000 
 74.61   0.00667707   0.00000000   0.00000000 
 74.62   0.01471890   0.00000000   0.00000000 
 74.63   0.02264090   0.00000000   0.00000000 
 74.64   0.03043170   0.00000000   0.00000000 
 74.65   0.03803615   0.00000000   0.00000000 
 74.66   0.04540990   0.00000000   0.00000000 
 74.67   0.05251212   0.00000000   0.00000000 
 74.68   0.05929820   0.00000000   0.00000000 
 74.69   0.06561003   0.00000000   0.00000000 
 74.70   0.07150787   0.00000000   0.00000000 
 74.71   0.07697525   0.00000000   0.00000000 
 74.72   0.08198333   0.00000000   0.00000000 
 74.73   0.08649713   0.00000000   0.00000000 
 74.74   0.09048180   0.00000000   0.00000000 
 74.75   0.09377072   0.00000000   0.00000000 
 74.76   0.09648817   0.00000000   0.00000000 
 74.77   0.09862160   0.00000000   0.00000000 
 74.78   0.10015970   0.00000000   0.00000000 
 74.79   0.10109318   0.00000000   0.00000000 
 74.80   0.10141560   0.00000000   0.00000000 
 74.81   0.10100518   0.00000000   0.00000000 
 74.82   0.10003230   0.00000000   0.00000000 
 74.83   0.09847740   0.00000000   0.00000000 
 74.84   0.09633780   0.00000000   0.00000000 
 74.85   0.09361862   0.00000000   0.00000000 
 74.86   0.09032370   0.00000000   0.00000000 
 74.87   0.08633195   0.00000000   0.00000000 
 74.88   0.08179380   0.00000000   0.00000000 
 74.89   0.07670635   0.00000000   0.00000000 
 74.90   0.07109280   0.00000000   0.00000000 
 74.91   0.06499843   0.00000000   0.00000000 
 74.92   0.05848660   0.00000000   0.00000000 
 74.93   0.05155343   0.00000000   0.00000000 
 74.94   0.04436720   0.00000000   0.00000000 
 74.95   0.03694020   0.00000000   0.00000000 
 74.96   0.02928387   0.00000000   0.00000000 
 74.97   0.02142668   0.00000000   0.00000000 
 74.98   0.01343210   0.00000000   0.00000000 
 74.99   0.00535852   0.00000000   0.00000000 
 75.00  -0.00274240   0.00000000   0.00000000 
 75.01  -0.01081450   0.00000000   0.00000000 
 75.02  -0.01881013   0.00000000   0.00000000 
 75.03  -0.02668945   0.00000000   0.00000000 
 75.04  -0.03441970   0.00000000   0.00000000 
 75.05  -0.04188520   0.00000000   0.00000000 
 75.06  -0.04907870   0.00000000   0.00000000 
 75.07  -0.05597325   0.00000000   0.00000000 
 75.08  -0.06252910   0.00000000   0.00000000 
 75.09  -0.06870350   0.00000000   0.00000000 
 75.10  -0.07446050   0.00000000   0.00000000 
 75.11  -0.07964858   0.00000000   0.00000000 
 75.12  -0.08434147   0.00000000   0.00000000 
 75.13  -0.08851875   0.00000000   0.00000000 
 75.14  -0.09216333   0.00000000   0.00000000 
 75.15  -0.09525658   0.00000000   0.00000000 
 75.16  -0.09777350   0.00000000   0.00000000 
 75.17  -0.09954433   0.00000000   0.00000000 
 75.18  -0.10071697   0.00000000   0.00000000 
 75.19  -0.10127260   0.00000000   0.00000000 
 75.20  -0.10123393   0.00000000   0.00000000 
 75.21  -0.10063100   0.00000000   0.00000000 
 75.22  -0.09946700   0.00000000   0.00000000 
 75.23  -0.09757092   0.00000000   0.00000000 
 75.24  -0.09509690   0.00000000   0.00000000 
 75.25  -0.09205600   0.00000000   0.00000000 
 75.26  -0.08845730   0.00000000   0.00000000 
 75.27  -0.08430672   0.00000000   0.00000000 
 75.28  -0.07960580   0.00000000   0.00000000 
 75.29  -0.07422847   0.00000000   0.00000000 
 75.30  -0.06833173   0.00000000   0.00000000 
 75.31  -0.06197035   0.00000000   0.00000000 
 75.32  -0.05522390   0.00000000   0.00000000 
 75.33  -0.04817320   0.00000000   0.00000000 
 75.34  -0.04087670   0.00000000   0.00000000 
 75.35  -0.03329537   0.00000000   0.00000000 
 75.36  -0.02551223   0.00000000   0.00000000 
 75.37  -0.01757455   0.00000000   0.00000000 
 75.38  -0.00952923   0.00000000   0.00000000 
 75.39  -0.00142495   0.00000000   0.00000000 
 75.40   0.00668580   0.00000000   0.00000000 
 75.41   0.01471005   0.00000000   0.00000000 
 75.42   0.02263270   0.00000000   0.00000000 
 75.43   0.03042425   0.00000000   0.00000000 
 75.44   0.03803790   0.00000000   0.00000000 
 75.45   0.04542430   0.00000000   0.00000000 
 75.46   0.05254630   0.00000000   0.00000000 
 75.47   0.05925863   0.00000000   0.00000000 
 75.48   0.06558370   0.00000000   0.00000000 
 75.49   0.07149780   0.00000000   0.00000000 
 75.50   0.07698237   0.00000000   0.00000000 
 75.51   0.08201382   0.00000000   0.00000000 
 75.52   0.08655340   0.00000000   0.00000000 
 75.53   0.09042315   0.00000000   0.00000000 
 75.54   0.09373470   0.00000000   0.00000000 
 75.55   0.09647525   0.00000000   0.00000000 
 75.56   0.09863337   0.00000000   0.00000000 
 75.57   0.10019810   0.00000000   0.00000000 
 75.58   0.10115810   0.00000000   0.00000000 
 75.59   0.10135068   0.00000000   0.00000000 
 75.60   0.10097047   0.00000000   0.00000000 
 75.61   0.10001890   0.00000000   0.00000000 
 75.62   0.09848947   0.00000000   0.00000000 
 75.63   0.09637628   0.00000000   0.00000000 
 75.64   0.09368270   0.00000000   0.00000000 
 75.65   0.09027195   0.00000000   0.00000000 
 75.66   0.08630667   0.00000000   0.00000000 
 75.67   0.08179220   0.00000000   0.00000000 
 75.68   0.07673073   0.00000000   0.00000000 
 75.69   0.07113685   0.00000000   0.00000000 
 75.70   0.06505310   0.00000000   0.00000000 
 75.71   0.05846085   0.00000000   0.00000000 
 75.72   0.05154747   0.00000000   0.00000000 
 75.73   0.04437065   0.00000000   0.00000000 
 75.74   0.03695333   0.00000000   0.00000000 
 75.75   0.02930533   0.00000000   0.00000000 
 75.76   0.02144500   0.00000000   0.00000000 
 75.77   0.01343242   0.00000000   0.00000000 
 75.78   0.00536263   0.00000000   0.00000000 
 75.79  -0.00273420   0.00000000   0.00000000 
 75.80  -0.01080933   0.00000000   0.00000000 
 75.81  -0.01881117   0.00000000   0.00000000 
 75.82  -0.02670100   0.00000000   0.00000000 
 75.83  -0.03439342   0.00000000   0.00000000 
 75.84  -0.04186270   0.00000000   0.00000000 
 75.85  -0.04906795   0.00000000   0.00000000 
 75.86  -0.05597560   0.00000000   0.00000000 
 75.87  -0.06255040   0.00000000   0.00000000 
 75.88  -0.06874640   0.00000000   0.00000000 
 75.89  -0.07441215   0.00000000   0.00000000 
 75.90  -0.07961517   0.00000000   0.00000000 
 75.91  -0.08432740   0.00000000   0.00000000 
 75.92  -0.08852663   0.00000000   0.00000000 
 75.93  -0.09219452   0.00000000   0.00000000 
 75.94  -0.09531460   0.00000000   0.00000000 
 75.95  -0.09770943   0.00000000   0.00000000 
 75.96  -0.09950493   0.00000000   0.00000000 
 75.97  -0.10070095   0.00000000   0.00000000 
 75.98  -0.10128627   0.00000000   0.00000000 
 75.99  -0.10126608   0.00000000   0.00000000 
 76.00  -0.10068950   0.00000000   0.00000000 
 76.01  -0.09940408   0.00000000   0.00000000 
 76.02  -0.09753367   0.00000000   0.00000000 
 76.03  -0.09508400   0.00000000   0.00000000 
 76.04  -0.09206520   0.00000000   0.00000000 
 76.05  -0.08848815   0.00000000   0.00000000 
 76.06  -0.08436090   0.00000000   0.00000000 
 76.07  -0.07954565   0.00000000   0.00000000 
 76.08  -0.07419140   0.00000000   0.00000000 
 76.09  -0.06831840   0.00000000   0.00000000 
 76.10  -0.06197637   0.00000000   0.00000000 
 76.11  -0.05523803   0.00000000   0.00000000 
 76.12  -0.04819270   0.00000000   0.00000000 
 76.13  -0.04084987   0.00000000   0.00000000 
 76.14  -0.03328010   0.00000000   0.00000000 
 76.15  -0.02550750   0.00000000   0.00000000 
 76.16  -0.01757447   0.00000000   0.00000000 
 76.17  -0.00953023   0.00000000   0.00000000 
 76.18  -0.00141940   0.00000000   0.00000000 
 76.19   0.00668177   0.00000000   0.00000000 
 76.20   0.01470593   0.00000000   0.00000000 
 76.21   0.02263135   0.00000000   0.00000000 
 76.22   0.03042790   0.00000000   0.00000000 
 76.23   0.03805442   0.00000000   0.00000000 
 76.24   0.04545600   0.00000000   0.00000000 
 76.25   0.05251475   0.00000000   0.00000000 
 76.26   0.05923557   0.00000000   0.00000000 
 76.27   0.06557520   0.00000000   0.00000000 
 76.28   0.07150663   0.00000000   0.00000000 
 76.29   0.07701088   0.00000000   0.00000000 
 76.30   0.08206880   0.00000000   0.00000000 
 76.31   0.08649863   0.00000000   0.00000000 
 76.32   0.09038880   0.00000000   0.00000000 
 76.33   0.09372380   0.00000000   0.00000000 
 76.34   0.09648857   0.00000000   0.00000000 
 76.35   0.09867043   0.00000000   0.00000000 
 76.36   0.10026110   0.00000000   0.00000000 
 76.37   0.10109743   0.00000000   0.00000000 
 76.38   0.10131677   0.00000000   0.00000000 
 76.39   0.10095960   0.00000000   0.00000000 
 76.40   0.10003173   0.00000000   0.00000000 
 76.41   0.09852475   0.00000000   0.00000000 
 76.42   0.09643650   0.00000000   0.00000000 
 76.43   0.09362158   0.00000000   0.00000000 
 76.44   0.09023600   0.00000000   0.00000000 
 76.45   0.08629425   0.00000000   0.00000000 
 76.46   0.08180217   0.00000000   0.00000000 
 76.47   0.07676260   0.00000000   0.00000000 
 76.48   0.07118110   0.00000000   0.00000000 
 76.49   0.06500710   0.00000000   0.00000000 
 76.50   0.05843837   0.00000000   0.00000000 
 76.51   0.05154225   0.00000000   0.00000000 
 76.52   0.04437353   0.00000000   0.00000000 
 76.53   0.03696558   0.00000000   0.00000000 
 76.54   0.02932150   0.00000000   0.00000000 
 76.55   0.02142808   0.00000000   0.00000000 
 76.56   0.01342787   0.00000000   0.00000000 
 76.57   0.00536190   0.00000000   0.00000000 
 76.58  -0.00273397   0.00000000   0.00000000 
 76.59  -0.01081727   0.00000000   0.00000000 
 76.60  -0.01882710   0.00000000   0.00000000 
 76.61  -0.02668768   0.00000000   0.00000000 
 76.62  -0.03438107   0.00000000   0.00000000 
 76.63  -0.04185690   0.00000000   0.00000000 
 76.64  -0.04907363   0.00000000   0.00000000 
 76.65  -0.05599602   0.00000000   0.00000000 
 76.66  -0.06259260   0.00000000   0.00000000 
 76.67  -0.06870285   0.00000000   0.00000000 
 76.68  -0.07438337   0.00000000   0.00000000 
 76.69  -0.07960445   0.00000000   0.00000000 
 76.70  -0.08433817   0.00000000   0.00000000 
 76.71  -0.08856063   0.00000000   0.00000000 
 76.72  -0.09225430   0.00000000   0.00000000 
 76.73  -0.09525672   0.00000000   0.00000000 
 76.74  -0.09767347   0.00000000   0.00000000 
 76.75  -0.09949275   0.00000000   0.00000000 
 76.76  -0.10071120   0.00000000   0.00000000 
 76.77  -0.10132543   0.00000000   0.00000000 
 76.78  -0.10132360   0.00000000   0.00000000 
 76.79  -0.10063268   0.00000000   0.00000000 
 76.80  -0.09936837   0.00000000   0.00000000 
 76.81  -0.09752235   0.00000000   0.00000000 
 76.82  -0.09509667   0.00000000   0.00000000 
 76.83  -0.09210005   0.00000000   0.00000000 
 76.84  -0.08854430   0.00000000   0.00000000 
 76.85  -0.08430230   0.00000000   0.00000000 
 76.86  -0.07951177   0.00000000   0.00000000 
 76.87  -0.07418150   0.00000000   0.00000000 
 76.88  -0.06833130   0.00000000   0.00000000 
 76.89  -0.06200220   0.00000000   0.00000000 
 76.90  -0.05526670   0.00000000   0.00000000 
 76.91  -0.04816812   0.00000000   0.00000000 
 76.92  -0.04083607   0.00000000   0.00000000 
 76.93  -0.03327675   0.00000000   0.00000000 
 76.94  -0.02551307   0.00000000   0.00000000 
 76.95  -0.01758263   0.00000000   0.00000000 
 76.96  -0.00953580   0.00000000   0.00000000 
 76.97  -0.00141797   0.00000000   0.00000000 
 76.98   0.00667620   0.00000000   0.00000000 
 76.99   0.01470280   0.00000000   0.00000000 
 77.00   0.02263257   0.00000000   0.00000000 
 77.01   0.03043788   0.00000000   0.00000000 
 77.02   0.03807980   0.00000000   0.00000000 
 77.03   0.04542847   0.00000000   0.00000000 
 77.04   0.05249313   0.00000000   0.00000000 
 77.05   0.05922610   0.00000000   0.00000000 
 77.06   0.06558413   0.00000000   0.00000000 
 77.07   0.07153425   0.00000000   0.00000000 
 77.08   0.07705950   0.00000000   0.00000000 
 77.09   0.08201667   0.00000000   0.00000000 
 77.10   0.08646503   0.00000000   0.00000000 
 77.11   0.09037730   0.00000000   0.00000000 
 77.12   0.09373553   0.00000000   0.00000000 
 77.13   0.09652585   0.00000000   0.00000000 
 77.14   0.09873310   0.00000000   0.00000000 
 77.15   0.10019718   0.00000000   0.00000000 
 77.16   0.10105873   0.00000000   0.00000000 
 77.17   0.10130735   0.00000000   0.00000000 
 77.18   0.10097047   0.00000000   0.00000000 
 77.19   0.10007125   0.00000000   0.00000000 
 77.20   0.09858650   0.00000000   0.00000000 
 77.21   0.09637858   0.00000000   0.00000000 
 77.22   0.09358820   0.00000000   0.00000000 
 77.23   0.09022715   0.00000000   0.00000000 
 77.24   0.08630850   0.00000000   0.00000000 
 77.25   0.08184112   0.00000000   0.00000000 
 77.26   0.07682420   0.00000000   0.00000000 
 77.27   0.07113678   0.00000000   0.00000000 
 77.28   0.06498903   0.00000000   0.00000000 
 77.29   0.05843970   0.00000000   0.00000000 
 77.30   0.05155440   0.00000000   0.00000000 
 77.31   0.04439270   0.00000000   0.00000000 
 77.32   0.03699520   0.00000000   0.00000000 
 77.33   0.02930378   0.00000000   0.00000000 
 77.34   0.02142570   0.00000000   0.00000000 
 77.35   0.01343130   0.00000000   0.00000000 
 77.36   0.00536693   0.00000000   0.00000000 
 77.37  -0.00273157   0.00000000   0.00000000 
 77.38  -0.01082540   0.00000000   0.00000000 
 77.39  -0.01881198   0.00000000   0.00000000 
 77.40  -0.02667477   0.00000000   0.00000000 
 77.41  -0.03437325   0.00000000   0.00000000 
 77.42  -0.04185967   0.00000000   0.00000000 
 77.43  -0.04908945   0.00000000   0.00000000 
 77.44  -0.05603170   0.00000000   0.00000000 
 77.45  -0.06255153   0.00000000   0.00000000 
 77.46  -0.06867443   0.00000000   0.00000000 
 77.47  -0.07437080   0.00000000   0.00000000 
 77.48  -0.07961167   0.00000000   0.00000000 
 77.49  -0.08436877   0.00000000   0.00000000 
 77.50  -0.08861460   0.00000000   0.00000000 
 77.51  -0.09219493   0.00000000   0.00000000 
 77.52  -0.09521787   0.00000000   0.00000000 
 77.53  -0.09765830   0.00000000   0.00000000 
 77.54  -0.09950343   0.00000000   0.00000000 
 77.55  -0.10074757   0.00000000   0.00000000 
 77.56  -0.10138690   0.00000000   0.00000000 
 77.57  -0.10126607   0.00000000   0.00000000 
 77.58  -0.10059510   0.00000000   0.00000000 
 77.59  -0.09935390   0.00000000   0.00000000 
 77.60  -0.09753287   0.00000000   0.00000000 
 77.61  -0.09513135   0.00000000   0.00000000 
 77.62  -0.09215610   0.00000000   0.00000000 
 77.63  -0.08848660   0.00000000   0.00000000 
 77.64  -0.08426850   0.00000000   0.00000000 
 77.65  -0.07950145   0.00000000   0.00000000 
 77.66  -0.07419383   0.00000000   0.00000000 
 77.67  -0.06836413   0.00000000   0.00000000 
 77.68  -0.06204230   0.00000000   0.00000000 
 77.69  -0.05523713   0.00000000   0.00000000 
 77.70  -0.04815590   0.00000000   0.00000000 
 77.71  -0.04083300   0.00000000   0.00000000 
 77.72  -0.03328367   0.00000000   0.00000000 
 77.73  -0.02552413   0.00000000   0.00000000 
 77.74  -0.01759180   0.00000000   0.00000000 
 77.75  -0.00952863   0.00000000   0.00000000 
 77.76  -0.00141960   0.00000000   0.00000000 
 77.77   0.00667250   0.00000000   0.00000000 
 77.78   0.01470277   0.00000000   0.00000000 
 77.79   0.02263925   0.00000000   0.00000000 
 77.80   0.03045800   0.00000000   0.00000000 
 77.81   0.03805500   0.00000000   0.00000000 
 77.82   0.04541053   0.00000000   0.00000000 
 77.83   0.05248510   0.00000000   0.00000000 
 77.84   0.05923307   0.00000000   0.00000000 
 77.85   0.06560982   0.00000000   0.00000000 
 77.86   0.07157890   0.00000000   0.00000000 
 77.87   0.07701315   0.00000000   0.00000000 
 77.88   0.08198460   0.00000000   0.00000000 
 77.89   0.08645300   0.00000000   0.00000000 
 77.90   0.09038840   0.00000000   0.00000000 
 77.91   0.09377025   0.00000000   0.00000000 
 77.92   0.09658650   0.00000000   0.00000000 
 77.93   0.09867133   0.00000000   0.00000000 
 77.94   0.10015810   0.00000000   0.00000000 
 77.95   0.10104290   0.00000000   0.00000000 
 77.96   0.10132123   0.00000000   0.00000000 
 77.97   0.10100408   0.00000000   0.00000000 
 77.98   0.10013400   0.00000000   0.00000000 
 77.99   0.09852483   0.00000000   0.00000000 
 78.00   0.09633887   0.00000000   0.00000000 
 78.01   0.09357185   0.00000000   0.00000000 
 78.02   0.09023210   0.00000000   0.00000000 
 78.03   0.08633322   0.00000000   0.00000000 
 78.04   0.08188680   0.00000000   0.00000000 
 78.05   0.07675205   0.00000000   0.00000000 
 78.06   0.07109297   0.00000000   0.00000000 
 78.07   0.06496845   0.00000000   0.00000000 
 78.08   0.05843660   0.00000000   0.00000000 
 78.09   0.05155952   0.00000000   0.00000000 
 78.10   0.04440810   0.00000000   0.00000000 
 78.11   0.03696093   0.00000000   0.00000000 
 78.12   0.02928143   0.00000000   0.00000000 
 78.13   0.02141650   0.00000000   0.00000000 
 78.14   0.01342537   0.00000000   0.00000000 
 78.15   0.00536193   0.00000000   0.00000000 
 78.16  -0.00274290   0.00000000   0.00000000 
 78.17  -0.01082315   0.00000000   0.00000000 
 78.18  -0.01881047   0.00000000   0.00000000 
 78.19  -0.02667620   0.00000000   0.00000000 
 78.20  -0.03438173   0.00000000   0.00000000 
 78.21  -0.04188135   0.00000000   0.00000000 
 78.22  -0.04912510   0.00000000   0.00000000 
 78.23  -0.05600243   0.00000000   0.00000000 
 78.24  -0.06253097   0.00000000   0.00000000 
 78.25  -0.06866835   0.00000000   0.00000000 
 78.26  -0.07438250   0.00000000   0.00000000 
 78.27  -0.07964525   0.00000000   0.00000000 
 78.28  -0.08442600   0.00000000   0.00000000 
 78.29  -0.08856242   0.00000000   0.00000000 
 78.30  -0.09216350   0.00000000   0.00000000 
 78.31  -0.09520755   0.00000000   0.00000000 
 78.32  -0.09767297   0.00000000   0.00000000 
 78.33  -0.09954392   0.00000000   0.00000000 
 78.34  -0.10081600   0.00000000   0.00000000 
 78.35  -0.10132208   0.00000000   0.00000000 
 78.36  -0.10123383   0.00000000   0.00000000 
 78.37  -0.10058465   0.00000000   0.00000000 
 78.38  -0.09936893   0.00000000   0.00000000 
 78.39  -0.09757013   0.00000000   0.00000000 
 78.40  -0.09518880   0.00000000   0.00000000 
 78.41  -0.09209797   0.00000000   0.00000000 
 78.42  -0.08845267   0.00000000   0.00000000 
 78.43  -0.08425640   0.00000000   0.00000000 
 78.44  -0.07951117   0.00000000   0.00000000 
 78.45  -0.07422310   0.00000000   0.00000000 
 78.46  -0.06840810   0.00000000   0.00000000 
 78.47  -0.06199243   0.00000000   0.00000000 
 78.48  -0.05521510   0.00000000   0.00000000 
 78.49  -0.04814940   0.00000000   0.00000000 
 78.50  -0.04083537   0.00000000   0.00000000 
 78.51  -0.03329298   0.00000000   0.00000000 
 78.52  -0.02553540   0.00000000   0.00000000 
 78.53  -0.01757790   0.00000000   0.00000000 
 78.54  -0.00952413   0.00000000   0.00000000 
 78.55  -0.00142035   0.00000000   0.00000000 
 78.56   0.00667577   0.00000000   0.00000000 
 78.57   0.01471148   0.00000000   0.00000000 
 78.58   0.02265540   0.00000000   0.00000000 
 78.59   0.03044215   0.00000000   0.00000000 
 78.60   0.03803970   0.00000000   0.00000000 
 78.61   0.04540400   0.00000000   0.00000000 
 78.62   0.05249137   0.00000000   0.00000000 
 78.63   0.05925708   0.00000000   0.00000000 
 78.64   0.06565400   0.00000000   0.00000000 
 78.65   0.07153658   0.00000000   0.00000000 
 78.66   0.07698610   0.00000000   0.00000000 
 78.67   0.08197370   0.00000000   0.00000000 
 78.68   0.08646420   0.00000000   0.00000000 
 78.69   0.09042430   0.00000000   0.00000000 
 78.70   0.09383080   0.00000000   0.00000000 
 78.71   0.09652622   0.00000000   0.00000000 
 78.72   0.09863523   0.00000000   0.00000000 
 78.73   0.10014680   0.00000000   0.00000000 
 78.74   0.10105410   0.00000000   0.00000000 
 78.75   0.10135668   0.00000000   0.00000000 
 78.76   0.10106260   0.00000000   0.00000000 
 78.77   0.10007402   0.00000000   0.00000000 
 78.78   0.09849437   0.00000000   0.00000000 
 78.79   0.09633185   0.00000000   0.00000000 
 78.80   0.09359083   0.00000000   0.00000000 
 78.81   0.09027673   0.00000000   0.00000000 
 78.82   0.08640090   0.00000000   0.00000000 
 78.83   0.08184107   0.00000000   0.00000000 
 78.84   0.07673243   0.00000000   0.00000000 
 78.85   0.07109950   0.00000000   0.00000000 
 78.86   0.06499187   0.00000000   0.00000000 
 78.87   0.05847107   0.00000000   0.00000000 
 78.88   0.05159740   0.00000000   0.00000000 
 78.89   0.04439465   0.00000000   0.00000000 
 78.90   0.03695590   0.00000000   0.00000000 
 78.91   0.02928825   0.00000000   0.00000000 
 78.92   0.02142990   0.00000000   0.00000000 
 78.93   0.01343722   0.00000000   0.00000000 
 78.94   0.00537180   0.00000000   0.00000000 
 78.95  -0.00273520   0.00000000   0.00000000 
 78.96  -0.01080947   0.00000000   0.00000000 
 78.97  -0.01880090   0.00000000   0.00000000 
 78.98  -0.02667250   0.00000000   0.00000000 
 78.99  -0.03438900   0.00000000   0.00000000 
 79.00  -0.04190550   0.00000000   0.00000000 
 79.01  -0.04909192   0.00000000   0.00000000 
 79.02  -0.05597627   0.00000000   0.00000000 
 79.03  -0.06251700   0.00000000   0.00000000 
 79.04  -0.06867310   0.00000000   0.00000000 
 79.05  -0.07440822   0.00000000   0.00000000 
 79.06  -0.07969480   0.00000000   0.00000000 
 79.07  -0.08437022   0.00000000   0.00000000 
 79.08  -0.08852583   0.00000000   0.00000000 
 79.09  -0.09214775   0.00000000   0.00000000 
 79.10  -0.09521563   0.00000000   0.00000000 
 79.11  -0.09770755   0.00000000   0.00000000 
 79.12  -0.09960480   0.00000000   0.00000000 
 79.13  -0.10075230   0.00000000   0.00000000 
 79.14  -0.10128093   0.00000000   0.00000000 
 79.15  -0.10122030   0.00000000   0.00000000 
 79.16  -0.10059277   0.00000000   0.00000000 
 79.17  -0.09940302   0.00000000   0.00000000 
 79.18  -0.09762760   0.00000000   0.00000000 
 79.19  -0.09512618   0.00000000   0.00000000 
 79.20  -0.09205943   0.00000000   0.00000000 
 79.21  -0.08843575   0.00000000   0.00000000 
 79.22  -0.08425990   0.00000000   0.00000000 
 79.23  -0.07953513   0.00000000   0.00000000 
 79.24  -0.07426530   0.00000000   0.00000000 
 79.25  -0.06834263   0.00000000   0.00000000 
 79.26  -0.06195850   0.00000000   0.00000000 
 79.27  -0.05520170   0.00000000   0.00000000 
 79.28  -0.04814590   0.00000000   0.00000000 
 79.29  -0.04084145   0.00000000   0.00000000 
 79.30  -0.03330720   0.00000000   0.00000000 
 79.31  -0.02550987   0.00000000   0.00000000 
 79.32  -0.01756407   0.00000000   0.00000000 
 79.33  -0.00951720   0.00000000   0.00000000 
 79.34  -0.00141703   0.00000000   0.00000000 
 79.35   0.00668405   0.00000000   0.00000000 
 79.36   0.01472480   0.00000000   0.00000000 
 79.37   0.02264655   0.00000000   0.00000000 
 79.38   0.03043730   0.00000000   0.00000000 
 79.39   0.03804165   0.00000000   0.00000000 
 79.40   0.04541493   0.00000000   0.00000000 
 79.41   0.05251630   0.00000000   0.00000000 
 79.42   0.05930180   0.00000000   0.00000000 
 79.43   0.06561372   0.00000000   0.00000000 
 79.44   0.07151217   0.00000000   0.00000000 
 79.45   0.07697970   0.00000000   0.00000000 
 79.46   0.08198723   0.00000000   0.00000000 
 79.47   0.08649998   0.00000000   0.00000000 
 79.48   0.09048340   0.00000000   0.00000000 
 79.49   0.09377282   0.00000000   0.00000000 
 79.50   0.09649057   0.00000000   0.00000000 
 79.51   0.09862410   0.00000000   0.00000000 
 79.52   0.10016260   0.00000000   0.00000000 
 79.53   0.10109652   0.00000000   0.00000000 
 79.54   0.10141710   0.00000000   0.00000000 
 79.55   0.10100360   0.00000000   0.00000000 
 79.56   0.10002983   0.00000000   0.00000000 
 79.57   0.09847550   0.00000000   0.00000000 
 79.58   0.09633650   0.00000000   0.00000000 
 79.59   0.09361732   0.00000000   0.00000000 
 79.60   0.09032340   0.00000000   0.00000000 
 79.61   0.08633032   0.00000000   0.00000000 
 79.62   0.08178943   0.00000000   0.00000000 
 79.63   0.07670060   0.00000000   0.00000000 
 79.64   0.07108790   0.00000000   0.00000000 
 79.65   0.06499615   0.00000000   0.00000000 
 79.66   0.05848740   0.00000000   0.00000000 
 79.67   0.05155548   0.00000000   0.00000000 
 79.68   0.04436657   0.00000000   0.00000000 
 79.69   0.03693690   0.00000000   0.00000000 
 79.70   0.02928047   0.00000000   0.00000000 
 79.71   0.02142562   0.00000000   0.00000000 
 79.72   0.01343170   0.00000000   0.00000000 
 79.73   0.00535753   0.00000000   0.00000000 
 79.74  -0.00274330   0.00000000   0.00000000 
 79.75  -0.01081580   0.00000000   0.00000000 
 79.76  -0.01881153   0.00000000   0.00000000 
 79.77  -0.02668948   0.00000000   0.00000000 
 79.78  -0.03441690   0.00000000   0.00000000 
 79.79  -0.04141448   0.00000000   0.00000000 
 79.80  -0.04752847   0.00000000   0.00000000 
 79.81  -0.05278750   0.00000000   0.00000000 
 79.82  -0.05718777   0.00000000   0.00000000 
 79.83  -0.06072327   0.00000000   0.00000000 
 79.84  -0.06341610   0.00000000   0.00000000 
 79.85  -0.06508602   0.00000000   0.00000000 
 79.86  -0.06591453   0.00000000   0.00000000 
 79.87  -0.06603905   0.00000000   0.00000000 
 79.88  -0.06579647   0.00000000   0.00000000 
 79.89  -0.06554848   0.00000000   0.00000000 
 79.90  -0.06550690   0.00000000   0.00000000 
 79.91  -0.06550673   0.00000000   0.00000000 
 79.92  -0.06550677   0.00000000   0.00000000 
 79.93  -0.06550685   0.00000000   0.00000000 
 79.94  -0.06550690   0.00000000   0.00000000 
 79.95  -0.06550690   0.00000000   0.00000000 
 79.96  -0.06550690   0.00000000   0.00000000 
 79.97  -0.06550682   0.00000000   0.00000000 
 79.98  -0.06550673   0.00000000   0.00000000 
 79.99  -0.06550675   0.00000000   0.00000000 
 80.00  -0.06550687   0.00000000   0.00000000 
 80.01  -0.06550698   0.00000000   0.00000000 
 80.02  -0.06550690   0.00000000   0.00000000 
 80.03  -0.06550682   0.00000000   0.00000000 
 80.04  -0.06550693   0.00000000   0.00000000 
 80.05  -0.06550695   0.00000000   0.00000000 
 80.06  -0.06550690   0.00000000   0.00000000 
 80.07  -0.06550690   0.00000000   0.00000000 
 80.08  -0.06550690   0.00000000   0.00000000 
 80.09  -0.06550690   0.00000000   0.00000000 
 80.10  -0.06550690   0.00000000   0.00000000 
 80.11  -0.06550690   0.00000000   0.00000000 
 80.12  -0.06550690   0.00000000   0.00000000 
 80.13  -0.06550688   0.00000000   0.00000000 
 80.14  -0.06550680   0.00000000   0.00000000 
 80.15  -0.06550697   0.00000000   0.00000000 
 80.16  -0.06550693   0.00000000   0.00000000 
 80.17  -0.06550690   0.00000000   0.00000000 
 80.18  -0.06550690   0.00000000   0.00000000 
 80.19  -0.06550690   0.00000000   0.00000000 
 80.20  -0.06550690   0.00000000   0.00000000 
 80.21  -0.06550690   0.00000000   0.00000000 
 80.22  -0.06550683   0.00000000   0.00000000 
 80.23  -0.06550685   0.00000000   0.00000000 
 80.24  -0.06550687   0.00000000   0.00000000 
 80.25  -0.06550682   0.00000000   0.00000000 
 80.26  -0.06550690   0.00000000   0.00000000 
 80.27  -0.06550682   0.00000000   0.00000000 
 80.28  -0.06550680   0.00000000   0.00000000 
 80.29  -0.06550675   0.00000000   0.00000000 
 80.30  -0.06550680   0.00000000   0.00000000 
 80.31  -0.06550698   0.00000000   0.00000000 
 80.32  -0.06550690   0.00000000   0.00000000 
 80.33  -0.06550690   0.00000000   0.00000000 
 80.34  -0.06550690   0.00000000   0.00000000 
 80.35  -0.06550690   0.00000000   0.00000000 
 80.36  -0.06550687   0.00000000   0.00000000 
 80.37  -0.06550682   0.00000000   0.00000000 
 80.38  -0.06550690   0.00000000   0.00000000 
 80.39  -0.06550682   0.00000000   0.00000000 
 80.40  -0.06550680   0.00000000   0.00000000 
 80.41  -0.06550680   0.00000000   0.00000000 
 80.42  -0.06550683   0.00000000   0.00000000 
 80.43  -0.06550688   0.00000000   0.00000000 
 80.44  -0.06550680   0.00000000   0.00000000 
 80.45  -0.06550680   0.00000000   0.00000000 
 80.46  -0.06550687   0.00000000   0.00000000 
 80.47  -0.06550685   0.00000000   0.00000000 
 80.48  -0.06550683   0.00000000   0.00000000 
 80.49  -0.06550692   0.00000000   0.00000000 
 80.50  -0.06550700   0.00000000   0.00000000 
 80.51  -0.06550692   0.00000000   0.00000000 
 80.52  -0.06550690   0.00000000   0.00000000 
 80.53  -0.06550690   0.00000000   0.00000000 
 80.54  -0.06550687   0.00000000   0.00000000 
 80.55  -0.06550680   0.00000000   0.00000000 
 80.56  -0.06550680   0.00000000   0.00000000 
 80.57  -0.06550688   0.00000000   0.00000000 
 80.58  -0.06550697   0.00000000   0.00000000 
 80.59  -0.06550695   0.00000000   0.00000000 
 80.60  -0.06550690   0.00000000   0.00000000 
 80.61  -0.06550690   0.00000000   0.00000000 
 80.62  -0.06550690   0.00000000   0.00000000 
 80.63  -0.06550682   0.00000000   0.00000000 
 80.64  -0.06550680   0.00000000   0.00000000 
 80.65  -0.06550680   0.00000000   0.00000000 
 80.66  -0.06550687   0.00000000   0.00000000 
 80.67  -0.06550697   0.00000000   0.00000000 
 80.68  -0.06550680   0.00000000   0.00000000 
 80.69  -0.06550680   0.00000000   0.00000000 
 80.70  -0.06550680   0.00000000   0.00000000 
 80.71  -0.06550680   0.00000000   0.00000000 
 80.72  -0.06550683   0.00000000   0.00000000 
 80.73  -0.06550690   0.00000000   0.00000000 
 80.74  -0.06550690   0.00000000   0.00000000 
 80.75  -0.06550690   0.00000000   0.00000000 
 80.76  -0.06550683   0.00000000   0.00000000 
 80.77  -0.06550680   0.00000000   0.00000000 
 80.78  -0.06550680   0.00000000   0.00000000 
 80.79  -0.06550682   0.00000000   0.00000000 
 80.80  -0.06550690   0.00000000   0.00000000 
 80.81  -0.06550690   0.00000000   0.00000000 
 80.82  -0.06550683   0.00000000   0.00000000 
 80.83  -0.06550685   0.00000000   0.00000000 
 80.84  -0.06550687   0.00000000   0.00000000 
 80.85  -0.06550680   0.00000000   0.00000000 
 80.86  -0.06550680   0.00000000   0.00000000 
 80.87  -0.06550680   0.00000000   0.00000000 
 80.88  -0.06550687   0.00000000   0.00000000 
 80.89  -0.06550695   0.00000000   0.00000000 
 80.90  -0.06550697   0.00000000   0.00000000 
 80.91  -0.06550690   0.00000000   0.00000000 
 80.92  -0.06550690   0.00000000   0.00000000 
 80.93  -0.06550682   0.00000000   0.00000000 
 80.94  -0.06550693   0.00000000   0.00000000 
 80.95  -0.06550695   0.00000000   0.00000000 
 80.96  -0.06550690   0.00000000   0.00000000 
 80.97  -0.06550690   0.00000000   0.00000000 
 80.98  -0.06550690   0.00000000   0.00000000 
 80.99  -0.06550690   0.00000000   0.00000000 
 81.00  -0.06550690   0.00000000   0.00000000 
 81.01  -0.06550690   0.00000000   0.00000000 
 81.02  -0.06550687   0.00000000   0.00000000 
 81.03  -0.06550682   0.00000000   0.00000000 
 81.04  -0.06550690   0.00000000   0.00000000 
 81.05  -0.06550690   0.00000000   0.00000000 
 81.06  -0.06550690   0.00000000   0.00000000 
 81.07  -0.06550685   0.00000000   0.00000000 
 81.08  -0.06550683   0.00000000   0.00000000 
 81.09  -0.06550692   0.00000000   0.00000000 
 81.10  -0.06550700   0.00000000   0.00000000 
 81.11  -0.06550700   0.00000000   0.00000000 
 81.12  -0.06550687   0.00000000   0.00000000 
 81.13  -0.06550680   0.00000000   0.00000000 
 81.14  -0.06550683   0.00000000   0.00000000 
 81.15  -0.06550688   0.00000000   0.00000000 
 81.16  -0.06550680   0.00000000   0.00000000 
 81.17  -0.06550680   0.00000000   0.00000000 
 81.18  -0.06550680   0.00000000   0.00000000 
 81.19  -0.06550685   0.00000000   0.00000000 
 81.20  -0.06550687   0.00000000   0.00000000 
 81.21  -0.06550682   0.00000000   0.00000000 
 81.22  -0.06550690   0.00000000   0.00000000 
 81.23  -0.06550698   0.00000000   0.00000000 
 81.24  -0.06550693   0.00000000   0.00000000 
 81.25  -0.06550690   0.00000000   0.00000000 
 81.26  -0.06550687   0.00000000   0.00000000 
 81.27  -0.06550682   0.00000000   0.00000000 
 81.28  -0.06550690   0.00000000   0.00000000 
 81.29  -0.06550690   0.00000000   0.00000000 
 81.30  -0.06550690   0.00000000   0.00000000 
 81.31  -0.06550690   0.00000000   0.00000000 
 81.32  -0.06550687   0.00000000   0.00000000 
 81.33  -0.06550682   0.00000000   0.00000000 
 81.34  -0.06550690   0.00000000   0.00000000 
 81.35  -0.06550682   0.00000000   0.00000000 
 81.36  -0.06550680   0.00000000   0.00000000 
 81.37  -0.06550685   0.00000000   0.00000000 
 81.38  -0.06550690   0.00000000   0.00000000 
 81.39  -0.06550688   0.00000000   0.00000000 
 81.40  -0.06550680   0.00000000   0.00000000 
 81.41  -0.06550680   0.00000000   0.00000000 
 81.42  -0.06550680   0.00000000   0.00000000 
 81.43  -0.06550685   0.00000000   0.00000000 
 81.44  -0.06550687   0.00000000   0.00000000 
 81.45  -0.06550682   0.00000000   0.00000000 
 81.46  -0.06550690   0.00000000   0.00000000 
 81.47  -0.06550698   0.00000000   0.00000000 
 81.48  -0.06550693   0.00000000   0.00000000 
 81.49  -0.06550685   0.00000000   0.00000000 
 81.50  -0.06550683   0.00000000   0.00000000 
 81.51  -0.06550690   0.00000000   0.00000000 
 81.52  -0.06550690   0.00000000   0.00000000 
 81.53  -0.06550690   0.00000000   0.00000000 
 81.54  -0.06550690   0.00000000   0.00000000 
 81.55  -0.06550695   0.00000000   0.00000000 
 81.56  -0.06550693   0.00000000   0.00000000 
 81.57  -0.06550683   0.00000000   0.00000000 
 81.58  -0.06550700   0.00000000   0.00000000 
 81.59  -0.06550683   0.00000000   0.00000000 
 81.60  -0.06550687   0.00000000   0.00000000 
 81.61  -0.06550685   0.00000000   0.00000000 
 81.62  -0.06550687   0.00000000   0.00000000 
 81.63  -0.06550697   0.00000000   0.00000000 
 81.64  -0.06550680   0.00000000   0.00000000 
 81.65  -0.06550680   0.00000000   0.00000000 
 81.66  -0.06550680   0.00000000   0.00000000 
 81.67  -0.06550685   0.00000000   0.00000000 
 81.68  -0.06550690   0.00000000   0.00000000 
 81.69  -0.06550690   0.00000000   0.00000000 
 81.70  -0.06550690   0.00000000   0.00000000 
 81.71  -0.06550682   0.00000000   0.00000000 
 81.72  -0.06550680   0.00000000   0.00000000 
 81.73  -0.06550685   0.00000000   0.00000000 
 81.74  -0.06550690   0.00000000   0.00000000 
 81.75  -0.06550688   0.00000000   0.00000000 
 81.76  -0.06550680   0.00000000   0.00000000 
 81.77  -0.06550680   0.00000000   0.00000000 
 81.78  -0.06550693   0.00000000   0.00000000 
 81.79  -0.06550695   0.00000000   0.00000000 
 81.80  -0.06550690   0.00000000   0.00000000 
 81.81  -0.06550688   0.00000000   0.00000000 
 81.82  -0.06550680   0.00000000   0.00000000 
 81.83  -0.06550697   0.00000000   0.00000000 
 81.84  -0.06550693   0.00000000   0.00000000 
 81.85  -0.06550690   0.00000000   0.00000000 
 81.86  -0.06550687   0.00000000   0.00000000 
 81.87  -0.06550682   0.00000000   0.00000000 
 81.88  -0.06550690   0.00000000   0.00000000 
 81.89  -0.06550698   0.00000000   0.00000000 
 81.90  -0.06550693   0.00000000   0.00000000 
 81.91  -0.06550690   0.00000000   0.00000000 
 81.92  -0.06550690   0.00000000   0.00000000 
 81.93  -0.06550690   0.00000000   0.00000000 
 81.94  -0.06550690   0.00000000   0.00000000 
 81.95  -0.06550682   0.00000000   0.00000000 
 81.96  -0.06550687   0.00000000   0.00000000 
 81.97  -0.06550690   0.00000000   0.00000000 
 81.98  -0.06550693   0.00000000   0.00000000 
 81.99  -0.06550698   0.00000000   0.00000000 
 82.00  -0.06550690   0.00000000   0.00000000 
 82.01  -0.06550690   0.00000000   0.00000000 
 82.02  -0.06550683   0.00000000   0.00000000 
 82.03  -0.06550680   0.00000000   0.00000000 
 82.04  -0.06550687   0.00000000   0.00000000 
 82.05  -0.06550695   0.00000000   0.00000000 
 82.06  -0.06550670   0.00000000   0.00000000 
 82.07  -0.06550678   0.00000000   0.00000000 
 82.08  -0.06550687   0.00000000   0.00000000 
 82.09  -0.06550685   0.00000000   0.00000000 
 82.10  -0.06550683   0.00000000   0.00000000 
 82.11  -0.06550690   0.00000000   0.00000000 
 82.12  -0.06550690   0.00000000   0.00000000 
 82.13  -0.06550690   0.00000000   0.00000000 
 82.14  -0.06550683   0.00000000   0.00000000 
 82.15  -0.06550680   0.00000000   0.00000000 
 82.16  -0.06550680   0.00000000   0.00000000 
 82.17  -0.06550682   0.00000000   0.00000000 
 82.18  -0.06550690   0.00000000   0.00000000 
 82.19  -0.06550682   0.00000000   0.00000000 
 82.20  -0.06550680   0.00000000   0.00000000 
 82.21  -0.06550685   0.00000000   0.00000000 
 82.22  -0.06550693   0.00000000   0.00000000 
 82.23  -0.06550697   0.00000000   0.00000000 
 82.24  -0.06550680   0.00000000   0.00000000 
 82.25  -0.06550680   0.00000000   0.00000000 
 82.26  -0.06550687   0.00000000   0.00000000 
 82.27  -0.06550690   0.00000000   0.00000000 
 82.28  -0.06550693   0.00000000   0.00000000 
 82.29  -0.06550698   0.00000000   0.00000000 
 82.30  -0.06550690   0.00000000   0.00000000 
 82.31  -0.06550690   0.00000000   0.00000000 
 82.32  -0.06550690   0.00000000   0.00000000 
 82.33  -0.06550690   0.00000000   0.00000000 
 82.34  -0.06550687   0.00000000   0.00000000 
 82.35  -0.06550678   0.00000000   0.00000000 
 82.36  -0.06550670   0.00000000   0.00000000 
 82.37  -0.06550687   0.00000000   0.00000000 
 82.38  -0.06550690   0.00000000   0.00000000 
 82.39  -0.06550690   0.00000000   0.00000000 
 82.40  -0.06550687   0.00000000   0.00000000 
 82.41  -0.06550680   0.00000000   0.00000000 
 82.42  -0.06550680   0.00000000   0.00000000 
 82.43  -0.06550688   0.00000000   0.00000000 
 82.44  -0.06550690   0.00000000   0.00000000 
 82.45  -0.06550690   0.00000000   0.00000000 
 82.46  -0.06550690   0.00000000   0.00000000 
 82.47  -0.06550690   0.00000000   0.00000000 
 82.48  -0.06550690   0.00000000   0.00000000 
 82.49  -0.06550690   0.00000000   0.00000000 
 82.50  -0.06550690   0.00000000   0.00000000 
 82.51  -0.06550690   0.00000000   0.00000000 
 82.52  -0.06550690   0.00000000   0.00000000 
 82.53  -0.06550690   0.00000000   0.00000000 
 82.54  -0.06550690   0.00000000   0.00000000 
 82.55  -0.06550690   0.00000000   0.00000000 
 82.56  -0.06550697   0.00000000   0.00000000 
 82.57  -0.06550690   0.00000000   0.00000000 
 82.58  -0.06550683   0.00000000   0.00000000 
 82.59  -0.06550688   0.00000000   0.00000000 
 82.60  -0.06550680   0.00000000   0.00000000 
 82.61  -0.06550697   0.00000000   0.00000000 
 82.62  -0.06550700   0.00000000   0.00000000 
 82.63  -0.06550695   0.00000000   0.00000000 
 82.64  -0.06550687   0.00000000   0.00000000 
 82.65  -0.06550683   0.00000000   0.00000000 
 82.66  -0.06550700   0.00000000   0.00000000 
 82.67  -0.06550683   0.00000000   0.00000000 
 82.68  -0.06550687   0.00000000   0.00000000 
 82.69  -0.06550690   0.00000000   0.00000000 
 82.70  -0.06550687   0.00000000   0.00000000 
 82.71  -0.06550682   0.00000000   0.00000000 
 82.72  -0.06550690   0.00000000   0.00000000 
 82.73  -0.06550698   0.00000000   0.00000000 
 82.74  -0.06550700   0.00000000   0.00000000 
 82.75  -0.06550690   0.00000000   0.00000000 
 82.76  -0.06550677   0.00000000   0.00000000 
 82.77  -0.06550673   0.00000000   0.00000000 
 82.78  -0.06550690   0.00000000   0.00000000 
 82.79  -0.06550690   0.00000000   0.00000000 
 82.80  -0.06550690   0.00000000   0.00000000 
 82.81  -0.06550685   0.00000000   0.00000000 
 82.82  -0.06550680   0.00000000   0.00000000 
 82.83  -0.06550682   0.00000000   0.00000000 
 82.84  -0.06550690   0.00000000   0.00000000 
 82.85  -0.06550682   0.00000000   0.00000000 
 82.86  -0.06550687   0.00000000   0.00000000 
 82.87  -0.06550690   0.00000000   0.00000000 
 82.88  -0.06550690   0.00000000   0.00000000 
 82.89  -0.06550688   0.00000000   0.00000000 
 82.90  -0.06550680   0.00000000   0.00000000 
 82.91  -0.06550680   0.00000000   0.00000000 
 82.92  -0.06550687   0.00000000   0.00000000 
 82.93  -0.06550690   0.00000000   0.00000000 
 82.94  -0.06550690   0.00000000   0.00000000 
 82.95  -0.06550688   0.00000000   0.00000000 
 82.96  -0.06550680   0.00000000   0.00000000 
 82.97  -0.06550697   0.00000000   0.00000000 
 82.98  -0.06550693   0.00000000   0.00000000 
 82.99  -0.06550690   0.00000000   0.00000000 
 83.00  -0.06550690   0.00000000   0.00000000 
 83.01  -0.06550692   0.00000000   0.00000000 
 83.02  -0.06550700   0.00000000   0.00000000 
 83.03  -0.06550700   0.00000000   0.00000000 
 83.04  -0.06550700   0.00000000   0.00000000 
 83.05  -0.06550690   0.00000000   0.00000000 
 83.06  -0.06550680   0.00000000   0.00000000 
 83.07  -0.06550682   0.00000000   0.00000000 
 83.08  -0.06550690   0.00000000   0.00000000 
 83.09  -0.06550682   0.00000000   0.00000000 
 83.10  -0.06550687   0.00000000   0.00000000 
 83.11  -0.06550690   0.00000000   0.00000000 
 83.12  -0.06550690   0.00000000   0.00000000 
 83.13  -0.06550690   0.00000000   0.00000000 
 83.14  -0.06550690   0.00000000   0.00000000 
 83.15  -0.06550690   0.00000000   0.00000000 
 83.16  -0.06550690   0.00000000   0.00000000 
 83.17  -0.06550685   0.00000000   0.00000000 
 83.18  -0.06550683   0.00000000   0.00000000 
 83.19  -0.06550688   0.00000000   0.00000000 
 83.20  -0.06550680   0.00000000   0.00000000 
 83.21  -0.06550688   0.00000000   0.00000000 
 83.22  -0.06550683   0.00000000   0.00000000 
 83.23  -0.06550685   0.00000000   0.00000000 
 83.24  -0.06550690   0.00000000   0.00000000 
 83.25  -0.06550687   0.00000000   0.00000000 
 83.26  -0.06550670   0.00000000   0.00000000 
 83.27  -0.06550687   0.00000000   0.00000000 
 83.28  -0.06550690   0.00000000   0.00000000 
 83.29  -0.06550690   0.00000000   0.00000000 
 83.30  -0.06550690   0.00000000   0.00000000 
 83.31  -0.06550690   0.00000000   0.00000000 
 83.32  -0.06550690   0.00000000   0.00000000 
 83.33  -0.06550682   0.00000000   0.00000000 
 83.34  -0.06550687   0.00000000   0.00000000 
 83.35  -0.06550690   0.00000000   0.00000000 
 83.36  -0.06550690   0.00000000   0.00000000 
 83.37  -0.06550687   0.00000000   0.00000000 
 83.38  -0.06550670   0.00000000   0.00000000 
 83.39  -0.06550687   0.00000000   0.00000000 
 83.40  -0.06550690   0.00000000   0.00000000 
 83.41  -0.06550685   0.00000000   0.00000000 
 83.42  -0.06550683   0.00000000   0.00000000 
 83.43  -0.06550690   0.00000000   0.00000000 
 83.44  -0.06550690   0.00000000   0.00000000 
 83.45  -0.06550690   0.00000000   0.00000000 
 83.46  -0.06550683   0.00000000   0.00000000 
 83.47  -0.06550680   0.00000000   0.00000000 
 83.48  -0.06550683   0.00000000   0.00000000 
 83.49  -0.06550690   0.00000000   0.00000000 
 83.50  -0.06550690   0.00000000   0.00000000 
 83.51  -0.06550682   0.00000000   0.00000000 
 83.52  -0.06550687   0.00000000   0.00000000 
 83.53  -0.06550685   0.00000000   0.00000000 
 83.54  -0.06550683   0.00000000   0.00000000 
 83.55  -0.06550690   0.00000000   0.00000000 
 83.56  -0.06550690   0.00000000   0.00000000 
 83.57  -0.06550690   0.00000000   0.00000000 
 83.58  -0.06550690   0.00000000   0.00000000 
 83.59  -0.06550690   0.00000000   0.00000000 
 83.60  -0.06550690   0.00000000   0.00000000 
 83.61  -0.06550690   0.00000000   0.00000000 
 83.62  -0.06550690   0.00000000   0.00000000 
 83.63  -0.06550682   0.00000000   0.00000000 
 83.64  -0.06550687   0.00000000   0.00000000 
 83.65  -0.06550685   0.00000000   0.00000000 
 83.66  -0.06550683   0.00000000   0.00000000 
 83.67  -0.06550690   0.00000000   0.00000000 
 83.68  -0.06550690   0.00000000   0.00000000 
 83.69  -0.06550690   0.00000000   0.00000000 
 83.70  -0.06550690   0.00000000   0.00000000 
 83.71  -0.06550690   0.00000000   0.00000000 
 83.72  -0.06550690   0.00000000   0.00000000 
 83.73  -0.06550690   0.00000000   0.00000000 
 83.74  -0.06550690   0.00000000   0.00000000 
 83.75  -0.06550690   0.00000000   0.00000000 
 83.76  -0.06550690   0.00000000   0.00000000 
 83.77  -0.06550695   0.00000000   0.00000000 
 83.78  -0.06550693   0.00000000   0.00000000 
 83.79  -0.06550680   0.00000000   0.00000000 
 83.80  -0.06550680   0.00000000   0.00000000 
 83.81  -0.06550688   0.00000000   0.00000000 
 83.82  -0.06550690   0.00000000   0.00000000 
 83.83  -0.06550685   0.00000000   0.00000000 
 83.84  -0.06550687   0.00000000   0.00000000 
 83.85  -0.06550698   0.00000000   0.00000000 
 83.86  -0.06550690   0.00000000   0.00000000 
 83.87  -0.06550690   0.00000000   0.00000000 
 83.88  -0.06550683   0.00000000   0.00000000 
 83.89  -0.06550690   0.00000000   0.00000000 
 83.90  -0.06550693   0.00000000   0.00000000 
 83.91  -0.06550682   0.00000000   0.00000000 
 83.92  -0.06550690   0.00000000   0.00000000 
 83.93  -0.06550682   0.00000000   0.00000000 
 83.94  -0.06550687   0.00000000   0.00000000 
 83.95  -0.06550685   0.00000000   0.00000000 
 83.96  -0.06550680   0.00000000   0.00000000 
 83.97  -0.06550680   0.00000000   0.00000000 
 83.98  -0.06550680   0.00000000   0.00000000 
 83.99  -0.06550697   0.00000000   0.00000000 
 84.00  -0.06550693   0.00000000   0.00000000 
 84.01  -0.06550690   0.00000000   0.00000000 
 84.02  -0.06550687   0.00000000   0.00000000 
 84.03  -0.06550683   0.00000000   0.00000000 
 84.04  -0.06550700   0.00000000   0.00000000 
 84.05  -0.06550683   0.00000000   0.00000000 
 84.06  -0.06550693   0.00000000   0.00000000 
 84.07  -0.06550700   0.00000000   0.00000000 
 84.08  -0.06550697   0.00000000   0.00000000 
 84.09  -0.06550690   0.00000000   0.00000000 
 84.10  -0.06550690   0.00000000   0.00000000 
 84.11  -0.06550690   0.00000000   0.00000000 
 84.12  -0.06550690   0.00000000   0.00000000 
 84.13  -0.06550685   0.00000000   0.00000000 
 84.14  -0.06550683   0.00000000   0.00000000 
 84.15  -0.06550690   0.00000000   0.00000000 
 84.16  -0.06550690   0.00000000   0.00000000 
 84.17  -0.06550682   0.00000000   0.00000000 
 84.18  -0.06550687   0.00000000   0.00000000 
 84.19  -0.06550685   0.00000000   0.00000000 
 84.20  -0.06550680   0.00000000   0.00000000 
 84.21  -0.06550683   0.00000000   0.00000000 
 84.22  -0.06550700   0.00000000   0.00000000 
 84.23  -0.06550692   0.00000000   0.00000000 
 84.24  -0.06550690   0.00000000   0.00000000 
 84.25  -0.06550685   0.00000000   0.00000000 
 84.26  -0.06550683   0.00000000   0.00000000 
 84.27  -0.06550688   0.00000000   0.00000000 
 84.28  -0.06550680   0.00000000   0.00000000 
 84.29  -0.06550688   0.00000000   0.00000000 
 84.30  -0.06550690   0.00000000   0.00000000 
 84.31  -0.06550685   0.00000000   0.00000000 
 84.32  -0.06550680   0.00000000   0.00000000 
 84.33  -0.06550683   0.00000000   0.00000000 
 84.34  -0.06550700   0.00000000   0.00000000 
 84.35  -0.06550692   0.00000000   0.00000000 
 84.36  -0.06550690   0.00000000   0.00000000 
 84.37  -0.06550685   0.00000000   0.00000000 
 84.38  -0.06550683   0.00000000   0.00000000 
 84.39  -0.06550688   0.00000000   0.00000000 
 84.40  -0.06550680   0.00000000   0.00000000 
 84.41  -0.06550688   0.00000000   0.00000000 
 84.42  -0.06550697   0.00000000   0.00000000 
 84.43  -0.06550695   0.00000000   0.00000000 
 84.44  -0.06550687   0.00000000   0.00000000 
 84.45  -0.06550682   0.00000000   0.00000000 
 84.46  -0.06550690   0.00000000   0.00000000 
 84.47  -0.06550682   0.00000000   0.00000000 
 84.48  -0.06550680   0.00000000   0.00000000 
 84.49  -0.06550680   0.00000000   0.00000000 
 84.50  -0.06550683   0.00000000   0.00000000 
 84.51  -0.06550688   0.00000000   0.00000000 
 84.52  -0.06550680   0.00000000   0.00000000 
 84.53  -0.06550688   0.00000000   0.00000000 
 84.54  -0.06550683   0.00000000   0.00000000 
 84.55  -0.06550685   0.00000000   0.00000000 
 84.56  -0.06550690   0.00000000   0.00000000 
 84.57  -0.06550690   0.00000000   0.00000000 
 84.58  -0.06550690   0.00000000   0.00000000 
 84.59  -0.06550690   0.00000000   0.00000000 
 84.60  -0.06550683   0.00000000   0.00000000 
 84.61  -0.06550685   0.00000000   0.00000000 
 84.62  -0.06550687   0.00000000   0.00000000 
 84.63  -0.06550683   0.00000000   0.00000000 
 84.64  -0.06550700   0.00000000   0.00000000 
 84.65  -0.06550692   0.00000000   0.00000000 
 84.66  -0.06550683   0.00000000   0.00000000 
 84.67  -0.06550685   0.00000000   0.00000000 
 84.68  -0.06550687   0.00000000   0.00000000 
 84.69  -0.06550682   0.00000000   0.00000000 
 84.70  -0.06550690   0.00000000   0.00000000 
 84.71  -0.06550690   0.00000000   0.00000000 
 84.72  -0.06550690   0.00000000   0.00000000 
 84.73  -0.06550695   0.00000000   0.00000000 
 84.74  -0.06550697   0.00000000   0.00000000 
 84.75  -0.06550687   0.00000000   0.00000000 
 84.76  -0.06550670   0.00000000   0.00000000 
 84.77  -0.06550695   0.00000000   0.00000000 
 84.78  -0.06550687   0.00000000   0.00000000 
 84.79  -0.06550675   0.00000000   0.00000000 
 84.80  -0.06550673   0.00000000   0.00000000 
 84.81  -0.06550680   0.00000000   0.00000000 
 84.82  -0.06550680   0.00000000   0.00000000 
 84.83  -0.06550688   0.00000000   0.00000000 
 84.84  -0.06550690   0.00000000   0.00000000 
 84.85  -0.06550690   0.00000000   0.00000000 
 84.86  -0.06550687   0.00000000   0.00000000 
 84.87  -0.06550680   0.00000000   0.00000000 
 84.88  -0.06550680   0.00000000   0.00000000 
 84.89  -0.06550688   0.00000000   0.00000000 
 84.90  -0.06550690   0.00000000   0.00000000 
 84.91  -0.06550690   0.00000000   0.00000000 
 84.92  -0.06550687   0.00000000   0.00000000 
 84.93  -0.06550682   0.00000000   0.00000000 
 84.94  -0.06550690   0.00000000   0.00000000 
 84.95  -0.06550690   0.00000000   0.00000000 
 84.96  -0.06550683   0.00000000   0.00000000 
 84.97  -0.06550685   0.00000000   0.00000000 
 84.98  -0.06550690   0.00000000   0.00000000 
 84.99  -0.06550690   0.00000000   0.00000000 
 85.00  -0.06550690   0.00000000   0.00000000 
 85.01  -0.06550690   0.00000000   0.00000000 
 85.02  -0.06550690   0.00000000   0.00000000 
 85.03  -0.06550685   0.00000000   0.00000000 
 85.04  -0.06550683   0.00000000   0.00000000 
 85.05  -0.06550690   0.00000000   0.00000000 
 85.06  -0.06550690   0.00000000   0.00000000 
 85.07  -0.06550682   0.00000000   0.00000000 
 85.08  -0.06550687   0.00000000   0.00000000 
 85.09  -0.06550685   0.00000000   0.00000000 
 85.10  -0.06550677   0.00000000   0.00000000 
 85.11  -0.06550673   0.00000000   0.00000000 
 85.12  -0.06550690   0.00000000   0.00000000 
 85.13  -0.06550698   0.00000000   0.00000000 
 85.14  -0.06550687   0.00000000   0.00000000 
 85.15  -0.06550685   0.00000000   0.00000000 
 85.16  -0.06550687   0.00000000   0.00000000 
 85.17  -0.06550682   0.00000000   0.00000000 
 85.18  -0.06550690   0.00000000   0.00000000 
 85.19  -0.06550690   0.00000000   0.00000000 
 85.20  -0.06550683   0.00000000   0.00000000 
 85.21  -0.06550685   0.00000000   0.00000000 
 85.22  -0.06550690   0.00000000   0.00000000 
 85.23  -0.06550690   0.00000000   0.00000000 
 85.24  -0.06550690   0.00000000   0.00000000 
 85.25  -0.06550690   0.00000000   0.00000000 
 85.26  -0.06550683   0.00000000   0.00000000 
 85.27  -0.06550680   0.00000000   0.00000000 
 85.28  -0.06550680   0.00000000   0.00000000 
 85.29  -0.06550682   0.00000000   0.00000000 
 85.30  -0.06550690   0.00000000   0.00000000 
 85.31  -0.06550682   0.00000000   0.00000000 
 85.32  -0.06550680   0.00000000   0.00000000 
 85.33  -0.06550685   0.00000000   0.00000000 
 85.34  -0.06550693   0.00000000   0.00000000 
 85.35  -0.06550698   0.00000000   0.00000000 
 85.36  -0.06550690   0.00000000   0.00000000 
 85.37  -0.06550682   0.00000000   0.00000000 
 85.38  -0.06550680   0.00000000   0.00000000 
 85.39  -0.06550685   0.00000000   0.00000000 
 85.40  -0.06550690   0.00000000   0.00000000 
 85.41  -0.06550688   0.00000000   0.00000000 
 85.42  -0.06550680   0.00000000   0.00000000 
 85.43  -0.06550688   0.00000000   0.00000000 
 85.44  -0.06550683   0.00000000   0.00000000 
 85.45  -0.06550685   0.00000000   0.00000000 
 85.46  -0.06550690   0.00000000   0.00000000 
 85.47  -0.06550688   0.00000000   0.00000000 
 85.48  -0.06550680   0.00000000   0.00000000 
 85.49  -0.06550680   0.00000000   0.00000000 
 85.50  -0.06550693   0.00000000   0.00000000 
 85.51  -0.06550695   0.00000000   0.00000000 
 85.52  -0.06550690   0.00000000   0.00000000 
 85.53  -0.06550690   0.00000000   0.00000000 
 85.54  -0.06550690   0.00000000   0.00000000 
 85.55  -0.06550682   0.00000000   0.00000000 
 85.56  -0.06550693   0.00000000   0.00000000 
 85.57  -0.06550695   0.00000000   0.00000000 
 85.58  -0.06550690   0.00000000   0.00000000 
 85.59  -0.06550687   0.00000000   0.00000000 
 85.60  -0.06550670   0.00000000   0.00000000 
 85.61  -0.06550687   0.00000000   0.00000000 
 85.62  -0.06550690   0.00000000   0.00000000 
 85.63  -0.06550690   0.00000000   0.00000000 
 85.64  -0.06550690   0.00000000   0.00000000 
 85.65  -0.06550690   0.00000000   0.00000000 
 85.66  -0.06550690   0.00000000   0.00000000 
 85.67  -0.06550698   0.00000000   0.00000000 
 85.68  -0.06550687   0.00000000   0.00000000 
 85.69  -0.06550685   0.00000000   0.00000000 
 85.70  -0.06550687   0.00000000   0.00000000 
 85.71  -0.06550682   0.00000000   0.00000000 
 85.72  -0.06550690   0.00000000   0.00000000 
 85.73  -0.06550682   0.00000000   0.00000000 
 85.74  -0.06550680   0.00000000   0.00000000 
 85.75  -0.06550685   0.00000000   0.00000000 
 85.76  -0.06550690   0.00000000   0.00000000 
 85.77  -0.06550690   0.00000000   0.00000000 
 85.78  -0.06550690   0.00000000   0.00000000 
 85.79  -0.06550690   0.00000000   0.00000000 
 85.80  -0.06550690   0.00000000   0.00000000 
 85.81  -0.06550695   0.00000000   0.00000000 
 85.82  -0.06550697   0.00000000   0.00000000 
 85.83  -0.06550688   0.00000000   0.00000000 
 85.84  -0.06550680   0.00000000   0.00000000 
 85.85  -0.06550688   0.00000000   0.00000000 
 85.86  -0.06550690   0.00000000   0.00000000 
 85.87  -0.06550685   0.00000000   0.00000000 
 85.88  -0.06550683   0.00000000   0.00000000 
 85.89  -0.06550690   0.00000000   0.00000000 
 85.90  -0.06550690   0.00000000   0.00000000 
 85.91  -0.06550690   0.00000000   0.00000000 
 85.92  -0.06550690   0.00000000   0.00000000 
 85.93  -0.06550685   0.00000000   0.00000000 
 85.94  -0.06550680   0.00000000   0.00000000 
 85.95  -0.06550682   0.00000000   0.00000000 
 85.96  -0.06550690   0.00000000   0.00000000 
 85.97  -0.06550690   0.00000000   0.00000000 
 85.98  -0.06550683   0.00000000   0.00000000 
 85.99  -0.06550685   0.00000000   0.00000000 
 86.00  -0.06550690   0.00000000   0.00000000 
 86.01  -0.06550692   0.00000000   0.00000000 
 86.02  -0.06550700   0.00000000   0.00000000 
 86.03  -0.06550692   0.00000000   0.00000000 
 86.04  -0.06550690   0.00000000   0.00000000 
 86.05  -0.06550685   0.00000000   0.00000000 
 86.06  -0.06550683   0.00000000   0.00000000 
 86.07  -0.06550688   0.00000000   0.00000000 
 86.08  -0.06550680   0.00000000   0.00000000 
 86.09  -0.06550688   0.00000000   0.00000000 
 86.10  -0.06550683   0.00000000   0.00000000 
 86.11  -0.06550690   0.00000000   0.00000000 
 86.12  -0.06550700   0.00000000   0.00000000 
 86.13  -0.06550698   0.00000000   0.00000000 
 86.14  -0.06550690   0.00000000   0.00000000 
 86.15  -0.06550682   0.00000000   0.00000000 
 86.16  -0.06550680   0.00000000   0.00000000 
 86.17  -0.06550685   0.00000000   0.00000000 
 86.18  -0.06550687   0.00000000   0.00000000 
 86.19  -0.06550680   0.00000000   0.00000000 
 86.20  -0.06550680   0.00000000   0.00000000 
 86.21  -0.06550680   0.00000000   0.00000000 
 86.22  -0.06550680   0.00000000   0.00000000 
 86.23  -0.06550690   0.00000000   0.00000000 
 86.24  -0.06550697   0.00000000   0.00000000 
 86.25  -0.06550688   0.00000000   0.00000000 
 86.26  -0.06550680   0.00000000   0.00000000 
 86.27  -0.06550697   0.00000000   0.00000000 
 86.28  -0.06550687   0.00000000   0.00000000 
 86.29  -0.06550685   0.00000000   0.00000000 
 86.30  -0.06550690   0.00000000   0.00000000 
 86.31  -0.06550692   0.00000000   0.00000000 
 86.32  -0.06550700   0.00000000   0.00000000 
 86.33  -0.06550692   0.00000000   0.00000000 
 86.34  -0.06550690   0.00000000   0.00000000 
 86.35  -0.06550690   0.00000000   0.00000000 
 86.36  -0.06550690   0.00000000   0.00000000 
 86.37  -0.06550690   0.00000000   0.00000000 
 86.38  -0.06550690   0.00000000   0.00000000 
 86.39  -0.06550682   0.00000000   0.00000000 
 86.40  -0.06550680   0.00000000   0.00000000 
 86.41  -0.06550685   0.00000000   0.00000000 
 86.42  -0.06550687   0.00000000   0.00000000 
 86.43  -0.06550682   0.00000000   0.00000000 
 86.44  -0.06550690   0.00000000   0.00000000 
 86.45  -0.06550698   0.00000000   0.00000000 
 86.46  -0.06550693   0.00000000   0.00000000 
 86.47  -0.06550685   0.00000000   0.00000000 
 86.48  -0.06550687   0.00000000   0.00000000 
 86.49  -0.06550698   0.00000000   0.00000000 
 86.50  -0.06550690   0.00000000   0.00000000 
 86.51  -0.06550690   0.00000000   0.00000000 
 86.52  -0.06550683   0.00000000   0.00000000 
 86.53  -0.06550680   0.00000000   0.00000000 
 86.54  -0.06550680   0.00000000   0.00000000 
 86.55  -0.06550682   0.00000000   0.00000000 
 86.56  -0.06550690   0.00000000   0.00000000 
 86.57  -0.06550690   0.00000000   0.00000000 
 86.58  -0.06550683   0.00000000   0.00000000 
 86.59  -0.06550685   0.00000000   0.00000000 
 86.60  -0.06550687   0.00000000   0.00000000 
 86.61  -0.06550683   0.00000000   0.00000000 
 86.62  -0.06550700   0.00000000   0.00000000 
 86.63  -0.06550700   0.00000000   0.00000000 
 86.64  -0.06550693   0.00000000   0.00000000 
 86.65  -0.06550690   0.00000000   0.00000000 
 86.66  -0.06550690   0.00000000   0.00000000 
 86.67  -0.06550690   0.00000000   0.00000000 
 86.68  -0.06550690   0.00000000   0.00000000 
 86.69  -0.06550682   0.00000000   0.00000000 
 86.70  -0.06550687   0.00000000   0.00000000 
 86.71  -0.06550690   0.00000000   0.00000000 
 86.72  -0.06550693   0.00000000   0.00000000 
 86.73  -0.06550698   0.00000000   0.00000000 
 86.74  -0.06550690   0.00000000   0.00000000 
 86.75  -0.06550682   0.00000000   0.00000000 
 86.76  -0.06550680   0.00000000   0.00000000 
 86.77  -0.06550680   0.00000000   0.00000000 
 86.78  -0.06550683   0.00000000   0.00000000 
 86.79  -0.06550690   0.00000000   0.00000000 
 86.80  -0.06550690   0.00000000   0.00000000 
 86.81  -0.06550682   0.00000000   0.00000000 
 86.82  -0.06550687   0.00000000   0.00000000 
 86.83  -0.06550685   0.00000000   0.00000000 
 86.84  -0.06550683   0.00000000   0.00000000 
 86.85  -0.06550690   0.00000000   0.00000000 
 86.86  -0.06550690   0.00000000   0.00000000 
 86.87  -0.06550690   0.00000000   0.00000000 
 86.88  -0.06550697   0.00000000   0.00000000 
 86.89  -0.06550690   0.00000000   0.00000000 
 86.90  -0.06550683   0.00000000   0.00000000 
 86.91  -0.06550688   0.00000000   0.00000000 
 86.92  -0.06550680   0.00000000   0.00000000 
 86.93  -0.06550680   0.00000000   0.00000000 
 86.94  -0.06550680   0.00000000   0.00000000 
 86.95  -0.06550685   0.00000000   0.00000000 
 86.96  -0.06550690   0.00000000   0.00000000 
 86.97  -0.06550688   0.00000000   0.00000000 
 86.98  -0.06550680   0.00000000   0.00000000 
 86.99  -0.06550688   0.00000000   0.00000000 
 87.00  -0.06550690   0.00000000   0.00000000 
 87.01  -0.06550690   0.00000000   0.00000000 
 87.02  -0.06550690   0.00000000   0.00000000 
 87.03  -0.06550688   0.00000000   0.00000000 
 87.04  -0.06550680   0.00000000   0.00000000 
 87.05  -0.06550688   0.00000000   0.00000000 
 87.06  -0.06550683   0.00000000   0.00000000 
 87.07  -0.06550690   0.00000000   0.00000000 
 87.08  -0.06550697   0.00000000   0.00000000 
 87.09  -0.06550692   0.00000000   0.00000000 
 87.10  -0.06550700   0.00000000   0.00000000 
 87.11  -0.06550683   0.00000000   0.00000000 
 87.12  -0.06550680   0.00000000   0.00000000 
 87.13  -0.06550690   0.00000000   0.00000000 
 87.14  -0.06550700   0.00000000   0.00000000 
 87.15  -0.06550698   0.00000000   0.00000000 
 87.16  -0.06550690   0.00000000   0.00000000 
 87.17  -0.06550682   0.00000000   0.00000000 
 87.18  -0.06550687   0.00000000   0.00000000 
 87.19  -0.06550690   0.00000000   0.00000000 
 87.20  -0.06550687   0.00000000   0.00000000 
 87.21  -0.06550682   0.00000000   0.00000000 
 87.22  -0.06550690   0.00000000   0.00000000 
 87.23  -0.06550682   0.00000000   0.00000000 
 87.24  -0.06550687   0.00000000   0.00000000 
 87.25  -0.06550690   0.00000000   0.00000000 
 87.26  -0.06550687   0.00000000   0.00000000 
 87.27  -0.06550682   0.00000000   0.00000000 
 87.28  -0.06550690   0.00000000   0.00000000 
 87.29  -0.06550682   0.00000000   0.00000000 
 87.30  -0.06550680   0.00000000   0.00000000 
 87.31  -0.06550685   0.00000000   0.00000000 
 87.32  -0.06550690   0.00000000   0.00000000 
 87.33  -0.06550692   0.00000000   0.00000000 
 87.34  -0.06550700   0.00000000   0.00000000 
 87.35  -0.06550692   0.00000000   0.00000000 
 87.36  -0.06550683   0.00000000   0.00000000 
 87.37  -0.06550685   0.00000000   0.00000000 
 87.38  -0.06550690   0.00000000   0.00000000 
 87.39  -0.06550690   0.00000000   0.00000000 
 87.40  -0.06550690   0.00000000   0.00000000 
 87.41  -0.06550698   0.00000000   0.00000000 
 87.42  -0.06550693   0.00000000   0.00000000 
 87.43  -0.06550685   0.00000000   0.00000000 
 87.44  -0.06550687   0.00000000   0.00000000 
 87.45  -0.06550700   0.00000000   0.00000000 
 87.46  -0.06550700   0.00000000   0.00000000 
 87.47  -0.06550700   0.00000000   0.00000000 
 87.48  -0.06550687   0.00000000   0.00000000 
 87.49  -0.06550680   0.00000000   0.00000000 
 87.50  -0.06550680   0.00000000   0.00000000 
 87.51  -0.06550682   0.00000000   0.00000000 
 87.52  -0.06550690   0.00000000   0.00000000 
 87.53  -0.06550690   0.00000000   0.00000000 
 87.54  -0.06550697   0.00000000   0.00000000 
 87.55  -0.06550690   0.00000000   0.00000000 
 87.56  -0.06550683   0.00000000   0.00000000 
 87.57  -0.06550692   0.00000000   0.00000000 
 87.58  -0.06550700   0.00000000   0.00000000 
 87.59  -0.06550683   0.00000000   0.00000000 
