5000    
0.000000    -0.000000    0.000000    0.000000    0.000007    0.000000    0.000000    -0.000169    0.000000    0.000000  
0.010001    -0.000000    0.000000    0.000000    0.000006    0.000000    0.000000    -0.000151    0.000000    0.000000  
0.020002    0.000000    0.000000    0.000000    0.000004    0.000000    0.000000    -0.000133    0.000000    0.000000  
0.030003    0.000000    0.000000    0.000000    0.000003    0.000000    0.000000    -0.000116    0.000000    0.000000  
0.040004    0.000000    0.000000    0.000000    0.000002    0.000000    0.000000    -0.000100    0.000000    0.000000  
0.050005    0.000000    0.000000    0.000000    0.000001    0.000000    0.000000    -0.000085    0.000000    0.000000  
0.060006    0.000000    0.000000    0.000000    0.000000    0.000000    0.000000    -0.000071    0.000000    0.000000  
0.070007    0.000000    0.000000    0.000000    -0.000000    0.000000    0.000000    -0.000058    0.000000    0.000000  
0.080008    0.000000    0.000000    0.000000    -0.000001    0.000000    0.000000    -0.000046    0.000000    0.000000  
0.090009    0.000000    0.000000    0.000000    -0.000001    0.000000    0.000000    -0.000034    0.000000    0.000000  
0.100010    0.000000    0.000000    0.000000    -0.000002    0.000000    0.000000    -0.000024    0.000000    0.000000  
0.110011    0.000000    0.000000    0.000000    -0.000002    0.000000    0.000000    -0.000014    0.000000    0.000000  
0.120012    0.000000    0.000000    0.000000    -0.000002    0.000000    0.000000    -0.000006    0.000000    0.000000  
0.130013    0.000000    0.000000    0.000000    -0.000002    0.000000    0.000000    0.000001    0.000000    0.000000  
0.140014    0.000000    0.000000    0.000000    -0.000002    0.000000    0.000000    0.000008    0.000000    0.000000  
0.150015    0.000000    0.000000    0.000000    -0.000002    0.000000    0.000000    0.000013    0.000000    0.000000  
0.160016    -0.000000    0.000000    0.000000    -0.000002    0.000000    0.000000    0.000018    0.000000    0.000000  
0.170017    -0.000000    0.000000    0.000000    -0.000001    0.000000    0.000000    0.000021    0.000000    0.000000  
0.180018    -0.000000    0.000000    0.000000    -0.000001    0.000000    0.000000    0.000023    0.000000    0.000000  
0.190019    -0.000000    0.000000    0.000000    -0.000001    0.000000    0.000000    0.000024    0.000000    0.000000  
0.200020    -0.000000    0.000000    0.000000    -0.000001    0.000000    0.000000    0.000024    0.000000    0.000000  
0.210021    -0.000000    0.000000    0.000000    -0.000000    0.000000    0.000000    0.000023    0.000000    0.000000  
0.220022    -0.000000    0.000000    0.000000    -0.000000    0.000000    0.000000    0.000022    0.000000    0.000000  
0.230023    -0.000000    0.000000    0.000000    -0.000000    0.000000    0.000000    0.000019    0.000000    0.000000  
0.240024    -0.000000    0.000000    0.000000    0.000000    0.000000    0.000000    0.000016    0.000000    0.000000  
0.250025    -0.000000    0.000000    0.000000    0.000000    0.000000    0.000000    0.000012    0.000000    0.000000  
0.260026    -0.000000    0.000000    0.000000    0.000001    0.000000    0.000000    0.000008    0.000000    0.000000  
0.270027    -0.000000    0.000000    0.000000    0.000001    0.000000    0.000000    0.000004    0.000000    0.000000  
0.280028    -0.000000    0.000000    0.000000    0.000001    0.000000    0.000000    0.000001    0.000000    0.000000  
0.290029    -0.000000    0.000000    0.000000    0.000001    0.000000    0.000000    -0.000003    0.000000    0.000000  
0.300030    -0.000000    0.000000    0.000000    0.000001    0.000000    0.000000    -0.000005    0.000000    0.000000  
0.310031    0.000000    0.000000    0.000000    0.000001    0.000000    0.000000    -0.000008    0.000000    0.000000  
0.320032    0.000000    0.000000    0.000000    0.000001    0.000000    0.000000    -0.000009    0.000000    0.000000  
0.330033    0.000000    0.000000    0.000000    0.000000    0.000000    0.000000    -0.000010    0.000000    0.000000  
0.340034    0.000000    0.000000    0.000000    0.000000    0.000000    0.000000    -0.000010    0.000000    0.000000  
0.350035    0.000000    0.000000    0.000000    -0.000000    0.000000    0.000000    -0.000010    0.000000    0.000000  
0.360036    0.000000    0.000000    0.000000    -0.000000    0.000000    0.000000    -0.000010    0.000000    0.000000  
0.370037    -0.000000    0.000000    0.000000    -0.000000    0.000000    0.000000    -0.000009    0.000000    0.000000  
0.380038    -0.000000    0.000000    0.000000    -0.000001    0.000000    0.000000    -0.000008    0.000000    0.000000  
0.390039    -0.000000    0.000000    0.000000    -0.000001    0.000000    0.000000    -0.000006    0.000000    0.000000  
0.400040    -0.000000    0.000000    0.000000    -0.000001    0.000000    0.000000    -0.000004    0.000000    0.000000  
0.410041    -0.000000    0.000000    0.000000    -0.000001    0.000000    0.000000    -0.000003    0.000000    0.000000  
0.420042    -0.000000    0.000000    0.000000    -0.000001    0.000000    0.000000    -0.000001    0.000000    0.000000  
0.430043    -0.000000    0.000000    0.000000    -0.000001    0.000000    0.000000    0.000001    0.000000    0.000000  
0.440044    -0.000000    0.000000    0.000000    -0.000001    0.000000    0.000000    0.000003    0.000000    0.000000  
0.450045    -0.000000    0.000000    0.000000    -0.000000    0.000000    0.000000    0.000005    0.000000    0.000000  
0.460046    -0.000000    0.000000    0.000000    -0.000000    0.000000    0.000000    0.000006    0.000000    0.000000  
0.470047    -0.000000    0.000000    0.000000    -0.000000    0.000000    0.000000    0.000007    0.000000    0.000000  
0.480048    -0.000000    0.000000    0.000000    -0.000000    0.000000    0.000000    0.000008    0.000000    0.000000  
0.490049    -0.000000    0.000000    0.000000    0.000000    0.000000    0.000000    0.000008    0.000000    0.000000  
0.500050    -0.000000    0.000000    0.000000    0.000000    0.000000    0.000000    0.000008    0.000000    0.000000  
0.510051    -0.000000    0.000000    0.000000    0.000000    0.000000    0.000000    0.000007    0.000000    0.000000  
0.520052    -0.000000    0.000000    0.000000    0.000000    0.000000    0.000000    0.000005    0.000000    0.000000  
0.530053    -0.000000    0.000000    0.000000    0.000000    0.000000    0.000000    0.000004    0.000000    0.000000  
0.540054    -0.000000    0.000000    0.000000    0.000000    0.000000    0.000000    0.000002    0.000000    0.000000  
0.550055    -0.000000    0.000000    0.000000    0.000000    0.000000    0.000000    -0.000000    0.000000    0.000000  
0.560056    -0.000000    0.000000    0.000000    0.000000    0.000000    0.000000    -0.000002    0.000000    0.000000  
0.570057    -0.000000    0.000000    0.000000    0.000000    0.000000    0.000000    -0.000004    0.000000    0.000000  
0.580058    -0.000000    0.000000    0.000000    0.000000    0.000000    0.000000    -0.000005    0.000000    0.000000  
0.590059    -0.000000    0.000000    0.000000    -0.000000    0.000000    0.000000    -0.000006    0.000000    0.000000  
0.600060    -0.000000    0.000000    0.000000    -0.000000    0.000000    0.000000    -0.000006    0.000000    0.000000  
0.610061    -0.000000    0.000000    0.000000    -0.000000    0.000000    0.000000    -0.000005    0.000000    0.000000  
0.620062    -0.000000    0.000000    0.000000    -0.000000    0.000000    0.000000    -0.000004    0.000000    0.000000  
0.630063    -0.000000    0.000000    0.000000    -0.000000    0.000000    0.000000    -0.000002    0.000000    0.000000  
0.640064    -0.000000    0.000000    0.000000    -0.000000    0.000000    0.000000    0.000000    0.000000    0.000000  
0.650065    -0.000000    0.000000    0.000000    -0.000000    0.000000    0.000000    0.000003    0.000000    0.000000  
0.660066    -0.000000    0.000000    0.000000    -0.000000    0.000000    0.000000    0.000005    0.000000    0.000000  
0.670067    -0.000000    0.000000    0.000000    -0.000000    0.000000    0.000000    0.000007    0.000000    0.000000  
0.680068    -0.000000    0.000000    0.000000    -0.000000    0.000000    0.000000    0.000009    0.000000    0.000000  
0.690069    -0.000000    0.000000    0.000000    -0.000000    0.000000    0.000000    0.000011    0.000000    0.000000  
0.700070    -0.000000    0.000000    0.000000    0.000000    0.000000    0.000000    0.000012    0.000000    0.000000  
0.710071    -0.000000    0.000000    0.000000    0.000000    0.000000    0.000000    0.000012    0.000000    0.000000  
0.720072    -0.000000    0.000000    0.000000    0.000000    0.000000    0.000000    0.000012    0.000000    0.000000  
0.730073    -0.000000    0.000000    0.000000    0.000001    0.000000    0.000000    0.000011    0.000000    0.000000  
0.740074    -0.000000    0.000000    0.000000    0.000001    0.000000    0.000000    0.000009    0.000000    0.000000  
0.750075    -0.000000    0.000000    0.000000    0.000001    0.000000    0.000000    0.000007    0.000000    0.000000  
0.760076    -0.000000    0.000000    0.000000    0.000001    0.000000    0.000000    0.000005    0.000000    0.000000  
0.770077    -0.000000    0.000000    0.000000    0.000001    0.000000    0.000000    0.000003    0.000000    0.000000  
0.780078    -0.000000    0.000000    0.000000    0.000001    0.000000    0.000000    0.000001    0.000000    0.000000  
0.790079    0.000000    0.000000    0.000000    0.000001    0.000000    0.000000    -0.000002    0.000000    0.000000  
0.800080    0.000000    0.000000    0.000000    0.000001    0.000000    0.000000    -0.000004    0.000000    0.000000  
0.810081    0.000000    0.000000    0.000000    0.000001    0.000000    0.000000    -0.000006    0.000000    0.000000  
0.820082    0.000000    0.000000    0.000000    0.000001    0.000000    0.000000    -0.000007    0.000000    0.000000  
0.830083    0.000000    0.000000    0.000000    0.000001    0.000000    0.000000    -0.000009    0.000000    0.000000  
0.840084    0.000000    0.000000    0.000000    0.000001    0.000000    0.000000    -0.000010    0.000000    0.000000  
0.850085    0.000000    0.000000    0.000000    0.000000    0.000000    0.000000    -0.000010    0.000000    0.000000  
0.860086    0.000000    0.000000    0.000000    0.000000    0.000000    0.000000    -0.000011    0.000000    0.000000  
0.870087    0.000000    0.000000    0.000000    0.000000    0.000000    0.000000    -0.000011    0.000000    0.000000  
0.880088    0.000000    0.000000    0.000000    -0.000000    0.000000    0.000000    -0.000011    0.000000    0.000000  
0.890089    0.000000    0.000000    0.000000    -0.000000    0.000000    0.000000    -0.000010    0.000000    0.000000  
0.900090    0.000000    0.000000    0.000000    -0.000000    0.000000    0.000000    -0.000009    0.000000    0.000000  
0.910091    0.000000    0.000000    0.000000    -0.000000    0.000000    0.000000    -0.000007    0.000000    0.000000  
0.920092    0.000000    0.000000    0.000000    -0.000000    0.000000    0.000000    -0.000005    0.000000    0.000000  
0.930093    0.000000    0.000000    0.000000    -0.000000    0.000000    0.000000    -0.000003    0.000000    0.000000  
0.940094    0.000000    0.000000    0.000000    -0.000000    0.000000    0.000000    -0.000001    0.000000    0.000000  
0.950095    0.000000    0.000000    0.000000    -0.000000    0.000000    0.000000    0.000001    0.000000    0.000000  
0.960096    0.000000    0.000000    0.000000    -0.000000    0.000000    0.000000    0.000003    0.000000    0.000000  
0.970097    0.000000    0.000000    0.000000    -0.000000    0.000000    0.000000    0.000005    0.000000    0.000000  
0.980098    0.000000    0.000000    0.000000    -0.000000    0.000000    0.000000    0.000006    0.000000    0.000000  
0.990099    0.000000    0.000000    0.000000    0.000000    0.000000    0.000000    0.000007    0.000000    0.000000  
1.000100    0.000000    0.000000    0.000000    0.000000    0.000000    0.000000    0.000007    0.000000    0.000000  
1.010101    0.000000    0.000000    0.000000    0.000000    0.000000    0.000000    0.000006    0.000000    0.000000  
1.020102    0.000000    0.000000    0.000000    0.000000    0.000000    0.000000    0.000004    0.000000    0.000000  
1.030103    0.000000    0.000000    0.000000    0.000000    0.000000    0.000000    0.000002    0.000000    0.000000  
1.040104    0.000000    0.000000    0.000000    0.000000    0.000000    0.000000    0.000000    0.000000    0.000000  
1.050105    0.000000    0.000000    0.000000    0.000000    0.000000    0.000000    -0.000002    0.000000    0.000000  
1.060106    0.000000    0.000000    0.000000    0.000000    0.000000    0.000000    -0.000005    0.000000    0.000000  
1.070107    0.000000    0.000000    0.000000    0.000000    0.000000    0.000000    -0.000007    0.000000    0.000000  
1.080108    0.000000    0.000000    0.000000    0.000000    0.000000    0.000000    -0.000009    0.000000    0.000000  
1.090109    0.000000    0.000000    0.000000    0.000000    0.000000    0.000000    -0.000011    0.000000    0.000000  
1.100110    0.000000    0.000000    0.000000    -0.000000    0.000000    0.000000    -0.000012    0.000000    0.000000  
1.110111    0.000000    0.000000    0.000000    -0.000000    0.000000    0.000000    -0.000013    0.000000    0.000000  
1.120112    0.000000    0.000000    0.000000    -0.000000    0.000000    0.000000    -0.000012    0.000000    0.000000  
1.130113    0.000000    0.000000    0.000000    -0.000001    0.000000    0.000000    -0.000011    0.000000    0.000000  
1.140114    0.000000    0.000000    0.000000    -0.000001    0.000000    0.000000    -0.000010    0.000000    0.000000  
1.150115    0.000000    0.000000    0.000000    -0.000001    0.000000    0.000000    -0.000008    0.000000    0.000000  
1.160116    0.000000    0.000000    0.000000    -0.000001    0.000000    0.000000    -0.000006    0.000000    0.000000  
1.170117    0.000000    0.000000    0.000000    -0.000001    0.000000    0.000000    -0.000004    0.000000    0.000000  
1.180118    0.000000    0.000000    0.000000    -0.000001    0.000000    0.000000    -0.000002    0.000000    0.000000  
1.190119    -0.000000    0.000000    0.000000    -0.000001    0.000000    0.000000    0.000001    0.000000    0.000000  
1.200120    -0.000000    0.000000    0.000000    -0.000001    0.000000    0.000000    0.000003    0.000000    0.000000  
1.210121    -0.000000    0.000000    0.000000    -0.000001    0.000000    0.000000    0.000005    0.000000    0.000000  
1.220122    -0.000000    0.000000    0.000000    -0.000001    0.000000    0.000000    0.000007    0.000000    0.000000  
1.230123    -0.000000    0.000000    0.000000    -0.000001    0.000000    0.000000    0.000009    0.000000    0.000000  
1.240124    -0.000000    0.000000    0.000000    -0.000001    0.000000    0.000000    0.000011    0.000000    0.000000  
1.250125    -0.000000    0.000000    0.000000    -0.000001    0.000000    0.000000    0.000012    0.000000    0.000000  
1.260126    -0.000000    0.000000    0.000000    -0.000000    0.000000    0.000000    0.000013    0.000000    0.000000  
1.270127    -0.000000    0.000000    0.000000    -0.000000    0.000000    0.000000    0.000014    0.000000    0.000000  
1.280128    -0.000000    0.000000    0.000000    0.000000    0.000000    0.000000    0.000014    0.000000    0.000000  
1.290129    -0.000000    0.000000    0.000000    0.000000    0.000000    0.000000    0.000014    0.000000    0.000000  
1.300130    -0.000000    0.000000    0.000000    0.000000    0.000000    0.000000    0.000013    0.000000    0.000000  
1.310131    -0.000000    0.000000    0.000000    0.000000    0.000000    0.000000    0.000012    0.000000    0.000000  
1.320132    -0.000000    0.000000    0.000000    0.000001    0.000000    0.000000    0.000011    0.000000    0.000000  
1.330133    -0.000000    0.000000    0.000000    0.000001    0.000000    0.000000    0.000009    0.000000    0.000000  
1.340134    -0.000000    0.000000    0.000000    0.000001    0.000000    0.000000    0.000007    0.000000    0.000000  
1.350135    -0.000000    0.000000    0.000000    0.000001    0.000000    0.000000    0.000005    0.000000    0.000000  
1.360136    -0.000000    0.000000    0.000000    0.000001    0.000000    0.000000    0.000003    0.000000    0.000000  
1.370137    -0.000000    0.000000    0.000000    0.000001    0.000000    0.000000    0.000001    0.000000    0.000000  
1.380138    -0.000000    0.000000    0.000000    0.000001    0.000000    0.000000    -0.000001    0.000000    0.000000  
1.390139    -0.000000    0.000000    0.000000    0.000001    0.000000    0.000000    -0.000003    0.000000    0.000000  
1.400140    -0.000000    0.000000    0.000000    0.000001    0.000000    0.000000    -0.000005    0.000000    0.000000  
1.410141    0.000000    0.000000    0.000000    0.000000    0.000000    0.000000    -0.000007    0.000000    0.000000  
1.420142    0.000000    0.000000    0.000000    0.000000    0.000000    0.000000    -0.000008    0.000000    0.000000  
1.430143    0.000000    0.000000    0.000000    0.000000    0.000000    0.000000    -0.000009    0.000000    0.000000  
1.440144    0.000000    0.000000    0.000000    0.000000    0.000000    0.000000    -0.000009    0.000000    0.000000  
1.450145    0.000000    0.000000    0.000000    0.000000    0.000000    0.000000    -0.000009    0.000000    0.000000  
1.460146    0.000000    0.000000    0.000000    0.000000    0.000000    0.000000    -0.000009    0.000000    0.000000  
1.470147    0.000000    0.000000    0.000000    0.000000    0.000000    0.000000    -0.000009    0.000000    0.000000  
1.480148    0.000000    0.000000    0.000000    -0.000000    0.000000    0.000000    -0.000009    0.000000    0.000000  
1.490149    0.000000    0.000000    0.000000    -0.000000    0.000000    0.000000    -0.000008    0.000000    0.000000  
1.500150    0.000000    0.000000    0.000000    -0.000000    0.000000    0.000000    -0.000008    0.000000    0.000000  
1.510151    -0.000000    0.000000    0.000000    -0.000000    0.000000    0.000000    -0.000007    0.000000    0.000000  
1.520152    -0.000000    0.000000    0.000000    -0.000000    0.000000    0.000000    -0.000006    0.000000    0.000000  
1.530153    -0.000000    0.000000    0.000000    -0.000000    0.000000    0.000000    -0.000005    0.000000    0.000000  
1.540154    -0.000000    0.000000    0.000000    -0.000000    0.000000    0.000000    -0.000004    0.000000    0.000000  
1.550155    -0.000000    0.000000    0.000000    -0.000000    0.000000    0.000000    -0.000002    0.000000    0.000000  
1.560156    -0.000000    0.000000    0.000000    -0.000001    0.000000    0.000000    -0.000001    0.000000    0.000000  
1.570157    -0.000000    0.000000    0.000000    -0.000001    0.000000    0.000000    0.000000    0.000000    0.000000  
1.580158    -0.000000    0.000000    0.000000    -0.000001    0.000000    0.000000    0.000001    0.000000    0.000000  
1.590159    -0.000000    0.000000    0.000000    -0.000001    0.000000    0.000000    0.000002    0.000000    0.000000  
1.600160    -0.000000    0.000000    0.000000    -0.000001    0.000000    0.000000    0.000003    0.000000    0.000000  
1.610161    -0.000000    0.000000    0.000000    -0.000001    0.000000    0.000000    0.000004    0.000000    0.000000  
1.620162    -0.000000    0.000000    0.000000    -0.000000    0.000000    0.000000    0.000005    0.000000    0.000000  
1.630163    -0.000000    0.000000    0.000000    -0.000000    0.000000    0.000000    0.000005    0.000000    0.000000  
1.640164    -0.000000    0.000000    0.000000    -0.000000    0.000000    0.000000    0.000006    0.000000    0.000000  
1.650165    -0.000000    0.000000    0.000000    -0.000000    0.000000    0.000000    0.000006    0.000000    0.000000  
1.660166    -0.000000    0.000000    0.000000    -0.000000    0.000000    0.000000    0.000006    0.000000    0.000000  
1.670167    -0.000000    0.000000    0.000000    -0.000000    0.000000    0.000000    0.000006    0.000000    0.000000  
1.680168    -0.000000    0.000000    0.000000    0.000000    0.000000    0.000000    0.000005    0.000000    0.000000  
1.690169    -0.000000    0.000000    0.000000    0.000000    0.000000    0.000000    0.000005    0.000000    0.000000  
1.700170    -0.000000    0.000000    0.000000    0.000000    0.000000    0.000000    0.000004    0.000000    0.000000  
1.710171    -0.000000    0.000000    0.000000    0.000000    0.000000    0.000000    0.000003    0.000000    0.000000  
1.720172    -0.000000    0.000000    0.000000    0.000000    0.000000    0.000000    0.000001    0.000000    0.000000  
1.730173    -0.000000    0.000000    0.000000    0.000000    0.000000    0.000000    0.000000    0.000000    0.000000  
1.740174    -0.000000    0.000000    0.000000    0.000000    0.000000    0.000000    -0.000001    0.000000    0.000000  
1.750175    -0.000000    0.000000    0.000000    0.000000    0.000000    0.000000    -0.000003    0.000000    0.000000  
1.760176    -0.000000    0.000000    0.000000    0.000000    0.000000    0.000000    -0.000004    0.000000    0.000000  
1.770177    -0.000000    0.000000    0.000000    0.000000    0.000000    0.000000    -0.000004    0.000000    0.000000  
1.780178    -0.000000    0.000000    0.000000    0.000000    0.000000    0.000000    -0.000005    0.000000    0.000000  
1.790179    -0.000000    0.000000    0.000000    -0.000000    0.000000    0.000000    -0.000005    0.000000    0.000000  
1.800180    -0.000000    0.000000    0.000000    -0.000000    0.000000    0.000000    -0.000004    0.000000    0.000000  
1.810181    -0.000000    0.000000    0.000000    -0.000000    0.000000    0.000000    -0.000003    0.000000    0.000000  
1.820182    -0.000000    0.000000    0.000000    -0.000000    0.000000    0.000000    -0.000002    0.000000    0.000000  
1.830183    -0.000000    0.000000    0.000000    -0.000000    0.000000    0.000000    0.000000    0.000000    0.000000  
1.840184    -0.000000    0.000000    0.000000    -0.000000    0.000000    0.000000    0.000002    0.000000    0.000000  
1.850185    -0.000000    0.000000    0.000000    -0.000000    0.000000    0.000000    0.000005    0.000000    0.000000  
1.860186    -0.000000    0.000000    0.000000    -0.000000    0.000000    0.000000    0.000007    0.000000    0.000000  
1.870187    -0.000000    0.000000    0.000000    -0.000000    0.000000    0.000000    0.000009    0.000000    0.000000  
1.880188    -0.000000    0.000000    0.000000    -0.000000    0.000000    0.000000    0.000010    0.000000    0.000000  
1.890189    -0.000000    0.000000    0.000000    -0.000000    0.000000    0.000000    0.000012    0.000000    0.000000  
1.900190    -0.000000    0.000000    0.000000    0.000000    0.000000    0.000000    0.000012    0.000000    0.000000  
1.910191    -0.000000    0.000000    0.000000    0.000000    0.000000    0.000000    0.000012    0.000000    0.000000  
1.920192    -0.000000    0.000000    0.000000    0.000000    0.000000    0.000000    0.000012    0.000000    0.000000  
1.930193    -0.000000    0.000000    0.000000    0.000001    0.000000    0.000000    0.000010    0.000000    0.000000  
1.940194    -0.000000    0.000000    0.000000    0.000001    0.000000    0.000000    0.000009    0.000000    0.000000  
1.950195    -0.000000    0.000000    0.000000    0.000001    0.000000    0.000000    0.000007    0.000000    0.000000  
1.960196    -0.000000    0.000000    0.000000    0.000001    0.000000    0.000000    0.000004    0.000000    0.000000  
1.970197    -0.000000    0.000000    0.000000    0.000001    0.000000    0.000000    0.000002    0.000000    0.000000  
1.980198    -0.000000    0.000000    0.000000    0.000001    0.000000    0.000000    -0.000001    0.000000    0.000000  
1.990199    0.000000    0.000000    0.000000    0.000001    0.000000    0.000000    -0.000004    0.000000    0.000000  
2.000200    0.000000    0.000000    0.000000    0.000001    0.000000    0.000000    -0.000007    0.000000    0.000000  
2.010201    0.000000    0.000000    0.000000    0.000001    0.000000    0.000000    -0.000010    0.000000    0.000000  
2.020202    0.000000    0.000000    0.000000    0.000001    0.000000    0.000000    -0.000012    0.000000    0.000000  
2.030203    0.000000    0.000000    0.000000    0.000001    0.000000    0.000000    -0.000015    0.000000    0.000000  
2.040204    0.000000    0.000000    0.000000    0.000000    0.000000    0.000000    -0.000017    0.000000    0.000000  
2.050205    0.000000    0.000000    0.000000    0.000000    0.000000    0.000000    -0.000018    0.000000    0.000000  
2.060206    0.000000    0.000000    0.000000    -0.000000    0.000000    0.000000    -0.000019    0.000000    0.000000  
2.070207    0.000000    0.000000    0.000000    -0.000000    0.000000    0.000000    -0.000020    0.000000    0.000000  
2.080208    0.000000    0.000000    0.000000    -0.000001    0.000000    0.000000    -0.000020    0.000000    0.000000  
2.090209    0.000000    0.000000    0.000000    -0.000001    0.000000    0.000000    -0.000019    0.000000    0.000000  
2.100210    0.000000    0.000000    0.000000    -0.000001    0.000000    0.000000    -0.000017    0.000000    0.000000  
2.110211    0.000000    0.000000    0.000000    -0.000001    0.000000    0.000000    -0.000015    0.000000    0.000000  
2.120212    0.000000    0.000000    0.000000    -0.000001    0.000000    0.000000    -0.000012    0.000000    0.000000  
2.130213    0.000000    0.000000    0.000000    -0.000001    0.000000    0.000000    -0.000008    0.000000    0.000000  
2.140214    -0.000000    0.000000    0.000000    -0.000001    0.000000    0.000000    -0.000004    0.000000    0.000000  
2.150215    -0.000000    0.000000    0.000000    -0.000001    0.000000    0.000000    -0.000000    0.000000    0.000000  
2.160216    -0.000000    0.000000    0.000000    -0.000001    0.000000    0.000000    0.000004    0.000000    0.000000  
2.170217    -0.000000    0.000000    0.000000    -0.000001    0.000000    0.000000    0.000007    0.000000    0.000000  
2.180218    -0.000000    0.000000    0.000000    -0.000001    0.000000    0.000000    0.000010    0.000000    0.000000  
2.190219    -0.000000    0.000000    0.000000    -0.000001    0.000000    0.000000    0.000012    0.000000    0.000000  
2.200220    -0.000000    0.000000    0.000000    -0.000001    0.000000    0.000000    0.000014    0.000000    0.000000  
2.210221    -0.000000    0.000000    0.000000    -0.000001    0.000000    0.000000    0.000014    0.000000    0.000000  
2.220222    -0.000000    0.000000    0.000000    -0.000001    0.000000    0.000000    0.000014    0.000000    0.000000  
2.230223    -0.000000    0.000000    0.000000    -0.000000    0.000000    0.000000    0.000013    0.000000    0.000000  
2.240224    -0.000000    0.000000    0.000000    -0.000000    0.000000    0.000000    0.000011    0.000000    0.000000  
2.250225    -0.000000    0.000000    0.000000    -0.000000    0.000000    0.000000    0.000010    0.000000    0.000000  
2.260226    -0.000000    0.000000    0.000000    0.000000    0.000000    0.000000    0.000009    0.000000    0.000000  
2.270227    -0.000000    0.000000    0.000000    0.000000    0.000000    0.000000    0.000009    0.000000    0.000000  
2.280228    -0.000000    0.000000    0.000000    0.000000    0.000000    0.000000    0.000009    0.000000    0.000000  
2.290229    -0.000000    0.000000    0.000000    0.000001    0.000000    0.000000    0.000011    0.000000    0.000000  
2.300230    -0.000000    0.000000    0.000000    0.000001    0.000000    0.000000    0.000014    0.000000    0.000000  
2.310231    -0.000000    0.000000    0.000000    0.000001    0.000000    0.000000    0.000018    0.000000    0.000000  
2.320232    -0.000000    0.000000    0.000000    0.000001    0.000000    0.000000    0.000023    0.000000    0.000000  
2.330233    -0.000000    0.000000    0.000000    0.000001    0.000000    0.000000    0.000029    0.000000    0.000000  
2.340234    -0.000000    0.000000    0.000000    0.000001    0.000000    0.000000    0.000033    0.000000    0.000000  
2.350235    -0.000000    0.000000    0.000000    0.000001    0.000000    0.000000    0.000035    0.000000    0.000000  
2.360236    -0.000000    0.000000    0.000000    0.000001    0.000000    0.000000    0.000034    0.000000    0.000000  
2.370237    -0.000000    0.000000    0.000000    0.000001    0.000000    0.000000    0.000030    0.000000    0.000000  
2.380238    -0.000000    0.000000    0.000000    0.000001    0.000000    0.000000    0.000020    0.000000    0.000000  
2.390239    -0.000000    0.000000    0.000000    0.000001    0.000000    0.000000    0.000005    0.000000    0.000000  
2.400240    -0.000000    0.000000    0.000000    0.000001    0.000000    0.000000    -0.000016    0.000000    0.000000  
2.410241    0.000000    0.000000    0.000000    0.000001    0.000000    0.000000    -0.000044    0.000000    0.000000  
2.420242    0.000000    0.000000    0.000000    0.000000    0.000000    0.000000    -0.000076    0.000000    0.000000  
2.430243    0.000000    0.000000    0.000000    0.000000    0.000000    0.000000    -0.000107    0.000000    0.000000  
2.440244    0.000000    0.000000    0.000000    -0.000000    0.000000    0.000000    -0.000136    0.000000    0.000000  
2.450245    0.000000    0.000000    0.000000    -0.000000    0.000000    0.000000    -0.000157    0.000000    0.000000  
2.460246    0.000000    0.000000    0.000000    -0.000001    0.000000    0.000000    -0.000167    0.000000    0.000000  
2.470247    0.000000    0.000000    0.000000    -0.000001    0.000000    0.000000    -0.000162    0.000000    0.000000  
2.480248    0.000000    0.000000    0.000000    -0.000001    0.000000    0.000000    -0.000140    0.000000    0.000000  
2.490249    0.000000    0.000000    0.000000    -0.000002    0.000000    0.000000    -0.000096    0.000000    0.000000  
2.500250    0.000000    0.000000    0.000000    -0.000002    0.000000    0.000000    -0.000026    0.000000    0.000000  
2.510251    -0.000000    0.000000    0.000000    -0.000002    0.000000    0.000000    0.000070    0.000000    0.000000  
2.520252    -0.000000    0.000000    0.000000    -0.000002    0.000000    0.000000    0.000182    0.000000    0.000000  
2.530253    -0.000000    0.000000    0.000000    -0.000002    0.000000    0.000000    0.000300    0.000000    0.000000  
2.540254    -0.000000    0.000000    0.000000    -0.000002    0.000000    0.000000    0.000410    0.000000    0.000000  
2.550255    -0.000000    0.000000    0.000000    -0.000002    0.000000    0.000000    0.000502    0.000000    0.000000  
2.560256    -0.000000    0.000000    0.000000    -0.000001    0.000000    0.000000    0.000563    0.000000    0.000000  
2.570257    -0.000000    0.000000    0.000000    -0.000000    0.000000    0.000000    0.000582    0.000000    0.000000  
2.580258    -0.000000    0.000000    0.000000    0.000001    0.000000    0.000000    0.000547    0.000000    0.000000  
2.590259    -0.000000    0.000000    0.000000    0.000003    0.000000    0.000000    0.000445    0.000000    0.000000  
2.600260    -0.000000    0.000000    0.000000    0.000006    0.000000    0.000000    0.000265    0.000000    0.000000  
2.610261    0.000000    0.000000    0.000000    0.000009    0.000000    0.000000    0.000003    0.000000    0.000000  
2.620262    0.000000    0.000000    0.000000    0.000012    0.000000    0.000000    -0.000320    0.000000    0.000000  
2.630263    0.000000    0.000000    0.000000    0.000014    0.000000    0.000000    -0.000675    0.000000    0.000000  
2.640264    0.000000    0.000000    0.000000    0.000016    0.000000    0.000000    -0.001033    0.000000    0.000000  
2.650265    0.000000    0.000000    0.000000    0.000016    0.000000    0.000000    -0.001366    0.000000    0.000000  
2.660266    0.000000    0.000000    0.000000    0.000014    0.000000    0.000000    -0.001645    0.000000    0.000000  
2.670267    0.000000    0.000000    0.000000    0.000010    0.000000    0.000000    -0.001843    0.000000    0.000000  
2.680268    0.000000    0.000000    0.000000    0.000003    0.000000    0.000000    -0.001930    0.000000    0.000000  
2.690269    0.000000    0.000000    0.000000    -0.000008    0.000000    0.000000    -0.001879    0.000000    0.000000  
2.700270    -0.000000    0.000000    0.000000    -0.000023    0.000000    0.000000    -0.001660    0.000000    0.000000  
2.710271    -0.000000    0.000000    0.000000    -0.000041    0.000000    0.000000    -0.001253    0.000000    0.000000  
2.720272    -0.000001    0.000000    0.000000    -0.000061    0.000000    0.000000    -0.000665    0.000000    0.000000  
2.730273    -0.000001    0.000000    0.000000    -0.000079    0.000000    0.000000    0.000089    0.000000    0.000000  
2.740274    -0.000001    0.000000    0.000000    -0.000093    0.000000    0.000000    0.000997    0.000000    0.000000  
2.750275    -0.000001    0.000000    0.000000    -0.000099    0.000000    0.000000    0.002042    0.000000    0.000000  
2.760276    -0.000001    0.000000    0.000000    -0.000095    0.000000    0.000000    0.003213    0.000000    0.000000  
2.770277    -0.000001    0.000000    0.000000    -0.000077    0.000000    0.000000    0.004494    0.000000    0.000000  
2.780278    -0.000001    0.000000    0.000000    -0.000042    0.000000    0.000000    0.005872    0.000000    0.000000  
2.790279    -0.000001    0.000000    0.000000    0.000012    0.000000    0.000000    0.007333    0.000000    0.000000  
2.800280    0.000000    0.000000    0.000000    0.000089    0.000000    0.000000    0.008863    0.000000    0.000000  
2.810281    0.000001    0.000000    0.000000    0.000188    0.000000    0.000000    0.010397    0.000000    0.000000  
2.820282    0.000002    0.000000    0.000000    0.000302    0.000000    0.000000    0.011678    0.000000    0.000000  
2.830283    0.000004    0.000000    0.000000    0.000417    0.000000    0.000000    0.012409    0.000000    0.000000  
2.840284    0.000006    0.000000    0.000000    0.000524    0.000000    0.000000    0.012292    0.000000    0.000000  
2.850285    0.000008    0.000000    0.000000    0.000610    0.000000    0.000000    0.011027    0.000000    0.000000  
2.860286    0.000010    0.000000    0.000000    0.000665    0.000000    0.000000    0.008316    0.000000    0.000000  
2.870287    0.000013    0.000000    0.000000    0.000676    0.000000    0.000000    0.003860    0.000000    0.000000  
2.880288    0.000016    0.000000    0.000000    0.000634    0.000000    0.000000    -0.002639    0.000000    0.000000  
2.890289    0.000019    0.000000    0.000000    0.000525    0.000000    0.000000    -0.011480    0.000000    0.000000  
2.900290    0.000022    0.000000    0.000000    0.000339    0.000000    0.000000    -0.022962    0.000000    0.000000  
2.910291    0.000025    0.000000    0.000000    0.000061    0.000000    0.000000    -0.037260    0.000000    0.000000  
2.920292    0.000027    0.000000    0.000000    -0.000329    0.000000    0.000000    -0.054102    0.000000    0.000000  
2.930293    0.000023    0.000000    0.000000    -0.000859    0.000000    0.000000    -0.073111    0.000000    0.000000  
2.940294    0.000014    0.000000    0.000000    -0.001551    0.000000    0.000000    -0.093912    0.000000    0.000000  
2.950295    -0.000004    0.000000    0.000000    -0.002432    0.000000    0.000000    -0.116130    0.000000    0.000000  
2.960296    -0.000033    0.000000    0.000000    -0.003525    0.000000    0.000000    -0.139387    0.000000    0.000000  
2.970297    -0.000076    0.000000    0.000000    -0.004856    0.000000    0.000000    -0.163308    0.000000    0.000000  
2.980298    -0.000133    0.000000    0.000000    -0.006450    0.000000    0.000000    -0.187518    0.000000    0.000000  
2.990299    -0.000208    0.000000    0.000000    -0.008330    0.000000    0.000000    -0.211640    0.000000    0.000000  
3.000300    -0.000303    0.000000    0.000000    -0.010522    0.000000    0.000000    -0.235298    0.000000    0.000000  
3.010301    -0.000419    0.000000    0.000000    -0.013039    0.000000    0.000000    -0.258118    0.000000    0.000000  
3.020302    -0.000560    0.000000    0.000000    -0.015849    0.000000    0.000000    -0.279730    0.000000    0.000000  
3.030303    -0.000727    0.000000    0.000000    -0.018912    0.000000    0.000000    -0.299764    0.000000    0.000000  
3.040304    -0.000923    0.000000    0.000000    -0.022186    0.000000    0.000000    -0.317851    0.000000    0.000000  
3.050305    -0.001150    0.000000    0.000000    -0.025630    0.000000    0.000000    -0.333623    0.000000    0.000000  
3.060306    -0.001411    0.000000    0.000000    -0.029203    0.000000    0.000000    -0.346709    0.000000    0.000000  
3.070307    -0.001708    0.000000    0.000000    -0.032864    0.000000    0.000000    -0.356740    0.000000    0.000000  
3.080308    -0.002042    0.000000    0.000000    -0.036572    0.000000    0.000000    -0.363348    0.000000    0.000000  
3.090309    -0.002417    0.000000    0.000000    -0.040286    0.000000    0.000000    -0.366163    0.000000    0.000000  
3.100310    -0.002835    0.000000    0.000000    -0.043965    0.000000    0.000000    -0.364816    0.000000    0.000000  
3.110311    -0.003297    0.000000    0.000000    -0.047571    0.000000    0.000000    -0.359111    0.000000    0.000000  
3.120312    -0.003801    0.000000    0.000000    -0.051084    0.000000    0.000000    -0.349484    0.000000    0.000000  
3.130313    -0.004343    0.000000    0.000000    -0.054487    0.000000    0.000000    -0.336517    0.000000    0.000000  
3.140314    -0.004922    0.000000    0.000000    -0.057760    0.000000    0.000000    -0.320788    0.000000    0.000000  
3.150315    -0.005533    0.000000    0.000000    -0.060887    0.000000    0.000000    -0.302879    0.000000    0.000000  
3.160316    -0.006174    0.000000    0.000000    -0.063851    0.000000    0.000000    -0.283370    0.000000    0.000000  
3.170317    -0.006841    0.000000    0.000000    -0.066632    0.000000    0.000000    -0.262840    0.000000    0.000000  
3.180318    -0.007532    0.000000    0.000000    -0.069215    0.000000    0.000000    -0.241871    0.000000    0.000000  
3.190319    -0.008244    0.000000    0.000000    -0.071580    0.000000    0.000000    -0.221043    0.000000    0.000000  
3.200320    -0.008973    0.000000    0.000000    -0.073711    0.000000    0.000000    -0.200936    0.000000    0.000000  
3.210321    -0.009717    0.000000    0.000000    -0.075598    0.000000    0.000000    -0.182024    0.000000    0.000000  
3.220322    -0.010476    0.000000    0.000000    -0.077257    0.000000    0.000000    -0.164391    0.000000    0.000000  
3.230323    -0.011247    0.000000    0.000000    -0.078713    0.000000    0.000000    -0.148034    0.000000    0.000000  
3.240324    -0.012031    0.000000    0.000000    -0.079990    0.000000    0.000000    -0.132952    0.000000    0.000000  
3.250325    -0.012828    0.000000    0.000000    -0.081111    0.000000    0.000000    -0.119140    0.000000    0.000000  
3.260326    -0.013636    0.000000    0.000000    -0.082101    0.000000    0.000000    -0.106596    0.000000    0.000000  
3.270327    -0.014455    0.000000    0.000000    -0.082983    0.000000    0.000000    -0.095316    0.000000    0.000000  
3.280328    -0.015284    0.000000    0.000000    -0.083782    0.000000    0.000000    -0.085298    0.000000    0.000000  
3.290329    -0.016123    0.000000    0.000000    -0.084520    0.000000    0.000000    -0.076539    0.000000    0.000000  
3.300330    -0.016971    0.000000    0.000000    -0.085223    0.000000    0.000000    -0.069036    0.000000    0.000000  
3.310331    -0.017827    0.000000    0.000000    -0.085907    0.000000    0.000000    -0.062754    0.000000    0.000000  
3.320332    -0.018692    0.000000    0.000000    -0.086575    0.000000    0.000000    -0.057552    0.000000    0.000000  
3.330333    -0.019564    0.000000    0.000000    -0.087221    0.000000    0.000000    -0.053260    0.000000    0.000000  
3.340334    -0.020442    0.000000    0.000000    -0.087840    0.000000    0.000000    -0.049709    0.000000    0.000000  
3.350335    -0.021327    0.000000    0.000000    -0.088430    0.000000    0.000000    -0.046733    0.000000    0.000000  
3.360336    -0.022217    0.000000    0.000000    -0.088984    0.000000    0.000000    -0.044161    0.000000    0.000000  
3.370337    -0.023112    0.000000    0.000000    -0.089499    0.000000    0.000000    -0.041825    0.000000    0.000000  
3.380338    -0.024011    0.000000    0.000000    -0.089971    0.000000    0.000000    -0.039558    0.000000    0.000000  
3.390339    -0.024914    0.000000    0.000000    -0.090395    0.000000    0.000000    -0.037191    0.000000    0.000000  
3.400340    -0.025820    0.000000    0.000000    -0.090767    0.000000    0.000000    -0.034555    0.000000    0.000000  
3.410341    -0.026729    0.000000    0.000000    -0.091085    0.000000    0.000000    -0.031529    0.000000    0.000000  
3.420342    -0.027641    0.000000    0.000000    -0.091350    0.000000    0.000000    -0.028161    0.000000    0.000000  
3.430343    -0.028554    0.000000    0.000000    -0.091568    0.000000    0.000000    -0.024537    0.000000    0.000000  
3.440344    -0.029470    0.000000    0.000000    -0.091742    0.000000    0.000000    -0.020746    0.000000    0.000000  
3.450345    -0.030387    0.000000    0.000000    -0.091877    0.000000    0.000000    -0.016873    0.000000    0.000000  
3.460346    -0.031305    0.000000    0.000000    -0.091977    0.000000    0.000000    -0.013005    0.000000    0.000000  
3.470347    -0.032224    0.000000    0.000000    -0.092046    0.000000    0.000000    -0.009229    0.000000    0.000000  
3.480348    -0.033144    0.000000    0.000000    -0.092088    0.000000    0.000000    -0.005632    0.000000    0.000000  
3.490349    -0.034065    0.000000    0.000000    -0.092107    0.000000    0.000000    -0.002300    0.000000    0.000000  
3.500350    -0.034986    0.000000    0.000000    -0.092109    0.000000    0.000000    0.000680    0.000000    0.000000  
3.510351    -0.035907    0.000000    0.000000    -0.092095    0.000000    0.000000    0.003247    0.000000    0.000000  
3.520352    -0.036828    0.000000    0.000000    -0.092068    0.000000    0.000000    0.005432    0.000000    0.000000  
3.530353    -0.037749    0.000000    0.000000    -0.092025    0.000000    0.000000    0.007288    0.000000    0.000000  
3.540354    -0.038670    0.000000    0.000000    -0.091968    0.000000    0.000000    0.008867    0.000000    0.000000  
3.550355    -0.039589    0.000000    0.000000    -0.091897    0.000000    0.000000    0.010222    0.000000    0.000000  
3.560356    -0.040508    0.000000    0.000000    -0.091810    0.000000    0.000000    0.011404    0.000000    0.000000  
3.570357    -0.041426    0.000000    0.000000    -0.091709    0.000000    0.000000    0.012466    0.000000    0.000000  
3.580358    -0.042343    0.000000    0.000000    -0.091592    0.000000    0.000000    0.013461    0.000000    0.000000  
3.590359    -0.043259    0.000000    0.000000    -0.091461    0.000000    0.000000    0.014441    0.000000    0.000000  
3.600360    -0.044173    0.000000    0.000000    -0.091314    0.000000    0.000000    0.015458    0.000000    0.000000  
3.610361    -0.045085    0.000000    0.000000    -0.091151    0.000000    0.000000    0.016552    0.000000    0.000000  
3.620362    -0.045996    0.000000    0.000000    -0.090974    0.000000    0.000000    0.017716    0.000000    0.000000  
3.630363    -0.046905    0.000000    0.000000    -0.090783    0.000000    0.000000    0.018934    0.000000    0.000000  
3.640364    -0.047811    0.000000    0.000000    -0.090578    0.000000    0.000000    0.020190    0.000000    0.000000  
3.650365    -0.048716    0.000000    0.000000    -0.090361    0.000000    0.000000    0.021466    0.000000    0.000000  
3.660366    -0.049618    0.000000    0.000000    -0.090131    0.000000    0.000000    0.022746    0.000000    0.000000  
3.670367    -0.050518    0.000000    0.000000    -0.089890    0.000000    0.000000    0.024014    0.000000    0.000000  
3.680368    -0.051416    0.000000    0.000000    -0.089639    0.000000    0.000000    0.025252    0.000000    0.000000  
3.690369    -0.052311    0.000000    0.000000    -0.089377    0.000000    0.000000    0.026445    0.000000    0.000000  
3.700370    -0.053204    0.000000    0.000000    -0.089106    0.000000    0.000000    0.027576    0.000000    0.000000  
3.710371    -0.054093    0.000000    0.000000    -0.088826    0.000000    0.000000    0.028632    0.000000    0.000000  
3.720372    -0.054980    0.000000    0.000000    -0.088537    0.000000    0.000000    0.029619    0.000000    0.000000  
3.730373    -0.055864    0.000000    0.000000    -0.088239    0.000000    0.000000    0.030543    0.000000    0.000000  
3.740374    -0.056745    0.000000    0.000000    -0.087933    0.000000    0.000000    0.031413    0.000000    0.000000  
3.750375    -0.057623    0.000000    0.000000    -0.087619    0.000000    0.000000    0.032238    0.000000    0.000000  
3.760376    -0.058498    0.000000    0.000000    -0.087296    0.000000    0.000000    0.033024    0.000000    0.000000  
3.770377    -0.059369    0.000000    0.000000    -0.086965    0.000000    0.000000    0.033780    0.000000    0.000000  
3.780378    -0.060238    0.000000    0.000000    -0.086626    0.000000    0.000000    0.034513    0.000000    0.000000  
3.790379    -0.061102    0.000000    0.000000    -0.086278    0.000000    0.000000    0.035233    0.000000    0.000000  
3.800380    -0.061963    0.000000    0.000000    -0.085923    0.000000    0.000000    0.035946    0.000000    0.000000  
3.810381    -0.062821    0.000000    0.000000    -0.085559    0.000000    0.000000    0.036659    0.000000    0.000000  
3.820382    -0.063675    0.000000    0.000000    -0.085188    0.000000    0.000000    0.037371    0.000000    0.000000  
3.830383    -0.064525    0.000000    0.000000    -0.084809    0.000000    0.000000    0.038083    0.000000    0.000000  
3.840384    -0.065371    0.000000    0.000000    -0.084423    0.000000    0.000000    0.038791    0.000000    0.000000  
3.850385    -0.066213    0.000000    0.000000    -0.084030    0.000000    0.000000    0.039496    0.000000    0.000000  
3.860386    -0.067051    0.000000    0.000000    -0.083629    0.000000    0.000000    0.040195    0.000000    0.000000  
3.870387    -0.067886    0.000000    0.000000    -0.083222    0.000000    0.000000    0.040887    0.000000    0.000000  
3.880388    -0.068716    0.000000    0.000000    -0.082809    0.000000    0.000000    0.041571    0.000000    0.000000  
3.890389    -0.069542    0.000000    0.000000    -0.082389    0.000000    0.000000    0.042246    0.000000    0.000000  
3.900390    -0.070364    0.000000    0.000000    -0.081963    0.000000    0.000000    0.042909    0.000000    0.000000  
3.910391    -0.071181    0.000000    0.000000    -0.081531    0.000000    0.000000    0.043561    0.000000    0.000000  
3.920392    -0.071995    0.000000    0.000000    -0.081092    0.000000    0.000000    0.044201    0.000000    0.000000  
3.930393    -0.072803    0.000000    0.000000    -0.080648    0.000000    0.000000    0.044829    0.000000    0.000000  
3.940394    -0.073608    0.000000    0.000000    -0.080198    0.000000    0.000000    0.045445    0.000000    0.000000  
3.950395    -0.074408    0.000000    0.000000    -0.079742    0.000000    0.000000    0.046050    0.000000    0.000000  
3.960396    -0.075203    0.000000    0.000000    -0.079281    0.000000    0.000000    0.046642    0.000000    0.000000  
3.970397    -0.075993    0.000000    0.000000    -0.078813    0.000000    0.000000    0.047224    0.000000    0.000000  
3.980398    -0.076779    0.000000    0.000000    -0.078339    0.000000    0.000000    0.047794    0.000000    0.000000  
3.990399    -0.077560    0.000000    0.000000    -0.077859    0.000000    0.000000    0.048352    0.000000    0.000000  
4.000400    -0.078336    0.000000    0.000000    -0.077372    0.000000    0.000000    0.048900    0.000000    0.000000  
4.010401    -0.079108    0.000000    0.000000    -0.076880    0.000000    0.000000    0.049436    0.000000    0.000000  
4.020402    -0.079874    0.000000    0.000000    -0.076383    0.000000    0.000000    0.049962    0.000000    0.000000  
4.030403    -0.080636    0.000000    0.000000    -0.075879    0.000000    0.000000    0.050476    0.000000    0.000000  
4.040404    -0.081392    0.000000    0.000000    -0.075370    0.000000    0.000000    0.050980    0.000000    0.000000  
4.050405    -0.082143    0.000000    0.000000    -0.074856    0.000000    0.000000    0.051474    0.000000    0.000000  
4.060406    -0.082889    0.000000    0.000000    -0.074338    0.000000    0.000000    0.051957    0.000000    0.000000  
4.070407    -0.083630    0.000000    0.000000    -0.073814    0.000000    0.000000    0.052429    0.000000    0.000000  
4.080408    -0.084366    0.000000    0.000000    -0.073287    0.000000    0.000000    0.052892    0.000000    0.000000  
4.090409    -0.085096    0.000000    0.000000    -0.072754    0.000000    0.000000    0.053344    0.000000    0.000000  
4.100410    -0.085821    0.000000    0.000000    -0.072218    0.000000    0.000000    0.053786    0.000000    0.000000  
4.110411    -0.086541    0.000000    0.000000    -0.071679    0.000000    0.000000    0.054218    0.000000    0.000000  
4.120412    -0.087255    0.000000    0.000000    -0.071135    0.000000    0.000000    0.054643    0.000000    0.000000  
4.130413    -0.087963    0.000000    0.000000    -0.070588    0.000000    0.000000    0.055061    0.000000    0.000000  
4.140414    -0.088666    0.000000    0.000000    -0.070036    0.000000    0.000000    0.055474    0.000000    0.000000  
4.150415    -0.089364    0.000000    0.000000    -0.069480    0.000000    0.000000    0.055884    0.000000    0.000000  
4.160416    -0.090056    0.000000    0.000000    -0.068921    0.000000    0.000000    0.056293    0.000000    0.000000  
4.170417    -0.090742    0.000000    0.000000    -0.068357    0.000000    0.000000    0.056702    0.000000    0.000000  
4.180418    -0.091423    0.000000    0.000000    -0.067788    0.000000    0.000000    0.057114    0.000000    0.000000  
4.190419    -0.092098    0.000000    0.000000    -0.067216    0.000000    0.000000    0.057528    0.000000    0.000000  
4.200420    -0.092767    0.000000    0.000000    -0.066638    0.000000    0.000000    0.057949    0.000000    0.000000  
4.210421    -0.093431    0.000000    0.000000    -0.066056    0.000000    0.000000    0.058375    0.000000    0.000000  
4.220422    -0.094089    0.000000    0.000000    -0.065470    0.000000    0.000000    0.058807    0.000000    0.000000  
4.230423    -0.094741    0.000000    0.000000    -0.064879    0.000000    0.000000    0.059244    0.000000    0.000000  
4.240424    -0.095387    0.000000    0.000000    -0.064284    0.000000    0.000000    0.059683    0.000000    0.000000  
4.250425    -0.096027    0.000000    0.000000    -0.063684    0.000000    0.000000    0.060124    0.000000    0.000000  
4.260426    -0.096661    0.000000    0.000000    -0.063080    0.000000    0.000000    0.060566    0.000000    0.000000  
4.270427    -0.097289    0.000000    0.000000    -0.062472    0.000000    0.000000    0.061006    0.000000    0.000000  
4.280428    -0.097911    0.000000    0.000000    -0.061859    0.000000    0.000000    0.061443    0.000000    0.000000  
4.290429    -0.098526    0.000000    0.000000    -0.061242    0.000000    0.000000    0.061877    0.000000    0.000000  
4.300430    -0.099136    0.000000    0.000000    -0.060621    0.000000    0.000000    0.062306    0.000000    0.000000  
4.310431    -0.099739    0.000000    0.000000    -0.059996    0.000000    0.000000    0.062728    0.000000    0.000000  
4.320432    -0.100336    0.000000    0.000000    -0.059367    0.000000    0.000000    0.063145    0.000000    0.000000  
4.330433    -0.100926    0.000000    0.000000    -0.058733    0.000000    0.000000    0.063556    0.000000    0.000000  
4.340434    -0.101510    0.000000    0.000000    -0.058096    0.000000    0.000000    0.063963    0.000000    0.000000  
4.350435    -0.102088    0.000000    0.000000    -0.057454    0.000000    0.000000    0.064366    0.000000    0.000000  
4.360436    -0.102659    0.000000    0.000000    -0.056809    0.000000    0.000000    0.064765    0.000000    0.000000  
4.370437    -0.103224    0.000000    0.000000    -0.056159    0.000000    0.000000    0.065160    0.000000    0.000000  
4.380438    -0.103782    0.000000    0.000000    -0.055506    0.000000    0.000000    0.065554    0.000000    0.000000  
4.390439    -0.104334    0.000000    0.000000    -0.054848    0.000000    0.000000    0.065945    0.000000    0.000000  
4.400440    -0.104879    0.000000    0.000000    -0.054187    0.000000    0.000000    0.066335    0.000000    0.000000  
4.410441    -0.105418    0.000000    0.000000    -0.053521    0.000000    0.000000    0.066724    0.000000    0.000000  
4.420442    -0.105950    0.000000    0.000000    -0.052852    0.000000    0.000000    0.067109    0.000000    0.000000  
4.430443    -0.106475    0.000000    0.000000    -0.052179    0.000000    0.000000    0.067488    0.000000    0.000000  
4.440444    -0.106994    0.000000    0.000000    -0.051503    0.000000    0.000000    0.067858    0.000000    0.000000  
4.450445    -0.107505    0.000000    0.000000    -0.050823    0.000000    0.000000    0.068216    0.000000    0.000000  
4.460446    -0.108010    0.000000    0.000000    -0.050139    0.000000    0.000000    0.068561    0.000000    0.000000  
4.470447    -0.108509    0.000000    0.000000    -0.049453    0.000000    0.000000    0.068889    0.000000    0.000000  
4.480448    -0.109000    0.000000    0.000000    -0.048763    0.000000    0.000000    0.069198    0.000000    0.000000  
4.490449    -0.109484    0.000000    0.000000    -0.048069    0.000000    0.000000    0.069485    0.000000    0.000000  
4.500450    -0.109961    0.000000    0.000000    -0.047373    0.000000    0.000000    0.069748    0.000000    0.000000  
4.510451    -0.110432    0.000000    0.000000    -0.046674    0.000000    0.000000    0.069984    0.000000    0.000000  
4.520452    -0.110895    0.000000    0.000000    -0.045973    0.000000    0.000000    0.070199    0.000000    0.000000  
4.530453    -0.111351    0.000000    0.000000    -0.045269    0.000000    0.000000    0.070396    0.000000    0.000000  
4.540454    -0.111800    0.000000    0.000000    -0.044562    0.000000    0.000000    0.070578    0.000000    0.000000  
4.550455    -0.112242    0.000000    0.000000    -0.043854    0.000000    0.000000    0.070752    0.000000    0.000000  
4.560456    -0.112677    0.000000    0.000000    -0.043143    0.000000    0.000000    0.070921    0.000000    0.000000  
4.570457    -0.113105    0.000000    0.000000    -0.042431    0.000000    0.000000    0.071089    0.000000    0.000000  
4.580458    -0.113525    0.000000    0.000000    -0.041718    0.000000    0.000000    0.071261    0.000000    0.000000  
4.590459    -0.113939    0.000000    0.000000    -0.041003    0.000000    0.000000    0.071441    0.000000    0.000000  
4.600460    -0.114345    0.000000    0.000000    -0.040287    0.000000    0.000000    0.071633    0.000000    0.000000  
4.610461    -0.114745    0.000000    0.000000    -0.039570    0.000000    0.000000    0.071842    0.000000    0.000000  
4.620462    -0.115137    0.000000    0.000000    -0.038852    0.000000    0.000000    0.072065    0.000000    0.000000  
4.630463    -0.115522    0.000000    0.000000    -0.038132    0.000000    0.000000    0.072301    0.000000    0.000000  
4.640464    -0.115900    0.000000    0.000000    -0.037411    0.000000    0.000000    0.072549    0.000000    0.000000  
4.650465    -0.116270    0.000000    0.000000    -0.036687    0.000000    0.000000    0.072806    0.000000    0.000000  
4.660466    -0.116634    0.000000    0.000000    -0.035961    0.000000    0.000000    0.073072    0.000000    0.000000  
4.670467    -0.116990    0.000000    0.000000    -0.035231    0.000000    0.000000    0.073344    0.000000    0.000000  
4.680468    -0.117338    0.000000    0.000000    -0.034499    0.000000    0.000000    0.073621    0.000000    0.000000  
4.690469    -0.117680    0.000000    0.000000    -0.033763    0.000000    0.000000    0.073900    0.000000    0.000000  
4.700470    -0.118014    0.000000    0.000000    -0.033023    0.000000    0.000000    0.074181    0.000000    0.000000  
4.710471    -0.118340    0.000000    0.000000    -0.032279    0.000000    0.000000    0.074462    0.000000    0.000000  
4.720472    -0.118659    0.000000    0.000000    -0.031531    0.000000    0.000000    0.074742    0.000000    0.000000  
4.730473    -0.118971    0.000000    0.000000    -0.030780    0.000000    0.000000    0.075022    0.000000    0.000000  
4.740474    -0.119275    0.000000    0.000000    -0.030025    0.000000    0.000000    0.075302    0.000000    0.000000  
4.750475    -0.119572    0.000000    0.000000    -0.029267    0.000000    0.000000    0.075582    0.000000    0.000000  
4.760476    -0.119861    0.000000    0.000000    -0.028506    0.000000    0.000000    0.075861    0.000000    0.000000  
4.770477    -0.120142    0.000000    0.000000    -0.027743    0.000000    0.000000    0.076141    0.000000    0.000000  
4.780478    -0.120416    0.000000    0.000000    -0.026977    0.000000    0.000000    0.076421    0.000000    0.000000  
4.790479    -0.120682    0.000000    0.000000    -0.026210    0.000000    0.000000    0.076700    0.000000    0.000000  
4.800480    -0.120940    0.000000    0.000000    -0.025441    0.000000    0.000000    0.076980    0.000000    0.000000  
4.810481    -0.121191    0.000000    0.000000    -0.024670    0.000000    0.000000    0.077258    0.000000    0.000000  
4.820482    -0.121433    0.000000    0.000000    -0.023898    0.000000    0.000000    0.077527    0.000000    0.000000  
4.830483    -0.121668    0.000000    0.000000    -0.023125    0.000000    0.000000    0.077779    0.000000    0.000000  
4.840484    -0.121896    0.000000    0.000000    -0.022351    0.000000    0.000000    0.078004    0.000000    0.000000  
4.850485    -0.122115    0.000000    0.000000    -0.021575    0.000000    0.000000    0.078194    0.000000    0.000000  
4.860486    -0.122327    0.000000    0.000000    -0.020797    0.000000    0.000000    0.078340    0.000000    0.000000  
4.870487    -0.122531    0.000000    0.000000    -0.020019    0.000000    0.000000    0.078434    0.000000    0.000000  
4.880488    -0.122727    0.000000    0.000000    -0.019239    0.000000    0.000000    0.078467    0.000000    0.000000  
4.890489    -0.122916    0.000000    0.000000    -0.018457    0.000000    0.000000    0.078431    0.000000    0.000000  
4.900490    -0.123096    0.000000    0.000000    -0.017674    0.000000    0.000000    0.078315    0.000000    0.000000  
4.910491    -0.123269    0.000000    0.000000    -0.016891    0.000000    0.000000    0.078117    0.000000    0.000000  
4.920492    -0.123434    0.000000    0.000000    -0.016106    0.000000    0.000000    0.077846    0.000000    0.000000  
4.930493    -0.123592    0.000000    0.000000    -0.015323    0.000000    0.000000    0.077514    0.000000    0.000000  
4.940494    -0.123741    0.000000    0.000000    -0.014542    0.000000    0.000000    0.077134    0.000000    0.000000  
4.950495    -0.123883    0.000000    0.000000    -0.013763    0.000000    0.000000    0.076719    0.000000    0.000000  
4.960496    -0.124017    0.000000    0.000000    -0.012988    0.000000    0.000000    0.076282    0.000000    0.000000  
4.970497    -0.124144    0.000000    0.000000    -0.012217    0.000000    0.000000    0.075835    0.000000    0.000000  
4.980498    -0.124262    0.000000    0.000000    -0.011453    0.000000    0.000000    0.075391    0.000000    0.000000  
4.990499    -0.124373    0.000000    0.000000    -0.010695    0.000000    0.000000    0.074963    0.000000    0.000000  
5.000500    -0.124477    0.000000    0.000000    -0.009946    0.000000    0.000000    0.074564    0.000000    0.000000  
5.010501    -0.124572    0.000000    0.000000    -0.009204    0.000000    0.000000    0.074207    0.000000    0.000000  
5.020502    -0.124660    0.000000    0.000000    -0.008470    0.000000    0.000000    0.073907    0.000000    0.000000  
5.030503    -0.124741    0.000000    0.000000    -0.007740    0.000000    0.000000    0.073682    0.000000    0.000000  
5.040504    -0.124814    0.000000    0.000000    -0.007013    0.000000    0.000000    0.073547    0.000000    0.000000  
5.050505    -0.124879    0.000000    0.000000    -0.006287    0.000000    0.000000    0.073520    0.000000    0.000000  
5.060506    -0.124937    0.000000    0.000000    -0.005560    0.000000    0.000000    0.073615    0.000000    0.000000  
5.070507    -0.124988    0.000000    0.000000    -0.004830    0.000000    0.000000    0.073849    0.000000    0.000000  
5.080508    -0.125032    0.000000    0.000000    -0.004095    0.000000    0.000000    0.074240    0.000000    0.000000  
5.090509    -0.125069    0.000000    0.000000    -0.003353    0.000000    0.000000    0.074802    0.000000    0.000000  
5.100510    -0.125098    0.000000    0.000000    -0.002602    0.000000    0.000000    0.075553    0.000000    0.000000  
5.110511    -0.125121    0.000000    0.000000    -0.001841    0.000000    0.000000    0.076496    0.000000    0.000000  
5.120512    -0.125136    0.000000    0.000000    -0.001069    0.000000    0.000000    0.077594    0.000000    0.000000  
5.130513    -0.125144    0.000000    0.000000    -0.000287    0.000000    0.000000    0.078801    0.000000    0.000000  
5.140514    -0.125144    0.000000    0.000000    0.000506    0.000000    0.000000    0.080070    0.000000    0.000000  
5.150515    -0.125136    0.000000    0.000000    0.001311    0.000000    0.000000    0.081355    0.000000    0.000000  
5.160516    -0.125121    0.000000    0.000000    0.002125    0.000000    0.000000    0.082608    0.000000    0.000000  
5.170517    -0.125097    0.000000    0.000000    0.002951    0.000000    0.000000    0.083785    0.000000    0.000000  
5.180518    -0.125064    0.000000    0.000000    0.003788    0.000000    0.000000    0.084838    0.000000    0.000000  
5.190519    -0.125022    0.000000    0.000000    0.004636    0.000000    0.000000    0.085721    0.000000    0.000000  
5.200520    -0.124972    0.000000    0.000000    0.005495    0.000000    0.000000    0.086387    0.000000    0.000000  
5.210521    -0.124912    0.000000    0.000000    0.006364    0.000000    0.000000    0.086803    0.000000    0.000000  
5.220522    -0.124844    0.000000    0.000000    0.007241    0.000000    0.000000    0.086980    0.000000    0.000000  
5.230523    -0.124766    0.000000    0.000000    0.008123    0.000000    0.000000    0.086936    0.000000    0.000000  
5.240524    -0.124680    0.000000    0.000000    0.009006    0.000000    0.000000    0.086693    0.000000    0.000000  
5.250525    -0.124584    0.000000    0.000000    0.009888    0.000000    0.000000    0.086269    0.000000    0.000000  
5.260526    -0.124480    0.000000    0.000000    0.010766    0.000000    0.000000    0.085685    0.000000    0.000000  
5.270527    -0.124368    0.000000    0.000000    0.011637    0.000000    0.000000    0.084960    0.000000    0.000000  
5.280528    -0.124247    0.000000    0.000000    0.012497    0.000000    0.000000    0.084114    0.000000    0.000000  
5.290529    -0.124118    0.000000    0.000000    0.013344    0.000000    0.000000    0.083168    0.000000    0.000000  
5.300530    -0.123980    0.000000    0.000000    0.014174    0.000000    0.000000    0.082140    0.000000    0.000000  
5.310531    -0.123834    0.000000    0.000000    0.014986    0.000000    0.000000    0.081052    0.000000    0.000000  
5.320532    -0.123680    0.000000    0.000000    0.015780    0.000000    0.000000    0.079931    0.000000    0.000000  
5.330533    -0.123518    0.000000    0.000000    0.016560    0.000000    0.000000    0.078804    0.000000    0.000000  
5.340534    -0.123349    0.000000    0.000000    0.017326    0.000000    0.000000    0.077699    0.000000    0.000000  
5.350535    -0.123171    0.000000    0.000000    0.018081    0.000000    0.000000    0.076643    0.000000    0.000000  
5.360536    -0.122987    0.000000    0.000000    0.018828    0.000000    0.000000    0.075663    0.000000    0.000000  
5.370537    -0.122794    0.000000    0.000000    0.019567    0.000000    0.000000    0.074788    0.000000    0.000000  
5.380538    -0.122594    0.000000    0.000000    0.020301    0.000000    0.000000    0.074044    0.000000    0.000000  
5.390539    -0.122387    0.000000    0.000000    0.021033    0.000000    0.000000    0.073460    0.000000    0.000000  
5.400540    -0.122173    0.000000    0.000000    0.021763    0.000000    0.000000    0.073062    0.000000    0.000000  
5.410541    -0.121952    0.000000    0.000000    0.022495    0.000000    0.000000    0.072868    0.000000    0.000000  
5.420542    -0.121724    0.000000    0.000000    0.023228    0.000000    0.000000    0.072851    0.000000    0.000000  
5.430543    -0.121488    0.000000    0.000000    0.023962    0.000000    0.000000    0.072980    0.000000    0.000000  
5.440544    -0.121246    0.000000    0.000000    0.024698    0.000000    0.000000    0.073221    0.000000    0.000000  
5.450545    -0.120996    0.000000    0.000000    0.025436    0.000000    0.000000    0.073543    0.000000    0.000000  
5.460546    -0.120738    0.000000    0.000000    0.026176    0.000000    0.000000    0.073911    0.000000    0.000000  
5.470547    -0.120473    0.000000    0.000000    0.026919    0.000000    0.000000    0.074293    0.000000    0.000000  
5.480548    -0.120201    0.000000    0.000000    0.027664    0.000000    0.000000    0.074657    0.000000    0.000000  
5.490549    -0.119921    0.000000    0.000000    0.028411    0.000000    0.000000    0.074970    0.000000    0.000000  
5.500550    -0.119633    0.000000    0.000000    0.029162    0.000000    0.000000    0.075198    0.000000    0.000000  
5.510551    -0.119338    0.000000    0.000000    0.029915    0.000000    0.000000    0.075318    0.000000    0.000000  
5.520552    -0.119034    0.000000    0.000000    0.030671    0.000000    0.000000    0.075335    0.000000    0.000000  
5.530553    -0.118723    0.000000    0.000000    0.031427    0.000000    0.000000    0.075261    0.000000    0.000000  
5.540554    -0.118405    0.000000    0.000000    0.032184    0.000000    0.000000    0.075107    0.000000    0.000000  
5.550555    -0.118079    0.000000    0.000000    0.032939    0.000000    0.000000    0.074886    0.000000    0.000000  
5.560556    -0.117745    0.000000    0.000000    0.033693    0.000000    0.000000    0.074610    0.000000    0.000000  
5.570557    -0.117404    0.000000    0.000000    0.034443    0.000000    0.000000    0.074289    0.000000    0.000000  
5.580558    -0.117056    0.000000    0.000000    0.035189    0.000000    0.000000    0.073936    0.000000    0.000000  
5.590559    -0.116700    0.000000    0.000000    0.035931    0.000000    0.000000    0.073562    0.000000    0.000000  
5.600560    -0.116337    0.000000    0.000000    0.036666    0.000000    0.000000    0.073179    0.000000    0.000000  
5.610561    -0.115966    0.000000    0.000000    0.037394    0.000000    0.000000    0.072798    0.000000    0.000000  
5.620562    -0.115589    0.000000    0.000000    0.038116    0.000000    0.000000    0.072425    0.000000    0.000000  
5.630563    -0.115204    0.000000    0.000000    0.038833    0.000000    0.000000    0.072063    0.000000    0.000000  
5.640564    -0.114812    0.000000    0.000000    0.039545    0.000000    0.000000    0.071718    0.000000    0.000000  
5.650565    -0.114414    0.000000    0.000000    0.040254    0.000000    0.000000    0.071395    0.000000    0.000000  
5.660566    -0.114007    0.000000    0.000000    0.040959    0.000000    0.000000    0.071098    0.000000    0.000000  
5.670567    -0.113594    0.000000    0.000000    0.041663    0.000000    0.000000    0.070832    0.000000    0.000000  
5.680568    -0.113174    0.000000    0.000000    0.042365    0.000000    0.000000    0.070602    0.000000    0.000000  
5.690569    -0.112747    0.000000    0.000000    0.043067    0.000000    0.000000    0.070412    0.000000    0.000000  
5.700570    -0.112313    0.000000    0.000000    0.043770    0.000000    0.000000    0.070267    0.000000    0.000000  
5.710571    -0.111871    0.000000    0.000000    0.044473    0.000000    0.000000    0.070168    0.000000    0.000000  
5.720572    -0.111423    0.000000    0.000000    0.045177    0.000000    0.000000    0.070105    0.000000    0.000000  
5.730573    -0.110968    0.000000    0.000000    0.045882    0.000000    0.000000    0.070064    0.000000    0.000000  
5.740574    -0.110506    0.000000    0.000000    0.046586    0.000000    0.000000    0.070032    0.000000    0.000000  
5.750575    -0.110037    0.000000    0.000000    0.047290    0.000000    0.000000    0.069995    0.000000    0.000000  
5.760576    -0.109560    0.000000    0.000000    0.047992    0.000000    0.000000    0.069940    0.000000    0.000000  
5.770577    -0.109077    0.000000    0.000000    0.048694    0.000000    0.000000    0.069854    0.000000    0.000000  
5.780578    -0.108587    0.000000    0.000000    0.049393    0.000000    0.000000    0.069723    0.000000    0.000000  
5.790579    -0.108089    0.000000    0.000000    0.050090    0.000000    0.000000    0.069533    0.000000    0.000000  
5.800580    -0.107585    0.000000    0.000000    0.050784    0.000000    0.000000    0.069272    0.000000    0.000000  
5.810581    -0.107074    0.000000    0.000000    0.051476    0.000000    0.000000    0.068931    0.000000    0.000000  
5.820582    -0.106555    0.000000    0.000000    0.052163    0.000000    0.000000    0.068516    0.000000    0.000000  
5.830583    -0.106030    0.000000    0.000000    0.052846    0.000000    0.000000    0.068038    0.000000    0.000000  
5.840584    -0.105498    0.000000    0.000000    0.053525    0.000000    0.000000    0.067507    0.000000    0.000000  
5.850585    -0.104959    0.000000    0.000000    0.054199    0.000000    0.000000    0.066933    0.000000    0.000000  
5.860586    -0.104413    0.000000    0.000000    0.054867    0.000000    0.000000    0.066326    0.000000    0.000000  
5.870587    -0.103861    0.000000    0.000000    0.055529    0.000000    0.000000    0.065697    0.000000    0.000000  
5.880588    -0.103302    0.000000    0.000000    0.056185    0.000000    0.000000    0.065056    0.000000    0.000000  
5.890589    -0.102737    0.000000    0.000000    0.056834    0.000000    0.000000    0.064413    0.000000    0.000000  
5.900590    -0.102166    0.000000    0.000000    0.057475    0.000000    0.000000    0.063778    0.000000    0.000000  
5.910591    -0.101588    0.000000    0.000000    0.058109    0.000000    0.000000    0.063160    0.000000    0.000000  
5.920592    -0.101003    0.000000    0.000000    0.058736    0.000000    0.000000    0.062564    0.000000    0.000000  
5.930593    -0.100413    0.000000    0.000000    0.059356    0.000000    0.000000    0.061993    0.000000    0.000000  
5.940594    -0.099816    0.000000    0.000000    0.059971    0.000000    0.000000    0.061450    0.000000    0.000000  
5.950595    -0.099213    0.000000    0.000000    0.060580    0.000000    0.000000    0.060939    0.000000    0.000000  
5.960596    -0.098604    0.000000    0.000000    0.061184    0.000000    0.000000    0.060463    0.000000    0.000000  
5.970597    -0.097989    0.000000    0.000000    0.061784    0.000000    0.000000    0.060026    0.000000    0.000000  
5.980598    -0.097368    0.000000    0.000000    0.062380    0.000000    0.000000    0.059631    0.000000    0.000000  
5.990599    -0.096742    0.000000    0.000000    0.062974    0.000000    0.000000    0.059282    0.000000    0.000000  
6.000600    -0.096109    0.000000    0.000000    0.063565    0.000000    0.000000    0.058982    0.000000    0.000000  
6.010601    -0.095470    0.000000    0.000000    0.064154    0.000000    0.000000    0.058731    0.000000    0.000000  
6.020602    -0.094826    0.000000    0.000000    0.064741    0.000000    0.000000    0.058523    0.000000    0.000000  
6.030603    -0.094175    0.000000    0.000000    0.065326    0.000000    0.000000    0.058347    0.000000    0.000000  
6.040604    -0.093519    0.000000    0.000000    0.065910    0.000000    0.000000    0.058193    0.000000    0.000000  
6.050605    -0.092857    0.000000    0.000000    0.066491    0.000000    0.000000    0.058052    0.000000    0.000000  
6.060606    -0.092190    0.000000    0.000000    0.067071    0.000000    0.000000    0.057914    0.000000    0.000000  
6.070607    -0.091516    0.000000    0.000000    0.067649    0.000000    0.000000    0.057769    0.000000    0.000000  
6.080608    -0.090837    0.000000    0.000000    0.068226    0.000000    0.000000    0.057607    0.000000    0.000000  
6.090609    -0.090152    0.000000    0.000000    0.068800    0.000000    0.000000    0.057419    0.000000    0.000000  
6.100610    -0.089461    0.000000    0.000000    0.069373    0.000000    0.000000    0.057194    0.000000    0.000000  
6.110611    -0.088764    0.000000    0.000000    0.069944    0.000000    0.000000    0.056925    0.000000    0.000000  
6.120612    -0.088062    0.000000    0.000000    0.070513    0.000000    0.000000    0.056614    0.000000    0.000000  
6.130613    -0.087354    0.000000    0.000000    0.071079    0.000000    0.000000    0.056262    0.000000    0.000000  
6.140614    -0.086640    0.000000    0.000000    0.071642    0.000000    0.000000    0.055873    0.000000    0.000000  
6.150615    -0.085920    0.000000    0.000000    0.072201    0.000000    0.000000    0.055448    0.000000    0.000000  
6.160616    -0.085196    0.000000    0.000000    0.072755    0.000000    0.000000    0.054990    0.000000    0.000000  
6.170617    -0.084465    0.000000    0.000000    0.073305    0.000000    0.000000    0.054501    0.000000    0.000000  
6.180618    -0.083729    0.000000    0.000000    0.073850    0.000000    0.000000    0.053985    0.000000    0.000000  
6.190619    -0.082988    0.000000    0.000000    0.074388    0.000000    0.000000    0.053443    0.000000    0.000000  
6.200620    -0.082241    0.000000    0.000000    0.074920    0.000000    0.000000    0.052879    0.000000    0.000000  
6.210621    -0.081490    0.000000    0.000000    0.075446    0.000000    0.000000    0.052294    0.000000    0.000000  
6.220622    -0.080732    0.000000    0.000000    0.075964    0.000000    0.000000    0.051692    0.000000    0.000000  
6.230623    -0.079970    0.000000    0.000000    0.076476    0.000000    0.000000    0.051075    0.000000    0.000000  
6.240624    -0.079203    0.000000    0.000000    0.076982    0.000000    0.000000    0.050448    0.000000    0.000000  
6.250625    -0.078430    0.000000    0.000000    0.077481    0.000000    0.000000    0.049813    0.000000    0.000000  
6.260626    -0.077653    0.000000    0.000000    0.077974    0.000000    0.000000    0.049174    0.000000    0.000000  
6.270627    -0.076870    0.000000    0.000000    0.078461    0.000000    0.000000    0.048533    0.000000    0.000000  
6.280628    -0.076083    0.000000    0.000000    0.078941    0.000000    0.000000    0.047893    0.000000    0.000000  
6.290629    -0.075291    0.000000    0.000000    0.079416    0.000000    0.000000    0.047259    0.000000    0.000000  
6.300630    -0.074495    0.000000    0.000000    0.079886    0.000000    0.000000    0.046633    0.000000    0.000000  
6.310631    -0.073693    0.000000    0.000000    0.080349    0.000000    0.000000    0.046017    0.000000    0.000000  
6.320632    -0.072888    0.000000    0.000000    0.080807    0.000000    0.000000    0.045412    0.000000    0.000000  
6.330633    -0.072077    0.000000    0.000000    0.081260    0.000000    0.000000    0.044820    0.000000    0.000000  
6.340634    -0.071262    0.000000    0.000000    0.081706    0.000000    0.000000    0.044239    0.000000    0.000000  
6.350635    -0.070443    0.000000    0.000000    0.082148    0.000000    0.000000    0.043670    0.000000    0.000000  
6.360636    -0.069620    0.000000    0.000000    0.082583    0.000000    0.000000    0.043115    0.000000    0.000000  
6.370637    -0.068792    0.000000    0.000000    0.083013    0.000000    0.000000    0.042572    0.000000    0.000000  
6.380638    -0.067959    0.000000    0.000000    0.083437    0.000000    0.000000    0.042042    0.000000    0.000000  
6.390639    -0.067123    0.000000    0.000000    0.083856    0.000000    0.000000    0.041527    0.000000    0.000000  
6.400640    -0.066282    0.000000    0.000000    0.084269    0.000000    0.000000    0.041025    0.000000    0.000000  
6.410641    -0.065437    0.000000    0.000000    0.084676    0.000000    0.000000    0.040537    0.000000    0.000000  
6.420642    -0.064588    0.000000    0.000000    0.085079    0.000000    0.000000    0.040062    0.000000    0.000000  
6.430643    -0.063735    0.000000    0.000000    0.085476    0.000000    0.000000    0.039599    0.000000    0.000000  
6.440644    -0.062878    0.000000    0.000000    0.085868    0.000000    0.000000    0.039146    0.000000    0.000000  
6.450645    -0.062018    0.000000    0.000000    0.086255    0.000000    0.000000    0.038703    0.000000    0.000000  
6.460646    -0.061153    0.000000    0.000000    0.086638    0.000000    0.000000    0.038267    0.000000    0.000000  
6.470647    -0.060284    0.000000    0.000000    0.087017    0.000000    0.000000    0.037839    0.000000    0.000000  
6.480648    -0.059412    0.000000    0.000000    0.087392    0.000000    0.000000    0.037415    0.000000    0.000000  
6.490649    -0.058536    0.000000    0.000000    0.087763    0.000000    0.000000    0.036997    0.000000    0.000000  
6.500650    -0.057656    0.000000    0.000000    0.088130    0.000000    0.000000    0.036581    0.000000    0.000000  
6.510651    -0.056773    0.000000    0.000000    0.088494    0.000000    0.000000    0.036166    0.000000    0.000000  
6.520652    -0.055887    0.000000    0.000000    0.088855    0.000000    0.000000    0.035747    0.000000    0.000000  
6.530653    -0.054996    0.000000    0.000000    0.089211    0.000000    0.000000    0.035318    0.000000    0.000000  
6.540654    -0.054103    0.000000    0.000000    0.089564    0.000000    0.000000    0.034875    0.000000    0.000000  
6.550655    -0.053205    0.000000    0.000000    0.089911    0.000000    0.000000    0.034411    0.000000    0.000000  
6.560656    -0.052305    0.000000    0.000000    0.090254    0.000000    0.000000    0.033921    0.000000    0.000000  
6.570657    -0.051401    0.000000    0.000000    0.090591    0.000000    0.000000    0.033400    0.000000    0.000000  
6.580658    -0.050493    0.000000    0.000000    0.090923    0.000000    0.000000    0.032843    0.000000    0.000000  
6.590659    -0.049583    0.000000    0.000000    0.091249    0.000000    0.000000    0.032243    0.000000    0.000000  
6.600660    -0.048668    0.000000    0.000000    0.091568    0.000000    0.000000    0.031595    0.000000    0.000000  
6.610661    -0.047751    0.000000    0.000000    0.091880    0.000000    0.000000    0.030897    0.000000    0.000000  
6.620662    -0.046830    0.000000    0.000000    0.092186    0.000000    0.000000    0.030158    0.000000    0.000000  
6.630663    -0.045907    0.000000    0.000000    0.092485    0.000000    0.000000    0.029387    0.000000    0.000000  
6.640664    -0.044980    0.000000    0.000000    0.092776    0.000000    0.000000    0.028595    0.000000    0.000000  
6.650665    -0.044050    0.000000    0.000000    0.093060    0.000000    0.000000    0.027793    0.000000    0.000000  
6.660666    -0.043118    0.000000    0.000000    0.093337    0.000000    0.000000    0.026991    0.000000    0.000000  
6.670667    -0.042183    0.000000    0.000000    0.093605    0.000000    0.000000    0.026199    0.000000    0.000000  
6.680668    -0.041245    0.000000    0.000000    0.093866    0.000000    0.000000    0.025429    0.000000    0.000000  
6.690669    -0.040305    0.000000    0.000000    0.094118    0.000000    0.000000    0.024689    0.000000    0.000000  
6.700670    -0.039363    0.000000    0.000000    0.094362    0.000000    0.000000    0.023991    0.000000    0.000000  
6.710671    -0.038418    0.000000    0.000000    0.094598    0.000000    0.000000    0.023342    0.000000    0.000000  
6.720672    -0.037471    0.000000    0.000000    0.094826    0.000000    0.000000    0.022739    0.000000    0.000000  
6.730673    -0.036521    0.000000    0.000000    0.095047    0.000000    0.000000    0.022176    0.000000    0.000000  
6.740674    -0.035570    0.000000    0.000000    0.095261    0.000000    0.000000    0.021648    0.000000    0.000000  
6.750675    -0.034616    0.000000    0.000000    0.095470    0.000000    0.000000    0.021148    0.000000    0.000000  
6.760676    -0.033661    0.000000    0.000000    0.095673    0.000000    0.000000    0.020673    0.000000    0.000000  
6.770677    -0.032703    0.000000    0.000000    0.095872    0.000000    0.000000    0.020215    0.000000    0.000000  
6.780678    -0.031743    0.000000    0.000000    0.096068    0.000000    0.000000    0.019770    0.000000    0.000000  
6.790679    -0.030781    0.000000    0.000000    0.096260    0.000000    0.000000    0.019332    0.000000    0.000000  
6.800680    -0.029818    0.000000    0.000000    0.096450    0.000000    0.000000    0.018896    0.000000    0.000000  
6.810681    -0.028852    0.000000    0.000000    0.096638    0.000000    0.000000    0.018456    0.000000    0.000000  
6.820682    -0.027885    0.000000    0.000000    0.096824    0.000000    0.000000    0.018006    0.000000    0.000000  
6.830683    -0.026916    0.000000    0.000000    0.097006    0.000000    0.000000    0.017541    0.000000    0.000000  
6.840684    -0.025945    0.000000    0.000000    0.097185    0.000000    0.000000    0.017056    0.000000    0.000000  
6.850685    -0.024972    0.000000    0.000000    0.097358    0.000000    0.000000    0.016543    0.000000    0.000000  
6.860686    -0.023998    0.000000    0.000000    0.097527    0.000000    0.000000    0.015999    0.000000    0.000000  
6.870687    -0.023022    0.000000    0.000000    0.097688    0.000000    0.000000    0.015416    0.000000    0.000000  
6.880688    -0.022044    0.000000    0.000000    0.097843    0.000000    0.000000    0.014790    0.000000    0.000000  
6.890689    -0.021065    0.000000    0.000000    0.097990    0.000000    0.000000    0.014115    0.000000    0.000000  
6.900690    -0.020084    0.000000    0.000000    0.098128    0.000000    0.000000    0.013385    0.000000    0.000000  
6.910691    -0.019102    0.000000    0.000000    0.098257    0.000000    0.000000    0.012598    0.000000    0.000000  
6.920692    -0.018119    0.000000    0.000000    0.098377    0.000000    0.000000    0.011766    0.000000    0.000000  
6.930693    -0.017134    0.000000    0.000000    0.098489    0.000000    0.000000    0.010901    0.000000    0.000000  
6.940694    -0.016148    0.000000    0.000000    0.098591    0.000000    0.000000    0.010019    0.000000    0.000000  
6.950695    -0.015161    0.000000    0.000000    0.098685    0.000000    0.000000    0.009131    0.000000    0.000000  
6.960696    -0.014174    0.000000    0.000000    0.098771    0.000000    0.000000    0.008253    0.000000    0.000000  
6.970697    -0.013185    0.000000    0.000000    0.098848    0.000000    0.000000    0.007397    0.000000    0.000000  
6.980698    -0.012196    0.000000    0.000000    0.098918    0.000000    0.000000    0.006577    0.000000    0.000000  
6.990699    -0.011206    0.000000    0.000000    0.098980    0.000000    0.000000    0.005807    0.000000    0.000000  
7.000700    -0.010216    0.000000    0.000000    0.099035    0.000000    0.000000    0.005101    0.000000    0.000000  
7.010701    -0.009225    0.000000    0.000000    0.099082    0.000000    0.000000    0.004467    0.000000    0.000000  
7.020702    -0.008234    0.000000    0.000000    0.099123    0.000000    0.000000    0.003899    0.000000    0.000000  
7.030703    -0.007243    0.000000    0.000000    0.099158    0.000000    0.000000    0.003386    0.000000    0.000000  
7.040704    -0.006251    0.000000    0.000000    0.099187    0.000000    0.000000    0.002920    0.000000    0.000000  
7.050705    -0.005260    0.000000    0.000000    0.099211    0.000000    0.000000    0.002489    0.000000    0.000000  
7.060706    -0.004268    0.000000    0.000000    0.099230    0.000000    0.000000    0.002085    0.000000    0.000000  
7.070707    -0.003275    0.000000    0.000000    0.099245    0.000000    0.000000    0.001698    0.000000    0.000000  
7.080708    -0.002283    0.000000    0.000000    0.099257    0.000000    0.000000    0.001317    0.000000    0.000000  
7.090709    -0.001290    0.000000    0.000000    0.099266    0.000000    0.000000    0.000933    0.000000    0.000000  
7.100710    -0.000298    0.000000    0.000000    0.099272    0.000000    0.000000    0.000536    0.000000    0.000000  
7.110711    0.000695    0.000000    0.000000    0.099277    0.000000    0.000000    0.000117    0.000000    0.000000  
7.120712    0.001688    0.000000    0.000000    0.099279    0.000000    0.000000    -0.000326    0.000000    0.000000  
7.130713    0.002681    0.000000    0.000000    0.099277    0.000000    0.000000    -0.000796    0.000000    0.000000  
7.140714    0.003674    0.000000    0.000000    0.099271    0.000000    0.000000    -0.001294    0.000000    0.000000  
7.150715    0.004667    0.000000    0.000000    0.099261    0.000000    0.000000    -0.001825    0.000000    0.000000  
7.160716    0.005660    0.000000    0.000000    0.099244    0.000000    0.000000    -0.002388    0.000000    0.000000  
7.170717    0.006652    0.000000    0.000000    0.099222    0.000000    0.000000    -0.002988    0.000000    0.000000  
7.180718    0.007644    0.000000    0.000000    0.099192    0.000000    0.000000    -0.003625    0.000000    0.000000  
7.190719    0.008636    0.000000    0.000000    0.099155    0.000000    0.000000    -0.004303    0.000000    0.000000  
7.200720    0.009627    0.000000    0.000000    0.099109    0.000000    0.000000    -0.005023    0.000000    0.000000  
7.210721    0.010618    0.000000    0.000000    0.099054    0.000000    0.000000    -0.005785    0.000000    0.000000  
7.220722    0.011609    0.000000    0.000000    0.098990    0.000000    0.000000    -0.006582    0.000000    0.000000  
7.230723    0.012598    0.000000    0.000000    0.098918    0.000000    0.000000    -0.007403    0.000000    0.000000  
7.240724    0.013587    0.000000    0.000000    0.098837    0.000000    0.000000    -0.008239    0.000000    0.000000  
7.250725    0.014576    0.000000    0.000000    0.098748    0.000000    0.000000    -0.009080    0.000000    0.000000  
7.260726    0.015563    0.000000    0.000000    0.098650    0.000000    0.000000    -0.009917    0.000000    0.000000  
7.270727    0.016549    0.000000    0.000000    0.098545    0.000000    0.000000    -0.010740    0.000000    0.000000  
7.280728    0.017534    0.000000    0.000000    0.098433    0.000000    0.000000    -0.011539    0.000000    0.000000  
7.290729    0.018518    0.000000    0.000000    0.098313    0.000000    0.000000    -0.012304    0.000000    0.000000  
7.300730    0.019501    0.000000    0.000000    0.098186    0.000000    0.000000    -0.013026    0.000000    0.000000  
7.310731    0.020482    0.000000    0.000000    0.098053    0.000000    0.000000    -0.013699    0.000000    0.000000  
7.320732    0.021462    0.000000    0.000000    0.097913    0.000000    0.000000    -0.014326    0.000000    0.000000  
7.330733    0.022440    0.000000    0.000000    0.097766    0.000000    0.000000    -0.014915    0.000000    0.000000  
7.340734    0.023417    0.000000    0.000000    0.097614    0.000000    0.000000    -0.015471    0.000000    0.000000  
7.350735    0.024392    0.000000    0.000000    0.097456    0.000000    0.000000    -0.016000    0.000000    0.000000  
7.360736    0.025366    0.000000    0.000000    0.097292    0.000000    0.000000    -0.016510    0.000000    0.000000  
7.370737    0.026338    0.000000    0.000000    0.097123    0.000000    0.000000    -0.017006    0.000000    0.000000  
7.380738    0.027309    0.000000    0.000000    0.096950    0.000000    0.000000    -0.017495    0.000000    0.000000  
7.390739    0.028277    0.000000    0.000000    0.096771    0.000000    0.000000    -0.017983    0.000000    0.000000  
7.400740    0.029244    0.000000    0.000000    0.096589    0.000000    0.000000    -0.018477    0.000000    0.000000  
7.410741    0.030209    0.000000    0.000000    0.096402    0.000000    0.000000    -0.018981    0.000000    0.000000  
7.420742    0.031172    0.000000    0.000000    0.096211    0.000000    0.000000    -0.019497    0.000000    0.000000  
7.430743    0.032134    0.000000    0.000000    0.096014    0.000000    0.000000    -0.020027    0.000000    0.000000  
7.440744    0.033093    0.000000    0.000000    0.095813    0.000000    0.000000    -0.020571    0.000000    0.000000  
7.450745    0.034050    0.000000    0.000000    0.095607    0.000000    0.000000    -0.021129    0.000000    0.000000  
7.460746    0.035005    0.000000    0.000000    0.095395    0.000000    0.000000    -0.021704    0.000000    0.000000  
7.470747    0.035958    0.000000    0.000000    0.095176    0.000000    0.000000    -0.022294    0.000000    0.000000  
7.480748    0.036909    0.000000    0.000000    0.094952    0.000000    0.000000    -0.022903    0.000000    0.000000  
7.490749    0.037858    0.000000    0.000000    0.094721    0.000000    0.000000    -0.023529    0.000000    0.000000  
7.500750    0.038804    0.000000    0.000000    0.094482    0.000000    0.000000    -0.024175    0.000000    0.000000  
7.510751    0.039747    0.000000    0.000000    0.094237    0.000000    0.000000    -0.024839    0.000000    0.000000  
7.520752    0.040689    0.000000    0.000000    0.093984    0.000000    0.000000    -0.025518    0.000000    0.000000  
7.530753    0.041627    0.000000    0.000000    0.093725    0.000000    0.000000    -0.026206    0.000000    0.000000  
7.540754    0.042563    0.000000    0.000000    0.093458    0.000000    0.000000    -0.026898    0.000000    0.000000  
7.550755    0.043497    0.000000    0.000000    0.093185    0.000000    0.000000    -0.027588    0.000000    0.000000  
7.560756    0.044427    0.000000    0.000000    0.092905    0.000000    0.000000    -0.028272    0.000000    0.000000  
7.570757    0.045355    0.000000    0.000000    0.092619    0.000000    0.000000    -0.028943    0.000000    0.000000  
7.580758    0.046280    0.000000    0.000000    0.092326    0.000000    0.000000    -0.029597    0.000000    0.000000  
7.590759    0.047202    0.000000    0.000000    0.092026    0.000000    0.000000    -0.030229    0.000000    0.000000  
7.600760    0.048121    0.000000    0.000000    0.091721    0.000000    0.000000    -0.030833    0.000000    0.000000  
7.610761    0.049036    0.000000    0.000000    0.091410    0.000000    0.000000    -0.031406    0.000000    0.000000  
7.620762    0.049949    0.000000    0.000000    0.091093    0.000000    0.000000    -0.031951    0.000000    0.000000  
7.630763    0.050858    0.000000    0.000000    0.090770    0.000000    0.000000    -0.032472    0.000000    0.000000  
7.640764    0.051764    0.000000    0.000000    0.090442    0.000000    0.000000    -0.032972    0.000000    0.000000  
7.650765    0.052667    0.000000    0.000000    0.090108    0.000000    0.000000    -0.033455    0.000000    0.000000  
7.660766    0.053567    0.000000    0.000000    0.089770    0.000000    0.000000    -0.033926    0.000000    0.000000  
7.670767    0.054463    0.000000    0.000000    0.089427    0.000000    0.000000    -0.034389    0.000000    0.000000  
7.680768    0.055355    0.000000    0.000000    0.089080    0.000000    0.000000    -0.034848    0.000000    0.000000  
7.690769    0.056245    0.000000    0.000000    0.088728    0.000000    0.000000    -0.035305    0.000000    0.000000  
7.700770    0.057130    0.000000    0.000000    0.088373    0.000000    0.000000    -0.035767    0.000000    0.000000  
7.710771    0.058012    0.000000    0.000000    0.088013    0.000000    0.000000    -0.036235    0.000000    0.000000  
7.720772    0.058891    0.000000    0.000000    0.087649    0.000000    0.000000    -0.036713    0.000000    0.000000  
7.730773    0.059765    0.000000    0.000000    0.087281    0.000000    0.000000    -0.037201    0.000000    0.000000  
7.740774    0.060636    0.000000    0.000000    0.086908    0.000000    0.000000    -0.037701    0.000000    0.000000  
7.750775    0.061503    0.000000    0.000000    0.086530    0.000000    0.000000    -0.038214    0.000000    0.000000  
7.760776    0.062367    0.000000    0.000000    0.086147    0.000000    0.000000    -0.038744    0.000000    0.000000  
7.770777    0.063226    0.000000    0.000000    0.085758    0.000000    0.000000    -0.039290    0.000000    0.000000  
7.780778    0.064082    0.000000    0.000000    0.085364    0.000000    0.000000    -0.039855    0.000000    0.000000  
7.790779    0.064934    0.000000    0.000000    0.084963    0.000000    0.000000    -0.040440    0.000000    0.000000  
7.800780    0.065781    0.000000    0.000000    0.084556    0.000000    0.000000    -0.041047    0.000000    0.000000  
7.810781    0.066625    0.000000    0.000000    0.084142    0.000000    0.000000    -0.041676    0.000000    0.000000  
7.820782    0.067464    0.000000    0.000000    0.083721    0.000000    0.000000    -0.042321    0.000000    0.000000  
7.830783    0.068300    0.000000    0.000000    0.083294    0.000000    0.000000    -0.042976    0.000000    0.000000  
7.840784    0.069131    0.000000    0.000000    0.082861    0.000000    0.000000    -0.043636    0.000000    0.000000  
7.850785    0.069957    0.000000    0.000000    0.082421    0.000000    0.000000    -0.044293    0.000000    0.000000  
7.860786    0.070779    0.000000    0.000000    0.081975    0.000000    0.000000    -0.044941    0.000000    0.000000  
7.870787    0.071597    0.000000    0.000000    0.081522    0.000000    0.000000    -0.045574    0.000000    0.000000  
7.880788    0.072410    0.000000    0.000000    0.081064    0.000000    0.000000    -0.046185    0.000000    0.000000  
7.890789    0.073219    0.000000    0.000000    0.080600    0.000000    0.000000    -0.046769    0.000000    0.000000  
7.900790    0.074023    0.000000    0.000000    0.080129    0.000000    0.000000    -0.047318    0.000000    0.000000  
7.910791    0.074822    0.000000    0.000000    0.079653    0.000000    0.000000    -0.047830    0.000000    0.000000  
7.920792    0.075616    0.000000    0.000000    0.079172    0.000000    0.000000    -0.048307    0.000000    0.000000  
7.930793    0.076405    0.000000    0.000000    0.078685    0.000000    0.000000    -0.048757    0.000000    0.000000  
7.940794    0.077189    0.000000    0.000000    0.078193    0.000000    0.000000    -0.049183    0.000000    0.000000  
7.950795    0.077969    0.000000    0.000000    0.077697    0.000000    0.000000    -0.049592    0.000000    0.000000  
7.960796    0.078743    0.000000    0.000000    0.077196    0.000000    0.000000    -0.049989    0.000000    0.000000  
7.970797    0.079513    0.000000    0.000000    0.076692    0.000000    0.000000    -0.050380    0.000000    0.000000  
7.980798    0.080277    0.000000    0.000000    0.076184    0.000000    0.000000    -0.050770    0.000000    0.000000  
7.990799    0.081036    0.000000    0.000000    0.075672    0.000000    0.000000    -0.051165    0.000000    0.000000  
8.000800    0.081791    0.000000    0.000000    0.075158    0.000000    0.000000    -0.051571    0.000000    0.000000  
8.010801    0.082540    0.000000    0.000000    0.074641    0.000000    0.000000    -0.051991    0.000000    0.000000  
8.020802    0.083284    0.000000    0.000000    0.074121    0.000000    0.000000    -0.052424    0.000000    0.000000  
8.030803    0.084022    0.000000    0.000000    0.073597    0.000000    0.000000    -0.052869    0.000000    0.000000  
8.040804    0.084756    0.000000    0.000000    0.073070    0.000000    0.000000    -0.053322    0.000000    0.000000  
8.050805    0.085484    0.000000    0.000000    0.072538    0.000000    0.000000    -0.053783    0.000000    0.000000  
8.060806    0.086206    0.000000    0.000000    0.072002    0.000000    0.000000    -0.054248    0.000000    0.000000  
8.070807    0.086924    0.000000    0.000000    0.071461    0.000000    0.000000    -0.054716    0.000000    0.000000  
8.080808    0.087636    0.000000    0.000000    0.070915    0.000000    0.000000    -0.055184    0.000000    0.000000  
8.090809    0.088342    0.000000    0.000000    0.070363    0.000000    0.000000    -0.055651    0.000000    0.000000  
8.100810    0.089043    0.000000    0.000000    0.069804    0.000000    0.000000    -0.056114    0.000000    0.000000  
8.110811    0.089738    0.000000    0.000000    0.069240    0.000000    0.000000    -0.056571    0.000000    0.000000  
8.120812    0.090428    0.000000    0.000000    0.068670    0.000000    0.000000    -0.057021    0.000000    0.000000  
8.130813    0.091112    0.000000    0.000000    0.068094    0.000000    0.000000    -0.057464    0.000000    0.000000  
8.140814    0.091790    0.000000    0.000000    0.067513    0.000000    0.000000    -0.057897    0.000000    0.000000  
8.150815    0.092463    0.000000    0.000000    0.066928    0.000000    0.000000    -0.058319    0.000000    0.000000  
8.160816    0.093129    0.000000    0.000000    0.066338    0.000000    0.000000    -0.058730    0.000000    0.000000  
8.170817    0.093790    0.000000    0.000000    0.065745    0.000000    0.000000    -0.059129    0.000000    0.000000  
8.180818    0.094445    0.000000    0.000000    0.065149    0.000000    0.000000    -0.059513    0.000000    0.000000  
8.190819    0.095093    0.000000    0.000000    0.064550    0.000000    0.000000    -0.059883    0.000000    0.000000  
8.200820    0.095736    0.000000    0.000000    0.063948    0.000000    0.000000    -0.060236    0.000000    0.000000  
8.210821    0.096373    0.000000    0.000000    0.063345    0.000000    0.000000    -0.060573    0.000000    0.000000  
8.220822    0.097003    0.000000    0.000000    0.062740    0.000000    0.000000    -0.060899    0.000000    0.000000  
8.230823    0.097627    0.000000    0.000000    0.062132    0.000000    0.000000    -0.061219    0.000000    0.000000  
8.240824    0.098245    0.000000    0.000000    0.061521    0.000000    0.000000    -0.061539    0.000000    0.000000  
8.250825    0.098857    0.000000    0.000000    0.060906    0.000000    0.000000    -0.061864    0.000000    0.000000  
8.260826    0.099463    0.000000    0.000000    0.060289    0.000000    0.000000    -0.062200    0.000000    0.000000  
8.270827    0.100062    0.000000    0.000000    0.059667    0.000000    0.000000    -0.062552    0.000000    0.000000  
8.280828    0.100655    0.000000    0.000000    0.059041    0.000000    0.000000    -0.062926    0.000000    0.000000  
8.290829    0.101242    0.000000    0.000000    0.058411    0.000000    0.000000    -0.063327    0.000000    0.000000  
8.300830    0.101823    0.000000    0.000000    0.057776    0.000000    0.000000    -0.063761    0.000000    0.000000  
8.310831    0.102398    0.000000    0.000000    0.057136    0.000000    0.000000    -0.064230    0.000000    0.000000  
8.320832    0.102967    0.000000    0.000000    0.056490    0.000000    0.000000    -0.064728    0.000000    0.000000  
8.330833    0.103529    0.000000    0.000000    0.055840    0.000000    0.000000    -0.065246    0.000000    0.000000  
8.340834    0.104084    0.000000    0.000000    0.055184    0.000000    0.000000    -0.065776    0.000000    0.000000  
8.350835    0.104633    0.000000    0.000000    0.054523    0.000000    0.000000    -0.066310    0.000000    0.000000  
8.360836    0.105176    0.000000    0.000000    0.053858    0.000000    0.000000    -0.066838    0.000000    0.000000  
8.370837    0.105711    0.000000    0.000000    0.053187    0.000000    0.000000    -0.067352    0.000000    0.000000  
8.380838    0.106240    0.000000    0.000000    0.052512    0.000000    0.000000    -0.067844    0.000000    0.000000  
8.390839    0.106762    0.000000    0.000000    0.051832    0.000000    0.000000    -0.068305    0.000000    0.000000  
8.400840    0.107277    0.000000    0.000000    0.051147    0.000000    0.000000    -0.068728    0.000000    0.000000  
8.410841    0.107785    0.000000    0.000000    0.050457    0.000000    0.000000    -0.069105    0.000000    0.000000  
8.420842    0.108286    0.000000    0.000000    0.049763    0.000000    0.000000    -0.069438    0.000000    0.000000  
8.430843    0.108780    0.000000    0.000000    0.049066    0.000000    0.000000    -0.069731    0.000000    0.000000  
8.440844    0.109267    0.000000    0.000000    0.048365    0.000000    0.000000    -0.069985    0.000000    0.000000  
8.450845    0.109747    0.000000    0.000000    0.047662    0.000000    0.000000    -0.070205    0.000000    0.000000  
8.460846    0.110220    0.000000    0.000000    0.046956    0.000000    0.000000    -0.070393    0.000000    0.000000  
8.470847    0.110685    0.000000    0.000000    0.046249    0.000000    0.000000    -0.070552    0.000000    0.000000  
8.480848    0.111144    0.000000    0.000000    0.045541    0.000000    0.000000    -0.070685    0.000000    0.000000  
8.490849    0.111596    0.000000    0.000000    0.044832    0.000000    0.000000    -0.070794    0.000000    0.000000  
8.500850    0.112041    0.000000    0.000000    0.044123    0.000000    0.000000    -0.070884    0.000000    0.000000  
8.510851    0.112478    0.000000    0.000000    0.043414    0.000000    0.000000    -0.070957    0.000000    0.000000  
8.520852    0.112909    0.000000    0.000000    0.042705    0.000000    0.000000    -0.071021    0.000000    0.000000  
8.530853    0.113333    0.000000    0.000000    0.041997    0.000000    0.000000    -0.071083    0.000000    0.000000  
8.540854    0.113750    0.000000    0.000000    0.041287    0.000000    0.000000    -0.071149    0.000000    0.000000  
8.550855    0.114159    0.000000    0.000000    0.040577    0.000000    0.000000    -0.071229    0.000000    0.000000  
8.560856    0.114561    0.000000    0.000000    0.039865    0.000000    0.000000    -0.071328    0.000000    0.000000  
8.570857    0.114957    0.000000    0.000000    0.039152    0.000000    0.000000    -0.071454    0.000000    0.000000  
8.580858    0.115345    0.000000    0.000000    0.038437    0.000000    0.000000    -0.071614    0.000000    0.000000  
8.590859    0.115726    0.000000    0.000000    0.037721    0.000000    0.000000    -0.071816    0.000000    0.000000  
8.600860    0.116099    0.000000    0.000000    0.037001    0.000000    0.000000    -0.072068    0.000000    0.000000  
8.610861    0.116466    0.000000    0.000000    0.036279    0.000000    0.000000    -0.072371    0.000000    0.000000  
8.620862    0.116825    0.000000    0.000000    0.035554    0.000000    0.000000    -0.072720    0.000000    0.000000  
8.630863    0.117177    0.000000    0.000000    0.034825    0.000000    0.000000    -0.073103    0.000000    0.000000  
8.640864    0.117521    0.000000    0.000000    0.034094    0.000000    0.000000    -0.073511    0.000000    0.000000  
8.650865    0.117858    0.000000    0.000000    0.033358    0.000000    0.000000    -0.073932    0.000000    0.000000  
8.660866    0.118188    0.000000    0.000000    0.032619    0.000000    0.000000    -0.074358    0.000000    0.000000  
8.670867    0.118511    0.000000    0.000000    0.031876    0.000000    0.000000    -0.074778    0.000000    0.000000  
8.680868    0.118825    0.000000    0.000000    0.031128    0.000000    0.000000    -0.075181    0.000000    0.000000  
8.690869    0.119133    0.000000    0.000000    0.030376    0.000000    0.000000    -0.075558    0.000000    0.000000  
8.700870    0.119433    0.000000    0.000000    0.029620    0.000000    0.000000    -0.075898    0.000000    0.000000  
8.710871    0.119725    0.000000    0.000000    0.028858    0.000000    0.000000    -0.076195    0.000000    0.000000  
8.720872    0.120010    0.000000    0.000000    0.028092    0.000000    0.000000    -0.076451    0.000000    0.000000  
8.730873    0.120288    0.000000    0.000000    0.027323    0.000000    0.000000    -0.076670    0.000000    0.000000  
8.740874    0.120557    0.000000    0.000000    0.026551    0.000000    0.000000    -0.076857    0.000000    0.000000  
8.750875    0.120819    0.000000    0.000000    0.025776    0.000000    0.000000    -0.077018    0.000000    0.000000  
8.760876    0.121074    0.000000    0.000000    0.025000    0.000000    0.000000    -0.077155    0.000000    0.000000  
8.770877    0.121320    0.000000    0.000000    0.024223    0.000000    0.000000    -0.077275    0.000000    0.000000  
8.780878    0.121559    0.000000    0.000000    0.023445    0.000000    0.000000    -0.077381    0.000000    0.000000  
8.790879    0.121789    0.000000    0.000000    0.022668    0.000000    0.000000    -0.077478    0.000000    0.000000  
8.800880    0.122012    0.000000    0.000000    0.021892    0.000000    0.000000    -0.077570    0.000000    0.000000  
8.810881    0.122227    0.000000    0.000000    0.021117    0.000000    0.000000    -0.077661    0.000000    0.000000  
8.820882    0.122434    0.000000    0.000000    0.020343    0.000000    0.000000    -0.077746    0.000000    0.000000  
8.830883    0.122634    0.000000    0.000000    0.019571    0.000000    0.000000    -0.077819    0.000000    0.000000  
8.840884    0.122825    0.000000    0.000000    0.018798    0.000000    0.000000    -0.077876    0.000000    0.000000  
8.850885    0.123009    0.000000    0.000000    0.018026    0.000000    0.000000    -0.077911    0.000000    0.000000  
8.860886    0.123184    0.000000    0.000000    0.017254    0.000000    0.000000    -0.077919    0.000000    0.000000  
8.870887    0.123353    0.000000    0.000000    0.016482    0.000000    0.000000    -0.077895    0.000000    0.000000  
8.880888    0.123513    0.000000    0.000000    0.015709    0.000000    0.000000    -0.077834    0.000000    0.000000  
8.890889    0.123666    0.000000    0.000000    0.014935    0.000000    0.000000    -0.077730    0.000000    0.000000  
8.900890    0.123812    0.000000    0.000000    0.014159    0.000000    0.000000    -0.077578    0.000000    0.000000  
8.910891    0.123949    0.000000    0.000000    0.013383    0.000000    0.000000    -0.077376    0.000000    0.000000  
8.920892    0.124080    0.000000    0.000000    0.012605    0.000000    0.000000    -0.077136    0.000000    0.000000  
8.930893    0.124202    0.000000    0.000000    0.011828    0.000000    0.000000    -0.076867    0.000000    0.000000  
8.940894    0.124317    0.000000    0.000000    0.011051    0.000000    0.000000    -0.076584    0.000000    0.000000  
8.950895    0.124425    0.000000    0.000000    0.010276    0.000000    0.000000    -0.076299    0.000000    0.000000  
8.960896    0.124525    0.000000    0.000000    0.009503    0.000000    0.000000    -0.076022    0.000000    0.000000  
8.970897    0.124616    0.000000    0.000000    0.008734    0.000000    0.000000    -0.075767    0.000000    0.000000  
8.980898    0.124701    0.000000    0.000000    0.007968    0.000000    0.000000    -0.075546    0.000000    0.000000  
8.990899    0.124777    0.000000    0.000000    0.007208    0.000000    0.000000    -0.075372    0.000000    0.000000  
9.000900    0.124845    0.000000    0.000000    0.006452    0.000000    0.000000    -0.075255    0.000000    0.000000  
9.010901    0.124906    0.000000    0.000000    0.005703    0.000000    0.000000    -0.075207    0.000000    0.000000  
9.020902    0.124959    0.000000    0.000000    0.004958    0.000000    0.000000    -0.075232    0.000000    0.000000  
9.030903    0.125004    0.000000    0.000000    0.004215    0.000000    0.000000    -0.075332    0.000000    0.000000  
9.040904    0.125041    0.000000    0.000000    0.003473    0.000000    0.000000    -0.075512    0.000000    0.000000  
9.050905    0.125071    0.000000    0.000000    0.002729    0.000000    0.000000    -0.075773    0.000000    0.000000  
9.060906    0.125093    0.000000    0.000000    0.001982    0.000000    0.000000    -0.076120    0.000000    0.000000  
9.070907    0.125108    0.000000    0.000000    0.001230    0.000000    0.000000    -0.076555    0.000000    0.000000  
9.080908    0.125115    0.000000    0.000000    0.000471    0.000000    0.000000    -0.077082    0.000000    0.000000  
9.090909    0.125115    0.000000    0.000000    -0.000297    0.000000    0.000000    -0.077703    0.000000    0.000000  
9.100910    0.125108    0.000000    0.000000    -0.001076    0.000000    0.000000    -0.078422    0.000000    0.000000  
9.110911    0.125094    0.000000    0.000000    -0.001867    0.000000    0.000000    -0.079233    0.000000    0.000000  
9.120912    0.125072    0.000000    0.000000    -0.002669    0.000000    0.000000    -0.080106    0.000000    0.000000  
9.130913    0.125043    0.000000    0.000000    -0.003481    0.000000    0.000000    -0.081007    0.000000    0.000000  
9.140914    0.125006    0.000000    0.000000    -0.004302    0.000000    0.000000    -0.081900    0.000000    0.000000  
9.150915    0.124960    0.000000    0.000000    -0.005130    0.000000    0.000000    -0.082750    0.000000    0.000000  
9.160916    0.124907    0.000000    0.000000    -0.005966    0.000000    0.000000    -0.083522    0.000000    0.000000  
9.170917    0.124845    0.000000    0.000000    -0.006807    0.000000    0.000000    -0.084181    0.000000    0.000000  
9.180918    0.124774    0.000000    0.000000    -0.007652    0.000000    0.000000    -0.084693    0.000000    0.000000  
9.190919    0.124694    0.000000    0.000000    -0.008501    0.000000    0.000000    -0.085021    0.000000    0.000000  
9.200920    0.124605    0.000000    0.000000    -0.009352    0.000000    0.000000    -0.085132    0.000000    0.000000  
9.210921    0.124507    0.000000    0.000000    -0.010203    0.000000    0.000000    -0.085004    0.000000    0.000000  
9.220922    0.124400    0.000000    0.000000    -0.011054    0.000000    0.000000    -0.084663    0.000000    0.000000  
9.230923    0.124283    0.000000    0.000000    -0.011903    0.000000    0.000000    -0.084141    0.000000    0.000000  
9.240924    0.124158    0.000000    0.000000    -0.012748    0.000000    0.000000    -0.083472    0.000000    0.000000  
9.250925    0.124025    0.000000    0.000000    -0.013588    0.000000    0.000000    -0.082687    0.000000    0.000000  
9.260926    0.123883    0.000000    0.000000    -0.014421    0.000000    0.000000    -0.081821    0.000000    0.000000  
9.270927    0.123733    0.000000    0.000000    -0.015245    0.000000    0.000000    -0.080907    0.000000    0.000000  
9.280928    0.123575    0.000000    0.000000    -0.016059    0.000000    0.000000    -0.079977    0.000000    0.000000  
9.290929    0.123410    0.000000    0.000000    -0.016861    0.000000    0.000000    -0.079064    0.000000    0.000000  
9.300930    0.123237    0.000000    0.000000    -0.017649    0.000000    0.000000    -0.078201    0.000000    0.000000  
9.310931    0.123057    0.000000    0.000000    -0.018424    0.000000    0.000000    -0.077415    0.000000    0.000000  
9.320932    0.122869    0.000000    0.000000    -0.019186    0.000000    0.000000    -0.076709    0.000000    0.000000  
9.330933    0.122675    0.000000    0.000000    -0.019938    0.000000    0.000000    -0.076083    0.000000    0.000000  
9.340934    0.122473    0.000000    0.000000    -0.020681    0.000000    0.000000    -0.075538    0.000000    0.000000  
9.350935    0.122263    0.000000    0.000000    -0.021418    0.000000    0.000000    -0.075072    0.000000    0.000000  
9.360936    0.122047    0.000000    0.000000    -0.022151    0.000000    0.000000    -0.074686    0.000000    0.000000  
9.370937    0.121822    0.000000    0.000000    -0.022881    0.000000    0.000000    -0.074381    0.000000    0.000000  
9.380938    0.121590    0.000000    0.000000    -0.023612    0.000000    0.000000    -0.074155    0.000000    0.000000  
9.390939    0.121351    0.000000    0.000000    -0.024345    0.000000    0.000000    -0.074009    0.000000    0.000000  
9.400940    0.121104    0.000000    0.000000    -0.025083    0.000000    0.000000    -0.073944    0.000000    0.000000  
9.410941    0.120849    0.000000    0.000000    -0.025825    0.000000    0.000000    -0.073954    0.000000    0.000000  
9.420942    0.120587    0.000000    0.000000    -0.026573    0.000000    0.000000    -0.074025    0.000000    0.000000  
9.430943    0.120317    0.000000    0.000000    -0.027325    0.000000    0.000000    -0.074140    0.000000    0.000000  
9.440944    0.120039    0.000000    0.000000    -0.028080    0.000000    0.000000    -0.074282    0.000000    0.000000  
9.450945    0.119754    0.000000    0.000000    -0.028837    0.000000    0.000000    -0.074434    0.000000    0.000000  
9.460946    0.119462    0.000000    0.000000    -0.029594    0.000000    0.000000    -0.074578    0.000000    0.000000  
9.470947    0.119162    0.000000    0.000000    -0.030351    0.000000    0.000000    -0.074697    0.000000    0.000000  
9.480948    0.118854    0.000000    0.000000    -0.031106    0.000000    0.000000    -0.074776    0.000000    0.000000  
9.490949    0.118539    0.000000    0.000000    -0.031859    0.000000    0.000000    -0.074795    0.000000    0.000000  
9.500950    0.118217    0.000000    0.000000    -0.032608    0.000000    0.000000    -0.074738    0.000000    0.000000  
9.510951    0.117887    0.000000    0.000000    -0.033353    0.000000    0.000000    -0.074595    0.000000    0.000000  
9.520952    0.117550    0.000000    0.000000    -0.034094    0.000000    0.000000    -0.074376    0.000000    0.000000  
9.530953    0.117205    0.000000    0.000000    -0.034830    0.000000    0.000000    -0.074092    0.000000    0.000000  
9.540954    0.116853    0.000000    0.000000    -0.035563    0.000000    0.000000    -0.073759    0.000000    0.000000  
9.550955    0.116494    0.000000    0.000000    -0.036292    0.000000    0.000000    -0.073388    0.000000    0.000000  
9.560956    0.116128    0.000000    0.000000    -0.037018    0.000000    0.000000    -0.072994    0.000000    0.000000  
9.570957    0.115754    0.000000    0.000000    -0.037741    0.000000    0.000000    -0.072589    0.000000    0.000000  
9.580958    0.115373    0.000000    0.000000    -0.038462    0.000000    0.000000    -0.072188    0.000000    0.000000  
9.590959    0.114985    0.000000    0.000000    -0.039180    0.000000    0.000000    -0.071802    0.000000    0.000000  
9.600960    0.114589    0.000000    0.000000    -0.039895    0.000000    0.000000    -0.071446    0.000000    0.000000  
9.610961    0.114187    0.000000    0.000000    -0.040609    0.000000    0.000000    -0.071128    0.000000    0.000000  
9.620962    0.113777    0.000000    0.000000    -0.041321    0.000000    0.000000    -0.070847    0.000000    0.000000  
9.630963    0.113360    0.000000    0.000000    -0.042030    0.000000    0.000000    -0.070596    0.000000    0.000000  
9.640964    0.112936    0.000000    0.000000    -0.042738    0.000000    0.000000    -0.070371    0.000000    0.000000  
9.650965    0.112505    0.000000    0.000000    -0.043443    0.000000    0.000000    -0.070167    0.000000    0.000000  
9.660966    0.112067    0.000000    0.000000    -0.044146    0.000000    0.000000    -0.069979    0.000000    0.000000  
9.670967    0.111622    0.000000    0.000000    -0.044847    0.000000    0.000000    -0.069801    0.000000    0.000000  
9.680968    0.111170    0.000000    0.000000    -0.045546    0.000000    0.000000    -0.069630    0.000000    0.000000  
9.690969    0.110711    0.000000    0.000000    -0.046242    0.000000    0.000000    -0.069459    0.000000    0.000000  
9.700970    0.110245    0.000000    0.000000    -0.046936    0.000000    0.000000    -0.069285    0.000000    0.000000  
9.710971    0.109772    0.000000    0.000000    -0.047628    0.000000    0.000000    -0.069102    0.000000    0.000000  
9.720972    0.109293    0.000000    0.000000    -0.048317    0.000000    0.000000    -0.068909    0.000000    0.000000  
9.730973    0.108806    0.000000    0.000000    -0.049004    0.000000    0.000000    -0.068707    0.000000    0.000000  
9.740974    0.108312    0.000000    0.000000    -0.049689    0.000000    0.000000    -0.068495    0.000000    0.000000  
9.750975    0.107812    0.000000    0.000000    -0.050371    0.000000    0.000000    -0.068273    0.000000    0.000000  
9.760976    0.107305    0.000000    0.000000    -0.051051    0.000000    0.000000    -0.068039    0.000000    0.000000  
9.770977    0.106791    0.000000    0.000000    -0.051729    0.000000    0.000000    -0.067793    0.000000    0.000000  
9.780978    0.106270    0.000000    0.000000    -0.052405    0.000000    0.000000    -0.067536    0.000000    0.000000  
9.790979    0.105743    0.000000    0.000000    -0.053078    0.000000    0.000000    -0.067265    0.000000    0.000000  
9.800980    0.105209    0.000000    0.000000    -0.053749    0.000000    0.000000    -0.066982    0.000000    0.000000  
9.810981    0.104668    0.000000    0.000000    -0.054418    0.000000    0.000000    -0.066685    0.000000    0.000000  
9.820982    0.104120    0.000000    0.000000    -0.055084    0.000000    0.000000    -0.066374    0.000000    0.000000  
9.830983    0.103566    0.000000    0.000000    -0.055747    0.000000    0.000000    -0.066047    0.000000    0.000000  
9.840984    0.103005    0.000000    0.000000    -0.056408    0.000000    0.000000    -0.065704    0.000000    0.000000  
9.850985    0.102438    0.000000    0.000000    -0.057065    0.000000    0.000000    -0.065342    0.000000    0.000000  
9.860986    0.101864    0.000000    0.000000    -0.057718    0.000000    0.000000    -0.064963    0.000000    0.000000  
9.870987    0.101283    0.000000    0.000000    -0.058367    0.000000    0.000000    -0.064563    0.000000    0.000000  
9.880988    0.100697    0.000000    0.000000    -0.059011    0.000000    0.000000    -0.064144    0.000000    0.000000  
9.890989    0.100103    0.000000    0.000000    -0.059651    0.000000    0.000000    -0.063702    0.000000    0.000000  
9.900990    0.099503    0.000000    0.000000    -0.060286    0.000000    0.000000    -0.063238    0.000000    0.000000  
9.910991    0.098897    0.000000    0.000000    -0.060916    0.000000    0.000000    -0.062751    0.000000    0.000000  
9.920992    0.098285    0.000000    0.000000    -0.061540    0.000000    0.000000    -0.062246    0.000000    0.000000  
9.930993    0.097666    0.000000    0.000000    -0.062160    0.000000    0.000000    -0.061726    0.000000    0.000000  
9.940994    0.097042    0.000000    0.000000    -0.062774    0.000000    0.000000    -0.061195    0.000000    0.000000  
9.950995    0.096411    0.000000    0.000000    -0.063383    0.000000    0.000000    -0.060658    0.000000    0.000000  
9.960996    0.095774    0.000000    0.000000    -0.063986    0.000000    0.000000    -0.060119    0.000000    0.000000  
9.970997    0.095131    0.000000    0.000000    -0.064585    0.000000    0.000000    -0.059583    0.000000    0.000000  
9.980998    0.094482    0.000000    0.000000    -0.065178    0.000000    0.000000    -0.059053    0.000000    0.000000  
9.990999    0.093827    0.000000    0.000000    -0.065766    0.000000    0.000000    -0.058533    0.000000    0.000000  
10.001000    0.093166    0.000000    0.000000    -0.066349    0.000000    0.000000    -0.058029    0.000000    0.000000  
10.011001    0.092500    0.000000    0.000000    -0.066927    0.000000    0.000000    -0.057542    0.000000    0.000000  
10.021002    0.091828    0.000000    0.000000    -0.067500    0.000000    0.000000    -0.057074    0.000000    0.000000  
10.031003    0.091150    0.000000    0.000000    -0.068068    0.000000    0.000000    -0.056622    0.000000    0.000000  
10.041004    0.090466    0.000000    0.000000    -0.068631    0.000000    0.000000    -0.056187    0.000000    0.000000  
10.051005    0.089777    0.000000    0.000000    -0.069190    0.000000    0.000000    -0.055767    0.000000    0.000000  
10.061006    0.089082    0.000000    0.000000    -0.069746    0.000000    0.000000    -0.055362    0.000000    0.000000  
10.071007    0.088382    0.000000    0.000000    -0.070297    0.000000    0.000000    -0.054970    0.000000    0.000000  
10.081008    0.087676    0.000000    0.000000    -0.070844    0.000000    0.000000    -0.054592    0.000000    0.000000  
10.091009    0.086965    0.000000    0.000000    -0.071388    0.000000    0.000000    -0.054226    0.000000    0.000000  
10.101010    0.086248    0.000000    0.000000    -0.071928    0.000000    0.000000    -0.053872    0.000000    0.000000  
10.111011    0.085526    0.000000    0.000000    -0.072465    0.000000    0.000000    -0.053528    0.000000    0.000000  
10.121012    0.084799    0.000000    0.000000    -0.072999    0.000000    0.000000    -0.053191    0.000000    0.000000  
10.131013    0.084066    0.000000    0.000000    -0.073530    0.000000    0.000000    -0.052857    0.000000    0.000000  
10.141014    0.083328    0.000000    0.000000    -0.074057    0.000000    0.000000    -0.052524    0.000000    0.000000  
10.151015    0.082585    0.000000    0.000000    -0.074581    0.000000    0.000000    -0.052188    0.000000    0.000000  
10.161016    0.081837    0.000000    0.000000    -0.075101    0.000000    0.000000    -0.051846    0.000000    0.000000  
10.171017    0.081083    0.000000    0.000000    -0.075618    0.000000    0.000000    -0.051494    0.000000    0.000000  
10.181018    0.080324    0.000000    0.000000    -0.076131    0.000000    0.000000    -0.051130    0.000000    0.000000  
10.191019    0.079560    0.000000    0.000000    -0.076640    0.000000    0.000000    -0.050748    0.000000    0.000000  
10.201020    0.078791    0.000000    0.000000    -0.077146    0.000000    0.000000    -0.050348    0.000000    0.000000  
10.211021    0.078017    0.000000    0.000000    -0.077647    0.000000    0.000000    -0.049925    0.000000    0.000000  
10.221022    0.077238    0.000000    0.000000    -0.078145    0.000000    0.000000    -0.049480    0.000000    0.000000  
10.231023    0.076454    0.000000    0.000000    -0.078638    0.000000    0.000000    -0.049014    0.000000    0.000000  
10.241024    0.075665    0.000000    0.000000    -0.079126    0.000000    0.000000    -0.048529    0.000000    0.000000  
10.251025    0.074871    0.000000    0.000000    -0.079610    0.000000    0.000000    -0.048024    0.000000    0.000000  
10.261026    0.074073    0.000000    0.000000    -0.080088    0.000000    0.000000    -0.047501    0.000000    0.000000  
10.271027    0.073270    0.000000    0.000000    -0.080561    0.000000    0.000000    -0.046960    0.000000    0.000000  
10.281028    0.072462    0.000000    0.000000    -0.081029    0.000000    0.000000    -0.046403    0.000000    0.000000  
10.291029    0.071649    0.000000    0.000000    -0.081490    0.000000    0.000000    -0.045830    0.000000    0.000000  
10.301030    0.070832    0.000000    0.000000    -0.081946    0.000000    0.000000    -0.045242    0.000000    0.000000  
10.311031    0.070010    0.000000    0.000000    -0.082395    0.000000    0.000000    -0.044640    0.000000    0.000000  
10.321032    0.069184    0.000000    0.000000    -0.082838    0.000000    0.000000    -0.044028    0.000000    0.000000  
10.331033    0.068353    0.000000    0.000000    -0.083275    0.000000    0.000000    -0.043406    0.000000    0.000000  
10.341034    0.067518    0.000000    0.000000    -0.083705    0.000000    0.000000    -0.042778    0.000000    0.000000  
10.351035    0.066679    0.000000    0.000000    -0.084130    0.000000    0.000000    -0.042147    0.000000    0.000000  
10.361036    0.065835    0.000000    0.000000    -0.084548    0.000000    0.000000    -0.041515    0.000000    0.000000  
10.371037    0.064987    0.000000    0.000000    -0.084959    0.000000    0.000000    -0.040884    0.000000    0.000000  
10.381038    0.064136    0.000000    0.000000    -0.085365    0.000000    0.000000    -0.040258    0.000000    0.000000  
10.391039    0.063280    0.000000    0.000000    -0.085765    0.000000    0.000000    -0.039639    0.000000    0.000000  
10.401040    0.062420    0.000000    0.000000    -0.086158    0.000000    0.000000    -0.039029    0.000000    0.000000  
10.411041    0.061556    0.000000    0.000000    -0.086545    0.000000    0.000000    -0.038431    0.000000    0.000000  
10.421042    0.060689    0.000000    0.000000    -0.086927    0.000000    0.000000    -0.037844    0.000000    0.000000  
10.431043    0.059818    0.000000    0.000000    -0.087302    0.000000    0.000000    -0.037269    0.000000    0.000000  
10.441044    0.058943    0.000000    0.000000    -0.087672    0.000000    0.000000    -0.036706    0.000000    0.000000  
10.451045    0.058064    0.000000    0.000000    -0.088036    0.000000    0.000000    -0.036155    0.000000    0.000000  
10.461046    0.057182    0.000000    0.000000    -0.088395    0.000000    0.000000    -0.035615    0.000000    0.000000  
10.471047    0.056296    0.000000    0.000000    -0.088748    0.000000    0.000000    -0.035087    0.000000    0.000000  
10.481048    0.055407    0.000000    0.000000    -0.089096    0.000000    0.000000    -0.034571    0.000000    0.000000  
10.491049    0.054514    0.000000    0.000000    -0.089440    0.000000    0.000000    -0.034066    0.000000    0.000000  
10.501050    0.053618    0.000000    0.000000    -0.089778    0.000000    0.000000    -0.033572    0.000000    0.000000  
10.511051    0.052719    0.000000    0.000000    -0.090111    0.000000    0.000000    -0.033089    0.000000    0.000000  
10.521052    0.051816    0.000000    0.000000    -0.090440    0.000000    0.000000    -0.032613    0.000000    0.000000  
10.531053    0.050910    0.000000    0.000000    -0.090763    0.000000    0.000000    -0.032139    0.000000    0.000000  
10.541054    0.050000    0.000000    0.000000    -0.091082    0.000000    0.000000    -0.031663    0.000000    0.000000  
10.551055    0.049088    0.000000    0.000000    -0.091395    0.000000    0.000000    -0.031179    0.000000    0.000000  
10.561056    0.048172    0.000000    0.000000    -0.091704    0.000000    0.000000    -0.030685    0.000000    0.000000  
10.571057    0.047254    0.000000    0.000000    -0.092007    0.000000    0.000000    -0.030174    0.000000    0.000000  
10.581058    0.046332    0.000000    0.000000    -0.092305    0.000000    0.000000    -0.029643    0.000000    0.000000  
10.591059    0.045407    0.000000    0.000000    -0.092598    0.000000    0.000000    -0.029088    0.000000    0.000000  
10.601060    0.044480    0.000000    0.000000    -0.092886    0.000000    0.000000    -0.028503    0.000000    0.000000  
10.611061    0.043549    0.000000    0.000000    -0.093168    0.000000    0.000000    -0.027886    0.000000    0.000000  
10.621062    0.042616    0.000000    0.000000    -0.093445    0.000000    0.000000    -0.027241    0.000000    0.000000  
10.631063    0.041680    0.000000    0.000000    -0.093716    0.000000    0.000000    -0.026573    0.000000    0.000000  
10.641064    0.040742    0.000000    0.000000    -0.093981    0.000000    0.000000    -0.025886    0.000000    0.000000  
10.651065    0.039801    0.000000    0.000000    -0.094239    0.000000    0.000000    -0.025185    0.000000    0.000000  
10.661066    0.038857    0.000000    0.000000    -0.094490    0.000000    0.000000    -0.024474    0.000000    0.000000  
10.671067    0.037911    0.000000    0.000000    -0.094734    0.000000    0.000000    -0.023759    0.000000    0.000000  
10.681068    0.036962    0.000000    0.000000    -0.094970    0.000000    0.000000    -0.023043    0.000000    0.000000  
10.691069    0.036011    0.000000    0.000000    -0.095198    0.000000    0.000000    -0.022332    0.000000    0.000000  
10.701070    0.035058    0.000000    0.000000    -0.095419    0.000000    0.000000    -0.021629    0.000000    0.000000  
10.711071    0.034103    0.000000    0.000000    -0.095631    0.000000    0.000000    -0.020940    0.000000    0.000000  
10.721072    0.033145    0.000000    0.000000    -0.095835    0.000000    0.000000    -0.020266    0.000000    0.000000  
10.731073    0.032186    0.000000    0.000000    -0.096032    0.000000    0.000000    -0.019608    0.000000    0.000000  
10.741074    0.031224    0.000000    0.000000    -0.096221    0.000000    0.000000    -0.018968    0.000000    0.000000  
10.751075    0.030261    0.000000    0.000000    -0.096404    0.000000    0.000000    -0.018347    0.000000    0.000000  
10.761076    0.029296    0.000000    0.000000    -0.096582    0.000000    0.000000    -0.017746    0.000000    0.000000  
10.771077    0.028328    0.000000    0.000000    -0.096753    0.000000    0.000000    -0.017167    0.000000    0.000000  
10.781078    0.027360    0.000000    0.000000    -0.096920    0.000000    0.000000    -0.016612    0.000000    0.000000  
10.791079    0.026390    0.000000    0.000000    -0.097082    0.000000    0.000000    -0.016081    0.000000    0.000000  
10.801080    0.025418    0.000000    0.000000    -0.097240    0.000000    0.000000    -0.015577    0.000000    0.000000  
10.811081    0.024445    0.000000    0.000000    -0.097394    0.000000    0.000000    -0.015098    0.000000    0.000000  
10.821082    0.023470    0.000000    0.000000    -0.097544    0.000000    0.000000    -0.014638    0.000000    0.000000  
10.831083    0.022494    0.000000    0.000000    -0.097690    0.000000    0.000000    -0.014190    0.000000    0.000000  
10.841084    0.021517    0.000000    0.000000    -0.097831    0.000000    0.000000    -0.013744    0.000000    0.000000  
10.851085    0.020538    0.000000    0.000000    -0.097968    0.000000    0.000000    -0.013295    0.000000    0.000000  
10.861086    0.019558    0.000000    0.000000    -0.098100    0.000000    0.000000    -0.012833    0.000000    0.000000  
10.871087    0.018576    0.000000    0.000000    -0.098227    0.000000    0.000000    -0.012352    0.000000    0.000000  
10.881088    0.017594    0.000000    0.000000    -0.098348    0.000000    0.000000    -0.011843    0.000000    0.000000  
10.891089    0.016610    0.000000    0.000000    -0.098464    0.000000    0.000000    -0.011299    0.000000    0.000000  
10.901090    0.015625    0.000000    0.000000    -0.098574    0.000000    0.000000    -0.010712    0.000000    0.000000  
10.911091    0.014638    0.000000    0.000000    -0.098678    0.000000    0.000000    -0.010078    0.000000    0.000000  
10.921092    0.013651    0.000000    0.000000    -0.098776    0.000000    0.000000    -0.009403    0.000000    0.000000  
10.931093    0.012662    0.000000    0.000000    -0.098867    0.000000    0.000000    -0.008695    0.000000    0.000000  
10.941094    0.011672    0.000000    0.000000    -0.098952    0.000000    0.000000    -0.007962    0.000000    0.000000  
10.951095    0.010682    0.000000    0.000000    -0.099029    0.000000    0.000000    -0.007212    0.000000    0.000000  
10.961096    0.009691    0.000000    0.000000    -0.099100    0.000000    0.000000    -0.006453    0.000000    0.000000  
10.971097    0.008699    0.000000    0.000000    -0.099162    0.000000    0.000000    -0.005693    0.000000    0.000000  
10.981098    0.007707    0.000000    0.000000    -0.099218    0.000000    0.000000    -0.004939    0.000000    0.000000  
10.991099    0.006714    0.000000    0.000000    -0.099265    0.000000    0.000000    -0.004201    0.000000    0.000000  
11.001100    0.005721    0.000000    0.000000    -0.099304    0.000000    0.000000    -0.003486    0.000000    0.000000  
11.011101    0.004728    0.000000    0.000000    -0.099334    0.000000    0.000000    -0.002798    0.000000    0.000000  
11.021102    0.003735    0.000000    0.000000    -0.099357    0.000000    0.000000    -0.002137    0.000000    0.000000  
11.031103    0.002741    0.000000    0.000000    -0.099372    0.000000    0.000000    -0.001497    0.000000    0.000000  
11.041104    0.001747    0.000000    0.000000    -0.099380    0.000000    0.000000    -0.000875    0.000000    0.000000  
11.051105    0.000754    0.000000    0.000000    -0.099382    0.000000    0.000000    -0.000268    0.000000    0.000000  
11.061106    -0.000240    0.000000    0.000000    -0.099377    0.000000    0.000000    0.000329    0.000000    0.000000  
11.071107    -0.001234    0.000000    0.000000    -0.099367    0.000000    0.000000    0.000920    0.000000    0.000000  
11.081108    -0.002227    0.000000    0.000000    -0.099351    0.000000    0.000000    0.001508    0.000000    0.000000  
11.091109    -0.003221    0.000000    0.000000    -0.099331    0.000000    0.000000    0.002098    0.000000    0.000000  
11.101110    -0.004214    0.000000    0.000000    -0.099306    0.000000    0.000000    0.002692    0.000000    0.000000  
11.111111    -0.005207    0.000000    0.000000    -0.099277    0.000000    0.000000    0.003295    0.000000    0.000000  
11.121112    -0.006200    0.000000    0.000000    -0.099244    0.000000    0.000000    0.003906    0.000000    0.000000  
11.131113    -0.007192    0.000000    0.000000    -0.099206    0.000000    0.000000    0.004526    0.000000    0.000000  
11.141114    -0.008184    0.000000    0.000000    -0.099162    0.000000    0.000000    0.005155    0.000000    0.000000  
11.151115    -0.009176    0.000000    0.000000    -0.099112    0.000000    0.000000    0.005793    0.000000    0.000000  
11.161116    -0.010167    0.000000    0.000000    -0.099056    0.000000    0.000000    0.006441    0.000000    0.000000  
11.171117    -0.011157    0.000000    0.000000    -0.098993    0.000000    0.000000    0.007097    0.000000    0.000000  
11.181118    -0.012147    0.000000    0.000000    -0.098922    0.000000    0.000000    0.007764    0.000000    0.000000  
11.191119    -0.013136    0.000000    0.000000    -0.098844    0.000000    0.000000    0.008440    0.000000    0.000000  
11.201120    -0.014124    0.000000    0.000000    -0.098757    0.000000    0.000000    0.009126    0.000000    0.000000  
11.211121    -0.015111    0.000000    0.000000    -0.098661    0.000000    0.000000    0.009821    0.000000    0.000000  
11.221122    -0.016097    0.000000    0.000000    -0.098556    0.000000    0.000000    0.010520    0.000000    0.000000  
11.231123    -0.017082    0.000000    0.000000    -0.098444    0.000000    0.000000    0.011219    0.000000    0.000000  
11.241124    -0.018066    0.000000    0.000000    -0.098325    0.000000    0.000000    0.011912    0.000000    0.000000  
11.251125    -0.019049    0.000000    0.000000    -0.098198    0.000000    0.000000    0.012593    0.000000    0.000000  
11.261126    -0.020031    0.000000    0.000000    -0.098065    0.000000    0.000000    0.013258    0.000000    0.000000  
11.271127    -0.021011    0.000000    0.000000    -0.097926    0.000000    0.000000    0.013902    0.000000    0.000000  
11.281128    -0.021990    0.000000    0.000000    -0.097782    0.000000    0.000000    0.014520    0.000000    0.000000  
11.291129    -0.022967    0.000000    0.000000    -0.097632    0.000000    0.000000    0.015106    0.000000    0.000000  
11.301130    -0.023943    0.000000    0.000000    -0.097478    0.000000    0.000000    0.015656    0.000000    0.000000  
11.311131    -0.024917    0.000000    0.000000    -0.097319    0.000000    0.000000    0.016167    0.000000    0.000000  
11.321132    -0.025889    0.000000    0.000000    -0.097156    0.000000    0.000000    0.016646    0.000000    0.000000  
11.331133    -0.026860    0.000000    0.000000    -0.096989    0.000000    0.000000    0.017101    0.000000    0.000000  
11.341134    -0.027829    0.000000    0.000000    -0.096817    0.000000    0.000000    0.017542    0.000000    0.000000  
11.351135    -0.028796    0.000000    0.000000    -0.096641    0.000000    0.000000    0.017975    0.000000    0.000000  
11.361136    -0.029761    0.000000    0.000000    -0.096460    0.000000    0.000000    0.018410    0.000000    0.000000  
11.371137    -0.030725    0.000000    0.000000    -0.096274    0.000000    0.000000    0.018856    0.000000    0.000000  
11.381138    -0.031686    0.000000    0.000000    -0.096083    0.000000    0.000000    0.019319    0.000000    0.000000  
11.391139    -0.032646    0.000000    0.000000    -0.095888    0.000000    0.000000    0.019809    0.000000    0.000000  
11.401140    -0.033604    0.000000    0.000000    -0.095687    0.000000    0.000000    0.020335    0.000000    0.000000  
11.411141    -0.034560    0.000000    0.000000    -0.095481    0.000000    0.000000    0.020901    0.000000    0.000000  
11.421142    -0.035514    0.000000    0.000000    -0.095269    0.000000    0.000000    0.021504    0.000000    0.000000  
11.431143    -0.036466    0.000000    0.000000    -0.095052    0.000000    0.000000    0.022140    0.000000    0.000000  
11.441144    -0.037416    0.000000    0.000000    -0.094828    0.000000    0.000000    0.022803    0.000000    0.000000  
11.451145    -0.038363    0.000000    0.000000    -0.094598    0.000000    0.000000    0.023490    0.000000    0.000000  
11.461146    -0.039308    0.000000    0.000000    -0.094362    0.000000    0.000000    0.024195    0.000000    0.000000  
11.471147    -0.040251    0.000000    0.000000    -0.094118    0.000000    0.000000    0.024914    0.000000    0.000000  
11.481148    -0.041191    0.000000    0.000000    -0.093867    0.000000    0.000000    0.025642    0.000000    0.000000  
11.491149    -0.042129    0.000000    0.000000    -0.093607    0.000000    0.000000    0.026375    0.000000    0.000000  
11.501150    -0.043064    0.000000    0.000000    -0.093340    0.000000    0.000000    0.027107    0.000000    0.000000  
11.511151    -0.043996    0.000000    0.000000    -0.093065    0.000000    0.000000    0.027834    0.000000    0.000000  
11.521152    -0.044925    0.000000    0.000000    -0.092782    0.000000    0.000000    0.028554    0.000000    0.000000  
11.531153    -0.045851    0.000000    0.000000    -0.092491    0.000000    0.000000    0.029263    0.000000    0.000000  
11.541154    -0.046775    0.000000    0.000000    -0.092193    0.000000    0.000000    0.029958    0.000000    0.000000  
11.551155    -0.047695    0.000000    0.000000    -0.091888    0.000000    0.000000    0.030636    0.000000    0.000000  
11.561156    -0.048612    0.000000    0.000000    -0.091576    0.000000    0.000000    0.031295    0.000000    0.000000  
11.571157    -0.049527    0.000000    0.000000    -0.091259    0.000000    0.000000    0.031932    0.000000    0.000000  
11.581158    -0.050438    0.000000    0.000000    -0.090935    0.000000    0.000000    0.032543    0.000000    0.000000  
11.591159    -0.051345    0.000000    0.000000    -0.090606    0.000000    0.000000    0.033125    0.000000    0.000000  
11.601160    -0.052250    0.000000    0.000000    -0.090272    0.000000    0.000000    0.033677    0.000000    0.000000  
11.611161    -0.053151    0.000000    0.000000    -0.089932    0.000000    0.000000    0.034195    0.000000    0.000000  
11.621162    -0.054049    0.000000    0.000000    -0.089589    0.000000    0.000000    0.034686    0.000000    0.000000  
11.631163    -0.054943    0.000000    0.000000    -0.089240    0.000000    0.000000    0.035153    0.000000    0.000000  
11.641164    -0.055834    0.000000    0.000000    -0.088887    0.000000    0.000000    0.035602    0.000000    0.000000  
11.651165    -0.056721    0.000000    0.000000    -0.088529    0.000000    0.000000    0.036038    0.000000    0.000000  
11.661166    -0.057605    0.000000    0.000000    -0.088166    0.000000    0.000000    0.036466    0.000000    0.000000  
11.671167    -0.058485    0.000000    0.000000    -0.087799    0.000000    0.000000    0.036891    0.000000    0.000000  
11.681168    -0.059361    0.000000    0.000000    -0.087428    0.000000    0.000000    0.037317    0.000000    0.000000  
11.691169    -0.060233    0.000000    0.000000    -0.087053    0.000000    0.000000    0.037751    0.000000    0.000000  
11.701170    -0.061102    0.000000    0.000000    -0.086673    0.000000    0.000000    0.038197    0.000000    0.000000  
11.711171    -0.061967    0.000000    0.000000    -0.086289    0.000000    0.000000    0.038658    0.000000    0.000000  
11.721172    -0.062828    0.000000    0.000000    -0.085900    0.000000    0.000000    0.039136    0.000000    0.000000  
11.731173    -0.063685    0.000000    0.000000    -0.085507    0.000000    0.000000    0.039630    0.000000    0.000000  
11.741174    -0.064538    0.000000    0.000000    -0.085109    0.000000    0.000000    0.040140    0.000000    0.000000  
11.751175    -0.065387    0.000000    0.000000    -0.084705    0.000000    0.000000    0.040665    0.000000    0.000000  
11.761176    -0.066232    0.000000    0.000000    -0.084297    0.000000    0.000000    0.041207    0.000000    0.000000  
11.771177    -0.067073    0.000000    0.000000    -0.083883    0.000000    0.000000    0.041763    0.000000    0.000000  
11.781178    -0.067910    0.000000    0.000000    -0.083463    0.000000    0.000000    0.042336    0.000000    0.000000  
11.791179    -0.068742    0.000000    0.000000    -0.083037    0.000000    0.000000    0.042923    0.000000    0.000000  
11.801180    -0.069571    0.000000    0.000000    -0.082605    0.000000    0.000000    0.043525    0.000000    0.000000  
11.811181    -0.070394    0.000000    0.000000    -0.082166    0.000000    0.000000    0.044141    0.000000    0.000000  
11.821182    -0.071214    0.000000    0.000000    -0.081721    0.000000    0.000000    0.044766    0.000000    0.000000  
11.831183    -0.072029    0.000000    0.000000    -0.081270    0.000000    0.000000    0.045395    0.000000    0.000000  
11.841184    -0.072840    0.000000    0.000000    -0.080813    0.000000    0.000000    0.046023    0.000000    0.000000  
11.851185    -0.073646    0.000000    0.000000    -0.080350    0.000000    0.000000    0.046644    0.000000    0.000000  
11.861186    -0.074447    0.000000    0.000000    -0.079881    0.000000    0.000000    0.047253    0.000000    0.000000  
11.871187    -0.075244    0.000000    0.000000    -0.079406    0.000000    0.000000    0.047845    0.000000    0.000000  
11.881188    -0.076036    0.000000    0.000000    -0.078925    0.000000    0.000000    0.048415    0.000000    0.000000  
11.891189    -0.076823    0.000000    0.000000    -0.078438    0.000000    0.000000    0.048958    0.000000    0.000000  
11.901190    -0.077605    0.000000    0.000000    -0.077946    0.000000    0.000000    0.049468    0.000000    0.000000  
11.911191    -0.078382    0.000000    0.000000    -0.077449    0.000000    0.000000    0.049942    0.000000    0.000000  
11.921192    -0.079154    0.000000    0.000000    -0.076946    0.000000    0.000000    0.050386    0.000000    0.000000  
11.931193    -0.079921    0.000000    0.000000    -0.076439    0.000000    0.000000    0.050804    0.000000    0.000000  
11.941194    -0.080683    0.000000    0.000000    -0.075927    0.000000    0.000000    0.051202    0.000000    0.000000  
11.951195    -0.081439    0.000000    0.000000    -0.075410    0.000000    0.000000    0.051585    0.000000    0.000000  
11.961196    -0.082191    0.000000    0.000000    -0.074890    0.000000    0.000000    0.051958    0.000000    0.000000  
11.971197    -0.082937    0.000000    0.000000    -0.074366    0.000000    0.000000    0.052328    0.000000    0.000000  
11.981198    -0.083678    0.000000    0.000000    -0.073839    0.000000    0.000000    0.052700    0.000000    0.000000  
11.991199    -0.084414    0.000000    0.000000    -0.073308    0.000000    0.000000    0.053079    0.000000    0.000000  
12.001200    -0.085144    0.000000    0.000000    -0.072775    0.000000    0.000000    0.053470    0.000000    0.000000  
12.011201    -0.085869    0.000000    0.000000    -0.072239    0.000000    0.000000    0.053878    0.000000    0.000000  
12.021202    -0.086589    0.000000    0.000000    -0.071700    0.000000    0.000000    0.054300    0.000000    0.000000  
12.031203    -0.087304    0.000000    0.000000    -0.071158    0.000000    0.000000    0.054736    0.000000    0.000000  
12.041204    -0.088012    0.000000    0.000000    -0.070612    0.000000    0.000000    0.055182    0.000000    0.000000  
12.051205    -0.088716    0.000000    0.000000    -0.070062    0.000000    0.000000    0.055636    0.000000    0.000000  
12.061206    -0.089414    0.000000    0.000000    -0.069507    0.000000    0.000000    0.056097    0.000000    0.000000  
12.071207    -0.090106    0.000000    0.000000    -0.068947    0.000000    0.000000    0.056561    0.000000    0.000000  
12.081208    -0.090793    0.000000    0.000000    -0.068382    0.000000    0.000000    0.057027    0.000000    0.000000  
12.091209    -0.091474    0.000000    0.000000    -0.067812    0.000000    0.000000    0.057493    0.000000    0.000000  
12.101210    -0.092149    0.000000    0.000000    -0.067235    0.000000    0.000000    0.057956    0.000000    0.000000  
12.111211    -0.092819    0.000000    0.000000    -0.066652    0.000000    0.000000    0.058415    0.000000    0.000000  
12.121212    -0.093482    0.000000    0.000000    -0.066063    0.000000    0.000000    0.058868    0.000000    0.000000  
12.131213    -0.094140    0.000000    0.000000    -0.065469    0.000000    0.000000    0.059315    0.000000    0.000000  
12.141214    -0.094792    0.000000    0.000000    -0.064869    0.000000    0.000000    0.059755    0.000000    0.000000  
12.151215    -0.095438    0.000000    0.000000    -0.064265    0.000000    0.000000    0.060188    0.000000    0.000000  
12.161216    -0.096078    0.000000    0.000000    -0.063657    0.000000    0.000000    0.060612    0.000000    0.000000  
12.171217    -0.096712    0.000000    0.000000    -0.063045    0.000000    0.000000    0.061027    0.000000    0.000000  
12.181218    -0.097339    0.000000    0.000000    -0.062429    0.000000    0.000000    0.061431    0.000000    0.000000  
12.191219    -0.097961    0.000000    0.000000    -0.061811    0.000000    0.000000    0.061825    0.000000    0.000000  
12.201220    -0.098576    0.000000    0.000000    -0.061190    0.000000    0.000000    0.062208    0.000000    0.000000  
12.211221    -0.099185    0.000000    0.000000    -0.060567    0.000000    0.000000    0.062579    0.000000    0.000000  
12.221222    -0.099787    0.000000    0.000000    -0.059942    0.000000    0.000000    0.062942    0.000000    0.000000  
12.231223    -0.100383    0.000000    0.000000    -0.059313    0.000000    0.000000    0.063299    0.000000    0.000000  
12.241224    -0.100973    0.000000    0.000000    -0.058682    0.000000    0.000000    0.063654    0.000000    0.000000  
12.251225    -0.101556    0.000000    0.000000    -0.058047    0.000000    0.000000    0.064011    0.000000    0.000000  
12.261226    -0.102133    0.000000    0.000000    -0.057408    0.000000    0.000000    0.064372    0.000000    0.000000  
12.271227    -0.102704    0.000000    0.000000    -0.056766    0.000000    0.000000    0.064741    0.000000    0.000000  
12.281228    -0.103268    0.000000    0.000000    -0.056119    0.000000    0.000000    0.065120    0.000000    0.000000  
12.291229    -0.103826    0.000000    0.000000    -0.055467    0.000000    0.000000    0.065514    0.000000    0.000000  
12.301230    -0.104377    0.000000    0.000000    -0.054810    0.000000    0.000000    0.065926    0.000000    0.000000  
12.311231    -0.104922    0.000000    0.000000    -0.054148    0.000000    0.000000    0.066355    0.000000    0.000000  
12.321232    -0.105461    0.000000    0.000000    -0.053481    0.000000    0.000000    0.066797    0.000000    0.000000  
12.331233    -0.105992    0.000000    0.000000    -0.052809    0.000000    0.000000    0.067242    0.000000    0.000000  
12.341234    -0.106518    0.000000    0.000000    -0.052133    0.000000    0.000000    0.067685    0.000000    0.000000  
12.351235    -0.107036    0.000000    0.000000    -0.051452    0.000000    0.000000    0.068116    0.000000    0.000000  
12.361236    -0.107548    0.000000    0.000000    -0.050768    0.000000    0.000000    0.068529    0.000000    0.000000  
12.371237    -0.108052    0.000000    0.000000    -0.050080    0.000000    0.000000    0.068915    0.000000    0.000000  
12.381238    -0.108550    0.000000    0.000000    -0.049389    0.000000    0.000000    0.069268    0.000000    0.000000  
12.391239    -0.109041    0.000000    0.000000    -0.048694    0.000000    0.000000    0.069580    0.000000    0.000000  
12.401240    -0.109524    0.000000    0.000000    -0.047997    0.000000    0.000000    0.069842    0.000000    0.000000  
12.411241    -0.110001    0.000000    0.000000    -0.047297    0.000000    0.000000    0.070053    0.000000    0.000000  
12.421242    -0.110470    0.000000    0.000000    -0.046595    0.000000    0.000000    0.070218    0.000000    0.000000  
12.431243    -0.110932    0.000000    0.000000    -0.045891    0.000000    0.000000    0.070348    0.000000    0.000000  
12.441244    -0.111387    0.000000    0.000000    -0.045186    0.000000    0.000000    0.070453    0.000000    0.000000  
12.451245    -0.111835    0.000000    0.000000    -0.044479    0.000000    0.000000    0.070541    0.000000    0.000000  
12.461246    -0.112276    0.000000    0.000000    -0.043770    0.000000    0.000000    0.070623    0.000000    0.000000  
12.471247    -0.112710    0.000000    0.000000    -0.043061    0.000000    0.000000    0.070708    0.000000    0.000000  
12.481248    -0.113136    0.000000    0.000000    -0.042351    0.000000    0.000000    0.070806    0.000000    0.000000  
12.491249    -0.113556    0.000000    0.000000    -0.041640    0.000000    0.000000    0.070925    0.000000    0.000000  
12.501250    -0.113969    0.000000    0.000000    -0.040930    0.000000    0.000000    0.071077    0.000000    0.000000  
12.511251    -0.114375    0.000000    0.000000    -0.040219    0.000000    0.000000    0.071266    0.000000    0.000000  
12.521252    -0.114774    0.000000    0.000000    -0.039508    0.000000    0.000000    0.071490    0.000000    0.000000  
12.531253    -0.115166    0.000000    0.000000    -0.038795    0.000000    0.000000    0.071745    0.000000    0.000000  
12.541254    -0.115550    0.000000    0.000000    -0.038081    0.000000    0.000000    0.072024    0.000000    0.000000  
12.551255    -0.115928    0.000000    0.000000    -0.037364    0.000000    0.000000    0.072325    0.000000    0.000000  
12.561256    -0.116298    0.000000    0.000000    -0.036645    0.000000    0.000000    0.072641    0.000000    0.000000  
12.571257    -0.116661    0.000000    0.000000    -0.035921    0.000000    0.000000    0.072969    0.000000    0.000000  
12.581258    -0.117017    0.000000    0.000000    -0.035194    0.000000    0.000000    0.073303    0.000000    0.000000  
12.591259    -0.117366    0.000000    0.000000    -0.034462    0.000000    0.000000    0.073639    0.000000    0.000000  
12.601260    -0.117707    0.000000    0.000000    -0.033725    0.000000    0.000000    0.073972    0.000000    0.000000  
12.611261    -0.118040    0.000000    0.000000    -0.032982    0.000000    0.000000    0.074299    0.000000    0.000000  
12.621262    -0.118366    0.000000    0.000000    -0.032234    0.000000    0.000000    0.074617    0.000000    0.000000  
12.631263    -0.118685    0.000000    0.000000    -0.031481    0.000000    0.000000    0.074927    0.000000    0.000000  
12.641264    -0.118996    0.000000    0.000000    -0.030725    0.000000    0.000000    0.075227    0.000000    0.000000  
12.651265    -0.119299    0.000000    0.000000    -0.029965    0.000000    0.000000    0.075517    0.000000    0.000000  
12.661266    -0.119595    0.000000    0.000000    -0.029203    0.000000    0.000000    0.075795    0.000000    0.000000  
12.671267    -0.119883    0.000000    0.000000    -0.028438    0.000000    0.000000    0.076061    0.000000    0.000000  
12.681268    -0.120164    0.000000    0.000000    -0.027672    0.000000    0.000000    0.076314    0.000000    0.000000  
12.691269    -0.120437    0.000000    0.000000    -0.026904    0.000000    0.000000    0.076553    0.000000    0.000000  
12.701270    -0.120702    0.000000    0.000000    -0.026137    0.000000    0.000000    0.076777    0.000000    0.000000  
12.711271    -0.120959    0.000000    0.000000    -0.025369    0.000000    0.000000    0.076984    0.000000    0.000000  
12.721272    -0.121209    0.000000    0.000000    -0.024602    0.000000    0.000000    0.077174    0.000000    0.000000  
12.731273    -0.121451    0.000000    0.000000    -0.023834    0.000000    0.000000    0.077344    0.000000    0.000000  
12.741274    -0.121686    0.000000    0.000000    -0.023065    0.000000    0.000000    0.077491    0.000000    0.000000  
12.751275    -0.121913    0.000000    0.000000    -0.022296    0.000000    0.000000    0.077614    0.000000    0.000000  
12.761276    -0.122132    0.000000    0.000000    -0.021525    0.000000    0.000000    0.077709    0.000000    0.000000  
12.771277    -0.122343    0.000000    0.000000    -0.020754    0.000000    0.000000    0.077776    0.000000    0.000000  
12.781278    -0.122546    0.000000    0.000000    -0.019980    0.000000    0.000000    0.077812    0.000000    0.000000  
12.791279    -0.122742    0.000000    0.000000    -0.019205    0.000000    0.000000    0.077814    0.000000    0.000000  
12.801280    -0.122930    0.000000    0.000000    -0.018428    0.000000    0.000000    0.077780    0.000000    0.000000  
12.811281    -0.123111    0.000000    0.000000    -0.017649    0.000000    0.000000    0.077711    0.000000    0.000000  
12.821282    -0.123284    0.000000    0.000000    -0.016868    0.000000    0.000000    0.077607    0.000000    0.000000  
12.831283    -0.123449    0.000000    0.000000    -0.016087    0.000000    0.000000    0.077471    0.000000    0.000000  
12.841284    -0.123606    0.000000    0.000000    -0.015307    0.000000    0.000000    0.077308    0.000000    0.000000  
12.851285    -0.123755    0.000000    0.000000    -0.014527    0.000000    0.000000    0.077119    0.000000    0.000000  
12.861286    -0.123897    0.000000    0.000000    -0.013750    0.000000    0.000000    0.076908    0.000000    0.000000  
12.871287    -0.124031    0.000000    0.000000    -0.012975    0.000000    0.000000    0.076677    0.000000    0.000000  
12.881288    -0.124157    0.000000    0.000000    -0.012204    0.000000    0.000000    0.076430    0.000000    0.000000  
12.891289    -0.124276    0.000000    0.000000    -0.011437    0.000000    0.000000    0.076168    0.000000    0.000000  
12.901290    -0.124386    0.000000    0.000000    -0.010675    0.000000    0.000000    0.075897    0.000000    0.000000  
12.911291    -0.124489    0.000000    0.000000    -0.009919    0.000000    0.000000    0.075620    0.000000    0.000000  
12.921292    -0.124584    0.000000    0.000000    -0.009168    0.000000    0.000000    0.075355    0.000000    0.000000  
12.931293    -0.124672    0.000000    0.000000    -0.008421    0.000000    0.000000    0.075119    0.000000    0.000000  
12.941294    -0.124752    0.000000    0.000000    -0.007675    0.000000    0.000000    0.074928    0.000000    0.000000  
12.951295    -0.124824    0.000000    0.000000    -0.006931    0.000000    0.000000    0.074801    0.000000    0.000000  
12.961296    -0.124889    0.000000    0.000000    -0.006187    0.000000    0.000000    0.074754    0.000000    0.000000  
12.971297    -0.124946    0.000000    0.000000    -0.005442    0.000000    0.000000    0.074804    0.000000    0.000000  
12.981298    -0.124996    0.000000    0.000000    -0.004695    0.000000    0.000000    0.074969    0.000000    0.000000  
12.991299    -0.125039    0.000000    0.000000    -0.003945    0.000000    0.000000    0.075267    0.000000    0.000000  
13.001300    -0.125075    0.000000    0.000000    -0.003191    0.000000    0.000000    0.075713    0.000000    0.000000  
13.011301    -0.125103    0.000000    0.000000    -0.002430    0.000000    0.000000    0.076315    0.000000    0.000000  
13.021302    -0.125124    0.000000    0.000000    -0.001664    0.000000    0.000000    0.077047    0.000000    0.000000  
13.031303    -0.125138    0.000000    0.000000    -0.000892    0.000000    0.000000    0.077879    0.000000    0.000000  
13.041304    -0.125143    0.000000    0.000000    -0.000112    0.000000    0.000000    0.078780    0.000000    0.000000  
13.051305    -0.125141    0.000000    0.000000    0.000676    0.000000    0.000000    0.079721    0.000000    0.000000  
13.061306    -0.125132    0.000000    0.000000    0.001472    0.000000    0.000000    0.080671    0.000000    0.000000  
13.071307    -0.125114    0.000000    0.000000    0.002276    0.000000    0.000000    0.081599    0.000000    0.000000  
13.081308    -0.125087    0.000000    0.000000    0.003091    0.000000    0.000000    0.082476    0.000000    0.000000  
13.091309    -0.125053    0.000000    0.000000    0.003915    0.000000    0.000000    0.083271    0.000000    0.000000  
13.101310    -0.125009    0.000000    0.000000    0.004750    0.000000    0.000000    0.083955    0.000000    0.000000  
13.111311    -0.124958    0.000000    0.000000    0.005595    0.000000    0.000000    0.084503    0.000000    0.000000  
13.121312    -0.124897    0.000000    0.000000    0.006449    0.000000    0.000000    0.084914    0.000000    0.000000  
13.131313    -0.124828    0.000000    0.000000    0.007308    0.000000    0.000000    0.085188    0.000000    0.000000  
13.141314    -0.124750    0.000000    0.000000    0.008172    0.000000    0.000000    0.085326    0.000000    0.000000  
13.151315    -0.124664    0.000000    0.000000    0.009037    0.000000    0.000000    0.085328    0.000000    0.000000  
13.161316    -0.124569    0.000000    0.000000    0.009902    0.000000    0.000000    0.085196    0.000000    0.000000  
13.171317    -0.124465    0.000000    0.000000    0.010763    0.000000    0.000000    0.084930    0.000000    0.000000  
13.181318    -0.124353    0.000000    0.000000    0.011620    0.000000    0.000000    0.084531    0.000000    0.000000  
13.191319    -0.124233    0.000000    0.000000    0.012468    0.000000    0.000000    0.083999    0.000000    0.000000  
13.201320    -0.124104    0.000000    0.000000    0.013307    0.000000    0.000000    0.083335    0.000000    0.000000  
13.211321    -0.123967    0.000000    0.000000    0.014134    0.000000    0.000000    0.082548    0.000000    0.000000  
13.221322    -0.123821    0.000000    0.000000    0.014949    0.000000    0.000000    0.081661    0.000000    0.000000  
13.231323    -0.123667    0.000000    0.000000    0.015754    0.000000    0.000000    0.080706    0.000000    0.000000  
13.241324    -0.123506    0.000000    0.000000    0.016550    0.000000    0.000000    0.079709    0.000000    0.000000  
13.251325    -0.123336    0.000000    0.000000    0.017335    0.000000    0.000000    0.078701    0.000000    0.000000  
13.261326    -0.123158    0.000000    0.000000    0.018112    0.000000    0.000000    0.077710    0.000000    0.000000  
13.271327    -0.122973    0.000000    0.000000    0.018881    0.000000    0.000000    0.076765    0.000000    0.000000  
13.281328    -0.122780    0.000000    0.000000    0.019642    0.000000    0.000000    0.075896    0.000000    0.000000  
13.291329    -0.122580    0.000000    0.000000    0.020396    0.000000    0.000000    0.075130    0.000000    0.000000  
13.301330    -0.122372    0.000000    0.000000    0.021144    0.000000    0.000000    0.074497    0.000000    0.000000  
13.311331    -0.122157    0.000000    0.000000    0.021887    0.000000    0.000000    0.074015    0.000000    0.000000  
13.321332    -0.121934    0.000000    0.000000    0.022625    0.000000    0.000000    0.073672    0.000000    0.000000  
13.331333    -0.121705    0.000000    0.000000    0.023359    0.000000    0.000000    0.073452    0.000000    0.000000  
13.341334    -0.121468    0.000000    0.000000    0.024090    0.000000    0.000000    0.073338    0.000000    0.000000  
13.351335    -0.121223    0.000000    0.000000    0.024821    0.000000    0.000000    0.073314    0.000000    0.000000  
13.361336    -0.120972    0.000000    0.000000    0.025550    0.000000    0.000000    0.073364    0.000000    0.000000  
13.371337    -0.120713    0.000000    0.000000    0.026280    0.000000    0.000000    0.073471    0.000000    0.000000  
13.381338    -0.120446    0.000000    0.000000    0.027012    0.000000    0.000000    0.073618    0.000000    0.000000  
13.391339    -0.120173    0.000000    0.000000    0.027747    0.000000    0.000000    0.073790    0.000000    0.000000  
13.401340    -0.119891    0.000000    0.000000    0.028485    0.000000    0.000000    0.073970    0.000000    0.000000  
13.411341    -0.119603    0.000000    0.000000    0.029227    0.000000    0.000000    0.074143    0.000000    0.000000  
13.421342    -0.119307    0.000000    0.000000    0.029973    0.000000    0.000000    0.074301    0.000000    0.000000  
13.431343    -0.119003    0.000000    0.000000    0.030721    0.000000    0.000000    0.074436    0.000000    0.000000  
13.441344    -0.118692    0.000000    0.000000    0.031471    0.000000    0.000000    0.074541    0.000000    0.000000  
13.451345    -0.118374    0.000000    0.000000    0.032222    0.000000    0.000000    0.074609    0.000000    0.000000  
13.461346    -0.118048    0.000000    0.000000    0.032974    0.000000    0.000000    0.074631    0.000000    0.000000  
13.471347    -0.117715    0.000000    0.000000    0.033724    0.000000    0.000000    0.074601    0.000000    0.000000  
13.481348    -0.117374    0.000000    0.000000    0.034473    0.000000    0.000000    0.074510    0.000000    0.000000  
13.491349    -0.117026    0.000000    0.000000    0.035219    0.000000    0.000000    0.074352    0.000000    0.000000  
13.501350    -0.116670    0.000000    0.000000    0.035962    0.000000    0.000000    0.074118    0.000000    0.000000  
13.511351    -0.116306    0.000000    0.000000    0.036701    0.000000    0.000000    0.073807    0.000000    0.000000  
13.521352    -0.115935    0.000000    0.000000    0.037436    0.000000    0.000000    0.073431    0.000000    0.000000  
13.531353    -0.115557    0.000000    0.000000    0.038167    0.000000    0.000000    0.073007    0.000000    0.000000  
13.541354    -0.115171    0.000000    0.000000    0.038894    0.000000    0.000000    0.072551    0.000000    0.000000  
13.551355    -0.114779    0.000000    0.000000    0.039616    0.000000    0.000000    0.072077    0.000000    0.000000  
13.561356    -0.114378    0.000000    0.000000    0.040335    0.000000    0.000000    0.071602    0.000000    0.000000  
13.571357    -0.113971    0.000000    0.000000    0.041049    0.000000    0.000000    0.071141    0.000000    0.000000  
13.581358    -0.113557    0.000000    0.000000    0.041759    0.000000    0.000000    0.070710    0.000000    0.000000  
13.591359    -0.113136    0.000000    0.000000    0.042466    0.000000    0.000000    0.070325    0.000000    0.000000  
13.601360    -0.112707    0.000000    0.000000    0.043168    0.000000    0.000000    0.070001    0.000000    0.000000  
13.611361    -0.112272    0.000000    0.000000    0.043865    0.000000    0.000000    0.069747    0.000000    0.000000  
13.621362    -0.111830    0.000000    0.000000    0.044560    0.000000    0.000000    0.069556    0.000000    0.000000  
13.631363    -0.111381    0.000000    0.000000    0.045252    0.000000    0.000000    0.069414    0.000000    0.000000  
13.641364    -0.110925    0.000000    0.000000    0.045941    0.000000    0.000000    0.069310    0.000000    0.000000  
13.651365    -0.110463    0.000000    0.000000    0.046629    0.000000    0.000000    0.069234    0.000000    0.000000  
13.661366    -0.109993    0.000000    0.000000    0.047315    0.000000    0.000000    0.069172    0.000000    0.000000  
13.671367    -0.109517    0.000000    0.000000    0.048001    0.000000    0.000000    0.069114    0.000000    0.000000  
13.681368    -0.109033    0.000000    0.000000    0.048688    0.000000    0.000000    0.069048    0.000000    0.000000  
13.691369    -0.108543    0.000000    0.000000    0.049374    0.000000    0.000000    0.068962    0.000000    0.000000  
13.701370    -0.108046    0.000000    0.000000    0.050063    0.000000    0.000000    0.068845    0.000000    0.000000  
13.711371    -0.107542    0.000000    0.000000    0.050752    0.000000    0.000000    0.068687    0.000000    0.000000  
13.721372    -0.107031    0.000000    0.000000    0.051442    0.000000    0.000000    0.068488    0.000000    0.000000  
13.731373    -0.106513    0.000000    0.000000    0.052132    0.000000    0.000000    0.068247    0.000000    0.000000  
13.741374    -0.105988    0.000000    0.000000    0.052820    0.000000    0.000000    0.067964    0.000000    0.000000  
13.751375    -0.105456    0.000000    0.000000    0.053506    0.000000    0.000000    0.067639    0.000000    0.000000  
13.761376    -0.104918    0.000000    0.000000    0.054188    0.000000    0.000000    0.067271    0.000000    0.000000  
13.771377    -0.104373    0.000000    0.000000    0.054866    0.000000    0.000000    0.066861    0.000000    0.000000  
13.781378    -0.103821    0.000000    0.000000    0.055538    0.000000    0.000000    0.066409    0.000000    0.000000  
13.791379    -0.103262    0.000000    0.000000    0.056203    0.000000    0.000000    0.065914    0.000000    0.000000  
13.801380    -0.102697    0.000000    0.000000    0.056861    0.000000    0.000000    0.065376    0.000000    0.000000  
13.811381    -0.102125    0.000000    0.000000    0.057510    0.000000    0.000000    0.064797    0.000000    0.000000  
13.821382    -0.101546    0.000000    0.000000    0.058151    0.000000    0.000000    0.064189    0.000000    0.000000  
13.831383    -0.100961    0.000000    0.000000    0.058785    0.000000    0.000000    0.063562    0.000000    0.000000  
13.841384    -0.100370    0.000000    0.000000    0.059412    0.000000    0.000000    0.062927    0.000000    0.000000  
13.851385    -0.099772    0.000000    0.000000    0.060033    0.000000    0.000000    0.062297    0.000000    0.000000  
13.861386    -0.099168    0.000000    0.000000    0.060648    0.000000    0.000000    0.061681    0.000000    0.000000  
13.871387    -0.098558    0.000000    0.000000    0.061258    0.000000    0.000000    0.061093    0.000000    0.000000  
13.881388    -0.097942    0.000000    0.000000    0.061863    0.000000    0.000000    0.060542    0.000000    0.000000  
13.891389    -0.097320    0.000000    0.000000    0.062464    0.000000    0.000000    0.060041    0.000000    0.000000  
13.901390    -0.096692    0.000000    0.000000    0.063062    0.000000    0.000000    0.059600    0.000000    0.000000  
13.911391    -0.096059    0.000000    0.000000    0.063657    0.000000    0.000000    0.059226    0.000000    0.000000  
13.921392    -0.095420    0.000000    0.000000    0.064249    0.000000    0.000000    0.058910    0.000000    0.000000  
13.931393    -0.094774    0.000000    0.000000    0.064838    0.000000    0.000000    0.058640    0.000000    0.000000  
13.941394    -0.094124    0.000000    0.000000    0.065424    0.000000    0.000000    0.058406    0.000000    0.000000  
13.951395    -0.093467    0.000000    0.000000    0.066008    0.000000    0.000000    0.058197    0.000000    0.000000  
13.961396    -0.092804    0.000000    0.000000    0.066589    0.000000    0.000000    0.058000    0.000000    0.000000  
13.971397    -0.092136    0.000000    0.000000    0.067168    0.000000    0.000000    0.057806    0.000000    0.000000  
13.981398    -0.091462    0.000000    0.000000    0.067745    0.000000    0.000000    0.057603    0.000000    0.000000  
13.991399    -0.090782    0.000000    0.000000    0.068320    0.000000    0.000000    0.057379    0.000000    0.000000  
14.001400    -0.090096    0.000000    0.000000    0.068892    0.000000    0.000000    0.057125    0.000000    0.000000  
14.011401    -0.089404    0.000000    0.000000    0.069462    0.000000    0.000000    0.056831    0.000000    0.000000  
14.021402    -0.088706    0.000000    0.000000    0.070030    0.000000    0.000000    0.056501    0.000000    0.000000  
14.031403    -0.088002    0.000000    0.000000    0.070595    0.000000    0.000000    0.056138    0.000000    0.000000  
14.041404    -0.087293    0.000000    0.000000    0.071157    0.000000    0.000000    0.055746    0.000000    0.000000  
14.051405    -0.086578    0.000000    0.000000    0.071714    0.000000    0.000000    0.055327    0.000000    0.000000  
14.061406    -0.085858    0.000000    0.000000    0.072268    0.000000    0.000000    0.054886    0.000000    0.000000  
14.071407    -0.085132    0.000000    0.000000    0.072817    0.000000    0.000000    0.054427    0.000000    0.000000  
14.081408    -0.084401    0.000000    0.000000    0.073361    0.000000    0.000000    0.053953    0.000000    0.000000  
14.091409    -0.083664    0.000000    0.000000    0.073900    0.000000    0.000000    0.053467    0.000000    0.000000  
14.101410    -0.082922    0.000000    0.000000    0.074432    0.000000    0.000000    0.052973    0.000000    0.000000  
14.111411    -0.082175    0.000000    0.000000    0.074959    0.000000    0.000000    0.052473    0.000000    0.000000  
14.121412    -0.081423    0.000000    0.000000    0.075479    0.000000    0.000000    0.051968    0.000000    0.000000  
14.131413    -0.080666    0.000000    0.000000    0.075994    0.000000    0.000000    0.051454    0.000000    0.000000  
14.141414    -0.079904    0.000000    0.000000    0.076503    0.000000    0.000000    0.050932    0.000000    0.000000  
14.151415    -0.079137    0.000000    0.000000    0.077006    0.000000    0.000000    0.050400    0.000000    0.000000  
14.161416    -0.078364    0.000000    0.000000    0.077504    0.000000    0.000000    0.049855    0.000000    0.000000  
14.171417    -0.077587    0.000000    0.000000    0.077997    0.000000    0.000000    0.049298    0.000000    0.000000  
14.181418    -0.076805    0.000000    0.000000    0.078484    0.000000    0.000000    0.048726    0.000000    0.000000  
14.191419    -0.076017    0.000000    0.000000    0.078967    0.000000    0.000000    0.048139    0.000000    0.000000  
14.201420    -0.075225    0.000000    0.000000    0.079445    0.000000    0.000000    0.047534    0.000000    0.000000  
14.211421    -0.074428    0.000000    0.000000    0.079918    0.000000    0.000000    0.046912    0.000000    0.000000  
14.221422    -0.073627    0.000000    0.000000    0.080386    0.000000    0.000000    0.046277    0.000000    0.000000  
14.231423    -0.072820    0.000000    0.000000    0.080849    0.000000    0.000000    0.045633    0.000000    0.000000  
14.241424    -0.072009    0.000000    0.000000    0.081306    0.000000    0.000000    0.044983    0.000000    0.000000  
14.251425    -0.071193    0.000000    0.000000    0.081757    0.000000    0.000000    0.044332    0.000000    0.000000  
14.261426    -0.070373    0.000000    0.000000    0.082202    0.000000    0.000000    0.043685    0.000000    0.000000  
14.271427    -0.069549    0.000000    0.000000    0.082640    0.000000    0.000000    0.043044    0.000000    0.000000  
14.281428    -0.068720    0.000000    0.000000    0.083071    0.000000    0.000000    0.042415    0.000000    0.000000  
14.291429    -0.067887    0.000000    0.000000    0.083495    0.000000    0.000000    0.041802    0.000000    0.000000  
14.301430    -0.067050    0.000000    0.000000    0.083910    0.000000    0.000000    0.041208    0.000000    0.000000  
14.311431    -0.066209    0.000000    0.000000    0.084318    0.000000    0.000000    0.040637    0.000000    0.000000  
14.321432    -0.065363    0.000000    0.000000    0.084719    0.000000    0.000000    0.040089    0.000000    0.000000  
14.331433    -0.064514    0.000000    0.000000    0.085113    0.000000    0.000000    0.039565    0.000000    0.000000  
14.341434    -0.063661    0.000000    0.000000    0.085501    0.000000    0.000000    0.039066    0.000000    0.000000  
14.351435    -0.062804    0.000000    0.000000    0.085884    0.000000    0.000000    0.038591    0.000000    0.000000  
14.361436    -0.061943    0.000000    0.000000    0.086263    0.000000    0.000000    0.038141    0.000000    0.000000  
14.371437    -0.061079    0.000000    0.000000    0.086637    0.000000    0.000000    0.037716    0.000000    0.000000  
14.381438    -0.060210    0.000000    0.000000    0.087008    0.000000    0.000000    0.037316    0.000000    0.000000  
14.391439    -0.059338    0.000000    0.000000    0.087377    0.000000    0.000000    0.036942    0.000000    0.000000  
14.401440    -0.058463    0.000000    0.000000    0.087744    0.000000    0.000000    0.036594    0.000000    0.000000  
14.411441    -0.057583    0.000000    0.000000    0.088110    0.000000    0.000000    0.036270    0.000000    0.000000  
14.421442    -0.056700    0.000000    0.000000    0.088473    0.000000    0.000000    0.035960    0.000000    0.000000  
14.431443    -0.055814    0.000000    0.000000    0.088835    0.000000    0.000000    0.035653    0.000000    0.000000  
14.441444    -0.054924    0.000000    0.000000    0.089193    0.000000    0.000000    0.035338    0.000000    0.000000  
14.451445    -0.054030    0.000000    0.000000    0.089548    0.000000    0.000000    0.035004    0.000000    0.000000  
14.461446    -0.053133    0.000000    0.000000    0.089899    0.000000    0.000000    0.034641    0.000000    0.000000  
14.471447    -0.052233    0.000000    0.000000    0.090246    0.000000    0.000000    0.034238    0.000000    0.000000  
14.481448    -0.051329    0.000000    0.000000    0.090587    0.000000    0.000000    0.033783    0.000000    0.000000  
14.491449    -0.050421    0.000000    0.000000    0.090923    0.000000    0.000000    0.033267    0.000000    0.000000  
14.501450    -0.049510    0.000000    0.000000    0.091253    0.000000    0.000000    0.032677    0.000000    0.000000  
14.511451    -0.048596    0.000000    0.000000    0.091577    0.000000    0.000000    0.032010    0.000000    0.000000  
14.521452    -0.047678    0.000000    0.000000    0.091893    0.000000    0.000000    0.031276    0.000000    0.000000  
14.531453    -0.046757    0.000000    0.000000    0.092203    0.000000    0.000000    0.030488    0.000000    0.000000  
14.541454    -0.045833    0.000000    0.000000    0.092505    0.000000    0.000000    0.029660    0.000000    0.000000  
14.551455    -0.044907    0.000000    0.000000    0.092799    0.000000    0.000000    0.028804    0.000000    0.000000  
14.561456    -0.043977    0.000000    0.000000    0.093085    0.000000    0.000000    0.027935    0.000000    0.000000  
14.571457    -0.043044    0.000000    0.000000    0.093362    0.000000    0.000000    0.027064    0.000000    0.000000  
14.581458    -0.042109    0.000000    0.000000    0.093631    0.000000    0.000000    0.026207    0.000000    0.000000  
14.591459    -0.041171    0.000000    0.000000    0.093891    0.000000    0.000000    0.025375    0.000000    0.000000  
14.601460    -0.040231    0.000000    0.000000    0.094141    0.000000    0.000000    0.024582    0.000000    0.000000  
14.611461    -0.039288    0.000000    0.000000    0.094382    0.000000    0.000000    0.023838    0.000000    0.000000  
14.621462    -0.038343    0.000000    0.000000    0.094614    0.000000    0.000000    0.023141    0.000000    0.000000  
14.631463    -0.037396    0.000000    0.000000    0.094838    0.000000    0.000000    0.022490    0.000000    0.000000  
14.641464    -0.036446    0.000000    0.000000    0.095056    0.000000    0.000000    0.021881    0.000000    0.000000  
14.651465    -0.035495    0.000000    0.000000    0.095266    0.000000    0.000000    0.021313    0.000000    0.000000  
14.661466    -0.034541    0.000000    0.000000    0.095472    0.000000    0.000000    0.020783    0.000000    0.000000  
14.671467    -0.033585    0.000000    0.000000    0.095672    0.000000    0.000000    0.020288    0.000000    0.000000  
14.681468    -0.032627    0.000000    0.000000    0.095869    0.000000    0.000000    0.019826    0.000000    0.000000  
14.691469    -0.031668    0.000000    0.000000    0.096063    0.000000    0.000000    0.019395    0.000000    0.000000  
14.701470    -0.030706    0.000000    0.000000    0.096254    0.000000    0.000000    0.018993    0.000000    0.000000  
14.711471    -0.029742    0.000000    0.000000    0.096443    0.000000    0.000000    0.018614    0.000000    0.000000  
14.721472    -0.028777    0.000000    0.000000    0.096630    0.000000    0.000000    0.018250    0.000000    0.000000  
14.731473    -0.027810    0.000000    0.000000    0.096814    0.000000    0.000000    0.017888    0.000000    0.000000  
14.741474    -0.026841    0.000000    0.000000    0.096995    0.000000    0.000000    0.017520    0.000000    0.000000  
14.751475    -0.025870    0.000000    0.000000    0.097172    0.000000    0.000000    0.017133    0.000000    0.000000  
14.761476    -0.024898    0.000000    0.000000    0.097344    0.000000    0.000000    0.016718    0.000000    0.000000  
14.771477    -0.023924    0.000000    0.000000    0.097512    0.000000    0.000000    0.016263    0.000000    0.000000  
14.781478    -0.022948    0.000000    0.000000    0.097674    0.000000    0.000000    0.015758    0.000000    0.000000  
14.791479    -0.021970    0.000000    0.000000    0.097829    0.000000    0.000000    0.015193    0.000000    0.000000  
14.801480    -0.020991    0.000000    0.000000    0.097978    0.000000    0.000000    0.014557    0.000000    0.000000  
14.811481    -0.020011    0.000000    0.000000    0.098120    0.000000    0.000000    0.013844    0.000000    0.000000  
14.821482    -0.019028    0.000000    0.000000    0.098255    0.000000    0.000000    0.013067    0.000000    0.000000  
14.831483    -0.018045    0.000000    0.000000    0.098381    0.000000    0.000000    0.012238    0.000000    0.000000  
14.841484    -0.017060    0.000000    0.000000    0.098500    0.000000    0.000000    0.011372    0.000000    0.000000  
14.851485    -0.016074    0.000000    0.000000    0.098611    0.000000    0.000000    0.010481    0.000000    0.000000  
14.861486    -0.015087    0.000000    0.000000    0.098713    0.000000    0.000000    0.009579    0.000000    0.000000  
14.871487    -0.014099    0.000000    0.000000    0.098807    0.000000    0.000000    0.008681    0.000000    0.000000  
14.881488    -0.013110    0.000000    0.000000    0.098891    0.000000    0.000000    0.007799    0.000000    0.000000  
14.891489    -0.012121    0.000000    0.000000    0.098967    0.000000    0.000000    0.006946    0.000000    0.000000  
14.901490    -0.011131    0.000000    0.000000    0.099033    0.000000    0.000000    0.006138    0.000000    0.000000  
14.911491    -0.010140    0.000000    0.000000    0.099089    0.000000    0.000000    0.005381    0.000000    0.000000  
14.921492    -0.009149    0.000000    0.000000    0.099137    0.000000    0.000000    0.004676    0.000000    0.000000  
14.931493    -0.008157    0.000000    0.000000    0.099176    0.000000    0.000000    0.004017    0.000000    0.000000  
14.941494    -0.007165    0.000000    0.000000    0.099209    0.000000    0.000000    0.003402    0.000000    0.000000  
14.951495    -0.006173    0.000000    0.000000    0.099235    0.000000    0.000000    0.002826    0.000000    0.000000  
14.961496    -0.005181    0.000000    0.000000    0.099255    0.000000    0.000000    0.002286    0.000000    0.000000  
14.971497    -0.004188    0.000000    0.000000    0.099271    0.000000    0.000000    0.001777    0.000000    0.000000  
14.981498    -0.003195    0.000000    0.000000    0.099282    0.000000    0.000000    0.001297    0.000000    0.000000  
14.991499    -0.002202    0.000000    0.000000    0.099290    0.000000    0.000000    0.000841    0.000000    0.000000  
15.001500    -0.001209    0.000000    0.000000    0.099296    0.000000    0.000000    0.000406    0.000000    0.000000  
15.011501    -0.000216    0.000000    0.000000    0.099299    0.000000    0.000000    -0.000013    0.000000    0.000000  
15.021502    0.000777    0.000000    0.000000    0.099300    0.000000    0.000000    -0.000425    0.000000    0.000000  
15.031503    0.001770    0.000000    0.000000    0.099297    0.000000    0.000000    -0.000837    0.000000    0.000000  
15.041504    0.002763    0.000000    0.000000    0.099291    0.000000    0.000000    -0.001259    0.000000    0.000000  
15.051505    0.003756    0.000000    0.000000    0.099281    0.000000    0.000000    -0.001698    0.000000    0.000000  
15.061506    0.004748    0.000000    0.000000    0.099265    0.000000    0.000000    -0.002163    0.000000    0.000000  
15.071507    0.005741    0.000000    0.000000    0.099244    0.000000    0.000000    -0.002662    0.000000    0.000000  
15.081508    0.006733    0.000000    0.000000    0.099217    0.000000    0.000000    -0.003204    0.000000    0.000000  
15.091509    0.007725    0.000000    0.000000    0.099184    0.000000    0.000000    -0.003798    0.000000    0.000000  
15.101510    0.008717    0.000000    0.000000    0.099143    0.000000    0.000000    -0.004451    0.000000    0.000000  
15.111511    0.009708    0.000000    0.000000    0.099094    0.000000    0.000000    -0.005167    0.000000    0.000000  
15.121512    0.010699    0.000000    0.000000    0.099038    0.000000    0.000000    -0.005936    0.000000    0.000000  
15.131513    0.011689    0.000000    0.000000    0.098974    0.000000    0.000000    -0.006746    0.000000    0.000000  
15.141514    0.012679    0.000000    0.000000    0.098902    0.000000    0.000000    -0.007584    0.000000    0.000000  
15.151515    0.013668    0.000000    0.000000    0.098821    0.000000    0.000000    -0.008438    0.000000    0.000000  
15.161516    0.014656    0.000000    0.000000    0.098733    0.000000    0.000000    -0.009296    0.000000    0.000000  
15.171517    0.015644    0.000000    0.000000    0.098637    0.000000    0.000000    -0.010147    0.000000    0.000000  
15.181518    0.016630    0.000000    0.000000    0.098532    0.000000    0.000000    -0.010977    0.000000    0.000000  
15.191519    0.017615    0.000000    0.000000    0.098419    0.000000    0.000000    -0.011774    0.000000    0.000000  
15.201520    0.018598    0.000000    0.000000    0.098298    0.000000    0.000000    -0.012527    0.000000    0.000000  
15.211521    0.019581    0.000000    0.000000    0.098169    0.000000    0.000000    -0.013227    0.000000    0.000000  
15.221522    0.020562    0.000000    0.000000    0.098031    0.000000    0.000000    -0.013879    0.000000    0.000000  
15.231523    0.021541    0.000000    0.000000    0.097887    0.000000    0.000000    -0.014486    0.000000    0.000000  
15.241524    0.022519    0.000000    0.000000    0.097736    0.000000    0.000000    -0.015056    0.000000    0.000000  
15.251525    0.023496    0.000000    0.000000    0.097579    0.000000    0.000000    -0.015592    0.000000    0.000000  
15.261526    0.024471    0.000000    0.000000    0.097417    0.000000    0.000000    -0.016101    0.000000    0.000000  
15.271527    0.025444    0.000000    0.000000    0.097250    0.000000    0.000000    -0.016587    0.000000    0.000000  
15.281528    0.026416    0.000000    0.000000    0.097078    0.000000    0.000000    -0.017056    0.000000    0.000000  
15.291529    0.027386    0.000000    0.000000    0.096903    0.000000    0.000000    -0.017512    0.000000    0.000000  
15.301530    0.028354    0.000000    0.000000    0.096725    0.000000    0.000000    -0.017963    0.000000    0.000000  
15.311531    0.029320    0.000000    0.000000    0.096545    0.000000    0.000000    -0.018411    0.000000    0.000000  
15.321532    0.030285    0.000000    0.000000    0.096361    0.000000    0.000000    -0.018863    0.000000    0.000000  
15.331533    0.031248    0.000000    0.000000    0.096173    0.000000    0.000000    -0.019322    0.000000    0.000000  
15.341534    0.032209    0.000000    0.000000    0.095981    0.000000    0.000000    -0.019793    0.000000    0.000000  
15.351535    0.033168    0.000000    0.000000    0.095785    0.000000    0.000000    -0.020281    0.000000    0.000000  
15.361536    0.034124    0.000000    0.000000    0.095583    0.000000    0.000000    -0.020790    0.000000    0.000000  
15.371537    0.035079    0.000000    0.000000    0.095376    0.000000    0.000000    -0.021324    0.000000    0.000000  
15.381538    0.036032    0.000000    0.000000    0.095162    0.000000    0.000000    -0.021888    0.000000    0.000000  
15.391539    0.036982    0.000000    0.000000    0.094942    0.000000    0.000000    -0.022487    0.000000    0.000000  
15.401540    0.037931    0.000000    0.000000    0.094714    0.000000    0.000000    -0.023124    0.000000    0.000000  
15.411541    0.038877    0.000000    0.000000    0.094479    0.000000    0.000000    -0.023802    0.000000    0.000000  
15.421542    0.039821    0.000000    0.000000    0.094236    0.000000    0.000000    -0.024513    0.000000    0.000000  
15.431543    0.040762    0.000000    0.000000    0.093986    0.000000    0.000000    -0.025249    0.000000    0.000000  
15.441544    0.041701    0.000000    0.000000    0.093728    0.000000    0.000000    -0.026000    0.000000    0.000000  
15.451545    0.042637    0.000000    0.000000    0.093463    0.000000    0.000000    -0.026760    0.000000    0.000000  
15.461546    0.043571    0.000000    0.000000    0.093190    0.000000    0.000000    -0.027519    0.000000    0.000000  
15.471547    0.044501    0.000000    0.000000    0.092911    0.000000    0.000000    -0.028268    0.000000    0.000000  
15.481548    0.045429    0.000000    0.000000    0.092624    0.000000    0.000000    -0.029000    0.000000    0.000000  
15.491549    0.046354    0.000000    0.000000    0.092331    0.000000    0.000000    -0.029706    0.000000    0.000000  
15.501550    0.047276    0.000000    0.000000    0.092030    0.000000    0.000000    -0.030378    0.000000    0.000000  
15.511551    0.048195    0.000000    0.000000    0.091723    0.000000    0.000000    -0.031010    0.000000    0.000000  
15.521552    0.049111    0.000000    0.000000    0.091410    0.000000    0.000000    -0.031605    0.000000    0.000000  
15.531553    0.050023    0.000000    0.000000    0.091090    0.000000    0.000000    -0.032167    0.000000    0.000000  
15.541554    0.050932    0.000000    0.000000    0.090764    0.000000    0.000000    -0.032700    0.000000    0.000000  
15.551555    0.051838    0.000000    0.000000    0.090433    0.000000    0.000000    -0.033208    0.000000    0.000000  
15.561556    0.052741    0.000000    0.000000    0.090097    0.000000    0.000000    -0.033695    0.000000    0.000000  
15.571557    0.053640    0.000000    0.000000    0.089757    0.000000    0.000000    -0.034165    0.000000    0.000000  
15.581558    0.054536    0.000000    0.000000    0.089411    0.000000    0.000000    -0.034622    0.000000    0.000000  
15.591559    0.055429    0.000000    0.000000    0.089062    0.000000    0.000000    -0.035069    0.000000    0.000000  
15.601560    0.056317    0.000000    0.000000    0.088709    0.000000    0.000000    -0.035512    0.000000    0.000000  
15.611561    0.057203    0.000000    0.000000    0.088352    0.000000    0.000000    -0.035954    0.000000    0.000000  
15.621562    0.058085    0.000000    0.000000    0.087991    0.000000    0.000000    -0.036397    0.000000    0.000000  
15.631563    0.058963    0.000000    0.000000    0.087626    0.000000    0.000000    -0.036846    0.000000    0.000000  
15.641564    0.059837    0.000000    0.000000    0.087257    0.000000    0.000000    -0.037303    0.000000    0.000000  
15.651565    0.060708    0.000000    0.000000    0.086883    0.000000    0.000000    -0.037772    0.000000    0.000000  
15.661566    0.061575    0.000000    0.000000    0.086505    0.000000    0.000000    -0.038255    0.000000    0.000000  
15.671567    0.062439    0.000000    0.000000    0.086121    0.000000    0.000000    -0.038756    0.000000    0.000000  
15.681568    0.063298    0.000000    0.000000    0.085731    0.000000    0.000000    -0.039279    0.000000    0.000000  
15.691569    0.064153    0.000000    0.000000    0.085336    0.000000    0.000000    -0.039825    0.000000    0.000000  
15.701570    0.065005    0.000000    0.000000    0.084935    0.000000    0.000000    -0.040399    0.000000    0.000000  
15.711571    0.065852    0.000000    0.000000    0.084528    0.000000    0.000000    -0.041001    0.000000    0.000000  
15.721572    0.066695    0.000000    0.000000    0.084115    0.000000    0.000000    -0.041628    0.000000    0.000000  
15.731573    0.067535    0.000000    0.000000    0.083695    0.000000    0.000000    -0.042273    0.000000    0.000000  
15.741574    0.068370    0.000000    0.000000    0.083269    0.000000    0.000000    -0.042931    0.000000    0.000000  
15.751575    0.069200    0.000000    0.000000    0.082836    0.000000    0.000000    -0.043598    0.000000    0.000000  
15.761576    0.070027    0.000000    0.000000    0.082397    0.000000    0.000000    -0.044267    0.000000    0.000000  
15.771577    0.070848    0.000000    0.000000    0.081952    0.000000    0.000000    -0.044934    0.000000    0.000000  
15.781578    0.071666    0.000000    0.000000    0.081500    0.000000    0.000000    -0.045593    0.000000    0.000000  
15.791579    0.072479    0.000000    0.000000    0.081041    0.000000    0.000000    -0.046238    0.000000    0.000000  
15.801580    0.073287    0.000000    0.000000    0.080575    0.000000    0.000000    -0.046866    0.000000    0.000000  
15.811581    0.074090    0.000000    0.000000    0.080103    0.000000    0.000000    -0.047471    0.000000    0.000000  
15.821582    0.074889    0.000000    0.000000    0.079625    0.000000    0.000000    -0.048053    0.000000    0.000000  
15.831583    0.075683    0.000000    0.000000    0.079141    0.000000    0.000000    -0.048611    0.000000    0.000000  
15.841584    0.076472    0.000000    0.000000    0.078651    0.000000    0.000000    -0.049146    0.000000    0.000000  
15.851585    0.077256    0.000000    0.000000    0.078155    0.000000    0.000000    -0.049658    0.000000    0.000000  
15.861586    0.078035    0.000000    0.000000    0.077655    0.000000    0.000000    -0.050145    0.000000    0.000000  
15.871587    0.078809    0.000000    0.000000    0.077150    0.000000    0.000000    -0.050608    0.000000    0.000000  
15.881588    0.079579    0.000000    0.000000    0.076641    0.000000    0.000000    -0.051046    0.000000    0.000000  
15.891589    0.080342    0.000000    0.000000    0.076128    0.000000    0.000000    -0.051460    0.000000    0.000000  
15.901590    0.081101    0.000000    0.000000    0.075611    0.000000    0.000000    -0.051848    0.000000    0.000000  
15.911591    0.081855    0.000000    0.000000    0.075091    0.000000    0.000000    -0.052213    0.000000    0.000000  
15.921592    0.082603    0.000000    0.000000    0.074567    0.000000    0.000000    -0.052558    0.000000    0.000000  
15.931593    0.083346    0.000000    0.000000    0.074040    0.000000    0.000000    -0.052889    0.000000    0.000000  
15.941594    0.084084    0.000000    0.000000    0.073510    0.000000    0.000000    -0.053209    0.000000    0.000000  
15.951595    0.084816    0.000000    0.000000    0.072977    0.000000    0.000000    -0.053524    0.000000    0.000000  
15.961596    0.085543    0.000000    0.000000    0.072440    0.000000    0.000000    -0.053839    0.000000    0.000000  
15.971597    0.086265    0.000000    0.000000    0.071900    0.000000    0.000000    -0.054159    0.000000    0.000000  
15.981598    0.086981    0.000000    0.000000    0.071356    0.000000    0.000000    -0.054488    0.000000    0.000000  
15.991599    0.087692    0.000000    0.000000    0.070810    0.000000    0.000000    -0.054830    0.000000    0.000000  
16.001600    0.088397    0.000000    0.000000    0.070259    0.000000    0.000000    -0.055192    0.000000    0.000000  
16.011601    0.089097    0.000000    0.000000    0.069706    0.000000    0.000000    -0.055575    0.000000    0.000000  
16.021602    0.089792    0.000000    0.000000    0.069148    0.000000    0.000000    -0.055978    0.000000    0.000000  
16.031603    0.090481    0.000000    0.000000    0.068587    0.000000    0.000000    -0.056397    0.000000    0.000000  
16.041604    0.091164    0.000000    0.000000    0.068022    0.000000    0.000000    -0.056829    0.000000    0.000000  
16.051605    0.091841    0.000000    0.000000    0.067453    0.000000    0.000000    -0.057272    0.000000    0.000000  
16.061606    0.092513    0.000000    0.000000    0.066880    0.000000    0.000000    -0.057722    0.000000    0.000000  
16.071607    0.093179    0.000000    0.000000    0.066302    0.000000    0.000000    -0.058177    0.000000    0.000000  
16.081608    0.093839    0.000000    0.000000    0.065719    0.000000    0.000000    -0.058632    0.000000    0.000000  
16.091609    0.094494    0.000000    0.000000    0.065131    0.000000    0.000000    -0.059086    0.000000    0.000000  
16.101610    0.095142    0.000000    0.000000    0.064538    0.000000    0.000000    -0.059536    0.000000    0.000000  
16.111611    0.095785    0.000000    0.000000    0.063940    0.000000    0.000000    -0.059978    0.000000    0.000000  
16.121612    0.096421    0.000000    0.000000    0.063337    0.000000    0.000000    -0.060415    0.000000    0.000000  
16.131613    0.097051    0.000000    0.000000    0.062729    0.000000    0.000000    -0.060846    0.000000    0.000000  
16.141614    0.097676    0.000000    0.000000    0.062116    0.000000    0.000000    -0.061274    0.000000    0.000000  
16.151615    0.098294    0.000000    0.000000    0.061499    0.000000    0.000000    -0.061698    0.000000    0.000000  
16.161616    0.098906    0.000000    0.000000    0.060877    0.000000    0.000000    -0.062121    0.000000    0.000000  
16.171617    0.099512    0.000000    0.000000    0.060252    0.000000    0.000000    -0.062543    0.000000    0.000000  
16.181618    0.100111    0.000000    0.000000    0.059623    0.000000    0.000000    -0.062965    0.000000    0.000000  
16.191619    0.100704    0.000000    0.000000    0.058990    0.000000    0.000000    -0.063388    0.000000    0.000000  
16.201620    0.101291    0.000000    0.000000    0.058353    0.000000    0.000000    -0.063814    0.000000    0.000000  
16.211621    0.101871    0.000000    0.000000    0.057714    0.000000    0.000000    -0.064242    0.000000    0.000000  
16.221622    0.102445    0.000000    0.000000    0.057070    0.000000    0.000000    -0.064673    0.000000    0.000000  
16.231623    0.103013    0.000000    0.000000    0.056423    0.000000    0.000000    -0.065103    0.000000    0.000000  
16.241624    0.103574    0.000000    0.000000    0.055773    0.000000    0.000000    -0.065533    0.000000    0.000000  
16.251625    0.104128    0.000000    0.000000    0.055118    0.000000    0.000000    -0.065960    0.000000    0.000000  
16.261626    0.104676    0.000000    0.000000    0.054459    0.000000    0.000000    -0.066383    0.000000    0.000000  
16.271627    0.105217    0.000000    0.000000    0.053795    0.000000    0.000000    -0.066802    0.000000    0.000000  
16.281628    0.105752    0.000000    0.000000    0.053127    0.000000    0.000000    -0.067214    0.000000    0.000000  
16.291629    0.106280    0.000000    0.000000    0.052454    0.000000    0.000000    -0.067619    0.000000    0.000000  
16.301630    0.106801    0.000000    0.000000    0.051776    0.000000    0.000000    -0.068014    0.000000    0.000000  
16.311631    0.107315    0.000000    0.000000    0.051094    0.000000    0.000000    -0.068399    0.000000    0.000000  
16.321632    0.107823    0.000000    0.000000    0.050406    0.000000    0.000000    -0.068771    0.000000    0.000000  
16.331633    0.108324    0.000000    0.000000    0.049714    0.000000    0.000000    -0.069128    0.000000    0.000000  
16.341634    0.108818    0.000000    0.000000    0.049019    0.000000    0.000000    -0.069467    0.000000    0.000000  
16.351635    0.109305    0.000000    0.000000    0.048320    0.000000    0.000000    -0.069786    0.000000    0.000000  
16.361636    0.109785    0.000000    0.000000    0.047618    0.000000    0.000000    -0.070082    0.000000    0.000000  
16.371637    0.110258    0.000000    0.000000    0.046914    0.000000    0.000000    -0.070352    0.000000    0.000000  
16.381638    0.110723    0.000000    0.000000    0.046207    0.000000    0.000000    -0.070595    0.000000    0.000000  
16.391639    0.111182    0.000000    0.000000    0.045499    0.000000    0.000000    -0.070808    0.000000    0.000000  
16.401640    0.111634    0.000000    0.000000    0.044790    0.000000    0.000000    -0.070989    0.000000    0.000000  
16.411641    0.112078    0.000000    0.000000    0.044080    0.000000    0.000000    -0.071137    0.000000    0.000000  
16.421642    0.112515    0.000000    0.000000    0.043368    0.000000    0.000000    -0.071259    0.000000    0.000000  
16.431643    0.112945    0.000000    0.000000    0.042656    0.000000    0.000000    -0.071364    0.000000    0.000000  
16.441644    0.113368    0.000000    0.000000    0.041943    0.000000    0.000000    -0.071457    0.000000    0.000000  
16.451645    0.113783    0.000000    0.000000    0.041228    0.000000    0.000000    -0.071548    0.000000    0.000000  
16.461646    0.114192    0.000000    0.000000    0.040512    0.000000    0.000000    -0.071644    0.000000    0.000000  
16.471647    0.114593    0.000000    0.000000    0.039795    0.000000    0.000000    -0.071753    0.000000    0.000000  
16.481648    0.114987    0.000000    0.000000    0.039077    0.000000    0.000000    -0.071881    0.000000    0.000000  
16.491649    0.115374    0.000000    0.000000    0.038357    0.000000    0.000000    -0.072037    0.000000    0.000000  
16.501650    0.115754    0.000000    0.000000    0.037635    0.000000    0.000000    -0.072228    0.000000    0.000000  
16.511651    0.116127    0.000000    0.000000    0.036912    0.000000    0.000000    -0.072459    0.000000    0.000000  
16.521652    0.116493    0.000000    0.000000    0.036187    0.000000    0.000000    -0.072722    0.000000    0.000000  
16.531653    0.116851    0.000000    0.000000    0.035460    0.000000    0.000000    -0.073012    0.000000    0.000000  
16.541654    0.117203    0.000000    0.000000    0.034730    0.000000    0.000000    -0.073320    0.000000    0.000000  
16.551655    0.117546    0.000000    0.000000    0.033998    0.000000    0.000000    -0.073640    0.000000    0.000000  
16.561656    0.117883    0.000000    0.000000    0.033263    0.000000    0.000000    -0.073964    0.000000    0.000000  
16.571657    0.118212    0.000000    0.000000    0.032524    0.000000    0.000000    -0.074285    0.000000    0.000000  
16.581658    0.118534    0.000000    0.000000    0.031782    0.000000    0.000000    -0.074597    0.000000    0.000000  
16.591659    0.118848    0.000000    0.000000    0.031036    0.000000    0.000000    -0.074890    0.000000    0.000000  
16.601660    0.119155    0.000000    0.000000    0.030286    0.000000    0.000000    -0.075159    0.000000    0.000000  
16.611661    0.119454    0.000000    0.000000    0.029532    0.000000    0.000000    -0.075399    0.000000    0.000000  
16.621662    0.119745    0.000000    0.000000    0.028775    0.000000    0.000000    -0.075615    0.000000    0.000000  
16.631663    0.120029    0.000000    0.000000    0.028014    0.000000    0.000000    -0.075810    0.000000    0.000000  
16.641664    0.120306    0.000000    0.000000    0.027250    0.000000    0.000000    -0.075991    0.000000    0.000000  
16.651665    0.120574    0.000000    0.000000    0.026484    0.000000    0.000000    -0.076163    0.000000    0.000000  
16.661666    0.120835    0.000000    0.000000    0.025716    0.000000    0.000000    -0.076329    0.000000    0.000000  
16.671667    0.121088    0.000000    0.000000    0.024947    0.000000    0.000000    -0.076497    0.000000    0.000000  
16.681668    0.121334    0.000000    0.000000    0.024177    0.000000    0.000000    -0.076669    0.000000    0.000000  
16.691669    0.121572    0.000000    0.000000    0.023407    0.000000    0.000000    -0.076853    0.000000    0.000000  
16.701670    0.121802    0.000000    0.000000    0.022636    0.000000    0.000000    -0.077052    0.000000    0.000000  
16.711671    0.122025    0.000000    0.000000    0.021866    0.000000    0.000000    -0.077267    0.000000    0.000000  
16.721672    0.122239    0.000000    0.000000    0.021096    0.000000    0.000000    -0.077489    0.000000    0.000000  
16.731673    0.122447    0.000000    0.000000    0.020326    0.000000    0.000000    -0.077705    0.000000    0.000000  
16.741674    0.122646    0.000000    0.000000    0.019556    0.000000    0.000000    -0.077905    0.000000    0.000000  
16.751675    0.122838    0.000000    0.000000    0.018784    0.000000    0.000000    -0.078076    0.000000    0.000000  
16.761676    0.123022    0.000000    0.000000    0.018011    0.000000    0.000000    -0.078208    0.000000    0.000000  
16.771677    0.123198    0.000000    0.000000    0.017237    0.000000    0.000000    -0.078288    0.000000    0.000000  
16.781678    0.123366    0.000000    0.000000    0.016461    0.000000    0.000000    -0.078305    0.000000    0.000000  
16.791679    0.123527    0.000000    0.000000    0.015683    0.000000    0.000000    -0.078248    0.000000    0.000000  
16.801680    0.123680    0.000000    0.000000    0.014903    0.000000    0.000000    -0.078104    0.000000    0.000000  
16.811681    0.123825    0.000000    0.000000    0.014120    0.000000    0.000000    -0.077872    0.000000    0.000000  
16.821682    0.123962    0.000000    0.000000    0.013335    0.000000    0.000000    -0.077566    0.000000    0.000000  
16.831683    0.124092    0.000000    0.000000    0.012551    0.000000    0.000000    -0.077207    0.000000    0.000000  
16.841684    0.124214    0.000000    0.000000    0.011768    0.000000    0.000000    -0.076814    0.000000    0.000000  
16.851685    0.124328    0.000000    0.000000    0.010987    0.000000    0.000000    -0.076407    0.000000    0.000000  
16.861686    0.124434    0.000000    0.000000    0.010209    0.000000    0.000000    -0.076006    0.000000    0.000000  
16.871687    0.124533    0.000000    0.000000    0.009436    0.000000    0.000000    -0.075630    0.000000    0.000000  
16.881688    0.124624    0.000000    0.000000    0.008669    0.000000    0.000000    -0.075298    0.000000    0.000000  
16.891689    0.124707    0.000000    0.000000    0.007909    0.000000    0.000000    -0.075031    0.000000    0.000000  
16.901690    0.124783    0.000000    0.000000    0.007158    0.000000    0.000000    -0.074847    0.000000    0.000000  
16.911691    0.124850    0.000000    0.000000    0.006414    0.000000    0.000000    -0.074761    0.000000    0.000000  
16.921692    0.124910    0.000000    0.000000    0.005677    0.000000    0.000000    -0.074776    0.000000    0.000000  
16.931693    0.124963    0.000000    0.000000    0.004944    0.000000    0.000000    -0.074890    0.000000    0.000000  
16.941694    0.125007    0.000000    0.000000    0.004212    0.000000    0.000000    -0.075105    0.000000    0.000000  
16.951695    0.125045    0.000000    0.000000    0.003478    0.000000    0.000000    -0.075419    0.000000    0.000000  
16.961696    0.125075    0.000000    0.000000    0.002741    0.000000    0.000000    -0.075833    0.000000    0.000000  
16.971697    0.125097    0.000000    0.000000    0.001997    0.000000    0.000000    -0.076347    0.000000    0.000000  
16.981698    0.125112    0.000000    0.000000    0.001244    0.000000    0.000000    -0.076960    0.000000    0.000000  
16.991699    0.125120    0.000000    0.000000    0.000480    0.000000    0.000000    -0.077673    0.000000    0.000000  
17.001700    0.125121    0.000000    0.000000    -0.000298    0.000000    0.000000    -0.078486    0.000000    0.000000  
17.011701    0.125115    0.000000    0.000000    -0.001092    0.000000    0.000000    -0.079388    0.000000    0.000000  
17.021702    0.125101    0.000000    0.000000    -0.001900    0.000000    0.000000    -0.080347    0.000000    0.000000  
17.031703    0.125079    0.000000    0.000000    -0.002720    0.000000    0.000000    -0.081323    0.000000    0.000000  
17.041704    0.125049    0.000000    0.000000    -0.003551    0.000000    0.000000    -0.082281    0.000000    0.000000  
17.051705    0.125012    0.000000    0.000000    -0.004390    0.000000    0.000000    -0.083183    0.000000    0.000000  
17.061706    0.124966    0.000000    0.000000    -0.005237    0.000000    0.000000    -0.083990    0.000000    0.000000  
17.071707    0.124911    0.000000    0.000000    -0.006088    0.000000    0.000000    -0.084667    0.000000    0.000000  
17.081708    0.124847    0.000000    0.000000    -0.006943    0.000000    0.000000    -0.085175    0.000000    0.000000  
17.091709    0.124775    0.000000    0.000000    -0.007799    0.000000    0.000000    -0.085477    0.000000    0.000000  
17.101710    0.124693    0.000000    0.000000    -0.008655    0.000000    0.000000    -0.085537    0.000000    0.000000  
17.111711    0.124601    0.000000    0.000000    -0.009509    0.000000    0.000000    -0.085336    0.000000    0.000000  
17.121712    0.124501    0.000000    0.000000    -0.010360    0.000000    0.000000    -0.084906    0.000000    0.000000  
17.131713    0.124391    0.000000    0.000000    -0.011207    0.000000    0.000000    -0.084289    0.000000    0.000000  
17.141714    0.124273    0.000000    0.000000    -0.012048    0.000000    0.000000    -0.083522    0.000000    0.000000  
17.151715    0.124146    0.000000    0.000000    -0.012883    0.000000    0.000000    -0.082646    0.000000    0.000000  
17.161716    0.124011    0.000000    0.000000    -0.013710    0.000000    0.000000    -0.081699    0.000000    0.000000  
17.171717    0.123868    0.000000    0.000000    -0.014529    0.000000    0.000000    -0.080722    0.000000    0.000000  
17.181718    0.123717    0.000000    0.000000    -0.015338    0.000000    0.000000    -0.079754    0.000000    0.000000  
17.191719    0.123559    0.000000    0.000000    -0.016135    0.000000    0.000000    -0.078834    0.000000    0.000000  
17.201720    0.123393    0.000000    0.000000    -0.016921    0.000000    0.000000    -0.078002    0.000000    0.000000  
17.211721    0.123220    0.000000    0.000000    -0.017694    0.000000    0.000000    -0.077284    0.000000    0.000000  
17.221722    0.123041    0.000000    0.000000    -0.018457    0.000000    0.000000    -0.076676    0.000000    0.000000  
17.231723    0.122854    0.000000    0.000000    -0.019210    0.000000    0.000000    -0.076168    0.000000    0.000000  
17.241724    0.122659    0.000000    0.000000    -0.019957    0.000000    0.000000    -0.075752    0.000000    0.000000  
17.251725    0.122458    0.000000    0.000000    -0.020698    0.000000    0.000000    -0.075418    0.000000    0.000000  
17.261726    0.122248    0.000000    0.000000    -0.021436    0.000000    0.000000    -0.075156    0.000000    0.000000  
17.271727    0.122032    0.000000    0.000000    -0.022173    0.000000    0.000000    -0.074959    0.000000    0.000000  
17.281728    0.121807    0.000000    0.000000    -0.022911    0.000000    0.000000    -0.074816    0.000000    0.000000  
17.291729    0.121575    0.000000    0.000000    -0.023652    0.000000    0.000000    -0.074718    0.000000    0.000000  
17.301730    0.121335    0.000000    0.000000    -0.024396    0.000000    0.000000    -0.074656    0.000000    0.000000  
17.311731    0.121087    0.000000    0.000000    -0.025147    0.000000    0.000000    -0.074622    0.000000    0.000000  
17.321732    0.120831    0.000000    0.000000    -0.025902    0.000000    0.000000    -0.074607    0.000000    0.000000  
17.331733    0.120567    0.000000    0.000000    -0.026660    0.000000    0.000000    -0.074605    0.000000    0.000000  
17.341734    0.120296    0.000000    0.000000    -0.027421    0.000000    0.000000    -0.074607    0.000000    0.000000  
17.351735    0.120017    0.000000    0.000000    -0.028182    0.000000    0.000000    -0.074607    0.000000    0.000000  
17.361736    0.119730    0.000000    0.000000    -0.028943    0.000000    0.000000    -0.074596    0.000000    0.000000  
17.371737    0.119436    0.000000    0.000000    -0.029701    0.000000    0.000000    -0.074567    0.000000    0.000000  
17.381738    0.119135    0.000000    0.000000    -0.030457    0.000000    0.000000    -0.074513    0.000000    0.000000  
17.391739    0.118826    0.000000    0.000000    -0.031208    0.000000    0.000000    -0.074425    0.000000    0.000000  
17.401740    0.118510    0.000000    0.000000    -0.031953    0.000000    0.000000    -0.074298    0.000000    0.000000  
17.411741    0.118187    0.000000    0.000000    -0.032692    0.000000    0.000000    -0.074126    0.000000    0.000000  
17.421742    0.117857    0.000000    0.000000    -0.033425    0.000000    0.000000    -0.073917    0.000000    0.000000  
17.431743    0.117520    0.000000    0.000000    -0.034154    0.000000    0.000000    -0.073677    0.000000    0.000000  
17.441744    0.117175    0.000000    0.000000    -0.034878    0.000000    0.000000    -0.073415    0.000000    0.000000  
17.451745    0.116823    0.000000    0.000000    -0.035599    0.000000    0.000000    -0.073138    0.000000    0.000000  
17.461746    0.116464    0.000000    0.000000    -0.036318    0.000000    0.000000    -0.072854    0.000000    0.000000  
17.471747    0.116097    0.000000    0.000000    -0.037035    0.000000    0.000000    -0.072570    0.000000    0.000000  
17.481748    0.115723    0.000000    0.000000    -0.037751    0.000000    0.000000    -0.072295    0.000000    0.000000  
17.491749    0.115342    0.000000    0.000000    -0.038468    0.000000    0.000000    -0.072034    0.000000    0.000000  
17.501750    0.114954    0.000000    0.000000    -0.039186    0.000000    0.000000    -0.071797    0.000000    0.000000  
17.511751    0.114559    0.000000    0.000000    -0.039906    0.000000    0.000000    -0.071587    0.000000    0.000000  
17.521752    0.114156    0.000000    0.000000    -0.040626    0.000000    0.000000    -0.071400    0.000000    0.000000  
17.531753    0.113746    0.000000    0.000000    -0.041347    0.000000    0.000000    -0.071228    0.000000    0.000000  
17.541754    0.113328    0.000000    0.000000    -0.042067    0.000000    0.000000    -0.071066    0.000000    0.000000  
17.551755    0.112904    0.000000    0.000000    -0.042786    0.000000    0.000000    -0.070907    0.000000    0.000000  
17.561756    0.112472    0.000000    0.000000    -0.043503    0.000000    0.000000    -0.070745    0.000000    0.000000  
17.571757    0.112034    0.000000    0.000000    -0.044217    0.000000    0.000000    -0.070574    0.000000    0.000000  
17.581758    0.111588    0.000000    0.000000    -0.044928    0.000000    0.000000    -0.070388    0.000000    0.000000  
17.591759    0.111135    0.000000    0.000000    -0.045634    0.000000    0.000000    -0.070181    0.000000    0.000000  
17.601760    0.110675    0.000000    0.000000    -0.046336    0.000000    0.000000    -0.069945    0.000000    0.000000  
17.611761    0.110208    0.000000    0.000000    -0.047032    0.000000    0.000000    -0.069679    0.000000    0.000000  
17.621762    0.109734    0.000000    0.000000    -0.047724    0.000000    0.000000    -0.069386    0.000000    0.000000  
17.631763    0.109254    0.000000    0.000000    -0.048411    0.000000    0.000000    -0.069073    0.000000    0.000000  
17.641764    0.108766    0.000000    0.000000    -0.049093    0.000000    0.000000    -0.068745    0.000000    0.000000  
17.651765    0.108271    0.000000    0.000000    -0.049773    0.000000    0.000000    -0.068407    0.000000    0.000000  
17.661766    0.107770    0.000000    0.000000    -0.050449    0.000000    0.000000    -0.068066    0.000000    0.000000  
17.671767    0.107262    0.000000    0.000000    -0.051123    0.000000    0.000000    -0.067727    0.000000    0.000000  
17.681768    0.106747    0.000000    0.000000    -0.051794    0.000000    0.000000    -0.067396    0.000000    0.000000  
17.691769    0.106226    0.000000    0.000000    -0.052464    0.000000    0.000000    -0.067078    0.000000    0.000000  
17.701770    0.105698    0.000000    0.000000    -0.053133    0.000000    0.000000    -0.066779    0.000000    0.000000  
17.711771    0.105163    0.000000    0.000000    -0.053800    0.000000    0.000000    -0.066502    0.000000    0.000000  
17.721772    0.104622    0.000000    0.000000    -0.054467    0.000000    0.000000    -0.066239    0.000000    0.000000  
17.731773    0.104074    0.000000    0.000000    -0.055131    0.000000    0.000000    -0.065983    0.000000    0.000000  
17.741774    0.103520    0.000000    0.000000    -0.055794    0.000000    0.000000    -0.065726    0.000000    0.000000  
17.751775    0.102959    0.000000    0.000000    -0.056454    0.000000    0.000000    -0.065460    0.000000    0.000000  
17.761776    0.102391    0.000000    0.000000    -0.057110    0.000000    0.000000    -0.065178    0.000000    0.000000  
17.771777    0.101817    0.000000    0.000000    -0.057763    0.000000    0.000000    -0.064871    0.000000    0.000000  
17.781778    0.101236    0.000000    0.000000    -0.058412    0.000000    0.000000    -0.064531    0.000000    0.000000  
17.791779    0.100649    0.000000    0.000000    -0.059057    0.000000    0.000000    -0.064152    0.000000    0.000000  
17.801780    0.100055    0.000000    0.000000    -0.059697    0.000000    0.000000    -0.063725    0.000000    0.000000  
17.811781    0.099455    0.000000    0.000000    -0.060331    0.000000    0.000000    -0.063247    0.000000    0.000000  
17.821782    0.098848    0.000000    0.000000    -0.060961    0.000000    0.000000    -0.062727    0.000000    0.000000  
17.831783    0.098235    0.000000    0.000000    -0.061584    0.000000    0.000000    -0.062174    0.000000    0.000000  
17.841784    0.097616    0.000000    0.000000    -0.062203    0.000000    0.000000    -0.061599    0.000000    0.000000  
17.851785    0.096990    0.000000    0.000000    -0.062816    0.000000    0.000000    -0.061013    0.000000    0.000000  
17.861786    0.096359    0.000000    0.000000    -0.063424    0.000000    0.000000    -0.060424    0.000000    0.000000  
17.871787    0.095721    0.000000    0.000000    -0.064026    0.000000    0.000000    -0.059844    0.000000    0.000000  
17.881788    0.095077    0.000000    0.000000    -0.064622    0.000000    0.000000    -0.059282    0.000000    0.000000  
17.891789    0.094428    0.000000    0.000000    -0.065213    0.000000    0.000000    -0.058749    0.000000    0.000000  
17.901790    0.093773    0.000000    0.000000    -0.065798    0.000000    0.000000    -0.058255    0.000000    0.000000  
17.911791    0.093112    0.000000    0.000000    -0.066378    0.000000    0.000000    -0.057805    0.000000    0.000000  
17.921792    0.092445    0.000000    0.000000    -0.066953    0.000000    0.000000    -0.057395    0.000000    0.000000  
17.931793    0.091773    0.000000    0.000000    -0.067523    0.000000    0.000000    -0.057020    0.000000    0.000000  
17.941794    0.091095    0.000000    0.000000    -0.068088    0.000000    0.000000    -0.056672    0.000000    0.000000  
17.951795    0.090412    0.000000    0.000000    -0.068650    0.000000    0.000000    -0.056345    0.000000    0.000000  
17.961796    0.089723    0.000000    0.000000    -0.069208    0.000000    0.000000    -0.056035    0.000000    0.000000  
17.971797    0.089028    0.000000    0.000000    -0.069764    0.000000    0.000000    -0.055735    0.000000    0.000000  
17.981798    0.088328    0.000000    0.000000    -0.070317    0.000000    0.000000    -0.055438    0.000000    0.000000  
17.991799    0.087622    0.000000    0.000000    -0.070868    0.000000    0.000000    -0.055139    0.000000    0.000000  
18.001800    0.086910    0.000000    0.000000    -0.071417    0.000000    0.000000    -0.054832    0.000000    0.000000  
18.011801    0.086193    0.000000    0.000000    -0.071965    0.000000    0.000000    -0.054512    0.000000    0.000000  
18.021802    0.085471    0.000000    0.000000    -0.072511    0.000000    0.000000    -0.054177    0.000000    0.000000  
18.031803    0.084743    0.000000    0.000000    -0.073055    0.000000    0.000000    -0.053825    0.000000    0.000000  
18.041804    0.084009    0.000000    0.000000    -0.073595    0.000000    0.000000    -0.053456    0.000000    0.000000  
18.051805    0.083271    0.000000    0.000000    -0.074133    0.000000    0.000000    -0.053068    0.000000    0.000000  
18.061806    0.082526    0.000000    0.000000    -0.074666    0.000000    0.000000    -0.052659    0.000000    0.000000  
18.071807    0.081777    0.000000    0.000000    -0.075194    0.000000    0.000000    -0.052228    0.000000    0.000000  
18.081808    0.081022    0.000000    0.000000    -0.075717    0.000000    0.000000    -0.051774    0.000000    0.000000  
18.091809    0.080262    0.000000    0.000000    -0.076234    0.000000    0.000000    -0.051295    0.000000    0.000000  
18.101810    0.079497    0.000000    0.000000    -0.076745    0.000000    0.000000    -0.050790    0.000000    0.000000  
18.111811    0.078727    0.000000    0.000000    -0.077250    0.000000    0.000000    -0.050259    0.000000    0.000000  
18.121812    0.077952    0.000000    0.000000    -0.077747    0.000000    0.000000    -0.049705    0.000000    0.000000  
18.131813    0.077172    0.000000    0.000000    -0.078239    0.000000    0.000000    -0.049135    0.000000    0.000000  
18.141814    0.076387    0.000000    0.000000    -0.078724    0.000000    0.000000    -0.048552    0.000000    0.000000  
18.151815    0.075598    0.000000    0.000000    -0.079204    0.000000    0.000000    -0.047961    0.000000    0.000000  
18.161816    0.074803    0.000000    0.000000    -0.079677    0.000000    0.000000    -0.047367    0.000000    0.000000  
18.171817    0.074004    0.000000    0.000000    -0.080146    0.000000    0.000000    -0.046774    0.000000    0.000000  
18.181818    0.073200    0.000000    0.000000    -0.080609    0.000000    0.000000    -0.046187    0.000000    0.000000  
18.191819    0.072391    0.000000    0.000000    -0.081067    0.000000    0.000000    -0.045611    0.000000    0.000000  
18.201820    0.071578    0.000000    0.000000    -0.081520    0.000000    0.000000    -0.045050    0.000000    0.000000  
18.211821    0.070761    0.000000    0.000000    -0.081968    0.000000    0.000000    -0.044506    0.000000    0.000000  
18.221822    0.069939    0.000000    0.000000    -0.082411    0.000000    0.000000    -0.043977    0.000000    0.000000  
18.231823    0.069113    0.000000    0.000000    -0.082850    0.000000    0.000000    -0.043459    0.000000    0.000000  
18.241824    0.068282    0.000000    0.000000    -0.083284    0.000000    0.000000    -0.042948    0.000000    0.000000  
18.251825    0.067447    0.000000    0.000000    -0.083712    0.000000    0.000000    -0.042441    0.000000    0.000000  
18.261826    0.066608    0.000000    0.000000    -0.084135    0.000000    0.000000    -0.041933    0.000000    0.000000  
18.271827    0.065764    0.000000    0.000000    -0.084553    0.000000    0.000000    -0.041421    0.000000    0.000000  
18.281828    0.064917    0.000000    0.000000    -0.084965    0.000000    0.000000    -0.040900    0.000000    0.000000  
18.291829    0.064065    0.000000    0.000000    -0.085372    0.000000    0.000000    -0.040369    0.000000    0.000000  
18.301830    0.063209    0.000000    0.000000    -0.085773    0.000000    0.000000    -0.039822    0.000000    0.000000  
18.311831    0.062349    0.000000    0.000000    -0.086169    0.000000    0.000000    -0.039258    0.000000    0.000000  
18.321832    0.061486    0.000000    0.000000    -0.086558    0.000000    0.000000    -0.038680    0.000000    0.000000  
18.331833    0.060618    0.000000    0.000000    -0.086942    0.000000    0.000000    -0.038091    0.000000    0.000000  
18.341834    0.059746    0.000000    0.000000    -0.087320    0.000000    0.000000    -0.037496    0.000000    0.000000  
18.351835    0.058871    0.000000    0.000000    -0.087692    0.000000    0.000000    -0.036899    0.000000    0.000000  
18.361836    0.057992    0.000000    0.000000    -0.088058    0.000000    0.000000    -0.036302    0.000000    0.000000  
18.371837    0.057110    0.000000    0.000000    -0.088419    0.000000    0.000000    -0.035710    0.000000    0.000000  
18.381838    0.056223    0.000000    0.000000    -0.088773    0.000000    0.000000    -0.035126    0.000000    0.000000  
18.391839    0.055334    0.000000    0.000000    -0.089122    0.000000    0.000000    -0.034554    0.000000    0.000000  
18.401840    0.054441    0.000000    0.000000    -0.089465    0.000000    0.000000    -0.033998    0.000000    0.000000  
18.411841    0.053544    0.000000    0.000000    -0.089802    0.000000    0.000000    -0.033459    0.000000    0.000000  
18.421842    0.052645    0.000000    0.000000    -0.090133    0.000000    0.000000    -0.032935    0.000000    0.000000  
18.431843    0.051742    0.000000    0.000000    -0.090459    0.000000    0.000000    -0.032422    0.000000    0.000000  
18.441844    0.050836    0.000000    0.000000    -0.090779    0.000000    0.000000    -0.031915    0.000000    0.000000  
18.451845    0.049926    0.000000    0.000000    -0.091094    0.000000    0.000000    -0.031412    0.000000    0.000000  
18.461846    0.049014    0.000000    0.000000    -0.091404    0.000000    0.000000    -0.030909    0.000000    0.000000  
18.471847    0.048098    0.000000    0.000000    -0.091709    0.000000    0.000000    -0.030402    0.000000    0.000000  
18.481848    0.047179    0.000000    0.000000    -0.092009    0.000000    0.000000    -0.029886    0.000000    0.000000  
18.491849    0.046258    0.000000    0.000000    -0.092304    0.000000    0.000000    -0.029360    0.000000    0.000000  
18.501850    0.045333    0.000000    0.000000    -0.092595    0.000000    0.000000    -0.028818    0.000000    0.000000  
18.511851    0.044406    0.000000    0.000000    -0.092881    0.000000    0.000000    -0.028259    0.000000    0.000000  
18.521852    0.043475    0.000000    0.000000    -0.093162    0.000000    0.000000    -0.027684    0.000000    0.000000  
18.531853    0.042542    0.000000    0.000000    -0.093438    0.000000    0.000000    -0.027093    0.000000    0.000000  
18.541854    0.041606    0.000000    0.000000    -0.093709    0.000000    0.000000    -0.026488    0.000000    0.000000  
18.551855    0.040668    0.000000    0.000000    -0.093973    0.000000    0.000000    -0.025872    0.000000    0.000000  
18.561856    0.039727    0.000000    0.000000    -0.094232    0.000000    0.000000    -0.025244    0.000000    0.000000  
18.571857    0.038783    0.000000    0.000000    -0.094483    0.000000    0.000000    -0.024607    0.000000    0.000000  
18.581858    0.037837    0.000000    0.000000    -0.094728    0.000000    0.000000    -0.023961    0.000000    0.000000  
18.591859    0.036888    0.000000    0.000000    -0.094966    0.000000    0.000000    -0.023309    0.000000    0.000000  
18.601860    0.035938    0.000000    0.000000    -0.095196    0.000000    0.000000    -0.022651    0.000000    0.000000  
18.611861    0.034984    0.000000    0.000000    -0.095419    0.000000    0.000000    -0.021990    0.000000    0.000000  
18.621862    0.034029    0.000000    0.000000    -0.095634    0.000000    0.000000    -0.021328    0.000000    0.000000  
18.631863    0.033071    0.000000    0.000000    -0.095842    0.000000    0.000000    -0.020668    0.000000    0.000000  
18.641864    0.032112    0.000000    0.000000    -0.096043    0.000000    0.000000    -0.020013    0.000000    0.000000  
18.651865    0.031150    0.000000    0.000000    -0.096237    0.000000    0.000000    -0.019366    0.000000    0.000000  
18.661866    0.030187    0.000000    0.000000    -0.096425    0.000000    0.000000    -0.018731    0.000000    0.000000  
18.671867    0.029221    0.000000    0.000000    -0.096607    0.000000    0.000000    -0.018109    0.000000    0.000000  
18.681868    0.028254    0.000000    0.000000    -0.096784    0.000000    0.000000    -0.017504    0.000000    0.000000  
18.691869    0.027285    0.000000    0.000000    -0.096955    0.000000    0.000000    -0.016919    0.000000    0.000000  
18.701870    0.026315    0.000000    0.000000    -0.097121    0.000000    0.000000    -0.016357    0.000000    0.000000  
18.711871    0.025343    0.000000    0.000000    -0.097283    0.000000    0.000000    -0.015818    0.000000    0.000000  
18.721872    0.024369    0.000000    0.000000    -0.097439    0.000000    0.000000    -0.015297    0.000000    0.000000  
18.731873    0.023394    0.000000    0.000000    -0.097590    0.000000    0.000000    -0.014787    0.000000    0.000000  
18.741874    0.022417    0.000000    0.000000    -0.097736    0.000000    0.000000    -0.014283    0.000000    0.000000  
18.751875    0.021439    0.000000    0.000000    -0.097877    0.000000    0.000000    -0.013778    0.000000    0.000000  
18.761876    0.020460    0.000000    0.000000    -0.098013    0.000000    0.000000    -0.013265    0.000000    0.000000  
18.771877    0.019479    0.000000    0.000000    -0.098143    0.000000    0.000000    -0.012740    0.000000    0.000000  
18.781878    0.018497    0.000000    0.000000    -0.098268    0.000000    0.000000    -0.012194    0.000000    0.000000  
18.791879    0.017514    0.000000    0.000000    -0.098387    0.000000    0.000000    -0.011623    0.000000    0.000000  
18.801880    0.016530    0.000000    0.000000    -0.098500    0.000000    0.000000    -0.011020    0.000000    0.000000  
18.811881    0.015544    0.000000    0.000000    -0.098607    0.000000    0.000000    -0.010382    0.000000    0.000000  
18.821882    0.014557    0.000000    0.000000    -0.098708    0.000000    0.000000    -0.009713    0.000000    0.000000  
18.831883    0.013569    0.000000    0.000000    -0.098803    0.000000    0.000000    -0.009019    0.000000    0.000000  
18.841884    0.012580    0.000000    0.000000    -0.098891    0.000000    0.000000    -0.008306    0.000000    0.000000  
18.851885    0.011591    0.000000    0.000000    -0.098972    0.000000    0.000000    -0.007578    0.000000    0.000000  
18.861886    0.010601    0.000000    0.000000    -0.099047    0.000000    0.000000    -0.006842    0.000000    0.000000  
18.871887    0.009609    0.000000    0.000000    -0.099113    0.000000    0.000000    -0.006103    0.000000    0.000000  
18.881888    0.008618    0.000000    0.000000    -0.099173    0.000000    0.000000    -0.005366    0.000000    0.000000  
18.891889    0.007626    0.000000    0.000000    -0.099224    0.000000    0.000000    -0.004637    0.000000    0.000000  
18.901890    0.006633    0.000000    0.000000    -0.099267    0.000000    0.000000    -0.003921    0.000000    0.000000  
18.911891    0.005640    0.000000    0.000000    -0.099302    0.000000    0.000000    -0.003223    0.000000    0.000000  
18.921892    0.004647    0.000000    0.000000    -0.099329    0.000000    0.000000    -0.002541    0.000000    0.000000  
18.931893    0.003654    0.000000    0.000000    -0.099348    0.000000    0.000000    -0.001876    0.000000    0.000000  
18.941894    0.002660    0.000000    0.000000    -0.099361    0.000000    0.000000    -0.001225    0.000000    0.000000  
18.951895    0.001666    0.000000    0.000000    -0.099367    0.000000    0.000000    -0.000589    0.000000    0.000000  
18.961896    0.000673    0.000000    0.000000    -0.099366    0.000000    0.000000    0.000035    0.000000    0.000000  
18.971897    -0.000321    0.000000    0.000000    -0.099360    0.000000    0.000000    0.000646    0.000000    0.000000  
18.981898    -0.001315    0.000000    0.000000    -0.099348    0.000000    0.000000    0.001246    0.000000    0.000000  
18.991899    -0.002308    0.000000    0.000000    -0.099331    0.000000    0.000000    0.001835    0.000000    0.000000  
19.001900    -0.003302    0.000000    0.000000    -0.099310    0.000000    0.000000    0.002416    0.000000    0.000000  
19.011901    -0.004295    0.000000    0.000000    -0.099283    0.000000    0.000000    0.002988    0.000000    0.000000  
19.021902    -0.005287    0.000000    0.000000    -0.099252    0.000000    0.000000    0.003554    0.000000    0.000000  
19.031903    -0.006280    0.000000    0.000000    -0.099217    0.000000    0.000000    0.004119    0.000000    0.000000  
19.041904    -0.007272    0.000000    0.000000    -0.099175    0.000000    0.000000    0.004684    0.000000    0.000000  
19.051905    -0.008263    0.000000    0.000000    -0.099129    0.000000    0.000000    0.005252    0.000000    0.000000  
19.061906    -0.009254    0.000000    0.000000    -0.099076    0.000000    0.000000    0.005826    0.000000    0.000000  
19.071907    -0.010245    0.000000    0.000000    -0.099017    0.000000    0.000000    0.006410    0.000000    0.000000  
19.081908    -0.011235    0.000000    0.000000    -0.098952    0.000000    0.000000    0.007006    0.000000    0.000000  
19.091909    -0.012224    0.000000    0.000000    -0.098880    0.000000    0.000000    0.007617    0.000000    0.000000  
19.101910    -0.013212    0.000000    0.000000    -0.098801    0.000000    0.000000    0.008245    0.000000    0.000000  
19.111911    -0.014200    0.000000    0.000000    -0.098714    0.000000    0.000000    0.008893    0.000000    0.000000  
19.121912    -0.015187    0.000000    0.000000    -0.098621    0.000000    0.000000    0.009554    0.000000    0.000000  
19.131913    -0.016173    0.000000    0.000000    -0.098521    0.000000    0.000000    0.010224    0.000000    0.000000  
19.141914    -0.017158    0.000000    0.000000    -0.098414    0.000000    0.000000    0.010898    0.000000    0.000000  
19.151915    -0.018142    0.000000    0.000000    -0.098300    0.000000    0.000000    0.011571    0.000000    0.000000  
19.161916    -0.019124    0.000000    0.000000    -0.098180    0.000000    0.000000    0.012237    0.000000    0.000000  
19.171917    -0.020106    0.000000    0.000000    -0.098054    0.000000    0.000000    0.012892    0.000000    0.000000  
19.181918    -0.021086    0.000000    0.000000    -0.097921    0.000000    0.000000    0.013530    0.000000    0.000000  
19.191919    -0.022065    0.000000    0.000000    -0.097783    0.000000    0.000000    0.014146    0.000000    0.000000  
19.201920    -0.023042    0.000000    0.000000    -0.097638    0.000000    0.000000    0.014736    0.000000    0.000000  
19.211921    -0.024018    0.000000    0.000000    -0.097488    0.000000    0.000000    0.015296    0.000000    0.000000  
19.221922    -0.024992    0.000000    0.000000    -0.097332    0.000000    0.000000    0.015832    0.000000    0.000000  
19.231923    -0.025964    0.000000    0.000000    -0.097171    0.000000    0.000000    0.016349    0.000000    0.000000  
19.241924    -0.026935    0.000000    0.000000    -0.097004    0.000000    0.000000    0.016854    0.000000    0.000000  
19.251925    -0.027904    0.000000    0.000000    -0.096832    0.000000    0.000000    0.017352    0.000000    0.000000  
19.261926    -0.028871    0.000000    0.000000    -0.096655    0.000000    0.000000    0.017849    0.000000    0.000000  
19.271927    -0.029837    0.000000    0.000000    -0.096472    0.000000    0.000000    0.018352    0.000000    0.000000  
19.281928    -0.030801    0.000000    0.000000    -0.096285    0.000000    0.000000    0.018864    0.000000    0.000000  
19.291929    -0.031763    0.000000    0.000000    -0.096093    0.000000    0.000000    0.019394    0.000000    0.000000  
19.301930    -0.032723    0.000000    0.000000    -0.095896    0.000000    0.000000    0.019945    0.000000    0.000000  
19.311931    -0.033681    0.000000    0.000000    -0.095694    0.000000    0.000000    0.020523    0.000000    0.000000  
19.321932    -0.034637    0.000000    0.000000    -0.095487    0.000000    0.000000    0.021125    0.000000    0.000000  
19.331933    -0.035591    0.000000    0.000000    -0.095275    0.000000    0.000000    0.021750    0.000000    0.000000  
19.341934    -0.036543    0.000000    0.000000    -0.095057    0.000000    0.000000    0.022397    0.000000    0.000000  
19.351935    -0.037492    0.000000    0.000000    -0.094832    0.000000    0.000000    0.023063    0.000000    0.000000  
19.361936    -0.038440    0.000000    0.000000    -0.094601    0.000000    0.000000    0.023746    0.000000    0.000000  
19.371937    -0.039385    0.000000    0.000000    -0.094362    0.000000    0.000000    0.024446    0.000000    0.000000  
19.381938    -0.040327    0.000000    0.000000    -0.094116    0.000000    0.000000    0.025159    0.000000    0.000000  
19.391939    -0.041267    0.000000    0.000000    -0.093862    0.000000    0.000000    0.025884    0.000000    0.000000  
19.401940    -0.042205    0.000000    0.000000    -0.093600    0.000000    0.000000    0.026619    0.000000    0.000000  
19.411941    -0.043139    0.000000    0.000000    -0.093329    0.000000    0.000000    0.027362    0.000000    0.000000  
19.421942    -0.044071    0.000000    0.000000    -0.093050    0.000000    0.000000    0.028107    0.000000    0.000000  
19.431943    -0.045001    0.000000    0.000000    -0.092764    0.000000    0.000000    0.028847    0.000000    0.000000  
19.441944    -0.045927    0.000000    0.000000    -0.092470    0.000000    0.000000    0.029578    0.000000    0.000000  
19.451945    -0.046850    0.000000    0.000000    -0.092168    0.000000    0.000000    0.030294    0.000000    0.000000  
19.461946    -0.047771    0.000000    0.000000    -0.091860    0.000000    0.000000    0.030989    0.000000    0.000000  
19.471947    -0.048688    0.000000    0.000000    -0.091546    0.000000    0.000000    0.031656    0.000000    0.000000  
19.481948    -0.049602    0.000000    0.000000    -0.091225    0.000000    0.000000    0.032291    0.000000    0.000000  
19.491949    -0.050513    0.000000    0.000000    -0.090898    0.000000    0.000000    0.032888    0.000000    0.000000  
19.501950    -0.051420    0.000000    0.000000    -0.090567    0.000000    0.000000    0.033440    0.000000    0.000000  
19.511951    -0.052324    0.000000    0.000000    -0.090230    0.000000    0.000000    0.033946    0.000000    0.000000  
19.521952    -0.053225    0.000000    0.000000    -0.089888    0.000000    0.000000    0.034412    0.000000    0.000000  
19.531953    -0.054122    0.000000    0.000000    -0.089542    0.000000    0.000000    0.034845    0.000000    0.000000  
19.541954    -0.055015    0.000000    0.000000    -0.089191    0.000000    0.000000    0.035254    0.000000    0.000000  
19.551955    -0.055906    0.000000    0.000000    -0.088835    0.000000    0.000000    0.035644    0.000000    0.000000  
19.561956    -0.056792    0.000000    0.000000    -0.088476    0.000000    0.000000    0.036024    0.000000    0.000000  
19.571957    -0.057675    0.000000    0.000000    -0.088112    0.000000    0.000000    0.036401    0.000000    0.000000  
19.581958    -0.058554    0.000000    0.000000    -0.087745    0.000000    0.000000    0.036782    0.000000    0.000000  
19.591959    -0.059430    0.000000    0.000000    -0.087375    0.000000    0.000000    0.037175    0.000000    0.000000  
19.601960    -0.060302    0.000000    0.000000    -0.087000    0.000000    0.000000    0.037588    0.000000    0.000000  
19.611961    -0.061170    0.000000    0.000000    -0.086623    0.000000    0.000000    0.038025    0.000000    0.000000  
19.621962    -0.062035    0.000000    0.000000    -0.086242    0.000000    0.000000    0.038486    0.000000    0.000000  
19.631963    -0.062895    0.000000    0.000000    -0.085856    0.000000    0.000000    0.038970    0.000000    0.000000  
19.641964    -0.063752    0.000000    0.000000    -0.085467    0.000000    0.000000    0.039477    0.000000    0.000000  
19.651965    -0.064605    0.000000    0.000000    -0.085072    0.000000    0.000000    0.040006    0.000000    0.000000  
19.661966    -0.065453    0.000000    0.000000    -0.084671    0.000000    0.000000    0.040555    0.000000    0.000000  
19.671967    -0.066298    0.000000    0.000000    -0.084265    0.000000    0.000000    0.041125    0.000000    0.000000  
19.681968    -0.067139    0.000000    0.000000    -0.083853    0.000000    0.000000    0.041715    0.000000    0.000000  
19.691969    -0.067975    0.000000    0.000000    -0.083434    0.000000    0.000000    0.042322    0.000000    0.000000  
19.701970    -0.068808    0.000000    0.000000    -0.083008    0.000000    0.000000    0.042948    0.000000    0.000000  
19.711971    -0.069636    0.000000    0.000000    -0.082575    0.000000    0.000000    0.043589    0.000000    0.000000  
19.721972    -0.070459    0.000000    0.000000    -0.082134    0.000000    0.000000    0.044239    0.000000    0.000000  
19.731973    -0.071279    0.000000    0.000000    -0.081687    0.000000    0.000000    0.044892    0.000000    0.000000  
19.741974    -0.072093    0.000000    0.000000    -0.081233    0.000000    0.000000    0.045542    0.000000    0.000000  
19.751975    -0.072904    0.000000    0.000000    -0.080773    0.000000    0.000000    0.046181    0.000000    0.000000  
19.761976    -0.073709    0.000000    0.000000    -0.080307    0.000000    0.000000    0.046803    0.000000    0.000000  
19.771977    -0.074510    0.000000    0.000000    -0.079835    0.000000    0.000000    0.047402    0.000000    0.000000  
19.781978    -0.075307    0.000000    0.000000    -0.079357    0.000000    0.000000    0.047970    0.000000    0.000000  
19.791979    -0.076098    0.000000    0.000000    -0.078875    0.000000    0.000000    0.048503    0.000000    0.000000  
19.801980    -0.076884    0.000000    0.000000    -0.078387    0.000000    0.000000    0.048992    0.000000    0.000000  
19.811981    -0.077666    0.000000    0.000000    -0.077895    0.000000    0.000000    0.049436    0.000000    0.000000  
19.821982    -0.078442    0.000000    0.000000    -0.077398    0.000000    0.000000    0.049842    0.000000    0.000000  
19.831983    -0.079214    0.000000    0.000000    -0.076897    0.000000    0.000000    0.050218    0.000000    0.000000  
19.841984    -0.079980    0.000000    0.000000    -0.076392    0.000000    0.000000    0.050572    0.000000    0.000000  
19.851985    -0.080741    0.000000    0.000000    -0.075883    0.000000    0.000000    0.050914    0.000000    0.000000  
19.861986    -0.081497    0.000000    0.000000    -0.075370    0.000000    0.000000    0.051251    0.000000    0.000000  
19.871987    -0.082248    0.000000    0.000000    -0.074854    0.000000    0.000000    0.051591    0.000000    0.000000  
19.881988    -0.082994    0.000000    0.000000    -0.074334    0.000000    0.000000    0.051944    0.000000    0.000000  
19.891989    -0.083735    0.000000    0.000000    -0.073811    0.000000    0.000000    0.052317    0.000000    0.000000  
19.901990    -0.084471    0.000000    0.000000    -0.073286    0.000000    0.000000    0.052719    0.000000    0.000000  
19.911991    -0.085201    0.000000    0.000000    -0.072757    0.000000    0.000000    0.053154    0.000000    0.000000  
19.921992    -0.085926    0.000000    0.000000    -0.072226    0.000000    0.000000    0.053619    0.000000    0.000000  
19.931993    -0.086646    0.000000    0.000000    -0.071690    0.000000    0.000000    0.054109    0.000000    0.000000  
19.941994    -0.087360    0.000000    0.000000    -0.071150    0.000000    0.000000    0.054620    0.000000    0.000000  
19.951995    -0.088069    0.000000    0.000000    -0.070606    0.000000    0.000000    0.055146    0.000000    0.000000  
19.961996    -0.088772    0.000000    0.000000    -0.070056    0.000000    0.000000    0.055684    0.000000    0.000000  
19.971997    -0.089470    0.000000    0.000000    -0.069501    0.000000    0.000000    0.056227    0.000000    0.000000  
19.981998    -0.090162    0.000000    0.000000    -0.068939    0.000000    0.000000    0.056772    0.000000    0.000000  
19.991999    -0.090849    0.000000    0.000000    -0.068371    0.000000    0.000000    0.057313    0.000000    0.000000  
20.002000    -0.091530    0.000000    0.000000    -0.067796    0.000000    0.000000    0.057847    0.000000    0.000000  
20.012001    -0.092205    0.000000    0.000000    -0.067213    0.000000    0.000000    0.058368    0.000000    0.000000  
20.022002    -0.092874    0.000000    0.000000    -0.066624    0.000000    0.000000    0.058876    0.000000    0.000000  
20.032003    -0.093538    0.000000    0.000000    -0.066028    0.000000    0.000000    0.059369    0.000000    0.000000  
20.042004    -0.094195    0.000000    0.000000    -0.065427    0.000000    0.000000    0.059846    0.000000    0.000000  
20.052005    -0.094847    0.000000    0.000000    -0.064821    0.000000    0.000000    0.060304    0.000000    0.000000  
20.062006    -0.095492    0.000000    0.000000    -0.064211    0.000000    0.000000    0.060743    0.000000    0.000000  
20.072007    -0.096132    0.000000    0.000000    -0.063597    0.000000    0.000000    0.061161    0.000000    0.000000  
20.082008    -0.096765    0.000000    0.000000    -0.062980    0.000000    0.000000    0.061556    0.000000    0.000000  
20.092009    -0.097392    0.000000    0.000000    -0.062360    0.000000    0.000000    0.061928    0.000000    0.000000  
20.102010    -0.098012    0.000000    0.000000    -0.061739    0.000000    0.000000    0.062274    0.000000    0.000000  
20.112011    -0.098626    0.000000    0.000000    -0.061115    0.000000    0.000000    0.062596    0.000000    0.000000  
20.122012    -0.099234    0.000000    0.000000    -0.060490    0.000000    0.000000    0.062897    0.000000    0.000000  
20.132013    -0.099836    0.000000    0.000000    -0.059863    0.000000    0.000000    0.063183    0.000000    0.000000  
20.142014    -0.100431    0.000000    0.000000    -0.059234    0.000000    0.000000    0.063459    0.000000    0.000000  
20.152015    -0.101020    0.000000    0.000000    -0.058601    0.000000    0.000000    0.063731    0.000000    0.000000  
20.162016    -0.101603    0.000000    0.000000    -0.057966    0.000000    0.000000    0.064003    0.000000    0.000000  
20.172017    -0.102179    0.000000    0.000000    -0.057328    0.000000    0.000000    0.064280    0.000000    0.000000  
20.182018    -0.102749    0.000000    0.000000    -0.056686    0.000000    0.000000    0.064569    0.000000    0.000000  
20.192019    -0.103312    0.000000    0.000000    -0.056040    0.000000    0.000000    0.064873    0.000000    0.000000  
20.202020    -0.103869    0.000000    0.000000    -0.055390    0.000000    0.000000    0.065198    0.000000    0.000000  
20.212021    -0.104420    0.000000    0.000000    -0.054735    0.000000    0.000000    0.065547    0.000000    0.000000  
20.222022    -0.104964    0.000000    0.000000    -0.054077    0.000000    0.000000    0.065915    0.000000    0.000000  
20.232023    -0.105502    0.000000    0.000000    -0.053414    0.000000    0.000000    0.066297    0.000000    0.000000  
20.242024    -0.106034    0.000000    0.000000    -0.052747    0.000000    0.000000    0.066689    0.000000    0.000000  
20.252025    -0.106558    0.000000    0.000000    -0.052076    0.000000    0.000000    0.067086    0.000000    0.000000  
20.262026    -0.107076    0.000000    0.000000    -0.051402    0.000000    0.000000    0.067482    0.000000    0.000000  
20.272027    -0.107587    0.000000    0.000000    -0.050724    0.000000    0.000000    0.067873    0.000000    0.000000  
20.282028    -0.108091    0.000000    0.000000    -0.050043    0.000000    0.000000    0.068254    0.000000    0.000000  
20.292029    -0.108589    0.000000    0.000000    -0.049358    0.000000    0.000000    0.068619    0.000000    0.000000  
20.302030    -0.109079    0.000000    0.000000    -0.048670    0.000000    0.000000    0.068965    0.000000    0.000000  
20.312031    -0.109562    0.000000    0.000000    -0.047978    0.000000    0.000000    0.069288    0.000000    0.000000  
20.322032    -0.110038    0.000000    0.000000    -0.047284    0.000000    0.000000    0.069592    0.000000    0.000000  
20.332033    -0.110507    0.000000    0.000000    -0.046587    0.000000    0.000000    0.069880    0.000000    0.000000  
20.342034    -0.110969    0.000000    0.000000    -0.045887    0.000000    0.000000    0.070156    0.000000    0.000000  
20.352035    -0.111424    0.000000    0.000000    -0.045184    0.000000    0.000000    0.070424    0.000000    0.000000  
20.362036    -0.111872    0.000000    0.000000    -0.044478    0.000000    0.000000    0.070688    0.000000    0.000000  
20.372037    -0.112313    0.000000    0.000000    -0.043769    0.000000    0.000000    0.070951    0.000000    0.000000  
20.382038    -0.112747    0.000000    0.000000    -0.043058    0.000000    0.000000    0.071218    0.000000    0.000000  
20.392039    -0.113174    0.000000    0.000000    -0.042344    0.000000    0.000000    0.071491    0.000000    0.000000  
20.402040    -0.113593    0.000000    0.000000    -0.041627    0.000000    0.000000    0.071775    0.000000    0.000000  
20.412041    -0.114006    0.000000    0.000000    -0.040908    0.000000    0.000000    0.072071    0.000000    0.000000  
20.422042    -0.114412    0.000000    0.000000    -0.040187    0.000000    0.000000    0.072374    0.000000    0.000000  
20.432043    -0.114811    0.000000    0.000000    -0.039463    0.000000    0.000000    0.072679    0.000000    0.000000  
20.442044    -0.115202    0.000000    0.000000    -0.038736    0.000000    0.000000    0.072981    0.000000    0.000000  
20.452045    -0.115586    0.000000    0.000000    -0.038006    0.000000    0.000000    0.073274    0.000000    0.000000  
20.462046    -0.115963    0.000000    0.000000    -0.037274    0.000000    0.000000    0.073553    0.000000    0.000000  
20.472047    -0.116333    0.000000    0.000000    -0.036540    0.000000    0.000000    0.073813    0.000000    0.000000  
20.482048    -0.116695    0.000000    0.000000    -0.035802    0.000000    0.000000    0.074048    0.000000    0.000000  
20.492049    -0.117049    0.000000    0.000000    -0.035062    0.000000    0.000000    0.074254    0.000000    0.000000  
20.502050    -0.117396    0.000000    0.000000    -0.034319    0.000000    0.000000    0.074424    0.000000    0.000000  
20.512051    -0.117736    0.000000    0.000000    -0.033573    0.000000    0.000000    0.074558    0.000000    0.000000  
20.522052    -0.118067    0.000000    0.000000    -0.032824    0.000000    0.000000    0.074660    0.000000    0.000000  
20.532053    -0.118392    0.000000    0.000000    -0.032074    0.000000    0.000000    0.074740    0.000000    0.000000  
20.542054    -0.118708    0.000000    0.000000    -0.031322    0.000000    0.000000    0.074803    0.000000    0.000000  
20.552055    -0.119017    0.000000    0.000000    -0.030569    0.000000    0.000000    0.074857    0.000000    0.000000  
20.562056    -0.119319    0.000000    0.000000    -0.029816    0.000000    0.000000    0.074910    0.000000    0.000000  
20.572057    -0.119613    0.000000    0.000000    -0.029062    0.000000    0.000000    0.074969    0.000000    0.000000  
20.582058    -0.119900    0.000000    0.000000    -0.028308    0.000000    0.000000    0.075041    0.000000    0.000000  
20.592059    -0.120179    0.000000    0.000000    -0.027554    0.000000    0.000000    0.075133    0.000000    0.000000  
20.602060    -0.120451    0.000000    0.000000    -0.026802    0.000000    0.000000    0.075252    0.000000    0.000000  
20.612061    -0.120715    0.000000    0.000000    -0.026050    0.000000    0.000000    0.075403    0.000000    0.000000  
20.622062    -0.120972    0.000000    0.000000    -0.025299    0.000000    0.000000    0.075581    0.000000    0.000000  
20.632063    -0.121221    0.000000    0.000000    -0.024547    0.000000    0.000000    0.075782    0.000000    0.000000  
20.642064    -0.121463    0.000000    0.000000    -0.023795    0.000000    0.000000    0.076002    0.000000    0.000000  
20.652065    -0.121698    0.000000    0.000000    -0.023040    0.000000    0.000000    0.076234    0.000000    0.000000  
20.662066    -0.121924    0.000000    0.000000    -0.022284    0.000000    0.000000    0.076475    0.000000    0.000000  
20.672067    -0.122144    0.000000    0.000000    -0.021524    0.000000    0.000000    0.076719    0.000000    0.000000  
20.682068    -0.122355    0.000000    0.000000    -0.020761    0.000000    0.000000    0.076963    0.000000    0.000000  
20.692069    -0.122559    0.000000    0.000000    -0.019994    0.000000    0.000000    0.077200    0.000000    0.000000  
20.702070    -0.122755    0.000000    0.000000    -0.019222    0.000000    0.000000    0.077427    0.000000    0.000000  
20.712071    -0.122943    0.000000    0.000000    -0.018444    0.000000    0.000000    0.077638    0.000000    0.000000  
20.722072    -0.123124    0.000000    0.000000    -0.017662    0.000000    0.000000    0.077827    0.000000    0.000000  
20.732073    -0.123297    0.000000    0.000000    -0.016877    0.000000    0.000000    0.077987    0.000000    0.000000  
20.742074    -0.123462    0.000000    0.000000    -0.016090    0.000000    0.000000    0.078113    0.000000    0.000000  
20.752075    -0.123619    0.000000    0.000000    -0.015302    0.000000    0.000000    0.078197    0.000000    0.000000  
20.762076    -0.123768    0.000000    0.000000    -0.014513    0.000000    0.000000    0.078234    0.000000    0.000000  
20.772077    -0.123910    0.000000    0.000000    -0.013725    0.000000    0.000000    0.078217    0.000000    0.000000  
20.782078    -0.124043    0.000000    0.000000    -0.012938    0.000000    0.000000    0.078140    0.000000    0.000000  
20.792079    -0.124169    0.000000    0.000000    -0.012155    0.000000    0.000000    0.077997    0.000000    0.000000  
20.802080    -0.124287    0.000000    0.000000    -0.011375    0.000000    0.000000    0.077781    0.000000    0.000000  
20.812081    -0.124396    0.000000    0.000000    -0.010600    0.000000    0.000000    0.077494    0.000000    0.000000  
20.822082    -0.124498    0.000000    0.000000    -0.009829    0.000000    0.000000    0.077157    0.000000    0.000000  
20.832083    -0.124592    0.000000    0.000000    -0.009061    0.000000    0.000000    0.076793    0.000000    0.000000  
20.842084    -0.124679    0.000000    0.000000    -0.008297    0.000000    0.000000    0.076424    0.000000    0.000000  
20.852085    -0.124757    0.000000    0.000000    -0.007536    0.000000    0.000000    0.076073    0.000000    0.000000  
20.862086    -0.124828    0.000000    0.000000    -0.006777    0.000000    0.000000    0.075764    0.000000    0.000000  
20.872087    -0.124892    0.000000    0.000000    -0.006019    0.000000    0.000000    0.075517    0.000000    0.000000  
20.882088    -0.124948    0.000000    0.000000    -0.005264    0.000000    0.000000    0.075358    0.000000    0.000000  
20.892089    -0.124997    0.000000    0.000000    -0.004509    0.000000    0.000000    0.075308    0.000000    0.000000  
20.902090    -0.125038    0.000000    0.000000    -0.003756    0.000000    0.000000    0.075390    0.000000    0.000000  
20.912091    -0.125072    0.000000    0.000000    -0.003002    0.000000    0.000000    0.075615    0.000000    0.000000  
20.922092    -0.125098    0.000000    0.000000    -0.002247    0.000000    0.000000    0.075969    0.000000    0.000000  
20.932093    -0.125117    0.000000    0.000000    -0.001489    0.000000    0.000000    0.076435    0.000000    0.000000  
20.942094    -0.125129    0.000000    0.000000    -0.000728    0.000000    0.000000    0.076994    0.000000    0.000000  
20.952095    -0.125133    0.000000    0.000000    0.000037    0.000000    0.000000    0.077629    0.000000    0.000000  
20.962096    -0.125129    0.000000    0.000000    0.000809    0.000000    0.000000    0.078323    0.000000    0.000000  
20.972097    -0.125117    0.000000    0.000000    0.001588    0.000000    0.000000    0.079058    0.000000    0.000000  
20.982098    -0.125097    0.000000    0.000000    0.002376    0.000000    0.000000    0.079817    0.000000    0.000000  
20.992099    -0.125070    0.000000    0.000000    0.003173    0.000000    0.000000    0.080581    0.000000    0.000000  
21.002100    -0.125034    0.000000    0.000000    0.003982    0.000000    0.000000    0.081333    0.000000    0.000000  
21.012101    -0.124990    0.000000    0.000000    0.004802    0.000000    0.000000    0.082057    0.000000    0.000000  
21.022102    -0.124938    0.000000    0.000000    0.005632    0.000000    0.000000    0.082734    0.000000    0.000000  
21.032103    -0.124877    0.000000    0.000000    0.006469    0.000000    0.000000    0.083347    0.000000    0.000000  
21.042104    -0.124809    0.000000    0.000000    0.007314    0.000000    0.000000    0.083881    0.000000    0.000000  
21.052105    -0.124732    0.000000    0.000000    0.008163    0.000000    0.000000    0.084316    0.000000    0.000000  
21.062106    -0.124646    0.000000    0.000000    0.009015    0.000000    0.000000    0.084638    0.000000    0.000000  
21.072107    -0.124552    0.000000    0.000000    0.009868    0.000000    0.000000    0.084827    0.000000    0.000000  
21.082108    -0.124449    0.000000    0.000000    0.010721    0.000000    0.000000    0.084868    0.000000    0.000000  
21.092109    -0.124338    0.000000    0.000000    0.011571    0.000000    0.000000    0.084743    0.000000    0.000000  
21.102110    -0.124218    0.000000    0.000000    0.012418    0.000000    0.000000    0.084436    0.000000    0.000000  
21.112111    -0.124090    0.000000    0.000000    0.013259    0.000000    0.000000    0.083942    0.000000    0.000000  
21.122112    -0.123952    0.000000    0.000000    0.014095    0.000000    0.000000    0.083290    0.000000    0.000000  
21.132113    -0.123807    0.000000    0.000000    0.014923    0.000000    0.000000    0.082509    0.000000    0.000000  
21.142114    -0.123653    0.000000    0.000000    0.015745    0.000000    0.000000    0.081631    0.000000    0.000000  
21.152115    -0.123491    0.000000    0.000000    0.016558    0.000000    0.000000    0.080687    0.000000    0.000000  
21.162116    -0.123321    0.000000    0.000000    0.017363    0.000000    0.000000    0.079708    0.000000    0.000000  
21.172117    -0.123143    0.000000    0.000000    0.018160    0.000000    0.000000    0.078724    0.000000    0.000000  
21.182118    -0.122957    0.000000    0.000000    0.018946    0.000000    0.000000    0.077766    0.000000    0.000000  
21.192119    -0.122763    0.000000    0.000000    0.019722    0.000000    0.000000    0.076865    0.000000    0.000000  
21.202120    -0.122562    0.000000    0.000000    0.020488    0.000000    0.000000    0.076052    0.000000    0.000000  
21.212121    -0.122354    0.000000    0.000000    0.021242    0.000000    0.000000    0.075347    0.000000    0.000000  
21.222122    -0.122138    0.000000    0.000000    0.021988    0.000000    0.000000    0.074749    0.000000    0.000000  
21.232123    -0.121914    0.000000    0.000000    0.022726    0.000000    0.000000    0.074251    0.000000    0.000000  
21.242124    -0.121683    0.000000    0.000000    0.023457    0.000000    0.000000    0.073849    0.000000    0.000000  
21.252125    -0.121445    0.000000    0.000000    0.024185    0.000000    0.000000    0.073538    0.000000    0.000000  
21.262126    -0.121200    0.000000    0.000000    0.024909    0.000000    0.000000    0.073312    0.000000    0.000000  
21.272127    -0.120947    0.000000    0.000000    0.025633    0.000000    0.000000    0.073167    0.000000    0.000000  
21.282128    -0.120687    0.000000    0.000000    0.026357    0.000000    0.000000    0.073097    0.000000    0.000000  
21.292129    -0.120419    0.000000    0.000000    0.027083    0.000000    0.000000    0.073097    0.000000    0.000000  
21.302130    -0.120145    0.000000    0.000000    0.027813    0.000000    0.000000    0.073163    0.000000    0.000000  
21.312131    -0.119863    0.000000    0.000000    0.028548    0.000000    0.000000    0.073285    0.000000    0.000000  
21.322132    -0.119574    0.000000    0.000000    0.029287    0.000000    0.000000    0.073449    0.000000    0.000000  
21.332133    -0.119278    0.000000    0.000000    0.030030    0.000000    0.000000    0.073639    0.000000    0.000000  
21.342134    -0.118974    0.000000    0.000000    0.030775    0.000000    0.000000    0.073839    0.000000    0.000000  
21.352135    -0.118663    0.000000    0.000000    0.031522    0.000000    0.000000    0.074034    0.000000    0.000000  
21.362136    -0.118345    0.000000    0.000000    0.032270    0.000000    0.000000    0.074208    0.000000    0.000000  
21.372137    -0.118019    0.000000    0.000000    0.033019    0.000000    0.000000    0.074345    0.000000    0.000000  
21.382138    -0.117685    0.000000    0.000000    0.033767    0.000000    0.000000    0.074428    0.000000    0.000000  
21.392139    -0.117344    0.000000    0.000000    0.034514    0.000000    0.000000    0.074444    0.000000    0.000000  
21.402140    -0.116995    0.000000    0.000000    0.035259    0.000000    0.000000    0.074374    0.000000    0.000000  
21.412141    -0.116639    0.000000    0.000000    0.036001    0.000000    0.000000    0.074214    0.000000    0.000000  
21.422142    -0.116275    0.000000    0.000000    0.036740    0.000000    0.000000    0.073972    0.000000    0.000000  
21.432143    -0.115903    0.000000    0.000000    0.037476    0.000000    0.000000    0.073664    0.000000    0.000000  
21.442144    -0.115524    0.000000    0.000000    0.038209    0.000000    0.000000    0.073300    0.000000    0.000000  
21.452145    -0.115137    0.000000    0.000000    0.038938    0.000000    0.000000    0.072896    0.000000    0.000000  
21.462146    -0.114744    0.000000    0.000000    0.039664    0.000000    0.000000    0.072464    0.000000    0.000000  
21.472147    -0.114343    0.000000    0.000000    0.040386    0.000000    0.000000    0.072018    0.000000    0.000000  
21.482148    -0.113935    0.000000    0.000000    0.041104    0.000000    0.000000    0.071570    0.000000    0.000000  
21.492149    -0.113520    0.000000    0.000000    0.041818    0.000000    0.000000    0.071134    0.000000    0.000000  
21.502150    -0.113098    0.000000    0.000000    0.042527    0.000000    0.000000    0.070723    0.000000    0.000000  
21.512151    -0.112670    0.000000    0.000000    0.043232    0.000000    0.000000    0.070346    0.000000    0.000000  
21.522152    -0.112234    0.000000    0.000000    0.043933    0.000000    0.000000    0.070001    0.000000    0.000000  
21.532153    -0.111792    0.000000    0.000000    0.044631    0.000000    0.000000    0.069687    0.000000    0.000000  
21.542154    -0.111342    0.000000    0.000000    0.045325    0.000000    0.000000    0.069399    0.000000    0.000000  
21.552155    -0.110886    0.000000    0.000000    0.046016    0.000000    0.000000    0.069137    0.000000    0.000000  
21.562156    -0.110423    0.000000    0.000000    0.046704    0.000000    0.000000    0.068896    0.000000    0.000000  
21.572157    -0.109953    0.000000    0.000000    0.047390    0.000000    0.000000    0.068675    0.000000    0.000000  
21.582158    -0.109476    0.000000    0.000000    0.048074    0.000000    0.000000    0.068472    0.000000    0.000000  
21.592159    -0.108992    0.000000    0.000000    0.048757    0.000000    0.000000    0.068283    0.000000    0.000000  
21.602160    -0.108501    0.000000    0.000000    0.049439    0.000000    0.000000    0.068106    0.000000    0.000000  
21.612161    -0.108003    0.000000    0.000000    0.050120    0.000000    0.000000    0.067938    0.000000    0.000000  
21.622162    -0.107498    0.000000    0.000000    0.050800    0.000000    0.000000    0.067773    0.000000    0.000000  
21.632163    -0.106986    0.000000    0.000000    0.051478    0.000000    0.000000    0.067608    0.000000    0.000000  
21.642164    -0.106468    0.000000    0.000000    0.052155    0.000000    0.000000    0.067437    0.000000    0.000000  
21.652165    -0.105942    0.000000    0.000000    0.052830    0.000000    0.000000    0.067255    0.000000    0.000000  
21.662166    -0.105410    0.000000    0.000000    0.053502    0.000000    0.000000    0.067057    0.000000    0.000000  
21.672167    -0.104871    0.000000    0.000000    0.054173    0.000000    0.000000    0.066837    0.000000    0.000000  
21.682168    -0.104326    0.000000    0.000000    0.054840    0.000000    0.000000    0.066592    0.000000    0.000000  
21.692169    -0.103774    0.000000    0.000000    0.055505    0.000000    0.000000    0.066316    0.000000    0.000000  
21.702170    -0.103216    0.000000    0.000000    0.056167    0.000000    0.000000    0.066004    0.000000    0.000000  
21.712171    -0.102651    0.000000    0.000000    0.056825    0.000000    0.000000    0.065654    0.000000    0.000000  
21.722172    -0.102079    0.000000    0.000000    0.057480    0.000000    0.000000    0.065267    0.000000    0.000000  
21.732173    -0.101502    0.000000    0.000000    0.058131    0.000000    0.000000    0.064848    0.000000    0.000000  
21.742174    -0.100917    0.000000    0.000000    0.058777    0.000000    0.000000    0.064399    0.000000    0.000000  
21.752175    -0.100327    0.000000    0.000000    0.059420    0.000000    0.000000    0.063924    0.000000    0.000000  
21.762176    -0.099729    0.000000    0.000000    0.060057    0.000000    0.000000    0.063425    0.000000    0.000000  
21.772177    -0.099126    0.000000    0.000000    0.060689    0.000000    0.000000    0.062906    0.000000    0.000000  
21.782178    -0.098516    0.000000    0.000000    0.061316    0.000000    0.000000    0.062370    0.000000    0.000000  
21.792179    -0.097900    0.000000    0.000000    0.061938    0.000000    0.000000    0.061820    0.000000    0.000000  
21.802180    -0.097278    0.000000    0.000000    0.062553    0.000000    0.000000    0.061260    0.000000    0.000000  
21.812181    -0.096649    0.000000    0.000000    0.063163    0.000000    0.000000    0.060692    0.000000    0.000000  
21.822182    -0.096014    0.000000    0.000000    0.063767    0.000000    0.000000    0.060123    0.000000    0.000000  
21.832183    -0.095373    0.000000    0.000000    0.064365    0.000000    0.000000    0.059558    0.000000    0.000000  
21.842184    -0.094726    0.000000    0.000000    0.064957    0.000000    0.000000    0.059002    0.000000    0.000000  
21.852185    -0.094073    0.000000    0.000000    0.065545    0.000000    0.000000    0.058461    0.000000    0.000000  
21.862186    -0.093414    0.000000    0.000000    0.066127    0.000000    0.000000    0.057939    0.000000    0.000000  
21.872187    -0.092749    0.000000    0.000000    0.066704    0.000000    0.000000    0.057443    0.000000    0.000000  
21.882188    -0.092079    0.000000    0.000000    0.067277    0.000000    0.000000    0.056978    0.000000    0.000000  
21.892189    -0.091403    0.000000    0.000000    0.067845    0.000000    0.000000    0.056549    0.000000    0.000000  
21.902190    -0.090722    0.000000    0.000000    0.068409    0.000000    0.000000    0.056162    0.000000    0.000000  
21.912191    -0.090035    0.000000    0.000000    0.068968    0.000000    0.000000    0.055818    0.000000    0.000000  
21.922192    -0.089342    0.000000    0.000000    0.069524    0.000000    0.000000    0.055510    0.000000    0.000000  
21.932193    -0.088645    0.000000    0.000000    0.070076    0.000000    0.000000    0.055231    0.000000    0.000000  
21.942194    -0.087942    0.000000    0.000000    0.070625    0.000000    0.000000    0.054972    0.000000    0.000000  
21.952195    -0.087233    0.000000    0.000000    0.071171    0.000000    0.000000    0.054727    0.000000    0.000000  
21.962196    -0.086519    0.000000    0.000000    0.071714    0.000000    0.000000    0.054487    0.000000    0.000000  
21.972197    -0.085799    0.000000    0.000000    0.072254    0.000000    0.000000    0.054245    0.000000    0.000000  
21.982198    -0.085074    0.000000    0.000000    0.072793    0.000000    0.000000    0.053992    0.000000    0.000000  
21.992199    -0.084344    0.000000    0.000000    0.073330    0.000000    0.000000    0.053721    0.000000    0.000000  
22.002200    -0.083608    0.000000    0.000000    0.073865    0.000000    0.000000    0.053425    0.000000    0.000000  
22.012201    -0.082866    0.000000    0.000000    0.074399    0.000000    0.000000    0.053097    0.000000    0.000000  
22.022202    -0.082119    0.000000    0.000000    0.074931    0.000000    0.000000    0.052737    0.000000    0.000000  
22.032203    -0.081367    0.000000    0.000000    0.075460    0.000000    0.000000    0.052343    0.000000    0.000000  
22.042204    -0.080610    0.000000    0.000000    0.075985    0.000000    0.000000    0.051915    0.000000    0.000000  
22.052205    -0.079847    0.000000    0.000000    0.076506    0.000000    0.000000    0.051452    0.000000    0.000000  
22.062206    -0.079079    0.000000    0.000000    0.077023    0.000000    0.000000    0.050954    0.000000    0.000000  
22.072207    -0.078306    0.000000    0.000000    0.077533    0.000000    0.000000    0.050419    0.000000    0.000000  
22.082208    -0.077528    0.000000    0.000000    0.078038    0.000000    0.000000    0.049848    0.000000    0.000000  
22.092209    -0.076745    0.000000    0.000000    0.078535    0.000000    0.000000    0.049239    0.000000    0.000000  
22.102210    -0.075957    0.000000    0.000000    0.079025    0.000000    0.000000    0.048591    0.000000    0.000000  
22.112211    -0.075164    0.000000    0.000000    0.079506    0.000000    0.000000    0.047907    0.000000    0.000000  
22.122212    -0.074367    0.000000    0.000000    0.079980    0.000000    0.000000    0.047196    0.000000    0.000000  
22.132213    -0.073565    0.000000    0.000000    0.080446    0.000000    0.000000    0.046466    0.000000    0.000000  
22.142214    -0.072758    0.000000    0.000000    0.080904    0.000000    0.000000    0.045726    0.000000    0.000000  
22.152215    -0.071946    0.000000    0.000000    0.081356    0.000000    0.000000    0.044986    0.000000    0.000000  
22.162216    -0.071131    0.000000    0.000000    0.081800    0.000000    0.000000    0.044255    0.000000    0.000000  
22.172217    -0.070310    0.000000    0.000000    0.082238    0.000000    0.000000    0.043543    0.000000    0.000000  
22.182218    -0.069486    0.000000    0.000000    0.082669    0.000000    0.000000    0.042858    0.000000    0.000000  
22.192219    -0.068657    0.000000    0.000000    0.083094    0.000000    0.000000    0.042209    0.000000    0.000000  
22.202220    -0.067824    0.000000    0.000000    0.083513    0.000000    0.000000    0.041606    0.000000    0.000000  
22.212221    -0.066986    0.000000    0.000000    0.083926    0.000000    0.000000    0.041053    0.000000    0.000000  
22.222222    -0.066145    0.000000    0.000000    0.084334    0.000000    0.000000    0.040546    0.000000    0.000000  
22.232223    -0.065299    0.000000    0.000000    0.084737    0.000000    0.000000    0.040078    0.000000    0.000000  
22.242224    -0.064450    0.000000    0.000000    0.085135    0.000000    0.000000    0.039644    0.000000    0.000000  
22.252225    -0.063597    0.000000    0.000000    0.085528    0.000000    0.000000    0.039238    0.000000    0.000000  
22.262226    -0.062739    0.000000    0.000000    0.085918    0.000000    0.000000    0.038854    0.000000    0.000000  
22.272227    -0.061878    0.000000    0.000000    0.086303    0.000000    0.000000    0.038485    0.000000    0.000000  
22.282228    -0.061013    0.000000    0.000000    0.086685    0.000000    0.000000    0.038127    0.000000    0.000000  
22.292229    -0.060144    0.000000    0.000000    0.087064    0.000000    0.000000    0.037772    0.000000    0.000000  
22.302230    -0.059271    0.000000    0.000000    0.087440    0.000000    0.000000    0.037415    0.000000    0.000000  
22.312231    -0.058395    0.000000    0.000000    0.087813    0.000000    0.000000    0.037051    0.000000    0.000000  
22.322232    -0.057515    0.000000    0.000000    0.088182    0.000000    0.000000    0.036674    0.000000    0.000000  
22.332233    -0.056631    0.000000    0.000000    0.088549    0.000000    0.000000    0.036280    0.000000    0.000000  
22.342234    -0.055744    0.000000    0.000000    0.088911    0.000000    0.000000    0.035864    0.000000    0.000000  
22.352235    -0.054853    0.000000    0.000000    0.089268    0.000000    0.000000    0.035420    0.000000    0.000000  
22.362236    -0.053959    0.000000    0.000000    0.089621    0.000000    0.000000    0.034945    0.000000    0.000000  
22.372237    -0.053061    0.000000    0.000000    0.089969    0.000000    0.000000    0.034433    0.000000    0.000000  
22.382238    -0.052160    0.000000    0.000000    0.090311    0.000000    0.000000    0.033879    0.000000    0.000000  
22.392239    -0.051255    0.000000    0.000000    0.090647    0.000000    0.000000    0.033279    0.000000    0.000000  
22.402240    -0.050347    0.000000    0.000000    0.090977    0.000000    0.000000    0.032628    0.000000    0.000000  
22.412241    -0.049435    0.000000    0.000000    0.091300    0.000000    0.000000    0.031925    0.000000    0.000000  
22.422242    -0.048521    0.000000    0.000000    0.091616    0.000000    0.000000    0.031179    0.000000    0.000000  
22.432243    -0.047603    0.000000    0.000000    0.091924    0.000000    0.000000    0.030402    0.000000    0.000000  
22.442244    -0.046681    0.000000    0.000000    0.092226    0.000000    0.000000    0.029603    0.000000    0.000000  
22.452245    -0.045757    0.000000    0.000000    0.092520    0.000000    0.000000    0.028793    0.000000    0.000000  
22.462246    -0.044830    0.000000    0.000000    0.092806    0.000000    0.000000    0.027981    0.000000    0.000000  
22.472247    -0.043901    0.000000    0.000000    0.093084    0.000000    0.000000    0.027180    0.000000    0.000000  
22.482248    -0.042968    0.000000    0.000000    0.093354    0.000000    0.000000    0.026398    0.000000    0.000000  
22.492249    -0.042033    0.000000    0.000000    0.093616    0.000000    0.000000    0.025646    0.000000    0.000000  
22.502250    -0.041096    0.000000    0.000000    0.093869    0.000000    0.000000    0.024935    0.000000    0.000000  
22.512251    -0.040156    0.000000    0.000000    0.094114    0.000000    0.000000    0.024271    0.000000    0.000000  
22.522252    -0.039213    0.000000    0.000000    0.094351    0.000000    0.000000    0.023652    0.000000    0.000000  
22.532253    -0.038269    0.000000    0.000000    0.094581    0.000000    0.000000    0.023075    0.000000    0.000000  
22.542254    -0.037322    0.000000    0.000000    0.094805    0.000000    0.000000    0.022537    0.000000    0.000000  
22.552255    -0.036373    0.000000    0.000000    0.095023    0.000000    0.000000    0.022035    0.000000    0.000000  
22.562256    -0.035421    0.000000    0.000000    0.095236    0.000000    0.000000    0.021566    0.000000    0.000000  
22.572257    -0.034468    0.000000    0.000000    0.095445    0.000000    0.000000    0.021126    0.000000    0.000000  
22.582258    -0.033512    0.000000    0.000000    0.095651    0.000000    0.000000    0.020714    0.000000    0.000000  
22.592259    -0.032554    0.000000    0.000000    0.095854    0.000000    0.000000    0.020326    0.000000    0.000000  
22.602260    -0.031595    0.000000    0.000000    0.096055    0.000000    0.000000    0.019958    0.000000    0.000000  
22.612261    -0.030633    0.000000    0.000000    0.096254    0.000000    0.000000    0.019606    0.000000    0.000000  
22.622262    -0.029670    0.000000    0.000000    0.096451    0.000000    0.000000    0.019260    0.000000    0.000000  
22.632263    -0.028704    0.000000    0.000000    0.096645    0.000000    0.000000    0.018909    0.000000    0.000000  
22.642264    -0.027737    0.000000    0.000000    0.096836    0.000000    0.000000    0.018542    0.000000    0.000000  
22.652265    -0.026768    0.000000    0.000000    0.097023    0.000000    0.000000    0.018148    0.000000    0.000000  
22.662266    -0.025797    0.000000    0.000000    0.097205    0.000000    0.000000    0.017718    0.000000    0.000000  
22.672267    -0.024824    0.000000    0.000000    0.097382    0.000000    0.000000    0.017241    0.000000    0.000000  
22.682268    -0.023849    0.000000    0.000000    0.097553    0.000000    0.000000    0.016705    0.000000    0.000000  
22.692269    -0.022873    0.000000    0.000000    0.097718    0.000000    0.000000    0.016100    0.000000    0.000000  
22.702270    -0.021895    0.000000    0.000000    0.097876    0.000000    0.000000    0.015417    0.000000    0.000000  
22.712271    -0.020915    0.000000    0.000000    0.098026    0.000000    0.000000    0.014651    0.000000    0.000000  
22.722272    -0.019934    0.000000    0.000000    0.098168    0.000000    0.000000    0.013816    0.000000    0.000000  
22.732273    -0.018951    0.000000    0.000000    0.098303    0.000000    0.000000    0.012927    0.000000    0.000000  
22.742274    -0.017967    0.000000    0.000000    0.098429    0.000000    0.000000    0.011999    0.000000    0.000000  
22.752275    -0.016982    0.000000    0.000000    0.098546    0.000000    0.000000    0.011049    0.000000    0.000000  
22.762276    -0.015996    0.000000    0.000000    0.098654    0.000000    0.000000    0.010090    0.000000    0.000000  
22.772277    -0.015008    0.000000    0.000000    0.098753    0.000000    0.000000    0.009137    0.000000    0.000000  
22.782278    -0.014020    0.000000    0.000000    0.098843    0.000000    0.000000    0.008207    0.000000    0.000000  
22.792279    -0.013031    0.000000    0.000000    0.098922    0.000000    0.000000    0.007314    0.000000    0.000000  
22.802280    -0.012041    0.000000    0.000000    0.098992    0.000000    0.000000    0.006474    0.000000    0.000000  
22.812281    -0.011051    0.000000    0.000000    0.099051    0.000000    0.000000    0.005695    0.000000    0.000000  
22.822282    -0.010060    0.000000    0.000000    0.099101    0.000000    0.000000    0.004975    0.000000    0.000000  
22.832283    -0.009069    0.000000    0.000000    0.099143    0.000000    0.000000    0.004310    0.000000    0.000000  
22.842284    -0.008077    0.000000    0.000000    0.099177    0.000000    0.000000    0.003694    0.000000    0.000000  
22.852285    -0.007085    0.000000    0.000000    0.099205    0.000000    0.000000    0.003125    0.000000    0.000000  
22.862286    -0.006093    0.000000    0.000000    0.099228    0.000000    0.000000    0.002596    0.000000    0.000000  
22.872287    -0.005101    0.000000    0.000000    0.099245    0.000000    0.000000    0.002105    0.000000    0.000000  
22.882288    -0.004108    0.000000    0.000000    0.099259    0.000000    0.000000    0.001647    0.000000    0.000000  
22.892289    -0.003115    0.000000    0.000000    0.099271    0.000000    0.000000    0.001217    0.000000    0.000000  
22.902290    -0.002122    0.000000    0.000000    0.099280    0.000000    0.000000    0.000811    0.000000    0.000000  
22.912291    -0.001129    0.000000    0.000000    0.099288    0.000000    0.000000    0.000423    0.000000    0.000000  
22.922292    -0.000136    0.000000    0.000000    0.099294    0.000000    0.000000    0.000043    0.000000    0.000000  
22.932293    0.000856    0.000000    0.000000    0.099297    0.000000    0.000000    -0.000338    0.000000    0.000000  
22.942294    0.001849    0.000000    0.000000    0.099297    0.000000    0.000000    -0.000731    0.000000    0.000000  
22.952295    0.002842    0.000000    0.000000    0.099293    0.000000    0.000000    -0.001145    0.000000    0.000000  
22.962296    0.003835    0.000000    0.000000    0.099284    0.000000    0.000000    -0.001590    0.000000    0.000000  
22.972297    0.004827    0.000000    0.000000    0.099269    0.000000    0.000000    -0.002077    0.000000    0.000000  
22.982298    0.005820    0.000000    0.000000    0.099249    0.000000    0.000000    -0.002615    0.000000    0.000000  
22.992299    0.006812    0.000000    0.000000    0.099221    0.000000    0.000000    -0.003214    0.000000    0.000000  
23.002300    0.007804    0.000000    0.000000    0.099186    0.000000    0.000000    -0.003884    0.000000    0.000000  
23.012301    0.008796    0.000000    0.000000    0.099143    0.000000    0.000000    -0.004627    0.000000    0.000000  
23.022302    0.009787    0.000000    0.000000    0.099092    0.000000    0.000000    -0.005430    0.000000    0.000000  
23.032303    0.010779    0.000000    0.000000    0.099032    0.000000    0.000000    -0.006278    0.000000    0.000000  
23.042304    0.011769    0.000000    0.000000    0.098964    0.000000    0.000000    -0.007155    0.000000    0.000000  
23.052305    0.012759    0.000000    0.000000    0.098889    0.000000    0.000000    -0.008046    0.000000    0.000000  
23.062306    0.013748    0.000000    0.000000    0.098804    0.000000    0.000000    -0.008935    0.000000    0.000000  
23.072307    0.014736    0.000000    0.000000    0.098712    0.000000    0.000000    -0.009808    0.000000    0.000000  
23.082308    0.015723    0.000000    0.000000    0.098611    0.000000    0.000000    -0.010648    0.000000    0.000000  
23.092309    0.016709    0.000000    0.000000    0.098501    0.000000    0.000000    -0.011440    0.000000    0.000000  
23.102310    0.017693    0.000000    0.000000    0.098383    0.000000    0.000000    -0.012170    0.000000    0.000000  
23.112311    0.018677    0.000000    0.000000    0.098257    0.000000    0.000000    -0.012828    0.000000    0.000000  
23.122312    0.019658    0.000000    0.000000    0.098124    0.000000    0.000000    -0.013423    0.000000    0.000000  
23.132313    0.020639    0.000000    0.000000    0.097983    0.000000    0.000000    -0.013963    0.000000    0.000000  
23.142314    0.021618    0.000000    0.000000    0.097837    0.000000    0.000000    -0.014457    0.000000    0.000000  
23.152315    0.022595    0.000000    0.000000    0.097685    0.000000    0.000000    -0.014914    0.000000    0.000000  
23.162316    0.023571    0.000000    0.000000    0.097528    0.000000    0.000000    -0.015343    0.000000    0.000000  
23.172317    0.024545    0.000000    0.000000    0.097367    0.000000    0.000000    -0.015753    0.000000    0.000000  
23.182318    0.025518    0.000000    0.000000    0.097203    0.000000    0.000000    -0.016152    0.000000    0.000000  
23.192319    0.026489    0.000000    0.000000    0.097037    0.000000    0.000000    -0.016550    0.000000    0.000000  
23.202320    0.027459    0.000000    0.000000    0.096869    0.000000    0.000000    -0.016956    0.000000    0.000000  
23.212321    0.028427    0.000000    0.000000    0.096699    0.000000    0.000000    -0.017377    0.000000    0.000000  
23.222322    0.029393    0.000000    0.000000    0.096527    0.000000    0.000000    -0.017817    0.000000    0.000000  
23.232323    0.030358    0.000000    0.000000    0.096352    0.000000    0.000000    -0.018279    0.000000    0.000000  
23.242324    0.031320    0.000000    0.000000    0.096173    0.000000    0.000000    -0.018768    0.000000    0.000000  
23.252325    0.032281    0.000000    0.000000    0.095989    0.000000    0.000000    -0.019287    0.000000    0.000000  
23.262326    0.033240    0.000000    0.000000    0.095799    0.000000    0.000000    -0.019839    0.000000    0.000000  
23.272327    0.034197    0.000000    0.000000    0.095603    0.000000    0.000000    -0.020429    0.000000    0.000000  
23.282328    0.035152    0.000000    0.000000    0.095400    0.000000    0.000000    -0.021059    0.000000    0.000000  
23.292329    0.036105    0.000000    0.000000    0.095188    0.000000    0.000000    -0.021734    0.000000    0.000000  
23.302330    0.037056    0.000000    0.000000    0.094968    0.000000    0.000000    -0.022458    0.000000    0.000000  
23.312331    0.038005    0.000000    0.000000    0.094738    0.000000    0.000000    -0.023228    0.000000    0.000000  
23.322332    0.038951    0.000000    0.000000    0.094499    0.000000    0.000000    -0.024035    0.000000    0.000000  
23.332333    0.039895    0.000000    0.000000    0.094251    0.000000    0.000000    -0.024867    0.000000    0.000000  
23.342334    0.040837    0.000000    0.000000    0.093995    0.000000    0.000000    -0.025712    0.000000    0.000000  
23.352335    0.041776    0.000000    0.000000    0.093730    0.000000    0.000000    -0.026558    0.000000    0.000000  
23.362336    0.042712    0.000000    0.000000    0.093458    0.000000    0.000000    -0.027394    0.000000    0.000000  
23.372337    0.043646    0.000000    0.000000    0.093178    0.000000    0.000000    -0.028209    0.000000    0.000000  
23.382338    0.044577    0.000000    0.000000    0.092890    0.000000    0.000000    -0.028989    0.000000    0.000000  
23.392339    0.045504    0.000000    0.000000    0.092596    0.000000    0.000000    -0.029725    0.000000    0.000000  
23.402340    0.046429    0.000000    0.000000    0.092295    0.000000    0.000000    -0.030403    0.000000    0.000000  
23.412341    0.047350    0.000000    0.000000    0.091988    0.000000    0.000000    -0.031018    0.000000    0.000000  
23.422342    0.048268    0.000000    0.000000    0.091675    0.000000    0.000000    -0.031577    0.000000    0.000000  
23.432343    0.049183    0.000000    0.000000    0.091357    0.000000    0.000000    -0.032087    0.000000    0.000000  
23.442344    0.050095    0.000000    0.000000    0.091033    0.000000    0.000000    -0.032555    0.000000    0.000000  
23.452345    0.051004    0.000000    0.000000    0.090704    0.000000    0.000000    -0.032989    0.000000    0.000000  
23.462346    0.051909    0.000000    0.000000    0.090371    0.000000    0.000000    -0.033397    0.000000    0.000000  
23.472347    0.052811    0.000000    0.000000    0.090034    0.000000    0.000000    -0.033786    0.000000    0.000000  
23.482348    0.053709    0.000000    0.000000    0.089693    0.000000    0.000000    -0.034164    0.000000    0.000000  
23.492349    0.054605    0.000000    0.000000    0.089349    0.000000    0.000000    -0.034539    0.000000    0.000000  
23.502350    0.055496    0.000000    0.000000    0.089001    0.000000    0.000000    -0.034917    0.000000    0.000000  
23.512351    0.056385    0.000000    0.000000    0.088651    0.000000    0.000000    -0.035306    0.000000    0.000000  
23.522352    0.057270    0.000000    0.000000    0.088297    0.000000    0.000000    -0.035707    0.000000    0.000000  
23.532353    0.058151    0.000000    0.000000    0.087940    0.000000    0.000000    -0.036122    0.000000    0.000000  
23.542354    0.059029    0.000000    0.000000    0.087578    0.000000    0.000000    -0.036555    0.000000    0.000000  
23.552355    0.059903    0.000000    0.000000    0.087212    0.000000    0.000000    -0.037006    0.000000    0.000000  
23.562356    0.060774    0.000000    0.000000    0.086842    0.000000    0.000000    -0.037479    0.000000    0.000000  
23.572357    0.061640    0.000000    0.000000    0.086466    0.000000    0.000000    -0.037975    0.000000    0.000000  
23.582358    0.062503    0.000000    0.000000    0.086085    0.000000    0.000000    -0.038497    0.000000    0.000000  
23.592359    0.063362    0.000000    0.000000    0.085698    0.000000    0.000000    -0.039046    0.000000    0.000000  
23.602360    0.064217    0.000000    0.000000    0.085305    0.000000    0.000000    -0.039626    0.000000    0.000000  
23.612361    0.065069    0.000000    0.000000    0.084905    0.000000    0.000000    -0.040235    0.000000    0.000000  
23.622362    0.065916    0.000000    0.000000    0.084499    0.000000    0.000000    -0.040870    0.000000    0.000000  
23.632363    0.066759    0.000000    0.000000    0.084086    0.000000    0.000000    -0.041526    0.000000    0.000000  
23.642364    0.067597    0.000000    0.000000    0.083666    0.000000    0.000000    -0.042199    0.000000    0.000000  
23.652365    0.068432    0.000000    0.000000    0.083240    0.000000    0.000000    -0.042883    0.000000    0.000000  
23.662366    0.069262    0.000000    0.000000    0.082808    0.000000    0.000000    -0.043575    0.000000    0.000000  
23.672367    0.070088    0.000000    0.000000    0.082368    0.000000    0.000000    -0.044270    0.000000    0.000000  
23.682368    0.070910    0.000000    0.000000    0.081922    0.000000    0.000000    -0.044962    0.000000    0.000000  
23.692369    0.071727    0.000000    0.000000    0.081469    0.000000    0.000000    -0.045648    0.000000    0.000000  
23.702370    0.072539    0.000000    0.000000    0.081009    0.000000    0.000000    -0.046322    0.000000    0.000000  
23.712371    0.073347    0.000000    0.000000    0.080542    0.000000    0.000000    -0.046981    0.000000    0.000000  
23.722372    0.074150    0.000000    0.000000    0.080069    0.000000    0.000000    -0.047621    0.000000    0.000000  
23.732373    0.074949    0.000000    0.000000    0.079590    0.000000    0.000000    -0.048237    0.000000    0.000000  
23.742374    0.075742    0.000000    0.000000    0.079105    0.000000    0.000000    -0.048828    0.000000    0.000000  
23.752375    0.076531    0.000000    0.000000    0.078614    0.000000    0.000000    -0.049389    0.000000    0.000000  
23.762376    0.077315    0.000000    0.000000    0.078118    0.000000    0.000000    -0.049916    0.000000    0.000000  
23.772377    0.078094    0.000000    0.000000    0.077616    0.000000    0.000000    -0.050407    0.000000    0.000000  
23.782378    0.078868    0.000000    0.000000    0.077111    0.000000    0.000000    -0.050857    0.000000    0.000000  
23.792379    0.079636    0.000000    0.000000    0.076600    0.000000    0.000000    -0.051264    0.000000    0.000000  
23.802380    0.080400    0.000000    0.000000    0.076086    0.000000    0.000000    -0.051623    0.000000    0.000000  
23.812381    0.081158    0.000000    0.000000    0.075568    0.000000    0.000000    -0.051936    0.000000    0.000000  
23.822382    0.081911    0.000000    0.000000    0.075046    0.000000    0.000000    -0.052210    0.000000    0.000000  
23.832383    0.082659    0.000000    0.000000    0.074521    0.000000    0.000000    -0.052457    0.000000    0.000000  
23.842384    0.083401    0.000000    0.000000    0.073992    0.000000    0.000000    -0.052686    0.000000    0.000000  
23.852385    0.084139    0.000000    0.000000    0.073461    0.000000    0.000000    -0.052907    0.000000    0.000000  
23.862386    0.084871    0.000000    0.000000    0.072928    0.000000    0.000000    -0.053130    0.000000    0.000000  
23.872387    0.085597    0.000000    0.000000    0.072392    0.000000    0.000000    -0.053365    0.000000    0.000000  
23.882388    0.086318    0.000000    0.000000    0.071854    0.000000    0.000000    -0.053621    0.000000    0.000000  
23.892389    0.087034    0.000000    0.000000    0.071314    0.000000    0.000000    -0.053909    0.000000    0.000000  
23.902390    0.087745    0.000000    0.000000    0.070773    0.000000    0.000000    -0.054238    0.000000    0.000000  
23.912391    0.088450    0.000000    0.000000    0.070230    0.000000    0.000000    -0.054614    0.000000    0.000000  
23.922392    0.089150    0.000000    0.000000    0.069685    0.000000    0.000000    -0.055033    0.000000    0.000000  
23.932393    0.089844    0.000000    0.000000    0.069137    0.000000    0.000000    -0.055491    0.000000    0.000000  
23.942394    0.090532    0.000000    0.000000    0.068585    0.000000    0.000000    -0.055981    0.000000    0.000000  
23.952395    0.091215    0.000000    0.000000    0.068029    0.000000    0.000000    -0.056499    0.000000    0.000000  
23.962396    0.091893    0.000000    0.000000    0.067467    0.000000    0.000000    -0.057041    0.000000    0.000000  
23.972397    0.092565    0.000000    0.000000    0.066900    0.000000    0.000000    -0.057601    0.000000    0.000000  
23.982398    0.093231    0.000000    0.000000    0.066326    0.000000    0.000000    -0.058174    0.000000    0.000000  
23.992399    0.093891    0.000000    0.000000    0.065744    0.000000    0.000000    -0.058757    0.000000    0.000000  
24.002400    0.094546    0.000000    0.000000    0.065154    0.000000    0.000000    -0.059342    0.000000    0.000000  
24.012401    0.095194    0.000000    0.000000    0.064556    0.000000    0.000000    -0.059927    0.000000    0.000000  
24.022402    0.095837    0.000000    0.000000    0.063950    0.000000    0.000000    -0.060505    0.000000    0.000000  
24.032403    0.096474    0.000000    0.000000    0.063336    0.000000    0.000000    -0.061074    0.000000    0.000000  
24.042404    0.097105    0.000000    0.000000    0.062717    0.000000    0.000000    -0.061628    0.000000    0.000000  
24.052405    0.097729    0.000000    0.000000    0.062091    0.000000    0.000000    -0.062162    0.000000    0.000000  
24.062406    0.098347    0.000000    0.000000    0.061461    0.000000    0.000000    -0.062672    0.000000    0.000000  
24.072407    0.098959    0.000000    0.000000    0.060827    0.000000    0.000000    -0.063153    0.000000    0.000000  
24.082408    0.099565    0.000000    0.000000    0.060189    0.000000    0.000000    -0.063602    0.000000    0.000000  
24.092409    0.100163    0.000000    0.000000    0.059548    0.000000    0.000000    -0.064013    0.000000    0.000000  
24.102410    0.100756    0.000000    0.000000    0.058905    0.000000    0.000000    -0.064382    0.000000    0.000000  
24.112411    0.101342    0.000000    0.000000    0.058261    0.000000    0.000000    -0.064707    0.000000    0.000000  
24.122412    0.101921    0.000000    0.000000    0.057615    0.000000    0.000000    -0.064997    0.000000    0.000000  
24.132413    0.102493    0.000000    0.000000    0.056968    0.000000    0.000000    -0.065258    0.000000    0.000000  
24.142414    0.103059    0.000000    0.000000    0.056318    0.000000    0.000000    -0.065498    0.000000    0.000000  
24.152415    0.103619    0.000000    0.000000    0.055665    0.000000    0.000000    -0.065724    0.000000    0.000000  
24.162416    0.104172    0.000000    0.000000    0.055010    0.000000    0.000000    -0.065945    0.000000    0.000000  
24.172417    0.104718    0.000000    0.000000    0.054352    0.000000    0.000000    -0.066168    0.000000    0.000000  
24.182418    0.105258    0.000000    0.000000    0.053692    0.000000    0.000000    -0.066400    0.000000    0.000000  
24.192419    0.105791    0.000000    0.000000    0.053027    0.000000    0.000000    -0.066649    0.000000    0.000000  
24.202420    0.106318    0.000000    0.000000    0.052360    0.000000    0.000000    -0.066923    0.000000    0.000000  
24.212421    0.106839    0.000000    0.000000    0.051688    0.000000    0.000000    -0.067225    0.000000    0.000000  
24.222422    0.107352    0.000000    0.000000    0.051013    0.000000    0.000000    -0.067550    0.000000    0.000000  
24.232423    0.107860    0.000000    0.000000    0.050335    0.000000    0.000000    -0.067894    0.000000    0.000000  
24.242424    0.108360    0.000000    0.000000    0.049653    0.000000    0.000000    -0.068249    0.000000    0.000000  
24.252425    0.108854    0.000000    0.000000    0.048968    0.000000    0.000000    -0.068610    0.000000    0.000000  
24.262426    0.109341    0.000000    0.000000    0.048279    0.000000    0.000000    -0.068973    0.000000    0.000000  
24.272427    0.109821    0.000000    0.000000    0.047587    0.000000    0.000000    -0.069330    0.000000    0.000000  
24.282428    0.110294    0.000000    0.000000    0.046891    0.000000    0.000000    -0.069677    0.000000    0.000000  
24.292429    0.110760    0.000000    0.000000    0.046193    0.000000    0.000000    -0.070007    0.000000    0.000000  
24.302430    0.111218    0.000000    0.000000    0.045491    0.000000    0.000000    -0.070315    0.000000    0.000000  
24.312431    0.111669    0.000000    0.000000    0.044786    0.000000    0.000000    -0.070599    0.000000    0.000000  
24.322432    0.112113    0.000000    0.000000    0.044079    0.000000    0.000000    -0.070861    0.000000    0.000000  
24.332433    0.112550    0.000000    0.000000    0.043368    0.000000    0.000000    -0.071105    0.000000    0.000000  
24.342434    0.112980    0.000000    0.000000    0.042655    0.000000    0.000000    -0.071334    0.000000    0.000000  
24.352435    0.113402    0.000000    0.000000    0.041940    0.000000    0.000000    -0.071554    0.000000    0.000000  
24.362436    0.113817    0.000000    0.000000    0.041222    0.000000    0.000000    -0.071766    0.000000    0.000000  
24.372437    0.114226    0.000000    0.000000    0.040502    0.000000    0.000000    -0.071976    0.000000    0.000000  
24.382438    0.114627    0.000000    0.000000    0.039780    0.000000    0.000000    -0.072186    0.000000    0.000000  
24.392439    0.115021    0.000000    0.000000    0.039057    0.000000    0.000000    -0.072401    0.000000    0.000000  
24.402440    0.115407    0.000000    0.000000    0.038331    0.000000    0.000000    -0.072624    0.000000    0.000000  
24.412441    0.115787    0.000000    0.000000    0.037604    0.000000    0.000000    -0.072857    0.000000    0.000000  
24.422442    0.116160    0.000000    0.000000    0.036876    0.000000    0.000000    -0.073097    0.000000    0.000000  
24.432443    0.116526    0.000000    0.000000    0.036145    0.000000    0.000000    -0.073341    0.000000    0.000000  
24.442444    0.116884    0.000000    0.000000    0.035413    0.000000    0.000000    -0.073587    0.000000    0.000000  
24.452445    0.117235    0.000000    0.000000    0.034678    0.000000    0.000000    -0.073831    0.000000    0.000000  
24.462446    0.117579    0.000000    0.000000    0.033940    0.000000    0.000000    -0.074070    0.000000    0.000000  
24.472447    0.117915    0.000000    0.000000    0.033201    0.000000    0.000000    -0.074302    0.000000    0.000000  
24.482448    0.118244    0.000000    0.000000    0.032458    0.000000    0.000000    -0.074523    0.000000    0.000000  
24.492449    0.118565    0.000000    0.000000    0.031713    0.000000    0.000000    -0.074730    0.000000    0.000000  
24.502450    0.118878    0.000000    0.000000    0.030965    0.000000    0.000000    -0.074921    0.000000    0.000000  
24.512451    0.119184    0.000000    0.000000    0.030214    0.000000    0.000000    -0.075095    0.000000    0.000000  
24.522452    0.119482    0.000000    0.000000    0.029460    0.000000    0.000000    -0.075257    0.000000    0.000000  
24.532453    0.119773    0.000000    0.000000    0.028704    0.000000    0.000000    -0.075413    0.000000    0.000000  
24.542454    0.120055    0.000000    0.000000    0.027945    0.000000    0.000000    -0.075569    0.000000    0.000000  
24.552455    0.120331    0.000000    0.000000    0.027185    0.000000    0.000000    -0.075731    0.000000    0.000000  
24.562456    0.120598    0.000000    0.000000    0.026422    0.000000    0.000000    -0.075905    0.000000    0.000000  
24.572457    0.120858    0.000000    0.000000    0.025658    0.000000    0.000000    -0.076097    0.000000    0.000000  
24.582458    0.121111    0.000000    0.000000    0.024893    0.000000    0.000000    -0.076311    0.000000    0.000000  
24.592459    0.121356    0.000000    0.000000    0.024126    0.000000    0.000000    -0.076555    0.000000    0.000000  
24.602460    0.121593    0.000000    0.000000    0.023359    0.000000    0.000000    -0.076834    0.000000    0.000000  
24.612461    0.121823    0.000000    0.000000    0.022590    0.000000    0.000000    -0.077147    0.000000    0.000000  
24.622462    0.122045    0.000000    0.000000    0.021821    0.000000    0.000000    -0.077477    0.000000    0.000000  
24.632463    0.122260    0.000000    0.000000    0.021050    0.000000    0.000000    -0.077807    0.000000    0.000000  
24.642464    0.122467    0.000000    0.000000    0.020278    0.000000    0.000000    -0.078120    0.000000    0.000000  
24.652465    0.122666    0.000000    0.000000    0.019504    0.000000    0.000000    -0.078397    0.000000    0.000000  
24.662466    0.122858    0.000000    0.000000    0.018729    0.000000    0.000000    -0.078622    0.000000    0.000000  
24.672467    0.123042    0.000000    0.000000    0.017950    0.000000    0.000000    -0.078777    0.000000    0.000000  
24.682468    0.123217    0.000000    0.000000    0.017170    0.000000    0.000000    -0.078843    0.000000    0.000000  
24.692469    0.123385    0.000000    0.000000    0.016387    0.000000    0.000000    -0.078805    0.000000    0.000000  
24.702470    0.123545    0.000000    0.000000    0.015600    0.000000    0.000000    -0.078643    0.000000    0.000000  
24.712471    0.123697    0.000000    0.000000    0.014811    0.000000    0.000000    -0.078355    0.000000    0.000000  
24.722472    0.123841    0.000000    0.000000    0.014021    0.000000    0.000000    -0.077963    0.000000    0.000000  
24.732473    0.123978    0.000000    0.000000    0.013231    0.000000    0.000000    -0.077493    0.000000    0.000000  
24.742474    0.124106    0.000000    0.000000    0.012443    0.000000    0.000000    -0.076972    0.000000    0.000000  
24.752475    0.124226    0.000000    0.000000    0.011658    0.000000    0.000000    -0.076425    0.000000    0.000000  
24.762476    0.124339    0.000000    0.000000    0.010878    0.000000    0.000000    -0.075878    0.000000    0.000000  
24.772477    0.124444    0.000000    0.000000    0.010105    0.000000    0.000000    -0.075358    0.000000    0.000000  
24.782478    0.124542    0.000000    0.000000    0.009339    0.000000    0.000000    -0.074891    0.000000    0.000000  
24.792479    0.124631    0.000000    0.000000    0.008582    0.000000    0.000000    -0.074502    0.000000    0.000000  
24.802480    0.124713    0.000000    0.000000    0.007836    0.000000    0.000000    -0.074218    0.000000    0.000000  
24.812481    0.124788    0.000000    0.000000    0.007101    0.000000    0.000000    -0.074056    0.000000    0.000000  
24.822482    0.124855    0.000000    0.000000    0.006375    0.000000    0.000000    -0.074017    0.000000    0.000000  
24.832483    0.124915    0.000000    0.000000    0.005653    0.000000    0.000000    -0.074101    0.000000    0.000000  
24.842484    0.124967    0.000000    0.000000    0.004933    0.000000    0.000000    -0.074308    0.000000    0.000000  
24.852485    0.125012    0.000000    0.000000    0.004212    0.000000    0.000000    -0.074637    0.000000    0.000000  
24.862486    0.125049    0.000000    0.000000    0.003486    0.000000    0.000000    -0.075087    0.000000    0.000000  
24.872487    0.125079    0.000000    0.000000    0.002753    0.000000    0.000000    -0.075657    0.000000    0.000000  
24.882488    0.125102    0.000000    0.000000    0.002010    0.000000    0.000000    -0.076348    0.000000    0.000000  
24.892489    0.125118    0.000000    0.000000    0.001253    0.000000    0.000000    -0.077159    0.000000    0.000000  
24.902490    0.125126    0.000000    0.000000    0.000479    0.000000    0.000000    -0.078089    0.000000    0.000000  
24.912491    0.125128    0.000000    0.000000    -0.000313    0.000000    0.000000    -0.079124    0.000000    0.000000  
24.922492    0.125121    0.000000    0.000000    -0.001122    0.000000    0.000000    -0.080224    0.000000    0.000000  
24.932493    0.125108    0.000000    0.000000    -0.001945    0.000000    0.000000    -0.081348    0.000000    0.000000  
24.942494    0.125086    0.000000    0.000000    -0.002780    0.000000    0.000000    -0.082454    0.000000    0.000000  
24.952495    0.125056    0.000000    0.000000    -0.003626    0.000000    0.000000    -0.083498    0.000000    0.000000  
24.962496    0.125017    0.000000    0.000000    -0.004479    0.000000    0.000000    -0.084439    0.000000    0.000000  
24.972497    0.124970    0.000000    0.000000    -0.005338    0.000000    0.000000    -0.085235    0.000000    0.000000  
24.982498    0.124914    0.000000    0.000000    -0.006201    0.000000    0.000000    -0.085842    0.000000    0.000000  
24.992499    0.124849    0.000000    0.000000    -0.007065    0.000000    0.000000    -0.086219    0.000000    0.000000  
25.002500    0.124774    0.000000    0.000000    -0.007929    0.000000    0.000000    -0.086323    0.000000    0.000000  
25.012501    0.124690    0.000000    0.000000    -0.008790    0.000000    0.000000    -0.086140    0.000000    0.000000  
25.022502    0.124596    0.000000    0.000000    -0.009648    0.000000    0.000000    -0.085705    0.000000    0.000000  
25.032503    0.124494    0.000000    0.000000    -0.010501    0.000000    0.000000    -0.085061    0.000000    0.000000  
25.042504    0.124382    0.000000    0.000000    -0.011348    0.000000    0.000000    -0.084250    0.000000    0.000000  
25.052505    0.124262    0.000000    0.000000    -0.012188    0.000000    0.000000    -0.083316    0.000000    0.000000  
25.062506    0.124134    0.000000    0.000000    -0.013020    0.000000    0.000000    -0.082299    0.000000    0.000000  
25.072507    0.123998    0.000000    0.000000    -0.013843    0.000000    0.000000    -0.081243    0.000000    0.000000  
25.082508    0.123854    0.000000    0.000000    -0.014655    0.000000    0.000000    -0.080190    0.000000    0.000000  
25.092509    0.123702    0.000000    0.000000    -0.015456    0.000000    0.000000    -0.079182    0.000000    0.000000  
25.102510    0.123544    0.000000    0.000000    -0.016244    0.000000    0.000000    -0.078261    0.000000    0.000000  
25.112511    0.123378    0.000000    0.000000    -0.017020    0.000000    0.000000    -0.077455    0.000000    0.000000  
25.122512    0.123205    0.000000    0.000000    -0.017784    0.000000    0.000000    -0.076758    0.000000    0.000000  
25.132513    0.123025    0.000000    0.000000    -0.018539    0.000000    0.000000    -0.076163    0.000000    0.000000  
25.142514    0.122837    0.000000    0.000000    -0.019286    0.000000    0.000000    -0.075662    0.000000    0.000000  
25.152515    0.122642    0.000000    0.000000    -0.020027    0.000000    0.000000    -0.075247    0.000000    0.000000  
25.162516    0.122440    0.000000    0.000000    -0.020765    0.000000    0.000000    -0.074911    0.000000    0.000000  
25.172517    0.122230    0.000000    0.000000    -0.021501    0.000000    0.000000    -0.074645    0.000000    0.000000  
25.182518    0.122012    0.000000    0.000000    -0.022237    0.000000    0.000000    -0.074442    0.000000    0.000000  
25.192519    0.121786    0.000000    0.000000    -0.022974    0.000000    0.000000    -0.074293    0.000000    0.000000  
25.202520    0.121553    0.000000    0.000000    -0.023715    0.000000    0.000000    -0.074192    0.000000    0.000000  
25.212521    0.121312    0.000000    0.000000    -0.024461    0.000000    0.000000    -0.074130    0.000000    0.000000  
25.222522    0.121063    0.000000    0.000000    -0.025210    0.000000    0.000000    -0.074101    0.000000    0.000000  
25.232523    0.120806    0.000000    0.000000    -0.025963    0.000000    0.000000    -0.074097    0.000000    0.000000  
25.242524    0.120542    0.000000    0.000000    -0.026716    0.000000    0.000000    -0.074111    0.000000    0.000000  
25.252525    0.120270    0.000000    0.000000    -0.027471    0.000000    0.000000    -0.074135    0.000000    0.000000  
25.262526    0.119990    0.000000    0.000000    -0.028225    0.000000    0.000000    -0.074164    0.000000    0.000000  
25.272527    0.119703    0.000000    0.000000    -0.028978    0.000000    0.000000    -0.074189    0.000000    0.000000  
25.282528    0.119409    0.000000    0.000000    -0.029729    0.000000    0.000000    -0.074204    0.000000    0.000000  
25.292529    0.119107    0.000000    0.000000    -0.030476    0.000000    0.000000    -0.074201    0.000000    0.000000  
25.302530    0.118799    0.000000    0.000000    -0.031219    0.000000    0.000000    -0.074173    0.000000    0.000000  
25.312531    0.118483    0.000000    0.000000    -0.031958    0.000000    0.000000    -0.074117    0.000000    0.000000  
25.322532    0.118160    0.000000    0.000000    -0.032692    0.000000    0.000000    -0.074035    0.000000    0.000000  
25.332533    0.117830    0.000000    0.000000    -0.033423    0.000000    0.000000    -0.073928    0.000000    0.000000  
25.342534    0.117493    0.000000    0.000000    -0.034151    0.000000    0.000000    -0.073801    0.000000    0.000000  
25.352535    0.117149    0.000000    0.000000    -0.034877    0.000000    0.000000    -0.073656    0.000000    0.000000  
25.362536    0.116797    0.000000    0.000000    -0.035602    0.000000    0.000000    -0.073496    0.000000    0.000000  
25.372537    0.116438    0.000000    0.000000    -0.036327    0.000000    0.000000    -0.073323    0.000000    0.000000  
25.382538    0.116071    0.000000    0.000000    -0.037052    0.000000    0.000000    -0.073141    0.000000    0.000000  
25.392539    0.115697    0.000000    0.000000    -0.037777    0.000000    0.000000    -0.072951    0.000000    0.000000  
25.402540    0.115316    0.000000    0.000000    -0.038505    0.000000    0.000000    -0.072758    0.000000    0.000000  
25.412541    0.114927    0.000000    0.000000    -0.039235    0.000000    0.000000    -0.072562    0.000000    0.000000  
25.422542    0.114531    0.000000    0.000000    -0.039965    0.000000    0.000000    -0.072361    0.000000    0.000000  
25.432543    0.114127    0.000000    0.000000    -0.040696    0.000000    0.000000    -0.072153    0.000000    0.000000  
25.442544    0.113716    0.000000    0.000000    -0.041426    0.000000    0.000000    -0.071934    0.000000    0.000000  
25.452545    0.113298    0.000000    0.000000    -0.042155    0.000000    0.000000    -0.071703    0.000000    0.000000  
25.462546    0.112872    0.000000    0.000000    -0.042880    0.000000    0.000000    -0.071458    0.000000    0.000000  
25.472547    0.112439    0.000000    0.000000    -0.043602    0.000000    0.000000    -0.071195    0.000000    0.000000  
25.482548    0.112000    0.000000    0.000000    -0.044320    0.000000    0.000000    -0.070912    0.000000    0.000000  
25.492549    0.111553    0.000000    0.000000    -0.045031    0.000000    0.000000    -0.070607    0.000000    0.000000  
25.502550    0.111099    0.000000    0.000000    -0.045737    0.000000    0.000000    -0.070277    0.000000    0.000000  
25.512551    0.110638    0.000000    0.000000    -0.046435    0.000000    0.000000    -0.069923    0.000000    0.000000  
25.522552    0.110170    0.000000    0.000000    -0.047128    0.000000    0.000000    -0.069550    0.000000    0.000000  
25.532553    0.109695    0.000000    0.000000    -0.047814    0.000000    0.000000    -0.069165    0.000000    0.000000  
25.542554    0.109214    0.000000    0.000000    -0.048496    0.000000    0.000000    -0.068774    0.000000    0.000000  
25.552555    0.108725    0.000000    0.000000    -0.049174    0.000000    0.000000    -0.068383    0.000000    0.000000  
25.562556    0.108230    0.000000    0.000000    -0.049848    0.000000    0.000000    -0.067999    0.000000    0.000000  
25.572557    0.107728    0.000000    0.000000    -0.050519    0.000000    0.000000    -0.067628    0.000000    0.000000  
25.582558    0.107220    0.000000    0.000000    -0.051188    0.000000    0.000000    -0.067276    0.000000    0.000000  
25.592559    0.106704    0.000000    0.000000    -0.051857    0.000000    0.000000    -0.066950    0.000000    0.000000  
25.602560    0.106182    0.000000    0.000000    -0.052524    0.000000    0.000000    -0.066656    0.000000    0.000000  
25.612561    0.105654    0.000000    0.000000    -0.053191    0.000000    0.000000    -0.066395    0.000000    0.000000  
25.622562    0.105119    0.000000    0.000000    -0.053857    0.000000    0.000000    -0.066159    0.000000    0.000000  
25.632563    0.104577    0.000000    0.000000    -0.054523    0.000000    0.000000    -0.065937    0.000000    0.000000  
25.642564    0.104028    0.000000    0.000000    -0.055186    0.000000    0.000000    -0.065722    0.000000    0.000000  
25.652565    0.103474    0.000000    0.000000    -0.055847    0.000000    0.000000    -0.065503    0.000000    0.000000  
25.662566    0.102912    0.000000    0.000000    -0.056506    0.000000    0.000000    -0.065271    0.000000    0.000000  
25.672567    0.102344    0.000000    0.000000    -0.057161    0.000000    0.000000    -0.065017    0.000000    0.000000  
25.682568    0.101769    0.000000    0.000000    -0.057813    0.000000    0.000000    -0.064730    0.000000    0.000000  
25.692569    0.101188    0.000000    0.000000    -0.058460    0.000000    0.000000    -0.064402    0.000000    0.000000  
25.702570    0.100600    0.000000    0.000000    -0.059102    0.000000    0.000000    -0.064023    0.000000    0.000000  
25.712571    0.100006    0.000000    0.000000    -0.059740    0.000000    0.000000    -0.063589    0.000000    0.000000  
25.722572    0.099405    0.000000    0.000000    -0.060372    0.000000    0.000000    -0.063111    0.000000    0.000000  
25.732573    0.098798    0.000000    0.000000    -0.060999    0.000000    0.000000    -0.062597    0.000000    0.000000  
25.742574    0.098184    0.000000    0.000000    -0.061621    0.000000    0.000000    -0.062058    0.000000    0.000000  
25.752575    0.097564    0.000000    0.000000    -0.062238    0.000000    0.000000    -0.061504    0.000000    0.000000  
25.762576    0.096938    0.000000    0.000000    -0.062850    0.000000    0.000000    -0.060945    0.000000    0.000000  
25.772577    0.096307    0.000000    0.000000    -0.063457    0.000000    0.000000    -0.060391    0.000000    0.000000  
25.782578    0.095669    0.000000    0.000000    -0.064058    0.000000    0.000000    -0.059852    0.000000    0.000000  
25.792579    0.095025    0.000000    0.000000    -0.064654    0.000000    0.000000    -0.059339    0.000000    0.000000  
25.802580    0.094375    0.000000    0.000000    -0.065245    0.000000    0.000000    -0.058861    0.000000    0.000000  
25.812581    0.093720    0.000000    0.000000    -0.065832    0.000000    0.000000    -0.058424    0.000000    0.000000  
25.822582    0.093059    0.000000    0.000000    -0.066413    0.000000    0.000000    -0.058021    0.000000    0.000000  
25.832583    0.092392    0.000000    0.000000    -0.066990    0.000000    0.000000    -0.057648    0.000000    0.000000  
25.842584    0.091719    0.000000    0.000000    -0.067562    0.000000    0.000000    -0.057297    0.000000    0.000000  
25.852585    0.091041    0.000000    0.000000    -0.068131    0.000000    0.000000    -0.056962    0.000000    0.000000  
25.862586    0.090357    0.000000    0.000000    -0.068697    0.000000    0.000000    -0.056637    0.000000    0.000000  
25.872587    0.089668    0.000000    0.000000    -0.069259    0.000000    0.000000    -0.056317    0.000000    0.000000  
25.882588    0.088972    0.000000    0.000000    -0.069818    0.000000    0.000000    -0.055994    0.000000    0.000000  
25.892589    0.088271    0.000000    0.000000    -0.070375    0.000000    0.000000    -0.055662    0.000000    0.000000  
25.902590    0.087565    0.000000    0.000000    -0.070930    0.000000    0.000000    -0.055315    0.000000    0.000000  
25.912591    0.086853    0.000000    0.000000    -0.071482    0.000000    0.000000    -0.054950    0.000000    0.000000  
25.922592    0.086135    0.000000    0.000000    -0.072032    0.000000    0.000000    -0.054567    0.000000    0.000000  
25.932593    0.085412    0.000000    0.000000    -0.072579    0.000000    0.000000    -0.054166    0.000000    0.000000  
25.942594    0.084683    0.000000    0.000000    -0.073122    0.000000    0.000000    -0.053750    0.000000    0.000000  
25.952595    0.083949    0.000000    0.000000    -0.073662    0.000000    0.000000    -0.053319    0.000000    0.000000  
25.962596    0.083209    0.000000    0.000000    -0.074197    0.000000    0.000000    -0.052873    0.000000    0.000000  
25.972597    0.082465    0.000000    0.000000    -0.074727    0.000000    0.000000    -0.052415    0.000000    0.000000  
25.982598    0.081715    0.000000    0.000000    -0.075252    0.000000    0.000000    -0.051946    0.000000    0.000000  
25.992599    0.080959    0.000000    0.000000    -0.075771    0.000000    0.000000    -0.051466    0.000000    0.000000  
26.002600    0.080199    0.000000    0.000000    -0.076283    0.000000    0.000000    -0.050976    0.000000    0.000000  
26.012601    0.079433    0.000000    0.000000    -0.076789    0.000000    0.000000    -0.050478    0.000000    0.000000  
26.022602    0.078663    0.000000    0.000000    -0.077289    0.000000    0.000000    -0.049972    0.000000    0.000000  
26.032603    0.077888    0.000000    0.000000    -0.077783    0.000000    0.000000    -0.049459    0.000000    0.000000  
26.042604    0.077107    0.000000    0.000000    -0.078271    0.000000    0.000000    -0.048941    0.000000    0.000000  
26.052605    0.076322    0.000000    0.000000    -0.078754    0.000000    0.000000    -0.048417    0.000000    0.000000  
26.062606    0.075532    0.000000    0.000000    -0.079232    0.000000    0.000000    -0.047889    0.000000    0.000000  
26.072607    0.074737    0.000000    0.000000    -0.079704    0.000000    0.000000    -0.047358    0.000000    0.000000  
26.082608    0.073938    0.000000    0.000000    -0.080173    0.000000    0.000000    -0.046825    0.000000    0.000000  
26.092609    0.073134    0.000000    0.000000    -0.080636    0.000000    0.000000    -0.046290    0.000000    0.000000  
26.102610    0.072325    0.000000    0.000000    -0.081096    0.000000    0.000000    -0.045754    0.000000    0.000000  
26.112611    0.071511    0.000000    0.000000    -0.081552    0.000000    0.000000    -0.045217    0.000000    0.000000  
26.122612    0.070694    0.000000    0.000000    -0.082004    0.000000    0.000000    -0.044678    0.000000    0.000000  
26.132613    0.069871    0.000000    0.000000    -0.082451    0.000000    0.000000    -0.044134    0.000000    0.000000  
26.142614    0.069045    0.000000    0.000000    -0.082893    0.000000    0.000000    -0.043582    0.000000    0.000000  
26.152615    0.068214    0.000000    0.000000    -0.083330    0.000000    0.000000    -0.043022    0.000000    0.000000  
26.162616    0.067378    0.000000    0.000000    -0.083760    0.000000    0.000000    -0.042451    0.000000    0.000000  
26.172617    0.066539    0.000000    0.000000    -0.084185    0.000000    0.000000    -0.041866    0.000000    0.000000  
26.182618    0.065695    0.000000    0.000000    -0.084603    0.000000    0.000000    -0.041266    0.000000    0.000000  
26.192619    0.064847    0.000000    0.000000    -0.085014    0.000000    0.000000    -0.040648    0.000000    0.000000  
26.202620    0.063994    0.000000    0.000000    -0.085417    0.000000    0.000000    -0.040011    0.000000    0.000000  
26.212621    0.063138    0.000000    0.000000    -0.085814    0.000000    0.000000    -0.039355    0.000000    0.000000  
26.222622    0.062278    0.000000    0.000000    -0.086202    0.000000    0.000000    -0.038688    0.000000    0.000000  
26.232623    0.061414    0.000000    0.000000    -0.086584    0.000000    0.000000    -0.038019    0.000000    0.000000  
26.242624    0.060545    0.000000    0.000000    -0.086960    0.000000    0.000000    -0.037356    0.000000    0.000000  
26.252625    0.059674    0.000000    0.000000    -0.087329    0.000000    0.000000    -0.036706    0.000000    0.000000  
26.262626    0.058798    0.000000    0.000000    -0.087692    0.000000    0.000000    -0.036079    0.000000    0.000000  
26.272627    0.057919    0.000000    0.000000    -0.088049    0.000000    0.000000    -0.035483    0.000000    0.000000  
26.282628    0.057036    0.000000    0.000000    -0.088400    0.000000    0.000000    -0.034926    0.000000    0.000000  
26.292629    0.056151    0.000000    0.000000    -0.088747    0.000000    0.000000    -0.034415    0.000000    0.000000  
26.302630    0.055261    0.000000    0.000000    -0.089089    0.000000    0.000000    -0.033961    0.000000    0.000000  
26.312631    0.054369    0.000000    0.000000    -0.089426    0.000000    0.000000    -0.033562    0.000000    0.000000  
26.322632    0.053473    0.000000    0.000000    -0.089759    0.000000    0.000000    -0.033210    0.000000    0.000000  
26.332633    0.052574    0.000000    0.000000    -0.090088    0.000000    0.000000    -0.032890    0.000000    0.000000  
26.342634    0.051671    0.000000    0.000000    -0.090414    0.000000    0.000000    -0.032590    0.000000    0.000000  
26.352635    0.050766    0.000000    0.000000    -0.090735    0.000000    0.000000    -0.032297    0.000000    0.000000  
26.362636    0.049857    0.000000    0.000000    -0.091053    0.000000    0.000000    -0.031999    0.000000    0.000000  
26.372637    0.048945    0.000000    0.000000    -0.091368    0.000000    0.000000    -0.031683    0.000000    0.000000  
26.382638    0.048030    0.000000    0.000000    -0.091680    0.000000    0.000000    -0.031336    0.000000    0.000000  
26.392639    0.047112    0.000000    0.000000    -0.091990    0.000000    0.000000    -0.030945    0.000000    0.000000  
26.402640    0.046190    0.000000    0.000000    -0.092297    0.000000    0.000000    -0.030498    0.000000    0.000000  
26.412641    0.045266    0.000000    0.000000    -0.092601    0.000000    0.000000    -0.029988    0.000000    0.000000  
26.422642    0.044338    0.000000    0.000000    -0.092901    0.000000    0.000000    -0.029419    0.000000    0.000000  
26.432643    0.043407    0.000000    0.000000    -0.093198    0.000000    0.000000    -0.028797    0.000000    0.000000  
26.442644    0.042474    0.000000    0.000000    -0.093488    0.000000    0.000000    -0.028127    0.000000    0.000000  
26.452645    0.041537    0.000000    0.000000    -0.093773    0.000000    0.000000    -0.027414    0.000000    0.000000  
26.462646    0.040598    0.000000    0.000000    -0.094050    0.000000    0.000000    -0.026666    0.000000    0.000000  
26.472647    0.039656    0.000000    0.000000    -0.094319    0.000000    0.000000    -0.025885    0.000000    0.000000  
26.482648    0.038711    0.000000    0.000000    -0.094579    0.000000    0.000000    -0.025079    0.000000    0.000000  
26.492649    0.037764    0.000000    0.000000    -0.094829    0.000000    0.000000    -0.024253    0.000000    0.000000  
26.502650    0.036815    0.000000    0.000000    -0.095068    0.000000    0.000000    -0.023412    0.000000    0.000000  
26.512651    0.035863    0.000000    0.000000    -0.095296    0.000000    0.000000    -0.022563    0.000000    0.000000  
26.522652    0.034908    0.000000    0.000000    -0.095513    0.000000    0.000000    -0.021714    0.000000    0.000000  
26.532653    0.033952    0.000000    0.000000    -0.095721    0.000000    0.000000    -0.020873    0.000000    0.000000  
26.542654    0.032993    0.000000    0.000000    -0.095919    0.000000    0.000000    -0.020048    0.000000    0.000000  
26.552655    0.032033    0.000000    0.000000    -0.096109    0.000000    0.000000    -0.019247    0.000000    0.000000  
26.562656    0.031070    0.000000    0.000000    -0.096292    0.000000    0.000000    -0.018479    0.000000    0.000000  
26.572657    0.030106    0.000000    0.000000    -0.096468    0.000000    0.000000    -0.017753    0.000000    0.000000  
26.582658    0.029140    0.000000    0.000000    -0.096639    0.000000    0.000000    -0.017076    0.000000    0.000000  
26.592659    0.028173    0.000000    0.000000    -0.096804    0.000000    0.000000    -0.016456    0.000000    0.000000  
26.602660    0.027204    0.000000    0.000000    -0.096965    0.000000    0.000000    -0.015902    0.000000    0.000000  
26.612661    0.026233    0.000000    0.000000    -0.097123    0.000000    0.000000    -0.015415    0.000000    0.000000  
26.622662    0.025262    0.000000    0.000000    -0.097277    0.000000    0.000000    -0.014982    0.000000    0.000000  
26.632663    0.024288    0.000000    0.000000    -0.097427    0.000000    0.000000    -0.014590    0.000000    0.000000  
26.642664    0.023314    0.000000    0.000000    -0.097574    0.000000    0.000000    -0.014226    0.000000    0.000000  
26.652665    0.022338    0.000000    0.000000    -0.097716    0.000000    0.000000    -0.013874    0.000000    0.000000  
26.662666    0.021360    0.000000    0.000000    -0.097854    0.000000    0.000000    -0.013522    0.000000    0.000000  
26.672667    0.020381    0.000000    0.000000    -0.097988    0.000000    0.000000    -0.013156    0.000000    0.000000  
26.682668    0.019401    0.000000    0.000000    -0.098118    0.000000    0.000000    -0.012762    0.000000    0.000000  
26.692669    0.018419    0.000000    0.000000    -0.098243    0.000000    0.000000    -0.012327    0.000000    0.000000  
26.702670    0.017436    0.000000    0.000000    -0.098364    0.000000    0.000000    -0.011836    0.000000    0.000000  
26.712671    0.016452    0.000000    0.000000    -0.098480    0.000000    0.000000    -0.011283    0.000000    0.000000  
26.722672    0.015466    0.000000    0.000000    -0.098591    0.000000    0.000000    -0.010675    0.000000    0.000000  
26.732673    0.014479    0.000000    0.000000    -0.098696    0.000000    0.000000    -0.010019    0.000000    0.000000  
26.742674    0.013491    0.000000    0.000000    -0.098795    0.000000    0.000000    -0.009322    0.000000    0.000000  
26.752675    0.012502    0.000000    0.000000    -0.098887    0.000000    0.000000    -0.008593    0.000000    0.000000  
26.762676    0.011512    0.000000    0.000000    -0.098972    0.000000    0.000000    -0.007839    0.000000    0.000000  
26.772677    0.010522    0.000000    0.000000    -0.099050    0.000000    0.000000    -0.007067    0.000000    0.000000  
26.782678    0.009531    0.000000    0.000000    -0.099119    0.000000    0.000000    -0.006286    0.000000    0.000000  
26.792679    0.008539    0.000000    0.000000    -0.099180    0.000000    0.000000    -0.005503    0.000000    0.000000  
26.802680    0.007547    0.000000    0.000000    -0.099231    0.000000    0.000000    -0.004726    0.000000    0.000000  
26.812681    0.006554    0.000000    0.000000    -0.099274    0.000000    0.000000    -0.003961    0.000000    0.000000  
26.822682    0.005561    0.000000    0.000000    -0.099307    0.000000    0.000000    -0.003209    0.000000    0.000000  
26.832683    0.004568    0.000000    0.000000    -0.099332    0.000000    0.000000    -0.002472    0.000000    0.000000  
26.842684    0.003575    0.000000    0.000000    -0.099349    0.000000    0.000000    -0.001752    0.000000    0.000000  
26.852685    0.002582    0.000000    0.000000    -0.099359    0.000000    0.000000    -0.001049    0.000000    0.000000  
26.862686    0.001588    0.000000    0.000000    -0.099362    0.000000    0.000000    -0.000367    0.000000    0.000000  
26.872687    0.000594    0.000000    0.000000    -0.099359    0.000000    0.000000    0.000293    0.000000    0.000000  
26.882688    -0.000399    0.000000    0.000000    -0.099351    0.000000    0.000000    0.000931    0.000000    0.000000  
26.892689    -0.001393    0.000000    0.000000    -0.099337    0.000000    0.000000    0.001544    0.000000    0.000000  
26.902690    -0.002386    0.000000    0.000000    -0.099318    0.000000    0.000000    0.002130    0.000000    0.000000  
26.912691    -0.003379    0.000000    0.000000    -0.099295    0.000000    0.000000    0.002691    0.000000    0.000000  
26.922692    -0.004372    0.000000    0.000000    -0.099267    0.000000    0.000000    0.003232    0.000000    0.000000  
26.932693    -0.005365    0.000000    0.000000    -0.099234    0.000000    0.000000    0.003756    0.000000    0.000000  
26.942694    -0.006357    0.000000    0.000000    -0.099197    0.000000    0.000000    0.004270    0.000000    0.000000  
26.952695    -0.007349    0.000000    0.000000    -0.099154    0.000000    0.000000    0.004779    0.000000    0.000000  
26.962696    -0.008340    0.000000    0.000000    -0.099106    0.000000    0.000000    0.005288    0.000000    0.000000  
26.972697    -0.009331    0.000000    0.000000    -0.099053    0.000000    0.000000    0.005801    0.000000    0.000000  
26.982698    -0.010322    0.000000    0.000000    -0.098994    0.000000    0.000000    0.006325    0.000000    0.000000  
26.992699    -0.011311    0.000000    0.000000    -0.098929    0.000000    0.000000    0.006865    0.000000    0.000000  
27.002700    -0.012300    0.000000    0.000000    -0.098857    0.000000    0.000000    0.007425    0.000000    0.000000  
27.012701    -0.013289    0.000000    0.000000    -0.098780    0.000000    0.000000    0.008008    0.000000    0.000000  
27.022702    -0.014276    0.000000    0.000000    -0.098696    0.000000    0.000000    0.008611    0.000000    0.000000  
27.032703    -0.015263    0.000000    0.000000    -0.098606    0.000000    0.000000    0.009231    0.000000    0.000000  
27.042704    -0.016249    0.000000    0.000000    -0.098509    0.000000    0.000000    0.009863    0.000000    0.000000  
27.052705    -0.017233    0.000000    0.000000    -0.098407    0.000000    0.000000    0.010505    0.000000    0.000000  
27.062706    -0.018217    0.000000    0.000000    -0.098298    0.000000    0.000000    0.011154    0.000000    0.000000  
27.072707    -0.019199    0.000000    0.000000    -0.098182    0.000000    0.000000    0.011805    0.000000    0.000000  
27.082708    -0.020181    0.000000    0.000000    -0.098061    0.000000    0.000000    0.012455    0.000000    0.000000  
27.092709    -0.021161    0.000000    0.000000    -0.097933    0.000000    0.000000    0.013101    0.000000    0.000000  
27.102710    -0.022140    0.000000    0.000000    -0.097799    0.000000    0.000000    0.013739    0.000000    0.000000  
27.112711    -0.023117    0.000000    0.000000    -0.097658    0.000000    0.000000    0.014367    0.000000    0.000000  
27.122712    -0.024093    0.000000    0.000000    -0.097511    0.000000    0.000000    0.014988    0.000000    0.000000  
27.132713    -0.025067    0.000000    0.000000    -0.097358    0.000000    0.000000    0.015602    0.000000    0.000000  
27.142714    -0.026040    0.000000    0.000000    -0.097199    0.000000    0.000000    0.016212    0.000000    0.000000  
27.152715    -0.027011    0.000000    0.000000    -0.097034    0.000000    0.000000    0.016819    0.000000    0.000000  
27.162716    -0.027981    0.000000    0.000000    -0.096862    0.000000    0.000000    0.017425    0.000000    0.000000  
27.172717    -0.028949    0.000000    0.000000    -0.096684    0.000000    0.000000    0.018032    0.000000    0.000000  
27.182718    -0.029915    0.000000    0.000000    -0.096501    0.000000    0.000000    0.018641    0.000000    0.000000  
27.192719    -0.030879    0.000000    0.000000    -0.096311    0.000000    0.000000    0.019255    0.000000    0.000000  
27.202720    -0.031841    0.000000    0.000000    -0.096115    0.000000    0.000000    0.019875    0.000000    0.000000  
27.212721    -0.032802    0.000000    0.000000    -0.095913    0.000000    0.000000    0.020502    0.000000    0.000000  
27.222722    -0.033760    0.000000    0.000000    -0.095706    0.000000    0.000000    0.021136    0.000000    0.000000  
27.232723    -0.034716    0.000000    0.000000    -0.095492    0.000000    0.000000    0.021775    0.000000    0.000000  
27.242724    -0.035670    0.000000    0.000000    -0.095271    0.000000    0.000000    0.022419    0.000000    0.000000  
27.252725    -0.036621    0.000000    0.000000    -0.095045    0.000000    0.000000    0.023067    0.000000    0.000000  
27.262726    -0.037571    0.000000    0.000000    -0.094812    0.000000    0.000000    0.023719    0.000000    0.000000  
27.272727    -0.038518    0.000000    0.000000    -0.094572    0.000000    0.000000    0.024373    0.000000    0.000000  
27.282728    -0.039462    0.000000    0.000000    -0.094326    0.000000    0.000000    0.025029    0.000000    0.000000  
27.292729    -0.040404    0.000000    0.000000    -0.094072    0.000000    0.000000    0.025685    0.000000    0.000000  
27.302730    -0.041344    0.000000    0.000000    -0.093812    0.000000    0.000000    0.026342    0.000000    0.000000  
27.312731    -0.042281    0.000000    0.000000    -0.093545    0.000000    0.000000    0.026998    0.000000    0.000000  
27.322732    -0.043215    0.000000    0.000000    -0.093272    0.000000    0.000000    0.027650    0.000000    0.000000  
27.332733    -0.044146    0.000000    0.000000    -0.092991    0.000000    0.000000    0.028296    0.000000    0.000000  
27.342734    -0.045075    0.000000    0.000000    -0.092704    0.000000    0.000000    0.028933    0.000000    0.000000  
27.352735    -0.046001    0.000000    0.000000    -0.092411    0.000000    0.000000    0.029559    0.000000    0.000000  
27.362736    -0.046924    0.000000    0.000000    -0.092112    0.000000    0.000000    0.030172    0.000000    0.000000  
27.372737    -0.047843    0.000000    0.000000    -0.091807    0.000000    0.000000    0.030769    0.000000    0.000000  
27.382738    -0.048760    0.000000    0.000000    -0.091497    0.000000    0.000000    0.031348    0.000000    0.000000  
27.392739    -0.049674    0.000000    0.000000    -0.091180    0.000000    0.000000    0.031905    0.000000    0.000000  
27.402740    -0.050584    0.000000    0.000000    -0.090859    0.000000    0.000000    0.032439    0.000000    0.000000  
27.412741    -0.051491    0.000000    0.000000    -0.090531    0.000000    0.000000    0.032950    0.000000    0.000000  
27.422742    -0.052395    0.000000    0.000000    -0.090199    0.000000    0.000000    0.033440    0.000000    0.000000  
27.432743    -0.053295    0.000000    0.000000    -0.089862    0.000000    0.000000    0.033914    0.000000    0.000000  
27.442744    -0.054192    0.000000    0.000000    -0.089520    0.000000    0.000000    0.034376    0.000000    0.000000  
27.452745    -0.055085    0.000000    0.000000    -0.089173    0.000000    0.000000    0.034829    0.000000    0.000000  
27.462746    -0.055975    0.000000    0.000000    -0.088821    0.000000    0.000000    0.035279    0.000000    0.000000  
27.472747    -0.056862    0.000000    0.000000    -0.088465    0.000000    0.000000    0.035728    0.000000    0.000000  
27.482748    -0.057745    0.000000    0.000000    -0.088105    0.000000    0.000000    0.036180    0.000000    0.000000  
27.492749    -0.058624    0.000000    0.000000    -0.087740    0.000000    0.000000    0.036640    0.000000    0.000000  
27.502750    -0.059500    0.000000    0.000000    -0.087371    0.000000    0.000000    0.037112    0.000000    0.000000  
27.512751    -0.060372    0.000000    0.000000    -0.086998    0.000000    0.000000    0.037598    0.000000    0.000000  
27.522752    -0.061240    0.000000    0.000000    -0.086621    0.000000    0.000000    0.038098    0.000000    0.000000  
27.532753    -0.062104    0.000000    0.000000    -0.086238    0.000000    0.000000    0.038612    0.000000    0.000000  
27.542754    -0.062965    0.000000    0.000000    -0.085851    0.000000    0.000000    0.039139    0.000000    0.000000  
27.552755    -0.063821    0.000000    0.000000    -0.085459    0.000000    0.000000    0.039680    0.000000    0.000000  
27.562756    -0.064674    0.000000    0.000000    -0.085061    0.000000    0.000000    0.040234    0.000000    0.000000  
27.572757    -0.065523    0.000000    0.000000    -0.084657    0.000000    0.000000    0.040801    0.000000    0.000000  
27.582758    -0.066367    0.000000    0.000000    -0.084248    0.000000    0.000000    0.041380    0.000000    0.000000  
27.592759    -0.067208    0.000000    0.000000    -0.083832    0.000000    0.000000    0.041971    0.000000    0.000000  
27.602760    -0.068044    0.000000    0.000000    -0.083409    0.000000    0.000000    0.042575    0.000000    0.000000  
27.612761    -0.068876    0.000000    0.000000    -0.082980    0.000000    0.000000    0.043189    0.000000    0.000000  
27.622762    -0.069704    0.000000    0.000000    -0.082544    0.000000    0.000000    0.043809    0.000000    0.000000  
27.632763    -0.070527    0.000000    0.000000    -0.082101    0.000000    0.000000    0.044432    0.000000    0.000000  
27.642764    -0.071346    0.000000    0.000000    -0.081653    0.000000    0.000000    0.045052    0.000000    0.000000  
27.652765    -0.072161    0.000000    0.000000    -0.081198    0.000000    0.000000    0.045667    0.000000    0.000000  
27.662766    -0.072970    0.000000    0.000000    -0.080738    0.000000    0.000000    0.046270    0.000000    0.000000  
27.672767    -0.073776    0.000000    0.000000    -0.080272    0.000000    0.000000    0.046859    0.000000    0.000000  
27.682768    -0.074576    0.000000    0.000000    -0.079800    0.000000    0.000000    0.047428    0.000000    0.000000  
27.692769    -0.075372    0.000000    0.000000    -0.079323    0.000000    0.000000    0.047975    0.000000    0.000000  
27.702770    -0.076163    0.000000    0.000000    -0.078840    0.000000    0.000000    0.048493    0.000000    0.000000  
27.712771    -0.076949    0.000000    0.000000    -0.078353    0.000000    0.000000    0.048983    0.000000    0.000000  
27.722772    -0.077730    0.000000    0.000000    -0.077860    0.000000    0.000000    0.049447    0.000000    0.000000  
27.732773    -0.078506    0.000000    0.000000    -0.077363    0.000000    0.000000    0.049890    0.000000    0.000000  
27.742774    -0.079277    0.000000    0.000000    -0.076862    0.000000    0.000000    0.050315    0.000000    0.000000  
27.752775    -0.080043    0.000000    0.000000    -0.076356    0.000000    0.000000    0.050726    0.000000    0.000000  
27.762776    -0.080804    0.000000    0.000000    -0.075845    0.000000    0.000000    0.051128    0.000000    0.000000  
27.772777    -0.081560    0.000000    0.000000    -0.075331    0.000000    0.000000    0.051524    0.000000    0.000000  
27.782778    -0.082311    0.000000    0.000000    -0.074813    0.000000    0.000000    0.051919    0.000000    0.000000  
27.792779    -0.083057    0.000000    0.000000    -0.074291    0.000000    0.000000    0.052316    0.000000    0.000000  
27.802780    -0.083797    0.000000    0.000000    -0.073766    0.000000    0.000000    0.052720    0.000000    0.000000  
27.812781    -0.084532    0.000000    0.000000    -0.073237    0.000000    0.000000    0.053132    0.000000    0.000000  
27.822782    -0.085262    0.000000    0.000000    -0.072704    0.000000    0.000000    0.053554    0.000000    0.000000  
27.832783    -0.085986    0.000000    0.000000    -0.072168    0.000000    0.000000    0.053985    0.000000    0.000000  
27.842784    -0.086705    0.000000    0.000000    -0.071627    0.000000    0.000000    0.054424    0.000000    0.000000  
27.852785    -0.087419    0.000000    0.000000    -0.071083    0.000000    0.000000    0.054872    0.000000    0.000000  
27.862786    -0.088127    0.000000    0.000000    -0.070533    0.000000    0.000000    0.055329    0.000000    0.000000  
27.872787    -0.088830    0.000000    0.000000    -0.069979    0.000000    0.000000    0.055794    0.000000    0.000000  
27.882788    -0.089527    0.000000    0.000000    -0.069420    0.000000    0.000000    0.056267    0.000000    0.000000  
27.892789    -0.090218    0.000000    0.000000    -0.068855    0.000000    0.000000    0.056747    0.000000    0.000000  
27.902790    -0.090904    0.000000    0.000000    -0.068286    0.000000    0.000000    0.057236    0.000000    0.000000  
27.912791    -0.091584    0.000000    0.000000    -0.067710    0.000000    0.000000    0.057731    0.000000    0.000000  
27.922792    -0.092258    0.000000    0.000000    -0.067130    0.000000    0.000000    0.058228    0.000000    0.000000  
27.932793    -0.092927    0.000000    0.000000    -0.066544    0.000000    0.000000    0.058725    0.000000    0.000000  
27.942794    -0.093589    0.000000    0.000000    -0.065953    0.000000    0.000000    0.059218    0.000000    0.000000  
27.952795    -0.094246    0.000000    0.000000    -0.065357    0.000000    0.000000    0.059703    0.000000    0.000000  
27.962796    -0.094897    0.000000    0.000000    -0.064757    0.000000    0.000000    0.060176    0.000000    0.000000  
27.972797    -0.095542    0.000000    0.000000    -0.064152    0.000000    0.000000    0.060634    0.000000    0.000000  
27.982798    -0.096180    0.000000    0.000000    -0.063543    0.000000    0.000000    0.061074    0.000000    0.000000  
27.992799    -0.096813    0.000000    0.000000    -0.062930    0.000000    0.000000    0.061491    0.000000    0.000000  
28.002800    -0.097439    0.000000    0.000000    -0.062313    0.000000    0.000000    0.061882    0.000000    0.000000  
28.012801    -0.098059    0.000000    0.000000    -0.061692    0.000000    0.000000    0.062245    0.000000    0.000000  
28.022802    -0.098673    0.000000    0.000000    -0.061068    0.000000    0.000000    0.062585    0.000000    0.000000  
28.032803    -0.099280    0.000000    0.000000    -0.060441    0.000000    0.000000    0.062903    0.000000    0.000000  
28.042804    -0.099882    0.000000    0.000000    -0.059810    0.000000    0.000000    0.063204    0.000000    0.000000  
28.052805    -0.100476    0.000000    0.000000    -0.059176    0.000000    0.000000    0.063490    0.000000    0.000000  
28.062806    -0.101065    0.000000    0.000000    -0.058539    0.000000    0.000000    0.063766    0.000000    0.000000  
28.072807    -0.101647    0.000000    0.000000    -0.057899    0.000000    0.000000    0.064034    0.000000    0.000000  
28.082808    -0.102223    0.000000    0.000000    -0.057257    0.000000    0.000000    0.064298    0.000000    0.000000  
28.092809    -0.102792    0.000000    0.000000    -0.056612    0.000000    0.000000    0.064561    0.000000    0.000000  
28.102810    -0.103355    0.000000    0.000000    -0.055965    0.000000    0.000000    0.064826    0.000000    0.000000  
28.112811    -0.103912    0.000000    0.000000    -0.055315    0.000000    0.000000    0.065097    0.000000    0.000000  
28.122812    -0.104462    0.000000    0.000000    -0.054664    0.000000    0.000000    0.065374    0.000000    0.000000  
28.132813    -0.105005    0.000000    0.000000    -0.054009    0.000000    0.000000    0.065660    0.000000    0.000000  
28.142814    -0.105542    0.000000    0.000000    -0.053352    0.000000    0.000000    0.065957    0.000000    0.000000  
28.152815    -0.106072    0.000000    0.000000    -0.052692    0.000000    0.000000    0.066265    0.000000    0.000000  
28.162816    -0.106596    0.000000    0.000000    -0.052028    0.000000    0.000000    0.066587    0.000000    0.000000  
28.172817    -0.107113    0.000000    0.000000    -0.051361    0.000000    0.000000    0.066924    0.000000    0.000000  
28.182818    -0.107623    0.000000    0.000000    -0.050691    0.000000    0.000000    0.067277    0.000000    0.000000  
28.192819    -0.108127    0.000000    0.000000    -0.050016    0.000000    0.000000    0.067649    0.000000    0.000000  
28.202820    -0.108624    0.000000    0.000000    -0.049338    0.000000    0.000000    0.068041    0.000000    0.000000  
28.212821    -0.109114    0.000000    0.000000    -0.048655    0.000000    0.000000    0.068452    0.000000    0.000000  
28.222822    -0.109597    0.000000    0.000000    -0.047968    0.000000    0.000000    0.068879    0.000000    0.000000  
28.232823    -0.110073    0.000000    0.000000    -0.047277    0.000000    0.000000    0.069317    0.000000    0.000000  
28.242824    -0.110543    0.000000    0.000000    -0.046582    0.000000    0.000000    0.069760    0.000000    0.000000  
28.252825    -0.111005    0.000000    0.000000    -0.045882    0.000000    0.000000    0.070206    0.000000    0.000000  
28.262826    -0.111460    0.000000    0.000000    -0.045179    0.000000    0.000000    0.070649    0.000000    0.000000  
28.272827    -0.111909    0.000000    0.000000    -0.044470    0.000000    0.000000    0.071085    0.000000    0.000000  
28.282828    -0.112350    0.000000    0.000000    -0.043758    0.000000    0.000000    0.071509    0.000000    0.000000  
28.292829    -0.112784    0.000000    0.000000    -0.043041    0.000000    0.000000    0.071917    0.000000    0.000000  
28.302830    -0.113211    0.000000    0.000000    -0.042320    0.000000    0.000000    0.072304    0.000000    0.000000  
28.312831    -0.113630    0.000000    0.000000    -0.041595    0.000000    0.000000    0.072667    0.000000    0.000000  
28.322832    -0.114043    0.000000    0.000000    -0.040866    0.000000    0.000000    0.073003    0.000000    0.000000  
28.332833    -0.114448    0.000000    0.000000    -0.040133    0.000000    0.000000    0.073310    0.000000    0.000000  
28.342834    -0.114846    0.000000    0.000000    -0.039398    0.000000    0.000000    0.073587    0.000000    0.000000  
28.352835    -0.115236    0.000000    0.000000    -0.038660    0.000000    0.000000    0.073831    0.000000    0.000000  
28.362836    -0.115619    0.000000    0.000000    -0.037919    0.000000    0.000000    0.074039    0.000000    0.000000  
28.372837    -0.115995    0.000000    0.000000    -0.037177    0.000000    0.000000    0.074211    0.000000    0.000000  
28.382838    -0.116363    0.000000    0.000000    -0.036434    0.000000    0.000000    0.074344    0.000000    0.000000  
28.392839    -0.116723    0.000000    0.000000    -0.035690    0.000000    0.000000    0.074436    0.000000    0.000000  
28.402840    -0.117077    0.000000    0.000000    -0.034945    0.000000    0.000000    0.074484    0.000000    0.000000  
28.412841    -0.117422    0.000000    0.000000    -0.034200    0.000000    0.000000    0.074491    0.000000    0.000000  
28.422842    -0.117761    0.000000    0.000000    -0.033455    0.000000    0.000000    0.074467    0.000000    0.000000  
28.432843    -0.118091    0.000000    0.000000    -0.032710    0.000000    0.000000    0.074421    0.000000    0.000000  
28.442844    -0.118415    0.000000    0.000000    -0.031965    0.000000    0.000000    0.074364    0.000000    0.000000  
28.452845    -0.118730    0.000000    0.000000    -0.031220    0.000000    0.000000    0.074306    0.000000    0.000000  
28.462846    -0.119039    0.000000    0.000000    -0.030475    0.000000    0.000000    0.074257    0.000000    0.000000  
28.472847    -0.119340    0.000000    0.000000    -0.029730    0.000000    0.000000    0.074227    0.000000    0.000000  
28.482848    -0.119633    0.000000    0.000000    -0.028986    0.000000    0.000000    0.074227    0.000000    0.000000  
28.492849    -0.119919    0.000000    0.000000    -0.028242    0.000000    0.000000    0.074267    0.000000    0.000000  
28.502850    -0.120198    0.000000    0.000000    -0.027499    0.000000    0.000000    0.074357    0.000000    0.000000  
28.512851    -0.120469    0.000000    0.000000    -0.026756    0.000000    0.000000    0.074501    0.000000    0.000000  
28.522852    -0.120733    0.000000    0.000000    -0.026012    0.000000    0.000000    0.074695    0.000000    0.000000  
28.532853    -0.120990    0.000000    0.000000    -0.025267    0.000000    0.000000    0.074934    0.000000    0.000000  
28.542854    -0.121239    0.000000    0.000000    -0.024521    0.000000    0.000000    0.075213    0.000000    0.000000  
28.552855    -0.121480    0.000000    0.000000    -0.023772    0.000000    0.000000    0.075524    0.000000    0.000000  
28.562856    -0.121714    0.000000    0.000000    -0.023020    0.000000    0.000000    0.075864    0.000000    0.000000  
28.572857    -0.121941    0.000000    0.000000    -0.022264    0.000000    0.000000    0.076227    0.000000    0.000000  
28.582858    -0.122159    0.000000    0.000000    -0.021504    0.000000    0.000000    0.076606    0.000000    0.000000  
28.592859    -0.122371    0.000000    0.000000    -0.020738    0.000000    0.000000    0.076997    0.000000    0.000000  
28.602860    -0.122574    0.000000    0.000000    -0.019966    0.000000    0.000000    0.077395    0.000000    0.000000  
28.612861    -0.122770    0.000000    0.000000    -0.019189    0.000000    0.000000    0.077790    0.000000    0.000000  
28.622862    -0.122958    0.000000    0.000000    -0.018406    0.000000    0.000000    0.078170    0.000000    0.000000  
28.632863    -0.123138    0.000000    0.000000    -0.017619    0.000000    0.000000    0.078523    0.000000    0.000000  
28.642864    -0.123311    0.000000    0.000000    -0.016828    0.000000    0.000000    0.078835    0.000000    0.000000  
28.652865    -0.123476    0.000000    0.000000    -0.016035    0.000000    0.000000    0.079092    0.000000    0.000000  
28.662866    -0.123632    0.000000    0.000000    -0.015240    0.000000    0.000000    0.079283    0.000000    0.000000  
28.672867    -0.123781    0.000000    0.000000    -0.014445    0.000000    0.000000    0.079393    0.000000    0.000000  
28.682868    -0.123922    0.000000    0.000000    -0.013649    0.000000    0.000000    0.079410    0.000000    0.000000  
28.692869    -0.124055    0.000000    0.000000    -0.012855    0.000000    0.000000    0.079321    0.000000    0.000000  
28.702870    -0.124179    0.000000    0.000000    -0.012062    0.000000    0.000000    0.079112    0.000000    0.000000  
28.712871    -0.124296    0.000000    0.000000    -0.011273    0.000000    0.000000    0.078784    0.000000    0.000000  
28.722872    -0.124404    0.000000    0.000000    -0.010486    0.000000    0.000000    0.078362    0.000000    0.000000  
28.732873    -0.124505    0.000000    0.000000    -0.009703    0.000000    0.000000    0.077874    0.000000    0.000000  
28.742874    -0.124598    0.000000    0.000000    -0.008923    0.000000    0.000000    0.077347    0.000000    0.000000  
28.752875    -0.124683    0.000000    0.000000    -0.008147    0.000000    0.000000    0.076807    0.000000    0.000000  
28.762876    -0.124760    0.000000    0.000000    -0.007376    0.000000    0.000000    0.076282    0.000000    0.000000  
28.772877    -0.124829    0.000000    0.000000    -0.006609    0.000000    0.000000    0.075799    0.000000    0.000000  
28.782878    -0.124891    0.000000    0.000000    -0.005848    0.000000    0.000000    0.075386    0.000000    0.000000  
28.792879    -0.124946    0.000000    0.000000    -0.005092    0.000000    0.000000    0.075069    0.000000    0.000000  
28.802880    -0.124993    0.000000    0.000000    -0.004341    0.000000    0.000000    0.074876    0.000000    0.000000  
28.812881    -0.125033    0.000000    0.000000    -0.003596    0.000000    0.000000    0.074821    0.000000    0.000000  
28.822882    -0.125065    0.000000    0.000000    -0.002854    0.000000    0.000000    0.074898    0.000000    0.000000  
28.832883    -0.125090    0.000000    0.000000    -0.002113    0.000000    0.000000    0.075098    0.000000    0.000000  
28.842884    -0.125108    0.000000    0.000000    -0.001372    0.000000    0.000000    0.075411    0.000000    0.000000  
28.852885    -0.125118    0.000000    0.000000    -0.000629    0.000000    0.000000    0.075828    0.000000    0.000000  
28.862886    -0.125120    0.000000    0.000000    0.000120    0.000000    0.000000    0.076340    0.000000    0.000000  
28.872887    -0.125115    0.000000    0.000000    0.000875    0.000000    0.000000    0.076939    0.000000    0.000000  
28.882888    -0.125102    0.000000    0.000000    0.001638    0.000000    0.000000    0.077614    0.000000    0.000000  
28.892889    -0.125082    0.000000    0.000000    0.002412    0.000000    0.000000    0.078358    0.000000    0.000000  
28.902890    -0.125054    0.000000    0.000000    0.003198    0.000000    0.000000    0.079160    0.000000    0.000000  
28.912891    -0.125018    0.000000    0.000000    0.003998    0.000000    0.000000    0.080006    0.000000    0.000000  
28.922892    -0.124974    0.000000    0.000000    0.004810    0.000000    0.000000    0.080867    0.000000    0.000000  
28.932893    -0.124923    0.000000    0.000000    0.005632    0.000000    0.000000    0.081718    0.000000    0.000000  
28.942894    -0.124863    0.000000    0.000000    0.006463    0.000000    0.000000    0.082528    0.000000    0.000000  
28.952895    -0.124795    0.000000    0.000000    0.007301    0.000000    0.000000    0.083271    0.000000    0.000000  
28.962896    -0.124718    0.000000    0.000000    0.008144    0.000000    0.000000    0.083918    0.000000    0.000000  
28.972897    -0.124633    0.000000    0.000000    0.008992    0.000000    0.000000    0.084442    0.000000    0.000000  
28.982898    -0.124540    0.000000    0.000000    0.009842    0.000000    0.000000    0.084814    0.000000    0.000000  
28.992899    -0.124437    0.000000    0.000000    0.010694    0.000000    0.000000    0.085006    0.000000    0.000000  
29.002900    -0.124326    0.000000    0.000000    0.011544    0.000000    0.000000    0.084991    0.000000    0.000000  
29.012901    -0.124206    0.000000    0.000000    0.012393    0.000000    0.000000    0.084760    0.000000    0.000000  
29.022902    -0.124078    0.000000    0.000000    0.013238    0.000000    0.000000    0.084340    0.000000    0.000000  
29.032903    -0.123940    0.000000    0.000000    0.014079    0.000000    0.000000    0.083759    0.000000    0.000000  
29.042904    -0.123794    0.000000    0.000000    0.014915    0.000000    0.000000    0.083048    0.000000    0.000000  
29.052905    -0.123640    0.000000    0.000000    0.015745    0.000000    0.000000    0.082236    0.000000    0.000000  
29.062906    -0.123478    0.000000    0.000000    0.016567    0.000000    0.000000    0.081351    0.000000    0.000000  
29.072907    -0.123307    0.000000    0.000000    0.017380    0.000000    0.000000    0.080424    0.000000    0.000000  
29.082908    -0.123129    0.000000    0.000000    0.018185    0.000000    0.000000    0.079484    0.000000    0.000000  
29.092909    -0.122943    0.000000    0.000000    0.018978    0.000000    0.000000    0.078560    0.000000    0.000000  
29.102910    -0.122749    0.000000    0.000000    0.019760    0.000000    0.000000    0.077682    0.000000    0.000000  
29.112911    -0.122548    0.000000    0.000000    0.020530    0.000000    0.000000    0.076869    0.000000    0.000000  
29.122912    -0.122339    0.000000    0.000000    0.021290    0.000000    0.000000    0.076125    0.000000    0.000000  
29.132913    -0.122123    0.000000    0.000000    0.022040    0.000000    0.000000    0.075454    0.000000    0.000000  
29.142914    -0.121899    0.000000    0.000000    0.022784    0.000000    0.000000    0.074856    0.000000    0.000000  
29.152915    -0.121668    0.000000    0.000000    0.023521    0.000000    0.000000    0.074335    0.000000    0.000000  
29.162916    -0.121429    0.000000    0.000000    0.024253    0.000000    0.000000    0.073892    0.000000    0.000000  
29.172917    -0.121183    0.000000    0.000000    0.024983    0.000000    0.000000    0.073529    0.000000    0.000000  
29.182918    -0.120930    0.000000    0.000000    0.025711    0.000000    0.000000    0.073250    0.000000    0.000000  
29.192919    -0.120669    0.000000    0.000000    0.026439    0.000000    0.000000    0.073056    0.000000    0.000000  
29.202920    -0.120401    0.000000    0.000000    0.027168    0.000000    0.000000    0.072949    0.000000    0.000000  
29.212921    -0.120125    0.000000    0.000000    0.027900    0.000000    0.000000    0.072926    0.000000    0.000000  
29.222922    -0.119843    0.000000    0.000000    0.028633    0.000000    0.000000    0.072972    0.000000    0.000000  
29.232923    -0.119553    0.000000    0.000000    0.029369    0.000000    0.000000    0.073070    0.000000    0.000000  
29.242924    -0.119255    0.000000    0.000000    0.030106    0.000000    0.000000    0.073206    0.000000    0.000000  
29.252925    -0.118951    0.000000    0.000000    0.030844    0.000000    0.000000    0.073363    0.000000    0.000000  
29.262926    -0.118639    0.000000    0.000000    0.031583    0.000000    0.000000    0.073525    0.000000    0.000000  
29.272927    -0.118319    0.000000    0.000000    0.032323    0.000000    0.000000    0.073677    0.000000    0.000000  
29.282928    -0.117992    0.000000    0.000000    0.033062    0.000000    0.000000    0.073803    0.000000    0.000000  
29.292929    -0.117658    0.000000    0.000000    0.033802    0.000000    0.000000    0.073887    0.000000    0.000000  
29.302930    -0.117316    0.000000    0.000000    0.034541    0.000000    0.000000    0.073913    0.000000    0.000000  
29.312931    -0.116967    0.000000    0.000000    0.035280    0.000000    0.000000    0.073874    0.000000    0.000000  
29.322932    -0.116610    0.000000    0.000000    0.036018    0.000000    0.000000    0.073776    0.000000    0.000000  
29.332933    -0.116246    0.000000    0.000000    0.036754    0.000000    0.000000    0.073625    0.000000    0.000000  
29.342934    -0.115875    0.000000    0.000000    0.037489    0.000000    0.000000    0.073429    0.000000    0.000000  
29.352935    -0.115496    0.000000    0.000000    0.038221    0.000000    0.000000    0.073196    0.000000    0.000000  
29.362936    -0.115110    0.000000    0.000000    0.038952    0.000000    0.000000    0.072933    0.000000    0.000000  
29.372937    -0.114717    0.000000    0.000000    0.039680    0.000000    0.000000    0.072647    0.000000    0.000000  
29.382938    -0.114317    0.000000    0.000000    0.040406    0.000000    0.000000    0.072346    0.000000    0.000000  
29.392939    -0.113909    0.000000    0.000000    0.041128    0.000000    0.000000    0.072036    0.000000    0.000000  
29.402940    -0.113494    0.000000    0.000000    0.041847    0.000000    0.000000    0.071725    0.000000    0.000000  
29.412941    -0.113072    0.000000    0.000000    0.042562    0.000000    0.000000    0.071418    0.000000    0.000000  
29.422942    -0.112643    0.000000    0.000000    0.043274    0.000000    0.000000    0.071115    0.000000    0.000000  
29.432943    -0.112206    0.000000    0.000000    0.043983    0.000000    0.000000    0.070815    0.000000    0.000000  
29.442944    -0.111763    0.000000    0.000000    0.044689    0.000000    0.000000    0.070517    0.000000    0.000000  
29.452945    -0.111313    0.000000    0.000000    0.045391    0.000000    0.000000    0.070222    0.000000    0.000000  
29.462946    -0.110855    0.000000    0.000000    0.046091    0.000000    0.000000    0.069929    0.000000    0.000000  
29.472947    -0.110391    0.000000    0.000000    0.046787    0.000000    0.000000    0.069637    0.000000    0.000000  
29.482948    -0.109919    0.000000    0.000000    0.047481    0.000000    0.000000    0.069346    0.000000    0.000000  
29.492949    -0.109441    0.000000    0.000000    0.048173    0.000000    0.000000    0.069055    0.000000    0.000000  
29.502950    -0.108956    0.000000    0.000000    0.048862    0.000000    0.000000    0.068765    0.000000    0.000000  
29.512951    -0.108463    0.000000    0.000000    0.049549    0.000000    0.000000    0.068473    0.000000    0.000000  
29.522952    -0.107965    0.000000    0.000000    0.050233    0.000000    0.000000    0.068181    0.000000    0.000000  
29.532953    -0.107459    0.000000    0.000000    0.050914    0.000000    0.000000    0.067886    0.000000    0.000000  
29.542954    -0.106946    0.000000    0.000000    0.051593    0.000000    0.000000    0.067588    0.000000    0.000000  
29.552955    -0.106427    0.000000    0.000000    0.052269    0.000000    0.000000    0.067286    0.000000    0.000000  
29.562956    -0.105901    0.000000    0.000000    0.052941    0.000000    0.000000    0.066979    0.000000    0.000000  
29.572957    -0.105368    0.000000    0.000000    0.053610    0.000000    0.000000    0.066667    0.000000    0.000000  
29.582958    -0.104829    0.000000    0.000000    0.054276    0.000000    0.000000    0.066348    0.000000    0.000000  
29.592959    -0.104283    0.000000    0.000000    0.054939    0.000000    0.000000    0.066021    0.000000    0.000000  
29.602960    -0.103730    0.000000    0.000000    0.055597    0.000000    0.000000    0.065687    0.000000    0.000000  
29.612961    -0.103171    0.000000    0.000000    0.056252    0.000000    0.000000    0.065343    0.000000    0.000000  
29.622962    -0.102605    0.000000    0.000000    0.056903    0.000000    0.000000    0.064989    0.000000    0.000000  
29.632963    -0.102032    0.000000    0.000000    0.057550    0.000000    0.000000    0.064622    0.000000    0.000000  
29.642964    -0.101454    0.000000    0.000000    0.058194    0.000000    0.000000    0.064242    0.000000    0.000000  
29.652965    -0.100868    0.000000    0.000000    0.058833    0.000000    0.000000    0.063847    0.000000    0.000000  
29.662966    -0.100277    0.000000    0.000000    0.059468    0.000000    0.000000    0.063435    0.000000    0.000000  
29.672967    -0.099679    0.000000    0.000000    0.060099    0.000000    0.000000    0.063005    0.000000    0.000000  
29.682968    -0.099074    0.000000    0.000000    0.060726    0.000000    0.000000    0.062555    0.000000    0.000000  
29.692969    -0.098464    0.000000    0.000000    0.061349    0.000000    0.000000    0.062085    0.000000    0.000000  
29.702970    -0.097847    0.000000    0.000000    0.061967    0.000000    0.000000    0.061592    0.000000    0.000000  
29.712971    -0.097224    0.000000    0.000000    0.062581    0.000000    0.000000    0.061077    0.000000    0.000000  
29.722972    -0.096595    0.000000    0.000000    0.063190    0.000000    0.000000    0.060548    0.000000    0.000000  
29.732973    -0.095961    0.000000    0.000000    0.063795    0.000000    0.000000    0.060008    0.000000    0.000000  
29.742974    -0.095320    0.000000    0.000000    0.064395    0.000000    0.000000    0.059466    0.000000    0.000000  
29.752975    -0.094673    0.000000    0.000000    0.064990    0.000000    0.000000    0.058927    0.000000    0.000000  
29.762976    -0.094020    0.000000    0.000000    0.065580    0.000000    0.000000    0.058396    0.000000    0.000000  
29.772977    -0.093361    0.000000    0.000000    0.066164    0.000000    0.000000    0.057881    0.000000    0.000000  
29.782978    -0.092697    0.000000    0.000000    0.066743    0.000000    0.000000    0.057388    0.000000    0.000000  
29.792979    -0.092027    0.000000    0.000000    0.067316    0.000000    0.000000    0.056922    0.000000    0.000000  
29.802980    -0.091351    0.000000    0.000000    0.067883    0.000000    0.000000    0.056490    0.000000    0.000000  
29.812981    -0.090669    0.000000    0.000000    0.068445    0.000000    0.000000    0.056095    0.000000    0.000000  
29.822982    -0.089981    0.000000    0.000000    0.069002    0.000000    0.000000    0.055732    0.000000    0.000000  
29.832983    -0.089288    0.000000    0.000000    0.069553    0.000000    0.000000    0.055398    0.000000    0.000000  
29.842984    -0.088590    0.000000    0.000000    0.070101    0.000000    0.000000    0.055089    0.000000    0.000000  
29.852985    -0.087886    0.000000    0.000000    0.070646    0.000000    0.000000    0.054800    0.000000    0.000000  
29.862986    -0.087176    0.000000    0.000000    0.071187    0.000000    0.000000    0.054528    0.000000    0.000000  
29.872987    -0.086461    0.000000    0.000000    0.071727    0.000000    0.000000    0.054268    0.000000    0.000000  
29.882988    -0.085741    0.000000    0.000000    0.072264    0.000000    0.000000    0.054016    0.000000    0.000000  
29.892989    -0.085015    0.000000    0.000000    0.072801    0.000000    0.000000    0.053768    0.000000    0.000000  
29.902990    -0.084285    0.000000    0.000000    0.073337    0.000000    0.000000    0.053520    0.000000    0.000000  
29.912991    -0.083549    0.000000    0.000000    0.073873    0.000000    0.000000    0.053267    0.000000    0.000000  
29.922992    -0.082807    0.000000    0.000000    0.074407    0.000000    0.000000    0.053003    0.000000    0.000000  
29.932993    -0.082061    0.000000    0.000000    0.074940    0.000000    0.000000    0.052720    0.000000    0.000000  
29.942994    -0.081309    0.000000    0.000000    0.075470    0.000000    0.000000    0.052412    0.000000    0.000000  
29.952995    -0.080552    0.000000    0.000000    0.075998    0.000000    0.000000    0.052072    0.000000    0.000000  
29.962996    -0.079790    0.000000    0.000000    0.076521    0.000000    0.000000    0.051693    0.000000    0.000000  
29.972997    -0.079023    0.000000    0.000000    0.077039    0.000000    0.000000    0.051269    0.000000    0.000000  
29.982998    -0.078250    0.000000    0.000000    0.077552    0.000000    0.000000    0.050793    0.000000    0.000000  
29.992999    -0.077473    0.000000    0.000000    0.078059    0.000000    0.000000    0.050257    0.000000    0.000000  
30.003000    -0.076689    0.000000    0.000000    0.078559    0.000000    0.000000    0.049657    0.000000    0.000000  
30.013001    -0.075901    0.000000    0.000000    0.079051    0.000000    0.000000    0.048991    0.000000    0.000000  
30.023002    -0.075108    0.000000    0.000000    0.079536    0.000000    0.000000    0.048272    0.000000    0.000000  
30.033003    -0.074309    0.000000    0.000000    0.080014    0.000000    0.000000    0.047514    0.000000    0.000000  
30.043004    -0.073506    0.000000    0.000000    0.080485    0.000000    0.000000    0.046730    0.000000    0.000000  
30.053005    -0.072698    0.000000    0.000000    0.080948    0.000000    0.000000    0.045933    0.000000    0.000000  
30.063006    -0.071885    0.000000    0.000000    0.081403    0.000000    0.000000    0.045137    0.000000    0.000000  
30.073007    -0.071068    0.000000    0.000000    0.081851    0.000000    0.000000    0.044355    0.000000    0.000000  
30.083008    -0.070247    0.000000    0.000000    0.082292    0.000000    0.000000    0.043601    0.000000    0.000000  
30.093009    -0.069422    0.000000    0.000000    0.082725    0.000000    0.000000    0.042888    0.000000    0.000000  
30.103010    -0.068592    0.000000    0.000000    0.083151    0.000000    0.000000    0.042230    0.000000    0.000000  
30.113011    -0.067759    0.000000    0.000000    0.083569    0.000000    0.000000    0.041632    0.000000    0.000000  
30.123012    -0.066921    0.000000    0.000000    0.083981    0.000000    0.000000    0.041089    0.000000    0.000000  
30.133013    -0.066080    0.000000    0.000000    0.084387    0.000000    0.000000    0.040592    0.000000    0.000000  
30.143014    -0.065234    0.000000    0.000000    0.084787    0.000000    0.000000    0.040134    0.000000    0.000000  
30.153015    -0.064385    0.000000    0.000000    0.085182    0.000000    0.000000    0.039708    0.000000    0.000000  
30.163016    -0.063532    0.000000    0.000000    0.085573    0.000000    0.000000    0.039306    0.000000    0.000000  
30.173017    -0.062675    0.000000    0.000000    0.085960    0.000000    0.000000    0.038921    0.000000    0.000000  
30.183018    -0.061813    0.000000    0.000000    0.086344    0.000000    0.000000    0.038544    0.000000    0.000000  
30.193019    -0.060948    0.000000    0.000000    0.086726    0.000000    0.000000    0.038169    0.000000    0.000000  
30.203020    -0.060079    0.000000    0.000000    0.087105    0.000000    0.000000    0.037789    0.000000    0.000000  
30.213021    -0.059206    0.000000    0.000000    0.087483    0.000000    0.000000    0.037396    0.000000    0.000000  
30.223022    -0.058329    0.000000    0.000000    0.087858    0.000000    0.000000    0.036989    0.000000    0.000000  
30.233023    -0.057448    0.000000    0.000000    0.088230    0.000000    0.000000    0.036564    0.000000    0.000000  
30.243024    -0.056563    0.000000    0.000000    0.088598    0.000000    0.000000    0.036118    0.000000    0.000000  
30.253025    -0.055675    0.000000    0.000000    0.088962    0.000000    0.000000    0.035649    0.000000    0.000000  
30.263026    -0.054783    0.000000    0.000000    0.089321    0.000000    0.000000    0.035154    0.000000    0.000000  
30.273027    -0.053888    0.000000    0.000000    0.089674    0.000000    0.000000    0.034629    0.000000    0.000000  
30.283028    -0.052989    0.000000    0.000000    0.090021    0.000000    0.000000    0.034073    0.000000    0.000000  
30.293029    -0.052087    0.000000    0.000000    0.090361    0.000000    0.000000    0.033482    0.000000    0.000000  
30.303030    -0.051182    0.000000    0.000000    0.090693    0.000000    0.000000    0.032854    0.000000    0.000000  
30.313031    -0.050273    0.000000    0.000000    0.091017    0.000000    0.000000    0.032188    0.000000    0.000000  
30.323032    -0.049361    0.000000    0.000000    0.091333    0.000000    0.000000    0.031494    0.000000    0.000000  
30.333033    -0.048446    0.000000    0.000000    0.091642    0.000000    0.000000    0.030778    0.000000    0.000000  
30.343034    -0.047529    0.000000    0.000000    0.091943    0.000000    0.000000    0.030047    0.000000    0.000000  
30.353035    -0.046608    0.000000    0.000000    0.092237    0.000000    0.000000    0.029310    0.000000    0.000000  
30.363036    -0.045684    0.000000    0.000000    0.092524    0.000000    0.000000    0.028575    0.000000    0.000000  
30.373037    -0.044757    0.000000    0.000000    0.092804    0.000000    0.000000    0.027849    0.000000    0.000000  
30.383038    -0.043828    0.000000    0.000000    0.093077    0.000000    0.000000    0.027139    0.000000    0.000000  
30.393039    -0.042896    0.000000    0.000000    0.093345    0.000000    0.000000    0.026454    0.000000    0.000000  
30.403040    -0.041961    0.000000    0.000000    0.093606    0.000000    0.000000    0.025801    0.000000    0.000000  
30.413041    -0.041024    0.000000    0.000000    0.093861    0.000000    0.000000    0.025183    0.000000    0.000000  
30.423042    -0.040084    0.000000    0.000000    0.094111    0.000000    0.000000    0.024599    0.000000    0.000000  
30.433043    -0.039141    0.000000    0.000000    0.094354    0.000000    0.000000    0.024043    0.000000    0.000000  
30.443044    -0.038196    0.000000    0.000000    0.094593    0.000000    0.000000    0.023513    0.000000    0.000000  
30.453045    -0.037249    0.000000    0.000000    0.094826    0.000000    0.000000    0.023005    0.000000    0.000000  
30.463046    -0.036299    0.000000    0.000000    0.095054    0.000000    0.000000    0.022515    0.000000    0.000000  
30.473047    -0.035347    0.000000    0.000000    0.095277    0.000000    0.000000    0.022039    0.000000    0.000000  
30.483048    -0.034393    0.000000    0.000000    0.095495    0.000000    0.000000    0.021575    0.000000    0.000000  
30.493049    -0.033437    0.000000    0.000000    0.095708    0.000000    0.000000    0.021117    0.000000    0.000000  
30.503050    -0.032479    0.000000    0.000000    0.095917    0.000000    0.000000    0.020664    0.000000    0.000000  
30.513051    -0.031518    0.000000    0.000000    0.096122    0.000000    0.000000    0.020209    0.000000    0.000000  
30.523052    -0.030556    0.000000    0.000000    0.096321    0.000000    0.000000    0.019750    0.000000    0.000000  
30.533053    -0.029592    0.000000    0.000000    0.096516    0.000000    0.000000    0.019281    0.000000    0.000000  
30.543054    -0.028626    0.000000    0.000000    0.096706    0.000000    0.000000    0.018798    0.000000    0.000000  
30.553055    -0.027658    0.000000    0.000000    0.096891    0.000000    0.000000    0.018296    0.000000    0.000000  
30.563056    -0.026688    0.000000    0.000000    0.097071    0.000000    0.000000    0.017771    0.000000    0.000000  
30.573057    -0.025717    0.000000    0.000000    0.097245    0.000000    0.000000    0.017217    0.000000    0.000000  
30.583058    -0.024744    0.000000    0.000000    0.097413    0.000000    0.000000    0.016630    0.000000    0.000000  
30.593059    -0.023769    0.000000    0.000000    0.097576    0.000000    0.000000    0.016007    0.000000    0.000000  
30.603060    -0.022792    0.000000    0.000000    0.097733    0.000000    0.000000    0.015341    0.000000    0.000000  
30.613061    -0.021814    0.000000    0.000000    0.097883    0.000000    0.000000    0.014632    0.000000    0.000000  
30.623062    -0.020834    0.000000    0.000000    0.098027    0.000000    0.000000    0.013887    0.000000    0.000000  
30.633063    -0.019853    0.000000    0.000000    0.098164    0.000000    0.000000    0.013113    0.000000    0.000000  
30.643064    -0.018870    0.000000    0.000000    0.098294    0.000000    0.000000    0.012315    0.000000    0.000000  
30.653065    -0.017887    0.000000    0.000000    0.098416    0.000000    0.000000    0.011501    0.000000    0.000000  
30.663066    -0.016902    0.000000    0.000000    0.098530    0.000000    0.000000    0.010678    0.000000    0.000000  
30.673067    -0.015915    0.000000    0.000000    0.098636    0.000000    0.000000    0.009853    0.000000    0.000000  
30.683068    -0.014928    0.000000    0.000000    0.098733    0.000000    0.000000    0.009031    0.000000    0.000000  
30.693069    -0.013941    0.000000    0.000000    0.098821    0.000000    0.000000    0.008221    0.000000    0.000000  
30.703070    -0.012952    0.000000    0.000000    0.098899    0.000000    0.000000    0.007428    0.000000    0.000000  
30.713071    -0.011962    0.000000    0.000000    0.098968    0.000000    0.000000    0.006658    0.000000    0.000000  
30.723072    -0.010972    0.000000    0.000000    0.099029    0.000000    0.000000    0.005913    0.000000    0.000000  
30.733073    -0.009982    0.000000    0.000000    0.099081    0.000000    0.000000    0.005197    0.000000    0.000000  
30.743074    -0.008991    0.000000    0.000000    0.099126    0.000000    0.000000    0.004511    0.000000    0.000000  
30.753075    -0.007999    0.000000    0.000000    0.099164    0.000000    0.000000    0.003858    0.000000    0.000000  
30.763076    -0.007007    0.000000    0.000000    0.099195    0.000000    0.000000    0.003241    0.000000    0.000000  
30.773077    -0.006015    0.000000    0.000000    0.099221    0.000000    0.000000    0.002661    0.000000    0.000000  
30.783078    -0.005022    0.000000    0.000000    0.099243    0.000000    0.000000    0.002122    0.000000    0.000000  
30.793079    -0.004030    0.000000    0.000000    0.099260    0.000000    0.000000    0.001626    0.000000    0.000000  
30.803080    -0.003037    0.000000    0.000000    0.099274    0.000000    0.000000    0.001175    0.000000    0.000000  
30.813081    -0.002044    0.000000    0.000000    0.099284    0.000000    0.000000    0.000765    0.000000    0.000000  
30.823082    -0.001051    0.000000    0.000000    0.099292    0.000000    0.000000    0.000386    0.000000    0.000000  
30.833083    -0.000058    0.000000    0.000000    0.099295    0.000000    0.000000    0.000024    0.000000    0.000000  
30.843084    0.000935    0.000000    0.000000    0.099295    0.000000    0.000000    -0.000335    0.000000    0.000000  
30.853085    0.001927    0.000000    0.000000    0.099290    0.000000    0.000000    -0.000702    0.000000    0.000000  
30.863086    0.002920    0.000000    0.000000    0.099282    0.000000    0.000000    -0.001093    0.000000    0.000000  
30.873087    0.003913    0.000000    0.000000    0.099268    0.000000    0.000000    -0.001518    0.000000    0.000000  
30.883088    0.004905    0.000000    0.000000    0.099250    0.000000    0.000000    -0.001992    0.000000    0.000000  
30.893089    0.005898    0.000000    0.000000    0.099227    0.000000    0.000000    -0.002528    0.000000    0.000000  
30.903090    0.006890    0.000000    0.000000    0.099199    0.000000    0.000000    -0.003138    0.000000    0.000000  
30.913091    0.007882    0.000000    0.000000    0.099165    0.000000    0.000000    -0.003826    0.000000    0.000000  
30.923092    0.008874    0.000000    0.000000    0.099125    0.000000    0.000000    -0.004580    0.000000    0.000000  
30.933093    0.009865    0.000000    0.000000    0.099078    0.000000    0.000000    -0.005388    0.000000    0.000000  
30.943094    0.010856    0.000000    0.000000    0.099024    0.000000    0.000000    -0.006237    0.000000    0.000000  
30.953095    0.011846    0.000000    0.000000    0.098961    0.000000    0.000000    -0.007113    0.000000    0.000000  
30.963096    0.012835    0.000000    0.000000    0.098891    0.000000    0.000000    -0.008003    0.000000    0.000000  
30.973097    0.013824    0.000000    0.000000    0.098811    0.000000    0.000000    -0.008895    0.000000    0.000000  
30.983098    0.014812    0.000000    0.000000    0.098722    0.000000    0.000000    -0.009775    0.000000    0.000000  
30.993099    0.015799    0.000000    0.000000    0.098623    0.000000    0.000000    -0.010630    0.000000    0.000000  
31.003100    0.016785    0.000000    0.000000    0.098513    0.000000    0.000000    -0.011448    0.000000    0.000000  
31.013101    0.017769    0.000000    0.000000    0.098392    0.000000    0.000000    -0.012220    0.000000    0.000000  
31.023102    0.018753    0.000000    0.000000    0.098262    0.000000    0.000000    -0.012945    0.000000    0.000000  
31.033103    0.019735    0.000000    0.000000    0.098123    0.000000    0.000000    -0.013623    0.000000    0.000000  
31.043104    0.020716    0.000000    0.000000    0.097977    0.000000    0.000000    -0.014255    0.000000    0.000000  
31.053105    0.021695    0.000000    0.000000    0.097824    0.000000    0.000000    -0.014839    0.000000    0.000000  
31.063106    0.022673    0.000000    0.000000    0.097665    0.000000    0.000000    -0.015378    0.000000    0.000000  
31.073107    0.023649    0.000000    0.000000    0.097503    0.000000    0.000000    -0.015869    0.000000    0.000000  
31.083108    0.024623    0.000000    0.000000    0.097337    0.000000    0.000000    -0.016314    0.000000    0.000000  
31.093109    0.025596    0.000000    0.000000    0.097168    0.000000    0.000000    -0.016712    0.000000    0.000000  
31.103110    0.026567    0.000000    0.000000    0.096999    0.000000    0.000000    -0.017063    0.000000    0.000000  
31.113111    0.027536    0.000000    0.000000    0.096829    0.000000    0.000000    -0.017373    0.000000    0.000000  
31.123112    0.028503    0.000000    0.000000    0.096657    0.000000    0.000000    -0.017658    0.000000    0.000000  
31.133113    0.029469    0.000000    0.000000    0.096484    0.000000    0.000000    -0.017932    0.000000    0.000000  
31.143114    0.030432    0.000000    0.000000    0.096308    0.000000    0.000000    -0.018211    0.000000    0.000000  
31.153115    0.031394    0.000000    0.000000    0.096128    0.000000    0.000000    -0.018512    0.000000    0.000000  
31.163116    0.032354    0.000000    0.000000    0.095945    0.000000    0.000000    -0.018850    0.000000    0.000000  
31.173117    0.033312    0.000000    0.000000    0.095757    0.000000    0.000000    -0.019240    0.000000    0.000000  
31.183118    0.034268    0.000000    0.000000    0.095564    0.000000    0.000000    -0.019699    0.000000    0.000000  
31.193119    0.035223    0.000000    0.000000    0.095365    0.000000    0.000000    -0.020242    0.000000    0.000000  
31.203120    0.036176    0.000000    0.000000    0.095160    0.000000    0.000000    -0.020884    0.000000    0.000000  
31.213121    0.037126    0.000000    0.000000    0.094947    0.000000    0.000000    -0.021630    0.000000    0.000000  
31.223122    0.038075    0.000000    0.000000    0.094727    0.000000    0.000000    -0.022463    0.000000    0.000000  
31.233123    0.039022    0.000000    0.000000    0.094499    0.000000    0.000000    -0.023364    0.000000    0.000000  
31.243124    0.039966    0.000000    0.000000    0.094263    0.000000    0.000000    -0.024316    0.000000    0.000000  
31.253125    0.040909    0.000000    0.000000    0.094017    0.000000    0.000000    -0.025300    0.000000    0.000000  
31.263126    0.041848    0.000000    0.000000    0.093763    0.000000    0.000000    -0.026298    0.000000    0.000000  
31.273127    0.042785    0.000000    0.000000    0.093498    0.000000    0.000000    -0.027291    0.000000    0.000000  
31.283128    0.043719    0.000000    0.000000    0.093224    0.000000    0.000000    -0.028262    0.000000    0.000000  
31.293129    0.044650    0.000000    0.000000    0.092939    0.000000    0.000000    -0.029191    0.000000    0.000000  
31.303130    0.045578    0.000000    0.000000    0.092643    0.000000    0.000000    -0.030062    0.000000    0.000000  
31.313131    0.046503    0.000000    0.000000    0.092336    0.000000    0.000000    -0.030864    0.000000    0.000000  
31.323132    0.047425    0.000000    0.000000    0.092020    0.000000    0.000000    -0.031597    0.000000    0.000000  
31.333133    0.048343    0.000000    0.000000    0.091695    0.000000    0.000000    -0.032266    0.000000    0.000000  
31.343134    0.049258    0.000000    0.000000    0.091362    0.000000    0.000000    -0.032872    0.000000    0.000000  
31.353135    0.050170    0.000000    0.000000    0.091023    0.000000    0.000000    -0.033420    0.000000    0.000000  
31.363136    0.051078    0.000000    0.000000    0.090679    0.000000    0.000000    -0.033911    0.000000    0.000000  
31.373137    0.051983    0.000000    0.000000    0.090332    0.000000    0.000000    -0.034350    0.000000    0.000000  
31.383138    0.052885    0.000000    0.000000    0.089981    0.000000    0.000000    -0.034738    0.000000    0.000000  
31.393139    0.053783    0.000000    0.000000    0.089628    0.000000    0.000000    -0.035078    0.000000    0.000000  
31.403140    0.054678    0.000000    0.000000    0.089276    0.000000    0.000000    -0.035375    0.000000    0.000000  
31.413141    0.055569    0.000000    0.000000    0.088923    0.000000    0.000000    -0.035633    0.000000    0.000000  
31.423142    0.056456    0.000000    0.000000    0.088569    0.000000    0.000000    -0.035866    0.000000    0.000000  
31.433143    0.057340    0.000000    0.000000    0.088215    0.000000    0.000000    -0.036086    0.000000    0.000000  
31.443144    0.058221    0.000000    0.000000    0.087858    0.000000    0.000000    -0.036307    0.000000    0.000000  
31.453145    0.059097    0.000000    0.000000    0.087499    0.000000    0.000000    -0.036541    0.000000    0.000000  
31.463146    0.059970    0.000000    0.000000    0.087137    0.000000    0.000000    -0.036801    0.000000    0.000000  
31.473147    0.060840    0.000000    0.000000    0.086771    0.000000    0.000000    -0.037100    0.000000    0.000000  
31.483148    0.061706    0.000000    0.000000    0.086401    0.000000    0.000000    -0.037450    0.000000    0.000000  
31.493149    0.062568    0.000000    0.000000    0.086026    0.000000    0.000000    -0.037866    0.000000    0.000000  
31.503150    0.063426    0.000000    0.000000    0.085645    0.000000    0.000000    -0.038359    0.000000    0.000000  
31.513151    0.064281    0.000000    0.000000    0.085258    0.000000    0.000000    -0.038933    0.000000    0.000000  
31.523152    0.065132    0.000000    0.000000    0.084865    0.000000    0.000000    -0.039577    0.000000    0.000000  
31.533153    0.065979    0.000000    0.000000    0.084464    0.000000    0.000000    -0.040281    0.000000    0.000000  
31.543154    0.066822    0.000000    0.000000    0.084057    0.000000    0.000000    -0.041031    0.000000    0.000000  
31.553155    0.067660    0.000000    0.000000    0.083643    0.000000    0.000000    -0.041816    0.000000    0.000000  
31.563156    0.068495    0.000000    0.000000    0.083221    0.000000    0.000000    -0.042623    0.000000    0.000000  
31.573157    0.069325    0.000000    0.000000    0.082791    0.000000    0.000000    -0.043441    0.000000    0.000000  
31.583158    0.070151    0.000000    0.000000    0.082354    0.000000    0.000000    -0.044258    0.000000    0.000000  
31.593159    0.070973    0.000000    0.000000    0.081908    0.000000    0.000000    -0.045061    0.000000    0.000000  
31.603160    0.071790    0.000000    0.000000    0.081453    0.000000    0.000000    -0.045839    0.000000    0.000000  
31.613161    0.072602    0.000000    0.000000    0.080990    0.000000    0.000000    -0.046584    0.000000    0.000000  
31.623162    0.073410    0.000000    0.000000    0.080520    0.000000    0.000000    -0.047292    0.000000    0.000000  
31.633163    0.074212    0.000000    0.000000    0.080041    0.000000    0.000000    -0.047961    0.000000    0.000000  
31.643164    0.075010    0.000000    0.000000    0.079557    0.000000    0.000000    -0.048590    0.000000    0.000000  
31.653165    0.075804    0.000000    0.000000    0.079066    0.000000    0.000000    -0.049176    0.000000    0.000000  
31.663166    0.076592    0.000000    0.000000    0.078569    0.000000    0.000000    -0.049716    0.000000    0.000000  
31.673167    0.077375    0.000000    0.000000    0.078068    0.000000    0.000000    -0.050210    0.000000    0.000000  
31.683168    0.078153    0.000000    0.000000    0.077562    0.000000    0.000000    -0.050655    0.000000    0.000000  
31.693169    0.078927    0.000000    0.000000    0.077053    0.000000    0.000000    -0.051047    0.000000    0.000000  
31.703170    0.079695    0.000000    0.000000    0.076541    0.000000    0.000000    -0.051387    0.000000    0.000000  
31.713171    0.080457    0.000000    0.000000    0.076026    0.000000    0.000000    -0.051675    0.000000    0.000000  
31.723172    0.081215    0.000000    0.000000    0.075508    0.000000    0.000000    -0.051923    0.000000    0.000000  
31.733173    0.081968    0.000000    0.000000    0.074988    0.000000    0.000000    -0.052141    0.000000    0.000000  
31.743174    0.082715    0.000000    0.000000    0.074465    0.000000    0.000000    -0.052341    0.000000    0.000000  
31.753175    0.083457    0.000000    0.000000    0.073940    0.000000    0.000000    -0.052533    0.000000    0.000000  
31.763176    0.084194    0.000000    0.000000    0.073413    0.000000    0.000000    -0.052728    0.000000    0.000000  
31.773177    0.084925    0.000000    0.000000    0.072883    0.000000    0.000000    -0.052938    0.000000    0.000000  
31.783178    0.085651    0.000000    0.000000    0.072351    0.000000    0.000000    -0.053174    0.000000    0.000000  
31.793179    0.086372    0.000000    0.000000    0.071817    0.000000    0.000000    -0.053446    0.000000    0.000000  
31.803180    0.087088    0.000000    0.000000    0.071280    0.000000    0.000000    -0.053765    0.000000    0.000000  
31.813181    0.087798    0.000000    0.000000    0.070742    0.000000    0.000000    -0.054137    0.000000    0.000000  
31.823182    0.088503    0.000000    0.000000    0.070201    0.000000    0.000000    -0.054556    0.000000    0.000000  
31.833183    0.089202    0.000000    0.000000    0.069656    0.000000    0.000000    -0.055018    0.000000    0.000000  
31.843184    0.089896    0.000000    0.000000    0.069107    0.000000    0.000000    -0.055515    0.000000    0.000000  
31.853185    0.090584    0.000000    0.000000    0.068553    0.000000    0.000000    -0.056043    0.000000    0.000000  
31.863186    0.091267    0.000000    0.000000    0.067994    0.000000    0.000000    -0.056595    0.000000    0.000000  
31.873187    0.091944    0.000000    0.000000    0.067429    0.000000    0.000000    -0.057167    0.000000    0.000000  
31.883188    0.092616    0.000000    0.000000    0.066858    0.000000    0.000000    -0.057752    0.000000    0.000000  
31.893189    0.093281    0.000000    0.000000    0.066280    0.000000    0.000000    -0.058345    0.000000    0.000000  
31.903190    0.093941    0.000000    0.000000    0.065693    0.000000    0.000000    -0.058940    0.000000    0.000000  
31.913191    0.094595    0.000000    0.000000    0.065099    0.000000    0.000000    -0.059532    0.000000    0.000000  
31.923192    0.095244    0.000000    0.000000    0.064498    0.000000    0.000000    -0.060116    0.000000    0.000000  
31.933193    0.095886    0.000000    0.000000    0.063890    0.000000    0.000000    -0.060689    0.000000    0.000000  
31.943194    0.096522    0.000000    0.000000    0.063276    0.000000    0.000000    -0.061244    0.000000    0.000000  
31.953195    0.097152    0.000000    0.000000    0.062656    0.000000    0.000000    -0.061779    0.000000    0.000000  
31.963196    0.097776    0.000000    0.000000    0.062032    0.000000    0.000000    -0.062288    0.000000    0.000000  
31.973197    0.098393    0.000000    0.000000    0.061403    0.000000    0.000000    -0.062767    0.000000    0.000000  
31.983198    0.099004    0.000000    0.000000    0.060770    0.000000    0.000000    -0.063212    0.000000    0.000000  
31.993199    0.099609    0.000000    0.000000    0.060134    0.000000    0.000000    -0.063618    0.000000    0.000000  
32.003200    0.100207    0.000000    0.000000    0.059496    0.000000    0.000000    -0.063981    0.000000    0.000000  
32.013201    0.100799    0.000000    0.000000    0.058855    0.000000    0.000000    -0.064301    0.000000    0.000000  
32.023202    0.101384    0.000000    0.000000    0.058212    0.000000    0.000000    -0.064585    0.000000    0.000000  
32.033203    0.101963    0.000000    0.000000    0.057567    0.000000    0.000000    -0.064839    0.000000    0.000000  
32.043204    0.102535    0.000000    0.000000    0.056920    0.000000    0.000000    -0.065072    0.000000    0.000000  
32.053205    0.103100    0.000000    0.000000    0.056270    0.000000    0.000000    -0.065292    0.000000    0.000000  
32.063206    0.103660    0.000000    0.000000    0.055618    0.000000    0.000000    -0.065505    0.000000    0.000000  
32.073207    0.104212    0.000000    0.000000    0.054963    0.000000    0.000000    -0.065719    0.000000    0.000000  
32.083208    0.104758    0.000000    0.000000    0.054305    0.000000    0.000000    -0.065942    0.000000    0.000000  
32.093209    0.105298    0.000000    0.000000    0.053645    0.000000    0.000000    -0.066181    0.000000    0.000000  
32.103210    0.105831    0.000000    0.000000    0.052982    0.000000    0.000000    -0.066444    0.000000    0.000000  
32.113211    0.106358    0.000000    0.000000    0.052316    0.000000    0.000000    -0.066733    0.000000    0.000000  
32.123212    0.106878    0.000000    0.000000    0.051647    0.000000    0.000000    -0.067045    0.000000    0.000000  
32.133213    0.107391    0.000000    0.000000    0.050975    0.000000    0.000000    -0.067375    0.000000    0.000000  
32.143214    0.107898    0.000000    0.000000    0.050299    0.000000    0.000000    -0.067720    0.000000    0.000000  
32.153215    0.108398    0.000000    0.000000    0.049621    0.000000    0.000000    -0.068074    0.000000    0.000000  
32.163216    0.108892    0.000000    0.000000    0.048939    0.000000    0.000000    -0.068432    0.000000    0.000000  
32.173217    0.109378    0.000000    0.000000    0.048253    0.000000    0.000000    -0.068792    0.000000    0.000000  
32.183218    0.109857    0.000000    0.000000    0.047564    0.000000    0.000000    -0.069147    0.000000    0.000000  
32.193219    0.110330    0.000000    0.000000    0.046871    0.000000    0.000000    -0.069494    0.000000    0.000000  
32.203220    0.110795    0.000000    0.000000    0.046175    0.000000    0.000000    -0.069829    0.000000    0.000000  
32.213221    0.111253    0.000000    0.000000    0.045474    0.000000    0.000000    -0.070148    0.000000    0.000000  
32.223222    0.111704    0.000000    0.000000    0.044770    0.000000    0.000000    -0.070454    0.000000    0.000000  
32.233223    0.112148    0.000000    0.000000    0.044063    0.000000    0.000000    -0.070747    0.000000    0.000000  
32.243224    0.112585    0.000000    0.000000    0.043353    0.000000    0.000000    -0.071030    0.000000    0.000000  
32.253225    0.113015    0.000000    0.000000    0.042639    0.000000    0.000000    -0.071303    0.000000    0.000000  
32.263226    0.113437    0.000000    0.000000    0.041923    0.000000    0.000000    -0.071569    0.000000    0.000000  
32.273227    0.113852    0.000000    0.000000    0.041204    0.000000    0.000000    -0.071829    0.000000    0.000000  
32.283228    0.114261    0.000000    0.000000    0.040483    0.000000    0.000000    -0.072085    0.000000    0.000000  
32.293229    0.114662    0.000000    0.000000    0.039760    0.000000    0.000000    -0.072338    0.000000    0.000000  
32.303230    0.115056    0.000000    0.000000    0.039035    0.000000    0.000000    -0.072589    0.000000    0.000000  
32.313231    0.115443    0.000000    0.000000    0.038309    0.000000    0.000000    -0.072840    0.000000    0.000000  
32.323232    0.115822    0.000000    0.000000    0.037580    0.000000    0.000000    -0.073089    0.000000    0.000000  
32.333233    0.116195    0.000000    0.000000    0.036850    0.000000    0.000000    -0.073335    0.000000    0.000000  
32.343234    0.116560    0.000000    0.000000    0.036117    0.000000    0.000000    -0.073578    0.000000    0.000000  
32.353235    0.116918    0.000000    0.000000    0.035383    0.000000    0.000000    -0.073815    0.000000    0.000000  
32.363236    0.117268    0.000000    0.000000    0.034646    0.000000    0.000000    -0.074046    0.000000    0.000000  
32.373237    0.117611    0.000000    0.000000    0.033906    0.000000    0.000000    -0.074270    0.000000    0.000000  
32.383238    0.117947    0.000000    0.000000    0.033164    0.000000    0.000000    -0.074486    0.000000    0.000000  
32.393239    0.118275    0.000000    0.000000    0.032419    0.000000    0.000000    -0.074693    0.000000    0.000000  
32.403240    0.118595    0.000000    0.000000    0.031671    0.000000    0.000000    -0.074889    0.000000    0.000000  
32.413241    0.118908    0.000000    0.000000    0.030920    0.000000    0.000000    -0.075076    0.000000    0.000000  
32.423242    0.119214    0.000000    0.000000    0.030167    0.000000    0.000000    -0.075257    0.000000    0.000000  
32.433243    0.119511    0.000000    0.000000    0.029411    0.000000    0.000000    -0.075437    0.000000    0.000000  
32.443244    0.119801    0.000000    0.000000    0.028652    0.000000    0.000000    -0.075620    0.000000    0.000000  
32.453245    0.120084    0.000000    0.000000    0.027892    0.000000    0.000000    -0.075810    0.000000    0.000000  
32.463246    0.120359    0.000000    0.000000    0.027129    0.000000    0.000000    -0.076011    0.000000    0.000000  
32.473247    0.120626    0.000000    0.000000    0.026365    0.000000    0.000000    -0.076228    0.000000    0.000000  
32.483248    0.120886    0.000000    0.000000    0.025599    0.000000    0.000000    -0.076465    0.000000    0.000000  
32.493249    0.121138    0.000000    0.000000    0.024831    0.000000    0.000000    -0.076726    0.000000    0.000000  
32.503250    0.121382    0.000000    0.000000    0.024062    0.000000    0.000000    -0.077015    0.000000    0.000000  
32.513251    0.121619    0.000000    0.000000    0.023292    0.000000    0.000000    -0.077329    0.000000    0.000000  
32.523252    0.121849    0.000000    0.000000    0.022520    0.000000    0.000000    -0.077653    0.000000    0.000000  
32.533253    0.122070    0.000000    0.000000    0.021747    0.000000    0.000000    -0.077971    0.000000    0.000000  
32.543254    0.122284    0.000000    0.000000    0.020972    0.000000    0.000000    -0.078265    0.000000    0.000000  
32.553255    0.122490    0.000000    0.000000    0.020195    0.000000    0.000000    -0.078521    0.000000    0.000000  
32.563256    0.122688    0.000000    0.000000    0.019417    0.000000    0.000000    -0.078721    0.000000    0.000000  
32.573257    0.122879    0.000000    0.000000    0.018637    0.000000    0.000000    -0.078850    0.000000    0.000000  
32.583258    0.123061    0.000000    0.000000    0.017854    0.000000    0.000000    -0.078891    0.000000    0.000000  
32.593259    0.123236    0.000000    0.000000    0.017070    0.000000    0.000000    -0.078828    0.000000    0.000000  
32.603260    0.123403    0.000000    0.000000    0.016283    0.000000    0.000000    -0.078645    0.000000    0.000000  
32.613261    0.123561    0.000000    0.000000    0.015494    0.000000    0.000000    -0.078342    0.000000    0.000000  
32.623262    0.123712    0.000000    0.000000    0.014705    0.000000    0.000000    -0.077939    0.000000    0.000000  
32.633263    0.123856    0.000000    0.000000    0.013916    0.000000    0.000000    -0.077464    0.000000    0.000000  
32.643264    0.123991    0.000000    0.000000    0.013130    0.000000    0.000000    -0.076940    0.000000    0.000000  
32.653265    0.124118    0.000000    0.000000    0.012348    0.000000    0.000000    -0.076392    0.000000    0.000000  
32.663266    0.124238    0.000000    0.000000    0.011570    0.000000    0.000000    -0.075844    0.000000    0.000000  
32.673267    0.124350    0.000000    0.000000    0.010798    0.000000    0.000000    -0.075323    0.000000    0.000000  
32.683268    0.124455    0.000000    0.000000    0.010034    0.000000    0.000000    -0.074852    0.000000    0.000000  
32.693269    0.124551    0.000000    0.000000    0.009280    0.000000    0.000000    -0.074456    0.000000    0.000000  
32.703270    0.124640    0.000000    0.000000    0.008535    0.000000    0.000000    -0.074160    0.000000    0.000000  
32.713271    0.124722    0.000000    0.000000    0.007801    0.000000    0.000000    -0.073980    0.000000    0.000000  
32.723272    0.124796    0.000000    0.000000    0.007074    0.000000    0.000000    -0.073918    0.000000    0.000000  
32.733273    0.124862    0.000000    0.000000    0.006352    0.000000    0.000000    -0.073976    0.000000    0.000000  
32.743274    0.124922    0.000000    0.000000    0.005631    0.000000    0.000000    -0.074154    0.000000    0.000000  
32.753275    0.124973    0.000000    0.000000    0.004909    0.000000    0.000000    -0.074454    0.000000    0.000000  
32.763276    0.125018    0.000000    0.000000    0.004183    0.000000    0.000000    -0.074878    0.000000    0.000000  
32.773277    0.125055    0.000000    0.000000    0.003450    0.000000    0.000000    -0.075425    0.000000    0.000000  
32.783278    0.125085    0.000000    0.000000    0.002706    0.000000    0.000000    -0.076098    0.000000    0.000000  
32.793279    0.125107    0.000000    0.000000    0.001950    0.000000    0.000000    -0.076898    0.000000    0.000000  
32.803280    0.125123    0.000000    0.000000    0.001178    0.000000    0.000000    -0.077825    0.000000    0.000000  
32.813281    0.125131    0.000000    0.000000    0.000388    0.000000    0.000000    -0.078865    0.000000    0.000000  
32.823282    0.125132    0.000000    0.000000    -0.000416    0.000000    0.000000    -0.079976    0.000000    0.000000  
32.833283    0.125125    0.000000    0.000000    -0.001234    0.000000    0.000000    -0.081114    0.000000    0.000000  
32.843284    0.125111    0.000000    0.000000    -0.002064    0.000000    0.000000    -0.082237    0.000000    0.000000  
32.853285    0.125088    0.000000    0.000000    -0.002904    0.000000    0.000000    -0.083300    0.000000    0.000000  
32.863286    0.125057    0.000000    0.000000    -0.003752    0.000000    0.000000    -0.084262    0.000000    0.000000  
32.873287    0.125017    0.000000    0.000000    -0.004607    0.000000    0.000000    -0.085078    0.000000    0.000000  
32.883288    0.124968    0.000000    0.000000    -0.005465    0.000000    0.000000    -0.085704    0.000000    0.000000  
32.893289    0.124910    0.000000    0.000000    -0.006327    0.000000    0.000000    -0.086099    0.000000    0.000000  
32.903290    0.124842    0.000000    0.000000    -0.007189    0.000000    0.000000    -0.086218    0.000000    0.000000  
32.913291    0.124765    0.000000    0.000000    -0.008050    0.000000    0.000000    -0.086050    0.000000    0.000000  
32.923292    0.124679    0.000000    0.000000    -0.008909    0.000000    0.000000    -0.085632    0.000000    0.000000  
32.933293    0.124584    0.000000    0.000000    -0.009764    0.000000    0.000000    -0.085005    0.000000    0.000000  
32.943294    0.124480    0.000000    0.000000    -0.010614    0.000000    0.000000    -0.084210    0.000000    0.000000  
32.953295    0.124368    0.000000    0.000000    -0.011457    0.000000    0.000000    -0.083288    0.000000    0.000000  
32.963296    0.124247    0.000000    0.000000    -0.012292    0.000000    0.000000    -0.082280    0.000000    0.000000  
32.973297    0.124118    0.000000    0.000000    -0.013117    0.000000    0.000000    -0.081228    0.000000    0.000000  
32.983298    0.123982    0.000000    0.000000    -0.013932    0.000000    0.000000    -0.080173    0.000000    0.000000  
32.993299    0.123837    0.000000    0.000000    -0.014733    0.000000    0.000000    -0.079155    0.000000    0.000000  
33.003300    0.123686    0.000000    0.000000    -0.015521    0.000000    0.000000    -0.078215    0.000000    0.000000  
33.013301    0.123527    0.000000    0.000000    -0.016295    0.000000    0.000000    -0.077379    0.000000    0.000000  
33.023302    0.123362    0.000000    0.000000    -0.017056    0.000000    0.000000    -0.076645    0.000000    0.000000  
33.033303    0.123189    0.000000    0.000000    -0.017808    0.000000    0.000000    -0.076011    0.000000    0.000000  
33.043304    0.123008    0.000000    0.000000    -0.018551    0.000000    0.000000    -0.075473    0.000000    0.000000  
33.053305    0.122820    0.000000    0.000000    -0.019289    0.000000    0.000000    -0.075029    0.000000    0.000000  
33.063306    0.122625    0.000000    0.000000    -0.020023    0.000000    0.000000    -0.074676    0.000000    0.000000  
33.073307    0.122422    0.000000    0.000000    -0.020755    0.000000    0.000000    -0.074411    0.000000    0.000000  
33.083308    0.122212    0.000000    0.000000    -0.021488    0.000000    0.000000    -0.074230    0.000000    0.000000  
33.093309    0.121993    0.000000    0.000000    -0.022223    0.000000    0.000000    -0.074132    0.000000    0.000000  
33.103310    0.121767    0.000000    0.000000    -0.022964    0.000000    0.000000    -0.074112    0.000000    0.000000  
33.113311    0.121534    0.000000    0.000000    -0.023710    0.000000    0.000000    -0.074164    0.000000    0.000000  
33.123312    0.121292    0.000000    0.000000    -0.024460    0.000000    0.000000    -0.074272    0.000000    0.000000  
33.133313    0.121043    0.000000    0.000000    -0.025215    0.000000    0.000000    -0.074420    0.000000    0.000000  
33.143314    0.120787    0.000000    0.000000    -0.025972    0.000000    0.000000    -0.074594    0.000000    0.000000  
33.153315    0.120522    0.000000    0.000000    -0.026732    0.000000    0.000000    -0.074776    0.000000    0.000000  
33.163316    0.120251    0.000000    0.000000    -0.027492    0.000000    0.000000    -0.074951    0.000000    0.000000  
33.173317    0.119971    0.000000    0.000000    -0.028252    0.000000    0.000000    -0.075104    0.000000    0.000000  
33.183318    0.119685    0.000000    0.000000    -0.029010    0.000000    0.000000    -0.075219    0.000000    0.000000  
33.193319    0.119391    0.000000    0.000000    -0.029767    0.000000    0.000000    -0.075280    0.000000    0.000000  
33.203320    0.119089    0.000000    0.000000    -0.030520    0.000000    0.000000    -0.075271    0.000000    0.000000  
33.213321    0.118780    0.000000    0.000000    -0.031270    0.000000    0.000000    -0.075187    0.000000    0.000000  
33.223322    0.118464    0.000000    0.000000    -0.032017    0.000000    0.000000    -0.075037    0.000000    0.000000  
33.233323    0.118140    0.000000    0.000000    -0.032760    0.000000    0.000000    -0.074830    0.000000    0.000000  
33.243324    0.117810    0.000000    0.000000    -0.033500    0.000000    0.000000    -0.074578    0.000000    0.000000  
33.253325    0.117471    0.000000    0.000000    -0.034238    0.000000    0.000000    -0.074290    0.000000    0.000000  
33.263326    0.117126    0.000000    0.000000    -0.034973    0.000000    0.000000    -0.073976    0.000000    0.000000  
33.273327    0.116773    0.000000    0.000000    -0.035706    0.000000    0.000000    -0.073648    0.000000    0.000000  
33.283328    0.116412    0.000000    0.000000    -0.036437    0.000000    0.000000    -0.073315    0.000000    0.000000  
33.293329    0.116044    0.000000    0.000000    -0.037166    0.000000    0.000000    -0.072987    0.000000    0.000000  
33.303330    0.115669    0.000000    0.000000    -0.037894    0.000000    0.000000    -0.072675    0.000000    0.000000  
33.313331    0.115286    0.000000    0.000000    -0.038621    0.000000    0.000000    -0.072384    0.000000    0.000000  
33.323332    0.114896    0.000000    0.000000    -0.039346    0.000000    0.000000    -0.072111    0.000000    0.000000  
33.333333    0.114499    0.000000    0.000000    -0.040069    0.000000    0.000000    -0.071852    0.000000    0.000000  
33.343334    0.114094    0.000000    0.000000    -0.040791    0.000000    0.000000    -0.071604    0.000000    0.000000  
33.353335    0.113682    0.000000    0.000000    -0.041510    0.000000    0.000000    -0.071363    0.000000    0.000000  
33.363336    0.113263    0.000000    0.000000    -0.042226    0.000000    0.000000    -0.071125    0.000000    0.000000  
33.373337    0.112837    0.000000    0.000000    -0.042939    0.000000    0.000000    -0.070888    0.000000    0.000000  
33.383338    0.112404    0.000000    0.000000    -0.043649    0.000000    0.000000    -0.070647    0.000000    0.000000  
33.393339    0.111964    0.000000    0.000000    -0.044356    0.000000    0.000000    -0.070399    0.000000    0.000000  
33.403340    0.111516    0.000000    0.000000    -0.045059    0.000000    0.000000    -0.070141    0.000000    0.000000  
33.413341    0.111062    0.000000    0.000000    -0.045758    0.000000    0.000000    -0.069870    0.000000    0.000000  
33.423342    0.110601    0.000000    0.000000    -0.046454    0.000000    0.000000    -0.069589    0.000000    0.000000  
33.433343    0.110134    0.000000    0.000000    -0.047146    0.000000    0.000000    -0.069301    0.000000    0.000000  
33.443344    0.109659    0.000000    0.000000    -0.047835    0.000000    0.000000    -0.069007    0.000000    0.000000  
33.453345    0.109177    0.000000    0.000000    -0.048521    0.000000    0.000000    -0.068709    0.000000    0.000000  
33.463346    0.108689    0.000000    0.000000    -0.049204    0.000000    0.000000    -0.068410    0.000000    0.000000  
33.473347    0.108193    0.000000    0.000000    -0.049884    0.000000    0.000000    -0.068112    0.000000    0.000000  
33.483348    0.107691    0.000000    0.000000    -0.050562    0.000000    0.000000    -0.067817    0.000000    0.000000  
33.493349    0.107182    0.000000    0.000000    -0.051238    0.000000    0.000000    -0.067528    0.000000    0.000000  
33.503350    0.106667    0.000000    0.000000    -0.051912    0.000000    0.000000    -0.067246    0.000000    0.000000  
33.513351    0.106144    0.000000    0.000000    -0.052584    0.000000    0.000000    -0.066971    0.000000    0.000000  
33.523352    0.105615    0.000000    0.000000    -0.053253    0.000000    0.000000    -0.066701    0.000000    0.000000  
33.533353    0.105079    0.000000    0.000000    -0.053920    0.000000    0.000000    -0.066431    0.000000    0.000000  
33.543354    0.104536    0.000000    0.000000    -0.054585    0.000000    0.000000    -0.066158    0.000000    0.000000  
33.553355    0.103987    0.000000    0.000000    -0.055247    0.000000    0.000000    -0.065877    0.000000    0.000000  
33.563356    0.103431    0.000000    0.000000    -0.055906    0.000000    0.000000    -0.065587    0.000000    0.000000  
33.573357    0.102868    0.000000    0.000000    -0.056561    0.000000    0.000000    -0.065281    0.000000    0.000000  
33.583358    0.102299    0.000000    0.000000    -0.057213    0.000000    0.000000    -0.064958    0.000000    0.000000  
33.593359    0.101724    0.000000    0.000000    -0.057861    0.000000    0.000000    -0.064614    0.000000    0.000000  
33.603360    0.101142    0.000000    0.000000    -0.058506    0.000000    0.000000    -0.064244    0.000000    0.000000  
33.613361    0.100553    0.000000    0.000000    -0.059146    0.000000    0.000000    -0.063848    0.000000    0.000000  
33.623362    0.099959    0.000000    0.000000    -0.059782    0.000000    0.000000    -0.063429    0.000000    0.000000  
33.633363    0.099358    0.000000    0.000000    -0.060414    0.000000    0.000000    -0.062990    0.000000    0.000000  
33.643364    0.098751    0.000000    0.000000    -0.061042    0.000000    0.000000    -0.062536    0.000000    0.000000  
33.653365    0.098137    0.000000    0.000000    -0.061665    0.000000    0.000000    -0.062069    0.000000    0.000000  
33.663366    0.097517    0.000000    0.000000    -0.062283    0.000000    0.000000    -0.061593    0.000000    0.000000  
33.673367    0.096892    0.000000    0.000000    -0.062897    0.000000    0.000000    -0.061112    0.000000    0.000000  
33.683368    0.096260    0.000000    0.000000    -0.063506    0.000000    0.000000    -0.060630    0.000000    0.000000  
33.693369    0.095621    0.000000    0.000000    -0.064110    0.000000    0.000000    -0.060149    0.000000    0.000000  
33.703370    0.094977    0.000000    0.000000    -0.064710    0.000000    0.000000    -0.059673    0.000000    0.000000  
33.713371    0.094327    0.000000    0.000000    -0.065304    0.000000    0.000000    -0.059206    0.000000    0.000000  
33.723372    0.093671    0.000000    0.000000    -0.065893    0.000000    0.000000    -0.058745    0.000000    0.000000  
33.733373    0.093009    0.000000    0.000000    -0.066478    0.000000    0.000000    -0.058291    0.000000    0.000000  
33.743374    0.092341    0.000000    0.000000    -0.067058    0.000000    0.000000    -0.057844    0.000000    0.000000  
33.753375    0.091667    0.000000    0.000000    -0.067633    0.000000    0.000000    -0.057403    0.000000    0.000000  
33.763376    0.090988    0.000000    0.000000    -0.068204    0.000000    0.000000    -0.056969    0.000000    0.000000  
33.773377    0.090303    0.000000    0.000000    -0.068771    0.000000    0.000000    -0.056540    0.000000    0.000000  
33.783378    0.089612    0.000000    0.000000    -0.069334    0.000000    0.000000    -0.056116    0.000000    0.000000  
33.793379    0.088916    0.000000    0.000000    -0.069893    0.000000    0.000000    -0.055697    0.000000    0.000000  
33.803380    0.088214    0.000000    0.000000    -0.070448    0.000000    0.000000    -0.055283    0.000000    0.000000  
33.813381    0.087507    0.000000    0.000000    -0.070999    0.000000    0.000000    -0.054873    0.000000    0.000000  
33.823382    0.086794    0.000000    0.000000    -0.071546    0.000000    0.000000    -0.054467    0.000000    0.000000  
33.833383    0.086076    0.000000    0.000000    -0.072089    0.000000    0.000000    -0.054063    0.000000    0.000000  
33.843384    0.085352    0.000000    0.000000    -0.072629    0.000000    0.000000    -0.053662    0.000000    0.000000  
33.853385    0.084624    0.000000    0.000000    -0.073164    0.000000    0.000000    -0.053263    0.000000    0.000000  
33.863386    0.083889    0.000000    0.000000    -0.073696    0.000000    0.000000    -0.052865    0.000000    0.000000  
33.873387    0.083150    0.000000    0.000000    -0.074223    0.000000    0.000000    -0.052468    0.000000    0.000000  
33.883388    0.082405    0.000000    0.000000    -0.074746    0.000000    0.000000    -0.052070    0.000000    0.000000  
33.893389    0.081655    0.000000    0.000000    -0.075265    0.000000    0.000000    -0.051671    0.000000    0.000000  
33.903390    0.080900    0.000000    0.000000    -0.075780    0.000000    0.000000    -0.051271    0.000000    0.000000  
33.913391    0.080139    0.000000    0.000000    -0.076290    0.000000    0.000000    -0.050869    0.000000    0.000000  
33.923392    0.079374    0.000000    0.000000    -0.076797    0.000000    0.000000    -0.050461    0.000000    0.000000  
33.933393    0.078603    0.000000    0.000000    -0.077299    0.000000    0.000000    -0.050046    0.000000    0.000000  
33.943394    0.077827    0.000000    0.000000    -0.077796    0.000000    0.000000    -0.049621    0.000000    0.000000  
33.953395    0.077047    0.000000    0.000000    -0.078289    0.000000    0.000000    -0.049183    0.000000    0.000000  
33.963396    0.076261    0.000000    0.000000    -0.078777    0.000000    0.000000    -0.048731    0.000000    0.000000  
33.973397    0.075470    0.000000    0.000000    -0.079261    0.000000    0.000000    -0.048262    0.000000    0.000000  
33.983398    0.074675    0.000000    0.000000    -0.079741    0.000000    0.000000    -0.047772    0.000000    0.000000  
33.993399    0.073875    0.000000    0.000000    -0.080215    0.000000    0.000000    -0.047261    0.000000    0.000000  
34.003400    0.073071    0.000000    0.000000    -0.080685    0.000000    0.000000    -0.046725    0.000000    0.000000  
34.013401    0.072261    0.000000    0.000000    -0.081150    0.000000    0.000000    -0.046164    0.000000    0.000000  
34.023402    0.071448    0.000000    0.000000    -0.081610    0.000000    0.000000    -0.045579    0.000000    0.000000  
34.033403    0.070629    0.000000    0.000000    -0.082064    0.000000    0.000000    -0.044973    0.000000    0.000000  
34.043404    0.069807    0.000000    0.000000    -0.082513    0.000000    0.000000    -0.044346    0.000000    0.000000  
34.053405    0.068980    0.000000    0.000000    -0.082955    0.000000    0.000000    -0.043702    0.000000    0.000000  
34.063406    0.068148    0.000000    0.000000    -0.083391    0.000000    0.000000    -0.043041    0.000000    0.000000  
34.073407    0.067312    0.000000    0.000000    -0.083820    0.000000    0.000000    -0.042366    0.000000    0.000000  
34.083408    0.066472    0.000000    0.000000    -0.084242    0.000000    0.000000    -0.041679    0.000000    0.000000  
34.093409    0.065627    0.000000    0.000000    -0.084656    0.000000    0.000000    -0.040981    0.000000    0.000000  
34.103410    0.064779    0.000000    0.000000    -0.085062    0.000000    0.000000    -0.040274    0.000000    0.000000  
34.113411    0.063926    0.000000    0.000000    -0.085461    0.000000    0.000000    -0.039562    0.000000    0.000000  
34.123412    0.063069    0.000000    0.000000    -0.085852    0.000000    0.000000    -0.038854    0.000000    0.000000  
34.133413    0.062208    0.000000    0.000000    -0.086236    0.000000    0.000000    -0.038155    0.000000    0.000000  
34.143414    0.061344    0.000000    0.000000    -0.086613    0.000000    0.000000    -0.037475    0.000000    0.000000  
34.153415    0.060475    0.000000    0.000000    -0.086984    0.000000    0.000000    -0.036820    0.000000    0.000000  
34.163416    0.059603    0.000000    0.000000    -0.087348    0.000000    0.000000    -0.036197    0.000000    0.000000  
34.173417    0.058727    0.000000    0.000000    -0.087707    0.000000    0.000000    -0.035616    0.000000    0.000000  
34.183418    0.057848    0.000000    0.000000    -0.088061    0.000000    0.000000    -0.035083    0.000000    0.000000  
34.193419    0.056965    0.000000    0.000000    -0.088409    0.000000    0.000000    -0.034606    0.000000    0.000000  
34.203420    0.056079    0.000000    0.000000    -0.088753    0.000000    0.000000    -0.034192    0.000000    0.000000  
34.213421    0.055190    0.000000    0.000000    -0.089093    0.000000    0.000000    -0.033840    0.000000    0.000000  
34.223422    0.054298    0.000000    0.000000    -0.089429    0.000000    0.000000    -0.033538    0.000000    0.000000  
34.233423    0.053402    0.000000    0.000000    -0.089761    0.000000    0.000000    -0.033273    0.000000    0.000000  
34.243424    0.052503    0.000000    0.000000    -0.090089    0.000000    0.000000    -0.033029    0.000000    0.000000  
34.253425    0.051601    0.000000    0.000000    -0.090415    0.000000    0.000000    -0.032793    0.000000    0.000000  
34.263426    0.050696    0.000000    0.000000    -0.090738    0.000000    0.000000    -0.032551    0.000000    0.000000  
34.273427    0.049787    0.000000    0.000000    -0.091058    0.000000    0.000000    -0.032289    0.000000    0.000000  
34.283428    0.048875    0.000000    0.000000    -0.091376    0.000000    0.000000    -0.031993    0.000000    0.000000  
34.293429    0.047960    0.000000    0.000000    -0.091692    0.000000    0.000000    -0.031650    0.000000    0.000000  
34.303430    0.047041    0.000000    0.000000    -0.092006    0.000000    0.000000    -0.031245    0.000000    0.000000  
34.313431    0.046119    0.000000    0.000000    -0.092318    0.000000    0.000000    -0.030772    0.000000    0.000000  
34.323432    0.045194    0.000000    0.000000    -0.092627    0.000000    0.000000    -0.030234    0.000000    0.000000  
34.333433    0.044266    0.000000    0.000000    -0.092933    0.000000    0.000000    -0.029637    0.000000    0.000000  
34.343434    0.043335    0.000000    0.000000    -0.093233    0.000000    0.000000    -0.028985    0.000000    0.000000  
34.353435    0.042401    0.000000    0.000000    -0.093527    0.000000    0.000000    -0.028282    0.000000    0.000000  
34.363436    0.041464    0.000000    0.000000    -0.093813    0.000000    0.000000    -0.027535    0.000000    0.000000  
34.373437    0.040524    0.000000    0.000000    -0.094092    0.000000    0.000000    -0.026747    0.000000    0.000000  
34.383438    0.039582    0.000000    0.000000    -0.094360    0.000000    0.000000    -0.025923    0.000000    0.000000  
34.393439    0.038637    0.000000    0.000000    -0.094619    0.000000    0.000000    -0.025069    0.000000    0.000000  
34.403440    0.037689    0.000000    0.000000    -0.094866    0.000000    0.000000    -0.024188    0.000000    0.000000  
34.413441    0.036740    0.000000    0.000000    -0.095101    0.000000    0.000000    -0.023289    0.000000    0.000000  
34.423442    0.035787    0.000000    0.000000    -0.095324    0.000000    0.000000    -0.022381    0.000000    0.000000  
34.433443    0.034833    0.000000    0.000000    -0.095538    0.000000    0.000000    -0.021476    0.000000    0.000000  
34.443444    0.033876    0.000000    0.000000    -0.095742    0.000000    0.000000    -0.020584    0.000000    0.000000  
34.453445    0.032917    0.000000    0.000000    -0.095937    0.000000    0.000000    -0.019718    0.000000    0.000000  
34.463446    0.031957    0.000000    0.000000    -0.096124    0.000000    0.000000    -0.018887    0.000000    0.000000  
34.473447    0.030994    0.000000    0.000000    -0.096304    0.000000    0.000000    -0.018103    0.000000    0.000000  
34.483448    0.030030    0.000000    0.000000    -0.096478    0.000000    0.000000    -0.017376    0.000000    0.000000  
34.493449    0.029064    0.000000    0.000000    -0.096647    0.000000    0.000000    -0.016718    0.000000    0.000000  
34.503450    0.028096    0.000000    0.000000    -0.096811    0.000000    0.000000    -0.016140    0.000000    0.000000  
34.513451    0.027128    0.000000    0.000000    -0.096971    0.000000    0.000000    -0.015642    0.000000    0.000000  
34.523452    0.026157    0.000000    0.000000    -0.097127    0.000000    0.000000    -0.015210    0.000000    0.000000  
34.533453    0.025185    0.000000    0.000000    -0.097279    0.000000    0.000000    -0.014831    0.000000    0.000000  
34.543454    0.024212    0.000000    0.000000    -0.097427    0.000000    0.000000    -0.014487    0.000000    0.000000  
34.553455    0.023238    0.000000    0.000000    -0.097571    0.000000    0.000000    -0.014166    0.000000    0.000000  
34.563456    0.022261    0.000000    0.000000    -0.097711    0.000000    0.000000    -0.013851    0.000000    0.000000  
34.573457    0.021284    0.000000    0.000000    -0.097848    0.000000    0.000000    -0.013527    0.000000    0.000000  
34.583458    0.020305    0.000000    0.000000    -0.097981    0.000000    0.000000    -0.013180    0.000000    0.000000  
34.593459    0.019325    0.000000    0.000000    -0.098110    0.000000    0.000000    -0.012794    0.000000    0.000000  
34.603460    0.018343    0.000000    0.000000    -0.098236    0.000000    0.000000    -0.012355    0.000000    0.000000  
34.613461    0.017360    0.000000    0.000000    -0.098358    0.000000    0.000000    -0.011855    0.000000    0.000000  
34.623462    0.016375    0.000000    0.000000    -0.098475    0.000000    0.000000    -0.011300    0.000000    0.000000  
34.633463    0.015389    0.000000    0.000000    -0.098588    0.000000    0.000000    -0.010696    0.000000    0.000000  
34.643464    0.014403    0.000000    0.000000    -0.098695    0.000000    0.000000    -0.010049    0.000000    0.000000  
34.653465    0.013415    0.000000    0.000000    -0.098795    0.000000    0.000000    -0.009364    0.000000    0.000000  
34.663466    0.012426    0.000000    0.000000    -0.098889    0.000000    0.000000    -0.008648    0.000000    0.000000  
34.673467    0.011436    0.000000    0.000000    -0.098975    0.000000    0.000000    -0.007907    0.000000    0.000000  
34.683468    0.010446    0.000000    0.000000    -0.099053    0.000000    0.000000    -0.007146    0.000000    0.000000  
34.693469    0.009455    0.000000    0.000000    -0.099123    0.000000    0.000000    -0.006372    0.000000    0.000000  
34.703470    0.008463    0.000000    0.000000    -0.099183    0.000000    0.000000    -0.005591    0.000000    0.000000  
34.713471    0.007471    0.000000    0.000000    -0.099233    0.000000    0.000000    -0.004808    0.000000    0.000000  
34.723472    0.006478    0.000000    0.000000    -0.099275    0.000000    0.000000    -0.004028    0.000000    0.000000  
34.733473    0.005486    0.000000    0.000000    -0.099308    0.000000    0.000000    -0.003254    0.000000    0.000000  
34.743474    0.004492    0.000000    0.000000    -0.099333    0.000000    0.000000    -0.002492    0.000000    0.000000  
34.753475    0.003499    0.000000    0.000000    -0.099350    0.000000    0.000000    -0.001745    0.000000    0.000000  
34.763476    0.002505    0.000000    0.000000    -0.099360    0.000000    0.000000    -0.001019    0.000000    0.000000  
34.773477    0.001511    0.000000    0.000000    -0.099364    0.000000    0.000000    -0.000316    0.000000    0.000000  
34.783478    0.000518    0.000000    0.000000    -0.099362    0.000000    0.000000    0.000357    0.000000    0.000000  
34.793479    -0.000476    0.000000    0.000000    -0.099353    0.000000    0.000000    0.000998    0.000000    0.000000  
34.803480    -0.001470    0.000000    0.000000    -0.099340    0.000000    0.000000    0.001601    0.000000    0.000000  
34.813481    -0.002463    0.000000    0.000000    -0.099322    0.000000    0.000000    0.002167    0.000000    0.000000  
34.823482    -0.003456    0.000000    0.000000    -0.099299    0.000000    0.000000    0.002702    0.000000    0.000000  
34.833483    -0.004449    0.000000    0.000000    -0.099271    0.000000    0.000000    0.003213    0.000000    0.000000  
34.843484    -0.005442    0.000000    0.000000    -0.099238    0.000000    0.000000    0.003707    0.000000    0.000000  
34.853485    -0.006434    0.000000    0.000000    -0.099200    0.000000    0.000000    0.004191    0.000000    0.000000  
34.863486    -0.007426    0.000000    0.000000    -0.099157    0.000000    0.000000    0.004672    0.000000    0.000000  
34.873487    -0.008417    0.000000    0.000000    -0.099109    0.000000    0.000000    0.005157    0.000000    0.000000  
34.883488    -0.009408    0.000000    0.000000    -0.099055    0.000000    0.000000    0.005653    0.000000    0.000000  
34.893489    -0.010398    0.000000    0.000000    -0.098996    0.000000    0.000000    0.006167    0.000000    0.000000  
34.903490    -0.011388    0.000000    0.000000    -0.098932    0.000000    0.000000    0.006706    0.000000    0.000000  
34.913491    -0.012377    0.000000    0.000000    -0.098862    0.000000    0.000000    0.007272    0.000000    0.000000  
34.923492    -0.013365    0.000000    0.000000    -0.098787    0.000000    0.000000    0.007864    0.000000    0.000000  
34.933493    -0.014353    0.000000    0.000000    -0.098705    0.000000    0.000000    0.008479    0.000000    0.000000  
34.943494    -0.015340    0.000000    0.000000    -0.098618    0.000000    0.000000    0.009113    0.000000    0.000000  
34.953495    -0.016326    0.000000    0.000000    -0.098524    0.000000    0.000000    0.009765    0.000000    0.000000  
34.963496    -0.017311    0.000000    0.000000    -0.098424    0.000000    0.000000    0.010431    0.000000    0.000000  
34.973497    -0.018294    0.000000    0.000000    -0.098316    0.000000    0.000000    0.011108    0.000000    0.000000  
34.983498    -0.019277    0.000000    0.000000    -0.098203    0.000000    0.000000    0.011794    0.000000    0.000000  
34.993499    -0.020259    0.000000    0.000000    -0.098082    0.000000    0.000000    0.012486    0.000000    0.000000  
35.003500    -0.021239    0.000000    0.000000    -0.097953    0.000000    0.000000    0.013180    0.000000    0.000000  
35.013501    -0.022218    0.000000    0.000000    -0.097818    0.000000    0.000000    0.013875    0.000000    0.000000  
35.023502    -0.023195    0.000000    0.000000    -0.097675    0.000000    0.000000    0.014569    0.000000    0.000000  
35.033503    -0.024172    0.000000    0.000000    -0.097525    0.000000    0.000000    0.015261    0.000000    0.000000  
35.043504    -0.025146    0.000000    0.000000    -0.097368    0.000000    0.000000    0.015948    0.000000    0.000000  
35.053505    -0.026119    0.000000    0.000000    -0.097204    0.000000    0.000000    0.016629    0.000000    0.000000  
35.063506    -0.027090    0.000000    0.000000    -0.097034    0.000000    0.000000    0.017303    0.000000    0.000000  
35.073507    -0.028060    0.000000    0.000000    -0.096857    0.000000    0.000000    0.017968    0.000000    0.000000  
35.083508    -0.029028    0.000000    0.000000    -0.096673    0.000000    0.000000    0.018623    0.000000    0.000000  
35.093509    -0.029994    0.000000    0.000000    -0.096484    0.000000    0.000000    0.019265    0.000000    0.000000  
35.103510    -0.030958    0.000000    0.000000    -0.096288    0.000000    0.000000    0.019894    0.000000    0.000000  
35.113511    -0.031920    0.000000    0.000000    -0.096086    0.000000    0.000000    0.020509    0.000000    0.000000  
35.123512    -0.032880    0.000000    0.000000    -0.095878    0.000000    0.000000    0.021111    0.000000    0.000000  
35.133513    -0.033837    0.000000    0.000000    -0.095664    0.000000    0.000000    0.021702    0.000000    0.000000  
35.143514    -0.034793    0.000000    0.000000    -0.095444    0.000000    0.000000    0.022284    0.000000    0.000000  
35.153515    -0.035746    0.000000    0.000000    -0.095219    0.000000    0.000000    0.022858    0.000000    0.000000  
35.163516    -0.036697    0.000000    0.000000    -0.094988    0.000000    0.000000    0.023425    0.000000    0.000000  
35.173517    -0.037646    0.000000    0.000000    -0.094750    0.000000    0.000000    0.023988    0.000000    0.000000  
35.183518    -0.038592    0.000000    0.000000    -0.094508    0.000000    0.000000    0.024548    0.000000    0.000000  
35.193519    -0.039536    0.000000    0.000000    -0.094259    0.000000    0.000000    0.025107    0.000000    0.000000  
35.203520    -0.040478    0.000000    0.000000    -0.094006    0.000000    0.000000    0.025665    0.000000    0.000000  
35.213521    -0.041417    0.000000    0.000000    -0.093746    0.000000    0.000000    0.026224    0.000000    0.000000  
35.223522    -0.042353    0.000000    0.000000    -0.093481    0.000000    0.000000    0.026785    0.000000    0.000000  
35.233523    -0.043287    0.000000    0.000000    -0.093211    0.000000    0.000000    0.027347    0.000000    0.000000  
35.243524    -0.044217    0.000000    0.000000    -0.092934    0.000000    0.000000    0.027910    0.000000    0.000000  
35.253525    -0.045145    0.000000    0.000000    -0.092653    0.000000    0.000000    0.028474    0.000000    0.000000  
35.263526    -0.046071    0.000000    0.000000    -0.092365    0.000000    0.000000    0.029040    0.000000    0.000000  
35.273527    -0.046993    0.000000    0.000000    -0.092072    0.000000    0.000000    0.029607    0.000000    0.000000  
35.283528    -0.047912    0.000000    0.000000    -0.091773    0.000000    0.000000    0.030175    0.000000    0.000000  
35.293529    -0.048829    0.000000    0.000000    -0.091469    0.000000    0.000000    0.030745    0.000000    0.000000  
35.303530    -0.049742    0.000000    0.000000    -0.091158    0.000000    0.000000    0.031316    0.000000    0.000000  
35.313531    -0.050652    0.000000    0.000000    -0.090842    0.000000    0.000000    0.031888    0.000000    0.000000  
35.323532    -0.051559    0.000000    0.000000    -0.090520    0.000000    0.000000    0.032460    0.000000    0.000000  
35.333533    -0.052462    0.000000    0.000000    -0.090193    0.000000    0.000000    0.033031    0.000000    0.000000  
35.343534    -0.053363    0.000000    0.000000    -0.089860    0.000000    0.000000    0.033599    0.000000    0.000000  
35.353535    -0.054260    0.000000    0.000000    -0.089521    0.000000    0.000000    0.034164    0.000000    0.000000  
35.363536    -0.055153    0.000000    0.000000    -0.089177    0.000000    0.000000    0.034724    0.000000    0.000000  
35.373537    -0.056043    0.000000    0.000000    -0.088827    0.000000    0.000000    0.035278    0.000000    0.000000  
35.383538    -0.056930    0.000000    0.000000    -0.088471    0.000000    0.000000    0.035825    0.000000    0.000000  
35.393539    -0.057813    0.000000    0.000000    -0.088111    0.000000    0.000000    0.036363    0.000000    0.000000  
35.403540    -0.058692    0.000000    0.000000    -0.087744    0.000000    0.000000    0.036892    0.000000    0.000000  
35.413541    -0.059568    0.000000    0.000000    -0.087373    0.000000    0.000000    0.037412    0.000000    0.000000  
35.423542    -0.060440    0.000000    0.000000    -0.086995    0.000000    0.000000    0.037925    0.000000    0.000000  
35.433543    -0.061308    0.000000    0.000000    -0.086613    0.000000    0.000000    0.038433    0.000000    0.000000  
35.443544    -0.062172    0.000000    0.000000    -0.086226    0.000000    0.000000    0.038940    0.000000    0.000000  
35.453545    -0.063033    0.000000    0.000000    -0.085833    0.000000    0.000000    0.039447    0.000000    0.000000  
35.463546    -0.063889    0.000000    0.000000    -0.085435    0.000000    0.000000    0.039957    0.000000    0.000000  
35.473547    -0.064742    0.000000    0.000000    -0.085032    0.000000    0.000000    0.040473    0.000000    0.000000  
35.483548    -0.065590    0.000000    0.000000    -0.084624    0.000000    0.000000    0.040997    0.000000    0.000000  
35.493549    -0.066434    0.000000    0.000000    -0.084210    0.000000    0.000000    0.041531    0.000000    0.000000  
35.503550    -0.067275    0.000000    0.000000    -0.083792    0.000000    0.000000    0.042078    0.000000    0.000000  
35.513551    -0.068110    0.000000    0.000000    -0.083369    0.000000    0.000000    0.042638    0.000000    0.000000  
35.523552    -0.068942    0.000000    0.000000    -0.082941    0.000000    0.000000    0.043211    0.000000    0.000000  
35.533553    -0.069769    0.000000    0.000000    -0.082507    0.000000    0.000000    0.043793    0.000000    0.000000  
35.543554    -0.070592    0.000000    0.000000    -0.082068    0.000000    0.000000    0.044383    0.000000    0.000000  
35.553555    -0.071411    0.000000    0.000000    -0.081623    0.000000    0.000000    0.044979    0.000000    0.000000  
35.563556    -0.072225    0.000000    0.000000    -0.081172    0.000000    0.000000    0.045579    0.000000    0.000000  
35.573557    -0.073034    0.000000    0.000000    -0.080714    0.000000    0.000000    0.046180    0.000000    0.000000  
35.583558    -0.073839    0.000000    0.000000    -0.080251    0.000000    0.000000    0.046782    0.000000    0.000000  
35.593559    -0.074639    0.000000    0.000000    -0.079781    0.000000    0.000000    0.047381    0.000000    0.000000  
35.603560    -0.075435    0.000000    0.000000    -0.079304    0.000000    0.000000    0.047976    0.000000    0.000000  
35.613561    -0.076225    0.000000    0.000000    -0.078821    0.000000    0.000000    0.048565    0.000000    0.000000  
35.623562    -0.077011    0.000000    0.000000    -0.078331    0.000000    0.000000    0.049144    0.000000    0.000000  
35.633563    -0.077792    0.000000    0.000000    -0.077835    0.000000    0.000000    0.049710    0.000000    0.000000  
35.643564    -0.078568    0.000000    0.000000    -0.077334    0.000000    0.000000    0.050260    0.000000    0.000000  
35.653565    -0.079340    0.000000    0.000000    -0.076827    0.000000    0.000000    0.050792    0.000000    0.000000  
35.663566    -0.080105    0.000000    0.000000    -0.076315    0.000000    0.000000    0.051301    0.000000    0.000000  
35.673567    -0.080866    0.000000    0.000000    -0.075798    0.000000    0.000000    0.051786    0.000000    0.000000  
35.683568    -0.081622    0.000000    0.000000    -0.075277    0.000000    0.000000    0.052242    0.000000    0.000000  
35.693569    -0.082372    0.000000    0.000000    -0.074752    0.000000    0.000000    0.052667    0.000000    0.000000  
35.703570    -0.083117    0.000000    0.000000    -0.074223    0.000000    0.000000    0.053057    0.000000    0.000000  
35.713571    -0.083857    0.000000    0.000000    -0.073691    0.000000    0.000000    0.053414    0.000000    0.000000  
35.723572    -0.084591    0.000000    0.000000    -0.073155    0.000000    0.000000    0.053744    0.000000    0.000000  
35.733573    -0.085320    0.000000    0.000000    -0.072616    0.000000    0.000000    0.054054    0.000000    0.000000  
35.743574    -0.086043    0.000000    0.000000    -0.072074    0.000000    0.000000    0.054350    0.000000    0.000000  
35.753575    -0.086761    0.000000    0.000000    -0.071529    0.000000    0.000000    0.054639    0.000000    0.000000  
35.763576    -0.087473    0.000000    0.000000    -0.070980    0.000000    0.000000    0.054928    0.000000    0.000000  
35.773577    -0.088180    0.000000    0.000000    -0.070428    0.000000    0.000000    0.055224    0.000000    0.000000  
35.783578    -0.088882    0.000000    0.000000    -0.069874    0.000000    0.000000    0.055534    0.000000    0.000000  
35.793579    -0.089577    0.000000    0.000000    -0.069316    0.000000    0.000000    0.055864    0.000000    0.000000  
35.803580    -0.090268    0.000000    0.000000    -0.068755    0.000000    0.000000    0.056221    0.000000    0.000000  
35.813581    -0.090953    0.000000    0.000000    -0.068192    0.000000    0.000000    0.056608    0.000000    0.000000  
35.823582    -0.091632    0.000000    0.000000    -0.067625    0.000000    0.000000    0.057021    0.000000    0.000000  
35.833583    -0.092306    0.000000    0.000000    -0.067055    0.000000    0.000000    0.057458    0.000000    0.000000  
35.843584    -0.092974    0.000000    0.000000    -0.066480    0.000000    0.000000    0.057913    0.000000    0.000000  
35.853585    -0.093636    0.000000    0.000000    -0.065901    0.000000    0.000000    0.058384    0.000000    0.000000  
35.863586    -0.094292    0.000000    0.000000    -0.065318    0.000000    0.000000    0.058867    0.000000    0.000000  
35.873587    -0.094942    0.000000    0.000000    -0.064729    0.000000    0.000000    0.059358    0.000000    0.000000  
35.883588    -0.095587    0.000000    0.000000    -0.064135    0.000000    0.000000    0.059854    0.000000    0.000000  
35.893589    -0.096225    0.000000    0.000000    -0.063535    0.000000    0.000000    0.060350    0.000000    0.000000  
35.903590    -0.096858    0.000000    0.000000    -0.062929    0.000000    0.000000    0.060843    0.000000    0.000000  
35.913591    -0.097484    0.000000    0.000000    -0.062317    0.000000    0.000000    0.061330    0.000000    0.000000  
35.923592    -0.098104    0.000000    0.000000    -0.061700    0.000000    0.000000    0.061809    0.000000    0.000000  
35.933593    -0.098718    0.000000    0.000000    -0.061076    0.000000    0.000000    0.062278    0.000000    0.000000  
35.943594    -0.099326    0.000000    0.000000    -0.060448    0.000000    0.000000    0.062735    0.000000    0.000000  
35.953595    -0.099927    0.000000    0.000000    -0.059816    0.000000    0.000000    0.063178    0.000000    0.000000  
35.963596    -0.100522    0.000000    0.000000    -0.059179    0.000000    0.000000    0.063605    0.000000    0.000000  
35.973597    -0.101111    0.000000    0.000000    -0.058538    0.000000    0.000000    0.064015    0.000000    0.000000  
35.983598    -0.101693    0.000000    0.000000    -0.057894    0.000000    0.000000    0.064404    0.000000    0.000000  
35.993599    -0.102269    0.000000    0.000000    -0.057247    0.000000    0.000000    0.064772    0.000000    0.000000  
36.003600    -0.102838    0.000000    0.000000    -0.056597    0.000000    0.000000    0.065116    0.000000    0.000000  
36.013601    -0.103401    0.000000    0.000000    -0.055945    0.000000    0.000000    0.065437    0.000000    0.000000  
36.023602    -0.103957    0.000000    0.000000    -0.055291    0.000000    0.000000    0.065739    0.000000    0.000000  
36.033603    -0.104507    0.000000    0.000000    -0.054633    0.000000    0.000000    0.066028    0.000000    0.000000  
36.043604    -0.105050    0.000000    0.000000    -0.053973    0.000000    0.000000    0.066308    0.000000    0.000000  
36.053605    -0.105586    0.000000    0.000000    -0.053311    0.000000    0.000000    0.066584    0.000000    0.000000  
36.063606    -0.106116    0.000000    0.000000    -0.052645    0.000000    0.000000    0.066861    0.000000    0.000000  
36.073607    -0.106639    0.000000    0.000000    -0.051976    0.000000    0.000000    0.067143    0.000000    0.000000  
36.083608    -0.107155    0.000000    0.000000    -0.051304    0.000000    0.000000    0.067435    0.000000    0.000000  
36.093609    -0.107665    0.000000    0.000000    -0.050628    0.000000    0.000000    0.067743    0.000000    0.000000  
36.103610    -0.108168    0.000000    0.000000    -0.049949    0.000000    0.000000    0.068071    0.000000    0.000000  
36.113611    -0.108664    0.000000    0.000000    -0.049266    0.000000    0.000000    0.068420    0.000000    0.000000  
36.123612    -0.109153    0.000000    0.000000    -0.048580    0.000000    0.000000    0.068785    0.000000    0.000000  
36.133613    -0.109636    0.000000    0.000000    -0.047890    0.000000    0.000000    0.069163    0.000000    0.000000  
36.143614    -0.110111    0.000000    0.000000    -0.047197    0.000000    0.000000    0.069548    0.000000    0.000000  
36.153615    -0.110580    0.000000    0.000000    -0.046499    0.000000    0.000000    0.069936    0.000000    0.000000  
36.163616    -0.111042    0.000000    0.000000    -0.045798    0.000000    0.000000    0.070322    0.000000    0.000000  
36.173617    -0.111496    0.000000    0.000000    -0.045094    0.000000    0.000000    0.070701    0.000000    0.000000  
36.183618    -0.111944    0.000000    0.000000    -0.044386    0.000000    0.000000    0.071070    0.000000    0.000000  
36.193619    -0.112384    0.000000    0.000000    -0.043673    0.000000    0.000000    0.071423    0.000000    0.000000  
36.203620    -0.112818    0.000000    0.000000    -0.042957    0.000000    0.000000    0.071756    0.000000    0.000000  
36.213621    -0.113243    0.000000    0.000000    -0.042238    0.000000    0.000000    0.072065    0.000000    0.000000  
36.223622    -0.113662    0.000000    0.000000    -0.041515    0.000000    0.000000    0.072351    0.000000    0.000000  
36.233623    -0.114074    0.000000    0.000000    -0.040789    0.000000    0.000000    0.072615    0.000000    0.000000  
36.243624    -0.114478    0.000000    0.000000    -0.040060    0.000000    0.000000    0.072855    0.000000    0.000000  
36.253625    -0.114875    0.000000    0.000000    -0.039329    0.000000    0.000000    0.073072    0.000000    0.000000  
36.263626    -0.115264    0.000000    0.000000    -0.038596    0.000000    0.000000    0.073267    0.000000    0.000000  
36.273627    -0.115647    0.000000    0.000000    -0.037861    0.000000    0.000000    0.073438    0.000000    0.000000  
36.283628    -0.116022    0.000000    0.000000    -0.037125    0.000000    0.000000    0.073588    0.000000    0.000000  
36.293629    -0.116389    0.000000    0.000000    -0.036388    0.000000    0.000000    0.073714    0.000000    0.000000  
36.303630    -0.116750    0.000000    0.000000    -0.035650    0.000000    0.000000    0.073818    0.000000    0.000000  
36.313631    -0.117102    0.000000    0.000000    -0.034912    0.000000    0.000000    0.073902    0.000000    0.000000  
36.323632    -0.117448    0.000000    0.000000    -0.034173    0.000000    0.000000    0.073971    0.000000    0.000000  
36.333633    -0.117786    0.000000    0.000000    -0.033434    0.000000    0.000000    0.074031    0.000000    0.000000  
36.343634    -0.118117    0.000000    0.000000    -0.032693    0.000000    0.000000    0.074087    0.000000    0.000000  
36.353635    -0.118440    0.000000    0.000000    -0.031952    0.000000    0.000000    0.074145    0.000000    0.000000  
36.363636    -0.118756    0.000000    0.000000    -0.031210    0.000000    0.000000    0.074211    0.000000    0.000000  
36.373637    -0.119064    0.000000    0.000000    -0.030468    0.000000    0.000000    0.074289    0.000000    0.000000  
36.383638    -0.119365    0.000000    0.000000    -0.029724    0.000000    0.000000    0.074385    0.000000    0.000000  
36.393639    -0.119659    0.000000    0.000000    -0.028979    0.000000    0.000000    0.074506    0.000000    0.000000  
36.403640    -0.119945    0.000000    0.000000    -0.028233    0.000000    0.000000    0.074656    0.000000    0.000000  
36.413641    -0.120223    0.000000    0.000000    -0.027486    0.000000    0.000000    0.074838    0.000000    0.000000  
36.423642    -0.120494    0.000000    0.000000    -0.026737    0.000000    0.000000    0.075051    0.000000    0.000000  
36.433643    -0.120758    0.000000    0.000000    -0.025986    0.000000    0.000000    0.075292    0.000000    0.000000  
36.443644    -0.121014    0.000000    0.000000    -0.025233    0.000000    0.000000    0.075560    0.000000    0.000000  
36.453645    -0.121263    0.000000    0.000000    -0.024477    0.000000    0.000000    0.075854    0.000000    0.000000  
36.463646    -0.121504    0.000000    0.000000    -0.023719    0.000000    0.000000    0.076170    0.000000    0.000000  
36.473647    -0.121737    0.000000    0.000000    -0.022957    0.000000    0.000000    0.076508    0.000000    0.000000  
36.483648    -0.121963    0.000000    0.000000    -0.022191    0.000000    0.000000    0.076865    0.000000    0.000000  
36.493649    -0.122181    0.000000    0.000000    -0.021421    0.000000    0.000000    0.077240    0.000000    0.000000  
36.503650    -0.122391    0.000000    0.000000    -0.020646    0.000000    0.000000    0.077631    0.000000    0.000000  
36.513651    -0.122594    0.000000    0.000000    -0.019868    0.000000    0.000000    0.078030    0.000000    0.000000  
36.523652    -0.122789    0.000000    0.000000    -0.019085    0.000000    0.000000    0.078422    0.000000    0.000000  
36.533653    -0.122976    0.000000    0.000000    -0.018299    0.000000    0.000000    0.078790    0.000000    0.000000  
36.543654    -0.123155    0.000000    0.000000    -0.017510    0.000000    0.000000    0.079119    0.000000    0.000000  
36.553655    -0.123326    0.000000    0.000000    -0.016719    0.000000    0.000000    0.079392    0.000000    0.000000  
36.563656    -0.123490    0.000000    0.000000    -0.015926    0.000000    0.000000    0.079594    0.000000    0.000000  
36.573657    -0.123645    0.000000    0.000000    -0.015132    0.000000    0.000000    0.079709    0.000000    0.000000  
36.583658    -0.123793    0.000000    0.000000    -0.014337    0.000000    0.000000    0.079719    0.000000    0.000000  
36.593659    -0.123932    0.000000    0.000000    -0.013542    0.000000    0.000000    0.079610    0.000000    0.000000  
36.603660    -0.124064    0.000000    0.000000    -0.012747    0.000000    0.000000    0.079365    0.000000    0.000000  
36.613661    -0.124187    0.000000    0.000000    -0.011953    0.000000    0.000000    0.078987    0.000000    0.000000  
36.623662    -0.124303    0.000000    0.000000    -0.011161    0.000000    0.000000    0.078502    0.000000    0.000000  
36.633663    -0.124410    0.000000    0.000000    -0.010372    0.000000    0.000000    0.077940    0.000000    0.000000  
36.643664    -0.124510    0.000000    0.000000    -0.009586    0.000000    0.000000    0.077329    0.000000    0.000000  
36.653665    -0.124602    0.000000    0.000000    -0.008805    0.000000    0.000000    0.076698    0.000000    0.000000  
36.663666    -0.124686    0.000000    0.000000    -0.008030    0.000000    0.000000    0.076076    0.000000    0.000000  
36.673667    -0.124762    0.000000    0.000000    -0.007260    0.000000    0.000000    0.075493    0.000000    0.000000  
36.683668    -0.124831    0.000000    0.000000    -0.006498    0.000000    0.000000    0.074977    0.000000    0.000000  
36.693669    -0.124892    0.000000    0.000000    -0.005745    0.000000    0.000000    0.074557    0.000000    0.000000  
36.703670    -0.124946    0.000000    0.000000    -0.005000    0.000000    0.000000    0.074261    0.000000    0.000000  
36.713671    -0.124992    0.000000    0.000000    -0.004263    0.000000    0.000000    0.074106    0.000000    0.000000  
36.723672    -0.125031    0.000000    0.000000    -0.003533    0.000000    0.000000    0.074087    0.000000    0.000000  
36.733673    -0.125062    0.000000    0.000000    -0.002806    0.000000    0.000000    0.074200    0.000000    0.000000  
36.743674    -0.125086    0.000000    0.000000    -0.002080    0.000000    0.000000    0.074439    0.000000    0.000000  
36.753675    -0.125103    0.000000    0.000000    -0.001351    0.000000    0.000000    0.074800    0.000000    0.000000  
36.763676    -0.125112    0.000000    0.000000    -0.000619    0.000000    0.000000    0.075278    0.000000    0.000000  
36.773677    -0.125114    0.000000    0.000000    0.000121    0.000000    0.000000    0.075867    0.000000    0.000000  
36.783678    -0.125108    0.000000    0.000000    0.000871    0.000000    0.000000    0.076563    0.000000    0.000000  
36.793679    -0.125095    0.000000    0.000000    0.001633    0.000000    0.000000    0.077361    0.000000    0.000000  
36.803680    -0.125075    0.000000    0.000000    0.002410    0.000000    0.000000    0.078255    0.000000    0.000000  
36.813681    -0.125047    0.000000    0.000000    0.003203    0.000000    0.000000    0.079228    0.000000    0.000000  
36.823682    -0.125012    0.000000    0.000000    0.004010    0.000000    0.000000    0.080245    0.000000    0.000000  
36.833683    -0.124969    0.000000    0.000000    0.004830    0.000000    0.000000    0.081268    0.000000    0.000000  
36.843684    -0.124918    0.000000    0.000000    0.005660    0.000000    0.000000    0.082263    0.000000    0.000000  
36.853685    -0.124859    0.000000    0.000000    0.006499    0.000000    0.000000    0.083193    0.000000    0.000000  
36.863686    -0.124791    0.000000    0.000000    0.007346    0.000000    0.000000    0.084020    0.000000    0.000000  
36.873687    -0.124715    0.000000    0.000000    0.008197    0.000000    0.000000    0.084709    0.000000    0.000000  
36.883688    -0.124630    0.000000    0.000000    0.009052    0.000000    0.000000    0.085223    0.000000    0.000000  
36.893689    -0.124536    0.000000    0.000000    0.009908    0.000000    0.000000    0.085525    0.000000    0.000000  
36.903690    -0.124432    0.000000    0.000000    0.010764    0.000000    0.000000    0.085581    0.000000    0.000000  
36.913691    -0.124320    0.000000    0.000000    0.011618    0.000000    0.000000    0.085382    0.000000    0.000000  
36.923692    -0.124198    0.000000    0.000000    0.012470    0.000000    0.000000    0.084962    0.000000    0.000000  
36.933693    -0.124068    0.000000    0.000000    0.013317    0.000000    0.000000    0.084357    0.000000    0.000000  
36.943694    -0.123929    0.000000    0.000000    0.014159    0.000000    0.000000    0.083604    0.000000    0.000000  
36.953695    -0.123781    0.000000    0.000000    0.014994    0.000000    0.000000    0.082738    0.000000    0.000000  
36.963696    -0.123626    0.000000    0.000000    0.015822    0.000000    0.000000    0.081796    0.000000    0.000000  
36.973697    -0.123462    0.000000    0.000000    0.016640    0.000000    0.000000    0.080814    0.000000    0.000000  
36.983698    -0.123291    0.000000    0.000000    0.017449    0.000000    0.000000    0.079829    0.000000    0.000000  
36.993699    -0.123112    0.000000    0.000000    0.018246    0.000000    0.000000    0.078875    0.000000    0.000000  
37.003700    -0.122925    0.000000    0.000000    0.019031    0.000000    0.000000    0.077991    0.000000    0.000000  
37.013701    -0.122731    0.000000    0.000000    0.019803    0.000000    0.000000    0.077195    0.000000    0.000000  
37.023702    -0.122530    0.000000    0.000000    0.020565    0.000000    0.000000    0.076486    0.000000    0.000000  
37.033703    -0.122322    0.000000    0.000000    0.021317    0.000000    0.000000    0.075860    0.000000    0.000000  
37.043704    -0.122106    0.000000    0.000000    0.022062    0.000000    0.000000    0.075315    0.000000    0.000000  
37.053705    -0.121883    0.000000    0.000000    0.022801    0.000000    0.000000    0.074846    0.000000    0.000000  
37.063706    -0.121652    0.000000    0.000000    0.023536    0.000000    0.000000    0.074450    0.000000    0.000000  
37.073707    -0.121414    0.000000    0.000000    0.024268    0.000000    0.000000    0.074124    0.000000    0.000000  
37.083708    -0.121168    0.000000    0.000000    0.025000    0.000000    0.000000    0.073865    0.000000    0.000000  
37.093709    -0.120914    0.000000    0.000000    0.025733    0.000000    0.000000    0.073668    0.000000    0.000000  
37.103710    -0.120653    0.000000    0.000000    0.026468    0.000000    0.000000    0.073531    0.000000    0.000000  
37.113711    -0.120385    0.000000    0.000000    0.027207    0.000000    0.000000    0.073448    0.000000    0.000000  
37.123712    -0.120109    0.000000    0.000000    0.027948    0.000000    0.000000    0.073410    0.000000    0.000000  
37.133713    -0.119825    0.000000    0.000000    0.028692    0.000000    0.000000    0.073407    0.000000    0.000000  
37.143714    -0.119534    0.000000    0.000000    0.029437    0.000000    0.000000    0.073431    0.000000    0.000000  
37.153715    -0.119235    0.000000    0.000000    0.030182    0.000000    0.000000    0.073472    0.000000    0.000000  
37.163716    -0.118929    0.000000    0.000000    0.030927    0.000000    0.000000    0.073522    0.000000    0.000000  
37.173717    -0.118615    0.000000    0.000000    0.031671    0.000000    0.000000    0.073570    0.000000    0.000000  
37.183718    -0.118295    0.000000    0.000000    0.032413    0.000000    0.000000    0.073609    0.000000    0.000000  
37.193719    -0.117967    0.000000    0.000000    0.033153    0.000000    0.000000    0.073628    0.000000    0.000000  
37.203720    -0.117631    0.000000    0.000000    0.033890    0.000000    0.000000    0.073619    0.000000    0.000000  
37.213721    -0.117289    0.000000    0.000000    0.034624    0.000000    0.000000    0.073578    0.000000    0.000000  
37.223722    -0.116939    0.000000    0.000000    0.035354    0.000000    0.000000    0.073506    0.000000    0.000000  
37.233723    -0.116582    0.000000    0.000000    0.036082    0.000000    0.000000    0.073407    0.000000    0.000000  
37.243724    -0.116218    0.000000    0.000000    0.036807    0.000000    0.000000    0.073284    0.000000    0.000000  
37.253725    -0.115847    0.000000    0.000000    0.037531    0.000000    0.000000    0.073139    0.000000    0.000000  
37.263726    -0.115468    0.000000    0.000000    0.038254    0.000000    0.000000    0.072975    0.000000    0.000000  
37.273727    -0.115082    0.000000    0.000000    0.038976    0.000000    0.000000    0.072796    0.000000    0.000000  
37.283728    -0.114689    0.000000    0.000000    0.039698    0.000000    0.000000    0.072604    0.000000    0.000000  
37.293729    -0.114288    0.000000    0.000000    0.040420    0.000000    0.000000    0.072401    0.000000    0.000000  
37.303730    -0.113880    0.000000    0.000000    0.041143    0.000000    0.000000    0.072192    0.000000    0.000000  
37.313731    -0.113465    0.000000    0.000000    0.041866    0.000000    0.000000    0.071976    0.000000    0.000000  
37.323732    -0.113043    0.000000    0.000000    0.042589    0.000000    0.000000    0.071751    0.000000    0.000000  
37.333733    -0.112613    0.000000    0.000000    0.043312    0.000000    0.000000    0.071515    0.000000    0.000000  
37.343734    -0.112176    0.000000    0.000000    0.044032    0.000000    0.000000    0.071266    0.000000    0.000000  
37.353735    -0.111732    0.000000    0.000000    0.044751    0.000000    0.000000    0.071001    0.000000    0.000000  
37.363736    -0.111281    0.000000    0.000000    0.045466    0.000000    0.000000    0.070718    0.000000    0.000000  
37.373737    -0.110823    0.000000    0.000000    0.046178    0.000000    0.000000    0.070415    0.000000    0.000000  
37.383738    -0.110358    0.000000    0.000000    0.046885    0.000000    0.000000    0.070088    0.000000    0.000000  
37.393739    -0.109885    0.000000    0.000000    0.047587    0.000000    0.000000    0.069737    0.000000    0.000000  
37.403740    -0.109406    0.000000    0.000000    0.048283    0.000000    0.000000    0.069358    0.000000    0.000000  
37.413741    -0.108919    0.000000    0.000000    0.048973    0.000000    0.000000    0.068952    0.000000    0.000000  
37.423742    -0.108426    0.000000    0.000000    0.049657    0.000000    0.000000    0.068527    0.000000    0.000000  
37.433743    -0.107926    0.000000    0.000000    0.050335    0.000000    0.000000    0.068090    0.000000    0.000000  
37.443744    -0.107419    0.000000    0.000000    0.051009    0.000000    0.000000    0.067646    0.000000    0.000000  
37.453745    -0.106905    0.000000    0.000000    0.051678    0.000000    0.000000    0.067203    0.000000    0.000000  
37.463746    -0.106385    0.000000    0.000000    0.052343    0.000000    0.000000    0.066769    0.000000    0.000000  
37.473747    -0.105858    0.000000    0.000000    0.053004    0.000000    0.000000    0.066349    0.000000    0.000000  
37.483748    -0.105324    0.000000    0.000000    0.053663    0.000000    0.000000    0.065951    0.000000    0.000000  
37.493749    -0.104784    0.000000    0.000000    0.054319    0.000000    0.000000    0.065581    0.000000    0.000000  
37.503750    -0.104238    0.000000    0.000000    0.054973    0.000000    0.000000    0.065247    0.000000    0.000000  
37.513751    -0.103685    0.000000    0.000000    0.055625    0.000000    0.000000    0.064948    0.000000    0.000000  
37.523752    -0.103125    0.000000    0.000000    0.056275    0.000000    0.000000    0.064675    0.000000    0.000000  
37.533753    -0.102560    0.000000    0.000000    0.056923    0.000000    0.000000    0.064420    0.000000    0.000000  
37.543754    -0.101987    0.000000    0.000000    0.057568    0.000000    0.000000    0.064172    0.000000    0.000000  
37.553755    -0.101409    0.000000    0.000000    0.058210    0.000000    0.000000    0.063922    0.000000    0.000000  
37.563756    -0.100824    0.000000    0.000000    0.058850    0.000000    0.000000    0.063660    0.000000    0.000000  
37.573757    -0.100232    0.000000    0.000000    0.059486    0.000000    0.000000    0.063377    0.000000    0.000000  
37.583758    -0.099635    0.000000    0.000000    0.060118    0.000000    0.000000    0.063062    0.000000    0.000000  
37.593759    -0.099030    0.000000    0.000000    0.060747    0.000000    0.000000    0.062707    0.000000    0.000000  
37.603760    -0.098420    0.000000    0.000000    0.061373    0.000000    0.000000    0.062302    0.000000    0.000000  
37.613761    -0.097803    0.000000    0.000000    0.061994    0.000000    0.000000    0.061846    0.000000    0.000000  
37.623762    -0.097179    0.000000    0.000000    0.062610    0.000000    0.000000    0.061347    0.000000    0.000000  
37.633763    -0.096550    0.000000    0.000000    0.063223    0.000000    0.000000    0.060817    0.000000    0.000000  
37.643764    -0.095914    0.000000    0.000000    0.063830    0.000000    0.000000    0.060266    0.000000    0.000000  
37.653765    -0.095272    0.000000    0.000000    0.064432    0.000000    0.000000    0.059704    0.000000    0.000000  
37.663766    -0.094625    0.000000    0.000000    0.065029    0.000000    0.000000    0.059141    0.000000    0.000000  
37.673767    -0.093971    0.000000    0.000000    0.065620    0.000000    0.000000    0.058587    0.000000    0.000000  
37.683768    -0.093312    0.000000    0.000000    0.066206    0.000000    0.000000    0.058054    0.000000    0.000000  
37.693769    -0.092647    0.000000    0.000000    0.066786    0.000000    0.000000    0.057551    0.000000    0.000000  
37.703770    -0.091976    0.000000    0.000000    0.067359    0.000000    0.000000    0.057089    0.000000    0.000000  
37.713771    -0.091299    0.000000    0.000000    0.067926    0.000000    0.000000    0.056670    0.000000    0.000000  
37.723772    -0.090617    0.000000    0.000000    0.068488    0.000000    0.000000    0.056291    0.000000    0.000000  
37.733773    -0.089930    0.000000    0.000000    0.069045    0.000000    0.000000    0.055946    0.000000    0.000000  
37.743774    -0.089237    0.000000    0.000000    0.069598    0.000000    0.000000    0.055627    0.000000    0.000000  
37.753775    -0.088538    0.000000    0.000000    0.070147    0.000000    0.000000    0.055330    0.000000    0.000000  
37.763776    -0.087834    0.000000    0.000000    0.070693    0.000000    0.000000    0.055049    0.000000    0.000000  
37.773777    -0.087124    0.000000    0.000000    0.071237    0.000000    0.000000    0.054778    0.000000    0.000000  
37.783778    -0.086409    0.000000    0.000000    0.071779    0.000000    0.000000    0.054511    0.000000    0.000000  
37.793779    -0.085689    0.000000    0.000000    0.072320    0.000000    0.000000    0.054242    0.000000    0.000000  
37.803780    -0.084963    0.000000    0.000000    0.072861    0.000000    0.000000    0.053965    0.000000    0.000000  
37.813781    -0.084231    0.000000    0.000000    0.073402    0.000000    0.000000    0.053676    0.000000    0.000000  
37.823782    -0.083495    0.000000    0.000000    0.073941    0.000000    0.000000    0.053370    0.000000    0.000000  
37.833783    -0.082752    0.000000    0.000000    0.074478    0.000000    0.000000    0.053042    0.000000    0.000000  
37.843784    -0.082005    0.000000    0.000000    0.075013    0.000000    0.000000    0.052688    0.000000    0.000000  
37.853785    -0.081252    0.000000    0.000000    0.075544    0.000000    0.000000    0.052304    0.000000    0.000000  
37.863786    -0.080494    0.000000    0.000000    0.076071    0.000000    0.000000    0.051886    0.000000    0.000000  
37.873787    -0.079731    0.000000    0.000000    0.076593    0.000000    0.000000    0.051430    0.000000    0.000000  
37.883788    -0.078963    0.000000    0.000000    0.077108    0.000000    0.000000    0.050931    0.000000    0.000000  
37.893789    -0.078189    0.000000    0.000000    0.077617    0.000000    0.000000    0.050384    0.000000    0.000000  
37.903790    -0.077410    0.000000    0.000000    0.078118    0.000000    0.000000    0.049786    0.000000    0.000000  
37.913791    -0.076626    0.000000    0.000000    0.078611    0.000000    0.000000    0.049139    0.000000    0.000000  
37.923792    -0.075838    0.000000    0.000000    0.079097    0.000000    0.000000    0.048453    0.000000    0.000000  
37.933793    -0.075044    0.000000    0.000000    0.079575    0.000000    0.000000    0.047739    0.000000    0.000000  
37.943794    -0.074245    0.000000    0.000000    0.080045    0.000000    0.000000    0.047007    0.000000    0.000000  
37.953795    -0.073442    0.000000    0.000000    0.080509    0.000000    0.000000    0.046269    0.000000    0.000000  
37.963796    -0.072634    0.000000    0.000000    0.080965    0.000000    0.000000    0.045536    0.000000    0.000000  
37.973797    -0.071822    0.000000    0.000000    0.081415    0.000000    0.000000    0.044818    0.000000    0.000000  
37.983798    -0.071005    0.000000    0.000000    0.081859    0.000000    0.000000    0.044127    0.000000    0.000000  
37.993799    -0.070184    0.000000    0.000000    0.082296    0.000000    0.000000    0.043473    0.000000    0.000000  
38.003800    -0.069359    0.000000    0.000000    0.082728    0.000000    0.000000    0.042867    0.000000    0.000000  
38.013801    -0.068530    0.000000    0.000000    0.083154    0.000000    0.000000    0.042313    0.000000    0.000000  
38.023802    -0.067696    0.000000    0.000000    0.083575    0.000000    0.000000    0.041804    0.000000    0.000000  
38.033803    -0.066859    0.000000    0.000000    0.083990    0.000000    0.000000    0.041334    0.000000    0.000000  
38.043804    -0.066017    0.000000    0.000000    0.084401    0.000000    0.000000    0.040894    0.000000    0.000000  
38.053805    -0.065171    0.000000    0.000000    0.084807    0.000000    0.000000    0.040478    0.000000    0.000000  
38.063806    -0.064321    0.000000    0.000000    0.085209    0.000000    0.000000    0.040079    0.000000    0.000000  
38.073807    -0.063467    0.000000    0.000000    0.085607    0.000000    0.000000    0.039690    0.000000    0.000000  
38.083808    -0.062609    0.000000    0.000000    0.086000    0.000000    0.000000    0.039304    0.000000    0.000000  
38.093809    -0.061748    0.000000    0.000000    0.086391    0.000000    0.000000    0.038913    0.000000    0.000000  
38.103810    -0.060882    0.000000    0.000000    0.086778    0.000000    0.000000    0.038510    0.000000    0.000000  
38.113811    -0.060012    0.000000    0.000000    0.087162    0.000000    0.000000    0.038092    0.000000    0.000000  
38.123812    -0.059138    0.000000    0.000000    0.087542    0.000000    0.000000    0.037655    0.000000    0.000000  
38.133813    -0.058260    0.000000    0.000000    0.087918    0.000000    0.000000    0.037198    0.000000    0.000000  
38.143814    -0.057379    0.000000    0.000000    0.088289    0.000000    0.000000    0.036719    0.000000    0.000000  
38.153815    -0.056494    0.000000    0.000000    0.088656    0.000000    0.000000    0.036218    0.000000    0.000000  
38.163816    -0.055605    0.000000    0.000000    0.089017    0.000000    0.000000    0.035691    0.000000    0.000000  
38.173817    -0.054713    0.000000    0.000000    0.089373    0.000000    0.000000    0.035138    0.000000    0.000000  
38.183818    -0.053818    0.000000    0.000000    0.089723    0.000000    0.000000    0.034557    0.000000    0.000000  
38.193819    -0.052918    0.000000    0.000000    0.090066    0.000000    0.000000    0.033946    0.000000    0.000000  
38.203820    -0.052016    0.000000    0.000000    0.090403    0.000000    0.000000    0.033304    0.000000    0.000000  
38.213821    -0.051110    0.000000    0.000000    0.090732    0.000000    0.000000    0.032632    0.000000    0.000000  
38.223822    -0.050201    0.000000    0.000000    0.091054    0.000000    0.000000    0.031936    0.000000    0.000000  
38.233823    -0.049289    0.000000    0.000000    0.091369    0.000000    0.000000    0.031224    0.000000    0.000000  
38.243824    -0.048374    0.000000    0.000000    0.091677    0.000000    0.000000    0.030500    0.000000    0.000000  
38.253825    -0.047456    0.000000    0.000000    0.091978    0.000000    0.000000    0.029771    0.000000    0.000000  
38.263826    -0.046534    0.000000    0.000000    0.092272    0.000000    0.000000    0.029045    0.000000    0.000000  
38.273827    -0.045610    0.000000    0.000000    0.092560    0.000000    0.000000    0.028327    0.000000    0.000000  
38.283828    -0.044683    0.000000    0.000000    0.092840    0.000000    0.000000    0.027623    0.000000    0.000000  
38.293829    -0.043753    0.000000    0.000000    0.093113    0.000000    0.000000    0.026940    0.000000    0.000000  
38.303830    -0.042821    0.000000    0.000000    0.093379    0.000000    0.000000    0.026285    0.000000    0.000000  
38.313831    -0.041886    0.000000    0.000000    0.093638    0.000000    0.000000    0.025660    0.000000    0.000000  
38.323832    -0.040948    0.000000    0.000000    0.093891    0.000000    0.000000    0.025063    0.000000    0.000000  
38.333833    -0.040007    0.000000    0.000000    0.094138    0.000000    0.000000    0.024493    0.000000    0.000000  
38.343834    -0.039065    0.000000    0.000000    0.094379    0.000000    0.000000    0.023947    0.000000    0.000000  
38.353835    -0.038119    0.000000    0.000000    0.094614    0.000000    0.000000    0.023423    0.000000    0.000000  
38.363836    -0.037172    0.000000    0.000000    0.094844    0.000000    0.000000    0.022920    0.000000    0.000000  
38.373837    -0.036222    0.000000    0.000000    0.095070    0.000000    0.000000    0.022434    0.000000    0.000000  
38.383838    -0.035270    0.000000    0.000000    0.095291    0.000000    0.000000    0.021965    0.000000    0.000000  
38.393839    -0.034316    0.000000    0.000000    0.095507    0.000000    0.000000    0.021510    0.000000    0.000000  
38.403840    -0.033359    0.000000    0.000000    0.095720    0.000000    0.000000    0.021067    0.000000    0.000000  
38.413841    -0.032401    0.000000    0.000000    0.095929    0.000000    0.000000    0.020632    0.000000    0.000000  
38.423842    -0.031441    0.000000    0.000000    0.096134    0.000000    0.000000    0.020198    0.000000    0.000000  
38.433843    -0.030479    0.000000    0.000000    0.096335    0.000000    0.000000    0.019758    0.000000    0.000000  
38.443844    -0.029515    0.000000    0.000000    0.096531    0.000000    0.000000    0.019306    0.000000    0.000000  
38.453845    -0.028549    0.000000    0.000000    0.096722    0.000000    0.000000    0.018835    0.000000    0.000000  
38.463846    -0.027581    0.000000    0.000000    0.096908    0.000000    0.000000    0.018338    0.000000    0.000000  
38.473847    -0.026611    0.000000    0.000000    0.097089    0.000000    0.000000    0.017808    0.000000    0.000000  
38.483848    -0.025639    0.000000    0.000000    0.097264    0.000000    0.000000    0.017238    0.000000    0.000000  
38.493849    -0.024666    0.000000    0.000000    0.097433    0.000000    0.000000    0.016621    0.000000    0.000000  
38.503850    -0.023690    0.000000    0.000000    0.097596    0.000000    0.000000    0.015952    0.000000    0.000000  
38.513851    -0.022714    0.000000    0.000000    0.097753    0.000000    0.000000    0.015228    0.000000    0.000000  
38.523852    -0.021735    0.000000    0.000000    0.097902    0.000000    0.000000    0.014460    0.000000    0.000000  
38.533853    -0.020755    0.000000    0.000000    0.098044    0.000000    0.000000    0.013657    0.000000    0.000000  
38.543854    -0.019773    0.000000    0.000000    0.098179    0.000000    0.000000    0.012826    0.000000    0.000000  
38.553855    -0.018790    0.000000    0.000000    0.098306    0.000000    0.000000    0.011979    0.000000    0.000000  
38.563856    -0.017806    0.000000    0.000000    0.098425    0.000000    0.000000    0.011124    0.000000    0.000000  
38.573857    -0.016821    0.000000    0.000000    0.098535    0.000000    0.000000    0.010270    0.000000    0.000000  
38.583858    -0.015835    0.000000    0.000000    0.098636    0.000000    0.000000    0.009426    0.000000    0.000000  
38.593859    -0.014848    0.000000    0.000000    0.098728    0.000000    0.000000    0.008603    0.000000    0.000000  
38.603860    -0.013860    0.000000    0.000000    0.098810    0.000000    0.000000    0.007808    0.000000    0.000000  
38.613861    -0.012872    0.000000    0.000000    0.098883    0.000000    0.000000    0.007048    0.000000    0.000000  
38.623862    -0.011883    0.000000    0.000000    0.098946    0.000000    0.000000    0.006323    0.000000    0.000000  
38.633863    -0.010893    0.000000    0.000000    0.099002    0.000000    0.000000    0.005635    0.000000    0.000000  
38.643864    -0.009903    0.000000    0.000000    0.099051    0.000000    0.000000    0.004984    0.000000    0.000000  
38.653865    -0.008912    0.000000    0.000000    0.099093    0.000000    0.000000    0.004372    0.000000    0.000000  
38.663866    -0.007921    0.000000    0.000000    0.099130    0.000000    0.000000    0.003798    0.000000    0.000000  
38.673867    -0.006929    0.000000    0.000000    0.099161    0.000000    0.000000    0.003264    0.000000    0.000000  
38.683868    -0.005937    0.000000    0.000000    0.099188    0.000000    0.000000    0.002771    0.000000    0.000000  
38.693869    -0.004945    0.000000    0.000000    0.099212    0.000000    0.000000    0.002318    0.000000    0.000000  
38.703870    -0.003953    0.000000    0.000000    0.099233    0.000000    0.000000    0.001908    0.000000    0.000000  
38.713871    -0.002960    0.000000    0.000000    0.099251    0.000000    0.000000    0.001535    0.000000    0.000000  
38.723872    -0.001968    0.000000    0.000000    0.099267    0.000000    0.000000    0.001186    0.000000    0.000000  
38.733873    -0.000975    0.000000    0.000000    0.099279    0.000000    0.000000    0.000849    0.000000    0.000000  
38.743874    0.000018    0.000000    0.000000    0.099288    0.000000    0.000000    0.000510    0.000000    0.000000  
38.753875    0.001011    0.000000    0.000000    0.099293    0.000000    0.000000    0.000156    0.000000    0.000000  
38.763876    0.002003    0.000000    0.000000    0.099294    0.000000    0.000000    -0.000225    0.000000    0.000000  
38.773877    0.002996    0.000000    0.000000    0.099291    0.000000    0.000000    -0.000647    0.000000    0.000000  
38.783878    0.003989    0.000000    0.000000    0.099282    0.000000    0.000000    -0.001123    0.000000    0.000000  
38.793879    0.004982    0.000000    0.000000    0.099268    0.000000    0.000000    -0.001666    0.000000    0.000000  
38.803880    0.005975    0.000000    0.000000    0.099248    0.000000    0.000000    -0.002289    0.000000    0.000000  
38.813881    0.006967    0.000000    0.000000    0.099222    0.000000    0.000000    -0.002993    0.000000    0.000000  
38.823882    0.007959    0.000000    0.000000    0.099190    0.000000    0.000000    -0.003767    0.000000    0.000000  
38.833883    0.008951    0.000000    0.000000    0.099150    0.000000    0.000000    -0.004596    0.000000    0.000000  
38.843884    0.009943    0.000000    0.000000    0.099103    0.000000    0.000000    -0.005469    0.000000    0.000000  
38.853885    0.010934    0.000000    0.000000    0.099047    0.000000    0.000000    -0.006370    0.000000    0.000000  
38.863886    0.011924    0.000000    0.000000    0.098983    0.000000    0.000000    -0.007288    0.000000    0.000000  
38.873887    0.012914    0.000000    0.000000    0.098910    0.000000    0.000000    -0.008208    0.000000    0.000000  
38.883888    0.013903    0.000000    0.000000    0.098827    0.000000    0.000000    -0.009117    0.000000    0.000000  
38.893889    0.014891    0.000000    0.000000    0.098733    0.000000    0.000000    -0.010002    0.000000    0.000000  
38.903890    0.015878    0.000000    0.000000    0.098629    0.000000    0.000000    -0.010850    0.000000    0.000000  
38.913891    0.016863    0.000000    0.000000    0.098515    0.000000    0.000000    -0.011652    0.000000    0.000000  
38.923892    0.017848    0.000000    0.000000    0.098390    0.000000    0.000000    -0.012408    0.000000    0.000000  
38.933893    0.018831    0.000000    0.000000    0.098257    0.000000    0.000000    -0.013119    0.000000    0.000000  
38.943894    0.019814    0.000000    0.000000    0.098117    0.000000    0.000000    -0.013782    0.000000    0.000000  
38.953895    0.020794    0.000000    0.000000    0.097969    0.000000    0.000000    -0.014399    0.000000    0.000000  
38.963896    0.021774    0.000000    0.000000    0.097816    0.000000    0.000000    -0.014970    0.000000    0.000000  
38.973897    0.022751    0.000000    0.000000    0.097658    0.000000    0.000000    -0.015493    0.000000    0.000000  
38.983898    0.023727    0.000000    0.000000    0.097496    0.000000    0.000000    -0.015969    0.000000    0.000000  
38.993899    0.024702    0.000000    0.000000    0.097332    0.000000    0.000000    -0.016397    0.000000    0.000000  
39.003900    0.025674    0.000000    0.000000    0.097166    0.000000    0.000000    -0.016778    0.000000    0.000000  
39.013901    0.026645    0.000000    0.000000    0.096998    0.000000    0.000000    -0.017117    0.000000    0.000000  
39.023902    0.027614    0.000000    0.000000    0.096829    0.000000    0.000000    -0.017429    0.000000    0.000000  
39.033903    0.028581    0.000000    0.000000    0.096657    0.000000    0.000000    -0.017729    0.000000    0.000000  
39.043904    0.029547    0.000000    0.000000    0.096482    0.000000    0.000000    -0.018030    0.000000    0.000000  
39.053905    0.030510    0.000000    0.000000    0.096303    0.000000    0.000000    -0.018348    0.000000    0.000000  
39.063906    0.031472    0.000000    0.000000    0.096121    0.000000    0.000000    -0.018697    0.000000    0.000000  
39.073907    0.032432    0.000000    0.000000    0.095934    0.000000    0.000000    -0.019092    0.000000    0.000000  
39.083908    0.033390    0.000000    0.000000    0.095742    0.000000    0.000000    -0.019548    0.000000    0.000000  
39.093909    0.034346    0.000000    0.000000    0.095544    0.000000    0.000000    -0.020080    0.000000    0.000000  
39.103910    0.035301    0.000000    0.000000    0.095340    0.000000    0.000000    -0.020701    0.000000    0.000000  
39.113911    0.036253    0.000000    0.000000    0.095130    0.000000    0.000000    -0.021414    0.000000    0.000000  
39.123912    0.037204    0.000000    0.000000    0.094912    0.000000    0.000000    -0.022202    0.000000    0.000000  
39.133913    0.038152    0.000000    0.000000    0.094688    0.000000    0.000000    -0.023051    0.000000    0.000000  
39.143914    0.039099    0.000000    0.000000    0.094455    0.000000    0.000000    -0.023942    0.000000    0.000000  
39.153915    0.040043    0.000000    0.000000    0.094214    0.000000    0.000000    -0.024860    0.000000    0.000000  
39.163916    0.040984    0.000000    0.000000    0.093964    0.000000    0.000000    -0.025788    0.000000    0.000000  
39.173917    0.041923    0.000000    0.000000    0.093705    0.000000    0.000000    -0.026709    0.000000    0.000000  
39.183918    0.042859    0.000000    0.000000    0.093437    0.000000    0.000000    -0.027607    0.000000    0.000000  
39.193919    0.043792    0.000000    0.000000    0.093159    0.000000    0.000000    -0.028466    0.000000    0.000000  
39.203920    0.044723    0.000000    0.000000    0.092870    0.000000    0.000000    -0.029268    0.000000    0.000000  
39.213921    0.045650    0.000000    0.000000    0.092572    0.000000    0.000000    -0.030007    0.000000    0.000000  
39.223922    0.046574    0.000000    0.000000    0.092264    0.000000    0.000000    -0.030686    0.000000    0.000000  
39.233923    0.047495    0.000000    0.000000    0.091948    0.000000    0.000000    -0.031307    0.000000    0.000000  
39.243924    0.048413    0.000000    0.000000    0.091625    0.000000    0.000000    -0.031876    0.000000    0.000000  
39.253925    0.049327    0.000000    0.000000    0.091297    0.000000    0.000000    -0.032397    0.000000    0.000000  
39.263926    0.050238    0.000000    0.000000    0.090963    0.000000    0.000000    -0.032873    0.000000    0.000000  
39.273927    0.051146    0.000000    0.000000    0.090625    0.000000    0.000000    -0.033308    0.000000    0.000000  
39.283928    0.052051    0.000000    0.000000    0.090285    0.000000    0.000000    -0.033707    0.000000    0.000000  
39.293929    0.052952    0.000000    0.000000    0.089943    0.000000    0.000000    -0.034074    0.000000    0.000000  
39.303930    0.053850    0.000000    0.000000    0.089600    0.000000    0.000000    -0.034412    0.000000    0.000000  
39.313931    0.054744    0.000000    0.000000    0.089257    0.000000    0.000000    -0.034728    0.000000    0.000000  
39.323932    0.055635    0.000000    0.000000    0.088913    0.000000    0.000000    -0.035031    0.000000    0.000000  
39.333933    0.056523    0.000000    0.000000    0.088567    0.000000    0.000000    -0.035333    0.000000    0.000000  
39.343934    0.057406    0.000000    0.000000    0.088218    0.000000    0.000000    -0.035641    0.000000    0.000000  
39.353935    0.058287    0.000000    0.000000    0.087866    0.000000    0.000000    -0.035966    0.000000    0.000000  
39.363936    0.059164    0.000000    0.000000    0.087510    0.000000    0.000000    -0.036319    0.000000    0.000000  
39.373937    0.060037    0.000000    0.000000    0.087150    0.000000    0.000000    -0.036708    0.000000    0.000000  
39.383938    0.060906    0.000000    0.000000    0.086784    0.000000    0.000000    -0.037144    0.000000    0.000000  
39.393939    0.061772    0.000000    0.000000    0.086412    0.000000    0.000000    -0.037636    0.000000    0.000000  
39.403940    0.062635    0.000000    0.000000    0.086033    0.000000    0.000000    -0.038195    0.000000    0.000000  
39.413941    0.063493    0.000000    0.000000    0.085646    0.000000    0.000000    -0.038820    0.000000    0.000000  
39.423942    0.064348    0.000000    0.000000    0.085253    0.000000    0.000000    -0.039501    0.000000    0.000000  
39.433943    0.065199    0.000000    0.000000    0.084852    0.000000    0.000000    -0.040226    0.000000    0.000000  
39.443944    0.066046    0.000000    0.000000    0.084444    0.000000    0.000000    -0.040983    0.000000    0.000000  
39.453945    0.066889    0.000000    0.000000    0.084028    0.000000    0.000000    -0.041761    0.000000    0.000000  
39.463946    0.067727    0.000000    0.000000    0.083606    0.000000    0.000000    -0.042547    0.000000    0.000000  
39.473947    0.068561    0.000000    0.000000    0.083176    0.000000    0.000000    -0.043329    0.000000    0.000000  
39.483948    0.069391    0.000000    0.000000    0.082738    0.000000    0.000000    -0.044097    0.000000    0.000000  
39.493949    0.070217    0.000000    0.000000    0.082294    0.000000    0.000000    -0.044837    0.000000    0.000000  
39.503950    0.071037    0.000000    0.000000    0.081842    0.000000    0.000000    -0.045539    0.000000    0.000000  
39.513951    0.071853    0.000000    0.000000    0.081383    0.000000    0.000000    -0.046196    0.000000    0.000000  
39.523952    0.072665    0.000000    0.000000    0.080917    0.000000    0.000000    -0.046810    0.000000    0.000000  
39.533953    0.073472    0.000000    0.000000    0.080445    0.000000    0.000000    -0.047382    0.000000    0.000000  
39.543954    0.074273    0.000000    0.000000    0.079967    0.000000    0.000000    -0.047916    0.000000    0.000000  
39.553955    0.075071    0.000000    0.000000    0.079485    0.000000    0.000000    -0.048413    0.000000    0.000000  
39.563956    0.075863    0.000000    0.000000    0.078997    0.000000    0.000000    -0.048875    0.000000    0.000000  
39.573957    0.076650    0.000000    0.000000    0.078505    0.000000    0.000000    -0.049304    0.000000    0.000000  
39.583958    0.077433    0.000000    0.000000    0.078008    0.000000    0.000000    -0.049702    0.000000    0.000000  
39.593959    0.078211    0.000000    0.000000    0.077509    0.000000    0.000000    -0.050071    0.000000    0.000000  
39.603960    0.078983    0.000000    0.000000    0.077006    0.000000    0.000000    -0.050414    0.000000    0.000000  
39.613961    0.079751    0.000000    0.000000    0.076501    0.000000    0.000000    -0.050734    0.000000    0.000000  
39.623962    0.080513    0.000000    0.000000    0.075993    0.000000    0.000000    -0.051036    0.000000    0.000000  
39.633963    0.081271    0.000000    0.000000    0.075482    0.000000    0.000000    -0.051328    0.000000    0.000000  
39.643964    0.082023    0.000000    0.000000    0.074968    0.000000    0.000000    -0.051615    0.000000    0.000000  
39.653965    0.082771    0.000000    0.000000    0.074450    0.000000    0.000000    -0.051904    0.000000    0.000000  
39.663966    0.083513    0.000000    0.000000    0.073930    0.000000    0.000000    -0.052200    0.000000    0.000000  
39.673967    0.084250    0.000000    0.000000    0.073406    0.000000    0.000000    -0.052510    0.000000    0.000000  
39.683968    0.084981    0.000000    0.000000    0.072879    0.000000    0.000000    -0.052840    0.000000    0.000000  
39.693969    0.085707    0.000000    0.000000    0.072349    0.000000    0.000000    -0.053195    0.000000    0.000000  
39.703970    0.086428    0.000000    0.000000    0.071815    0.000000    0.000000    -0.053583    0.000000    0.000000  
39.713971    0.087144    0.000000    0.000000    0.071277    0.000000    0.000000    -0.054004    0.000000    0.000000  
39.723972    0.087854    0.000000    0.000000    0.070736    0.000000    0.000000    -0.054455    0.000000    0.000000  
39.733973    0.088558    0.000000    0.000000    0.070190    0.000000    0.000000    -0.054933    0.000000    0.000000  
39.743974    0.089258    0.000000    0.000000    0.069639    0.000000    0.000000    -0.055431    0.000000    0.000000  
39.753975    0.089951    0.000000    0.000000    0.069084    0.000000    0.000000    -0.055948    0.000000    0.000000  
39.763976    0.090639    0.000000    0.000000    0.068524    0.000000    0.000000    -0.056478    0.000000    0.000000  
39.773977    0.091321    0.000000    0.000000    0.067958    0.000000    0.000000    -0.057017    0.000000    0.000000  
39.783978    0.091998    0.000000    0.000000    0.067387    0.000000    0.000000    -0.057562    0.000000    0.000000  
39.793979    0.092669    0.000000    0.000000    0.066809    0.000000    0.000000    -0.058107    0.000000    0.000000  
39.803980    0.093334    0.000000    0.000000    0.066225    0.000000    0.000000    -0.058650    0.000000    0.000000  
39.813981    0.093994    0.000000    0.000000    0.065635    0.000000    0.000000    -0.059186    0.000000    0.000000  
39.823982    0.094647    0.000000    0.000000    0.065039    0.000000    0.000000    -0.059714    0.000000    0.000000  
39.833983    0.095295    0.000000    0.000000    0.064438    0.000000    0.000000    -0.060231    0.000000    0.000000  
39.843984    0.095937    0.000000    0.000000    0.063831    0.000000    0.000000    -0.060736    0.000000    0.000000  
39.853985    0.096572    0.000000    0.000000    0.063218    0.000000    0.000000    -0.061226    0.000000    0.000000  
39.863986    0.097202    0.000000    0.000000    0.062602    0.000000    0.000000    -0.061699    0.000000    0.000000  
39.873987    0.097825    0.000000    0.000000    0.061981    0.000000    0.000000    -0.062153    0.000000    0.000000  
39.883988    0.098442    0.000000    0.000000    0.061356    0.000000    0.000000    -0.062587    0.000000    0.000000  
39.893989    0.099052    0.000000    0.000000    0.060727    0.000000    0.000000    -0.062997    0.000000    0.000000  
39.903990    0.099657    0.000000    0.000000    0.060095    0.000000    0.000000    -0.063383    0.000000    0.000000  
39.913991    0.100254    0.000000    0.000000    0.059460    0.000000    0.000000    -0.063744    0.000000    0.000000  
39.923992    0.100846    0.000000    0.000000    0.058821    0.000000    0.000000    -0.064084    0.000000    0.000000  
39.933993    0.101430    0.000000    0.000000    0.058180    0.000000    0.000000    -0.064406    0.000000    0.000000  
39.943994    0.102009    0.000000    0.000000    0.057535    0.000000    0.000000    -0.064715    0.000000    0.000000  
39.953995    0.102581    0.000000    0.000000    0.056888    0.000000    0.000000    -0.065014    0.000000    0.000000  
39.963996    0.103146    0.000000    0.000000    0.056237    0.000000    0.000000    -0.065306    0.000000    0.000000  
39.973997    0.103705    0.000000    0.000000    0.055583    0.000000    0.000000    -0.065596    0.000000    0.000000  
39.983998    0.104257    0.000000    0.000000    0.054926    0.000000    0.000000    -0.065887    0.000000    0.000000  
39.993999    0.104803    0.000000    0.000000    0.054265    0.000000    0.000000    -0.066182    0.000000    0.000000  
40.004000    0.105342    0.000000    0.000000    0.053602    0.000000    0.000000    -0.066486    0.000000    0.000000  
40.014001    0.105875    0.000000    0.000000    0.052935    0.000000    0.000000    -0.066800    0.000000    0.000000  
40.024002    0.106402    0.000000    0.000000    0.052266    0.000000    0.000000    -0.067121    0.000000    0.000000  
40.034003    0.106921    0.000000    0.000000    0.051593    0.000000    0.000000    -0.067448    0.000000    0.000000  
40.044004    0.107434    0.000000    0.000000    0.050917    0.000000    0.000000    -0.067778    0.000000    0.000000  
40.054005    0.107940    0.000000    0.000000    0.050238    0.000000    0.000000    -0.068109    0.000000    0.000000  
40.064006    0.108440    0.000000    0.000000    0.049555    0.000000    0.000000    -0.068439    0.000000    0.000000  
40.074007    0.108932    0.000000    0.000000    0.048869    0.000000    0.000000    -0.068765    0.000000    0.000000  
40.084008    0.109418    0.000000    0.000000    0.048180    0.000000    0.000000    -0.069087    0.000000    0.000000  
40.094009    0.109896    0.000000    0.000000    0.047488    0.000000    0.000000    -0.069400    0.000000    0.000000  
40.104010    0.110368    0.000000    0.000000    0.046792    0.000000    0.000000    -0.069704    0.000000    0.000000  
40.114011    0.110832    0.000000    0.000000    0.046094    0.000000    0.000000    -0.069997    0.000000    0.000000  
40.124012    0.111289    0.000000    0.000000    0.045392    0.000000    0.000000    -0.070281    0.000000    0.000000  
40.134013    0.111739    0.000000    0.000000    0.044687    0.000000    0.000000    -0.070556    0.000000    0.000000  
40.144014    0.112182    0.000000    0.000000    0.043979    0.000000    0.000000    -0.070823    0.000000    0.000000  
40.154015    0.112618    0.000000    0.000000    0.043268    0.000000    0.000000    -0.071084    0.000000    0.000000  
40.164016    0.113047    0.000000    0.000000    0.042555    0.000000    0.000000    -0.071340    0.000000    0.000000  
40.174017    0.113469    0.000000    0.000000    0.041840    0.000000    0.000000    -0.071591    0.000000    0.000000  
40.184018    0.113884    0.000000    0.000000    0.041122    0.000000    0.000000    -0.071839    0.000000    0.000000  
40.194019    0.114291    0.000000    0.000000    0.040402    0.000000    0.000000    -0.072085    0.000000    0.000000  
40.204020    0.114692    0.000000    0.000000    0.039680    0.000000    0.000000    -0.072329    0.000000    0.000000  
40.214021    0.115085    0.000000    0.000000    0.038955    0.000000    0.000000    -0.072573    0.000000    0.000000  
40.224022    0.115471    0.000000    0.000000    0.038229    0.000000    0.000000    -0.072813    0.000000    0.000000  
40.234023    0.115850    0.000000    0.000000    0.037501    0.000000    0.000000    -0.073050    0.000000    0.000000  
40.244024    0.116222    0.000000    0.000000    0.036770    0.000000    0.000000    -0.073281    0.000000    0.000000  
40.254025    0.116586    0.000000    0.000000    0.036038    0.000000    0.000000    -0.073506    0.000000    0.000000  
40.264026    0.116943    0.000000    0.000000    0.035303    0.000000    0.000000    -0.073722    0.000000    0.000000  
40.274027    0.117293    0.000000    0.000000    0.034566    0.000000    0.000000    -0.073928    0.000000    0.000000  
40.284028    0.117635    0.000000    0.000000    0.033827    0.000000    0.000000    -0.074123    0.000000    0.000000  
40.294029    0.117970    0.000000    0.000000    0.033085    0.000000    0.000000    -0.074305    0.000000    0.000000  
40.304030    0.118297    0.000000    0.000000    0.032341    0.000000    0.000000    -0.074473    0.000000    0.000000  
40.314031    0.118616    0.000000    0.000000    0.031595    0.000000    0.000000    -0.074629    0.000000    0.000000  
40.324032    0.118928    0.000000    0.000000    0.030846    0.000000    0.000000    -0.074778    0.000000    0.000000  
40.334033    0.119233    0.000000    0.000000    0.030096    0.000000    0.000000    -0.074926    0.000000    0.000000  
40.344034    0.119530    0.000000    0.000000    0.029343    0.000000    0.000000    -0.075079    0.000000    0.000000  
40.354035    0.119819    0.000000    0.000000    0.028589    0.000000    0.000000    -0.075242    0.000000    0.000000  
40.364036    0.120101    0.000000    0.000000    0.027832    0.000000    0.000000    -0.075422    0.000000    0.000000  
40.374037    0.120376    0.000000    0.000000    0.027074    0.000000    0.000000    -0.075623    0.000000    0.000000  
40.384038    0.120642    0.000000    0.000000    0.026314    0.000000    0.000000    -0.075853    0.000000    0.000000  
40.394039    0.120902    0.000000    0.000000    0.025553    0.000000    0.000000    -0.076116    0.000000    0.000000  
40.404040    0.121153    0.000000    0.000000    0.024790    0.000000    0.000000    -0.076419    0.000000    0.000000  
40.414041    0.121398    0.000000    0.000000    0.024026    0.000000    0.000000    -0.076757    0.000000    0.000000  
40.424042    0.121634    0.000000    0.000000    0.023260    0.000000    0.000000    -0.077115    0.000000    0.000000  
40.434043    0.121863    0.000000    0.000000    0.022492    0.000000    0.000000    -0.077476    0.000000    0.000000  
40.444044    0.122084    0.000000    0.000000    0.021721    0.000000    0.000000    -0.077825    0.000000    0.000000  
40.454045    0.122298    0.000000    0.000000    0.020949    0.000000    0.000000    -0.078144    0.000000    0.000000  
40.464046    0.122504    0.000000    0.000000    0.020174    0.000000    0.000000    -0.078417    0.000000    0.000000  
40.474047    0.122702    0.000000    0.000000    0.019396    0.000000    0.000000    -0.078629    0.000000    0.000000  
40.484048    0.122892    0.000000    0.000000    0.018615    0.000000    0.000000    -0.078762    0.000000    0.000000  
40.494049    0.123074    0.000000    0.000000    0.017831    0.000000    0.000000    -0.078799    0.000000    0.000000  
40.504050    0.123249    0.000000    0.000000    0.017044    0.000000    0.000000    -0.078726    0.000000    0.000000  
40.514051    0.123415    0.000000    0.000000    0.016253    0.000000    0.000000    -0.078541    0.000000    0.000000  
40.524052    0.123574    0.000000    0.000000    0.015462    0.000000    0.000000    -0.078263    0.000000    0.000000  
40.534053    0.123724    0.000000    0.000000    0.014670    0.000000    0.000000    -0.077911    0.000000    0.000000  
40.544054    0.123867    0.000000    0.000000    0.013879    0.000000    0.000000    -0.077505    0.000000    0.000000  
40.554055    0.124002    0.000000    0.000000    0.013091    0.000000    0.000000    -0.077066    0.000000    0.000000  
40.564056    0.124130    0.000000    0.000000    0.012307    0.000000    0.000000    -0.076612    0.000000    0.000000  
40.574057    0.124249    0.000000    0.000000    0.011529    0.000000    0.000000    -0.076164    0.000000    0.000000  
40.584058    0.124361    0.000000    0.000000    0.010758    0.000000    0.000000    -0.075742    0.000000    0.000000  
40.594059    0.124465    0.000000    0.000000    0.009995    0.000000    0.000000    -0.075364    0.000000    0.000000  
40.604060    0.124561    0.000000    0.000000    0.009243    0.000000    0.000000    -0.075052    0.000000    0.000000  
40.614061    0.124649    0.000000    0.000000    0.008499    0.000000    0.000000    -0.074819    0.000000    0.000000  
40.624062    0.124730    0.000000    0.000000    0.007763    0.000000    0.000000    -0.074672    0.000000    0.000000  
40.634063    0.124804    0.000000    0.000000    0.007032    0.000000    0.000000    -0.074619    0.000000    0.000000  
40.644064    0.124869    0.000000    0.000000    0.006303    0.000000    0.000000    -0.074667    0.000000    0.000000  
40.654065    0.124928    0.000000    0.000000    0.005573    0.000000    0.000000    -0.074822    0.000000    0.000000  
40.664066    0.124979    0.000000    0.000000    0.004840    0.000000    0.000000    -0.075092    0.000000    0.000000  
40.674067    0.125023    0.000000    0.000000    0.004102    0.000000    0.000000    -0.075484    0.000000    0.000000  
40.684068    0.125059    0.000000    0.000000    0.003356    0.000000    0.000000    -0.076004    0.000000    0.000000  
40.694069    0.125088    0.000000    0.000000    0.002599    0.000000    0.000000    -0.076659    0.000000    0.000000  
40.704070    0.125110    0.000000    0.000000    0.001829    0.000000    0.000000    -0.077457    0.000000    0.000000  
40.714071    0.125125    0.000000    0.000000    0.001045    0.000000    0.000000    -0.078382    0.000000    0.000000  
40.724072    0.125133    0.000000    0.000000    0.000248    0.000000    0.000000    -0.079394    0.000000    0.000000  
40.734073    0.125133    0.000000    0.000000    -0.000560    0.000000    0.000000    -0.080450    0.000000    0.000000  
40.744074    0.125124    0.000000    0.000000    -0.001379    0.000000    0.000000    -0.081507    0.000000    0.000000  
40.754075    0.125108    0.000000    0.000000    -0.002207    0.000000    0.000000    -0.082522    0.000000    0.000000  
40.764076    0.125084    0.000000    0.000000    -0.003042    0.000000    0.000000    -0.083453    0.000000    0.000000  
40.774077    0.125051    0.000000    0.000000    -0.003884    0.000000    0.000000    -0.084257    0.000000    0.000000  
40.784078    0.125009    0.000000    0.000000    -0.004732    0.000000    0.000000    -0.084890    0.000000    0.000000  
40.794079    0.124958    0.000000    0.000000    -0.005583    0.000000    0.000000    -0.085311    0.000000    0.000000  
40.804080    0.124898    0.000000    0.000000    -0.006438    0.000000    0.000000    -0.085478    0.000000    0.000000  
40.814081    0.124829    0.000000    0.000000    -0.007293    0.000000    0.000000    -0.085381    0.000000    0.000000  
40.824082    0.124750    0.000000    0.000000    -0.008148    0.000000    0.000000    -0.085054    0.000000    0.000000  
40.834083    0.124663    0.000000    0.000000    -0.009001    0.000000    0.000000    -0.084532    0.000000    0.000000  
40.844084    0.124567    0.000000    0.000000    -0.009850    0.000000    0.000000    -0.083850    0.000000    0.000000  
40.854085    0.124463    0.000000    0.000000    -0.010694    0.000000    0.000000    -0.083045    0.000000    0.000000  
40.864086    0.124350    0.000000    0.000000    -0.011530    0.000000    0.000000    -0.082152    0.000000    0.000000  
40.874087    0.124229    0.000000    0.000000    -0.012357    0.000000    0.000000    -0.081206    0.000000    0.000000  
40.884088    0.124101    0.000000    0.000000    -0.013173    0.000000    0.000000    -0.080244    0.000000    0.000000  
40.894089    0.123964    0.000000    0.000000    -0.013976    0.000000    0.000000    -0.079300    0.000000    0.000000  
40.904090    0.123821    0.000000    0.000000    -0.014765    0.000000    0.000000    -0.078411    0.000000    0.000000  
40.914091    0.123670    0.000000    0.000000    -0.015540    0.000000    0.000000    -0.077597    0.000000    0.000000  
40.924092    0.123511    0.000000    0.000000    -0.016302    0.000000    0.000000    -0.076863    0.000000    0.000000  
40.934093    0.123345    0.000000    0.000000    -0.017055    0.000000    0.000000    -0.076212    0.000000    0.000000  
40.944094    0.123172    0.000000    0.000000    -0.017799    0.000000    0.000000    -0.075646    0.000000    0.000000  
40.954095    0.122991    0.000000    0.000000    -0.018537    0.000000    0.000000    -0.075170    0.000000    0.000000  
40.964096    0.122803    0.000000    0.000000    -0.019272    0.000000    0.000000    -0.074786    0.000000    0.000000  
40.974097    0.122607    0.000000    0.000000    -0.020005    0.000000    0.000000    -0.074496    0.000000    0.000000  
40.984098    0.122403    0.000000    0.000000    -0.020739    0.000000    0.000000    -0.074305    0.000000    0.000000  
40.994099    0.122192    0.000000    0.000000    -0.021476    0.000000    0.000000    -0.074214    0.000000    0.000000  
41.004100    0.121974    0.000000    0.000000    -0.022217    0.000000    0.000000    -0.074227    0.000000    0.000000  
41.014101    0.121748    0.000000    0.000000    -0.022965    0.000000    0.000000    -0.074337    0.000000    0.000000  
41.024102    0.121514    0.000000    0.000000    -0.023717    0.000000    0.000000    -0.074521    0.000000    0.000000  
41.034103    0.121273    0.000000    0.000000    -0.024474    0.000000    0.000000    -0.074759    0.000000    0.000000  
41.044104    0.121024    0.000000    0.000000    -0.025234    0.000000    0.000000    -0.075028    0.000000    0.000000  
41.054105    0.120768    0.000000    0.000000    -0.025996    0.000000    0.000000    -0.075307    0.000000    0.000000  
41.064106    0.120504    0.000000    0.000000    -0.026760    0.000000    0.000000    -0.075573    0.000000    0.000000  
41.074107    0.120232    0.000000    0.000000    -0.027525    0.000000    0.000000    -0.075805    0.000000    0.000000  
41.084108    0.119953    0.000000    0.000000    -0.028289    0.000000    0.000000    -0.075982    0.000000    0.000000  
41.094109    0.119666    0.000000    0.000000    -0.029052    0.000000    0.000000    -0.076081    0.000000    0.000000  
41.104110    0.119372    0.000000    0.000000    -0.029813    0.000000    0.000000    -0.076080    0.000000    0.000000  
41.114111    0.119070    0.000000    0.000000    -0.030572    0.000000    0.000000    -0.075975    0.000000    0.000000  
41.124112    0.118761    0.000000    0.000000    -0.031328    0.000000    0.000000    -0.075778    0.000000    0.000000  
41.134113    0.118444    0.000000    0.000000    -0.032081    0.000000    0.000000    -0.075506    0.000000    0.000000  
41.144114    0.118119    0.000000    0.000000    -0.032831    0.000000    0.000000    -0.075172    0.000000    0.000000  
41.154115    0.117787    0.000000    0.000000    -0.033578    0.000000    0.000000    -0.074793    0.000000    0.000000  
41.164116    0.117448    0.000000    0.000000    -0.034322    0.000000    0.000000    -0.074383    0.000000    0.000000  
41.174117    0.117101    0.000000    0.000000    -0.035063    0.000000    0.000000    -0.073958    0.000000    0.000000  
41.184118    0.116746    0.000000    0.000000    -0.035799    0.000000    0.000000    -0.073532    0.000000    0.000000  
41.194119    0.116385    0.000000    0.000000    -0.036533    0.000000    0.000000    -0.073121    0.000000    0.000000  
41.204120    0.116016    0.000000    0.000000    -0.037262    0.000000    0.000000    -0.072740    0.000000    0.000000  
41.214121    0.115639    0.000000    0.000000    -0.037987    0.000000    0.000000    -0.072394    0.000000    0.000000  
41.224122    0.115256    0.000000    0.000000    -0.038709    0.000000    0.000000    -0.072082    0.000000    0.000000  
41.234123    0.114865    0.000000    0.000000    -0.039428    0.000000    0.000000    -0.071797    0.000000    0.000000  
41.244124    0.114467    0.000000    0.000000    -0.040144    0.000000    0.000000    -0.071535    0.000000    0.000000  
41.254125    0.114062    0.000000    0.000000    -0.040857    0.000000    0.000000    -0.071292    0.000000    0.000000  
41.264126    0.113649    0.000000    0.000000    -0.041567    0.000000    0.000000    -0.071064    0.000000    0.000000  
41.274127    0.113230    0.000000    0.000000    -0.042276    0.000000    0.000000    -0.070845    0.000000    0.000000  
41.284128    0.112803    0.000000    0.000000    -0.042982    0.000000    0.000000    -0.070632    0.000000    0.000000  
41.294129    0.112370    0.000000    0.000000    -0.043686    0.000000    0.000000    -0.070419    0.000000    0.000000  
41.304130    0.111930    0.000000    0.000000    -0.044389    0.000000    0.000000    -0.070203    0.000000    0.000000  
41.314131    0.111482    0.000000    0.000000    -0.045091    0.000000    0.000000    -0.069980    0.000000    0.000000  
41.324132    0.111028    0.000000    0.000000    -0.045791    0.000000    0.000000    -0.069751    0.000000    0.000000  
41.334133    0.110567    0.000000    0.000000    -0.046489    0.000000    0.000000    -0.069516    0.000000    0.000000  
41.344134    0.110098    0.000000    0.000000    -0.047186    0.000000    0.000000    -0.069273    0.000000    0.000000  
41.354135    0.109623    0.000000    0.000000    -0.047879    0.000000    0.000000    -0.069024    0.000000    0.000000  
41.364136    0.109141    0.000000    0.000000    -0.048570    0.000000    0.000000    -0.068767    0.000000    0.000000  
41.374137    0.108652    0.000000    0.000000    -0.049259    0.000000    0.000000    -0.068503    0.000000    0.000000  
41.384138    0.108156    0.000000    0.000000    -0.049944    0.000000    0.000000    -0.068232    0.000000    0.000000  
41.394139    0.107654    0.000000    0.000000    -0.050626    0.000000    0.000000    -0.067954    0.000000    0.000000  
41.404140    0.107144    0.000000    0.000000    -0.051304    0.000000    0.000000    -0.067667    0.000000    0.000000  
41.414141    0.106627    0.000000    0.000000    -0.051978    0.000000    0.000000    -0.067373    0.000000    0.000000  
41.424142    0.106104    0.000000    0.000000    -0.052649    0.000000    0.000000    -0.067073    0.000000    0.000000  
41.434143    0.105574    0.000000    0.000000    -0.053317    0.000000    0.000000    -0.066765    0.000000    0.000000  
41.444144    0.105037    0.000000    0.000000    -0.053981    0.000000    0.000000    -0.066452    0.000000    0.000000  
41.454145    0.104493    0.000000    0.000000    -0.054642    0.000000    0.000000    -0.066134    0.000000    0.000000  
41.464146    0.103943    0.000000    0.000000    -0.055300    0.000000    0.000000    -0.065810    0.000000    0.000000  
41.474147    0.103387    0.000000    0.000000    -0.055955    0.000000    0.000000    -0.065482    0.000000    0.000000  
41.484148    0.102824    0.000000    0.000000    -0.056607    0.000000    0.000000    -0.065151    0.000000    0.000000  
41.494149    0.102254    0.000000    0.000000    -0.057256    0.000000    0.000000    -0.064816    0.000000    0.000000  
41.504150    0.101678    0.000000    0.000000    -0.057903    0.000000    0.000000    -0.064479    0.000000    0.000000  
41.514151    0.101096    0.000000    0.000000    -0.058546    0.000000    0.000000    -0.064137    0.000000    0.000000  
41.524152    0.100508    0.000000    0.000000    -0.059187    0.000000    0.000000    -0.063790    0.000000    0.000000  
41.534153    0.099913    0.000000    0.000000    -0.059824    0.000000    0.000000    -0.063433    0.000000    0.000000  
41.544154    0.099312    0.000000    0.000000    -0.060458    0.000000    0.000000    -0.063065    0.000000    0.000000  
41.554155    0.098704    0.000000    0.000000    -0.061089    0.000000    0.000000    -0.062682    0.000000    0.000000  
41.564156    0.098091    0.000000    0.000000    -0.061715    0.000000    0.000000    -0.062281    0.000000    0.000000  
41.574157    0.097471    0.000000    0.000000    -0.062336    0.000000    0.000000    -0.061860    0.000000    0.000000  
41.584158    0.096844    0.000000    0.000000    -0.062953    0.000000    0.000000    -0.061415    0.000000    0.000000  
41.594159    0.096212    0.000000    0.000000    -0.063566    0.000000    0.000000    -0.060945    0.000000    0.000000  
41.604160    0.095573    0.000000    0.000000    -0.064173    0.000000    0.000000    -0.060446    0.000000    0.000000  
41.614161    0.094928    0.000000    0.000000    -0.064775    0.000000    0.000000    -0.059921    0.000000    0.000000  
41.624162    0.094277    0.000000    0.000000    -0.065371    0.000000    0.000000    -0.059374    0.000000    0.000000  
41.634163    0.093620    0.000000    0.000000    -0.065962    0.000000    0.000000    -0.058814    0.000000    0.000000  
41.644164    0.092957    0.000000    0.000000    -0.066548    0.000000    0.000000    -0.058247    0.000000    0.000000  
41.654165    0.092288    0.000000    0.000000    -0.067128    0.000000    0.000000    -0.057680    0.000000    0.000000  
41.664166    0.091613    0.000000    0.000000    -0.067703    0.000000    0.000000    -0.057119    0.000000    0.000000  
41.674167    0.090933    0.000000    0.000000    -0.068273    0.000000    0.000000    -0.056573    0.000000    0.000000  
41.684168    0.090247    0.000000    0.000000    -0.068837    0.000000    0.000000    -0.056047    0.000000    0.000000  
41.694169    0.089556    0.000000    0.000000    -0.069395    0.000000    0.000000    -0.055549    0.000000    0.000000  
41.704170    0.088859    0.000000    0.000000    -0.069949    0.000000    0.000000    -0.055085    0.000000    0.000000  
41.714171    0.088157    0.000000    0.000000    -0.070497    0.000000    0.000000    -0.054657    0.000000    0.000000  
41.724172    0.087449    0.000000    0.000000    -0.071040    0.000000    0.000000    -0.054262    0.000000    0.000000  
41.734173    0.086736    0.000000    0.000000    -0.071578    0.000000    0.000000    -0.053894    0.000000    0.000000  
41.744174    0.086018    0.000000    0.000000    -0.072113    0.000000    0.000000    -0.053550    0.000000    0.000000  
41.754175    0.085295    0.000000    0.000000    -0.072644    0.000000    0.000000    -0.053225    0.000000    0.000000  
41.764176    0.084566    0.000000    0.000000    -0.073172    0.000000    0.000000    -0.052914    0.000000    0.000000  
41.774177    0.083832    0.000000    0.000000    -0.073696    0.000000    0.000000    -0.052615    0.000000    0.000000  
41.784178    0.083092    0.000000    0.000000    -0.074219    0.000000    0.000000    -0.052321    0.000000    0.000000  
41.794179    0.082348    0.000000    0.000000    -0.074739    0.000000    0.000000    -0.052028    0.000000    0.000000  
41.804180    0.081598    0.000000    0.000000    -0.075258    0.000000    0.000000    -0.051733    0.000000    0.000000  
41.814181    0.080842    0.000000    0.000000    -0.075775    0.000000    0.000000    -0.051431    0.000000    0.000000  
41.824182    0.080082    0.000000    0.000000    -0.076290    0.000000    0.000000    -0.051118    0.000000    0.000000  
41.834183    0.079316    0.000000    0.000000    -0.076802    0.000000    0.000000    -0.050787    0.000000    0.000000  
41.844184    0.078545    0.000000    0.000000    -0.077312    0.000000    0.000000    -0.050436    0.000000    0.000000  
41.854185    0.077769    0.000000    0.000000    -0.077817    0.000000    0.000000    -0.050059    0.000000    0.000000  
41.864186    0.076988    0.000000    0.000000    -0.078318    0.000000    0.000000    -0.049653    0.000000    0.000000  
41.874187    0.076202    0.000000    0.000000    -0.078815    0.000000    0.000000    -0.049211    0.000000    0.000000  
41.884188    0.075412    0.000000    0.000000    -0.079306    0.000000    0.000000    -0.048730    0.000000    0.000000  
41.894189    0.074616    0.000000    0.000000    -0.079792    0.000000    0.000000    -0.048205    0.000000    0.000000  
41.904190    0.073816    0.000000    0.000000    -0.080271    0.000000    0.000000    -0.047632    0.000000    0.000000  
41.914191    0.073011    0.000000    0.000000    -0.080744    0.000000    0.000000    -0.047012    0.000000    0.000000  
41.924192    0.072201    0.000000    0.000000    -0.081210    0.000000    0.000000    -0.046351    0.000000    0.000000  
41.934193    0.071386    0.000000    0.000000    -0.081669    0.000000    0.000000    -0.045659    0.000000    0.000000  
41.944194    0.070567    0.000000    0.000000    -0.082122    0.000000    0.000000    -0.044943    0.000000    0.000000  
41.954195    0.069744    0.000000    0.000000    -0.082567    0.000000    0.000000    -0.044211    0.000000    0.000000  
41.964196    0.068916    0.000000    0.000000    -0.083006    0.000000    0.000000    -0.043472    0.000000    0.000000  
41.974197    0.068084    0.000000    0.000000    -0.083437    0.000000    0.000000    -0.042733    0.000000    0.000000  
41.984198    0.067247    0.000000    0.000000    -0.083861    0.000000    0.000000    -0.042002    0.000000    0.000000  
41.994199    0.066407    0.000000    0.000000    -0.084278    0.000000    0.000000    -0.041288    0.000000    0.000000  
42.004200    0.065562    0.000000    0.000000    -0.084687    0.000000    0.000000    -0.040598    0.000000    0.000000  
42.014201    0.064713    0.000000    0.000000    -0.085090    0.000000    0.000000    -0.039936    0.000000    0.000000  
42.024202    0.063860    0.000000    0.000000    -0.085485    0.000000    0.000000    -0.039303    0.000000    0.000000  
42.034203    0.063003    0.000000    0.000000    -0.085874    0.000000    0.000000    -0.038698    0.000000    0.000000  
42.044204    0.062142    0.000000    0.000000    -0.086257    0.000000    0.000000    -0.038121    0.000000    0.000000  
42.054205    0.061277    0.000000    0.000000    -0.086634    0.000000    0.000000    -0.037572    0.000000    0.000000  
42.064206    0.060408    0.000000    0.000000    -0.087006    0.000000    0.000000    -0.037049    0.000000    0.000000  
42.074207    0.059536    0.000000    0.000000    -0.087372    0.000000    0.000000    -0.036553    0.000000    0.000000  
42.084208    0.058661    0.000000    0.000000    -0.087735    0.000000    0.000000    -0.036083    0.000000    0.000000  
42.094209    0.057781    0.000000    0.000000    -0.088093    0.000000    0.000000    -0.035640    0.000000    0.000000  
42.104210    0.056898    0.000000    0.000000    -0.088447    0.000000    0.000000    -0.035221    0.000000    0.000000  
42.114211    0.056012    0.000000    0.000000    -0.088798    0.000000    0.000000    -0.034826    0.000000    0.000000  
42.124212    0.055123    0.000000    0.000000    -0.089145    0.000000    0.000000    -0.034446    0.000000    0.000000  
42.134213    0.054230    0.000000    0.000000    -0.089488    0.000000    0.000000    -0.034075    0.000000    0.000000  
42.144214    0.053333    0.000000    0.000000    -0.089827    0.000000    0.000000    -0.033706    0.000000    0.000000  
42.154215    0.052433    0.000000    0.000000    -0.090162    0.000000    0.000000    -0.033333    0.000000    0.000000  
42.164216    0.051530    0.000000    0.000000    -0.090494    0.000000    0.000000    -0.032949    0.000000    0.000000  
42.174217    0.050624    0.000000    0.000000    -0.090821    0.000000    0.000000    -0.032547    0.000000    0.000000  
42.184218    0.049714    0.000000    0.000000    -0.091144    0.000000    0.000000    -0.032120    0.000000    0.000000  
42.194219    0.048801    0.000000    0.000000    -0.091462    0.000000    0.000000    -0.031662    0.000000    0.000000  
42.204220    0.047885    0.000000    0.000000    -0.091777    0.000000    0.000000    -0.031166    0.000000    0.000000  
42.214221    0.046965    0.000000    0.000000    -0.092086    0.000000    0.000000    -0.030629    0.000000    0.000000  
42.224222    0.046043    0.000000    0.000000    -0.092390    0.000000    0.000000    -0.030055    0.000000    0.000000  
42.234223    0.045117    0.000000    0.000000    -0.092689    0.000000    0.000000    -0.029445    0.000000    0.000000  
42.244224    0.044188    0.000000    0.000000    -0.092982    0.000000    0.000000    -0.028804    0.000000    0.000000  
42.254225    0.043257    0.000000    0.000000    -0.093269    0.000000    0.000000    -0.028132    0.000000    0.000000  
42.264226    0.042322    0.000000    0.000000    -0.093549    0.000000    0.000000    -0.027435    0.000000    0.000000  
42.274227    0.041385    0.000000    0.000000    -0.093822    0.000000    0.000000    -0.026714    0.000000    0.000000  
42.284228    0.040445    0.000000    0.000000    -0.094086    0.000000    0.000000    -0.025972    0.000000    0.000000  
42.294229    0.039503    0.000000    0.000000    -0.094343    0.000000    0.000000    -0.025212    0.000000    0.000000  
42.304230    0.038558    0.000000    0.000000    -0.094592    0.000000    0.000000    -0.024437    0.000000    0.000000  
42.314231    0.037611    0.000000    0.000000    -0.094831    0.000000    0.000000    -0.023651    0.000000    0.000000  
42.324232    0.036662    0.000000    0.000000    -0.095063    0.000000    0.000000    -0.022862    0.000000    0.000000  
42.334233    0.035710    0.000000    0.000000    -0.095286    0.000000    0.000000    -0.022075    0.000000    0.000000  
42.344234    0.034756    0.000000    0.000000    -0.095502    0.000000    0.000000    -0.021298    0.000000    0.000000  
42.354235    0.033800    0.000000    0.000000    -0.095710    0.000000    0.000000    -0.020537    0.000000    0.000000  
42.364236    0.032842    0.000000    0.000000    -0.095910    0.000000    0.000000    -0.019798    0.000000    0.000000  
42.374237    0.031882    0.000000    0.000000    -0.096104    0.000000    0.000000    -0.019089    0.000000    0.000000  
42.384238    0.030920    0.000000    0.000000    -0.096292    0.000000    0.000000    -0.018417    0.000000    0.000000  
42.394239    0.029956    0.000000    0.000000    -0.096473    0.000000    0.000000    -0.017787    0.000000    0.000000  
42.404240    0.028990    0.000000    0.000000    -0.096648    0.000000    0.000000    -0.017206    0.000000    0.000000  
42.414241    0.028023    0.000000    0.000000    -0.096817    0.000000    0.000000    -0.016675    0.000000    0.000000  
42.424242    0.027053    0.000000    0.000000    -0.096980    0.000000    0.000000    -0.016185    0.000000    0.000000  
42.434243    0.026083    0.000000    0.000000    -0.097139    0.000000    0.000000    -0.015727    0.000000    0.000000  
42.444244    0.025110    0.000000    0.000000    -0.097292    0.000000    0.000000    -0.015294    0.000000    0.000000  
42.454245    0.024137    0.000000    0.000000    -0.097441    0.000000    0.000000    -0.014876    0.000000    0.000000  
42.464246    0.023161    0.000000    0.000000    -0.097586    0.000000    0.000000    -0.014465    0.000000    0.000000  
42.474247    0.022184    0.000000    0.000000    -0.097726    0.000000    0.000000    -0.014052    0.000000    0.000000  
42.484248    0.021206    0.000000    0.000000    -0.097862    0.000000    0.000000    -0.013629    0.000000    0.000000  
42.494249    0.020227    0.000000    0.000000    -0.097995    0.000000    0.000000    -0.013188    0.000000    0.000000  
42.504250    0.019246    0.000000    0.000000    -0.098125    0.000000    0.000000    -0.012719    0.000000    0.000000  
42.514251    0.018264    0.000000    0.000000    -0.098251    0.000000    0.000000    -0.012219    0.000000    0.000000  
42.524252    0.017281    0.000000    0.000000    -0.098373    0.000000    0.000000    -0.011687    0.000000    0.000000  
42.534253    0.016297    0.000000    0.000000    -0.098490    0.000000    0.000000    -0.011125    0.000000    0.000000  
42.544254    0.015312    0.000000    0.000000    -0.098602    0.000000    0.000000    -0.010534    0.000000    0.000000  
42.554255    0.014325    0.000000    0.000000    -0.098708    0.000000    0.000000    -0.009913    0.000000    0.000000  
42.564256    0.013338    0.000000    0.000000    -0.098808    0.000000    0.000000    -0.009264    0.000000    0.000000  
42.574257    0.012349    0.000000    0.000000    -0.098901    0.000000    0.000000    -0.008588    0.000000    0.000000  
42.584258    0.011360    0.000000    0.000000    -0.098986    0.000000    0.000000    -0.007885    0.000000    0.000000  
42.594259    0.010370    0.000000    0.000000    -0.099063    0.000000    0.000000    -0.007157    0.000000    0.000000  
42.604260    0.009379    0.000000    0.000000    -0.099131    0.000000    0.000000    -0.006403    0.000000    0.000000  
42.614261    0.008387    0.000000    0.000000    -0.099190    0.000000    0.000000    -0.005627    0.000000    0.000000  
42.624262    0.007394    0.000000    0.000000    -0.099240    0.000000    0.000000    -0.004838    0.000000    0.000000  
42.634263    0.006401    0.000000    0.000000    -0.099281    0.000000    0.000000    -0.004041    0.000000    0.000000  
42.644264    0.005408    0.000000    0.000000    -0.099315    0.000000    0.000000    -0.003246    0.000000    0.000000  
42.654265    0.004414    0.000000    0.000000    -0.099341    0.000000    0.000000    -0.002459    0.000000    0.000000  
42.664266    0.003420    0.000000    0.000000    -0.099360    0.000000    0.000000    -0.001689    0.000000    0.000000  
42.674267    0.002426    0.000000    0.000000    -0.099371    0.000000    0.000000    -0.000941    0.000000    0.000000  
42.684268    0.001432    0.000000    0.000000    -0.099376    0.000000    0.000000    -0.000225    0.000000    0.000000  
42.694269    0.000438    0.000000    0.000000    -0.099374    0.000000    0.000000    0.000453    0.000000    0.000000  
42.704270    -0.000556    0.000000    0.000000    -0.099366    0.000000    0.000000    0.001085    0.000000    0.000000  
42.714271    -0.001550    0.000000    0.000000    -0.099353    0.000000    0.000000    0.001670    0.000000    0.000000  
42.724272    -0.002543    0.000000    0.000000    -0.099333    0.000000    0.000000    0.002217    0.000000    0.000000  
42.734273    -0.003536    0.000000    0.000000    -0.099309    0.000000    0.000000    0.002734    0.000000    0.000000  
42.744274    -0.004528    0.000000    0.000000    -0.099279    0.000000    0.000000    0.003228    0.000000    0.000000  
42.754275    -0.005521    0.000000    0.000000    -0.099243    0.000000    0.000000    0.003707    0.000000    0.000000  
42.764276    -0.006513    0.000000    0.000000    -0.099203    0.000000    0.000000    0.004181    0.000000    0.000000  
42.774277    -0.007504    0.000000    0.000000    -0.099157    0.000000    0.000000    0.004656    0.000000    0.000000  
42.784278    -0.008495    0.000000    0.000000    -0.099107    0.000000    0.000000    0.005142    0.000000    0.000000  
42.794279    -0.009486    0.000000    0.000000    -0.099053    0.000000    0.000000    0.005646    0.000000    0.000000  
42.804280    -0.010476    0.000000    0.000000    -0.098994    0.000000    0.000000    0.006177    0.000000    0.000000  
42.814281    -0.011466    0.000000    0.000000    -0.098930    0.000000    0.000000    0.006736    0.000000    0.000000  
42.824282    -0.012455    0.000000    0.000000    -0.098861    0.000000    0.000000    0.007323    0.000000    0.000000  
42.834283    -0.013444    0.000000    0.000000    -0.098787    0.000000    0.000000    0.007935    0.000000    0.000000  
42.844284    -0.014432    0.000000    0.000000    -0.098707    0.000000    0.000000    0.008568    0.000000    0.000000  
42.854285    -0.015419    0.000000    0.000000    -0.098621    0.000000    0.000000    0.009219    0.000000    0.000000  
42.864286    -0.016405    0.000000    0.000000    -0.098529    0.000000    0.000000    0.009887    0.000000    0.000000  
42.874287    -0.017391    0.000000    0.000000    -0.098429    0.000000    0.000000    0.010567    0.000000    0.000000  
42.884288    -0.018375    0.000000    0.000000    -0.098322    0.000000    0.000000    0.011258    0.000000    0.000000  
42.894289    -0.019357    0.000000    0.000000    -0.098207    0.000000    0.000000    0.011957    0.000000    0.000000  
42.904290    -0.020339    0.000000    0.000000    -0.098084    0.000000    0.000000    0.012660    0.000000    0.000000  
42.914291    -0.021319    0.000000    0.000000    -0.097953    0.000000    0.000000    0.013365    0.000000    0.000000  
42.924292    -0.022298    0.000000    0.000000    -0.097814    0.000000    0.000000    0.014070    0.000000    0.000000  
42.934293    -0.023275    0.000000    0.000000    -0.097667    0.000000    0.000000    0.014772    0.000000    0.000000  
42.944294    -0.024251    0.000000    0.000000    -0.097513    0.000000    0.000000    0.015468    0.000000    0.000000  
42.954295    -0.025225    0.000000    0.000000    -0.097352    0.000000    0.000000    0.016158    0.000000    0.000000  
42.964296    -0.026198    0.000000    0.000000    -0.097184    0.000000    0.000000    0.016837    0.000000    0.000000  
42.974297    -0.027169    0.000000    0.000000    -0.097010    0.000000    0.000000    0.017503    0.000000    0.000000  
42.984298    -0.028138    0.000000    0.000000    -0.096829    0.000000    0.000000    0.018155    0.000000    0.000000  
42.994299    -0.029105    0.000000    0.000000    -0.096644    0.000000    0.000000    0.018789    0.000000    0.000000  
43.004300    -0.030071    0.000000    0.000000    -0.096453    0.000000    0.000000    0.019403    0.000000    0.000000  
43.014301    -0.031035    0.000000    0.000000    -0.096256    0.000000    0.000000    0.019998    0.000000    0.000000  
43.024302    -0.031996    0.000000    0.000000    -0.096055    0.000000    0.000000    0.020576    0.000000    0.000000  
43.034303    -0.032956    0.000000    0.000000    -0.095848    0.000000    0.000000    0.021140    0.000000    0.000000  
43.044304    -0.033914    0.000000    0.000000    -0.095636    0.000000    0.000000    0.021694    0.000000    0.000000  
43.054305    -0.034869    0.000000    0.000000    -0.095418    0.000000    0.000000    0.022241    0.000000    0.000000  
43.064306    -0.035823    0.000000    0.000000    -0.095195    0.000000    0.000000    0.022783    0.000000    0.000000  
43.074307    -0.036774    0.000000    0.000000    -0.094965    0.000000    0.000000    0.023324    0.000000    0.000000  
43.084308    -0.037722    0.000000    0.000000    -0.094730    0.000000    0.000000    0.023866    0.000000    0.000000  
43.094309    -0.038668    0.000000    0.000000    -0.094490    0.000000    0.000000    0.024414    0.000000    0.000000  
43.104310    -0.039612    0.000000    0.000000    -0.094243    0.000000    0.000000    0.024969    0.000000    0.000000  
43.114311    -0.040553    0.000000    0.000000    -0.093990    0.000000    0.000000    0.025534    0.000000    0.000000  
43.124312    -0.041492    0.000000    0.000000    -0.093731    0.000000    0.000000    0.026108    0.000000    0.000000  
43.134313    -0.042428    0.000000    0.000000    -0.093466    0.000000    0.000000    0.026689    0.000000    0.000000  
43.144314    -0.043361    0.000000    0.000000    -0.093195    0.000000    0.000000    0.027276    0.000000    0.000000  
43.154315    -0.044292    0.000000    0.000000    -0.092918    0.000000    0.000000    0.027870    0.000000    0.000000  
43.164316    -0.045220    0.000000    0.000000    -0.092635    0.000000    0.000000    0.028469    0.000000    0.000000  
43.174317    -0.046145    0.000000    0.000000    -0.092347    0.000000    0.000000    0.029072    0.000000    0.000000  
43.184318    -0.047067    0.000000    0.000000    -0.092052    0.000000    0.000000    0.029678    0.000000    0.000000  
43.194319    -0.047986    0.000000    0.000000    -0.091752    0.000000    0.000000    0.030286    0.000000    0.000000  
43.204320    -0.048902    0.000000    0.000000    -0.091446    0.000000    0.000000    0.030896    0.000000    0.000000  
43.214321    -0.049815    0.000000    0.000000    -0.091135    0.000000    0.000000    0.031506    0.000000    0.000000  
43.224322    -0.050725    0.000000    0.000000    -0.090817    0.000000    0.000000    0.032113    0.000000    0.000000  
43.234323    -0.051632    0.000000    0.000000    -0.090494    0.000000    0.000000    0.032717    0.000000    0.000000  
43.244324    -0.052535    0.000000    0.000000    -0.090165    0.000000    0.000000    0.033313    0.000000    0.000000  
43.254325    -0.053435    0.000000    0.000000    -0.089830    0.000000    0.000000    0.033900    0.000000    0.000000  
43.264326    -0.054332    0.000000    0.000000    -0.089490    0.000000    0.000000    0.034476    0.000000    0.000000  
43.274327    -0.055225    0.000000    0.000000    -0.089143    0.000000    0.000000    0.035039    0.000000    0.000000  
43.284328    -0.056115    0.000000    0.000000    -0.088791    0.000000    0.000000    0.035586    0.000000    0.000000  
43.294329    -0.057001    0.000000    0.000000    -0.088433    0.000000    0.000000    0.036115    0.000000    0.000000  
43.304330    -0.057884    0.000000    0.000000    -0.088069    0.000000    0.000000    0.036624    0.000000    0.000000  
43.314331    -0.058763    0.000000    0.000000    -0.087700    0.000000    0.000000    0.037113    0.000000    0.000000  
43.324332    -0.059638    0.000000    0.000000    -0.087325    0.000000    0.000000    0.037588    0.000000    0.000000  
43.334333    -0.060509    0.000000    0.000000    -0.086945    0.000000    0.000000    0.038052    0.000000    0.000000  
43.344334    -0.061377    0.000000    0.000000    -0.086560    0.000000    0.000000    0.038510    0.000000    0.000000  
43.354335    -0.062241    0.000000    0.000000    -0.086170    0.000000    0.000000    0.038966    0.000000    0.000000  
43.364336    -0.063100    0.000000    0.000000    -0.085775    0.000000    0.000000    0.039425    0.000000    0.000000  
43.374337    -0.063956    0.000000    0.000000    -0.085376    0.000000    0.000000    0.039891    0.000000    0.000000  
43.384338    -0.064808    0.000000    0.000000    -0.084972    0.000000    0.000000    0.040369    0.000000    0.000000  
43.394339    -0.065656    0.000000    0.000000    -0.084565    0.000000    0.000000    0.040863    0.000000    0.000000  
43.404340    -0.066500    0.000000    0.000000    -0.084153    0.000000    0.000000    0.041378    0.000000    0.000000  
43.414341    -0.067339    0.000000    0.000000    -0.083738    0.000000    0.000000    0.041915    0.000000    0.000000  
43.424342    -0.068174    0.000000    0.000000    -0.083318    0.000000    0.000000    0.042472    0.000000    0.000000  
43.434343    -0.069006    0.000000    0.000000    -0.082894    0.000000    0.000000    0.043048    0.000000    0.000000  
43.444344    -0.069832    0.000000    0.000000    -0.082464    0.000000    0.000000    0.043640    0.000000    0.000000  
43.454345    -0.070655    0.000000    0.000000    -0.082029    0.000000    0.000000    0.044247    0.000000    0.000000  
43.464346    -0.071473    0.000000    0.000000    -0.081587    0.000000    0.000000    0.044866    0.000000    0.000000  
43.474347    -0.072286    0.000000    0.000000    -0.081139    0.000000    0.000000    0.045495    0.000000    0.000000  
43.484348    -0.073096    0.000000    0.000000    -0.080684    0.000000    0.000000    0.046133    0.000000    0.000000  
43.494349    -0.073900    0.000000    0.000000    -0.080221    0.000000    0.000000    0.046777    0.000000    0.000000  
43.504350    -0.074700    0.000000    0.000000    -0.079750    0.000000    0.000000    0.047425    0.000000    0.000000  
43.514351    -0.075495    0.000000    0.000000    -0.079271    0.000000    0.000000    0.048074    0.000000    0.000000  
43.524352    -0.076286    0.000000    0.000000    -0.078785    0.000000    0.000000    0.048716    0.000000    0.000000  
43.534353    -0.077071    0.000000    0.000000    -0.078291    0.000000    0.000000    0.049345    0.000000    0.000000  
43.544354    -0.077852    0.000000    0.000000    -0.077791    0.000000    0.000000    0.049954    0.000000    0.000000  
43.554355    -0.078628    0.000000    0.000000    -0.077286    0.000000    0.000000    0.050536    0.000000    0.000000  
43.564356    -0.079399    0.000000    0.000000    -0.076775    0.000000    0.000000    0.051085    0.000000    0.000000  
43.574357    -0.080164    0.000000    0.000000    -0.076259    0.000000    0.000000    0.051594    0.000000    0.000000  
43.584358    -0.080925    0.000000    0.000000    -0.075739    0.000000    0.000000    0.052056    0.000000    0.000000  
43.594359    -0.081680    0.000000    0.000000    -0.075216    0.000000    0.000000    0.052464    0.000000    0.000000  
43.604360    -0.082429    0.000000    0.000000    -0.074689    0.000000    0.000000    0.052812    0.000000    0.000000  
43.614361    -0.083173    0.000000    0.000000    -0.074160    0.000000    0.000000    0.053102    0.000000    0.000000  
43.624362    -0.083912    0.000000    0.000000    -0.073628    0.000000    0.000000    0.053346    0.000000    0.000000  
43.634363    -0.084645    0.000000    0.000000    -0.073094    0.000000    0.000000    0.053557    0.000000    0.000000  
43.644364    -0.085373    0.000000    0.000000    -0.072557    0.000000    0.000000    0.053747    0.000000    0.000000  
43.654365    -0.086096    0.000000    0.000000    -0.072017    0.000000    0.000000    0.053929    0.000000    0.000000  
43.664366    -0.086813    0.000000    0.000000    -0.071476    0.000000    0.000000    0.054117    0.000000    0.000000  
43.674367    -0.087525    0.000000    0.000000    -0.070932    0.000000    0.000000    0.054322    0.000000    0.000000  
43.684368    -0.088231    0.000000    0.000000    -0.070386    0.000000    0.000000    0.054557    0.000000    0.000000  
43.694369    -0.088932    0.000000    0.000000    -0.069838    0.000000    0.000000    0.054835    0.000000    0.000000  
43.704370    -0.089628    0.000000    0.000000    -0.069287    0.000000    0.000000    0.055169    0.000000    0.000000  
43.714371    -0.090318    0.000000    0.000000    -0.068735    0.000000    0.000000    0.055563    0.000000    0.000000  
43.724372    -0.091003    0.000000    0.000000    -0.068180    0.000000    0.000000    0.056008    0.000000    0.000000  
43.734373    -0.091682    0.000000    0.000000    -0.067621    0.000000    0.000000    0.056499    0.000000    0.000000  
43.744374    -0.092356    0.000000    0.000000    -0.067058    0.000000    0.000000    0.057028    0.000000    0.000000  
43.754375    -0.093024    0.000000    0.000000    -0.066490    0.000000    0.000000    0.057587    0.000000    0.000000  
43.764376    -0.093687    0.000000    0.000000    -0.065916    0.000000    0.000000    0.058170    0.000000    0.000000  
43.774377    -0.094343    0.000000    0.000000    -0.065336    0.000000    0.000000    0.058769    0.000000    0.000000  
43.784378    -0.094994    0.000000    0.000000    -0.064749    0.000000    0.000000    0.059377    0.000000    0.000000  
43.794379    -0.095638    0.000000    0.000000    -0.064155    0.000000    0.000000    0.059987    0.000000    0.000000  
43.804380    -0.096277    0.000000    0.000000    -0.063552    0.000000    0.000000    0.060591    0.000000    0.000000  
43.814381    -0.096909    0.000000    0.000000    -0.062941    0.000000    0.000000    0.061184    0.000000    0.000000  
43.824382    -0.097536    0.000000    0.000000    -0.062322    0.000000    0.000000    0.061762    0.000000    0.000000  
43.834383    -0.098156    0.000000    0.000000    -0.061697    0.000000    0.000000    0.062323    0.000000    0.000000  
43.844384    -0.098770    0.000000    0.000000    -0.061065    0.000000    0.000000    0.062863    0.000000    0.000000  
43.854385    -0.099377    0.000000    0.000000    -0.060428    0.000000    0.000000    0.063378    0.000000    0.000000  
43.864386    -0.099979    0.000000    0.000000    -0.059786    0.000000    0.000000    0.063867    0.000000    0.000000  
43.874387    -0.100573    0.000000    0.000000    -0.059140    0.000000    0.000000    0.064325    0.000000    0.000000  
43.884388    -0.101162    0.000000    0.000000    -0.058491    0.000000    0.000000    0.064749    0.000000    0.000000  
43.894389    -0.101743    0.000000    0.000000    -0.057839    0.000000    0.000000    0.065136    0.000000    0.000000  
43.904390    -0.102319    0.000000    0.000000    -0.057186    0.000000    0.000000    0.065483    0.000000    0.000000  
43.914391    -0.102887    0.000000    0.000000    -0.056531    0.000000    0.000000    0.065791    0.000000    0.000000  
43.924392    -0.103449    0.000000    0.000000    -0.055875    0.000000    0.000000    0.066067    0.000000    0.000000  
43.934393    -0.104005    0.000000    0.000000    -0.055216    0.000000    0.000000    0.066318    0.000000    0.000000  
43.944394    -0.104553    0.000000    0.000000    -0.054556    0.000000    0.000000    0.066550    0.000000    0.000000  
43.954395    -0.105095    0.000000    0.000000    -0.053893    0.000000    0.000000    0.066771    0.000000    0.000000  
43.964396    -0.105631    0.000000    0.000000    -0.053227    0.000000    0.000000    0.066986    0.000000    0.000000  
43.974397    -0.106159    0.000000    0.000000    -0.052559    0.000000    0.000000    0.067204    0.000000    0.000000  
43.984398    -0.106682    0.000000    0.000000    -0.051888    0.000000    0.000000    0.067430    0.000000    0.000000  
43.994399    -0.107197    0.000000    0.000000    -0.051213    0.000000    0.000000    0.067672    0.000000    0.000000  
44.004400    -0.107706    0.000000    0.000000    -0.050535    0.000000    0.000000    0.067936    0.000000    0.000000  
44.014401    -0.108208    0.000000    0.000000    -0.049854    0.000000    0.000000    0.068224    0.000000    0.000000  
44.024402    -0.108703    0.000000    0.000000    -0.049169    0.000000    0.000000    0.068530    0.000000    0.000000  
44.034403    -0.109192    0.000000    0.000000    -0.048480    0.000000    0.000000    0.068849    0.000000    0.000000  
44.044404    -0.109673    0.000000    0.000000    -0.047789    0.000000    0.000000    0.069175    0.000000    0.000000  
44.054405    -0.110148    0.000000    0.000000    -0.047094    0.000000    0.000000    0.069504    0.000000    0.000000  
44.064406    -0.110616    0.000000    0.000000    -0.046396    0.000000    0.000000    0.069829    0.000000    0.000000  
44.074407    -0.111077    0.000000    0.000000    -0.045695    0.000000    0.000000    0.070146    0.000000    0.000000  
44.084408    -0.111531    0.000000    0.000000    -0.044992    0.000000    0.000000    0.070448    0.000000    0.000000  
44.094409    -0.111977    0.000000    0.000000    -0.044286    0.000000    0.000000    0.070730    0.000000    0.000000  
44.104410    -0.112416    0.000000    0.000000    -0.043577    0.000000    0.000000    0.070988    0.000000    0.000000  
44.114411    -0.112849    0.000000    0.000000    -0.042866    0.000000    0.000000    0.071219    0.000000    0.000000  
44.124412    -0.113274    0.000000    0.000000    -0.042153    0.000000    0.000000    0.071430    0.000000    0.000000  
44.134413    -0.113691    0.000000    0.000000    -0.041437    0.000000    0.000000    0.071624    0.000000    0.000000  
44.144414    -0.114102    0.000000    0.000000    -0.040719    0.000000    0.000000    0.071806    0.000000    0.000000  
44.154415    -0.114505    0.000000    0.000000    -0.039999    0.000000    0.000000    0.071982    0.000000    0.000000  
44.164416    -0.114901    0.000000    0.000000    -0.039277    0.000000    0.000000    0.072155    0.000000    0.000000  
44.174417    -0.115290    0.000000    0.000000    -0.038554    0.000000    0.000000    0.072332    0.000000    0.000000  
44.184418    -0.115672    0.000000    0.000000    -0.037829    0.000000    0.000000    0.072516    0.000000    0.000000  
44.194419    -0.116047    0.000000    0.000000    -0.037102    0.000000    0.000000    0.072713    0.000000    0.000000  
44.204420    -0.116414    0.000000    0.000000    -0.036374    0.000000    0.000000    0.072926    0.000000    0.000000  
44.214421    -0.116774    0.000000    0.000000    -0.035644    0.000000    0.000000    0.073158    0.000000    0.000000  
44.224422    -0.117127    0.000000    0.000000    -0.034912    0.000000    0.000000    0.073405    0.000000    0.000000  
44.234423    -0.117473    0.000000    0.000000    -0.034179    0.000000    0.000000    0.073664    0.000000    0.000000  
44.244424    -0.117811    0.000000    0.000000    -0.033443    0.000000    0.000000    0.073930    0.000000    0.000000  
44.254425    -0.118142    0.000000    0.000000    -0.032705    0.000000    0.000000    0.074202    0.000000    0.000000  
44.264426    -0.118466    0.000000    0.000000    -0.031964    0.000000    0.000000    0.074474    0.000000    0.000000  
44.274427    -0.118782    0.000000    0.000000    -0.031220    0.000000    0.000000    0.074744    0.000000    0.000000  
44.284428    -0.119091    0.000000    0.000000    -0.030473    0.000000    0.000000    0.075009    0.000000    0.000000  
44.294429    -0.119392    0.000000    0.000000    -0.029723    0.000000    0.000000    0.075264    0.000000    0.000000  
44.304430    -0.119685    0.000000    0.000000    -0.028969    0.000000    0.000000    0.075507    0.000000    0.000000  
44.314431    -0.119971    0.000000    0.000000    -0.028212    0.000000    0.000000    0.075737    0.000000    0.000000  
44.324432    -0.120249    0.000000    0.000000    -0.027451    0.000000    0.000000    0.075957    0.000000    0.000000  
44.334433    -0.120520    0.000000    0.000000    -0.026687    0.000000    0.000000    0.076170    0.000000    0.000000  
44.344434    -0.120783    0.000000    0.000000    -0.025921    0.000000    0.000000    0.076380    0.000000    0.000000  
44.354435    -0.121038    0.000000    0.000000    -0.025152    0.000000    0.000000    0.076591    0.000000    0.000000  
44.364436    -0.121286    0.000000    0.000000    -0.024381    0.000000    0.000000    0.076805    0.000000    0.000000  
44.374437    -0.121526    0.000000    0.000000    -0.023608    0.000000    0.000000    0.077026    0.000000    0.000000  
44.384438    -0.121758    0.000000    0.000000    -0.022834    0.000000    0.000000    0.077257    0.000000    0.000000  
44.394439    -0.121982    0.000000    0.000000    -0.022058    0.000000    0.000000    0.077501    0.000000    0.000000  
44.404440    -0.122199    0.000000    0.000000    -0.021282    0.000000    0.000000    0.077762    0.000000    0.000000  
44.414441    -0.122408    0.000000    0.000000    -0.020504    0.000000    0.000000    0.078034    0.000000    0.000000  
44.424442    -0.122609    0.000000    0.000000    -0.019726    0.000000    0.000000    0.078304    0.000000    0.000000  
44.434443    -0.122803    0.000000    0.000000    -0.018947    0.000000    0.000000    0.078557    0.000000    0.000000  
44.444444    -0.122988    0.000000    0.000000    -0.018167    0.000000    0.000000    0.078778    0.000000    0.000000  
44.454445    -0.123166    0.000000    0.000000    -0.017386    0.000000    0.000000    0.078953    0.000000    0.000000  
44.464446    -0.123336    0.000000    0.000000    -0.016604    0.000000    0.000000    0.079067    0.000000    0.000000  
44.474447    -0.123498    0.000000    0.000000    -0.015820    0.000000    0.000000    0.079106    0.000000    0.000000  
44.484448    -0.123653    0.000000    0.000000    -0.015035    0.000000    0.000000    0.079055    0.000000    0.000000  
44.494449    -0.123799    0.000000    0.000000    -0.014249    0.000000    0.000000    0.078899    0.000000    0.000000  
44.504450    -0.123938    0.000000    0.000000    -0.013462    0.000000    0.000000    0.078625    0.000000    0.000000  
44.514451    -0.124068    0.000000    0.000000    -0.012673    0.000000    0.000000    0.078237    0.000000    0.000000  
44.524452    -0.124191    0.000000    0.000000    -0.011885    0.000000    0.000000    0.077760    0.000000    0.000000  
44.534453    -0.124306    0.000000    0.000000    -0.011098    0.000000    0.000000    0.077220    0.000000    0.000000  
44.544454    -0.124413    0.000000    0.000000    -0.010314    0.000000    0.000000    0.076645    0.000000    0.000000  
44.554455    -0.124513    0.000000    0.000000    -0.009535    0.000000    0.000000    0.076061    0.000000    0.000000  
44.564456    -0.124605    0.000000    0.000000    -0.008760    0.000000    0.000000    0.075494    0.000000    0.000000  
44.574457    -0.124689    0.000000    0.000000    -0.007992    0.000000    0.000000    0.074971    0.000000    0.000000  
44.584458    -0.124765    0.000000    0.000000    -0.007232    0.000000    0.000000    0.074519    0.000000    0.000000  
44.594459    -0.124834    0.000000    0.000000    -0.006481    0.000000    0.000000    0.074163    0.000000    0.000000  
44.604460    -0.124895    0.000000    0.000000    -0.005740    0.000000    0.000000    0.073931    0.000000    0.000000  
44.614461    -0.124948    0.000000    0.000000    -0.005009    0.000000    0.000000    0.073834    0.000000    0.000000  
44.624462    -0.124994    0.000000    0.000000    -0.004284    0.000000    0.000000    0.073870    0.000000    0.000000  
44.634463    -0.125033    0.000000    0.000000    -0.003563    0.000000    0.000000    0.074034    0.000000    0.000000  
44.644464    -0.125064    0.000000    0.000000    -0.002843    0.000000    0.000000    0.074323    0.000000    0.000000  
44.654465    -0.125088    0.000000    0.000000    -0.002120    0.000000    0.000000    0.074732    0.000000    0.000000  
44.664466    -0.125104    0.000000    0.000000    -0.001392    0.000000    0.000000    0.075257    0.000000    0.000000  
44.674467    -0.125113    0.000000    0.000000    -0.000656    0.000000    0.000000    0.075895    0.000000    0.000000  
44.684468    -0.125115    0.000000    0.000000    0.000092    0.000000    0.000000    0.076641    0.000000    0.000000  
44.694469    -0.125110    0.000000    0.000000    0.000854    0.000000    0.000000    0.077492    0.000000    0.000000  
44.704470    -0.125097    0.000000    0.000000    0.001633    0.000000    0.000000    0.078442    0.000000    0.000000  
44.714471    -0.125078    0.000000    0.000000    0.002430    0.000000    0.000000    0.079471    0.000000    0.000000  
44.724472    -0.125050    0.000000    0.000000    0.003243    0.000000    0.000000    0.080542    0.000000    0.000000  
44.734473    -0.125016    0.000000    0.000000    0.004069    0.000000    0.000000    0.081615    0.000000    0.000000  
44.744474    -0.124973    0.000000    0.000000    0.004907    0.000000    0.000000    0.082651    0.000000    0.000000  
44.754475    -0.124922    0.000000    0.000000    0.005754    0.000000    0.000000    0.083610    0.000000    0.000000  
44.764476    -0.124862    0.000000    0.000000    0.006607    0.000000    0.000000    0.084453    0.000000    0.000000  
44.774477    -0.124794    0.000000    0.000000    0.007466    0.000000    0.000000    0.085141    0.000000    0.000000  
44.784478    -0.124716    0.000000    0.000000    0.008327    0.000000    0.000000    0.085635    0.000000    0.000000  
44.794479    -0.124630    0.000000    0.000000    0.009188    0.000000    0.000000    0.085895    0.000000    0.000000  
44.804480    -0.124533    0.000000    0.000000    0.010047    0.000000    0.000000    0.085883    0.000000    0.000000  
44.814481    -0.124428    0.000000    0.000000    0.010903    0.000000    0.000000    0.085599    0.000000    0.000000  
44.824482    -0.124313    0.000000    0.000000    0.011755    0.000000    0.000000    0.085082    0.000000    0.000000  
44.834483    -0.124189    0.000000    0.000000    0.012601    0.000000    0.000000    0.084376    0.000000    0.000000  
44.844484    -0.124056    0.000000    0.000000    0.013440    0.000000    0.000000    0.083523    0.000000    0.000000  
44.854485    -0.123915    0.000000    0.000000    0.014273    0.000000    0.000000    0.082567    0.000000    0.000000  
44.864486    -0.123766    0.000000    0.000000    0.015097    0.000000    0.000000    0.081550    0.000000    0.000000  
44.874487    -0.123609    0.000000    0.000000    0.015912    0.000000    0.000000    0.080516    0.000000    0.000000  
44.884488    -0.123444    0.000000    0.000000    0.016716    0.000000    0.000000    0.079507    0.000000    0.000000  
44.894489    -0.123272    0.000000    0.000000    0.017510    0.000000    0.000000    0.078567    0.000000    0.000000  
44.904490    -0.123093    0.000000    0.000000    0.018292    0.000000    0.000000    0.077737    0.000000    0.000000  
44.914491    -0.122907    0.000000    0.000000    0.019062    0.000000    0.000000    0.077035    0.000000    0.000000  
44.924492    -0.122714    0.000000    0.000000    0.019822    0.000000    0.000000    0.076451    0.000000    0.000000  
44.934493    -0.122514    0.000000    0.000000    0.020574    0.000000    0.000000    0.075972    0.000000    0.000000  
44.944494    -0.122306    0.000000    0.000000    0.021319    0.000000    0.000000    0.075586    0.000000    0.000000  
44.954495    -0.122091    0.000000    0.000000    0.022060    0.000000    0.000000    0.075281    0.000000    0.000000  
44.964496    -0.121869    0.000000    0.000000    0.022799    0.000000    0.000000    0.075044    0.000000    0.000000  
44.974497    -0.121638    0.000000    0.000000    0.023536    0.000000    0.000000    0.074864    0.000000    0.000000  
44.984498    -0.121400    0.000000    0.000000    0.024275    0.000000    0.000000    0.074728    0.000000    0.000000  
44.994499    -0.121154    0.000000    0.000000    0.025016    0.000000    0.000000    0.074624    0.000000    0.000000  
45.004500    -0.120901    0.000000    0.000000    0.025761    0.000000    0.000000    0.074539    0.000000    0.000000  
45.014501    -0.120639    0.000000    0.000000    0.026512    0.000000    0.000000    0.074467    0.000000    0.000000  
45.024502    -0.120369    0.000000    0.000000    0.027266    0.000000    0.000000    0.074402    0.000000    0.000000  
45.034503    -0.120091    0.000000    0.000000    0.028022    0.000000    0.000000    0.074340    0.000000    0.000000  
45.044504    -0.119806    0.000000    0.000000    0.028780    0.000000    0.000000    0.074278    0.000000    0.000000  
45.054505    -0.119513    0.000000    0.000000    0.029538    0.000000    0.000000    0.074211    0.000000    0.000000  
45.064506    -0.119213    0.000000    0.000000    0.030294    0.000000    0.000000    0.074136    0.000000    0.000000  
45.074507    -0.118905    0.000000    0.000000    0.031047    0.000000    0.000000    0.074049    0.000000    0.000000  
45.084508    -0.118590    0.000000    0.000000    0.031797    0.000000    0.000000    0.073945    0.000000    0.000000  
45.094509    -0.118268    0.000000    0.000000    0.032541    0.000000    0.000000    0.073822    0.000000    0.000000  
45.104510    -0.117939    0.000000    0.000000    0.033279    0.000000    0.000000    0.073674    0.000000    0.000000  
45.114511    -0.117603    0.000000    0.000000    0.034010    0.000000    0.000000    0.073502    0.000000    0.000000  
45.124512    -0.117260    0.000000    0.000000    0.034736    0.000000    0.000000    0.073312    0.000000    0.000000  
45.134513    -0.116909    0.000000    0.000000    0.035457    0.000000    0.000000    0.073109    0.000000    0.000000  
45.144514    -0.116552    0.000000    0.000000    0.036174    0.000000    0.000000    0.072897    0.000000    0.000000  
45.154515    -0.116187    0.000000    0.000000    0.036889    0.000000    0.000000    0.072681    0.000000    0.000000  
45.164516    -0.115815    0.000000    0.000000    0.037602    0.000000    0.000000    0.072468    0.000000    0.000000  
45.174517    -0.115436    0.000000    0.000000    0.038315    0.000000    0.000000    0.072263    0.000000    0.000000  
45.184518    -0.115050    0.000000    0.000000    0.039029    0.000000    0.000000    0.072069    0.000000    0.000000  
45.194519    -0.114656    0.000000    0.000000    0.039744    0.000000    0.000000    0.071894    0.000000    0.000000  
45.204520    -0.114255    0.000000    0.000000    0.040462    0.000000    0.000000    0.071741    0.000000    0.000000  
45.214521    -0.113847    0.000000    0.000000    0.041183    0.000000    0.000000    0.071610    0.000000    0.000000  
45.224522    -0.113431    0.000000    0.000000    0.041905    0.000000    0.000000    0.071492    0.000000    0.000000  
45.234523    -0.113008    0.000000    0.000000    0.042629    0.000000    0.000000    0.071379    0.000000    0.000000  
45.244524    -0.112578    0.000000    0.000000    0.043353    0.000000    0.000000    0.071264    0.000000    0.000000  
45.254525    -0.112140    0.000000    0.000000    0.044075    0.000000    0.000000    0.071137    0.000000    0.000000  
45.264526    -0.111696    0.000000    0.000000    0.044795    0.000000    0.000000    0.070990    0.000000    0.000000  
45.274527    -0.111244    0.000000    0.000000    0.045512    0.000000    0.000000    0.070815    0.000000    0.000000  
45.284528    -0.110785    0.000000    0.000000    0.046226    0.000000    0.000000    0.070604    0.000000    0.000000  
45.294529    -0.110319    0.000000    0.000000    0.046934    0.000000    0.000000    0.070348    0.000000    0.000000  
45.304530    -0.109846    0.000000    0.000000    0.047636    0.000000    0.000000    0.070038    0.000000    0.000000  
45.314531    -0.109366    0.000000    0.000000    0.048332    0.000000    0.000000    0.069676    0.000000    0.000000  
45.324532    -0.108879    0.000000    0.000000    0.049022    0.000000    0.000000    0.069270    0.000000    0.000000  
45.334533    -0.108386    0.000000    0.000000    0.049706    0.000000    0.000000    0.068830    0.000000    0.000000  
45.344534    -0.107885    0.000000    0.000000    0.050386    0.000000    0.000000    0.068365    0.000000    0.000000  
45.354535    -0.107378    0.000000    0.000000    0.051061    0.000000    0.000000    0.067885    0.000000    0.000000  
45.364536    -0.106864    0.000000    0.000000    0.051731    0.000000    0.000000    0.067400    0.000000    0.000000  
45.374537    -0.106343    0.000000    0.000000    0.052398    0.000000    0.000000    0.066919    0.000000    0.000000  
45.384538    -0.105816    0.000000    0.000000    0.053061    0.000000    0.000000    0.066452    0.000000    0.000000  
45.394539    -0.105282    0.000000    0.000000    0.053722    0.000000    0.000000    0.066008    0.000000    0.000000  
45.404540    -0.104741    0.000000    0.000000    0.054380    0.000000    0.000000    0.065598    0.000000    0.000000  
45.414541    -0.104194    0.000000    0.000000    0.055035    0.000000    0.000000    0.065222    0.000000    0.000000  
45.424542    -0.103641    0.000000    0.000000    0.055688    0.000000    0.000000    0.064874    0.000000    0.000000  
45.434543    -0.103081    0.000000    0.000000    0.056339    0.000000    0.000000    0.064548    0.000000    0.000000  
45.444544    -0.102514    0.000000    0.000000    0.056986    0.000000    0.000000    0.064237    0.000000    0.000000  
45.454545    -0.101941    0.000000    0.000000    0.057630    0.000000    0.000000    0.063933    0.000000    0.000000  
45.464546    -0.101361    0.000000    0.000000    0.058271    0.000000    0.000000    0.063630    0.000000    0.000000  
45.474547    -0.100776    0.000000    0.000000    0.058908    0.000000    0.000000    0.063321    0.000000    0.000000  
45.484548    -0.100183    0.000000    0.000000    0.059541    0.000000    0.000000    0.063000    0.000000    0.000000  
45.494549    -0.099585    0.000000    0.000000    0.060170    0.000000    0.000000    0.062658    0.000000    0.000000  
45.504550    -0.098980    0.000000    0.000000    0.060795    0.000000    0.000000    0.062290    0.000000    0.000000  
45.514551    -0.098369    0.000000    0.000000    0.061415    0.000000    0.000000    0.061894    0.000000    0.000000  
45.524552    -0.097751    0.000000    0.000000    0.062031    0.000000    0.000000    0.061476    0.000000    0.000000  
45.534553    -0.097128    0.000000    0.000000    0.062643    0.000000    0.000000    0.061042    0.000000    0.000000  
45.544554    -0.096498    0.000000    0.000000    0.063251    0.000000    0.000000    0.060596    0.000000    0.000000  
45.554555    -0.095862    0.000000    0.000000    0.063854    0.000000    0.000000    0.060145    0.000000    0.000000  
45.564556    -0.095221    0.000000    0.000000    0.064453    0.000000    0.000000    0.059694    0.000000    0.000000  
45.574557    -0.094573    0.000000    0.000000    0.065048    0.000000    0.000000    0.059249    0.000000    0.000000  
45.584558    -0.093919    0.000000    0.000000    0.065638    0.000000    0.000000    0.058816    0.000000    0.000000  
45.594559    -0.093260    0.000000    0.000000    0.066224    0.000000    0.000000    0.058399    0.000000    0.000000  
45.604560    -0.092595    0.000000    0.000000    0.066806    0.000000    0.000000    0.058005    0.000000    0.000000  
45.614561    -0.091924    0.000000    0.000000    0.067384    0.000000    0.000000    0.057634    0.000000    0.000000  
45.624562    -0.091247    0.000000    0.000000    0.067958    0.000000    0.000000    0.057281    0.000000    0.000000  
45.634563    -0.090565    0.000000    0.000000    0.068528    0.000000    0.000000    0.056943    0.000000    0.000000  
45.644564    -0.089877    0.000000    0.000000    0.069095    0.000000    0.000000    0.056613    0.000000    0.000000  
45.654565    -0.089183    0.000000    0.000000    0.069658    0.000000    0.000000    0.056287    0.000000    0.000000  
45.664566    -0.088484    0.000000    0.000000    0.070217    0.000000    0.000000    0.055961    0.000000    0.000000  
45.674567    -0.087779    0.000000    0.000000    0.070774    0.000000    0.000000    0.055629    0.000000    0.000000  
45.684568    -0.087068    0.000000    0.000000    0.071327    0.000000    0.000000    0.055286    0.000000    0.000000  
45.694569    -0.086352    0.000000    0.000000    0.071877    0.000000    0.000000    0.054928    0.000000    0.000000  
45.704570    -0.085630    0.000000    0.000000    0.072425    0.000000    0.000000    0.054550    0.000000    0.000000  
45.714571    -0.084903    0.000000    0.000000    0.072969    0.000000    0.000000    0.054150    0.000000    0.000000  
45.724572    -0.084171    0.000000    0.000000    0.073510    0.000000    0.000000    0.053727    0.000000    0.000000  
45.734573    -0.083433    0.000000    0.000000    0.074048    0.000000    0.000000    0.053282    0.000000    0.000000  
45.744574    -0.082690    0.000000    0.000000    0.074581    0.000000    0.000000    0.052816    0.000000    0.000000  
45.754575    -0.081941    0.000000    0.000000    0.075109    0.000000    0.000000    0.052329    0.000000    0.000000  
45.764576    -0.081187    0.000000    0.000000    0.075633    0.000000    0.000000    0.051822    0.000000    0.000000  
45.774577    -0.080428    0.000000    0.000000    0.076151    0.000000    0.000000    0.051294    0.000000    0.000000  
45.784578    -0.079664    0.000000    0.000000    0.076663    0.000000    0.000000    0.050747    0.000000    0.000000  
45.794579    -0.078895    0.000000    0.000000    0.077168    0.000000    0.000000    0.050180    0.000000    0.000000  
45.804580    -0.078121    0.000000    0.000000    0.077667    0.000000    0.000000    0.049594    0.000000    0.000000  
45.814581    -0.077342    0.000000    0.000000    0.078160    0.000000    0.000000    0.048991    0.000000    0.000000  
45.824582    -0.076557    0.000000    0.000000    0.078645    0.000000    0.000000    0.048376    0.000000    0.000000  
45.834583    -0.075768    0.000000    0.000000    0.079124    0.000000    0.000000    0.047752    0.000000    0.000000  
45.844584    -0.074975    0.000000    0.000000    0.079596    0.000000    0.000000    0.047122    0.000000    0.000000  
45.854585    -0.074176    0.000000    0.000000    0.080062    0.000000    0.000000    0.046492    0.000000    0.000000  
45.864586    -0.073373    0.000000    0.000000    0.080522    0.000000    0.000000    0.045864    0.000000    0.000000  
45.874587    -0.072565    0.000000    0.000000    0.080976    0.000000    0.000000    0.045243    0.000000    0.000000  
45.884588    -0.071753    0.000000    0.000000    0.081425    0.000000    0.000000    0.044633    0.000000    0.000000  
45.894589    -0.070937    0.000000    0.000000    0.081868    0.000000    0.000000    0.044038    0.000000    0.000000  
45.904590    -0.070116    0.000000    0.000000    0.082305    0.000000    0.000000    0.043461    0.000000    0.000000  
45.914591    -0.069290    0.000000    0.000000    0.082737    0.000000    0.000000    0.042904    0.000000    0.000000  
45.924592    -0.068461    0.000000    0.000000    0.083164    0.000000    0.000000    0.042367    0.000000    0.000000  
45.934593    -0.067627    0.000000    0.000000    0.083586    0.000000    0.000000    0.041847    0.000000    0.000000  
45.944594    -0.066789    0.000000    0.000000    0.084003    0.000000    0.000000    0.041344    0.000000    0.000000  
45.954595    -0.065947    0.000000    0.000000    0.084415    0.000000    0.000000    0.040856    0.000000    0.000000  
45.964596    -0.065101    0.000000    0.000000    0.084822    0.000000    0.000000    0.040382    0.000000    0.000000  
45.974597    -0.064251    0.000000    0.000000    0.085225    0.000000    0.000000    0.039922    0.000000    0.000000  
45.984598    -0.063397    0.000000    0.000000    0.085622    0.000000    0.000000    0.039472    0.000000    0.000000  
45.994599    -0.062538    0.000000    0.000000    0.086015    0.000000    0.000000    0.039033    0.000000    0.000000  
46.004600    -0.061676    0.000000    0.000000    0.086403    0.000000    0.000000    0.038604    0.000000    0.000000  
46.014601    -0.060810    0.000000    0.000000    0.086787    0.000000    0.000000    0.038181    0.000000    0.000000  
46.024602    -0.059940    0.000000    0.000000    0.087166    0.000000    0.000000    0.037761    0.000000    0.000000  
46.034603    -0.059066    0.000000    0.000000    0.087541    0.000000    0.000000    0.037341    0.000000    0.000000  
46.044604    -0.058189    0.000000    0.000000    0.087911    0.000000    0.000000    0.036918    0.000000    0.000000  
46.054605    -0.057308    0.000000    0.000000    0.088276    0.000000    0.000000    0.036488    0.000000    0.000000  
46.064606    -0.056423    0.000000    0.000000    0.088638    0.000000    0.000000    0.036047    0.000000    0.000000  
46.074607    -0.055535    0.000000    0.000000    0.088994    0.000000    0.000000    0.035592    0.000000    0.000000  
46.084608    -0.054643    0.000000    0.000000    0.089347    0.000000    0.000000    0.035119    0.000000    0.000000  
46.094609    -0.053747    0.000000    0.000000    0.089695    0.000000    0.000000    0.034625    0.000000    0.000000  
46.104610    -0.052849    0.000000    0.000000    0.090039    0.000000    0.000000    0.034107    0.000000    0.000000  
46.114611    -0.051947    0.000000    0.000000    0.090378    0.000000    0.000000    0.033563    0.000000    0.000000  
46.124612    -0.051041    0.000000    0.000000    0.090712    0.000000    0.000000    0.032994    0.000000    0.000000  
46.134613    -0.050132    0.000000    0.000000    0.091041    0.000000    0.000000    0.032400    0.000000    0.000000  
46.144614    -0.049220    0.000000    0.000000    0.091364    0.000000    0.000000    0.031784    0.000000    0.000000  
46.154615    -0.048305    0.000000    0.000000    0.091681    0.000000    0.000000    0.031146    0.000000    0.000000  
46.164616    -0.047387    0.000000    0.000000    0.091992    0.000000    0.000000    0.030486    0.000000    0.000000  
46.174617    -0.046466    0.000000    0.000000    0.092295    0.000000    0.000000    0.029807    0.000000    0.000000  
46.184618    -0.045541    0.000000    0.000000    0.092591    0.000000    0.000000    0.029109    0.000000    0.000000  
46.194619    -0.044614    0.000000    0.000000    0.092880    0.000000    0.000000    0.028392    0.000000    0.000000  
46.204620    -0.043684    0.000000    0.000000    0.093160    0.000000    0.000000    0.027659    0.000000    0.000000  
46.214621    -0.042751    0.000000    0.000000    0.093432    0.000000    0.000000    0.026912    0.000000    0.000000  
46.224622    -0.041815    0.000000    0.000000    0.093696    0.000000    0.000000    0.026160    0.000000    0.000000  
46.234623    -0.040876    0.000000    0.000000    0.093953    0.000000    0.000000    0.025409    0.000000    0.000000  
46.244624    -0.039935    0.000000    0.000000    0.094202    0.000000    0.000000    0.024666    0.000000    0.000000  
46.254625    -0.038991    0.000000    0.000000    0.094444    0.000000    0.000000    0.023939    0.000000    0.000000  
46.264626    -0.038045    0.000000    0.000000    0.094679    0.000000    0.000000    0.023235    0.000000    0.000000  
46.274627    -0.037097    0.000000    0.000000    0.094908    0.000000    0.000000    0.022562    0.000000    0.000000  
46.284628    -0.036146    0.000000    0.000000    0.095130    0.000000    0.000000    0.021925    0.000000    0.000000  
46.294629    -0.035194    0.000000    0.000000    0.095346    0.000000    0.000000    0.021334    0.000000    0.000000  
46.304630    -0.034239    0.000000    0.000000    0.095557    0.000000    0.000000    0.020793    0.000000    0.000000  
46.314631    -0.033282    0.000000    0.000000    0.095762    0.000000    0.000000    0.020303    0.000000    0.000000  
46.324632    -0.032324    0.000000    0.000000    0.095962    0.000000    0.000000    0.019853    0.000000    0.000000  
46.334633    -0.031364    0.000000    0.000000    0.096157    0.000000    0.000000    0.019431    0.000000    0.000000  
46.344634    -0.030401    0.000000    0.000000    0.096347    0.000000    0.000000    0.019027    0.000000    0.000000  
46.354635    -0.029437    0.000000    0.000000    0.096533    0.000000    0.000000    0.018629    0.000000    0.000000  
46.364636    -0.028471    0.000000    0.000000    0.096714    0.000000    0.000000    0.018228    0.000000    0.000000  
46.374637    -0.027503    0.000000    0.000000    0.096891    0.000000    0.000000    0.017810    0.000000    0.000000  
46.384638    -0.026534    0.000000    0.000000    0.097064    0.000000    0.000000    0.017367    0.000000    0.000000  
46.394639    -0.025562    0.000000    0.000000    0.097234    0.000000    0.000000    0.016886    0.000000    0.000000  
46.404640    -0.024589    0.000000    0.000000    0.097400    0.000000    0.000000    0.016358    0.000000    0.000000  
46.414641    -0.023614    0.000000    0.000000    0.097563    0.000000    0.000000    0.015778    0.000000    0.000000  
46.424642    -0.022637    0.000000    0.000000    0.097721    0.000000    0.000000    0.015151    0.000000    0.000000  
46.434643    -0.021659    0.000000    0.000000    0.097874    0.000000    0.000000    0.014483    0.000000    0.000000  
46.444644    -0.020679    0.000000    0.000000    0.098021    0.000000    0.000000    0.013778    0.000000    0.000000  
46.454645    -0.019698    0.000000    0.000000    0.098161    0.000000    0.000000    0.013042    0.000000    0.000000  
46.464646    -0.018716    0.000000    0.000000    0.098294    0.000000    0.000000    0.012279    0.000000    0.000000  
46.474647    -0.017732    0.000000    0.000000    0.098418    0.000000    0.000000    0.011495    0.000000    0.000000  
46.484648    -0.016747    0.000000    0.000000    0.098533    0.000000    0.000000    0.010695    0.000000    0.000000  
46.494649    -0.015761    0.000000    0.000000    0.098639    0.000000    0.000000    0.009884    0.000000    0.000000  
46.504650    -0.014774    0.000000    0.000000    0.098734    0.000000    0.000000    0.009067    0.000000    0.000000  
46.514651    -0.013786    0.000000    0.000000    0.098818    0.000000    0.000000    0.008250    0.000000    0.000000  
46.524652    -0.012797    0.000000    0.000000    0.098892    0.000000    0.000000    0.007441    0.000000    0.000000  
46.534653    -0.011808    0.000000    0.000000    0.098958    0.000000    0.000000    0.006648    0.000000    0.000000  
46.544654    -0.010818    0.000000    0.000000    0.099015    0.000000    0.000000    0.005878    0.000000    0.000000  
46.554655    -0.009827    0.000000    0.000000    0.099064    0.000000    0.000000    0.005138    0.000000    0.000000  
46.564656    -0.008836    0.000000    0.000000    0.099107    0.000000    0.000000    0.004436    0.000000    0.000000  
46.574657    -0.007844    0.000000    0.000000    0.099144    0.000000    0.000000    0.003780    0.000000    0.000000  
46.584658    -0.006853    0.000000    0.000000    0.099175    0.000000    0.000000    0.003178    0.000000    0.000000  
46.594659    -0.005860    0.000000    0.000000    0.099203    0.000000    0.000000    0.002636    0.000000    0.000000  
46.604660    -0.004868    0.000000    0.000000    0.099227    0.000000    0.000000    0.002163    0.000000    0.000000  
46.614661    -0.003876    0.000000    0.000000    0.099247    0.000000    0.000000    0.001753    0.000000    0.000000  
46.624662    -0.002883    0.000000    0.000000    0.099265    0.000000    0.000000    0.001393    0.000000    0.000000  
46.634663    -0.001891    0.000000    0.000000    0.099279    0.000000    0.000000    0.001066    0.000000    0.000000  
46.644664    -0.000898    0.000000    0.000000    0.099289    0.000000    0.000000    0.000754    0.000000    0.000000  
46.654665    0.000094    0.000000    0.000000    0.099296    0.000000    0.000000    0.000444    0.000000    0.000000  
46.664666    0.001087    0.000000    0.000000    0.099298    0.000000    0.000000    0.000117    0.000000    0.000000  
46.674667    0.002080    0.000000    0.000000    0.099297    0.000000    0.000000    -0.000242    0.000000    0.000000  
46.684668    0.003073    0.000000    0.000000    0.099292    0.000000    0.000000    -0.000650    0.000000    0.000000  
46.694669    0.004065    0.000000    0.000000    0.099283    0.000000    0.000000    -0.001122    0.000000    0.000000  
46.704670    0.005058    0.000000    0.000000    0.099269    0.000000    0.000000    -0.001674    0.000000    0.000000  
46.714671    0.006051    0.000000    0.000000    0.099250    0.000000    0.000000    -0.002309    0.000000    0.000000  
46.724672    0.007044    0.000000    0.000000    0.099226    0.000000    0.000000    -0.003018    0.000000    0.000000  
46.734673    0.008036    0.000000    0.000000    0.099195    0.000000    0.000000    -0.003787    0.000000    0.000000  
46.744674    0.009028    0.000000    0.000000    0.099158    0.000000    0.000000    -0.004606    0.000000    0.000000  
46.754675    0.010020    0.000000    0.000000    0.099112    0.000000    0.000000    -0.005464    0.000000    0.000000  
46.764676    0.011011    0.000000    0.000000    0.099059    0.000000    0.000000    -0.006348    0.000000    0.000000  
46.774677    0.012002    0.000000    0.000000    0.098996    0.000000    0.000000    -0.007248    0.000000    0.000000  
46.784678    0.012992    0.000000    0.000000    0.098923    0.000000    0.000000    -0.008152    0.000000    0.000000  
46.794679    0.013981    0.000000    0.000000    0.098839    0.000000    0.000000    -0.009049    0.000000    0.000000  
46.804680    0.014969    0.000000    0.000000    0.098745    0.000000    0.000000    -0.009927    0.000000    0.000000  
46.814681    0.015956    0.000000    0.000000    0.098638    0.000000    0.000000    -0.010779    0.000000    0.000000  
46.824682    0.016942    0.000000    0.000000    0.098522    0.000000    0.000000    -0.011600    0.000000    0.000000  
46.834683    0.017926    0.000000    0.000000    0.098396    0.000000    0.000000    -0.012388    0.000000    0.000000  
46.844684    0.018910    0.000000    0.000000    0.098262    0.000000    0.000000    -0.013137    0.000000    0.000000  
46.854685    0.019892    0.000000    0.000000    0.098120    0.000000    0.000000    -0.013845    0.000000    0.000000  
46.864686    0.020873    0.000000    0.000000    0.097972    0.000000    0.000000    -0.014507    0.000000    0.000000  
46.874687    0.021852    0.000000    0.000000    0.097819    0.000000    0.000000    -0.015120    0.000000    0.000000  
46.884688    0.022829    0.000000    0.000000    0.097661    0.000000    0.000000    -0.015680    0.000000    0.000000  
46.894689    0.023805    0.000000    0.000000    0.097499    0.000000    0.000000    -0.016184    0.000000    0.000000  
46.904690    0.024780    0.000000    0.000000    0.097335    0.000000    0.000000    -0.016627    0.000000    0.000000  
46.914691    0.025752    0.000000    0.000000    0.097168    0.000000    0.000000    -0.017015    0.000000    0.000000  
46.924692    0.026723    0.000000    0.000000    0.096999    0.000000    0.000000    -0.017362    0.000000    0.000000  
46.934693    0.027692    0.000000    0.000000    0.096827    0.000000    0.000000    -0.017683    0.000000    0.000000  
46.944694    0.028659    0.000000    0.000000    0.096652    0.000000    0.000000    -0.017992    0.000000    0.000000  
46.954695    0.029624    0.000000    0.000000    0.096474    0.000000    0.000000    -0.018306    0.000000    0.000000  
46.964696    0.030588    0.000000    0.000000    0.096291    0.000000    0.000000    -0.018637    0.000000    0.000000  
46.974697    0.031550    0.000000    0.000000    0.096104    0.000000    0.000000    -0.019002    0.000000    0.000000  
46.984698    0.032510    0.000000    0.000000    0.095913    0.000000    0.000000    -0.019414    0.000000    0.000000  
46.994699    0.033468    0.000000    0.000000    0.095717    0.000000    0.000000    -0.019889    0.000000    0.000000  
47.004700    0.034424    0.000000    0.000000    0.095515    0.000000    0.000000    -0.020441    0.000000    0.000000  
47.014701    0.035378    0.000000    0.000000    0.095308    0.000000    0.000000    -0.021072    0.000000    0.000000  
47.024702    0.036331    0.000000    0.000000    0.095094    0.000000    0.000000    -0.021769    0.000000    0.000000  
47.034703    0.037281    0.000000    0.000000    0.094875    0.000000    0.000000    -0.022520    0.000000    0.000000  
47.044704    0.038229    0.000000    0.000000    0.094648    0.000000    0.000000    -0.023312    0.000000    0.000000  
47.054705    0.039175    0.000000    0.000000    0.094413    0.000000    0.000000    -0.024132    0.000000    0.000000  
47.064706    0.040118    0.000000    0.000000    0.094171    0.000000    0.000000    -0.024967    0.000000    0.000000  
47.074707    0.041059    0.000000    0.000000    0.093921    0.000000    0.000000    -0.025804    0.000000    0.000000  
47.084708    0.041997    0.000000    0.000000    0.093661    0.000000    0.000000    -0.026631    0.000000    0.000000  
47.094709    0.042933    0.000000    0.000000    0.093393    0.000000    0.000000    -0.027435    0.000000    0.000000  
47.104710    0.043865    0.000000    0.000000    0.093114    0.000000    0.000000    -0.028203    0.000000    0.000000  
47.114711    0.044795    0.000000    0.000000    0.092827    0.000000    0.000000    -0.028930    0.000000    0.000000  
47.124712    0.045722    0.000000    0.000000    0.092530    0.000000    0.000000    -0.029616    0.000000    0.000000  
47.134713    0.046645    0.000000    0.000000    0.092226    0.000000    0.000000    -0.030264    0.000000    0.000000  
47.144714    0.047566    0.000000    0.000000    0.091915    0.000000    0.000000    -0.030875    0.000000    0.000000  
47.154715    0.048484    0.000000    0.000000    0.091597    0.000000    0.000000    -0.031450    0.000000    0.000000  
47.164716    0.049398    0.000000    0.000000    0.091274    0.000000    0.000000    -0.031992    0.000000    0.000000  
47.174717    0.050309    0.000000    0.000000    0.090947    0.000000    0.000000    -0.032502    0.000000    0.000000  
47.184718    0.051217    0.000000    0.000000    0.090615    0.000000    0.000000    -0.032981    0.000000    0.000000  
47.194719    0.052122    0.000000    0.000000    0.090281    0.000000    0.000000    -0.033432    0.000000    0.000000  
47.204720    0.053023    0.000000    0.000000    0.089944    0.000000    0.000000    -0.033857    0.000000    0.000000  
47.214721    0.053921    0.000000    0.000000    0.089606    0.000000    0.000000    -0.034259    0.000000    0.000000  
47.224722    0.054815    0.000000    0.000000    0.089265    0.000000    0.000000    -0.034646    0.000000    0.000000  
47.234723    0.055706    0.000000    0.000000    0.088921    0.000000    0.000000    -0.035027    0.000000    0.000000  
47.244724    0.056593    0.000000    0.000000    0.088573    0.000000    0.000000    -0.035408    0.000000    0.000000  
47.254725    0.057477    0.000000    0.000000    0.088222    0.000000    0.000000    -0.035797    0.000000    0.000000  
47.264726    0.058358    0.000000    0.000000    0.087866    0.000000    0.000000    -0.036203    0.000000    0.000000  
47.274727    0.059234    0.000000    0.000000    0.087505    0.000000    0.000000    -0.036633    0.000000    0.000000  
47.284728    0.060108    0.000000    0.000000    0.087139    0.000000    0.000000    -0.037094    0.000000    0.000000  
47.294729    0.060977    0.000000    0.000000    0.086767    0.000000    0.000000    -0.037594    0.000000    0.000000  
47.304730    0.061843    0.000000    0.000000    0.086388    0.000000    0.000000    -0.038141    0.000000    0.000000  
47.314731    0.062705    0.000000    0.000000    0.086003    0.000000    0.000000    -0.038734    0.000000    0.000000  
47.324732    0.063564    0.000000    0.000000    0.085611    0.000000    0.000000    -0.039365    0.000000    0.000000  
47.334733    0.064418    0.000000    0.000000    0.085212    0.000000    0.000000    -0.040026    0.000000    0.000000  
47.344734    0.065268    0.000000    0.000000    0.084807    0.000000    0.000000    -0.040707    0.000000    0.000000  
47.354735    0.066115    0.000000    0.000000    0.084395    0.000000    0.000000    -0.041400    0.000000    0.000000  
47.364736    0.066957    0.000000    0.000000    0.083977    0.000000    0.000000    -0.042096    0.000000    0.000000  
47.374737    0.067795    0.000000    0.000000    0.083552    0.000000    0.000000    -0.042786    0.000000    0.000000  
47.384738    0.068629    0.000000    0.000000    0.083120    0.000000    0.000000    -0.043461    0.000000    0.000000  
47.394739    0.069458    0.000000    0.000000    0.082683    0.000000    0.000000    -0.044113    0.000000    0.000000  
47.404740    0.070283    0.000000    0.000000    0.082238    0.000000    0.000000    -0.044734    0.000000    0.000000  
47.414741    0.071103    0.000000    0.000000    0.081788    0.000000    0.000000    -0.045320    0.000000    0.000000  
47.424742    0.071918    0.000000    0.000000    0.081331    0.000000    0.000000    -0.045875    0.000000    0.000000  
47.434743    0.072729    0.000000    0.000000    0.080869    0.000000    0.000000    -0.046403    0.000000    0.000000  
47.444744    0.073535    0.000000    0.000000    0.080401    0.000000    0.000000    -0.046908    0.000000    0.000000  
47.454745    0.074337    0.000000    0.000000    0.079928    0.000000    0.000000    -0.047394    0.000000    0.000000  
47.464746    0.075133    0.000000    0.000000    0.079450    0.000000    0.000000    -0.047866    0.000000    0.000000  
47.474747    0.075925    0.000000    0.000000    0.078968    0.000000    0.000000    -0.048326    0.000000    0.000000  
47.484748    0.076713    0.000000    0.000000    0.078481    0.000000    0.000000    -0.048780    0.000000    0.000000  
47.494749    0.077495    0.000000    0.000000    0.077990    0.000000    0.000000    -0.049231    0.000000    0.000000  
47.504750    0.078273    0.000000    0.000000    0.077495    0.000000    0.000000    -0.049683    0.000000    0.000000  
47.514751    0.079045    0.000000    0.000000    0.076997    0.000000    0.000000    -0.050137    0.000000    0.000000  
47.524752    0.079813    0.000000    0.000000    0.076495    0.000000    0.000000    -0.050592    0.000000    0.000000  
47.534753    0.080575    0.000000    0.000000    0.075988    0.000000    0.000000    -0.051047    0.000000    0.000000  
47.544754    0.081333    0.000000    0.000000    0.075478    0.000000    0.000000    -0.051501    0.000000    0.000000  
47.554755    0.082085    0.000000    0.000000    0.074963    0.000000    0.000000    -0.051953    0.000000    0.000000  
47.564756    0.082833    0.000000    0.000000    0.074444    0.000000    0.000000    -0.052400    0.000000    0.000000  
47.574757    0.083575    0.000000    0.000000    0.073920    0.000000    0.000000    -0.052843    0.000000    0.000000  
47.584758    0.084311    0.000000    0.000000    0.073391    0.000000    0.000000    -0.053279    0.000000    0.000000  
47.594759    0.085043    0.000000    0.000000    0.072857    0.000000    0.000000    -0.053707    0.000000    0.000000  
47.604760    0.085769    0.000000    0.000000    0.072318    0.000000    0.000000    -0.054126    0.000000    0.000000  
47.614761    0.086489    0.000000    0.000000    0.071773    0.000000    0.000000    -0.054537    0.000000    0.000000  
47.624762    0.087204    0.000000    0.000000    0.071224    0.000000    0.000000    -0.054939    0.000000    0.000000  
47.634763    0.087914    0.000000    0.000000    0.070670    0.000000    0.000000    -0.055335    0.000000    0.000000  
47.644764    0.088618    0.000000    0.000000    0.070112    0.000000    0.000000    -0.055725    0.000000    0.000000  
47.654765    0.089316    0.000000    0.000000    0.069550    0.000000    0.000000    -0.056111    0.000000    0.000000  
47.664766    0.090009    0.000000    0.000000    0.068984    0.000000    0.000000    -0.056494    0.000000    0.000000  
47.674767    0.090696    0.000000    0.000000    0.068414    0.000000    0.000000    -0.056875    0.000000    0.000000  
47.684768    0.091377    0.000000    0.000000    0.067841    0.000000    0.000000    -0.057256    0.000000    0.000000  
47.694769    0.092053    0.000000    0.000000    0.067266    0.000000    0.000000    -0.057638    0.000000    0.000000  
47.704770    0.092722    0.000000    0.000000    0.066687    0.000000    0.000000    -0.058021    0.000000    0.000000  
47.714771    0.093386    0.000000    0.000000    0.066106    0.000000    0.000000    -0.058408    0.000000    0.000000  
47.724772    0.094045    0.000000    0.000000    0.065522    0.000000    0.000000    -0.058799    0.000000    0.000000  
47.734773    0.094697    0.000000    0.000000    0.064935    0.000000    0.000000    -0.059196    0.000000    0.000000  
47.744774    0.095343    0.000000    0.000000    0.064343    0.000000    0.000000    -0.059601    0.000000    0.000000  
47.754775    0.095984    0.000000    0.000000    0.063748    0.000000    0.000000    -0.060016    0.000000    0.000000  
47.764776    0.096618    0.000000    0.000000    0.063149    0.000000    0.000000    -0.060441    0.000000    0.000000  
47.774777    0.097247    0.000000    0.000000    0.062545    0.000000    0.000000    -0.060878    0.000000    0.000000  
47.784778    0.097869    0.000000    0.000000    0.061935    0.000000    0.000000    -0.061328    0.000000    0.000000  
47.794779    0.098485    0.000000    0.000000    0.061321    0.000000    0.000000    -0.061794    0.000000    0.000000  
47.804780    0.099096    0.000000    0.000000    0.060700    0.000000    0.000000    -0.062275    0.000000    0.000000  
47.814781    0.099700    0.000000    0.000000    0.060074    0.000000    0.000000    -0.062772    0.000000    0.000000  
47.824782    0.100297    0.000000    0.000000    0.059442    0.000000    0.000000    -0.063277    0.000000    0.000000  
47.834783    0.100889    0.000000    0.000000    0.058805    0.000000    0.000000    -0.063786    0.000000    0.000000  
47.844784    0.101474    0.000000    0.000000    0.058163    0.000000    0.000000    -0.064292    0.000000    0.000000  
47.854785    0.102052    0.000000    0.000000    0.057516    0.000000    0.000000    -0.064790    0.000000    0.000000  
47.864786    0.102625    0.000000    0.000000    0.056865    0.000000    0.000000    -0.065276    0.000000    0.000000  
47.874787    0.103190    0.000000    0.000000    0.056209    0.000000    0.000000    -0.065742    0.000000    0.000000  
47.884788    0.103749    0.000000    0.000000    0.055548    0.000000    0.000000    -0.066183    0.000000    0.000000  
47.894789    0.104302    0.000000    0.000000    0.054884    0.000000    0.000000    -0.066594    0.000000    0.000000  
47.904790    0.104847    0.000000    0.000000    0.054216    0.000000    0.000000    -0.066969    0.000000    0.000000  
47.914791    0.105386    0.000000    0.000000    0.053545    0.000000    0.000000    -0.067308    0.000000    0.000000  
47.924792    0.105918    0.000000    0.000000    0.052870    0.000000    0.000000    -0.067614    0.000000    0.000000  
47.934793    0.106443    0.000000    0.000000    0.052192    0.000000    0.000000    -0.067890    0.000000    0.000000  
47.944794    0.106961    0.000000    0.000000    0.051512    0.000000    0.000000    -0.068142    0.000000    0.000000  
47.954795    0.107473    0.000000    0.000000    0.050829    0.000000    0.000000    -0.068372    0.000000    0.000000  
47.964796    0.107978    0.000000    0.000000    0.050143    0.000000    0.000000    -0.068585    0.000000    0.000000  
47.974797    0.108476    0.000000    0.000000    0.049456    0.000000    0.000000    -0.068784    0.000000    0.000000  
47.984798    0.108967    0.000000    0.000000    0.048766    0.000000    0.000000    -0.068974    0.000000    0.000000  
47.994799    0.109451    0.000000    0.000000    0.048075    0.000000    0.000000    -0.069158    0.000000    0.000000  
48.004800    0.109928    0.000000    0.000000    0.047382    0.000000    0.000000    -0.069340    0.000000    0.000000  
48.014801    0.110399    0.000000    0.000000    0.046688    0.000000    0.000000    -0.069524    0.000000    0.000000  
48.024802    0.110862    0.000000    0.000000    0.045993    0.000000    0.000000    -0.069711    0.000000    0.000000  
48.034803    0.111319    0.000000    0.000000    0.045296    0.000000    0.000000    -0.069904    0.000000    0.000000  
48.044804    0.111768    0.000000    0.000000    0.044596    0.000000    0.000000    -0.070105    0.000000    0.000000  
48.054805    0.112211    0.000000    0.000000    0.043895    0.000000    0.000000    -0.070317    0.000000    0.000000  
48.064806    0.112647    0.000000    0.000000    0.043191    0.000000    0.000000    -0.070540    0.000000    0.000000  
48.074807    0.113075    0.000000    0.000000    0.042485    0.000000    0.000000    -0.070779    0.000000    0.000000  
48.084808    0.113497    0.000000    0.000000    0.041777    0.000000    0.000000    -0.071033    0.000000    0.000000  
48.094809    0.113911    0.000000    0.000000    0.041065    0.000000    0.000000    -0.071307    0.000000    0.000000  
48.104810    0.114318    0.000000    0.000000    0.040350    0.000000    0.000000    -0.071602    0.000000    0.000000  
48.114811    0.114718    0.000000    0.000000    0.039633    0.000000    0.000000    -0.071917    0.000000    0.000000  
48.124812    0.115111    0.000000    0.000000    0.038912    0.000000    0.000000    -0.072244    0.000000    0.000000  
48.134813    0.115496    0.000000    0.000000    0.038188    0.000000    0.000000    -0.072580    0.000000    0.000000  
48.144814    0.115874    0.000000    0.000000    0.037461    0.000000    0.000000    -0.072917    0.000000    0.000000  
48.154815    0.116245    0.000000    0.000000    0.036731    0.000000    0.000000    -0.073249    0.000000    0.000000  
48.164816    0.116609    0.000000    0.000000    0.035998    0.000000    0.000000    -0.073571    0.000000    0.000000  
48.174817    0.116965    0.000000    0.000000    0.035262    0.000000    0.000000    -0.073877    0.000000    0.000000  
48.184818    0.117314    0.000000    0.000000    0.034522    0.000000    0.000000    -0.074161    0.000000    0.000000  
48.194819    0.117656    0.000000    0.000000    0.033780    0.000000    0.000000    -0.074417    0.000000    0.000000  
48.204820    0.117990    0.000000    0.000000    0.033035    0.000000    0.000000    -0.074638    0.000000    0.000000  
48.214821    0.118316    0.000000    0.000000    0.032286    0.000000    0.000000    -0.074826    0.000000    0.000000  
48.224822    0.118636    0.000000    0.000000    0.031536    0.000000    0.000000    -0.074987    0.000000    0.000000  
48.234823    0.118947    0.000000    0.000000    0.030782    0.000000    0.000000    -0.075128    0.000000    0.000000  
48.244824    0.119251    0.000000    0.000000    0.030027    0.000000    0.000000    -0.075257    0.000000    0.000000  
48.254825    0.119548    0.000000    0.000000    0.029271    0.000000    0.000000    -0.075379    0.000000    0.000000  
48.264826    0.119837    0.000000    0.000000    0.028512    0.000000    0.000000    -0.075501    0.000000    0.000000  
48.274827    0.120119    0.000000    0.000000    0.027753    0.000000    0.000000    -0.075632    0.000000    0.000000  
48.284828    0.120393    0.000000    0.000000    0.026993    0.000000    0.000000    -0.075778    0.000000    0.000000  
48.294829    0.120659    0.000000    0.000000    0.026233    0.000000    0.000000    -0.075945    0.000000    0.000000  
48.304830    0.120917    0.000000    0.000000    0.025472    0.000000    0.000000    -0.076140    0.000000    0.000000  
48.314831    0.121168    0.000000    0.000000    0.024712    0.000000    0.000000    -0.076363    0.000000    0.000000  
48.324832    0.121411    0.000000    0.000000    0.023951    0.000000    0.000000    -0.076604    0.000000    0.000000  
48.334833    0.121647    0.000000    0.000000    0.023188    0.000000    0.000000    -0.076852    0.000000    0.000000  
48.344834    0.121875    0.000000    0.000000    0.022425    0.000000    0.000000    -0.077098    0.000000    0.000000  
48.354835    0.122095    0.000000    0.000000    0.021660    0.000000    0.000000    -0.077333    0.000000    0.000000  
48.364836    0.122307    0.000000    0.000000    0.020892    0.000000    0.000000    -0.077546    0.000000    0.000000  
48.374837    0.122512    0.000000    0.000000    0.020122    0.000000    0.000000    -0.077728    0.000000    0.000000  
48.384838    0.122709    0.000000    0.000000    0.019350    0.000000    0.000000    -0.077868    0.000000    0.000000  
48.394839    0.122899    0.000000    0.000000    0.018573    0.000000    0.000000    -0.077957    0.000000    0.000000  
48.404840    0.123081    0.000000    0.000000    0.017794    0.000000    0.000000    -0.077986    0.000000    0.000000  
48.414841    0.123255    0.000000    0.000000    0.017011    0.000000    0.000000    -0.077953    0.000000    0.000000  
48.424842    0.123421    0.000000    0.000000    0.016225    0.000000    0.000000    -0.077865    0.000000    0.000000  
48.434843    0.123580    0.000000    0.000000    0.015439    0.000000    0.000000    -0.077729    0.000000    0.000000  
48.444844    0.123731    0.000000    0.000000    0.014652    0.000000    0.000000    -0.077555    0.000000    0.000000  
48.454845    0.123874    0.000000    0.000000    0.013867    0.000000    0.000000    -0.077348    0.000000    0.000000  
48.464846    0.124010    0.000000    0.000000    0.013084    0.000000    0.000000    -0.077116    0.000000    0.000000  
48.474847    0.124137    0.000000    0.000000    0.012305    0.000000    0.000000    -0.076868    0.000000    0.000000  
48.484848    0.124257    0.000000    0.000000    0.011530    0.000000    0.000000    -0.076610    0.000000    0.000000  
48.494849    0.124369    0.000000    0.000000    0.010761    0.000000    0.000000    -0.076351    0.000000    0.000000  
48.504850    0.124473    0.000000    0.000000    0.009998    0.000000    0.000000    -0.076097    0.000000    0.000000  
48.514851    0.124568    0.000000    0.000000    0.009242    0.000000    0.000000    -0.075861    0.000000    0.000000  
48.524852    0.124656    0.000000    0.000000    0.008492    0.000000    0.000000    -0.075656    0.000000    0.000000  
48.534853    0.124737    0.000000    0.000000    0.007745    0.000000    0.000000    -0.075499    0.000000    0.000000  
48.544854    0.124809    0.000000    0.000000    0.006999    0.000000    0.000000    -0.075403    0.000000    0.000000  
48.554855    0.124875    0.000000    0.000000    0.006254    0.000000    0.000000    -0.075385    0.000000    0.000000  
48.564856    0.124932    0.000000    0.000000    0.005508    0.000000    0.000000    -0.075460    0.000000    0.000000  
48.574857    0.124982    0.000000    0.000000    0.004760    0.000000    0.000000    -0.075641    0.000000    0.000000  
48.584858    0.125025    0.000000    0.000000    0.004006    0.000000    0.000000    -0.075945    0.000000    0.000000  
48.594859    0.125061    0.000000    0.000000    0.003247    0.000000    0.000000    -0.076387    0.000000    0.000000  
48.604860    0.125090    0.000000    0.000000    0.002480    0.000000    0.000000    -0.076980    0.000000    0.000000  
48.614861    0.125111    0.000000    0.000000    0.001705    0.000000    0.000000    -0.077714    0.000000    0.000000  
48.624862    0.125125    0.000000    0.000000    0.000922    0.000000    0.000000    -0.078551    0.000000    0.000000  
48.634863    0.125132    0.000000    0.000000    0.000131    0.000000    0.000000    -0.079455    0.000000    0.000000  
48.644864    0.125131    0.000000    0.000000    -0.000668    0.000000    0.000000    -0.080386    0.000000    0.000000  
48.654865    0.125122    0.000000    0.000000    -0.001474    0.000000    0.000000    -0.081307    0.000000    0.000000  
48.664866    0.125104    0.000000    0.000000    -0.002289    0.000000    0.000000    -0.082180    0.000000    0.000000  
48.674867    0.125078    0.000000    0.000000    -0.003110    0.000000    0.000000    -0.082967    0.000000    0.000000  
48.684868    0.125044    0.000000    0.000000    -0.003939    0.000000    0.000000    -0.083630    0.000000    0.000000  
48.694869    0.125001    0.000000    0.000000    -0.004775    0.000000    0.000000    -0.084130    0.000000    0.000000  
48.704870    0.124949    0.000000    0.000000    -0.005618    0.000000    0.000000    -0.084431    0.000000    0.000000  
48.714871    0.124888    0.000000    0.000000    -0.006467    0.000000    0.000000    -0.084525    0.000000    0.000000  
48.724872    0.124819    0.000000    0.000000    -0.007320    0.000000    0.000000    -0.084432    0.000000    0.000000  
48.734873    0.124740    0.000000    0.000000    -0.008173    0.000000    0.000000    -0.084175    0.000000    0.000000  
48.744874    0.124653    0.000000    0.000000    -0.009026    0.000000    0.000000    -0.083775    0.000000    0.000000  
48.754875    0.124557    0.000000    0.000000    -0.009876    0.000000    0.000000    -0.083254    0.000000    0.000000  
48.764876    0.124453    0.000000    0.000000    -0.010720    0.000000    0.000000    -0.082635    0.000000    0.000000  
48.774877    0.124341    0.000000    0.000000    -0.011557    0.000000    0.000000    -0.081940    0.000000    0.000000  
48.784878    0.124221    0.000000    0.000000    -0.012384    0.000000    0.000000    -0.081191    0.000000    0.000000  
48.794879    0.124093    0.000000    0.000000    -0.013198    0.000000    0.000000    -0.080410    0.000000    0.000000  
48.804880    0.123957    0.000000    0.000000    -0.013999    0.000000    0.000000    -0.079619    0.000000    0.000000  
48.814881    0.123813    0.000000    0.000000    -0.014785    0.000000    0.000000    -0.078836    0.000000    0.000000  
48.824882    0.123661    0.000000    0.000000    -0.015558    0.000000    0.000000    -0.078075    0.000000    0.000000  
48.834883    0.123502    0.000000    0.000000    -0.016321    0.000000    0.000000    -0.077349    0.000000    0.000000  
48.844884    0.123336    0.000000    0.000000    -0.017075    0.000000    0.000000    -0.076673    0.000000    0.000000  
48.854885    0.123161    0.000000    0.000000    -0.017822    0.000000    0.000000    -0.076059    0.000000    0.000000  
48.864886    0.122979    0.000000    0.000000    -0.018565    0.000000    0.000000    -0.075522    0.000000    0.000000  
48.874887    0.122790    0.000000    0.000000    -0.019305    0.000000    0.000000    -0.075075    0.000000    0.000000  
48.884888    0.122593    0.000000    0.000000    -0.020045    0.000000    0.000000    -0.074732    0.000000    0.000000  
48.894889    0.122389    0.000000    0.000000    -0.020786    0.000000    0.000000    -0.074507    0.000000    0.000000  
48.904890    0.122178    0.000000    0.000000    -0.021531    0.000000    0.000000    -0.074412    0.000000    0.000000  
48.914891    0.121959    0.000000    0.000000    -0.022279    0.000000    0.000000    -0.074442    0.000000    0.000000  
48.924892    0.121732    0.000000    0.000000    -0.023031    0.000000    0.000000    -0.074572    0.000000    0.000000  
48.934893    0.121498    0.000000    0.000000    -0.023787    0.000000    0.000000    -0.074777    0.000000    0.000000  
48.944894    0.121257    0.000000    0.000000    -0.024544    0.000000    0.000000    -0.075031    0.000000    0.000000  
48.954895    0.121008    0.000000    0.000000    -0.025304    0.000000    0.000000    -0.075309    0.000000    0.000000  
48.964896    0.120751    0.000000    0.000000    -0.026066    0.000000    0.000000    -0.075586    0.000000    0.000000  
48.974897    0.120487    0.000000    0.000000    -0.026828    0.000000    0.000000    -0.075835    0.000000    0.000000  
48.984898    0.120215    0.000000    0.000000    -0.027590    0.000000    0.000000    -0.076032    0.000000    0.000000  
48.994899    0.119936    0.000000    0.000000    -0.028353    0.000000    0.000000    -0.076150    0.000000    0.000000  
49.004900    0.119648    0.000000    0.000000    -0.029115    0.000000    0.000000    -0.076166    0.000000    0.000000  
49.014901    0.119353    0.000000    0.000000    -0.029875    0.000000    0.000000    -0.076074    0.000000    0.000000  
49.024902    0.119050    0.000000    0.000000    -0.030634    0.000000    0.000000    -0.075888    0.000000    0.000000  
49.034903    0.118740    0.000000    0.000000    -0.031391    0.000000    0.000000    -0.075625    0.000000    0.000000  
49.044904    0.118422    0.000000    0.000000    -0.032146    0.000000    0.000000    -0.075299    0.000000    0.000000  
49.054905    0.118096    0.000000    0.000000    -0.032898    0.000000    0.000000    -0.074927    0.000000    0.000000  
49.064906    0.117763    0.000000    0.000000    -0.033646    0.000000    0.000000    -0.074524    0.000000    0.000000  
49.074907    0.117423    0.000000    0.000000    -0.034391    0.000000    0.000000    -0.074105    0.000000    0.000000  
49.084908    0.117075    0.000000    0.000000    -0.035131    0.000000    0.000000    -0.073687    0.000000    0.000000  
49.094909    0.116720    0.000000    0.000000    -0.035867    0.000000    0.000000    -0.073284    0.000000    0.000000  
49.104910    0.116357    0.000000    0.000000    -0.036598    0.000000    0.000000    -0.072912    0.000000    0.000000  
49.114911    0.115988    0.000000    0.000000    -0.037324    0.000000    0.000000    -0.072576    0.000000    0.000000  
49.124912    0.115611    0.000000    0.000000    -0.038046    0.000000    0.000000    -0.072274    0.000000    0.000000  
49.134913    0.115227    0.000000    0.000000    -0.038764    0.000000    0.000000    -0.072001    0.000000    0.000000  
49.144914    0.114836    0.000000    0.000000    -0.039479    0.000000    0.000000    -0.071753    0.000000    0.000000  
49.154915    0.114438    0.000000    0.000000    -0.040191    0.000000    0.000000    -0.071526    0.000000    0.000000  
49.164916    0.114032    0.000000    0.000000    -0.040900    0.000000    0.000000    -0.071315    0.000000    0.000000  
49.174917    0.113620    0.000000    0.000000    -0.041608    0.000000    0.000000    -0.071117    0.000000    0.000000  
49.184918    0.113200    0.000000    0.000000    -0.042315    0.000000    0.000000    -0.070928    0.000000    0.000000  
49.194919    0.112774    0.000000    0.000000    -0.043022    0.000000    0.000000    -0.070744    0.000000    0.000000  
49.204920    0.112340    0.000000    0.000000    -0.043729    0.000000    0.000000    -0.070559    0.000000    0.000000  
49.214921    0.111899    0.000000    0.000000    -0.044435    0.000000    0.000000    -0.070373    0.000000    0.000000  
49.224922    0.111451    0.000000    0.000000    -0.045141    0.000000    0.000000    -0.070181    0.000000    0.000000  
49.234923    0.110996    0.000000    0.000000    -0.045847    0.000000    0.000000    -0.069982    0.000000    0.000000  
49.244924    0.110534    0.000000    0.000000    -0.046550    0.000000    0.000000    -0.069774    0.000000    0.000000  
49.254925    0.110065    0.000000    0.000000    -0.047252    0.000000    0.000000    -0.069555    0.000000    0.000000  
49.264926    0.109589    0.000000    0.000000    -0.047951    0.000000    0.000000    -0.069322    0.000000    0.000000  
49.274927    0.109106    0.000000    0.000000    -0.048647    0.000000    0.000000    -0.069073    0.000000    0.000000  
49.284928    0.108616    0.000000    0.000000    -0.049340    0.000000    0.000000    -0.068806    0.000000    0.000000  
49.294929    0.108119    0.000000    0.000000    -0.050028    0.000000    0.000000    -0.068519    0.000000    0.000000  
49.304930    0.107616    0.000000    0.000000    -0.050712    0.000000    0.000000    -0.068210    0.000000    0.000000  
49.314931    0.107105    0.000000    0.000000    -0.051391    0.000000    0.000000    -0.067880    0.000000    0.000000  
49.324932    0.106588    0.000000    0.000000    -0.052065    0.000000    0.000000    -0.067531    0.000000    0.000000  
49.334933    0.106063    0.000000    0.000000    -0.052735    0.000000    0.000000    -0.067169    0.000000    0.000000  
49.344934    0.105532    0.000000    0.000000    -0.053402    0.000000    0.000000    -0.066795    0.000000    0.000000  
49.354935    0.104995    0.000000    0.000000    -0.054064    0.000000    0.000000    -0.066415    0.000000    0.000000  
49.364936    0.104450    0.000000    0.000000    -0.054723    0.000000    0.000000    -0.066032    0.000000    0.000000  
49.374937    0.103900    0.000000    0.000000    -0.055378    0.000000    0.000000    -0.065649    0.000000    0.000000  
49.384938    0.103342    0.000000    0.000000    -0.056031    0.000000    0.000000    -0.065270    0.000000    0.000000  
49.394939    0.102779    0.000000    0.000000    -0.056681    0.000000    0.000000    -0.064899    0.000000    0.000000  
49.404940    0.102209    0.000000    0.000000    -0.057328    0.000000    0.000000    -0.064539    0.000000    0.000000  
49.414941    0.101632    0.000000    0.000000    -0.057973    0.000000    0.000000    -0.064189    0.000000    0.000000  
49.424942    0.101049    0.000000    0.000000    -0.058614    0.000000    0.000000    -0.063846    0.000000    0.000000  
49.434943    0.100460    0.000000    0.000000    -0.059253    0.000000    0.000000    -0.063503    0.000000    0.000000  
49.444944    0.099865    0.000000    0.000000    -0.059889    0.000000    0.000000    -0.063155    0.000000    0.000000  
49.454945    0.099263    0.000000    0.000000    -0.060520    0.000000    0.000000    -0.062798    0.000000    0.000000  
49.464946    0.098655    0.000000    0.000000    -0.061148    0.000000    0.000000    -0.062426    0.000000    0.000000  
49.474947    0.098041    0.000000    0.000000    -0.061772    0.000000    0.000000    -0.062035    0.000000    0.000000  
49.484948    0.097420    0.000000    0.000000    -0.062391    0.000000    0.000000    -0.061618    0.000000    0.000000  
49.494949    0.096793    0.000000    0.000000    -0.063005    0.000000    0.000000    -0.061172    0.000000    0.000000  
49.504950    0.096160    0.000000    0.000000    -0.063615    0.000000    0.000000    -0.060690    0.000000    0.000000  
49.514951    0.095521    0.000000    0.000000    -0.064219    0.000000    0.000000    -0.060176    0.000000    0.000000  
49.524952    0.094875    0.000000    0.000000    -0.064818    0.000000    0.000000    -0.059636    0.000000    0.000000  
49.534953    0.094223    0.000000    0.000000    -0.065412    0.000000    0.000000    -0.059078    0.000000    0.000000  
49.544954    0.093566    0.000000    0.000000    -0.066000    0.000000    0.000000    -0.058511    0.000000    0.000000  
49.554955    0.092903    0.000000    0.000000    -0.066584    0.000000    0.000000    -0.057943    0.000000    0.000000  
49.564956    0.092233    0.000000    0.000000    -0.067161    0.000000    0.000000    -0.057382    0.000000    0.000000  
49.574957    0.091558    0.000000    0.000000    -0.067734    0.000000    0.000000    -0.056836    0.000000    0.000000  
49.584958    0.090878    0.000000    0.000000    -0.068301    0.000000    0.000000    -0.056314    0.000000    0.000000  
49.594959    0.090192    0.000000    0.000000    -0.068862    0.000000    0.000000    -0.055822    0.000000    0.000000  
49.604960    0.089500    0.000000    0.000000    -0.069418    0.000000    0.000000    -0.055370    0.000000    0.000000  
49.614961    0.088804    0.000000    0.000000    -0.069969    0.000000    0.000000    -0.054958    0.000000    0.000000  
49.624962    0.088101    0.000000    0.000000    -0.070515    0.000000    0.000000    -0.054582    0.000000    0.000000  
49.634963    0.087394    0.000000    0.000000    -0.071056    0.000000    0.000000    -0.054236    0.000000    0.000000  
49.644964    0.086681    0.000000    0.000000    -0.071594    0.000000    0.000000    -0.053915    0.000000    0.000000  
49.654965    0.085962    0.000000    0.000000    -0.072128    0.000000    0.000000    -0.053614    0.000000    0.000000  
49.664966    0.085239    0.000000    0.000000    -0.072659    0.000000    0.000000    -0.053327    0.000000    0.000000  
49.674967    0.084509    0.000000    0.000000    -0.073187    0.000000    0.000000    -0.053048    0.000000    0.000000  
49.684968    0.083775    0.000000    0.000000    -0.073714    0.000000    0.000000    -0.052774    0.000000    0.000000  
49.694969    0.083035    0.000000    0.000000    -0.074238    0.000000    0.000000    -0.052497    0.000000    0.000000  
49.704970    0.082290    0.000000    0.000000    -0.074762    0.000000    0.000000    -0.052214    0.000000    0.000000  
49.714971    0.081540    0.000000    0.000000    -0.075284    0.000000    0.000000    -0.051919    0.000000    0.000000  
49.724972    0.080784    0.000000    0.000000    -0.075805    0.000000    0.000000    -0.051608    0.000000    0.000000  
49.734973    0.080023    0.000000    0.000000    -0.076323    0.000000    0.000000    -0.051278    0.000000    0.000000  
49.744974    0.079257    0.000000    0.000000    -0.076838    0.000000    0.000000    -0.050924    0.000000    0.000000  
49.754975    0.078486    0.000000    0.000000    -0.077349    0.000000    0.000000    -0.050544    0.000000    0.000000  
49.764976    0.077710    0.000000    0.000000    -0.077856    0.000000    0.000000    -0.050132    0.000000    0.000000  
49.774977    0.076929    0.000000    0.000000    -0.078359    0.000000    0.000000    -0.049685    0.000000    0.000000  
49.784978    0.076143    0.000000    0.000000    -0.078855    0.000000    0.000000    -0.049200    0.000000    0.000000  
49.794979    0.075352    0.000000    0.000000    -0.079346    0.000000    0.000000    -0.048672    0.000000    0.000000  
49.804980    0.074556    0.000000    0.000000    -0.079830    0.000000    0.000000    -0.048098    0.000000    0.000000  
49.814981    0.073755    0.000000    0.000000    -0.080307    0.000000    0.000000    -0.047480    0.000000    0.000000  
49.824982    0.072949    0.000000    0.000000    -0.080777    0.000000    0.000000    -0.046826    0.000000    0.000000  
49.834983    0.072139    0.000000    0.000000    -0.081240    0.000000    0.000000    -0.046144    0.000000    0.000000  
49.844984    0.071324    0.000000    0.000000    -0.081696    0.000000    0.000000    -0.045442    0.000000    0.000000  
49.854985    0.070505    0.000000    0.000000    -0.082146    0.000000    0.000000    -0.044729    0.000000    0.000000  
49.864986    0.069681    0.000000    0.000000    -0.082589    0.000000    0.000000    -0.044013    0.000000    0.000000  
49.874987    0.068853    0.000000    0.000000    -0.083025    0.000000    0.000000    -0.043302    0.000000    0.000000  
49.884988    0.068020    0.000000    0.000000    -0.083454    0.000000    0.000000    -0.042605    0.000000    0.000000  
49.894989    0.067184    0.000000    0.000000    -0.083877    0.000000    0.000000    -0.041929    0.000000    0.000000  
49.904990    0.066343    0.000000    0.000000    -0.084293    0.000000    0.000000    -0.041282    0.000000    0.000000  
49.914991    0.065498    0.000000    0.000000    -0.084702    0.000000    0.000000    -0.040668    0.000000    0.000000  
49.924992    0.064649    0.000000    0.000000    -0.085106    0.000000    0.000000    -0.040083    0.000000    0.000000  
49.934993    0.063796    0.000000    0.000000    -0.085503    0.000000    0.000000    -0.039524    0.000000    0.000000  
49.944994    0.062938    0.000000    0.000000    -0.085895    0.000000    0.000000    -0.038987    0.000000    0.000000  
49.954995    0.062078    0.000000    0.000000    -0.086281    0.000000    0.000000    -0.038470    0.000000    0.000000  
49.964996    0.061213    0.000000    0.000000    -0.086662    0.000000    0.000000    -0.037968    0.000000    0.000000  
49.974997    0.060344    0.000000    0.000000    -0.087039    0.000000    0.000000    -0.037479    0.000000    0.000000  
49.984998    0.059472    0.000000    0.000000    -0.087410    0.000000    0.000000    -0.036999    0.000000    0.000000  
49.994999    0.058596    0.000000    0.000000    -0.087777    0.000000    0.000000    -0.036526    0.000000    0.000000  
