solid Created by Gmsh
facet normal -3.67717e-18 -3.60849e-15 1
  outer loop
    vertex 9.254087554400751 0.4820631594336191 0.7300000000000084
    vertex 9.306977938984796 1.251182562229977 0.7300000000000112
    vertex 8.459739122196002 0.975143538114568 0.7300000000000102
  endloop
endfacet
facet normal -1.05253e-16 -3.77213e-15 1
  outer loop
    vertex 8.459739122196002 0.975143538114568 0.7300000000000102
    vertex 8.607481342230187 0.2352150343880841 0.7300000000000074
    vertex 9.254087554400751 0.4820631594336191 0.7300000000000084
  endloop
endfacet
facet normal 2.0064e-17 -3.74385e-15 1
  outer loop
    vertex -6.389910255274156 -1.094641061193721 0.7300000000000023
    vertex -6.134734318699739 -1.804984359931225 0.7299999999999996
    vertex -5.418495656924273 -1.119089673137523 0.7300000000000022
  endloop
endfacet
facet normal 8.33622e-17 -3.80994e-15 1
  outer loop
    vertex -6.134734318699739 -1.804984359931225 0.7299999999999996
    vertex -5.393979328458133 -1.934477239316259 0.7299999999999991
    vertex -5.418495656924273 -1.119089673137523 0.7300000000000022
  endloop
endfacet
facet normal 1.06468e-16 -3.85986e-15 1
  outer loop
    vertex 4.443339201147642 -1.094503752750347 0.7300000000000024
    vertex 4.698576532971774 -1.806545206618819 0.7299999999999996
    vertex 5.41478666334968 -1.125234582611361 0.7300000000000022
  endloop
endfacet
facet normal -4.69498e-17 -3.69859e-15 1
  outer loop
    vertex 4.698576532971774 -1.806545206618819 0.7299999999999996
    vertex 5.439339305930959 -1.936018390548546 0.7299999999999992
    vertex 5.41478666334968 -1.125234582611361 0.7300000000000022
  endloop
endfacet
facet normal -1.23267e-14 -1.20386e-15 1
  outer loop
    vertex -10 0.8299999999999471 0.730000000000001
    vertex -9.228415872305941 1.137277675115379 0.7300000000000109
    vertex -10 1.659999999999899 0.730000000000002
  endloop
endfacet
facet normal 1.57545e-17 -3.72717e-15 1
  outer loop
    vertex -7.917739743616295 -1.116519302689496 0.7300000000000022
    vertex -7.904571215705567 -1.920719800526305 0.7299999999999992
    vertex -7.083333333333329 -1.768312163512829 0.7299999999999998
  endloop
endfacet
facet normal -2.83728e-17 -3.78366e-15 1
  outer loop
    vertex -7.083333333333329 -1.768312163512829 0.7299999999999998
    vertex -7.116549600043854 -0.946472008459684 0.7300000000000029
    vertex -7.917739743616295 -1.116519302689496 0.7300000000000022
  endloop
endfacet
facet normal -1.54703e-17 -3.72768e-15 1
  outer loop
    vertex -8.688449668244882 -1.738767536429477 0.7299999999999999
    vertex -7.904571215705567 -1.920719800526305 0.7299999999999992
    vertex -7.917739743616295 -1.116519302689496 0.7300000000000022
  endloop
endfacet
facet normal -4.00148e-17 -3.81365e-15 1
  outer loop
    vertex -5.418495656924273 -1.119089673137523 0.7300000000000022
    vertex -5.393979328458133 -1.934477239316259 0.7299999999999991
    vertex -4.583333333333332 -1.768312163512829 0.7299999999999998
  endloop
endfacet
facet normal 6.53239e-17 -3.67815e-15 1
  outer loop
    vertex -4.583333333333332 -1.768312163512829 0.7299999999999998
    vertex -4.584639929980332 -0.9533588061394656 0.7300000000000028
    vertex -5.418495656924273 -1.119089673137523 0.7300000000000022
  endloop
endfacet
facet normal -6.44464e-17 -3.85093e-15 1
  outer loop
    vertex -3.751866474697128 -1.120074873085585 0.7300000000000022
    vertex -3.750373294939425 -1.927339840022192 0.7299999999999991
    vertex -2.916666666666667 -1.768312163512829 0.7299999999999998
  endloop
endfacet
facet normal -3.52869e-17 -3.81336e-15 1
  outer loop
    vertex -2.916666666666667 -1.768312163512829 0.7299999999999998
    vertex -2.917995328632324 -0.9531068704631572 0.7300000000000029
    vertex -3.751866474697128 -1.120074873085585 0.7300000000000022
  endloop
endfacet
facet normal -6.28749e-17 -3.85456e-15 1
  outer loop
    vertex -2.085209316878201 -1.121025577217398 0.7300000000000022
    vertex -2.083708530042307 -1.927529980848556 0.7299999999999991
    vertex -1.249999999999998 -1.768312163512829 0.7299999999999998
  endloop
endfacet
facet normal -3.3283e-17 -3.81638e-15 1
  outer loop
    vertex -1.249999999999998 -1.768312163512829 0.7299999999999998
    vertex -1.251333916734852 -0.9537517050779569 0.7300000000000029
    vertex -2.085209316878201 -1.121025577217398 0.7300000000000022
  endloop
endfacet
facet normal 7.18058e-17 -3.85792e-15 1
  outer loop
    vertex -0.41854504433614 -1.121968559102707 0.7300000000000022
    vertex -0.4170423422005616 -1.927718577225618 0.7299999999999991
    vertex 0.4166666666666679 -1.768312163512829 0.7299999999999996
  endloop
endfacet
facet normal -4.08539e-18 -3.95598e-15 1
  outer loop
    vertex 0.4166666666666679 -1.768312163512829 0.7299999999999996
    vertex 0.4153314025809998 -0.9544433462077239 0.7300000000000029
    vertex -0.41854504433614 -1.121968559102707 0.7300000000000022
  endloop
endfacet
facet normal -7.41062e-18 -3.78282e-15 1
  outer loop
    vertex -6.389910255274156 -1.094641061193721 0.7300000000000023
    vertex -7.116549600043854 -0.946472008459684 0.7300000000000029
    vertex -7.083333333333329 -1.768312163512829 0.7299999999999998
  endloop
endfacet
facet normal -2.8369e-17 -3.76124e-15 1
  outer loop
    vertex -7.083333333333329 -1.768312163512829 0.7299999999999998
    vertex -6.134734318699739 -1.804984359931225 0.7299999999999996
    vertex -6.389910255274156 -1.094641061193721 0.7300000000000023
  endloop
endfacet
facet normal -8.61436e-17 -3.7239e-15 1
  outer loop
    vertex 1.248120824048383 -1.122909735403522 0.7300000000000022
    vertex 1.249624164809678 -1.92790681248578 0.7299999999999992
    vertex 2.083333333333335 -1.768312163512829 0.7299999999999999
  endloop
endfacet
facet normal -5.71545e-17 -3.68639e-15 1
  outer loop
    vertex 2.083333333333335 -1.768312163512829 0.7299999999999999
    vertex 2.081997595327979 -0.9551374217921612 0.7300000000000029
    vertex 1.248120824048383 -1.122909735403522 0.7300000000000022
  endloop
endfacet
facet normal -3.1741e-17 -4.00338e-15 1
  outer loop
    vertex 2.914787085666109 -1.123850555250204 0.7300000000000023
    vertex 2.916290750466555 -1.928094976455117 0.7299999999999991
    vertex 3.75 -1.768312163512829 0.7299999999999998
  endloop
endfacet
facet normal 1.30213e-16 -3.79349e-15 1
  outer loop
    vertex 3.75 -1.768312163512829 0.7299999999999998
    vertex 3.721041187821427 -0.9498429122585547 0.7300000000000029
    vertex 2.914787085666109 -1.123850555250204 0.7300000000000023
  endloop
endfacet
facet normal 1.91304e-17 -3.77587e-15 1
  outer loop
    vertex 7.916666666666668 -1.768312163512829 0.7299999999999998
    vertex 7.887833514573444 -0.9451711648516284 0.7300000000000029
    vertex 7.081386070780281 -1.125675690855875 0.7300000000000022
  endloop
endfacet
facet normal -6.98035e-17 -3.67836e-15 1
  outer loop
    vertex -3.751866474697128 -1.120074873085585 0.7300000000000022
    vertex -4.584639929980332 -0.9533588061394656 0.7300000000000028
    vertex -4.583333333333332 -1.768312163512829 0.7299999999999998
  endloop
endfacet
facet normal 5.14148e-17 -3.73391e-15 1
  outer loop
    vertex 7.081386070780281 -1.125675690855875 0.7300000000000022
    vertex 7.082943880822724 -1.928460003576251 0.7299999999999992
    vertex 7.916666666666668 -1.768312163512829 0.7299999999999998
  endloop
endfacet
facet normal 6.45497e-17 -3.85069e-15 1
  outer loop
    vertex -4.583333333333332 -1.768312163512829 0.7299999999999998
    vertex -3.750373294939425 -1.927339840022192 0.7299999999999991
    vertex -3.751866474697128 -1.120074873085585 0.7300000000000022
  endloop
endfacet
facet normal 7.73737e-17 -3.69764e-15 1
  outer loop
    vertex 6.25 -1.768312163512829 0.7299999999999998
    vertex 6.248628694022307 -0.9576602473227966 0.7300000000000028
    vertex 5.41478666334968 -1.125234582611361 0.7300000000000022
  endloop
endfacet
facet normal 7.95919e-17 -3.69476e-15 1
  outer loop
    vertex 5.41478666334968 -1.125234582611361 0.7300000000000022
    vertex 5.439339305930959 -1.936018390548546 0.7299999999999992
    vertex 6.25 -1.768312163512829 0.7299999999999998
  endloop
endfacet
facet normal 3.10013e-17 -3.81325e-15 1
  outer loop
    vertex -2.085209316878201 -1.121025577217398 0.7300000000000022
    vertex -2.917995328632324 -0.9531068704631572 0.7300000000000029
    vertex -2.916666666666667 -1.768312163512829 0.7299999999999998
  endloop
endfacet
facet normal 6.29763e-17 -3.85432e-15 1
  outer loop
    vertex -2.916666666666667 -1.768312163512829 0.7299999999999998
    vertex -2.083708530042307 -1.927529980848556 0.7299999999999991
    vertex -2.085209316878201 -1.121025577217398 0.7300000000000022
  endloop
endfacet
facet normal 2.90257e-17 -3.81627e-15 1
  outer loop
    vertex -0.41854504433614 -1.121968559102707 0.7300000000000022
    vertex -1.251333916734852 -0.9537517050779569 0.7300000000000029
    vertex -1.249999999999998 -1.768312163512829 0.7299999999999998
  endloop
endfacet
facet normal 6.14125e-17 -3.85794e-15 1
  outer loop
    vertex -1.249999999999998 -1.768312163512829 0.7299999999999998
    vertex -0.4170423422005616 -1.927718577225618 0.7299999999999991
    vertex -0.41854504433614 -1.121968559102707 0.7300000000000022
  endloop
endfacet
facet normal 2.04456e-17 -3.77217e-15 1
  outer loop
    vertex -7.917739743616295 -1.116519302689496 0.7300000000000022
    vertex -8.688893821458361 -0.9735393133189562 0.7300000000000028
    vertex -8.688449668244882 -1.738767536429477 0.7299999999999999
  endloop
endfacet
facet normal -3.789e-19 -3.95598e-15 1
  outer loop
    vertex 1.248120824048383 -1.122909735403522 0.7300000000000022
    vertex 0.4153314025809998 -0.9544433462077239 0.7300000000000029
    vertex 0.4166666666666679 -1.768312163512829 0.7299999999999996
  endloop
endfacet
facet normal -1.80386e-16 -3.72408e-15 1
  outer loop
    vertex 0.4166666666666679 -1.768312163512829 0.7299999999999996
    vertex 1.249624164809678 -1.92790681248578 0.7299999999999992
    vertex 1.248120824048383 -1.122909735403522 0.7300000000000022
  endloop
endfacet
facet normal -8.0257e-17 -3.68643e-15 1
  outer loop
    vertex 2.914787085666109 -1.123850555250204 0.7300000000000023
    vertex 2.081997595327979 -0.9551374217921612 0.7300000000000029
    vertex 2.083333333333335 -1.768312163512829 0.7299999999999999
  endloop
endfacet
facet normal 1.65127e-16 -4.00301e-15 1
  outer loop
    vertex 2.083333333333335 -1.768312163512829 0.7299999999999999
    vertex 2.916290750466555 -1.928094976455117 0.7299999999999991
    vertex 2.914787085666109 -1.123850555250204 0.7300000000000023
  endloop
endfacet
facet normal -1.4689e-16 -3.80329e-15 1
  outer loop
    vertex 4.443339201147642 -1.094503752750347 0.7300000000000024
    vertex 3.721041187821427 -0.9498429122585547 0.7300000000000029
    vertex 3.75 -1.768312163512829 0.7299999999999998
  endloop
endfacet
facet normal -4.06592e-17 -3.9126e-15 1
  outer loop
    vertex 3.75 -1.768312163512829 0.7299999999999998
    vertex 4.698576532971774 -1.806545206618819 0.7299999999999996
    vertex 4.443339201147642 -1.094503752750347 0.7300000000000024
  endloop
endfacet
facet normal -5.15012e-17 -3.73411e-15 1
  outer loop
    vertex 6.25 -1.768312163512829 0.7299999999999998
    vertex 7.082943880822724 -1.928460003576251 0.7299999999999992
    vertex 7.081386070780281 -1.125675690855875 0.7300000000000022
  endloop
endfacet
facet normal -7.94867e-17 -3.6979e-15 1
  outer loop
    vertex 7.081386070780281 -1.125675690855875 0.7300000000000022
    vertex 6.248628694022307 -0.9576602473227966 0.7300000000000028
    vertex 6.25 -1.768312163512829 0.7299999999999998
  endloop
endfacet
facet normal -1.64575e-14 -7.30124e-15 1
  outer loop
    vertex -9.228415872305941 1.137277675115379 0.7300000000000109
    vertex -9.389394819530139 1.880282616663315 0.7300000000000136
    vertex -10 1.659999999999899 0.730000000000002
  endloop
endfacet
facet normal -7.61605e-17 -3.73419e-15 1
  outer loop
    vertex -8.318365516802942 -0.379416775320947 0.7300000000000051
    vertex -8.729875188606027 0.3425280365187342 0.7300000000000078
    vertex -9.206425685761268 -0.391035696257144 0.730000000000005
  endloop
endfacet
facet normal 7.09115e-17 -3.83743e-15 1
  outer loop
    vertex 8.459739122196002 0.975143538114568 0.7300000000000102
    vertex 9.306977938984796 1.251182562229977 0.7300000000000112
    vertex 8.745060081251033 1.790496323488381 0.7300000000000133
  endloop
endfacet
facet normal -1.02814e-16 -3.72237e-15 1
  outer loop
    vertex 8.788068145512664 -1.822206475009864 0.7299999999999996
    vertex 8.564895122601898 -1.100224984666909 0.7300000000000023
    vertex 7.916666666666668 -1.768312163512829 0.7299999999999998
  endloop
endfacet
facet normal 9.20972e-18 -3.82043e-15 1
  outer loop
    vertex 9.158843326760291 -0.4027795784834374 0.730000000000005
    vertex 8.607481342230187 0.2352150343880841 0.7300000000000074
    vertex 8.330661126783991 -0.4047760357442982 0.730000000000005
  endloop
endfacet
facet normal 9.22864e-18 -3.82828e-15 1
  outer loop
    vertex 8.330661126783991 -0.4047760357442982 0.730000000000005
    vertex 8.564895122601898 -1.100224984666909 0.7300000000000023
    vertex 9.158843326760291 -0.4027795784834374 0.730000000000005
  endloop
endfacet
facet normal -7.42803e-17 -3.8779e-15 1
  outer loop
    vertex -9.206425685761268 -0.391035696257144 0.730000000000005
    vertex -8.688893821458361 -0.9735393133189562 0.7300000000000028
    vertex -8.318365516802942 -0.379416775320947 0.7300000000000051
  endloop
endfacet
facet normal -4.53454e-17 -3.77813e-15 1
  outer loop
    vertex 7.916666666666668 -1.768312163512829 0.7299999999999998
    vertex 8.564895122601898 -1.100224984666909 0.7300000000000023
    vertex 7.887833514573444 -0.9451711648516284 0.7300000000000029
  endloop
endfacet
facet normal -6.29936e-17 -3.88283e-15 1
  outer loop
    vertex 9.254087554400751 0.4820631594336191 0.7300000000000084
    vertex 8.607481342230187 0.2352150343880841 0.7300000000000074
    vertex 9.158843326760291 -0.4027795784834374 0.730000000000005
  endloop
endfacet
facet normal -1.23863e-16 -3.76927e-15 1
  outer loop
    vertex 8.745060081251033 1.790496323488381 0.7300000000000133
    vertex 7.936723278658718 1.758150083345109 0.7300000000000131
    vertex 8.459739122196002 0.975143538114568 0.7300000000000102
  endloop
endfacet
facet normal -9.56047e-18 -3.69292e-15 1
  outer loop
    vertex 8.459739122196002 0.975143538114568 0.7300000000000102
    vertex 7.936723278658718 1.758150083345109 0.7300000000000131
    vertex 7.499082202473919 1.037757667439431 0.7300000000000104
  endloop
endfacet
facet normal 2.27079e-16 -3.83668e-15 1
  outer loop
    vertex 7.499082202473919 1.037757667439431 0.7300000000000104
    vertex 7.936723278658718 1.758150083345109 0.7300000000000131
    vertex 7.083124932698023 1.765502971028575 0.7300000000000133
  endloop
endfacet
facet normal -2.25202e-17 -3.97934e-15 1
  outer loop
    vertex 7.083124932698023 1.765502971028575 0.7300000000000133
    vertex 6.666013589034435 1.042472234904714 0.7300000000000104
    vertex 7.499082202473919 1.037757667439431 0.7300000000000104
  endloop
endfacet
facet normal -1.41083e-16 -3.91094e-15 1
  outer loop
    vertex 7.083124932698023 1.765502971028575 0.7300000000000133
    vertex 6.249916393845333 1.767172470057751 0.7300000000000132
    vertex 6.666013589034435 1.042472234904714 0.7300000000000104
  endloop
endfacet
facet normal 4.49112e-18 -3.82736e-15 1
  outer loop
    vertex 6.666013589034435 1.042472234904714 0.7300000000000104
    vertex 6.249916393845333 1.767172470057751 0.7300000000000132
    vertex 5.832818319870468 1.04149454233011 0.7300000000000104
  endloop
endfacet
facet normal -0 1.41106e-14 1
  outer loop
    vertex 5 2.48999999999985 0.730000000000003
    vertex 5.416450179516014 1.766144097116944 0.7300000000000132
    vertex 5.833333333333332 2.48999999999985 0.730000000000003
  endloop
endfacet
facet normal 2.21439e-18 -3.83168e-15 1
  outer loop
    vertex 4.583202293073176 1.766164251645134 0.7300000000000132
    vertex 4.1660318946758 1.041551682903859 0.7300000000000104
    vertex 4.999430736973777 1.042033318668966 0.7300000000000104
  endloop
endfacet
facet normal 1.33227e-16 1.41725e-14 1
  outer loop
    vertex 3.333333333333332 2.48999999999985 0.730000000000003
    vertex 3.74974908014149 1.765389792306358 0.7300000000000132
    vertex 4.166666666666664 2.48999999999985 0.7300000000000029
  endloop
endfacet
facet normal -1.10139e-17 -3.8372e-15 1
  outer loop
    vertex 3.332701978784178 1.04334490185532 0.7300000000000105
    vertex 2.916488276066612 1.767867610290073 0.7300000000000133
    vertex 2.499373022265038 1.045736809556044 0.7300000000000105
  endloop
endfacet
facet normal 2.17918e-18 -3.84482e-15 1
  outer loop
    vertex 2.499373022265038 1.045736809556044 0.7300000000000105
    vertex 2.916488276066612 1.767867610290073 0.7300000000000133
    vertex 2.083095647613574 1.767395257218448 0.7300000000000133
  endloop
endfacet
facet normal 1.31236e-16 -3.92721e-15 1
  outer loop
    vertex 2.082271513681948 0.325123018994095 0.7300000000000076
    vertex 1.666011814277315 1.046233872170689 0.7300000000000105
    vertex 1.248938416993402 0.3255454399309881 0.7300000000000078
  endloop
endfacet
facet normal 1.33133e-16 -3.9246e-15 1
  outer loop
    vertex 1.249755899373991 1.768114933531391 0.7300000000000132
    vertex 0.4163851162971248 1.768133510812961 0.7300000000000133
    vertex 0.8327612676863945 1.046748308286695 0.7300000000000104
  endloop
endfacet
facet normal 4.72256e-18 -3.82749e-15 1
  outer loop
    vertex 6.249916393845333 1.767172470057751 0.7300000000000132
    vertex 5.416450179516014 1.766144097116944 0.7300000000000132
    vertex 5.832818319870468 1.04149454233011 0.7300000000000104
  endloop
endfacet
facet normal 3.56118e-18 -3.83245e-15 1
  outer loop
    vertex 4.583202293073176 1.766164251645134 0.7300000000000132
    vertex 3.74974908014149 1.765389792306358 0.7300000000000132
    vertex 4.1660318946758 1.041551682903859 0.7300000000000104
  endloop
endfacet
facet normal -1.87004e-18 -3.69981e-15 1
  outer loop
    vertex 0.4156053800639423 0.325846993731908 0.7300000000000078
    vertex -0.0006546718829589793 1.046239216860952 0.7300000000000104
    vertex -0.4177273612067669 0.3262681945160912 0.7300000000000078
  endloop
endfacet
facet normal -1.74228e-17 1.41206e-14 1
  outer loop
    vertex 5.833333333333332 2.48999999999985 0.730000000000003
    vertex 5.416450179516014 1.766144097116944 0.7300000000000132
    vertex 6.249916393845333 1.767172470057751 0.7300000000000132
  endloop
endfacet
facet normal 3.41311e-19 1.41108e-14 1
  outer loop
    vertex 4.583202293073176 1.766164251645134 0.7300000000000132
    vertex 5.416450179516014 1.766144097116944 0.7300000000000132
    vertex 5 2.48999999999985 0.730000000000003
  endloop
endfacet
facet normal -1.13702e-18 -3.84452e-15 1
  outer loop
    vertex -0.4168851307280086 1.767698606199033 0.7300000000000132
    vertex -1.250285146931933 1.767945085720543 0.7300000000000132
    vertex -0.8339549122237973 1.04587094309488 0.7300000000000104
  endloop
endfacet
facet normal -9.27124e-20 -3.833e-15 1
  outer loop
    vertex 4.999430736973777 1.042033318668966 0.7300000000000104
    vertex 5.416450179516014 1.766144097116944 0.7300000000000132
    vertex 4.583202293073176 1.766164251645134 0.7300000000000132
  endloop
endfacet
facet normal -1.32476e-17 1.42568e-14 1
  outer loop
    vertex 4.166666666666664 2.48999999999985 0.7300000000000029
    vertex 3.74974908014149 1.765389792306358 0.7300000000000132
    vertex 4.583202293073176 1.766164251645134 0.7300000000000132
  endloop
endfacet
facet normal 1.75454e-16 1.41968e-14 1
  outer loop
    vertex 3.333333333333332 2.48999999999985 0.730000000000003
    vertex 2.916488276066612 1.767867610290073 0.7300000000000133
    vertex 3.74974908014149 1.765389792306358 0.7300000000000132
  endloop
endfacet
facet normal -2.29481e-18 -3.84741e-15 1
  outer loop
    vertex 2.083095647613574 1.767395257218448 0.7300000000000133
    vertex 1.666011814277315 1.046233872170689 0.7300000000000105
    vertex 2.499373022265038 1.045736809556044 0.7300000000000105
  endloop
endfacet
facet normal 1.22055e-16 -3.76076e-15 1
  outer loop
    vertex 3.74974908014149 1.765389792306358 0.7300000000000132
    vertex 2.916488276066612 1.767867610290073 0.7300000000000133
    vertex 3.332701978784178 1.04334490185532 0.7300000000000105
  endloop
endfacet
facet normal -1.78824e-18 -3.70342e-15 1
  outer loop
    vertex -1.251059607753282 0.3265651734066226 0.7300000000000078
    vertex -1.667319821144638 1.0462451435625 0.7300000000000104
    vertex -2.084390737939133 0.3269675575993474 0.7300000000000078
  endloop
endfacet
facet normal -1.80485e-18 -3.69181e-15 1
  outer loop
    vertex -2.083551017495152 1.767855821467141 0.7300000000000132
    vertex -2.916730948017429 1.768263145820804 0.7300000000000132
    vertex -2.500618295454698 1.046317586297012 0.7300000000000105
  endloop
endfacet
facet normal -1.35567e-16 -3.76927e-15 1
  outer loop
    vertex 0.8327612676863945 1.046748308286695 0.7300000000000104
    vertex 1.666011814277315 1.046233872170689 0.7300000000000105
    vertex 1.249755899373991 1.768114933531391 0.7300000000000132
  endloop
endfacet
facet normal 2.44341e-18 -4.00003e-15 1
  outer loop
    vertex 0.4163851162971248 1.768133510812961 0.7300000000000133
    vertex -0.0006546718829589793 1.046239216860952 0.7300000000000104
    vertex 0.8327612676863945 1.046748308286695 0.7300000000000104
  endloop
endfacet
facet normal -1.35569e-16 -3.7728e-15 1
  outer loop
    vertex 1.248938416993402 0.3255454399309881 0.7300000000000078
    vertex 1.666011814277315 1.046233872170689 0.7300000000000105
    vertex 0.8327612676863945 1.046748308286695 0.7300000000000104
  endloop
endfacet
facet normal -2.38841e-18 -4.00434e-15 1
  outer loop
    vertex 2.499373022265038 1.045736809556044 0.7300000000000105
    vertex 1.666011814277315 1.046233872170689 0.7300000000000105
    vertex 2.082271513681948 0.325123018994095 0.7300000000000076
  endloop
endfacet
facet normal 1.6998e-18 -3.84616e-15 1
  outer loop
    vertex -0.8339549122237973 1.04587094309488 0.7300000000000104
    vertex -0.0006546718829589793 1.046239216860952 0.7300000000000104
    vertex -0.4168851307280086 1.767698606199033 0.7300000000000132
  endloop
endfacet
facet normal -1.72643e-18 -3.84486e-15 1
  outer loop
    vertex -1.250285146931933 1.767945085720543 0.7300000000000132
    vertex -1.667319821144638 1.0462451435625 0.7300000000000104
    vertex -0.8339549122237973 1.04587094309488 0.7300000000000104
  endloop
endfacet
facet normal 6.58466e-17 -3.74817e-15 1
  outer loop
    vertex -8.717556429668601 1.786814078643405 0.7300000000000133
    vertex -8.32343557286524 1.053228495985402 0.7300000000000105
    vertex -7.911375489986621 1.771356415267012 0.7300000000000132
  endloop
endfacet
facet normal 1.63601e-18 -3.70184e-15 1
  outer loop
    vertex -0.4177273612067669 0.3262681945160912 0.7300000000000078
    vertex -0.0006546718829589793 1.046239216860952 0.7300000000000104
    vertex -0.8339549122237973 1.04587094309488 0.7300000000000104
  endloop
endfacet
facet normal 2.25857e-18 -3.69742e-15 1
  outer loop
    vertex 0.8327612676863945 1.046748308286695 0.7300000000000104
    vertex -0.0006546718829589793 1.046239216860952 0.7300000000000104
    vertex 0.4156053800639423 0.325846993731908 0.7300000000000078
  endloop
endfacet
facet normal 1.75183e-17 -3.77414e-15 1
  outer loop
    vertex -8.717556429668601 1.786814078643405 0.7300000000000133
    vertex -9.228415872305941 1.137277675115379 0.7300000000000109
    vertex -8.32343557286524 1.053228495985402 0.7300000000000105
  endloop
endfacet
facet normal -5.35831e-19 -3.70444e-15 1
  outer loop
    vertex -2.91771934425144 0.3271923674306545 0.7300000000000078
    vertex -3.333956518929724 1.046534348959176 0.7300000000000104
    vertex -3.75104287173163 0.3273129040346487 0.7300000000000078
  endloop
endfacet
facet normal 1.03116e-18 -3.846e-15 1
  outer loop
    vertex -3.749999999999998 1.768312163512819 0.7300000000000132
    vertex -4.583563400701724 1.768088675812626 0.7300000000000132
    vertex -4.167244136845959 1.046526869812896 0.7300000000000104
  endloop
endfacet
facet normal 1.32905e-16 -3.76968e-15 1
  outer loop
    vertex -2.500618295454698 1.046317586297012 0.7300000000000105
    vertex -1.667319821144638 1.0462451435625 0.7300000000000104
    vertex -2.083551017495152 1.767855821467141 0.7300000000000132
  endloop
endfacet
facet normal -1.34206e-16 -3.76812e-15 1
  outer loop
    vertex -2.916730948017429 1.768263145820804 0.7300000000000132
    vertex -3.333956518929724 1.046534348959176 0.7300000000000104
    vertex -2.500618295454698 1.046317586297012 0.7300000000000105
  endloop
endfacet
facet normal 1.32904e-16 -3.78152e-15 1
  outer loop
    vertex -2.084390737939133 0.3269675575993474 0.7300000000000078
    vertex -1.667319821144638 1.0462451435625 0.7300000000000104
    vertex -2.500618295454698 1.046317586297012 0.7300000000000105
  endloop
endfacet
facet normal -1.66289e-18 -3.70335e-15 1
  outer loop
    vertex -0.8339549122237973 1.04587094309488 0.7300000000000104
    vertex -1.667319821144638 1.0462451435625 0.7300000000000104
    vertex -1.251059607753282 0.3265651734066226 0.7300000000000078
  endloop
endfacet
facet normal -4.17849e-19 -3.84684e-15 1
  outer loop
    vertex -4.583563400701724 1.768088675812626 0.7300000000000132
    vertex -5.00058112003714 1.046617387993428 0.7300000000000104
    vertex -4.167244136845959 1.046526869812896 0.7300000000000104
  endloop
endfacet
facet normal -2.71795e-17 -3.6948e-15 1
  outer loop
    vertex -7.911375489986621 1.771356415267012 0.7300000000000132
    vertex -8.32343557286524 1.053228495985402 0.7300000000000105
    vertex -7.499484366680061 1.047167391214929 0.7300000000000105
  endloop
endfacet
facet normal 1.33408e-16 -3.92419e-15 1
  outer loop
    vertex -5.416863190937754 1.768051401581004 0.7300000000000133
    vertex -5.00058112003714 1.046617387993428 0.7300000000000104
    vertex -4.583563400701724 1.768088675812626 0.7300000000000132
  endloop
endfacet
facet normal 3.45145e-20 -3.84543e-15 1
  outer loop
    vertex -4.167244136845959 1.046526869812896 0.7300000000000104
    vertex -3.333956518929724 1.046534348959176 0.7300000000000104
    vertex -3.749999999999998 1.768312163512819 0.7300000000000132
  endloop
endfacet
facet normal -7.85076e-17 -3.73552e-15 1
  outer loop
    vertex -7.916882376828518 0.3254417855448501 0.7300000000000078
    vertex -8.729875188606027 0.3425280365187342 0.7300000000000078
    vertex -8.318365516802942 -0.379416775320947 0.7300000000000051
  endloop
endfacet
facet normal 1.72311e-18 -4.00018e-15 1
  outer loop
    vertex -5.833830157559396 1.046258458977436 0.7300000000000104
    vertex -5.00058112003714 1.046617387993428 0.7300000000000104
    vertex -5.416863190937754 1.768051401581004 0.7300000000000133
  endloop
endfacet
facet normal 3.3252e-20 -3.70477e-15 1
  outer loop
    vertex -3.75104287173163 0.3273129040346487 0.7300000000000078
    vertex -3.333956518929724 1.046534348959176 0.7300000000000104
    vertex -4.167244136845959 1.046526869812896 0.7300000000000104
  endloop
endfacet
facet normal -1.3421e-16 -3.78179e-15 1
  outer loop
    vertex -2.500618295454698 1.046317586297012 0.7300000000000105
    vertex -3.333956518929724 1.046534348959176 0.7300000000000104
    vertex -2.91771934425144 0.3271923674306545 0.7300000000000078
  endloop
endfacet
facet normal -8.45436e-16 1.42629e-14 1
  outer loop
    vertex 8.333333333333332 2.48999999999985 0.730000000000003
    vertex 7.936723278658718 1.758150083345109 0.7300000000000131
    vertex 8.745060081251033 1.790496323488381 0.7300000000000133
  endloop
endfacet
facet normal 3.30205e-17 -3.87812e-15 1
  outer loop
    vertex 7.498078400043532 -0.3832372170830385 0.7300000000000051
    vertex 8.330661126783991 -0.4047760357442982 0.730000000000005
    vertex 7.891490545810143 0.3071821331096078 0.7300000000000078
  endloop
endfacet
facet normal 1.35447e-16 -3.85739e-15 1
  outer loop
    vertex -7.916882376828518 0.3254417855448501 0.7300000000000078
    vertex -8.318365516802942 -0.379416775320947 0.7300000000000051
    vertex -7.500877923150192 -0.3794935307369314 0.730000000000005
  endloop
endfacet
facet normal -6.50065e-17 -3.82226e-15 1
  outer loop
    vertex 7.498078400043532 -0.3832372170830385 0.7300000000000051
    vertex 7.891490545810143 0.3071821331096078 0.7300000000000078
    vertex 7.082100596553161 0.3209477128738278 0.7300000000000078
  endloop
endfacet
facet normal -1.3401e-16 -3.92176e-15 1
  outer loop
    vertex -5.416863190937754 1.768051401581004 0.7300000000000133
    vertex -6.250201885179766 1.768218097790128 0.7300000000000132
    vertex -5.833830157559396 1.046258458977436 0.7300000000000104
  endloop
endfacet
facet normal -0 1.46833e-14 1
  outer loop
    vertex -9.166666666666668 2.48999999999985 0.730000000000003
    vertex -8.717556429668601 1.786814078643405 0.7300000000000133
    vertex -8.333333333333332 2.48999999999985 0.730000000000003
  endloop
endfacet
facet normal 0 -3.84246e-15 1
  outer loop
    vertex -8.333333333333332 -2.48999999999986 0.729999999999997
    vertex -8.688449668244882 -1.738767536429477 0.7299999999999999
    vertex -9.166666666666668 -2.48999999999986 0.729999999999997
  endloop
endfacet
facet normal -0 1.47606e-14 1
  outer loop
    vertex 8.333333333333332 2.48999999999985 0.730000000000003
    vertex 8.745060081251033 1.790496323488381 0.7300000000000133
    vertex 9.166666666666664 2.48999999999985 0.730000000000003
  endloop
endfacet
facet normal -1.32869e-17 -3.68689e-15 1
  outer loop
    vertex -7.911375489986621 1.771356415267012 0.7300000000000132
    vertex -7.499484366680061 1.047167391214929 0.7300000000000105
    vertex -7.083525792025226 1.768372999675127 0.7300000000000132
  endloop
endfacet
facet normal 0 -3.84593e-15 1
  outer loop
    vertex 8.333333333333332 -2.48999999999986 0.729999999999997
    vertex 7.916666666666668 -1.768312163512829 0.7299999999999998
    vertex 7.5 -2.48999999999986 0.729999999999997
  endloop
endfacet
facet normal 5.11154e-17 1.41837e-14 1
  outer loop
    vertex -7.5 2.48999999999985 0.730000000000003
    vertex -7.911375489986621 1.771356415267012 0.7300000000000132
    vertex -7.083525792025226 1.768372999675127 0.7300000000000132
  endloop
endfacet
facet normal -8.22884e-19 -3.84525e-15 1
  outer loop
    vertex -7.499484366680061 1.047167391214929 0.7300000000000105
    vertex -7.916882376828518 0.3254417855448501 0.7300000000000078
    vertex -7.083936131271733 0.3252635349344153 0.7300000000000078
  endloop
endfacet
facet normal 5.06026e-18 -3.90828e-15 1
  outer loop
    vertex -8.32343557286524 1.053228495985402 0.7300000000000105
    vertex -9.228415872305941 1.137277675115379 0.7300000000000109
    vertex -8.729875188606027 0.3425280365187342 0.7300000000000078
  endloop
endfacet
facet normal 8.37528e-19 -3.78336e-15 1
  outer loop
    vertex 6.665111990294767 -0.3834216119328557 0.7300000000000051
    vertex 7.498078400043532 -0.3832372170830385 0.7300000000000051
    vertex 7.082100596553161 0.3209477128738278 0.7300000000000078
  endloop
endfacet
facet normal 4.14903e-16 1.44566e-14 1
  outer loop
    vertex -8.717556429668601 1.786814078643405 0.7300000000000133
    vertex -7.911375489986621 1.771356415267012 0.7300000000000132
    vertex -8.333333333333332 2.48999999999985 0.730000000000003
  endloop
endfacet
facet normal -1.36481e-16 -3.7698e-15 1
  outer loop
    vertex 1.249755899373991 1.768114933531391 0.7300000000000132
    vertex 1.666011814277315 1.046233872170689 0.7300000000000105
    vertex 2.083095647613574 1.767395257218448 0.7300000000000133
  endloop
endfacet
facet normal -1.31189e-16 -3.92283e-15 1
  outer loop
    vertex -0.4168851307280086 1.767698606199033 0.7300000000000132
    vertex -0.0006546718829589793 1.046239216860952 0.7300000000000104
    vertex 0.4163851162971248 1.768133510812961 0.7300000000000133
  endloop
endfacet
facet normal 4.12016e-19 -3.8461e-15 1
  outer loop
    vertex -2.083551017495152 1.767855821467141 0.7300000000000132
    vertex -1.667319821144638 1.0462451435625 0.7300000000000104
    vertex -1.250285146931933 1.767945085720543 0.7300000000000132
  endloop
endfacet
facet normal -2.26219e-19 -3.84558e-15 1
  outer loop
    vertex -3.749999999999998 1.768312163512819 0.7300000000000132
    vertex -3.333956518929724 1.046534348959176 0.7300000000000104
    vertex -2.916730948017429 1.768263145820804 0.7300000000000132
  endloop
endfacet
facet normal 1.31593e-16 -3.76858e-15 1
  outer loop
    vertex -5.833830157559396 1.046258458977436 0.7300000000000104
    vertex -6.250201885179766 1.768218097790128 0.7300000000000132
    vertex -6.666992170556225 1.046625726507501 0.7300000000000105
  endloop
endfacet
facet normal -8.42694e-19 -3.93782e-15 1
  outer loop
    vertex -7.916882376828518 0.3254417855448501 0.7300000000000078
    vertex -7.500877923150192 -0.3794935307369314 0.730000000000005
    vertex -7.083936131271733 0.3252635349344153 0.7300000000000078
  endloop
endfacet
facet normal 4.51618e-18 -3.84872e-15 1
  outer loop
    vertex 6.248955482611045 0.3208183522435231 0.7300000000000076
    vertex 6.666013589034435 1.042472234904714 0.7300000000000104
    vertex 5.832818319870468 1.04149454233011 0.7300000000000104
  endloop
endfacet
facet normal -1.32682e-16 -3.70432e-15 1
  outer loop
    vertex 6.665111990294767 -0.3834216119328557 0.7300000000000051
    vertex 7.082100596553161 0.3209477128738278 0.7300000000000078
    vertex 6.248955482611045 0.3208183522435231 0.7300000000000076
  endloop
endfacet
facet normal 3.81e-16 1.40321e-14 1
  outer loop
    vertex 7.083124932698023 1.765502971028575 0.7300000000000133
    vertex 7.936723278658718 1.758150083345109 0.7300000000000131
    vertex 7.5 2.48999999999985 0.730000000000003
  endloop
endfacet
facet normal -0 1.38048e-14 1
  outer loop
    vertex 7.5 2.48999999999985 0.730000000000003
    vertex 7.936723278658718 1.758150083345109 0.7300000000000131
    vertex 8.333333333333332 2.48999999999985 0.730000000000003
  endloop
endfacet
facet normal -2.81699e-17 -3.82943e-15 1
  outer loop
    vertex -7.499484366680061 1.047167391214929 0.7300000000000105
    vertex -8.32343557286524 1.053228495985402 0.7300000000000105
    vertex -7.916882376828518 0.3254417855448501 0.7300000000000078
  endloop
endfacet
facet normal -6.81745e-18 -3.65083e-15 1
  outer loop
    vertex 7.891490545810143 0.3071821331096078 0.7300000000000078
    vertex 8.459739122196002 0.975143538114568 0.7300000000000102
    vertex 7.499082202473919 1.037757667439431 0.7300000000000104
  endloop
endfacet
facet normal -6.86319e-19 -3.69218e-15 1
  outer loop
    vertex -6.666992170556225 1.046625726507501 0.7300000000000105
    vertex -6.250201885179766 1.768218097790128 0.7300000000000132
    vertex -7.083525792025226 1.768372999675127 0.7300000000000132
  endloop
endfacet
facet normal -2.47711e-18 -3.83163e-15 1
  outer loop
    vertex 5.832818319870468 1.04149454233011 0.7300000000000104
    vertex 5.416450179516014 1.766144097116944 0.7300000000000132
    vertex 4.999430736973777 1.042033318668966 0.7300000000000104
  endloop
endfacet
facet normal -6.26006e-17 -3.6808e-15 1
  outer loop
    vertex 7.891490545810143 0.3071821331096078 0.7300000000000078
    vertex 7.499082202473919 1.037757667439431 0.7300000000000104
    vertex 7.082100596553161 0.3209477128738278 0.7300000000000078
  endloop
endfacet
facet normal -2.56345e-16 -3.77739e-15 1
  outer loop
    vertex 5.831858745686798 -0.3856571877010637 0.7300000000000049
    vertex 6.665111990294767 -0.3834216119328557 0.7300000000000051
    vertex 6.248955482611045 0.3208183522435231 0.7300000000000076
  endloop
endfacet
facet normal 8.60792e-19 -3.88845e-15 1
  outer loop
    vertex 6.665111990294767 -0.3834216119328557 0.7300000000000051
    vertex 7.081386070780281 -1.125675690855875 0.7300000000000022
    vertex 7.498078400043532 -0.3832372170830385 0.7300000000000051
  endloop
endfacet
facet normal -1.0789e-16 -3.87449e-15 1
  outer loop
    vertex -7.500877923150192 -0.3794935307369314 0.730000000000005
    vertex -6.69088674484529 -0.3733939841654439 0.7300000000000051
    vertex -7.083936131271733 0.3252635349344153 0.7300000000000078
  endloop
endfacet
facet normal -0 1.4213e-14 1
  outer loop
    vertex -8.333333333333332 2.48999999999985 0.730000000000003
    vertex -7.911375489986621 1.771356415267012 0.7300000000000132
    vertex -7.5 2.48999999999985 0.730000000000003
  endloop
endfacet
facet normal 1.35448e-16 -3.8425e-15 1
  outer loop
    vertex -8.318365516802942 -0.379416775320947 0.7300000000000051
    vertex -7.917739743616295 -1.116519302689496 0.7300000000000022
    vertex -7.500877923150192 -0.3794935307369314 0.730000000000005
  endloop
endfacet
facet normal -2.50005e-18 -3.8152e-15 1
  outer loop
    vertex -7.083936131271733 0.3252635349344153 0.7300000000000078
    vertex -6.69088674484529 -0.3733939841654439 0.7300000000000051
    vertex -6.25085069731584 0.3247176254279784 0.7300000000000078
  endloop
endfacet
facet normal -1.08127e-16 -3.8934e-15 1
  outer loop
    vertex -5.834681125059323 -0.3971724965005472 0.7300000000000051
    vertex -6.69088674484529 -0.3733939841654439 0.7300000000000051
    vertex -6.389910255274156 -1.094641061193721 0.7300000000000023
  endloop
endfacet
facet normal -8.11026e-17 -3.859e-15 1
  outer loop
    vertex -7.916882376828518 0.3254417855448501 0.7300000000000078
    vertex -8.32343557286524 1.053228495985402 0.7300000000000105
    vertex -8.729875188606027 0.3425280365187342 0.7300000000000078
  endloop
endfacet
facet normal 1.94701e-16 -3.82098e-15 1
  outer loop
    vertex 4.998530566514502 -0.3990640515140167 0.730000000000005
    vertex 5.831858745686798 -0.3856571877010637 0.7300000000000049
    vertex 5.415600852280869 0.3195311355008603 0.7300000000000076
  endloop
endfacet
facet normal 6.07395e-18 -3.93232e-15 1
  outer loop
    vertex 5.831858745686798 -0.3856571877010637 0.7300000000000049
    vertex 6.248955482611045 0.3208183522435231 0.7300000000000076
    vertex 5.415600852280869 0.3195311355008603 0.7300000000000076
  endloop
endfacet
facet normal -2.50256e-18 -3.84622e-15 1
  outer loop
    vertex -7.499484366680061 1.047167391214929 0.7300000000000105
    vertex -7.083936131271733 0.3252635349344153 0.7300000000000078
    vertex -6.666992170556225 1.046625726507501 0.7300000000000105
  endloop
endfacet
facet normal -2.40298e-18 -3.69317e-15 1
  outer loop
    vertex -7.499484366680061 1.047167391214929 0.7300000000000105
    vertex -6.666992170556225 1.046625726507501 0.7300000000000105
    vertex -7.083525792025226 1.768372999675127 0.7300000000000132
  endloop
endfacet
facet normal 1.25087e-16 -3.78268e-15 1
  outer loop
    vertex 3.748939448114728 0.3233541562558155 0.7300000000000078
    vertex 4.1660318946758 1.041551682903859 0.7300000000000104
    vertex 3.332701978784178 1.04334490185532 0.7300000000000105
  endloop
endfacet
facet normal 1.25131e-16 -3.76254e-15 1
  outer loop
    vertex 4.1660318946758 1.041551682903859 0.7300000000000104
    vertex 3.74974908014149 1.765389792306358 0.7300000000000132
    vertex 3.332701978784178 1.04334490185532 0.7300000000000105
  endloop
endfacet
facet normal -1.04176e-16 -3.75111e-15 1
  outer loop
    vertex -6.25085069731584 0.3247176254279784 0.7300000000000078
    vertex -6.69088674484529 -0.3733939841654439 0.7300000000000051
    vertex -5.834681125059323 -0.3971724965005472 0.7300000000000051
  endloop
endfacet
facet normal 1.92941e-16 -3.71159e-15 1
  outer loop
    vertex 4.998530566514502 -0.3990640515140167 0.730000000000005
    vertex 5.41478666334968 -1.125234582611361 0.7300000000000022
    vertex 5.831858745686798 -0.3856571877010637 0.7300000000000049
  endloop
endfacet
facet normal -2.20639e-18 -3.70875e-15 1
  outer loop
    vertex 4.582274835423945 0.322858393198256 0.7300000000000078
    vertex 4.1660318946758 1.041551682903859 0.7300000000000104
    vertex 3.748939448114728 0.3233541562558155 0.7300000000000078
  endloop
endfacet
facet normal -1.04812e-16 1.41911e-14 1
  outer loop
    vertex 6.666666666666664 2.48999999999985 0.730000000000003
    vertex 6.249916393845333 1.767172470057751 0.7300000000000132
    vertex 7.083124932698023 1.765502971028575 0.7300000000000133
  endloop
endfacet
facet normal -0 1.41307e-14 1
  outer loop
    vertex 5.833333333333332 2.48999999999985 0.730000000000003
    vertex 6.249916393845333 1.767172470057751 0.7300000000000132
    vertex 6.666666666666664 2.48999999999985 0.730000000000003
  endloop
endfacet
facet normal 2.1419e-18 -3.70623e-15 1
  outer loop
    vertex 4.999430736973777 1.042033318668966 0.7300000000000104
    vertex 4.1660318946758 1.041551682903859 0.7300000000000104
    vertex 4.582274835423945 0.322858393198256 0.7300000000000078
  endloop
endfacet
facet normal 1.33538e-16 1.42262e-14 1
  outer loop
    vertex 0.8333333333333321 2.48999999999985 0.730000000000003
    vertex 0.4163851162971248 1.768133510812961 0.7300000000000133
    vertex 1.249755899373991 1.768114933531391 0.7300000000000132
  endloop
endfacet
facet normal -1.20946e-16 1.4219e-14 1
  outer loop
    vertex 1.666666666666664 2.48999999999985 0.730000000000003
    vertex 1.249755899373991 1.768114933531391 0.7300000000000132
    vertex 2.083095647613574 1.767395257218448 0.7300000000000133
  endloop
endfacet
facet normal -0 1.41491e-14 1
  outer loop
    vertex 0.8333333333333321 2.48999999999985 0.730000000000003
    vertex 1.249755899373991 1.768114933531391 0.7300000000000132
    vertex 1.666666666666664 2.48999999999985 0.730000000000003
  endloop
endfacet
facet normal -1.4066e-16 1.42222e-14 1
  outer loop
    vertex -0.4168851307280086 1.767698606199033 0.7300000000000132
    vertex 0.4163851162971248 1.768133510812961 0.7300000000000133
    vertex 0 2.48999999999985 0.730000000000003
  endloop
endfacet
facet normal -0 1.43033e-14 1
  outer loop
    vertex 0 2.48999999999985 0.730000000000003
    vertex 0.4163851162971248 1.768133510812961 0.7300000000000133
    vertex 0.8333333333333321 2.48999999999985 0.730000000000003
  endloop
endfacet
facet normal -1.51529e-18 1.41449e-14 1
  outer loop
    vertex -2.083551017495152 1.767855821467141 0.7300000000000132
    vertex -1.250285146931933 1.767945085720543 0.7300000000000132
    vertex -1.666666666666668 2.48999999999985 0.730000000000003
  endloop
endfacet
facet normal -0 1.4152e-14 1
  outer loop
    vertex -3.333333333333335 2.48999999999985 0.730000000000003
    vertex -2.916730948017429 1.768263145820804 0.7300000000000132
    vertex -2.5 2.48999999999985 0.730000000000003
  endloop
endfacet
facet normal -0 1.4141e-14 1
  outer loop
    vertex -0.8333333333333357 2.48999999999985 0.730000000000003
    vertex -0.4168851307280086 1.767698606199033 0.7300000000000132
    vertex 0 2.48999999999985 0.730000000000003
  endloop
endfacet
facet normal -1.33227e-16 1.41877e-14 1
  outer loop
    vertex 4.166666666666664 2.48999999999985 0.7300000000000029
    vertex 4.583202293073176 1.766164251645134 0.7300000000000132
    vertex 5 2.48999999999985 0.730000000000003
  endloop
endfacet
facet normal -0 1.42514e-14 1
  outer loop
    vertex 6.666666666666664 2.48999999999985 0.730000000000003
    vertex 7.083124932698023 1.765502971028575 0.7300000000000133
    vertex 7.5 2.48999999999985 0.730000000000003
  endloop
endfacet
facet normal 0 -3.84593e-15 1
  outer loop
    vertex -2.5 -2.48999999999986 0.729999999999997
    vertex -2.916666666666667 -1.768312163512829 0.7299999999999998
    vertex -3.333333333333335 -2.48999999999986 0.729999999999997
  endloop
endfacet
facet normal -0 1.41512e-14 1
  outer loop
    vertex -6.666666666666668 2.48999999999985 0.730000000000003
    vertex -6.250201885179766 1.768218097790128 0.7300000000000132
    vertex -5.833333333333336 2.48999999999985 0.730000000000003
  endloop
endfacet
facet normal -0 1.43017e-14 1
  outer loop
    vertex -5.833333333333336 2.48999999999985 0.730000000000003
    vertex -5.416863190937754 1.768051401581004 0.7300000000000133
    vertex -5 2.48999999999985 0.730000000000003
  endloop
endfacet
facet normal -0 1.42887e-14 1
  outer loop
    vertex 1.666666666666664 2.48999999999985 0.730000000000003
    vertex 2.083095647613574 1.767395257218448 0.7300000000000133
    vertex 2.5 2.48999999999985 0.730000000000003
  endloop
endfacet
facet normal 0 -3.99976e-15 1
  outer loop
    vertex 2.5 -2.48999999999986 0.729999999999997
    vertex 2.083333333333335 -1.768312163512829 0.7299999999999999
    vertex 1.666666666666664 -2.48999999999986 0.729999999999997
  endloop
endfacet
facet normal 8.32533e-19 1.41525e-14 1
  outer loop
    vertex -3.749999999999998 1.768312163512819 0.7300000000000132
    vertex -2.916730948017429 1.768263145820804 0.7300000000000132
    vertex -3.333333333333335 2.48999999999985 0.730000000000003
  endloop
endfacet
facet normal 2.63076e-18 1.41527e-14 1
  outer loop
    vertex -7.083525792025226 1.768372999675127 0.7300000000000132
    vertex -6.250201885179766 1.768218097790128 0.7300000000000132
    vertex -6.666666666666668 2.48999999999985 0.730000000000003
  endloop
endfacet
facet normal 1.32596e-16 1.42251e-14 1
  outer loop
    vertex -5.416863190937754 1.768051401581004 0.7300000000000133
    vertex -4.583563400701724 1.768088675812626 0.7300000000000132
    vertex -5 2.48999999999985 0.730000000000003
  endloop
endfacet
facet normal -1.3038e-16 1.42265e-14 1
  outer loop
    vertex -5.833333333333336 2.48999999999985 0.730000000000003
    vertex -6.250201885179766 1.768218097790128 0.7300000000000132
    vertex -5.416863190937754 1.768051401581004 0.7300000000000133
  endloop
endfacet
facet normal -3.79399e-18 1.41508e-14 1
  outer loop
    vertex -4.166666666666668 2.48999999999985 0.730000000000003
    vertex -4.583563400701724 1.768088675812626 0.7300000000000132
    vertex -3.749999999999998 1.768312163512819 0.7300000000000132
  endloop
endfacet
facet normal -0 1.41458e-14 1
  outer loop
    vertex -1.666666666666668 2.48999999999985 0.730000000000003
    vertex -1.250285146931933 1.767945085720543 0.7300000000000132
    vertex -0.8333333333333357 2.48999999999985 0.730000000000003
  endloop
endfacet
facet normal -0 1.41542e-14 1
  outer loop
    vertex -7.5 2.48999999999985 0.730000000000003
    vertex -7.083525792025226 1.768372999675127 0.7300000000000132
    vertex -6.666666666666668 2.48999999999985 0.730000000000003
  endloop
endfacet
facet normal -0 1.41486e-14 1
  outer loop
    vertex -5 2.48999999999985 0.730000000000003
    vertex -4.583563400701724 1.768088675812626 0.7300000000000132
    vertex -4.166666666666668 2.48999999999985 0.730000000000003
  endloop
endfacet
facet normal -0 1.41441e-14 1
  outer loop
    vertex -2.5 2.48999999999985 0.730000000000003
    vertex -2.083551017495152 1.767855821467141 0.7300000000000132
    vertex -1.666666666666668 2.48999999999985 0.730000000000003
  endloop
endfacet
facet normal 0 -3.84593e-15 1
  outer loop
    vertex -6.666666666666668 -2.48999999999986 0.729999999999997
    vertex -7.083333333333329 -1.768312163512829 0.7299999999999998
    vertex -7.5 -2.48999999999986 0.729999999999997
  endloop
endfacet
facet normal 0 -3.84593e-15 1
  outer loop
    vertex -4.166666666666668 -2.48999999999986 0.729999999999997
    vertex -4.583333333333332 -1.768312163512829 0.7299999999999998
    vertex -5 -2.48999999999986 0.729999999999997
  endloop
endfacet
facet normal 0 -3.84593e-15 1
  outer loop
    vertex -0.8333333333333357 -2.48999999999986 0.729999999999997
    vertex -1.249999999999998 -1.768312163512829 0.7299999999999998
    vertex -1.666666666666668 -2.48999999999986 0.729999999999997
  endloop
endfacet
facet normal 0 -3.69209e-15 1
  outer loop
    vertex 0.8333333333333321 -2.48999999999986 0.729999999999997
    vertex 0.4166666666666679 -1.768312163512829 0.7299999999999996
    vertex 0 -2.48999999999986 0.729999999999997
  endloop
endfacet
facet normal 0 -3.84593e-15 1
  outer loop
    vertex 4.166666666666664 -2.48999999999986 0.729999999999997
    vertex 3.75 -1.768312163512829 0.7299999999999998
    vertex 3.333333333333332 -2.48999999999986 0.729999999999997
  endloop
endfacet
facet normal 1.33227e-16 -3.76901e-15 1
  outer loop
    vertex 6.666666666666664 -2.48999999999986 0.729999999999997
    vertex 6.25 -1.768312163512829 0.7299999999999998
    vertex 5.833333333333332 -2.48999999999986 0.7299999999999971
  endloop
endfacet
facet normal -0 1.4153e-14 1
  outer loop
    vertex -4.166666666666668 2.48999999999985 0.730000000000003
    vertex -3.749999999999998 1.768312163512819 0.7300000000000132
    vertex -3.333333333333335 2.48999999999985 0.730000000000003
  endloop
endfacet
facet normal 6.91669e-18 1.41481e-14 1
  outer loop
    vertex -2.5 2.48999999999985 0.730000000000003
    vertex -2.916730948017429 1.768263145820804 0.7300000000000132
    vertex -2.083551017495152 1.767855821467141 0.7300000000000132
  endloop
endfacet
facet normal 4.18293e-18 1.41434e-14 1
  outer loop
    vertex -0.8333333333333357 2.48999999999985 0.730000000000003
    vertex -1.250285146931933 1.767945085720543 0.7300000000000132
    vertex -0.4168851307280086 1.767698606199033 0.7300000000000132
  endloop
endfacet
facet normal 5.50083e-17 -3.71571e-15 1
  outer loop
    vertex 4.165206583650066 -0.3815216302931619 0.7300000000000051
    vertex 4.443339201147642 -1.094503752750347 0.7300000000000024
    vertex 4.998530566514502 -0.3990640515140167 0.730000000000005
  endloop
endfacet
facet normal 1.18149e-16 -3.77655e-15 1
  outer loop
    vertex 4.998530566514502 -0.3990640515140167 0.730000000000005
    vertex 5.415600852280869 0.3195311355008603 0.7300000000000076
    vertex 4.582274835423945 0.322858393198256 0.7300000000000078
  endloop
endfacet
facet normal -1.38771e-16 -3.9254e-15 1
  outer loop
    vertex 2.915604243929008 0.323945980752157 0.7300000000000078
    vertex 2.499373022265038 1.045736809556044 0.7300000000000105
    vertex 2.082271513681948 0.325123018994095 0.7300000000000076
  endloop
endfacet
facet normal 5.2936e-17 -3.81415e-15 1
  outer loop
    vertex 4.165206583650066 -0.3815216302931619 0.7300000000000051
    vertex 4.998530566514502 -0.3990640515140167 0.730000000000005
    vertex 4.582274835423945 0.322858393198256 0.7300000000000078
  endloop
endfacet
facet normal -1.10557e-17 -3.85175e-15 1
  outer loop
    vertex 3.332701978784178 1.04334490185532 0.7300000000000105
    vertex 2.499373022265038 1.045736809556044 0.7300000000000105
    vertex 2.915604243929008 0.323945980752157 0.7300000000000078
  endloop
endfacet
facet normal -2.73889e-18 -3.85657e-15 1
  outer loop
    vertex 3.748939448114728 0.3233541562558155 0.7300000000000078
    vertex 3.332701978784178 1.04334490185532 0.7300000000000105
    vertex 2.915604243929008 0.323945980752157 0.7300000000000078
  endloop
endfacet
facet normal -2.24965e-18 -3.78148e-15 1
  outer loop
    vertex 4.165206583650066 -0.3815216302931619 0.7300000000000051
    vertex 4.582274835423945 0.322858393198256 0.7300000000000078
    vertex 3.748939448114728 0.3233541562558155 0.7300000000000078
  endloop
endfacet
facet normal -2.24697e-18 -3.78148e-15 1
  outer loop
    vertex 3.331873068643311 -0.381026459486232 0.7300000000000051
    vertex 4.165206583650066 -0.3815216302931619 0.7300000000000051
    vertex 3.748939448114728 0.3233541562558155 0.7300000000000078
  endloop
endfacet
facet normal -2.68537e-18 -3.78122e-15 1
  outer loop
    vertex 3.331873068643311 -0.381026459486232 0.7300000000000051
    vertex 3.748939448114728 0.3233541562558155 0.7300000000000078
    vertex 2.915604243929008 0.323945980752157 0.7300000000000078
  endloop
endfacet
facet normal -2.23138e-18 -3.73524e-15 1
  outer loop
    vertex 2.498539929717976 -0.3805286385164046 0.7300000000000051
    vertex 2.914787085666109 -1.123850555250204 0.7300000000000023
    vertex 3.331873068643311 -0.381026459486232 0.7300000000000051
  endloop
endfacet
facet normal -2.25869e-18 -3.78096e-15 1
  outer loop
    vertex 2.498539929717976 -0.3805286385164046 0.7300000000000051
    vertex 3.331873068643311 -0.381026459486232 0.7300000000000051
    vertex 2.915604243929008 0.323945980752157 0.7300000000000078
  endloop
endfacet
facet normal -1.38453e-16 -3.70033e-15 1
  outer loop
    vertex 2.498539929717976 -0.3805286385164046 0.7300000000000051
    vertex 2.915604243929008 0.323945980752157 0.7300000000000078
    vertex 2.082271513681948 0.325123018994095 0.7300000000000076
  endloop
endfacet
facet normal -1.92264e-18 -3.61979e-15 1
  outer loop
    vertex 1.665206803874093 -0.3800860162778452 0.7300000000000051
    vertex 2.498539929717976 -0.3805286385164046 0.7300000000000051
    vertex 2.082271513681948 0.325123018994095 0.7300000000000076
  endloop
endfacet
facet normal -1.33721e-18 -3.69534e-15 1
  outer loop
    vertex 1.248938416993402 0.3255454399309881 0.7300000000000078
    vertex 0.8327612676863945 1.046748308286695 0.7300000000000104
    vertex 0.4156053800639423 0.325846993731908 0.7300000000000078
  endloop
endfacet
facet normal 1.31352e-16 -3.69861e-15 1
  outer loop
    vertex 1.665206803874093 -0.3800860162778452 0.7300000000000051
    vertex 2.082271513681948 0.325123018994095 0.7300000000000076
    vertex 1.248938416993402 0.3255454399309881 0.7300000000000078
  endloop
endfacet
facet normal -1.34835e-16 -3.81025e-15 1
  outer loop
    vertex 0.8318737165811338 -0.3797341858158645 0.730000000000005
    vertex 1.248120824048383 -1.122909735403522 0.7300000000000022
    vertex 1.665206803874093 -0.3800860162778452 0.7300000000000051
  endloop
endfacet
facet normal -1.34855e-16 -3.85565e-15 1
  outer loop
    vertex 0.8318737165811338 -0.3797341858158645 0.730000000000005
    vertex 1.665206803874093 -0.3800860162778452 0.7300000000000051
    vertex 1.248938416993402 0.3255454399309881 0.7300000000000078
  endloop
endfacet
facet normal -1.42378e-18 -3.93456e-15 1
  outer loop
    vertex 0.8318737165811338 -0.3797341858158645 0.730000000000005
    vertex 1.248938416993402 0.3255454399309881 0.7300000000000078
    vertex 0.4156053800639423 0.325846993731908 0.7300000000000078
  endloop
endfacet
facet normal 1.31181e-16 -3.85633e-15 1
  outer loop
    vertex -0.001459150055048042 -0.3792920872036967 0.7300000000000051
    vertex 0.8318737165811338 -0.3797341858158645 0.730000000000005
    vertex 0.4156053800639423 0.325846993731908 0.7300000000000078
  endloop
endfacet
facet normal -1.90936e-18 -3.77761e-15 1
  outer loop
    vertex -0.001459150055048042 -0.3792920872036967 0.7300000000000051
    vertex 0.4156053800639423 0.325846993731908 0.7300000000000078
    vertex -0.4177273612067669 0.3262681945160912 0.7300000000000078
  endloop
endfacet
facet normal -1.31985e-18 -3.70355e-15 1
  outer loop
    vertex -0.4177273612067669 0.3262681945160912 0.7300000000000078
    vertex -0.8339549122237973 1.04587094309488 0.7300000000000104
    vertex -1.251059607753282 0.3265651734066226 0.7300000000000078
  endloop
endfacet
facet normal -1.62991e-18 -3.88581e-15 1
  outer loop
    vertex -0.8347917244127814 -0.3789425433370011 0.7300000000000051
    vertex -0.41854504433614 -1.121968559102707 0.7300000000000022
    vertex -0.001459150055048042 -0.3792920872036967 0.7300000000000051
  endloop
endfacet
facet normal -1.58445e-18 -3.77742e-15 1
  outer loop
    vertex -0.8347917244127814 -0.3789425433370011 0.7300000000000051
    vertex -0.001459150055048042 -0.3792920872036967 0.7300000000000051
    vertex -0.4177273612067669 0.3262681945160912 0.7300000000000078
  endloop
endfacet
facet normal -1.34623e-18 -3.77756e-15 1
  outer loop
    vertex -0.8347917244127814 -0.3789425433370011 0.7300000000000051
    vertex -0.4177273612067669 0.3262681945160912 0.7300000000000078
    vertex -1.251059607753282 0.3265651734066226 0.7300000000000078
  endloop
endfacet
facet normal -1.96238e-18 -3.77792e-15 1
  outer loop
    vertex -1.668123498047141 -0.3785096822198488 0.7300000000000051
    vertex -0.8347917244127814 -0.3789425433370011 0.7300000000000051
    vertex -1.251059607753282 0.3265651734066226 0.7300000000000078
  endloop
endfacet
facet normal -1.82425e-18 -3.778e-15 1
  outer loop
    vertex -1.668123498047141 -0.3785096822198488 0.7300000000000051
    vertex -1.251059607753282 0.3265651734066226 0.7300000000000078
    vertex -2.084390737939133 0.3269675575993474 0.7300000000000078
  endloop
endfacet
facet normal -1.45178e-18 -3.88675e-15 1
  outer loop
    vertex -2.501453716825988 -0.3781984171527184 0.7300000000000051
    vertex -2.085209316878201 -1.121025577217398 0.7300000000000022
    vertex -1.668123498047141 -0.3785096822198488 0.7300000000000051
  endloop
endfacet
facet normal -1.04106e-18 -3.85903e-15 1
  outer loop
    vertex -2.084390737939133 0.3269675575993474 0.7300000000000078
    vertex -2.500618295454698 1.046317586297012 0.7300000000000105
    vertex -2.91771934425144 0.3271923674306545 0.7300000000000078
  endloop
endfacet
facet normal -1.41107e-18 -3.77776e-15 1
  outer loop
    vertex -2.501453716825988 -0.3781984171527184 0.7300000000000051
    vertex -1.668123498047141 -0.3785096822198488 0.7300000000000051
    vertex -2.084390737939133 0.3269675575993474 0.7300000000000078
  endloop
endfacet
facet normal -1.0192e-18 -3.77799e-15 1
  outer loop
    vertex -2.501453716825988 -0.3781984171527184 0.7300000000000051
    vertex -2.084390737939133 0.3269675575993474 0.7300000000000078
    vertex -2.91771934425144 0.3271923674306545 0.7300000000000078
  endloop
endfacet
facet normal 1.18161e-16 -3.77353e-15 1
  outer loop
    vertex 5.415600852280869 0.3195311355008603 0.7300000000000076
    vertex 4.999430736973777 1.042033318668966 0.7300000000000104
    vertex 4.582274835423945 0.322858393198256 0.7300000000000078
  endloop
endfacet
facet normal -1.24723e-18 -3.77812e-15 1
  outer loop
    vertex -3.33478046809364 -0.3779233213472555 0.7300000000000051
    vertex -2.501453716825988 -0.3781984171527184 0.7300000000000051
    vertex -2.91771934425144 0.3271923674306545 0.7300000000000078
  endloop
endfacet
facet normal 1.0105e-17 -3.69445e-15 1
  outer loop
    vertex -4.584352860727609 0.3265290533558078 0.7300000000000078
    vertex -5.00058112003714 1.046617387993428 0.7300000000000104
    vertex -5.41763297345039 0.3242498684208035 0.7300000000000078
  endloop
endfacet
facet normal -5.46549e-19 -3.77854e-15 1
  outer loop
    vertex -3.33478046809364 -0.3779233213472555 0.7300000000000051
    vertex -2.91771934425144 0.3271923674306545 0.7300000000000078
    vertex -3.75104287173163 0.3273129040346487 0.7300000000000078
  endloop
endfacet
facet normal 1.68417e-18 -3.89042e-15 1
  outer loop
    vertex -4.168099886323176 -0.3782840658463877 0.7300000000000051
    vertex -3.751866474697128 -1.120074873085585 0.7300000000000022
    vertex -3.33478046809364 -0.3779233213472555 0.7300000000000051
  endloop
endfacet
facet normal 3.483e-18 -3.70277e-15 1
  outer loop
    vertex -3.75104287173163 0.3273129040346487 0.7300000000000078
    vertex -4.167244136845959 1.046526869812896 0.7300000000000104
    vertex -4.584352860727609 0.3265290533558078 0.7300000000000078
  endloop
endfacet
facet normal 5.94353e-18 -3.84789e-15 1
  outer loop
    vertex 6.248955482611045 0.3208183522435231 0.7300000000000076
    vertex 5.832818319870468 1.04149454233011 0.7300000000000104
    vertex 5.415600852280869 0.3195311355008603 0.7300000000000076
  endloop
endfacet
facet normal 1.63517e-18 -3.77725e-15 1
  outer loop
    vertex -4.168099886323176 -0.3782840658463877 0.7300000000000051
    vertex -3.33478046809364 -0.3779233213472555 0.7300000000000051
    vertex -3.75104287173163 0.3273129040346487 0.7300000000000078
  endloop
endfacet
facet normal 1.38561e-17 -3.9905e-15 1
  outer loop
    vertex -5.834681125059323 -0.3971724965005472 0.7300000000000051
    vertex -6.389910255274156 -1.094641061193721 0.7300000000000023
    vertex -5.418495656924273 -1.119089673137523 0.7300000000000022
  endloop
endfacet
facet normal 3.55413e-18 -3.77839e-15 1
  outer loop
    vertex -4.168099886323176 -0.3782840658463877 0.7300000000000051
    vertex -3.75104287173163 0.3273129040346487 0.7300000000000078
    vertex -4.584352860727609 0.3265290533558078 0.7300000000000078
  endloop
endfacet
facet normal 1.09648e-16 -3.75933e-15 1
  outer loop
    vertex 4.998530566514502 -0.3990640515140167 0.730000000000005
    vertex 4.443339201147642 -1.094503752750347 0.7300000000000024
    vertex 5.41478666334968 -1.125234582611361 0.7300000000000022
  endloop
endfacet
facet normal -2.48447e-18 -3.84302e-15 1
  outer loop
    vertex 5.832818319870468 1.04149454233011 0.7300000000000104
    vertex 4.999430736973777 1.042033318668966 0.7300000000000104
    vertex 5.415600852280869 0.3195311355008603 0.7300000000000076
  endloop
endfacet
facet normal 1.5893e-18 -3.68953e-15 1
  outer loop
    vertex -5.41763297345039 0.3242498684208035 0.7300000000000078
    vertex -5.00058112003714 1.046617387993428 0.7300000000000104
    vertex -5.833830157559396 1.046258458977436 0.7300000000000104
  endloop
endfacet
facet normal 7.65892e-17 -3.95434e-15 1
  outer loop
    vertex -5.834681125059323 -0.3971724965005472 0.7300000000000051
    vertex -5.418495656924273 -1.119089673137523 0.7300000000000022
    vertex -5.001404298623751 -0.3810332551150024 0.7300000000000051
  endloop
endfacet
facet normal 1.24481e-17 -3.77313e-15 1
  outer loop
    vertex -5.001404298623751 -0.3810332551150024 0.7300000000000051
    vertex -4.168099886323176 -0.3782840658463877 0.7300000000000051
    vertex -4.584352860727609 0.3265290533558078 0.7300000000000078
  endloop
endfacet
facet normal -4.01956e-19 -3.70052e-15 1
  outer loop
    vertex -4.167244136845959 1.046526869812896 0.7300000000000104
    vertex -5.00058112003714 1.046617387993428 0.7300000000000104
    vertex -4.584352860727609 0.3265290533558078 0.7300000000000078
  endloop
endfacet
facet normal 1.03168e-17 -3.77188e-15 1
  outer loop
    vertex -5.001404298623751 -0.3810332551150024 0.7300000000000051
    vertex -4.584352860727609 0.3265290533558078 0.7300000000000078
    vertex -5.41763297345039 0.3242498684208035 0.7300000000000078
  endloop
endfacet
facet normal -2.07278e-18 -3.69225e-15 1
  outer loop
    vertex -6.25085069731584 0.3247176254279784 0.7300000000000078
    vertex -5.834681125059323 -0.3971724965005472 0.7300000000000051
    vertex -5.41763297345039 0.3242498684208035 0.7300000000000078
  endloop
endfacet
facet normal 7.23462e-17 -3.73527e-15 1
  outer loop
    vertex -5.834681125059323 -0.3971724965005472 0.7300000000000051
    vertex -5.001404298623751 -0.3810332551150024 0.7300000000000051
    vertex -5.41763297345039 0.3242498684208035 0.7300000000000078
  endloop
endfacet
facet normal -2.52037e-18 -3.8462e-15 1
  outer loop
    vertex -7.083936131271733 0.3252635349344153 0.7300000000000078
    vertex -6.25085069731584 0.3247176254279784 0.7300000000000078
    vertex -6.666992170556225 1.046625726507501 0.7300000000000105
  endloop
endfacet
facet normal 1.31593e-16 -3.7689e-15 1
  outer loop
    vertex -6.25085069731584 0.3247176254279784 0.7300000000000078
    vertex -5.833830157559396 1.046258458977436 0.7300000000000104
    vertex -6.666992170556225 1.046625726507501 0.7300000000000105
  endloop
endfacet
facet normal -2.07244e-18 -3.69164e-15 1
  outer loop
    vertex -6.25085069731584 0.3247176254279784 0.7300000000000078
    vertex -5.41763297345039 0.3242498684208035 0.7300000000000078
    vertex -5.833830157559396 1.046258458977436 0.7300000000000104
  endloop
endfacet
facet normal -0 1.4298e-14 1
  outer loop
    vertex 2.5 2.48999999999985 0.730000000000003
    vertex 2.916488276066612 1.767867610290073 0.7300000000000133
    vertex 3.333333333333332 2.48999999999985 0.730000000000003
  endloop
endfacet
facet normal -1.32672e-16 -3.76943e-15 1
  outer loop
    vertex 7.082100596553161 0.3209477128738278 0.7300000000000078
    vertex 6.666013589034435 1.042472234904714 0.7300000000000104
    vertex 6.248955482611045 0.3208183522435231 0.7300000000000076
  endloop
endfacet
facet normal -8.10124e-18 1.42934e-14 1
  outer loop
    vertex 2.083095647613574 1.767395257218448 0.7300000000000133
    vertex 2.916488276066612 1.767867610290073 0.7300000000000133
    vertex 2.5 2.48999999999985 0.730000000000003
  endloop
endfacet
facet normal -2.09677e-17 -3.70502e-15 1
  outer loop
    vertex 7.499082202473919 1.037757667439431 0.7300000000000104
    vertex 6.666013589034435 1.042472234904714 0.7300000000000104
    vertex 7.082100596553161 0.3209477128738278 0.7300000000000078
  endloop
endfacet
facet normal -6.88877e-15 -1.20386e-15 1
  outer loop
    vertex -10 -0.8299999999999568 0.729999999999999
    vertex -9.206425685761268 -0.391035696257144 0.730000000000005
    vertex -10 -4.440892098500626e-15 0.73
  endloop
endfacet
facet normal 1.05339e-14 -1.20386e-15 1
  outer loop
    vertex 10 0.8299999999999467 0.730000000000001
    vertex 9.254087554400751 0.4820631594336191 0.7300000000000084
    vertex 10 -5.329070518200751e-15 0.73
  endloop
endfacet
facet normal 6.5159e-15 -1.20386e-15 1
  outer loop
    vertex 10 -5.329070518200751e-15 0.73
    vertex 9.158843326760291 -0.4027795784834374 0.730000000000005
    vertex 10 -0.8299999999999568 0.729999999999999
  endloop
endfacet
facet normal 4.59059e-15 -1.20386e-15 1
  outer loop
    vertex 10 -0.8299999999999568 0.729999999999999
    vertex 9.30729795531434 -1.258104490399398 0.7300000000000016
    vertex 10 -1.659999999999908 0.729999999999998
  endloop
endfacet
facet normal 8.22593e-15 -4.77504e-15 1
  outer loop
    vertex 9.254087554400751 0.4820631594336191 0.7300000000000084
    vertex 9.158843326760291 -0.4027795784834374 0.730000000000005
    vertex 10 -5.329070518200751e-15 0.73
  endloop
endfacet
facet normal 5.6474e-15 -2.91385e-15 1
  outer loop
    vertex 10 -0.8299999999999568 0.729999999999999
    vertex 9.158843326760291 -0.4027795784834374 0.730000000000005
    vertex 9.30729795531434 -1.258104490399398 0.7300000000000016
  endloop
endfacet
facet normal 7.18108e-17 -3.88158e-15 1
  outer loop
    vertex 9.158843326760291 -0.4027795784834374 0.730000000000005
    vertex 8.564895122601898 -1.100224984666909 0.7300000000000023
    vertex 9.30729795531434 -1.258104490399398 0.7300000000000016
  endloop
endfacet
facet normal -3.46324e-17 -3.76116e-15 1
  outer loop
    vertex -8.729875188606027 0.3425280365187342 0.7300000000000078
    vertex -9.438649095471604 0.4080904979969509 0.730000000000008
    vertex -9.206425685761268 -0.391035696257144 0.730000000000005
  endloop
endfacet
facet normal 0 -3.99006e-15 1
  outer loop
    vertex 9.166666666666664 -2.48999999999986 0.729999999999997
    vertex 8.788068145512664 -1.822206475009864 0.7299999999999996
    vertex 8.333333333333332 -2.48999999999986 0.729999999999997
  endloop
endfacet
facet normal -4.76539e-15 -1.20386e-15 1
  outer loop
    vertex -10 -1.659999999999908 0.729999999999998
    vertex -9.313488492866437 -1.241957255897714 0.7300000000000018
    vertex -10 -0.8299999999999568 0.729999999999999
  endloop
endfacet
facet normal 1.40068e-14 -1.20386e-15 1
  outer loop
    vertex 10 1.659999999999898 0.730000000000002
    vertex 9.306977938984796 1.251182562229977 0.7300000000000112
    vertex 10 0.8299999999999467 0.730000000000001
  endloop
endfacet
facet normal 2.77866e-17 -3.78721e-15 1
  outer loop
    vertex -9.313488492866437 -1.241957255897714 0.7300000000000018
    vertex -8.688893821458361 -0.9735393133189562 0.7300000000000028
    vertex -9.206425685761268 -0.391035696257144 0.730000000000005
  endloop
endfacet
facet normal -4.73016e-17 -3.86482e-15 1
  outer loop
    vertex -8.333333333333332 -2.48999999999986 0.729999999999997
    vertex -7.904571215705567 -1.920719800526305 0.7299999999999992
    vertex -8.688449668244882 -1.738767536429477 0.7299999999999999
  endloop
endfacet
facet normal 4.23281e-17 -3.87036e-15 1
  outer loop
    vertex -7.083333333333329 -1.768312163512829 0.7299999999999998
    vertex -7.904571215705567 -1.920719800526305 0.7299999999999992
    vertex -7.5 -2.48999999999986 0.729999999999997
  endloop
endfacet
facet normal -2.2689e-17 -3.85774e-15 1
  outer loop
    vertex -6.69088674484529 -0.3733939841654439 0.7300000000000051
    vertex -7.116549600043854 -0.946472008459684 0.7300000000000029
    vertex -6.389910255274156 -1.094641061193721 0.7300000000000023
  endloop
endfacet
facet normal -3.23651e-17 -3.86461e-15 1
  outer loop
    vertex -6.666666666666668 -2.48999999999986 0.729999999999997
    vertex -6.134734318699739 -1.804984359931225 0.7299999999999996
    vertex -7.083333333333329 -1.768312163512829 0.7299999999999998
  endloop
endfacet
facet normal -3.78829e-17 -3.82405e-15 1
  outer loop
    vertex -4.583333333333332 -1.768312163512829 0.7299999999999998
    vertex -5.393979328458133 -1.934477239316259 0.7299999999999991
    vertex -5 -2.48999999999986 0.729999999999997
  endloop
endfacet
facet normal -1.26676e-16 -3.96245e-15 1
  outer loop
    vertex -4.168099886323176 -0.3782840658463877 0.7300000000000051
    vertex -4.584639929980332 -0.9533588061394656 0.7300000000000028
    vertex -3.751866474697128 -1.120074873085585 0.7300000000000022
  endloop
endfacet
facet normal 1.25738e-16 -3.98211e-15 1
  outer loop
    vertex -5.418495656924273 -1.119089673137523 0.7300000000000022
    vertex -4.584639929980332 -0.9533588061394656 0.7300000000000028
    vertex -5.001404298623751 -0.3810332551150024 0.7300000000000051
  endloop
endfacet
facet normal 7.35689e-17 -3.80345e-15 1
  outer loop
    vertex -4.166666666666668 -2.48999999999986 0.729999999999997
    vertex -3.750373294939425 -1.927339840022192 0.7299999999999991
    vertex -4.583333333333332 -1.768312163512829 0.7299999999999998
  endloop
endfacet
facet normal -7.34949e-17 -3.80349e-15 1
  outer loop
    vertex -2.916666666666667 -1.768312163512829 0.7299999999999998
    vertex -3.750373294939425 -1.927339840022192 0.7299999999999991
    vertex -3.333333333333335 -2.48999999999986 0.729999999999997
  endloop
endfacet
facet normal -3.65306e-17 -3.74523e-15 1
  outer loop
    vertex -7.917739743616295 -1.116519302689496 0.7300000000000022
    vertex -7.116549600043854 -0.946472008459684 0.7300000000000029
    vertex -7.500877923150192 -0.3794935307369314 0.730000000000005
  endloop
endfacet
facet normal 1.84275e-17 -3.87561e-15 1
  outer loop
    vertex -2.501453716825988 -0.3781984171527184 0.7300000000000051
    vertex -2.917995328632324 -0.9531068704631572 0.7300000000000029
    vertex -2.085209316878201 -1.121025577217398 0.7300000000000022
  endloop
endfacet
facet normal -2.2588e-17 -3.87678e-15 1
  outer loop
    vertex -3.751866474697128 -1.120074873085585 0.7300000000000022
    vertex -2.917995328632324 -0.9531068704631572 0.7300000000000029
    vertex -3.33478046809364 -0.3779233213472555 0.7300000000000051
  endloop
endfacet
facet normal -7.25197e-17 -3.80406e-15 1
  outer loop
    vertex -1.249999999999998 -1.768312163512829 0.7299999999999998
    vertex -2.083708530042307 -1.927529980848556 0.7299999999999991
    vertex -1.666666666666668 -2.48999999999986 0.729999999999997
  endloop
endfacet
facet normal 7.25932e-17 -3.80401e-15 1
  outer loop
    vertex -2.5 -2.48999999999986 0.729999999999997
    vertex -2.083708530042307 -1.927529980848556 0.7299999999999991
    vertex -2.916666666666667 -1.768312163512829 0.7299999999999998
  endloop
endfacet
facet normal 1.70991e-17 -3.87532e-15 1
  outer loop
    vertex -0.8347917244127814 -0.3789425433370011 0.7300000000000051
    vertex -1.251333916734852 -0.9537517050779569 0.7300000000000029
    vertex -0.41854504433614 -1.121968559102707 0.7300000000000022
  endloop
endfacet
facet normal -2.14154e-17 -3.87554e-15 1
  outer loop
    vertex -2.085209316878201 -1.121025577217398 0.7300000000000022
    vertex -1.251333916734852 -0.9537517050779569 0.7300000000000029
    vertex -1.668123498047141 -0.3785096822198488 0.7300000000000051
  endloop
endfacet
facet normal 4.5075e-17 -3.71811e-15 1
  outer loop
    vertex 0.4166666666666679 -1.768312163512829 0.7299999999999996
    vertex -0.4170423422005616 -1.927718577225618 0.7299999999999991
    vertex 0 -2.48999999999986 0.729999999999997
  endloop
endfacet
facet normal 7.16249e-17 -3.80457e-15 1
  outer loop
    vertex -0.8333333333333357 -2.48999999999986 0.729999999999997
    vertex -0.4170423422005616 -1.927718577225618 0.7299999999999991
    vertex -1.249999999999998 -1.768312163512829 0.7299999999999998
  endloop
endfacet
facet normal 8.20293e-17 -3.89328e-15 1
  outer loop
    vertex 7.916666666666668 -1.768312163512829 0.7299999999999998
    vertex 7.082943880822724 -1.928460003576251 0.7299999999999992
    vertex 7.5 -2.48999999999986 0.729999999999997
  endloop
endfacet
facet normal 5.00491e-17 -3.70669e-15 1
  outer loop
    vertex 0.8318737165811338 -0.3797341858158645 0.730000000000005
    vertex 0.4153314025809998 -0.9544433462077239 0.7300000000000029
    vertex 1.248120824048383 -1.122909735403522 0.7300000000000022
  endloop
endfacet
facet normal -2.02884e-17 -3.87533e-15 1
  outer loop
    vertex -0.41854504433614 -1.121968559102707 0.7300000000000022
    vertex 0.4153314025809998 -0.9544433462077239 0.7300000000000029
    vertex -0.001459150055048042 -0.3792920872036967 0.7300000000000051
  endloop
endfacet
facet normal -1.9593e-16 -3.80521e-15 1
  outer loop
    vertex 0.8333333333333321 -2.48999999999986 0.729999999999997
    vertex 1.249624164809678 -1.92790681248578 0.7299999999999992
    vertex 0.4166666666666679 -1.768312163512829 0.7299999999999996
  endloop
endfacet
facet normal -3.74789e-17 -3.97812e-15 1
  outer loop
    vertex 2.083333333333335 -1.768312163512829 0.7299999999999999
    vertex 1.249624164809678 -1.92790681248578 0.7299999999999992
    vertex 1.666666666666664 -2.48999999999986 0.729999999999997
  endloop
endfacet
facet normal 5.05754e-17 -3.91636e-15 1
  outer loop
    vertex 7.081386070780281 -1.125675690855875 0.7300000000000022
    vertex 7.887833514573444 -0.9451711648516284 0.7300000000000029
    vertex 7.498078400043532 -0.3832372170830385 0.7300000000000051
  endloop
endfacet
facet normal -1.01396e-16 -3.79077e-15 1
  outer loop
    vertex 2.498539929717976 -0.3805286385164046 0.7300000000000051
    vertex 2.081997595327979 -0.9551374217921612 0.7300000000000029
    vertex 2.914787085666109 -1.123850555250204 0.7300000000000023
  endloop
endfacet
facet normal -1.9168e-17 -3.87519e-15 1
  outer loop
    vertex 1.248120824048383 -1.122909735403522 0.7300000000000022
    vertex 2.081997595327979 -0.9551374217921612 0.7300000000000029
    vertex 1.665206803874093 -0.3800860162778452 0.7300000000000051
  endloop
endfacet
facet normal 1.86393e-16 -3.89215e-15 1
  outer loop
    vertex 2.5 -2.48999999999986 0.729999999999997
    vertex 2.916290750466555 -1.928094976455117 0.7299999999999991
    vertex 2.083333333333335 -1.768312163512829 0.7299999999999999
  endloop
endfacet
facet normal -6.96209e-17 -3.80573e-15 1
  outer loop
    vertex 3.75 -1.768312163512829 0.7299999999999998
    vertex 2.916290750466555 -1.928094976455117 0.7299999999999991
    vertex 3.333333333333332 -2.48999999999986 0.729999999999997
  endloop
endfacet
facet normal -1.44973e-16 -3.79372e-15 1
  outer loop
    vertex 4.165206583650066 -0.3815216302931619 0.7300000000000051
    vertex 3.721041187821427 -0.9498429122585547 0.7300000000000029
    vertex 4.443339201147642 -1.094503752750347 0.7300000000000024
  endloop
endfacet
facet normal 1.34171e-16 -3.81183e-15 1
  outer loop
    vertex 2.914787085666109 -1.123850555250204 0.7300000000000023
    vertex 3.721041187821427 -0.9498429122585547 0.7300000000000029
    vertex 3.331873068643311 -0.381026459486232 0.7300000000000051
  endloop
endfacet
facet normal -3.88764e-17 -3.86837e-15 1
  outer loop
    vertex 4.166666666666664 -2.48999999999986 0.729999999999997
    vertex 4.698576532971774 -1.806545206618819 0.7299999999999996
    vertex 3.75 -1.768312163512829 0.7299999999999998
  endloop
endfacet
facet normal -8.21156e-17 -3.89333e-15 1
  outer loop
    vertex 6.666666666666664 -2.48999999999986 0.729999999999997
    vertex 7.082943880822724 -1.928460003576251 0.7299999999999992
    vertex 6.25 -1.768312163512829 0.7299999999999998
  endloop
endfacet
facet normal -1.33089e-16 -3.96358e-15 1
  outer loop
    vertex 6.665111990294767 -0.3834216119328557 0.7300000000000051
    vertex 6.248628694022307 -0.9576602473227966 0.7300000000000028
    vertex 7.081386070780281 -1.125675690855875 0.7300000000000022
  endloop
endfacet
facet normal 8.97612e-17 -3.74391e-15 1
  outer loop
    vertex 6.25 -1.768312163512829 0.7299999999999998
    vertex 5.439339305930959 -1.936018390548546 0.7299999999999992
    vertex 5.833333333333332 -2.48999999999986 0.7299999999999971
  endloop
endfacet
facet normal 6.57641e-17 -3.63987e-15 1
  outer loop
    vertex 5.41478666334968 -1.125234582611361 0.7300000000000022
    vertex 6.248628694022307 -0.9576602473227966 0.7300000000000028
    vertex 5.831858745686798 -0.3856571877010637 0.7300000000000049
  endloop
endfacet
facet normal -1.14546e-16 -3.91206e-15 1
  outer loop
    vertex 8.333333333333332 -2.48999999999986 0.729999999999997
    vertex 8.788068145512664 -1.822206475009864 0.7299999999999996
    vertex 7.916666666666668 -1.768312163512829 0.7299999999999998
  endloop
endfacet
facet normal -5.87028e-15 -3.04512e-15 1
  outer loop
    vertex -10 -0.8299999999999568 0.729999999999999
    vertex -9.313488492866437 -1.241957255897714 0.7300000000000018
    vertex -9.206425685761268 -0.391035696257144 0.730000000000005
  endloop
endfacet
facet normal 1.20419e-14 -4.43684e-15 1
  outer loop
    vertex 10 0.8299999999999467 0.730000000000001
    vertex 9.306977938984796 1.251182562229977 0.7300000000000112
    vertex 9.254087554400751 0.4820631594336191 0.7300000000000084
  endloop
endfacet
facet normal 8.99488e-17 -3.73316e-15 1
  outer loop
    vertex 7.891490545810143 0.3071821331096078 0.7300000000000078
    vertex 8.607481342230187 0.2352150343880841 0.7300000000000074
    vertex 8.459739122196002 0.975143538114568 0.7300000000000102
  endloop
endfacet
facet normal -2.46977e-17 -3.74094e-15 1
  outer loop
    vertex -8.717556429668601 1.786814078643405 0.7300000000000133
    vertex -9.389394819530139 1.880282616663315 0.7300000000000136
    vertex -9.228415872305941 1.137277675115379 0.7300000000000109
  endloop
endfacet
facet normal -0 1.74805e-14 1
  outer loop
    vertex -10 2.48999999999985 0.730000000000003
    vertex -9.389394819530139 1.880282616663315 0.7300000000000136
    vertex -9.166666666666668 2.48999999999985 0.730000000000003
  endloop
endfacet
facet normal 2.39808e-15 -2.77497e-15 1
  outer loop
    vertex -9.166666666666668 -2.48999999999986 0.729999999999997
    vertex -9.40554866283388 -1.896267435104305 0.7299999999999992
    vertex -10 -2.48999999999986 0.729999999999999
  endloop
endfacet
facet normal -0 1.74805e-14 1
  outer loop
    vertex 9.166666666666664 2.48999999999985 0.730000000000003
    vertex 9.389394819530143 1.880282616663331 0.7300000000000136
    vertex 10 2.48999999999985 0.730000000000003
  endloop
endfacet
facet normal -1.86572e-14 -1.20386e-15 1
  outer loop
    vertex -10 1.659999999999899 0.730000000000002
    vertex -9.389394819530139 1.880282616663315 0.7300000000000136
    vertex -10 2.48999999999985 0.730000000000003
  endloop
endfacet
facet normal -1.57593e-15 1.20386e-15 1
  outer loop
    vertex -10 -2.48999999999986 0.729999999999999
    vertex -9.40554866283388 -1.896267435104305 0.7299999999999992
    vertex -10 -1.659999999999908 0.729999999999998
  endloop
endfacet
facet normal 1.86572e-14 -1.20386e-15 1
  outer loop
    vertex 10 2.48999999999985 0.730000000000003
    vertex 9.389394819530143 1.880282616663331 0.7300000000000136
    vertex 10 1.659999999999898 0.730000000000002
  endloop
endfacet
facet normal -9.50497e-15 -6.51321e-15 1
  outer loop
    vertex -9.206425685761268 -0.391035696257144 0.730000000000005
    vertex -9.438649095471604 0.4080904979969509 0.730000000000008
    vertex -10 -4.440892098500626e-15 0.73
  endloop
endfacet
facet normal -2.39808e-15 -3.13321e-15 1
  outer loop
    vertex 10 -2.48999999999986 0.729999999999999
    vertex 9.392068942502252 -1.882967479085134 0.7299999999999994
    vertex 9.166666666666664 -2.48999999999986 0.729999999999997
  endloop
endfacet
facet normal 1.93257e-15 1.20386e-15 1
  outer loop
    vertex 10 -1.659999999999908 0.729999999999998
    vertex 9.392068942502252 -1.882967479085134 0.7299999999999994
    vertex 10 -2.48999999999986 0.729999999999999
  endloop
endfacet
facet normal 0 -3.90044e-15 1
  outer loop
    vertex -7.5 -2.48999999999986 0.729999999999997
    vertex -7.904571215705567 -1.920719800526305 0.7299999999999992
    vertex -8.333333333333332 -2.48999999999986 0.729999999999997
  endloop
endfacet
facet normal -1.08496e-16 -3.79401e-15 1
  outer loop
    vertex -7.500877923150192 -0.3794935307369314 0.730000000000005
    vertex -7.116549600043854 -0.946472008459684 0.7300000000000029
    vertex -6.69088674484529 -0.3733939841654439 0.7300000000000051
  endloop
endfacet
facet normal 0 -3.88974e-15 1
  outer loop
    vertex -5.833333333333336 -2.48999999999986 0.729999999999997
    vertex -6.134734318699739 -1.804984359931225 0.7299999999999996
    vertex -6.666666666666668 -2.48999999999986 0.729999999999997
  endloop
endfacet
facet normal 7.51959e-17 -3.85666e-15 1
  outer loop
    vertex -5.833333333333336 -2.48999999999986 0.729999999999997
    vertex -5.393979328458133 -1.934477239316259 0.7299999999999991
    vertex -6.134734318699739 -1.804984359931225 0.7299999999999996
  endloop
endfacet
facet normal 0 -3.79719e-15 1
  outer loop
    vertex -5 -2.48999999999986 0.729999999999997
    vertex -5.393979328458133 -1.934477239316259 0.7299999999999991
    vertex -5.833333333333336 -2.48999999999986 0.729999999999997
  endloop
endfacet
facet normal 1.34074e-17 -4.06391e-15 1
  outer loop
    vertex -5.001404298623751 -0.3810332551150024 0.7300000000000051
    vertex -4.584639929980332 -0.9533588061394656 0.7300000000000028
    vertex -4.168099886323176 -0.3782840658463877 0.7300000000000051
  endloop
endfacet
facet normal 0 -3.74902e-15 1
  outer loop
    vertex -3.333333333333335 -2.48999999999986 0.729999999999997
    vertex -3.750373294939425 -1.927339840022192 0.7299999999999991
    vertex -4.166666666666668 -2.48999999999986 0.729999999999997
  endloop
endfacet
facet normal -1.2747e-18 -3.86134e-15 1
  outer loop
    vertex -3.33478046809364 -0.3779233213472555 0.7300000000000051
    vertex -2.917995328632324 -0.9531068704631572 0.7300000000000029
    vertex -2.501453716825988 -0.3781984171527184 0.7300000000000051
  endloop
endfacet
facet normal 0 -3.75029e-15 1
  outer loop
    vertex -1.666666666666668 -2.48999999999986 0.729999999999997
    vertex -2.083708530042307 -1.927529980848556 0.7299999999999991
    vertex -2.5 -2.48999999999986 0.729999999999997
  endloop
endfacet
facet normal -2.00578e-18 -3.86147e-15 1
  outer loop
    vertex -1.668123498047141 -0.3785096822198488 0.7300000000000051
    vertex -1.251333916734852 -0.9537517050779569 0.7300000000000029
    vertex -0.8347917244127814 -0.3789425433370011 0.7300000000000051
  endloop
endfacet
facet normal 0 -3.75154e-15 1
  outer loop
    vertex 0 -2.48999999999986 0.729999999999997
    vertex -0.4170423422005616 -1.927718577225618 0.7299999999999991
    vertex -0.8333333333333357 -2.48999999999986 0.729999999999997
  endloop
endfacet
facet normal 1.31229e-16 -3.76553e-15 1
  outer loop
    vertex -0.001459150055048042 -0.3792920872036967 0.7300000000000051
    vertex 0.4153314025809998 -0.9544433462077239 0.7300000000000029
    vertex 0.8318737165811338 -0.3797341858158645 0.730000000000005
  endloop
endfacet
facet normal 0 -3.95032e-15 1
  outer loop
    vertex 1.666666666666664 -2.48999999999986 0.729999999999997
    vertex 1.249624164809678 -1.92790681248578 0.7299999999999992
    vertex 0.8333333333333321 -2.48999999999986 0.729999999999997
  endloop
endfacet
facet normal -2.05171e-18 -3.86279e-15 1
  outer loop
    vertex 1.665206803874093 -0.3800860162778452 0.7300000000000051
    vertex 2.081997595327979 -0.9551374217921612 0.7300000000000029
    vertex 2.498539929717976 -0.3805286385164046 0.7300000000000051
  endloop
endfacet
facet normal 0 -3.75406e-15 1
  outer loop
    vertex 3.333333333333332 -2.48999999999986 0.729999999999997
    vertex 2.916290750466555 -1.928094976455117 0.7299999999999991
    vertex 2.5 -2.48999999999986 0.729999999999997
  endloop
endfacet
facet normal 3.16923e-17 -3.92945e-15 1
  outer loop
    vertex 7.498078400043532 -0.3832372170830385 0.7300000000000051
    vertex 7.887833514573444 -0.9451711648516284 0.7300000000000029
    vertex 8.330661126783991 -0.4047760357442982 0.730000000000005
  endloop
endfacet
facet normal -2.3205e-18 -3.90521e-15 1
  outer loop
    vertex 3.331873068643311 -0.381026459486232 0.7300000000000051
    vertex 3.721041187821427 -0.9498429122585547 0.7300000000000029
    vertex 4.165206583650066 -0.3815216302931619 0.7300000000000051
  endloop
endfacet
facet normal 0 -3.89863e-15 1
  outer loop
    vertex 5 -2.48999999999986 0.729999999999997
    vertex 4.698576532971774 -1.806545206618819 0.7299999999999996
    vertex 4.166666666666664 -2.48999999999986 0.729999999999997
  endloop
endfacet
facet normal -8.87551e-17 -3.93777e-15 1
  outer loop
    vertex 5 -2.48999999999986 0.729999999999997
    vertex 5.439339305930959 -1.936018390548546 0.7299999999999992
    vertex 4.698576532971774 -1.806545206618819 0.7299999999999996
  endloop
endfacet
facet normal -1.33227e-16 -3.9025e-15 1
  outer loop
    vertex 5.833333333333332 -2.48999999999986 0.7299999999999971
    vertex 5.439339305930959 -1.936018390548546 0.7299999999999992
    vertex 5 -2.48999999999986 0.729999999999997
  endloop
endfacet
facet normal -2.56084e-16 -3.87437e-15 1
  outer loop
    vertex 5.831858745686798 -0.3856571877010637 0.7300000000000049
    vertex 6.248628694022307 -0.9576602473227966 0.7300000000000028
    vertex 6.665111990294767 -0.3834216119328557 0.7300000000000051
  endloop
endfacet
facet normal 0 -3.95421e-15 1
  outer loop
    vertex 7.5 -2.48999999999986 0.729999999999997
    vertex 7.082943880822724 -1.928460003576251 0.7299999999999992
    vertex 6.666666666666664 -2.48999999999986 0.729999999999997
  endloop
endfacet
facet normal -1.26862e-14 -3.01042e-16 1
  outer loop
    vertex -10 0.8299999999999471 0.730000000000001
    vertex -9.438649095471604 0.4080904979969509 0.730000000000008
    vertex -9.228415872305941 1.137277675115379 0.7300000000000109
  endloop
endfacet
facet normal -6.94344e-18 -3.91989e-15 1
  outer loop
    vertex -8.318365516802942 -0.379416775320947 0.7300000000000051
    vertex -8.688893821458361 -0.9735393133189562 0.7300000000000028
    vertex -7.917739743616295 -1.116519302689496 0.7300000000000022
  endloop
endfacet
facet normal -1.33648e-14 -1.20386e-15 1
  outer loop
    vertex -10 -4.440892098500626e-15 0.73
    vertex -9.438649095471604 0.4080904979969509 0.730000000000008
    vertex -10 0.8299999999999471 0.730000000000001
  endloop
endfacet
facet normal 7.81782e-17 -3.85026e-15 1
  outer loop
    vertex 8.330661126783991 -0.4047760357442982 0.730000000000005
    vertex 8.607481342230187 0.2352150343880841 0.7300000000000074
    vertex 7.891490545810143 0.3071821331096078 0.7300000000000078
  endloop
endfacet
facet normal 1.20337e-16 -3.65339e-15 1
  outer loop
    vertex 9.30729795531434 -1.258104490399398 0.7300000000000016
    vertex 8.564895122601898 -1.100224984666909 0.7300000000000023
    vertex 8.788068145512664 -1.822206475009864 0.7299999999999996
  endloop
endfacet
facet normal -5.15239e-17 -3.94377e-15 1
  outer loop
    vertex -9.228415872305941 1.137277675115379 0.7300000000000109
    vertex -9.438649095471604 0.4080904979969509 0.730000000000008
    vertex -8.729875188606027 0.3425280365187342 0.7300000000000078
  endloop
endfacet
facet normal 2.13213e-17 -3.77217e-15 1
  outer loop
    vertex -8.688449668244882 -1.738767536429477 0.7299999999999999
    vertex -8.688893821458361 -0.9735393133189562 0.7300000000000028
    vertex -9.313488492866437 -1.241957255897714 0.7300000000000018
  endloop
endfacet
facet normal -3.58094e-17 -4.01036e-15 1
  outer loop
    vertex 9.166666666666664 -2.48999999999986 0.729999999999997
    vertex 9.392068942502252 -1.882967479085134 0.7299999999999994
    vertex 8.788068145512664 -1.822206475009864 0.7299999999999996
  endloop
endfacet
facet normal -3.41457e-15 -3.42218e-15 1
  outer loop
    vertex -10 -1.659999999999908 0.729999999999998
    vertex -9.40554866283388 -1.896267435104305 0.7299999999999992
    vertex -9.313488492866437 -1.241957255897714 0.7300000000000018
  endloop
endfacet
facet normal 1.68924e-14 -6.09555e-15 1
  outer loop
    vertex 10 1.659999999999898 0.730000000000002
    vertex 9.389394819530143 1.880282616663331 0.7300000000000136
    vertex 9.306977938984796 1.251182562229977 0.7300000000000112
  endloop
endfacet
facet normal 2.7861e-15 1.64627e-14 1
  outer loop
    vertex -9.166666666666668 2.48999999999985 0.730000000000003
    vertex -9.389394819530139 1.880282616663315 0.7300000000000136
    vertex -8.717556429668601 1.786814078643405 0.7300000000000133
  endloop
endfacet
facet normal -9.88054e-17 -3.77956e-15 1
  outer loop
    vertex -8.688449668244882 -1.738767536429477 0.7299999999999999
    vertex -9.40554866283388 -1.896267435104305 0.7299999999999992
    vertex -9.166666666666668 -2.48999999999986 0.729999999999997
  endloop
endfacet
facet normal -2.80975e-15 1.64541e-14 1
  outer loop
    vertex 8.745060081251033 1.790496323488381 0.7300000000000133
    vertex 9.389394819530143 1.880282616663331 0.7300000000000136
    vertex 9.166666666666664 2.48999999999985 0.730000000000003
  endloop
endfacet
facet normal 3.50309e-15 -3.07825e-15 1
  outer loop
    vertex 9.30729795531434 -1.258104490399398 0.7300000000000016
    vertex 9.392068942502252 -1.882967479085134 0.7299999999999994
    vertex 10 -1.659999999999908 0.729999999999998
  endloop
endfacet
facet normal 1.02908e-17 -3.5521e-15 1
  outer loop
    vertex 8.788068145512664 -1.822206475009864 0.7299999999999996
    vertex 9.392068942502252 -1.882967479085134 0.7299999999999994
    vertex 9.30729795531434 -1.258104490399398 0.7300000000000016
  endloop
endfacet
facet normal -7.40701e-17 -3.89218e-15 1
  outer loop
    vertex -9.313488492866437 -1.241957255897714 0.7300000000000018
    vertex -9.40554866283388 -1.896267435104305 0.7299999999999992
    vertex -8.688449668244882 -1.738767536429477 0.7299999999999999
  endloop
endfacet
facet normal 2.45502e-17 -3.88573e-15 1
  outer loop
    vertex 9.306977938984796 1.251182562229977 0.7300000000000112
    vertex 9.389394819530143 1.880282616663331 0.7300000000000136
    vertex 8.745060081251033 1.790496323488381 0.7300000000000133
  endloop
endfacet
facet normal -6.23521e-17 -3.85239e-15 1
  outer loop
    vertex 7.887833514573444 -0.9451711648516284 0.7300000000000029
    vertex 8.564895122601898 -1.100224984666909 0.7300000000000023
    vertex 8.330661126783991 -0.4047760357442982 0.730000000000005
  endloop
endfacet
facet normal 1 0 -0
  outer loop
    vertex 10 1.659999999999899 0.3299999999999971
    vertex 10 2.074999999999875 0.5299999999999997
    vertex 10 1.659999999999898 0.730000000000002
  endloop
endfacet
facet normal 1 0 -0
  outer loop
    vertex 10 -0.8299999999999563 0.3299999999999971
    vertex 10 -0.4149999999999816 0.5299999999999983
    vertex 10 -0.8299999999999568 0.729999999999999
  endloop
endfacet
facet normal 1 0 0
  outer loop
    vertex 10 -1.659999999999908 0.729999999999998
    vertex 10 -2.074999999999884 0.5299999999999973
    vertex 10 -1.659999999999908 0.3299999999999971
  endloop
endfacet
facet normal 1 0 0
  outer loop
    vertex 10 0.8299999999999467 0.3299999999999971
    vertex 10 1.244999999999923 0.5299999999999991
    vertex 10 0.8299999999999467 0.730000000000001
  endloop
endfacet
facet normal 1 0 0
  outer loop
    vertex 10 1.659999999999898 0.730000000000002
    vertex 10 1.244999999999923 0.5299999999999991
    vertex 10 1.659999999999899 0.3299999999999971
  endloop
endfacet
facet normal 1 0 -0
  outer loop
    vertex 10 -4.884981308350689e-15 0.3299999999999971
    vertex 10 0.4149999999999709 0.5299999999999987
    vertex 10 -5.329070518200751e-15 0.73
  endloop
endfacet
facet normal 1 0 0
  outer loop
    vertex 10 0.8299999999999467 0.730000000000001
    vertex 10 0.4149999999999709 0.5299999999999987
    vertex 10 0.8299999999999467 0.3299999999999971
  endloop
endfacet
facet normal 1 0 0
  outer loop
    vertex 10 -0.8299999999999568 0.729999999999999
    vertex 10 -1.244999999999933 0.5299999999999978
    vertex 10 -0.8299999999999563 0.3299999999999971
  endloop
endfacet
facet normal 1 0 -0
  outer loop
    vertex 10 -1.659999999999908 0.3299999999999971
    vertex 10 -1.244999999999933 0.5299999999999978
    vertex 10 -1.659999999999908 0.729999999999998
  endloop
endfacet
facet normal 1 0 0
  outer loop
    vertex 10 2.48999999999985 0.730000000000003
    vertex 10 2.074999999999875 0.5299999999999997
    vertex 10 2.48999999999985 0.3299999999999971
  endloop
endfacet
facet normal 1 0 0
  outer loop
    vertex 10 -5.329070518200751e-15 0.73
    vertex 10 -0.4149999999999816 0.5299999999999983
    vertex 10 -4.884981308350689e-15 0.3299999999999971
  endloop
endfacet
facet normal 1 0 0
  outer loop
    vertex 10 -2.48999999999986 0.3299999999999971
    vertex 10 -2.074999999999884 0.5299999999999973
    vertex 10 -2.48999999999986 0.729999999999999
  endloop
endfacet
facet normal 1 -0 0
  outer loop
    vertex 10 1.659999999999898 0.730000000000002
    vertex 10 2.074999999999875 0.5299999999999997
    vertex 10 2.48999999999985 0.730000000000003
  endloop
endfacet
facet normal 1 0 0
  outer loop
    vertex 10 -2.48999999999986 0.729999999999999
    vertex 10 -2.074999999999884 0.5299999999999973
    vertex 10 -1.659999999999908 0.729999999999998
  endloop
endfacet
facet normal 1 0 0
  outer loop
    vertex 10 -1.659999999999908 0.3299999999999971
    vertex 10 -2.074999999999884 0.5299999999999973
    vertex 10 -2.48999999999986 0.3299999999999971
  endloop
endfacet
facet normal 1 0 0
  outer loop
    vertex 10 2.48999999999985 0.3299999999999971
    vertex 10 2.074999999999875 0.5299999999999997
    vertex 10 1.659999999999899 0.3299999999999971
  endloop
endfacet
facet normal 1 -0 0
  outer loop
    vertex 10 0.8299999999999467 0.730000000000001
    vertex 10 1.244999999999923 0.5299999999999991
    vertex 10 1.659999999999898 0.730000000000002
  endloop
endfacet
facet normal 1 -0 0
  outer loop
    vertex 10 -5.329070518200751e-15 0.73
    vertex 10 0.4149999999999709 0.5299999999999987
    vertex 10 0.8299999999999467 0.730000000000001
  endloop
endfacet
facet normal 1 -0 0
  outer loop
    vertex 10 -0.8299999999999568 0.729999999999999
    vertex 10 -0.4149999999999816 0.5299999999999983
    vertex 10 -5.329070518200751e-15 0.73
  endloop
endfacet
facet normal 1 -0 0
  outer loop
    vertex 10 -1.659999999999908 0.729999999999998
    vertex 10 -1.244999999999933 0.5299999999999978
    vertex 10 -0.8299999999999568 0.729999999999999
  endloop
endfacet
facet normal 1 0 0
  outer loop
    vertex 10 1.659999999999899 0.3299999999999971
    vertex 10 1.244999999999923 0.5299999999999991
    vertex 10 0.8299999999999467 0.3299999999999971
  endloop
endfacet
facet normal 1 0 0
  outer loop
    vertex 10 0.8299999999999467 0.3299999999999971
    vertex 10 0.4149999999999709 0.5299999999999987
    vertex 10 -4.884981308350689e-15 0.3299999999999971
  endloop
endfacet
facet normal 1 0 0
  outer loop
    vertex 10 -4.884981308350689e-15 0.3299999999999971
    vertex 10 -0.4149999999999816 0.5299999999999983
    vertex 10 -0.8299999999999563 0.3299999999999971
  endloop
endfacet
facet normal 1 0 0
  outer loop
    vertex 10 -0.8299999999999563 0.3299999999999971
    vertex 10 -1.244999999999933 0.5299999999999978
    vertex 10 -1.659999999999908 0.3299999999999971
  endloop
endfacet
facet normal -1 0 0
  outer loop
    vertex -10 1.659999999999899 0.730000000000002
    vertex -10 2.074999999999874 0.5299999999999998
    vertex -10 1.659999999999899 0.3299999999999971
  endloop
endfacet
facet normal -1 0 0
  outer loop
    vertex -10 0.829999999999947 0.3299999999999971
    vertex -10 0.4149999999999716 0.5299999999999987
    vertex -10 0.8299999999999471 0.730000000000001
  endloop
endfacet
facet normal -1 0 0
  outer loop
    vertex -10 -1.659999999999908 0.3299999999999971
    vertex -10 -2.074999999999885 0.5299999999999971
    vertex -10 -1.659999999999908 0.729999999999998
  endloop
endfacet
facet normal -1 0 0
  outer loop
    vertex -10 -1.659999999999908 0.729999999999998
    vertex -10 -1.244999999999933 0.5299999999999977
    vertex -10 -1.659999999999908 0.3299999999999971
  endloop
endfacet
facet normal -1 0 -0
  outer loop
    vertex -10 0.8299999999999471 0.730000000000001
    vertex -10 1.244999999999923 0.5299999999999991
    vertex -10 0.829999999999947 0.3299999999999971
  endloop
endfacet
facet normal -1 0 0
  outer loop
    vertex -10 1.659999999999899 0.3299999999999971
    vertex -10 1.244999999999923 0.5299999999999991
    vertex -10 1.659999999999899 0.730000000000002
  endloop
endfacet
facet normal -1 0 0
  outer loop
    vertex -10 -4.884981308350689e-15 0.3299999999999971
    vertex -10 -0.4149999999999814 0.5299999999999983
    vertex -10 -4.440892098500626e-15 0.73
  endloop
endfacet
facet normal -1 0 0
  outer loop
    vertex -10 -0.8299999999999568 0.729999999999999
    vertex -10 -0.4149999999999814 0.5299999999999983
    vertex -10 -0.8299999999999563 0.3299999999999971
  endloop
endfacet
facet normal -1 0 0
  outer loop
    vertex -10 2.48999999999985 0.3299999999999971
    vertex -10 2.074999999999874 0.5299999999999998
    vertex -10 2.48999999999985 0.730000000000003
  endloop
endfacet
facet normal -1 0 0
  outer loop
    vertex -10 -0.8299999999999563 0.3299999999999971
    vertex -10 -1.244999999999933 0.5299999999999977
    vertex -10 -0.8299999999999568 0.729999999999999
  endloop
endfacet
facet normal -1 0 -0
  outer loop
    vertex -10 -4.440892098500626e-15 0.73
    vertex -10 0.4149999999999716 0.5299999999999987
    vertex -10 -4.884981308350689e-15 0.3299999999999971
  endloop
endfacet
facet normal -1 0 0
  outer loop
    vertex -10 -2.48999999999986 0.729999999999999
    vertex -10 -2.074999999999885 0.5299999999999971
    vertex -10 -2.48999999999986 0.3299999999999971
  endloop
endfacet
facet normal -1 0 0
  outer loop
    vertex -10 2.48999999999985 0.730000000000003
    vertex -10 2.074999999999874 0.5299999999999998
    vertex -10 1.659999999999899 0.730000000000002
  endloop
endfacet
facet normal -1 -0 0
  outer loop
    vertex -10 -1.659999999999908 0.729999999999998
    vertex -10 -2.074999999999885 0.5299999999999971
    vertex -10 -2.48999999999986 0.729999999999999
  endloop
endfacet
facet normal -1 0 0
  outer loop
    vertex -10 1.659999999999899 0.3299999999999971
    vertex -10 2.074999999999874 0.5299999999999998
    vertex -10 2.48999999999985 0.3299999999999971
  endloop
endfacet
facet normal -1 0 0
  outer loop
    vertex -10 -2.48999999999986 0.3299999999999971
    vertex -10 -2.074999999999885 0.5299999999999971
    vertex -10 -1.659999999999908 0.3299999999999971
  endloop
endfacet
facet normal -1 0 0
  outer loop
    vertex -10 -0.8299999999999568 0.729999999999999
    vertex -10 -1.244999999999933 0.5299999999999977
    vertex -10 -1.659999999999908 0.729999999999998
  endloop
endfacet
facet normal -1 0 0
  outer loop
    vertex -10 -4.440892098500626e-15 0.73
    vertex -10 -0.4149999999999814 0.5299999999999983
    vertex -10 -0.8299999999999568 0.729999999999999
  endloop
endfacet
facet normal -1 0 0
  outer loop
    vertex -10 0.8299999999999471 0.730000000000001
    vertex -10 0.4149999999999716 0.5299999999999987
    vertex -10 -4.440892098500626e-15 0.73
  endloop
endfacet
facet normal -1 0 0
  outer loop
    vertex -10 1.659999999999899 0.730000000000002
    vertex -10 1.244999999999923 0.5299999999999991
    vertex -10 0.8299999999999471 0.730000000000001
  endloop
endfacet
facet normal -1 0 0
  outer loop
    vertex -10 -1.659999999999908 0.3299999999999971
    vertex -10 -1.244999999999933 0.5299999999999977
    vertex -10 -0.8299999999999563 0.3299999999999971
  endloop
endfacet
facet normal -1 0 0
  outer loop
    vertex -10 -0.8299999999999563 0.3299999999999971
    vertex -10 -0.4149999999999814 0.5299999999999983
    vertex -10 -4.884981308350689e-15 0.3299999999999971
  endloop
endfacet
facet normal -1 0 0
  outer loop
    vertex -10 -4.884981308350689e-15 0.3299999999999971
    vertex -10 0.4149999999999716 0.5299999999999987
    vertex -10 0.829999999999947 0.3299999999999971
  endloop
endfacet
facet normal -1 0 0
  outer loop
    vertex -10 0.829999999999947 0.3299999999999971
    vertex -10 1.244999999999923 0.5299999999999991
    vertex -10 1.659999999999899 0.3299999999999971
  endloop
endfacet
facet normal 0.707107 8.09874e-15 -0.707107
  outer loop
    vertex 9.6 -2.48999999999986 -0.07000000000000291
    vertex 9.799999999999997 -2.074999999999885 0.1299999999999992
    vertex 10 -2.48999999999986 0.3299999999999971
  endloop
endfacet
facet normal 0.707107 8.57166e-15 -0.707107
  outer loop
    vertex 9.6 -4.884981308350689e-15 -0.07000000000000291
    vertex 9.799999999999997 0.4149999999999707 0.1299999999999994
    vertex 10 -4.884981308350689e-15 0.3299999999999971
  endloop
endfacet
facet normal 0.707107 7.33025e-15 -0.707107
  outer loop
    vertex 9.6 -1.659999999999908 -0.07000000000000291
    vertex 9.799999999999997 -1.244999999999933 0.1299999999999987
    vertex 10 -1.659999999999908 0.3299999999999971
  endloop
endfacet
facet normal 0.707107 8.68989e-15 -0.707107
  outer loop
    vertex 9.6 0.829999999999947 -0.07000000000000292
    vertex 9.799999999999997 1.244999999999922 0.1299999999999995
    vertex 10 0.8299999999999467 0.3299999999999971
  endloop
endfacet
facet normal 0.707107 7.5076e-15 -0.707107
  outer loop
    vertex 9.6 1.659999999999899 -0.07000000000000291
    vertex 9.799999999999997 2.074999999999874 0.1299999999999988
    vertex 10 1.659999999999899 0.3299999999999971
  endloop
endfacet
facet normal 0.707107 7.33025e-15 -0.707107
  outer loop
    vertex 9.6 -0.8299999999999563 -0.07000000000000291
    vertex 9.799999999999997 -0.4149999999999805 0.1299999999999987
    vertex 10 -0.8299999999999563 0.3299999999999971
  endloop
endfacet
facet normal 0.707107 -8.57166e-15 -0.707107
  outer loop
    vertex 10 0.8299999999999467 0.3299999999999971
    vertex 9.799999999999997 0.4149999999999707 0.1299999999999994
    vertex 9.6 0.829999999999947 -0.07000000000000292
  endloop
endfacet
facet normal 0.707107 -8.68989e-15 -0.707107
  outer loop
    vertex 10 1.659999999999899 0.3299999999999971
    vertex 9.799999999999997 1.244999999999922 0.1299999999999995
    vertex 9.6 1.659999999999899 -0.07000000000000291
  endloop
endfacet
facet normal 0.707107 -8.03963e-15 -0.707107
  outer loop
    vertex 10 -1.659999999999908 0.3299999999999971
    vertex 9.799999999999997 -2.074999999999885 0.1299999999999992
    vertex 9.6 -1.659999999999908 -0.07000000000000291
  endloop
endfacet
facet normal 0.707107 -7.33025e-15 -0.707107
  outer loop
    vertex 10 -4.884981308350689e-15 0.3299999999999971
    vertex 9.799999999999997 -0.4149999999999805 0.1299999999999987
    vertex 9.6 -4.884981308350689e-15 -0.07000000000000291
  endloop
endfacet
facet normal 0.707107 -7.33025e-15 -0.707107
  outer loop
    vertex 10 -0.8299999999999563 0.3299999999999971
    vertex 9.799999999999997 -1.244999999999933 0.1299999999999987
    vertex 9.6 -0.8299999999999563 -0.07000000000000291
  endloop
endfacet
facet normal 0.707107 -7.44848e-15 -0.707107
  outer loop
    vertex 10 2.48999999999985 0.3299999999999971
    vertex 9.799999999999997 2.074999999999874 0.1299999999999988
    vertex 9.6 2.48999999999985 -0.07000000000000291
  endloop
endfacet
facet normal 0.707107 0 -0.707107
  outer loop
    vertex 10 -2.48999999999986 0.3299999999999971
    vertex 9.799999999999997 -2.074999999999885 0.1299999999999992
    vertex 10 -1.659999999999908 0.3299999999999971
  endloop
endfacet
facet normal 0.707107 0 -0.707107
  outer loop
    vertex 10 1.659999999999899 0.3299999999999971
    vertex 9.799999999999997 2.074999999999874 0.1299999999999988
    vertex 10 2.48999999999985 0.3299999999999971
  endloop
endfacet
facet normal 0.707107 0 -0.707107
  outer loop
    vertex 9.6 -1.659999999999908 -0.07000000000000291
    vertex 9.799999999999997 -2.074999999999885 0.1299999999999992
    vertex 9.6 -2.48999999999986 -0.07000000000000291
  endloop
endfacet
facet normal 0.707107 0 -0.707107
  outer loop
    vertex 9.6 2.48999999999985 -0.07000000000000291
    vertex 9.799999999999997 2.074999999999874 0.1299999999999988
    vertex 9.6 1.659999999999899 -0.07000000000000291
  endloop
endfacet
facet normal 0.707107 0 -0.707107
  outer loop
    vertex 10 0.8299999999999467 0.3299999999999971
    vertex 9.799999999999997 1.244999999999922 0.1299999999999995
    vertex 10 1.659999999999899 0.3299999999999971
  endloop
endfacet
facet normal 0.707107 0 -0.707107
  outer loop
    vertex 10 -4.884981308350689e-15 0.3299999999999971
    vertex 9.799999999999997 0.4149999999999707 0.1299999999999994
    vertex 10 0.8299999999999467 0.3299999999999971
  endloop
endfacet
facet normal 0.707107 0 -0.707107
  outer loop
    vertex 10 -0.8299999999999563 0.3299999999999971
    vertex 9.799999999999997 -0.4149999999999805 0.1299999999999987
    vertex 10 -4.884981308350689e-15 0.3299999999999971
  endloop
endfacet
facet normal 0.707107 0 -0.707107
  outer loop
    vertex 10 -1.659999999999908 0.3299999999999971
    vertex 9.799999999999997 -1.244999999999933 0.1299999999999987
    vertex 10 -0.8299999999999563 0.3299999999999971
  endloop
endfacet
facet normal 0.707107 0 -0.707107
  outer loop
    vertex 9.6 -0.8299999999999563 -0.07000000000000291
    vertex 9.799999999999997 -1.244999999999933 0.1299999999999987
    vertex 9.6 -1.659999999999908 -0.07000000000000291
  endloop
endfacet
facet normal 0.707107 0 -0.707107
  outer loop
    vertex 9.6 -4.884981308350689e-15 -0.07000000000000291
    vertex 9.799999999999997 -0.4149999999999805 0.1299999999999987
    vertex 9.6 -0.8299999999999563 -0.07000000000000291
  endloop
endfacet
facet normal 0.707107 -1.1823e-17 -0.707107
  outer loop
    vertex 9.6 0.829999999999947 -0.07000000000000292
    vertex 9.799999999999997 0.4149999999999707 0.1299999999999994
    vertex 9.6 -4.884981308350689e-15 -0.07000000000000291
  endloop
endfacet
facet normal 0.707107 1.1823e-17 -0.707107
  outer loop
    vertex 9.6 1.659999999999899 -0.07000000000000291
    vertex 9.799999999999997 1.244999999999922 0.1299999999999995
    vertex 9.6 0.829999999999947 -0.07000000000000292
  endloop
endfacet
facet normal -0.707107 -8.27609e-15 -0.707107
  outer loop
    vertex -9.6 -1.659999999999908 -0.07000000000000291
    vertex -9.799999999999997 -2.074999999999884 0.1299999999999993
    vertex -10 -1.659999999999908 0.3299999999999971
  endloop
endfacet
facet normal -0.707107 -7.86229e-15 -0.707107
  outer loop
    vertex -9.6 0.8299999999999467 -0.07000000000000291
    vertex -9.799999999999997 0.4149999999999707 0.1299999999999991
    vertex -10 0.829999999999947 0.3299999999999971
  endloop
endfacet
facet normal -0.707107 -8.57166e-15 -0.707107
  outer loop
    vertex -9.6 -0.8299999999999563 -0.07000000000000291
    vertex -9.799999999999997 -1.244999999999933 0.1299999999999994
    vertex -10 -0.8299999999999563 0.3299999999999971
  endloop
endfacet
facet normal -0.707107 -7.62583e-15 -0.707107
  outer loop
    vertex -9.6 2.48999999999985 -0.07000000000000291
    vertex -9.799999999999997 2.074999999999875 0.1299999999999989
    vertex -10 2.48999999999985 0.3299999999999971
  endloop
endfacet
facet normal -0.707107 -7.80317e-15 -0.707107
  outer loop
    vertex -9.6 -4.884981308350689e-15 -0.07000000000000291
    vertex -9.799999999999997 -0.4149999999999805 0.129999999999999
    vertex -10 -4.884981308350689e-15 0.3299999999999971
  endloop
endfacet
facet normal -0.707107 -7.80317e-15 -0.707107
  outer loop
    vertex -9.6 1.659999999999899 -0.07000000000000291
    vertex -9.799999999999997 1.244999999999924 0.129999999999999
    vertex -10 1.659999999999899 0.3299999999999971
  endloop
endfacet
facet normal -0.707107 7.80317e-15 -0.707107
  outer loop
    vertex -10 0.829999999999947 0.3299999999999971
    vertex -9.799999999999997 1.244999999999924 0.129999999999999
    vertex -9.6 0.8299999999999467 -0.07000000000000291
  endloop
endfacet
facet normal -0.707107 7.80317e-15 -0.707107
  outer loop
    vertex -10 -0.8299999999999563 0.3299999999999971
    vertex -9.799999999999997 -0.4149999999999805 0.129999999999999
    vertex -9.6 -0.8299999999999563 -0.07000000000000291
  endloop
endfacet
facet normal -0.707107 8.51255e-15 -0.707107
  outer loop
    vertex -10 -1.659999999999908 0.3299999999999971
    vertex -9.799999999999997 -1.244999999999933 0.1299999999999994
    vertex -9.6 -1.659999999999908 -0.07000000000000291
  endloop
endfacet
facet normal -0.707107 8.21697e-15 -0.707107
  outer loop
    vertex -10 -2.48999999999986 0.3299999999999971
    vertex -9.799999999999997 -2.074999999999884 0.1299999999999993
    vertex -9.6 -2.48999999999986 -0.07000000000000291
  endloop
endfacet
facet normal -0.707107 7.56671e-15 -0.707107
  outer loop
    vertex -10 1.659999999999899 0.3299999999999971
    vertex -9.799999999999997 2.074999999999875 0.1299999999999989
    vertex -9.6 1.659999999999899 -0.07000000000000291
  endloop
endfacet
facet normal -0.707107 7.86229e-15 -0.707107
  outer loop
    vertex -10 -4.884981308350689e-15 0.3299999999999971
    vertex -9.799999999999997 0.4149999999999707 0.1299999999999991
    vertex -9.6 -4.884981308350689e-15 -0.07000000000000291
  endloop
endfacet
facet normal -0.707107 -0 -0.707107
  outer loop
    vertex -10 2.48999999999985 0.3299999999999971
    vertex -9.799999999999997 2.074999999999875 0.1299999999999989
    vertex -10 1.659999999999899 0.3299999999999971
  endloop
endfacet
facet normal -0.707107 -0 -0.707107
  outer loop
    vertex -10 -1.659999999999908 0.3299999999999971
    vertex -9.799999999999997 -2.074999999999884 0.1299999999999993
    vertex -10 -2.48999999999986 0.3299999999999971
  endloop
endfacet
facet normal -0.707107 0 -0.707107
  outer loop
    vertex -9.6 1.659999999999899 -0.07000000000000291
    vertex -9.799999999999997 2.074999999999875 0.1299999999999989
    vertex -9.6 2.48999999999985 -0.07000000000000291
  endloop
endfacet
facet normal -0.707107 0 -0.707107
  outer loop
    vertex -9.6 -2.48999999999986 -0.07000000000000291
    vertex -9.799999999999997 -2.074999999999884 0.1299999999999993
    vertex -9.6 -1.659999999999908 -0.07000000000000291
  endloop
endfacet
facet normal -0.707107 -0 -0.707107
  outer loop
    vertex -10 -0.8299999999999563 0.3299999999999971
    vertex -9.799999999999997 -1.244999999999933 0.1299999999999994
    vertex -10 -1.659999999999908 0.3299999999999971
  endloop
endfacet
facet normal -0.707107 -0 -0.707107
  outer loop
    vertex -10 -4.884981308350689e-15 0.3299999999999971
    vertex -9.799999999999997 -0.4149999999999805 0.129999999999999
    vertex -10 -0.8299999999999563 0.3299999999999971
  endloop
endfacet
facet normal -0.707107 -0 -0.707107
  outer loop
    vertex -10 0.829999999999947 0.3299999999999971
    vertex -9.799999999999997 0.4149999999999707 0.1299999999999991
    vertex -10 -4.884981308350689e-15 0.3299999999999971
  endloop
endfacet
facet normal -0.707107 -0 -0.707107
  outer loop
    vertex -10 1.659999999999899 0.3299999999999971
    vertex -9.799999999999997 1.244999999999924 0.129999999999999
    vertex -10 0.829999999999947 0.3299999999999971
  endloop
endfacet
facet normal -0.707107 0 -0.707107
  outer loop
    vertex -9.6 0.8299999999999467 -0.07000000000000291
    vertex -9.799999999999997 1.244999999999924 0.129999999999999
    vertex -9.6 1.659999999999899 -0.07000000000000291
  endloop
endfacet
facet normal -0.707107 0 -0.707107
  outer loop
    vertex -9.6 -4.884981308350689e-15 -0.07000000000000291
    vertex -9.799999999999997 0.4149999999999707 0.1299999999999991
    vertex -9.6 0.8299999999999467 -0.07000000000000291
  endloop
endfacet
facet normal -0.707107 0 -0.707107
  outer loop
    vertex -9.6 -0.8299999999999563 -0.07000000000000291
    vertex -9.799999999999997 -0.4149999999999805 0.129999999999999
    vertex -9.6 -4.884981308350689e-15 -0.07000000000000291
  endloop
endfacet
facet normal -0.707107 0 -0.707107
  outer loop
    vertex -9.6 -1.659999999999908 -0.07000000000000291
    vertex -9.799999999999997 -1.244999999999933 0.1299999999999994
    vertex -9.6 -0.8299999999999563 -0.07000000000000291
  endloop
endfacet
facet normal -2.20772e-13 -1 -1.27463e-13
  outer loop
    vertex -9.080384757729311 2.40999999999994 -1.52000000000001
    vertex -8.765217391304354 2.409999999999756 -0.6200000000000401
    vertex -9.6 2.40999999999994 -0.620000000000013
  endloop
endfacet
facet normal -3.13869e-14 -1 1.81213e-14
  outer loop
    vertex 9.080384757729361 2.40999999999994 -1.52
    vertex 9.6 2.40999999999994 -0.620000000000006
    vertex 8.765217391304336 2.409999999999966 -0.620000000000007
  endloop
endfacet
facet normal -1.69889e-29 -1 2.91125e-14
  outer loop
    vertex 8.765217391304336 2.409999999999966 -0.620000000000007
    vertex 8.254895234299418 2.40999999999994 -1.52
    vertex 9.080384757729361 2.40999999999994 -1.52
  endloop
endfacet
facet normal 1.65244e-28 -1 -2.04774e-13
  outer loop
    vertex -8.25489523429937 2.40999999999994 -1.520000000000009
    vertex -8.765217391304354 2.409999999999756 -0.6200000000000401
    vertex -9.080384757729311 2.40999999999994 -1.52000000000001
  endloop
endfacet
facet normal 3.72387e-15 -1 2.7001e-14
  outer loop
    vertex 7.930434782608675 2.409999999999963 -0.6200000000000114
    vertex 8.254895234299418 2.40999999999994 -1.52
    vertex 8.765217391304336 2.409999999999966 -0.620000000000007
  endloop
endfacet
facet normal 2.12793e-14 -1 -1.92709e-13
  outer loop
    vertex -8.25489523429937 2.40999999999994 -1.520000000000009
    vertex -7.930434782608697 2.409999999999774 -0.6200000000000401
    vertex -8.765217391304354 2.409999999999756 -0.6200000000000401
  endloop
endfacet
facet normal -1.38035e-29 -1 2.56585e-14
  outer loop
    vertex 7.429405710869481 2.40999999999994 -1.520000000000001
    vertex 8.254895234299418 2.40999999999994 -1.52
    vertex 7.930434782608675 2.409999999999963 -0.6200000000000114
  endloop
endfacet
facet normal 4.97723e-29 -1 -1.85037e-13
  outer loop
    vertex -7.429405710869429 2.40999999999994 -1.520000000000009
    vertex -7.930434782608697 2.409999999999774 -0.6200000000000401
    vertex -8.25489523429937 2.40999999999994 -1.520000000000009
  endloop
endfacet
facet normal 4.78784e-15 -1 2.29931e-14
  outer loop
    vertex 7.095652173913011 2.409999999999959 -0.6200000000000159
    vertex 7.429405710869481 2.40999999999994 -1.520000000000001
    vertex 7.930434782608675 2.409999999999963 -0.6200000000000114
  endloop
endfacet
facet normal 2.12793e-14 -1 -1.73191e-13
  outer loop
    vertex -7.429405710869429 2.40999999999994 -1.520000000000009
    vertex -7.095652173913042 2.409999999999791 -0.6200000000000401
    vertex -7.930434782608697 2.409999999999774 -0.6200000000000401
  endloop
endfacet
facet normal -1.14144e-29 -1 2.12176e-14
  outer loop
    vertex 6.60391618743954 2.40999999999994 -1.520000000000001
    vertex 7.429405710869481 2.40999999999994 -1.520000000000001
    vertex 7.095652173913011 2.409999999999959 -0.6200000000000159
  endloop
endfacet
facet normal 8.89265e-29 -1 -1.653e-13
  outer loop
    vertex -6.60391618743949 2.40999999999994 -1.520000000000009
    vertex -7.095652173913042 2.409999999999791 -0.6200000000000401
    vertex -7.429405710869429 2.40999999999994 -1.520000000000009
  endloop
endfacet
facet normal 3.72387e-15 -1 1.9183e-14
  outer loop
    vertex 6.260869565217351 2.409999999999956 -0.6200000000000203
    vertex 6.60391618743954 2.40999999999994 -1.520000000000001
    vertex 7.095652173913011 2.409999999999959 -0.6200000000000159
  endloop
endfacet
facet normal 2.12793e-14 -1 -1.53673e-13
  outer loop
    vertex -6.260869565217385 2.409999999999809 -0.6200000000000401
    vertex -7.095652173913042 2.409999999999791 -0.6200000000000401
    vertex -6.60391618743949 2.40999999999994 -1.520000000000009
  endloop
endfacet
facet normal -9.55628e-30 -1 1.77636e-14
  outer loop
    vertex 5.778426664009602 2.40999999999994 -1.520000000000002
    vertex 6.60391618743954 2.40999999999994 -1.520000000000001
    vertex 6.260869565217351 2.409999999999956 -0.6200000000000203
  endloop
endfacet
facet normal 6.79558e-29 -1 -1.45563e-13
  outer loop
    vertex -6.260869565217385 2.409999999999809 -0.6200000000000401
    vertex -6.60391618743949 2.40999999999994 -1.520000000000009
    vertex -5.778426664009549 2.40999999999994 -1.520000000000008
  endloop
endfacet
facet normal 2.12793e-14 -1 -1.34156e-13
  outer loop
    vertex -6.260869565217385 2.409999999999809 -0.6200000000000401
    vertex -5.778426664009549 2.40999999999994 -1.520000000000008
    vertex -5.426086956521729 2.409999999999827 -0.6200000000000401
  endloop
endfacet
facet normal 4.25585e-15 -1 1.54822e-14
  outer loop
    vertex 5.426086956521688 2.409999999999953 -0.6200000000000248
    vertex 5.778426664009602 2.40999999999994 -1.520000000000002
    vertex 6.260869565217351 2.409999999999956 -0.6200000000000203
  endloop
endfacet
facet normal 6.79558e-29 -1 -1.25825e-13
  outer loop
    vertex -5.426086956521729 2.409999999999827 -0.6200000000000401
    vertex -5.778426664009549 2.40999999999994 -1.520000000000008
    vertex -4.952937140579611 2.40999999999994 -1.520000000000008
  endloop
endfacet
facet normal -7.43266e-30 -1 1.38161e-14
  outer loop
    vertex 4.952937140579662 2.40999999999994 -1.520000000000002
    vertex 5.778426664009602 2.40999999999994 -1.520000000000002
    vertex 5.426086956521688 2.409999999999953 -0.6200000000000248
  endloop
endfacet
facet normal 1.12248e-13 -1 -6.68139e-14
  outer loop
    vertex -5.426086956521729 2.409999999999827 -0.6200000000000401
    vertex -4.952937140579611 2.40999999999994 -1.520000000000008
    vertex -4.591304347826212 2.409999999999921 -0.6200000000000382
  endloop
endfacet
facet normal 3.83027e-14 -1 -6.32046e-15
  outer loop
    vertex 4.59130434782608 2.409999999999921 -0.6200000000000272
    vertex 4.952937140579662 2.40999999999994 -1.520000000000002
    vertex 5.426086956521688 2.409999999999953 -0.6200000000000248
  endloop
endfacet
facet normal 2.12362e-29 -1 -2.1711e-14
  outer loop
    vertex -4.591304347826212 2.409999999999921 -0.6200000000000382
    vertex -4.952937140579611 2.40999999999994 -1.520000000000008
    vertex -4.12744761714967 2.40999999999994 -1.520000000000007
  endloop
endfacet
facet normal 1.16799e-29 -1 -2.1711e-14
  outer loop
    vertex 4.127447617149723 2.40999999999994 -1.520000000000003
    vertex 4.952937140579662 2.40999999999994 -1.520000000000002
    vertex 4.59130434782608 2.409999999999921 -0.6200000000000272
  endloop
endfacet
facet normal 1.09724e-28 -1 -2.1711e-14
  outer loop
    vertex -4.591304347826212 2.409999999999921 -0.6200000000000382
    vertex -4.12744761714967 2.40999999999994 -1.520000000000007
    vertex -3.756521739130554 2.409999999999921 -0.620000000000034
  endloop
endfacet
facet normal -1.15499e-28 -1 -2.1711e-14
  outer loop
    vertex 3.756521739130421 2.409999999999921 -0.6200000000000228
    vertex 4.127447617149723 2.40999999999994 -1.520000000000003
    vertex 4.59130434782608 2.409999999999921 -0.6200000000000272
  endloop
endfacet
facet normal 0 -1 -2.1711e-14
  outer loop
    vertex -3.756521739130554 2.409999999999921 -0.620000000000034
    vertex -4.12744761714967 2.40999999999994 -1.520000000000007
    vertex -3.30195809371973 2.40999999999994 -1.520000000000007
  endloop
endfacet
facet normal 1.16799e-29 -1 -2.1711e-14
  outer loop
    vertex 3.301958093719784 2.40999999999994 -1.520000000000003
    vertex 4.127447617149723 2.40999999999994 -1.520000000000003
    vertex 3.756521739130421 2.409999999999921 -0.6200000000000228
  endloop
endfacet
facet normal 1.12611e-28 -1 -2.1711e-14
  outer loop
    vertex -3.756521739130554 2.409999999999921 -0.620000000000034
    vertex -3.30195809371973 2.40999999999994 -1.520000000000007
    vertex -2.921739130434896 2.409999999999921 -0.6200000000000296
  endloop
endfacet
facet normal -1.15499e-28 -1 -2.1711e-14
  outer loop
    vertex 2.921739130434763 2.409999999999921 -0.6200000000000183
    vertex 3.301958093719784 2.40999999999994 -1.520000000000003
    vertex 3.756521739130421 2.409999999999921 -0.6200000000000228
  endloop
endfacet
facet normal -1.15499e-28 -1 -2.1711e-14
  outer loop
    vertex 2.086956521739104 2.409999999999921 -0.6200000000000139
    vertex 2.476468570289848 2.40999999999994 -1.520000000000004
    vertex 2.921739130434763 2.409999999999921 -0.6200000000000183
  endloop
endfacet
facet normal -5.31982e-16 -1 -2.19742e-14
  outer loop
    vertex -2.476468570289789 2.40999999999994 -1.520000000000006
    vertex -2.086956521739238 2.40999999999992 -0.6200000000000254
    vertex -2.921739130434896 2.409999999999921 -0.6200000000000296
  endloop
endfacet
facet normal 2.12362e-29 -1 -2.1711e-14
  outer loop
    vertex -2.921739130434896 2.409999999999921 -0.6200000000000296
    vertex -3.30195809371973 2.40999999999994 -1.520000000000007
    vertex -2.476468570289789 2.40999999999994 -1.520000000000006
  endloop
endfacet
facet normal 1.16799e-29 -1 -2.1711e-14
  outer loop
    vertex 2.476468570289848 2.40999999999994 -1.520000000000004
    vertex 3.301958093719784 2.40999999999994 -1.520000000000003
    vertex 2.921739130434763 2.409999999999921 -0.6200000000000183
  endloop
endfacet
facet normal -1.15499e-28 -1 -2.1711e-14
  outer loop
    vertex 1.252173913043445 2.409999999999921 -0.6200000000000094
    vertex 1.650979046859908 2.40999999999994 -1.520000000000004
    vertex 2.086956521739104 2.409999999999921 -0.6200000000000139
  endloop
endfacet
facet normal 1.15171e-28 -1 -2.22045e-14
  outer loop
    vertex -1.25217391304358 2.40999999999992 -0.6200000000000211
    vertex -2.086956521739238 2.40999999999992 -0.6200000000000254
    vertex -1.650979046859848 2.40999999999994 -1.520000000000006
  endloop
endfacet
facet normal 1.16799e-29 -1 -2.1711e-14
  outer loop
    vertex 1.650979046859908 2.40999999999994 -1.520000000000004
    vertex 2.476468570289848 2.40999999999994 -1.520000000000004
    vertex 2.086956521739104 2.409999999999921 -0.6200000000000139
  endloop
endfacet
facet normal 1.19454e-29 -1 -2.22045e-14
  outer loop
    vertex -1.650979046859848 2.40999999999994 -1.520000000000006
    vertex -2.086956521739238 2.40999999999992 -0.6200000000000254
    vertex -2.476468570289789 2.40999999999994 -1.520000000000006
  endloop
endfacet
facet normal -1.15499e-28 -1 -2.1711e-14
  outer loop
    vertex 0.4173913043477853 2.409999999999921 -0.620000000000005
    vertex 0.8254895234299697 2.40999999999994 -1.520000000000004
    vertex 1.252173913043445 2.409999999999921 -0.6200000000000094
  endloop
endfacet
facet normal 1.06396e-15 -1 -2.17e-14
  outer loop
    vertex -1.25217391304358 2.40999999999992 -0.6200000000000211
    vertex -0.8254895234299111 2.40999999999994 -1.520000000000005
    vertex -0.4173913043479218 2.409999999999921 -0.620000000000017
  endloop
endfacet
facet normal -5.31982e-16 -1 -2.14643e-14
  outer loop
    vertex -0.4173913043479218 2.409999999999921 -0.620000000000017
    vertex 3.019806626980426e-14 2.40999999999994 -1.520000000000005
    vertex 0.4173913043477853 2.409999999999921 -0.620000000000005
  endloop
endfacet
facet normal 1.16799e-29 -1 -2.1711e-14
  outer loop
    vertex 0.8254895234299697 2.40999999999994 -1.520000000000004
    vertex 1.650979046859908 2.40999999999994 -1.520000000000004
    vertex 1.252173913043445 2.409999999999921 -0.6200000000000094
  endloop
endfacet
facet normal 1.27417e-29 -1 -2.22045e-14
  outer loop
    vertex -1.25217391304358 2.40999999999992 -0.6200000000000211
    vertex -1.650979046859848 2.40999999999994 -1.520000000000006
    vertex -0.8254895234299111 2.40999999999994 -1.520000000000005
  endloop
endfacet
facet normal 8.49447e-30 -1 -2.1711e-14
  outer loop
    vertex 0.4173913043477853 2.409999999999921 -0.620000000000005
    vertex 3.019806626980426e-14 2.40999999999994 -1.520000000000005
    vertex 0.8254895234299697 2.40999999999994 -1.520000000000004
  endloop
endfacet
facet normal 1.27417e-29 -1 -2.12176e-14
  outer loop
    vertex -0.4173913043479218 2.409999999999921 -0.620000000000017
    vertex -0.8254895234299111 2.40999999999994 -1.520000000000005
    vertex 3.019806626980426e-14 2.40999999999994 -1.520000000000005
  endloop
endfacet
facet normal 8.06956e-16 0 -1
  outer loop
    vertex -9.080384757729311 2.40999999999994 -1.52000000000001
    vertex -9.080384757729311 2.48999999999985 -1.52000000000001
    vertex -8.25489523429937 2.40999999999994 -1.520000000000009
  endloop
endfacet
facet normal 5.37971e-16 0 -1
  outer loop
    vertex 9.080384757729361 2.40999999999994 -1.52
    vertex 8.254895234299422 2.48999999999985 -1.52
    vertex 9.080384757729361 2.48999999999985 -1.52
  endloop
endfacet
facet normal 5.37971e-16 -2.38907e-29 -1
  outer loop
    vertex 8.254895234299418 2.40999999999994 -1.52
    vertex 8.254895234299422 2.48999999999985 -1.52
    vertex 9.080384757729361 2.40999999999994 -1.52
  endloop
endfacet
facet normal 8.06956e-16 0 -1
  outer loop
    vertex -8.25489523429937 2.40999999999994 -1.520000000000009
    vertex -9.080384757729311 2.48999999999985 -1.52000000000001
    vertex -8.25489523429937 2.48999999999985 -1.520000000000009
  endloop
endfacet
facet normal 5.37971e-16 -5.97268e-30 -1
  outer loop
    vertex 7.429405710869481 2.40999999999994 -1.520000000000001
    vertex 7.429405710869482 2.48999999999985 -1.520000000000001
    vertex 8.254895234299418 2.40999999999994 -1.52
  endloop
endfacet
facet normal 5.37971e-16 -2.38907e-29 -1
  outer loop
    vertex 7.429405710869482 2.48999999999985 -1.520000000000001
    vertex 8.254895234299422 2.48999999999985 -1.52
    vertex 8.254895234299418 2.40999999999994 -1.52
  endloop
endfacet
facet normal 5.37971e-16 -2.38907e-29 -1
  outer loop
    vertex 6.60391618743954 2.40999999999994 -1.520000000000001
    vertex 6.603916187439544 2.48999999999985 -1.520000000000001
    vertex 7.429405710869481 2.40999999999994 -1.520000000000001
  endloop
endfacet
facet normal 5.37971e-16 -5.97268e-30 -1
  outer loop
    vertex 6.603916187439544 2.48999999999985 -1.520000000000001
    vertex 7.429405710869482 2.48999999999985 -1.520000000000001
    vertex 7.429405710869481 2.40999999999994 -1.520000000000001
  endloop
endfacet
facet normal 5.37971e-16 -1.19454e-29 -1
  outer loop
    vertex 6.60391618743954 2.40999999999994 -1.520000000000001
    vertex 5.778426664009602 2.40999999999994 -1.520000000000002
    vertex 5.778426664009604 2.48999999999985 -1.520000000000002
  endloop
endfacet
facet normal 5.37971e-16 -2.38907e-29 -1
  outer loop
    vertex 5.778426664009604 2.48999999999985 -1.520000000000002
    vertex 6.603916187439544 2.48999999999985 -1.520000000000001
    vertex 6.60391618743954 2.40999999999994 -1.520000000000001
  endloop
endfacet
facet normal 5.37971e-16 -2.98634e-29 -1
  outer loop
    vertex 5.778426664009602 2.40999999999994 -1.520000000000002
    vertex 4.952937140579662 2.40999999999994 -1.520000000000002
    vertex 4.952937140579666 2.48999999999985 -1.520000000000002
  endloop
endfacet
facet normal 5.37971e-16 -1.19454e-29 -1
  outer loop
    vertex 5.778426664009604 2.48999999999985 -1.520000000000002
    vertex 5.778426664009602 2.40999999999994 -1.520000000000002
    vertex 4.952937140579666 2.48999999999985 -1.520000000000002
  endloop
endfacet
facet normal 5.37971e-16 -2.77556e-15 -1
  outer loop
    vertex 4.127447617149727 2.48999999999985 -1.520000000000003
    vertex 4.952937140579662 2.40999999999994 -1.520000000000002
    vertex 4.127447617149723 2.40999999999994 -1.520000000000003
  endloop
endfacet
facet normal 8.06956e-16 -4.47951e-29 -1
  outer loop
    vertex 4.952937140579666 2.48999999999985 -1.520000000000002
    vertex 4.952937140579662 2.40999999999994 -1.520000000000002
    vertex 4.127447617149727 2.48999999999985 -1.520000000000003
  endloop
endfacet
facet normal 5.37971e-16 -2.77556e-15 -1
  outer loop
    vertex 3.301958093719784 2.40999999999994 -1.520000000000003
    vertex 3.301958093719788 2.48999999999985 -1.520000000000003
    vertex 4.127447617149723 2.40999999999994 -1.520000000000003
  endloop
endfacet
facet normal 5.37971e-16 -2.77556e-15 -1
  outer loop
    vertex 4.127447617149723 2.40999999999994 -1.520000000000003
    vertex 3.301958093719788 2.48999999999985 -1.520000000000003
    vertex 4.127447617149727 2.48999999999985 -1.520000000000003
  endloop
endfacet
facet normal 5.37971e-16 -1.19454e-29 -1
  outer loop
    vertex 2.476468570289848 2.40999999999994 -1.520000000000004
    vertex 2.47646857028985 2.48999999999985 -1.520000000000004
    vertex 3.301958093719784 2.40999999999994 -1.520000000000003
  endloop
endfacet
facet normal 2.68985e-16 -2.77556e-15 -1
  outer loop
    vertex 3.301958093719784 2.40999999999994 -1.520000000000003
    vertex 2.47646857028985 2.48999999999985 -1.520000000000004
    vertex 3.301958093719788 2.48999999999985 -1.520000000000003
  endloop
endfacet
facet normal 5.37971e-16 -1.49317e-29 -1
  outer loop
    vertex 1.650979046859908 2.40999999999994 -1.520000000000004
    vertex 1.650979046859911 2.48999999999985 -1.520000000000004
    vertex 2.476468570289848 2.40999999999994 -1.520000000000004
  endloop
endfacet
facet normal 5.37971e-16 -1.19454e-29 -1
  outer loop
    vertex 1.650979046859911 2.48999999999985 -1.520000000000004
    vertex 2.47646857028985 2.48999999999985 -1.520000000000004
    vertex 2.476468570289848 2.40999999999994 -1.520000000000004
  endloop
endfacet
facet normal 5.37971e-16 0 -1
  outer loop
    vertex 0.8254895234299697 2.40999999999994 -1.520000000000004
    vertex 0.8254895234299697 2.48999999999985 -1.520000000000004
    vertex 1.650979046859908 2.40999999999994 -1.520000000000004
  endloop
endfacet
facet normal 5.37971e-16 -1.49317e-29 -1
  outer loop
    vertex 0.8254895234299697 2.48999999999985 -1.520000000000004
    vertex 1.650979046859911 2.48999999999985 -1.520000000000004
    vertex 1.650979046859908 2.40999999999994 -1.520000000000004
  endloop
endfacet
facet normal 5.37971e-16 0 -1
  outer loop
    vertex 3.019806626980426e-14 2.40999999999994 -1.520000000000005
    vertex 3.019806626980426e-14 2.48999999999985 -1.520000000000005
    vertex 0.8254895234299697 2.40999999999994 -1.520000000000004
  endloop
endfacet
facet normal 5.37971e-16 0 -1
  outer loop
    vertex 3.019806626980426e-14 2.48999999999985 -1.520000000000005
    vertex 0.8254895234299697 2.48999999999985 -1.520000000000004
    vertex 0.8254895234299697 2.40999999999994 -1.520000000000004
  endloop
endfacet
facet normal 5.37971e-16 0 -1
  outer loop
    vertex -0.8254895234299111 2.40999999999994 -1.520000000000005
    vertex 3.019806626980426e-14 2.48999999999985 -1.520000000000005
    vertex 3.019806626980426e-14 2.40999999999994 -1.520000000000005
  endloop
endfacet
facet normal 5.37971e-16 -5.97268e-30 -1
  outer loop
    vertex -1.650979046859848 2.40999999999994 -1.520000000000006
    vertex -0.8254895234299102 2.48999999999985 -1.520000000000005
    vertex -0.8254895234299111 2.40999999999994 -1.520000000000005
  endloop
endfacet
facet normal 5.37971e-16 -5.97268e-30 -1
  outer loop
    vertex -0.8254895234299111 2.40999999999994 -1.520000000000005
    vertex -0.8254895234299102 2.48999999999985 -1.520000000000005
    vertex 3.019806626980426e-14 2.48999999999985 -1.520000000000005
  endloop
endfacet
facet normal 5.37971e-16 -2.38907e-29 -1
  outer loop
    vertex -2.476468570289789 2.40999999999994 -1.520000000000006
    vertex -2.476468570289786 2.48999999999985 -1.520000000000006
    vertex -1.650979046859848 2.40999999999994 -1.520000000000006
  endloop
endfacet
facet normal 5.37971e-16 0 -1
  outer loop
    vertex -1.650979046859848 2.40999999999994 -1.520000000000006
    vertex -2.476468570289786 2.48999999999985 -1.520000000000006
    vertex -1.650979046859848 2.48999999999985 -1.520000000000006
  endloop
endfacet
facet normal 5.37971e-16 0 -1
  outer loop
    vertex -1.650979046859848 2.40999999999994 -1.520000000000006
    vertex -1.650979046859848 2.48999999999985 -1.520000000000006
    vertex -0.8254895234299102 2.48999999999985 -1.520000000000005
  endloop
endfacet
facet normal 1.07594e-15 2.77556e-15 -1
  outer loop
    vertex -3.30195809371973 2.40999999999994 -1.520000000000007
    vertex -3.301958093719727 2.48999999999985 -1.520000000000007
    vertex -2.476468570289789 2.40999999999994 -1.520000000000006
  endloop
endfacet
facet normal 8.06956e-16 -3.58361e-29 -1
  outer loop
    vertex -2.476468570289789 2.40999999999994 -1.520000000000006
    vertex -3.301958093719727 2.48999999999985 -1.520000000000007
    vertex -2.476468570289786 2.48999999999985 -1.520000000000006
  endloop
endfacet
facet normal 0 -2.77556e-15 -1
  outer loop
    vertex -4.12744761714967 2.40999999999994 -1.520000000000007
    vertex -4.127447617149666 2.48999999999985 -1.520000000000007
    vertex -3.30195809371973 2.40999999999994 -1.520000000000007
  endloop
endfacet
facet normal 5.37971e-16 2.77556e-15 -1
  outer loop
    vertex -3.30195809371973 2.40999999999994 -1.520000000000007
    vertex -4.127447617149666 2.48999999999985 -1.520000000000007
    vertex -3.301958093719727 2.48999999999985 -1.520000000000007
  endloop
endfacet
facet normal 8.06956e-16 -1.7918e-29 -1
  outer loop
    vertex -4.952937140579611 2.40999999999994 -1.520000000000008
    vertex -4.952937140579609 2.48999999999985 -1.520000000000008
    vertex -4.12744761714967 2.40999999999994 -1.520000000000007
  endloop
endfacet
facet normal 5.37971e-16 -2.77556e-15 -1
  outer loop
    vertex -4.12744761714967 2.40999999999994 -1.520000000000007
    vertex -4.952937140579609 2.48999999999985 -1.520000000000008
    vertex -4.127447617149666 2.48999999999985 -1.520000000000007
  endloop
endfacet
facet normal 5.37971e-16 -1.19454e-29 -1
  outer loop
    vertex -5.778426664009549 2.40999999999994 -1.520000000000008
    vertex -5.778426664009547 2.48999999999985 -1.520000000000008
    vertex -4.952937140579611 2.40999999999994 -1.520000000000008
  endloop
endfacet
facet normal 5.37971e-16 -1.19454e-29 -1
  outer loop
    vertex -4.952937140579611 2.40999999999994 -1.520000000000008
    vertex -5.778426664009547 2.48999999999985 -1.520000000000008
    vertex -4.952937140579609 2.48999999999985 -1.520000000000008
  endloop
endfacet
facet normal 5.37971e-16 2.77556e-15 -1
  outer loop
    vertex -6.60391618743949 2.40999999999994 -1.520000000000009
    vertex -6.603916187439488 2.48999999999985 -1.520000000000008
    vertex -5.778426664009549 2.40999999999994 -1.520000000000008
  endloop
endfacet
facet normal 2.68985e-16 -5.97268e-30 -1
  outer loop
    vertex -5.778426664009549 2.40999999999994 -1.520000000000008
    vertex -6.603916187439488 2.48999999999985 -1.520000000000008
    vertex -5.778426664009547 2.48999999999985 -1.520000000000008
  endloop
endfacet
facet normal 5.37971e-16 0 -1
  outer loop
    vertex -7.429405710869429 2.40999999999994 -1.520000000000009
    vertex -7.429405710869429 2.48999999999985 -1.520000000000009
    vertex -6.60391618743949 2.40999999999994 -1.520000000000009
  endloop
endfacet
facet normal 8.06956e-16 2.77556e-15 -1
  outer loop
    vertex -6.60391618743949 2.40999999999994 -1.520000000000009
    vertex -7.429405710869429 2.48999999999985 -1.520000000000009
    vertex -6.603916187439488 2.48999999999985 -1.520000000000008
  endloop
endfacet
facet normal 2.68985e-16 0 -1
  outer loop
    vertex -8.25489523429937 2.40999999999994 -1.520000000000009
    vertex -8.25489523429937 2.48999999999985 -1.520000000000009
    vertex -7.429405710869429 2.40999999999994 -1.520000000000009
  endloop
endfacet
facet normal 2.68985e-16 0 -1
  outer loop
    vertex -7.429405710869429 2.40999999999994 -1.520000000000009
    vertex -8.25489523429937 2.48999999999985 -1.520000000000009
    vertex -7.429405710869429 2.48999999999985 -1.520000000000009
  endloop
endfacet
facet normal 1 -0 0
  outer loop
    vertex 9.6 -0.8299999999999563 -0.07000000000000291
    vertex 9.6 -0.4820000000000059 -0.620000000000006
    vertex 9.6 -4.884981308350689e-15 -0.07000000000000291
  endloop
endfacet
facet normal 1 0 0
  outer loop
    vertex 9.6 -4.884981308350689e-15 -0.07000000000000291
    vertex 9.6 0.481999999999976 -0.620000000000006
    vertex 9.6 0.829999999999947 -0.07000000000000292
  endloop
endfacet
facet normal 1 0 0
  outer loop
    vertex 9.6 2.48999999999985 -0.07000000000000291
    vertex 9.6 2.40999999999994 -0.620000000000006
    vertex 9.6 2.48999999999985 -0.620000000000007
  endloop
endfacet
facet normal 1 0 0
  outer loop
    vertex 9.6 -2.48999999999986 -0.620000000000007
    vertex 9.6 -2.40999999999997 -0.620000000000006
    vertex 9.6 -2.48999999999986 -0.07000000000000291
  endloop
endfacet
facet normal 1 -0 0
  outer loop
    vertex 9.6 -2.48999999999986 -0.07000000000000291
    vertex 9.6 -2.40999999999997 -0.620000000000006
    vertex 9.6 -1.659999999999908 -0.07000000000000291
  endloop
endfacet
facet normal 1 -0 0
  outer loop
    vertex 9.6 1.659999999999899 -0.07000000000000291
    vertex 9.6 2.40999999999994 -0.620000000000006
    vertex 9.6 2.48999999999985 -0.07000000000000291
  endloop
endfacet
facet normal 1 -1.84269e-15 -2.51276e-15
  outer loop
    vertex 9.599999999999998 1.445999999999958 -0.620000000000006
    vertex 9.6 2.40999999999994 -0.620000000000006
    vertex 9.6 1.659999999999899 -0.07000000000000291
  endloop
endfacet
facet normal 1 0 0
  outer loop
    vertex 9.6 -2.40999999999997 -0.620000000000006
    vertex 9.6 -1.445999999999988 -0.620000000000006
    vertex 9.6 -1.659999999999908 -0.07000000000000291
  endloop
endfacet
facet normal 1 -0 0
  outer loop
    vertex 9.6 -1.659999999999908 -0.07000000000000291
    vertex 9.6 -1.445999999999988 -0.620000000000006
    vertex 9.6 -0.8299999999999563 -0.07000000000000291
  endloop
endfacet
facet normal 1 0 0
  outer loop
    vertex 9.6 -1.445999999999988 -0.620000000000006
    vertex 9.6 -0.4820000000000059 -0.620000000000006
    vertex 9.6 -0.8299999999999563 -0.07000000000000291
  endloop
endfacet
facet normal 1 0 0
  outer loop
    vertex 9.6 -0.4820000000000059 -0.620000000000006
    vertex 9.6 0.481999999999976 -0.620000000000006
    vertex 9.6 -4.884981308350689e-15 -0.07000000000000291
  endloop
endfacet
facet normal 1 0 -3.22974e-15
  outer loop
    vertex 9.599999999999998 1.445999999999958 -0.620000000000006
    vertex 9.6 1.659999999999899 -0.07000000000000291
    vertex 9.6 0.829999999999947 -0.07000000000000292
  endloop
endfacet
facet normal 1 1.84269e-15 -1.16592e-15
  outer loop
    vertex 9.6 0.829999999999947 -0.07000000000000292
    vertex 9.6 0.481999999999976 -0.620000000000006
    vertex 9.599999999999998 1.445999999999958 -0.620000000000006
  endloop
endfacet
facet normal 0.866025 6.00926e-15 -0.5
  outer loop
    vertex 9.080384757729361 -2.40999999999997 -1.52
    vertex 9.6 -2.40999999999997 -0.620000000000006
    vertex 9.6 -2.48999999999986 -0.620000000000007
  endloop
endfacet
facet normal 0.866025 0 -0.5
  outer loop
    vertex 9.080384757729361 -2.48999999999986 -1.52
    vertex 9.080384757729361 -2.40999999999997 -1.52
    vertex 9.6 -2.48999999999986 -0.620000000000007
  endloop
endfacet
facet normal -0.866025 0 -0.5
  outer loop
    vertex -9.6 -2.40999999999997 -0.620000000000013
    vertex -9.080384757729311 -2.40999999999997 -1.52000000000001
    vertex -9.080384757729311 -2.48999999999986 -1.52000000000001
  endloop
endfacet
facet normal -0.866025 -6.245e-14 -0.5
  outer loop
    vertex -9.6 -2.48999999999986 -0.620000000000003
    vertex -9.6 -2.40999999999997 -0.620000000000013
    vertex -9.080384757729311 -2.48999999999986 -1.52000000000001
  endloop
endfacet
facet normal 0.866025 -6.00926e-15 -0.5
  outer loop
    vertex 9.080384757729361 2.40999999999994 -1.52
    vertex 9.6 2.48999999999985 -0.620000000000007
    vertex 9.6 2.40999999999994 -0.620000000000006
  endloop
endfacet
facet normal 0.866025 0 -0.5
  outer loop
    vertex 9.080384757729361 2.40999999999994 -1.52
    vertex 9.080384757729361 2.48999999999985 -1.52
    vertex 9.6 2.48999999999985 -0.620000000000007
  endloop
endfacet
facet normal -0.866025 0 -0.5
  outer loop
    vertex -9.6 2.40999999999994 -0.620000000000013
    vertex -9.080384757729311 2.48999999999985 -1.52000000000001
    vertex -9.080384757729311 2.40999999999994 -1.52000000000001
  endloop
endfacet
facet normal -0.866025 6.245e-14 -0.5
  outer loop
    vertex -9.6 2.48999999999985 -0.620000000000003
    vertex -9.080384757729311 2.48999999999985 -1.52000000000001
    vertex -9.6 2.40999999999994 -0.620000000000013
  endloop
endfacet
facet normal 2.56415e-13 1 1.48041e-13
  outer loop
    vertex -8.765217391304347 -2.410000000000184 -0.6200000000000401
    vertex -9.080384757729311 -2.40999999999997 -1.52000000000001
    vertex -9.6 -2.40999999999997 -0.620000000000013
  endloop
endfacet
facet normal -3.72387e-15 1 2.14998e-15
  outer loop
    vertex 8.765217391304347 -2.409999999999973 -0.620000000000007
    vertex 9.6 -2.40999999999997 -0.620000000000006
    vertex 9.080384757729361 -2.40999999999997 -1.52
  endloop
endfacet
facet normal -1.85817e-30 1 3.45403e-15
  outer loop
    vertex 9.080384757729361 -2.40999999999997 -1.52
    vertex 8.254895234299418 -2.40999999999997 -1.52
    vertex 8.765217391304347 -2.409999999999973 -0.620000000000007
  endloop
endfacet
facet normal -1.91922e-28 1 2.37834e-13
  outer loop
    vertex -8.25489523429937 -2.40999999999997 -1.520000000000009
    vertex -9.080384757729311 -2.40999999999997 -1.52000000000001
    vertex -8.765217391304347 -2.410000000000184 -0.6200000000000401
  endloop
endfacet
facet normal -4.25585e-15 1 5.8672e-15
  outer loop
    vertex 8.765217391304347 -2.409999999999973 -0.620000000000007
    vertex 8.254895234299418 -2.40999999999997 -1.52
    vertex 7.930434782608695 -2.409999999999977 -0.6200000000000114
  endloop
endfacet
facet normal -2.12793e-14 1 2.25769e-13
  outer loop
    vertex -8.25489523429937 -2.40999999999997 -1.520000000000009
    vertex -8.765217391304347 -2.410000000000184 -0.6200000000000401
    vertex -7.930434782608691 -2.410000000000166 -0.6200000000000401
  endloop
endfacet
facet normal -4.24724e-30 1 7.40149e-15
  outer loop
    vertex 7.930434782608695 -2.409999999999977 -0.6200000000000114
    vertex 8.254895234299418 -2.40999999999997 -1.52
    vertex 7.429405710869481 -2.40999999999997 -1.520000000000001
  endloop
endfacet
facet normal -5.86649e-29 1 2.18097e-13
  outer loop
    vertex -8.25489523429937 -2.40999999999997 -1.520000000000009
    vertex -7.930434782608691 -2.410000000000166 -0.6200000000000401
    vertex -7.429405710869429 -2.40999999999997 -1.520000000000009
  endloop
endfacet
facet normal -4.25585e-15 1 9.77072e-15
  outer loop
    vertex 7.930434782608695 -2.409999999999977 -0.6200000000000114
    vertex 7.429405710869481 -2.40999999999997 -1.520000000000001
    vertex 7.095652173913042 -2.40999999999998 -0.6200000000000159
  endloop
endfacet
facet normal -2.12793e-14 1 2.06251e-13
  outer loop
    vertex -7.429405710869429 -2.40999999999997 -1.520000000000009
    vertex -7.930434782608691 -2.410000000000166 -0.6200000000000401
    vertex -7.095652173913035 -2.410000000000148 -0.6200000000000401
  endloop
endfacet
facet normal -6.1054e-30 1 1.13489e-14
  outer loop
    vertex 7.429405710869481 -2.40999999999997 -1.520000000000001
    vertex 6.60391618743954 -2.40999999999997 -1.520000000000001
    vertex 7.095652173913042 -2.40999999999998 -0.6200000000000159
  endloop
endfacet
facet normal -1.06712e-28 1 1.9836e-13
  outer loop
    vertex -7.429405710869429 -2.40999999999997 -1.520000000000009
    vertex -7.095652173913035 -2.410000000000148 -0.6200000000000401
    vertex -6.60391618743949 -2.40999999999997 -1.520000000000009
  endloop
endfacet
facet normal -4.25585e-15 1 1.36742e-14
  outer loop
    vertex 7.095652173913042 -2.40999999999998 -0.6200000000000159
    vertex 6.60391618743954 -2.40999999999997 -1.520000000000001
    vertex 6.260869565217391 -2.409999999999984 -0.6200000000000203
  endloop
endfacet
facet normal -2.12793e-14 1 1.86733e-13
  outer loop
    vertex -7.095652173913035 -2.410000000000148 -0.6200000000000401
    vertex -6.260869565217378 -2.410000000000131 -0.6200000000000401
    vertex -6.60391618743949 -2.40999999999997 -1.520000000000009
  endloop
endfacet
facet normal -8.49447e-30 1 1.52964e-14
  outer loop
    vertex 6.260869565217391 -2.409999999999984 -0.6200000000000203
    vertex 6.60391618743954 -2.40999999999997 -1.520000000000001
    vertex 5.778426664009602 -2.40999999999997 -1.520000000000002
  endloop
endfacet
facet normal -9.60937e-29 1 1.78623e-13
  outer loop
    vertex -6.60391618743949 -2.40999999999997 -1.520000000000009
    vertex -6.260869565217378 -2.410000000000131 -0.6200000000000401
    vertex -5.778426664009549 -2.40999999999997 -1.520000000000008
  endloop
endfacet
facet normal -4.25585e-15 1 1.75777e-14
  outer loop
    vertex 5.426086956521738 -2.409999999999987 -0.6200000000000248
    vertex 6.260869565217391 -2.409999999999984 -0.6200000000000203
    vertex 5.778426664009602 -2.40999999999997 -1.520000000000002
  endloop
endfacet
facet normal -2.12793e-14 1 1.67216e-13
  outer loop
    vertex -5.778426664009549 -2.40999999999997 -1.520000000000008
    vertex -6.260869565217378 -2.410000000000131 -0.6200000000000401
    vertex -5.426086956521722 -2.410000000000113 -0.6200000000000401
  endloop
endfacet
facet normal -1.03526e-29 1 1.92439e-14
  outer loop
    vertex 5.778426664009602 -2.40999999999997 -1.520000000000002
    vertex 4.952937140579662 -2.40999999999997 -1.520000000000002
    vertex 5.426086956521738 -2.409999999999987 -0.6200000000000248
  endloop
endfacet
facet normal -8.54756e-29 1 1.58885e-13
  outer loop
    vertex -5.778426664009549 -2.40999999999997 -1.520000000000008
    vertex -5.426086956521722 -2.410000000000113 -0.6200000000000401
    vertex -4.952937140579611 -2.40999999999997 -1.520000000000008
  endloop
endfacet
facet normal 2.07473e-14 1 8.33656e-15
  outer loop
    vertex 5.426086956521738 -2.409999999999987 -0.6200000000000248
    vertex 4.952937140579662 -2.40999999999997 -1.520000000000002
    vertex 4.591304347826163 -2.40999999999997 -0.6200000000000272
  endloop
endfacet
facet normal -1.71298e-13 1 6.883e-14
  outer loop
    vertex -4.952937140579611 -2.40999999999997 -1.520000000000008
    vertex -5.426086956521722 -2.410000000000113 -0.6200000000000401
    vertex -4.591304347826118 -2.40999999999997 -0.6200000000000382
  endloop
endfacet
facet normal 0 1 0
  outer loop
    vertex 4.591304347826163 -2.40999999999997 -0.6200000000000272
    vertex 4.952937140579662 -2.40999999999997 -1.520000000000002
    vertex 4.127447617149723 -2.40999999999997 -1.520000000000003
  endloop
endfacet
facet normal 0 1 0
  outer loop
    vertex -4.952937140579611 -2.40999999999997 -1.520000000000008
    vertex -4.591304347826118 -2.40999999999997 -0.6200000000000382
    vertex -4.12744761714967 -2.40999999999997 -1.520000000000007
  endloop
endfacet
facet normal 0 1 0
  outer loop
    vertex 3.756521739130503 -2.40999999999997 -0.6200000000000228
    vertex 4.591304347826163 -2.40999999999997 -0.6200000000000272
    vertex 4.127447617149723 -2.40999999999997 -1.520000000000003
  endloop
endfacet
facet normal 0 1 -0
  outer loop
    vertex -4.12744761714967 -2.40999999999997 -1.520000000000007
    vertex -4.591304347826118 -2.40999999999997 -0.6200000000000382
    vertex -3.756521739130465 -2.40999999999997 -0.620000000000034
  endloop
endfacet
facet normal 0 1 0
  outer loop
    vertex 4.127447617149723 -2.40999999999997 -1.520000000000003
    vertex 3.301958093719784 -2.40999999999997 -1.520000000000003
    vertex 3.756521739130503 -2.40999999999997 -0.6200000000000228
  endloop
endfacet
facet normal 0 1 0
  outer loop
    vertex -4.12744761714967 -2.40999999999997 -1.520000000000007
    vertex -3.756521739130465 -2.40999999999997 -0.620000000000034
    vertex -3.30195809371973 -2.40999999999997 -1.520000000000007
  endloop
endfacet
facet normal 0 1 0
  outer loop
    vertex 3.756521739130503 -2.40999999999997 -0.6200000000000228
    vertex 3.301958093719784 -2.40999999999997 -1.520000000000003
    vertex 2.921739130434842 -2.40999999999997 -0.6200000000000183
  endloop
endfacet
facet normal 0 1 -0
  outer loop
    vertex -3.30195809371973 -2.40999999999997 -1.520000000000007
    vertex -3.756521739130465 -2.40999999999997 -0.620000000000034
    vertex -2.92173913043481 -2.40999999999997 -0.6200000000000296
  endloop
endfacet
facet normal 0 1 0
  outer loop
    vertex 2.08695652173918 -2.40999999999997 -0.6200000000000139
    vertex 2.921739130434842 -2.40999999999997 -0.6200000000000183
    vertex 2.476468570289848 -2.40999999999997 -1.520000000000004
  endloop
endfacet
facet normal -0 1 0
  outer loop
    vertex -2.92173913043481 -2.40999999999997 -0.6200000000000296
    vertex -2.086956521739157 -2.40999999999997 -0.6200000000000254
    vertex -2.476468570289789 -2.40999999999997 -1.520000000000006
  endloop
endfacet
facet normal 0 1 0
  outer loop
    vertex 2.921739130434842 -2.40999999999997 -0.6200000000000183
    vertex 3.301958093719784 -2.40999999999997 -1.520000000000003
    vertex 2.476468570289848 -2.40999999999997 -1.520000000000004
  endloop
endfacet
facet normal 0 1 0
  outer loop
    vertex -3.30195809371973 -2.40999999999997 -1.520000000000007
    vertex -2.92173913043481 -2.40999999999997 -0.6200000000000296
    vertex -2.476468570289789 -2.40999999999997 -1.520000000000006
  endloop
endfacet
facet normal 0 1 0
  outer loop
    vertex 1.25217391304352 -2.40999999999997 -0.6200000000000094
    vertex 2.08695652173918 -2.40999999999997 -0.6200000000000139
    vertex 1.650979046859908 -2.40999999999997 -1.520000000000004
  endloop
endfacet
facet normal 0 1 -0
  outer loop
    vertex -1.650979046859848 -2.40999999999997 -1.520000000000006
    vertex -2.086956521739157 -2.40999999999997 -0.6200000000000254
    vertex -1.252173913043502 -2.40999999999997 -0.6200000000000212
  endloop
endfacet
facet normal 0 1 0
  outer loop
    vertex 1.650979046859908 -2.40999999999997 -1.520000000000004
    vertex 2.08695652173918 -2.40999999999997 -0.6200000000000139
    vertex 2.476468570289848 -2.40999999999997 -1.520000000000004
  endloop
endfacet
facet normal 0 1 0
  outer loop
    vertex -2.476468570289789 -2.40999999999997 -1.520000000000006
    vertex -2.086956521739157 -2.40999999999997 -0.6200000000000254
    vertex -1.650979046859848 -2.40999999999997 -1.520000000000006
  endloop
endfacet
facet normal 0 1 0
  outer loop
    vertex 0.4173913043478578 -2.40999999999997 -0.620000000000005
    vertex 1.25217391304352 -2.40999999999997 -0.6200000000000094
    vertex 0.8254895234299697 -2.40999999999997 -1.520000000000004
  endloop
endfacet
facet normal 0 1 -0
  outer loop
    vertex -0.8254895234299111 -2.40999999999997 -1.520000000000005
    vertex -1.252173913043502 -2.40999999999997 -0.6200000000000212
    vertex -0.4173913043478479 -2.40999999999997 -0.6200000000000169
  endloop
endfacet
facet normal -0 1 0
  outer loop
    vertex -0.4173913043478479 -2.40999999999997 -0.6200000000000169
    vertex 0.4173913043478578 -2.40999999999997 -0.620000000000005
    vertex 3.019806626980426e-14 -2.40999999999997 -1.520000000000005
  endloop
endfacet
facet normal 0 1 0
  outer loop
    vertex 0.8254895234299697 -2.40999999999997 -1.520000000000004
    vertex 1.25217391304352 -2.40999999999997 -0.6200000000000094
    vertex 1.650979046859908 -2.40999999999997 -1.520000000000004
  endloop
endfacet
facet normal 0 1 0
  outer loop
    vertex -1.650979046859848 -2.40999999999997 -1.520000000000006
    vertex -1.252173913043502 -2.40999999999997 -0.6200000000000212
    vertex -0.8254895234299111 -2.40999999999997 -1.520000000000005
  endloop
endfacet
facet normal 0 1 0
  outer loop
    vertex 3.019806626980426e-14 -2.40999999999997 -1.520000000000005
    vertex 0.4173913043478578 -2.40999999999997 -0.620000000000005
    vertex 0.8254895234299697 -2.40999999999997 -1.520000000000004
  endloop
endfacet
facet normal 0 1 0
  outer loop
    vertex -0.8254895234299111 -2.40999999999997 -1.520000000000005
    vertex -0.4173913043478479 -2.40999999999997 -0.6200000000000169
    vertex 3.019806626980426e-14 -2.40999999999997 -1.520000000000005
  endloop
endfacet
facet normal 5.37971e-16 0 -1
  outer loop
    vertex 9.080384757729361 -2.48999999999986 -1.52
    vertex 8.254895234299418 -2.40999999999997 -1.52
    vertex 9.080384757729361 -2.40999999999997 -1.52
  endloop
endfacet
facet normal 5.37971e-16 0 -1
  outer loop
    vertex 9.080384757729361 -2.48999999999986 -1.52
    vertex 8.254895234299418 -2.48999999999986 -1.52
    vertex 8.254895234299418 -2.40999999999997 -1.52
  endloop
endfacet
facet normal 8.06956e-16 0 -1
  outer loop
    vertex -9.080384757729311 -2.48999999999986 -1.52000000000001
    vertex -9.080384757729311 -2.40999999999997 -1.52000000000001
    vertex -8.25489523429937 -2.48999999999986 -1.520000000000009
  endloop
endfacet
facet normal 8.06956e-16 0 -1
  outer loop
    vertex -9.080384757729311 -2.40999999999997 -1.52000000000001
    vertex -8.25489523429937 -2.40999999999997 -1.520000000000009
    vertex -8.25489523429937 -2.48999999999986 -1.520000000000009
  endloop
endfacet
facet normal 5.37971e-16 0 -1
  outer loop
    vertex 8.254895234299418 -2.40999999999997 -1.52
    vertex 8.254895234299418 -2.48999999999986 -1.52
    vertex 7.429405710869481 -2.40999999999997 -1.520000000000001
  endloop
endfacet
facet normal 5.37971e-16 0 -1
  outer loop
    vertex 7.429405710869481 -2.40999999999997 -1.520000000000001
    vertex 7.429405710869481 -2.48999999999986 -1.520000000000001
    vertex 6.60391618743954 -2.40999999999997 -1.520000000000001
  endloop
endfacet
facet normal 5.37971e-16 0 -1
  outer loop
    vertex 8.254895234299418 -2.48999999999986 -1.52
    vertex 7.429405710869481 -2.48999999999986 -1.520000000000001
    vertex 7.429405710869481 -2.40999999999997 -1.520000000000001
  endloop
endfacet
facet normal 5.37971e-16 0 -1
  outer loop
    vertex 6.60391618743954 -2.40999999999997 -1.520000000000001
    vertex 6.60391618743954 -2.48999999999986 -1.520000000000001
    vertex 5.778426664009602 -2.40999999999997 -1.520000000000002
  endloop
endfacet
facet normal 5.37971e-16 0 -1
  outer loop
    vertex 7.429405710869481 -2.48999999999986 -1.520000000000001
    vertex 6.60391618743954 -2.48999999999986 -1.520000000000001
    vertex 6.60391618743954 -2.40999999999997 -1.520000000000001
  endloop
endfacet
facet normal 5.37971e-16 0 -1
  outer loop
    vertex 4.952937140579662 -2.48999999999986 -1.520000000000002
    vertex 4.952937140579662 -2.40999999999997 -1.520000000000002
    vertex 5.778426664009602 -2.40999999999997 -1.520000000000002
  endloop
endfacet
facet normal 5.37971e-16 0 -1
  outer loop
    vertex 6.60391618743954 -2.48999999999986 -1.520000000000001
    vertex 5.778426664009602 -2.48999999999986 -1.520000000000002
    vertex 5.778426664009602 -2.40999999999997 -1.520000000000002
  endloop
endfacet
facet normal 5.37971e-16 0 -1
  outer loop
    vertex 5.778426664009602 -2.40999999999997 -1.520000000000002
    vertex 5.778426664009602 -2.48999999999986 -1.520000000000002
    vertex 4.952937140579662 -2.48999999999986 -1.520000000000002
  endloop
endfacet
facet normal 5.37971e-16 0 -1
  outer loop
    vertex 4.127447617149723 -2.40999999999997 -1.520000000000003
    vertex 4.952937140579662 -2.40999999999997 -1.520000000000002
    vertex 4.952937140579662 -2.48999999999986 -1.520000000000002
  endloop
endfacet
facet normal 5.37971e-16 0 -1
  outer loop
    vertex 3.301958093719784 -2.40999999999997 -1.520000000000003
    vertex 4.127447617149723 -2.40999999999997 -1.520000000000003
    vertex 4.127447617149723 -2.48999999999986 -1.520000000000003
  endloop
endfacet
facet normal 5.37971e-16 0 -1
  outer loop
    vertex 4.127447617149723 -2.48999999999986 -1.520000000000003
    vertex 4.127447617149723 -2.40999999999997 -1.520000000000003
    vertex 4.952937140579662 -2.48999999999986 -1.520000000000002
  endloop
endfacet
facet normal 5.37971e-16 0 -1
  outer loop
    vertex 2.476468570289848 -2.40999999999997 -1.520000000000004
    vertex 3.301958093719784 -2.40999999999997 -1.520000000000003
    vertex 3.301958093719784 -2.48999999999986 -1.520000000000003
  endloop
endfacet
facet normal 5.37971e-16 0 -1
  outer loop
    vertex 3.301958093719784 -2.48999999999986 -1.520000000000003
    vertex 3.301958093719784 -2.40999999999997 -1.520000000000003
    vertex 4.127447617149723 -2.48999999999986 -1.520000000000003
  endloop
endfacet
facet normal 5.37971e-16 0 -1
  outer loop
    vertex 1.650979046859908 -2.48999999999986 -1.520000000000004
    vertex 1.650979046859908 -2.40999999999997 -1.520000000000004
    vertex 2.476468570289848 -2.40999999999997 -1.520000000000004
  endloop
endfacet
facet normal 5.37971e-16 0 -1
  outer loop
    vertex 2.476468570289848 -2.48999999999986 -1.520000000000004
    vertex 2.476468570289848 -2.40999999999997 -1.520000000000004
    vertex 3.301958093719784 -2.48999999999986 -1.520000000000003
  endloop
endfacet
facet normal 5.37971e-16 0 -1
  outer loop
    vertex 1.650979046859908 -2.48999999999986 -1.520000000000004
    vertex 2.476468570289848 -2.40999999999997 -1.520000000000004
    vertex 2.476468570289848 -2.48999999999986 -1.520000000000004
  endloop
endfacet
facet normal 5.37971e-16 0 -1
  outer loop
    vertex 0.8254895234299697 -2.48999999999986 -1.520000000000004
    vertex 0.8254895234299697 -2.40999999999997 -1.520000000000004
    vertex 1.650979046859908 -2.40999999999997 -1.520000000000004
  endloop
endfacet
facet normal 5.37971e-16 0 -1
  outer loop
    vertex 0.8254895234299697 -2.48999999999986 -1.520000000000004
    vertex 1.650979046859908 -2.40999999999997 -1.520000000000004
    vertex 1.650979046859908 -2.48999999999986 -1.520000000000004
  endloop
endfacet
facet normal 5.37971e-16 0 -1
  outer loop
    vertex 3.019806626980426e-14 -2.40999999999997 -1.520000000000005
    vertex 0.8254895234299697 -2.40999999999997 -1.520000000000004
    vertex 0.8254895234299697 -2.48999999999986 -1.520000000000004
  endloop
endfacet
facet normal 5.37971e-16 0 -1
  outer loop
    vertex 3.019806626980426e-14 -2.48999999999986 -1.520000000000005
    vertex -0.8254895234299111 -2.40999999999997 -1.520000000000005
    vertex 3.019806626980426e-14 -2.40999999999997 -1.520000000000005
  endloop
endfacet
facet normal 5.37971e-16 0 -1
  outer loop
    vertex 3.019806626980426e-14 -2.48999999999986 -1.520000000000005
    vertex 3.019806626980426e-14 -2.40999999999997 -1.520000000000005
    vertex 0.8254895234299697 -2.48999999999986 -1.520000000000004
  endloop
endfacet
facet normal 5.37971e-16 0 -1
  outer loop
    vertex -1.650979046859848 -2.48999999999986 -1.520000000000006
    vertex -1.650979046859848 -2.40999999999997 -1.520000000000006
    vertex -0.8254895234299111 -2.40999999999997 -1.520000000000005
  endloop
endfacet
facet normal 5.37971e-16 0 -1
  outer loop
    vertex -0.8254895234299111 -2.48999999999986 -1.520000000000005
    vertex -0.8254895234299111 -2.40999999999997 -1.520000000000005
    vertex 3.019806626980426e-14 -2.48999999999986 -1.520000000000005
  endloop
endfacet
facet normal 5.37971e-16 0 -1
  outer loop
    vertex -1.650979046859848 -2.48999999999986 -1.520000000000006
    vertex -0.8254895234299111 -2.40999999999997 -1.520000000000005
    vertex -0.8254895234299111 -2.48999999999986 -1.520000000000005
  endloop
endfacet
facet normal 5.37971e-16 0 -1
  outer loop
    vertex -2.476468570289789 -2.48999999999986 -1.520000000000006
    vertex -2.476468570289789 -2.40999999999997 -1.520000000000006
    vertex -1.650979046859848 -2.40999999999997 -1.520000000000006
  endloop
endfacet
facet normal 5.37971e-16 0 -1
  outer loop
    vertex -2.476468570289789 -2.48999999999986 -1.520000000000006
    vertex -1.650979046859848 -2.40999999999997 -1.520000000000006
    vertex -1.650979046859848 -2.48999999999986 -1.520000000000006
  endloop
endfacet
facet normal 1.07594e-15 0 -1
  outer loop
    vertex -3.30195809371973 -2.48999999999986 -1.520000000000007
    vertex -3.30195809371973 -2.40999999999997 -1.520000000000007
    vertex -2.476468570289789 -2.40999999999997 -1.520000000000006
  endloop
endfacet
facet normal 1.07594e-15 0 -1
  outer loop
    vertex -3.30195809371973 -2.48999999999986 -1.520000000000007
    vertex -2.476468570289789 -2.40999999999997 -1.520000000000006
    vertex -2.476468570289789 -2.48999999999986 -1.520000000000006
  endloop
endfacet
facet normal 0 0 -1
  outer loop
    vertex -4.12744761714967 -2.48999999999986 -1.520000000000007
    vertex -4.12744761714967 -2.40999999999997 -1.520000000000007
    vertex -3.30195809371973 -2.40999999999997 -1.520000000000007
  endloop
endfacet
facet normal 0 0 -1
  outer loop
    vertex -4.12744761714967 -2.48999999999986 -1.520000000000007
    vertex -3.30195809371973 -2.40999999999997 -1.520000000000007
    vertex -3.30195809371973 -2.48999999999986 -1.520000000000007
  endloop
endfacet
facet normal 8.06956e-16 0 -1
  outer loop
    vertex -4.952937140579611 -2.48999999999986 -1.520000000000008
    vertex -4.952937140579611 -2.40999999999997 -1.520000000000008
    vertex -4.12744761714967 -2.40999999999997 -1.520000000000007
  endloop
endfacet
facet normal 8.06956e-16 0 -1
  outer loop
    vertex -4.952937140579611 -2.48999999999986 -1.520000000000008
    vertex -4.12744761714967 -2.40999999999997 -1.520000000000007
    vertex -4.12744761714967 -2.48999999999986 -1.520000000000007
  endloop
endfacet
facet normal 5.37971e-16 0 -1
  outer loop
    vertex -5.778426664009549 -2.48999999999986 -1.520000000000008
    vertex -5.778426664009549 -2.40999999999997 -1.520000000000008
    vertex -4.952937140579611 -2.40999999999997 -1.520000000000008
  endloop
endfacet
facet normal 5.37971e-16 0 -1
  outer loop
    vertex -5.778426664009549 -2.48999999999986 -1.520000000000008
    vertex -4.952937140579611 -2.40999999999997 -1.520000000000008
    vertex -4.952937140579611 -2.48999999999986 -1.520000000000008
  endloop
endfacet
facet normal 5.37971e-16 0 -1
  outer loop
    vertex -6.60391618743949 -2.48999999999986 -1.520000000000009
    vertex -6.60391618743949 -2.40999999999997 -1.520000000000009
    vertex -5.778426664009549 -2.40999999999997 -1.520000000000008
  endloop
endfacet
facet normal 5.37971e-16 0 -1
  outer loop
    vertex -6.60391618743949 -2.48999999999986 -1.520000000000009
    vertex -5.778426664009549 -2.40999999999997 -1.520000000000008
    vertex -5.778426664009549 -2.48999999999986 -1.520000000000008
  endloop
endfacet
facet normal 5.37971e-16 0 -1
  outer loop
    vertex -7.429405710869429 -2.48999999999986 -1.520000000000009
    vertex -7.429405710869429 -2.40999999999997 -1.520000000000009
    vertex -6.60391618743949 -2.40999999999997 -1.520000000000009
  endloop
endfacet
facet normal 5.37971e-16 0 -1
  outer loop
    vertex -7.429405710869429 -2.48999999999986 -1.520000000000009
    vertex -6.60391618743949 -2.40999999999997 -1.520000000000009
    vertex -6.60391618743949 -2.48999999999986 -1.520000000000009
  endloop
endfacet
facet normal 2.68985e-16 0 -1
  outer loop
    vertex -8.25489523429937 -2.48999999999986 -1.520000000000009
    vertex -8.25489523429937 -2.40999999999997 -1.520000000000009
    vertex -7.429405710869429 -2.40999999999997 -1.520000000000009
  endloop
endfacet
facet normal 2.68985e-16 0 -1
  outer loop
    vertex -8.25489523429937 -2.48999999999986 -1.520000000000009
    vertex -7.429405710869429 -2.40999999999997 -1.520000000000009
    vertex -7.429405710869429 -2.48999999999986 -1.520000000000009
  endloop
endfacet
facet normal -1 -0 0
  outer loop
    vertex -9.6 -4.884981308350689e-15 -0.07000000000000291
    vertex -9.6 -0.4820000000000059 -0.620000000000013
    vertex -9.6 -0.8299999999999563 -0.07000000000000291
  endloop
endfacet
facet normal -1 0 0
  outer loop
    vertex -9.6 -4.884981308350689e-15 -0.07000000000000291
    vertex -9.6 0.8299999999999467 -0.07000000000000291
    vertex -9.6 0.481999999999976 -0.620000000000013
  endloop
endfacet
facet normal -1 0 -0
  outer loop
    vertex -9.6 2.48999999999985 -0.07000000000000291
    vertex -9.6 2.48999999999985 -0.620000000000003
    vertex -9.6 2.40999999999994 -0.620000000000013
  endloop
endfacet
facet normal -1 0 0
  outer loop
    vertex -9.6 -2.40999999999997 -0.620000000000013
    vertex -9.6 -2.48999999999986 -0.620000000000003
    vertex -9.6 -2.48999999999986 -0.07000000000000291
  endloop
endfacet
facet normal -1 -0 0
  outer loop
    vertex -9.6 2.48999999999985 -0.07000000000000291
    vertex -9.6 2.40999999999994 -0.620000000000013
    vertex -9.6 1.659999999999899 -0.07000000000000291
  endloop
endfacet
facet normal -1 0 0
  outer loop
    vertex -9.6 -2.48999999999986 -0.07000000000000291
    vertex -9.6 -1.659999999999908 -0.07000000000000291
    vertex -9.6 -2.40999999999997 -0.620000000000013
  endloop
endfacet
facet normal -1 -1.84269e-15 -2.51276e-15
  outer loop
    vertex -9.6 1.659999999999899 -0.07000000000000291
    vertex -9.6 2.40999999999994 -0.620000000000013
    vertex -9.599999999999998 1.445999999999958 -0.620000000000013
  endloop
endfacet
facet normal -1 0 -0
  outer loop
    vertex -9.6 -1.659999999999908 -0.07000000000000291
    vertex -9.6 -1.445999999999988 -0.620000000000013
    vertex -9.6 -2.40999999999997 -0.620000000000013
  endloop
endfacet
facet normal -1 0 -3.22974e-15
  outer loop
    vertex -9.599999999999998 1.445999999999958 -0.620000000000013
    vertex -9.6 0.8299999999999467 -0.07000000000000291
    vertex -9.6 1.659999999999899 -0.07000000000000291
  endloop
endfacet
facet normal -1 1.84269e-15 -1.16592e-15
  outer loop
    vertex -9.6 0.481999999999976 -0.620000000000013
    vertex -9.6 0.8299999999999467 -0.07000000000000291
    vertex -9.599999999999998 1.445999999999958 -0.620000000000013
  endloop
endfacet
facet normal -1 0 0
  outer loop
    vertex -9.6 0.481999999999976 -0.620000000000013
    vertex -9.6 -0.4820000000000059 -0.620000000000013
    vertex -9.6 -4.884981308350689e-15 -0.07000000000000291
  endloop
endfacet
facet normal -1 -0 0
  outer loop
    vertex -9.6 -0.8299999999999563 -0.07000000000000291
    vertex -9.6 -1.445999999999988 -0.620000000000013
    vertex -9.6 -1.659999999999908 -0.07000000000000291
  endloop
endfacet
facet normal -1 0 -0
  outer loop
    vertex -9.6 -0.8299999999999563 -0.07000000000000291
    vertex -9.6 -0.4820000000000059 -0.620000000000013
    vertex -9.6 -1.445999999999988 -0.620000000000013
  endloop
endfacet
facet normal 0 0 -1
  outer loop
    vertex -8.69104846391588 -0.08344669858991516 -0.620000000000013
    vertex -7.962711534445782 0.4945724675472847 -0.620000000000013
    vertex -7.56198620355528 -0.2877459839152774 -0.620000000000013
  endloop
endfacet
facet normal -0 0 -1
  outer loop
    vertex 8.691048463915925 0.08344669858989606 -0.620000000000013
    vertex 7.962711534445907 -0.4945724675471452 -0.620000000000013
    vertex 7.561829158941718 0.2877044717694783 -0.620000000000013
  endloop
endfacet
facet normal -0 0 -1
  outer loop
    vertex -7.56198620355528 -0.2877459839152774 -0.620000000000013
    vertex -8.189528539051153 -0.8753012593808618 -0.620000000000013
    vertex -8.69104846391588 -0.08344669858991516 -0.620000000000013
  endloop
endfacet
facet normal 0 0 -1
  outer loop
    vertex 7.561829158941718 0.2877044717694783 -0.620000000000013
    vertex 8.189497130128506 0.8752929569516734 -0.620000000000013
    vertex 8.691048463915925 0.08344669858989606 -0.620000000000013
  endloop
endfacet
facet normal 0 0 -1
  outer loop
    vertex -8.69104846391588 -0.08344669858991516 -0.620000000000013
    vertex -8.923443501183028 -1.111967828987199 -0.620000000000013
    vertex -9.6 -0.4820000000000059 -0.620000000000013
  endloop
endfacet
facet normal 8.54123e-15 -1.92987e-15 -1
  outer loop
    vertex 8.691048463915925 0.08344669858989606 -0.620000000000013
    vertex 8.9234397620256 1.111966840602717 -0.620000000000013
    vertex 9.6 0.481999999999976 -0.620000000000006
  endloop
endfacet
facet normal -0 0 -1
  outer loop
    vertex -8.189528539051153 -0.8753012593808618 -0.620000000000013
    vertex -8.923443501183028 -1.111967828987199 -0.620000000000013
    vertex -8.69104846391588 -0.08344669858991516 -0.620000000000013
  endloop
endfacet
facet normal 0 0 -1
  outer loop
    vertex 8.189497130128506 0.8752929569516734 -0.620000000000013
    vertex 8.9234397620256 1.111966840602717 -0.620000000000013
    vertex 8.691048463915925 0.08344669858989606 -0.620000000000013
  endloop
endfacet
facet normal 0 0 -1
  outer loop
    vertex -4.31304347826097 1.11916530565115 -0.620000000000013
    vertex -4.061283643892436 1.787669642483907 -0.620000000000013
    vertex -3.359006211180263 1.220166650514744 -0.620000000000013
  endloop
endfacet
facet normal 0 0 -1
  outer loop
    vertex -4.061283643892436 1.787669642483907 -0.620000000000013
    vertex -3.320579710145044 1.902978669446105 -0.620000000000013
    vertex -3.359006211180263 1.220166650514744 -0.620000000000013
  endloop
endfacet
facet normal 0 0 -1
  outer loop
    vertex -1.80869565217408 1.118273769585151 -0.620000000000013
    vertex -1.586749482401782 1.811998050473326 -0.620000000000013
    vertex -0.8347826086958641 1.204714728839548 -0.620000000000013
  endloop
endfacet
facet normal 0 0 -1
  outer loop
    vertex -1.586749482401782 1.811998050473326 -0.620000000000013
    vertex -0.8182194616978435 1.90475396670895 -0.620000000000013
    vertex -0.8347826086958641 1.204714728839548 -0.620000000000013
  endloop
endfacet
facet normal 0 -0 -1
  outer loop
    vertex -6.927791673660977e-14 1.687057054232035 -0.620000000000013
    vertex 0.718840579710001 1.088589400673491 -0.620000000000013
    vertex -1.63424829224823e-13 0.9631859825901241 -0.620000000000013
  endloop
endfacet
facet normal 0 0 -1
  outer loop
    vertex 0.9739130434781629 1.767257261023875 -0.620000000000013
    vertex 0.718840579710001 1.088589400673491 -0.620000000000013
    vertex -6.927791673660977e-14 1.687057054232035 -0.620000000000013
  endloop
endfacet
facet normal 0 -0 -1
  outer loop
    vertex -8.189528539051153 -0.8753012593808618 -0.620000000000013
    vertex -7.46143928684597 -1.138118526550455 -0.620000000000013
    vertex -8.332760904953126 -1.682490289510763 -0.620000000000013
  endloop
endfacet
facet normal 0 0 -1
  outer loop
    vertex 8.189497130128506 0.8752929569516734 -0.620000000000013
    vertex 7.461439286846227 1.13811852655059 -0.620000000000013
    vertex 8.332760904953117 1.682490289510586 -0.620000000000013
  endloop
endfacet
facet normal 0 0 -1
  outer loop
    vertex -7.46143928684597 -1.138118526550455 -0.620000000000013
    vertex -7.51623219266143 -1.850910546391203 -0.620000000000013
    vertex -8.332760904953126 -1.682490289510763 -0.620000000000013
  endloop
endfacet
facet normal 0 0 -1
  outer loop
    vertex 7.461439286846227 1.13811852655059 -0.620000000000013
    vertex 7.516232192661478 1.85091054639111 -0.620000000000013
    vertex 8.332760904953117 1.682490289510586 -0.620000000000013
  endloop
endfacet
facet normal 0 0 -1
  outer loop
    vertex 3.756521739130431 -0.9641141084640723 -0.620000000000013
    vertex 3.789354501758147 -0.2463807635582507 -0.620000000000013
    vertex 4.501322743495908 -0.4734616333782922 -0.620000000000013
  endloop
endfacet
facet normal 0 0 -1
  outer loop
    vertex -3.359006211180263 1.220166650514744 -0.620000000000013
    vertex -3.320579710145044 1.902978669446105 -0.620000000000013
    vertex -2.504347826087068 1.687057054232036 -0.620000000000013
  endloop
endfacet
facet normal -0 0 -1
  outer loop
    vertex -4.31304347826097 1.11916530565115 -0.620000000000013
    vertex -5.036521739130481 0.9811554577482848 -0.620000000000013
    vertex -5.008695652173891 1.687057054232112 -0.620000000000013
  endloop
endfacet
facet normal 0 0 -1
  outer loop
    vertex -2.504347826087068 1.687057054232036 -0.620000000000013
    vertex -2.536811594203048 0.9844153095199868 -0.620000000000013
    vertex -3.359006211180263 1.220166650514744 -0.620000000000013
  endloop
endfacet
facet normal 0 0 -1
  outer loop
    vertex -0.8347826086958641 1.204714728839548 -0.620000000000013
    vertex -0.8182194616978435 1.90475396670895 -0.620000000000013
    vertex -6.927791673660977e-14 1.687057054232035 -0.620000000000013
  endloop
endfacet
facet normal 0 0 -1
  outer loop
    vertex -5.008695652173891 1.687057054232112 -0.620000000000013
    vertex -4.061283643892436 1.787669642483907 -0.620000000000013
    vertex -4.31304347826097 1.11916530565115 -0.620000000000013
  endloop
endfacet
facet normal 0 0 -1
  outer loop
    vertex -6.927791673660977e-14 1.687057054232035 -0.620000000000013
    vertex -1.63424829224823e-13 0.9631859825901241 -0.620000000000013
    vertex -0.8347826086958641 1.204714728839548 -0.620000000000013
  endloop
endfacet
facet normal 0 0 -1
  outer loop
    vertex 1.669565217391106 1.204714728839678 -0.620000000000013
    vertex 1.67950193124012 1.890957690644896 -0.620000000000013
    vertex 2.414900960548783 1.662816463361086 -0.620000000000013
  endloop
endfacet
facet normal -0 0 -1
  outer loop
    vertex -1.80869565217408 1.118273769585151 -0.620000000000013
    vertex -2.536811594203048 0.9844153095199868 -0.620000000000013
    vertex -2.504347826087068 1.687057054232036 -0.620000000000013
  endloop
endfacet
facet normal 0 0 -1
  outer loop
    vertex -2.504347826087068 1.687057054232036 -0.620000000000013
    vertex -1.586749482401782 1.811998050473326 -0.620000000000013
    vertex -1.80869565217408 1.118273769585151 -0.620000000000013
  endloop
endfacet
facet normal -0 0 -1
  outer loop
    vertex 1.669565217391106 1.204714728839678 -0.620000000000013
    vertex 0.718840579710001 1.088589400673491 -0.620000000000013
    vertex 0.9739130434781629 1.767257261023875 -0.620000000000013
  endloop
endfacet
facet normal 0 0 -1
  outer loop
    vertex 0.9739130434781629 1.767257261023875 -0.620000000000013
    vertex 1.67950193124012 1.890957690644896 -0.620000000000013
    vertex 1.669565217391106 1.204714728839678 -0.620000000000013
  endloop
endfacet
facet normal 0 0 -1
  outer loop
    vertex 5.023630883834603 -1.678547159981439 -0.620000000000013
    vertex 5.025105376696755 -0.9881323938602253 -0.620000000000013
    vertex 5.843478260869739 -1.206195857207585 -0.620000000000013
  endloop
endfacet
facet normal 0 0 -1
  outer loop
    vertex -5.008695652173891 1.687057054232112 -0.620000000000013
    vertex -5.036521739130481 0.9811554577482848 -0.620000000000013
    vertex -5.843478260869588 1.206195857207597 -0.620000000000013
  endloop
endfacet
facet normal 0 0 -1
  outer loop
    vertex 5.843478260869739 -1.206195857207585 -0.620000000000013
    vertex 5.843478260869551 -1.88045832958274 -0.620000000000013
    vertex 5.023630883834603 -1.678547159981439 -0.620000000000013
  endloop
endfacet
facet normal 0 0 -1
  outer loop
    vertex -5.843478260869588 1.206195857207597 -0.620000000000013
    vertex -5.843478260869544 1.880458329582678 -0.620000000000013
    vertex -5.008695652173891 1.687057054232112 -0.620000000000013
  endloop
endfacet
facet normal 0 0 -1
  outer loop
    vertex -6.678260869565198 1.687057054231918 -0.620000000000013
    vertex -5.843478260869544 1.880458329582678 -0.620000000000013
    vertex -5.843478260869588 1.206195857207597 -0.620000000000013
  endloop
endfacet
facet normal -0 0 -1
  outer loop
    vertex 6.678260869565216 -1.687057054232103 -0.620000000000013
    vertex 5.843478260869551 -1.88045832958274 -0.620000000000013
    vertex 5.843478260869739 -1.206195857207585 -0.620000000000013
  endloop
endfacet
facet normal 0 -0 -1
  outer loop
    vertex -7.56198620355528 -0.2877459839152774 -0.620000000000013
    vertex -7.46143928684597 -1.138118526550455 -0.620000000000013
    vertex -8.189528539051153 -0.8753012593808618 -0.620000000000013
  endloop
endfacet
facet normal 0 0 -1
  outer loop
    vertex 7.561829158941718 0.2877044717694783 -0.620000000000013
    vertex 7.461439286846227 1.13811852655059 -0.620000000000013
    vertex 8.189497130128506 0.8752929569516734 -0.620000000000013
  endloop
endfacet
facet normal 0 0 -1
  outer loop
    vertex 5.843478260869739 -1.206195857207585 -0.620000000000013
    vertex 6.681100264246217 -1.006371703085328 -0.620000000000013
    vertex 6.678260869565216 -1.687057054232103 -0.620000000000013
  endloop
endfacet
facet normal -0 0 -1
  outer loop
    vertex -5.843478260869588 1.206195857207597 -0.620000000000013
    vertex -6.681810767140389 1.006183893397928 -0.620000000000013
    vertex -6.678260869565198 1.687057054231918 -0.620000000000013
  endloop
endfacet
facet normal 0 -0 -1
  outer loop
    vertex -9.599999999999998 1.445999999999958 -0.620000000000013
    vertex -8.761054242283516 0.9601445097035102 -0.620000000000013
    vertex -9.6 0.481999999999976 -0.620000000000013
  endloop
endfacet
facet normal 8.33714e-15 0 -1
  outer loop
    vertex 9.6 -1.445999999999988 -0.620000000000006
    vertex 8.761054242283597 -0.9601445097035799 -0.620000000000013
    vertex 9.6 -0.4820000000000059 -0.620000000000006
  endloop
endfacet
facet normal 0 0 -1
  outer loop
    vertex 6.678260869565216 -1.687057054232103 -0.620000000000013
    vertex 6.681100264246217 -1.006371703085328 -0.620000000000013
    vertex 7.524375028503533 -1.242557910031367 -0.620000000000013
  endloop
endfacet
facet normal 0 0 -1
  outer loop
    vertex -6.678260869565198 1.687057054231918 -0.620000000000013
    vertex -6.681810767140389 1.006183893397928 -0.620000000000013
    vertex -7.524375028503394 1.242557910031485 -0.620000000000013
  endloop
endfacet
facet normal 7.69503e-15 0 -1
  outer loop
    vertex 9.6 -0.4820000000000059 -0.620000000000006
    vertex 8.691048463915925 0.08344669858989606 -0.620000000000013
    vertex 9.6 0.481999999999976 -0.620000000000006
  endloop
endfacet
facet normal 0 0 -1
  outer loop
    vertex -9.6 0.481999999999976 -0.620000000000013
    vertex -8.69104846391588 -0.08344669858991516 -0.620000000000013
    vertex -9.6 -0.4820000000000059 -0.620000000000013
  endloop
endfacet
facet normal 0 0 -1
  outer loop
    vertex 2.414900960548783 1.662816463361086 -0.620000000000013
    vertex 2.312692956704788 1.045345452718564 -0.620000000000013
    vertex 1.669565217391106 1.204714728839678 -0.620000000000013
  endloop
endfacet
facet normal 0 0 -1
  outer loop
    vertex 4.501322743495908 -0.4734616333782922 -0.620000000000013
    vertex 4.489513934183751 -1.162067984923284 -0.620000000000013
    vertex 3.756521739130431 -0.9641141084640723 -0.620000000000013
  endloop
endfacet
facet normal 0 0 -1
  outer loop
    vertex 6.760873814986359 1.613943915894452 -0.620000000000013
    vertex 7.516232192661478 1.85091054639111 -0.620000000000013
    vertex 7.461439286846227 1.13811852655059 -0.620000000000013
  endloop
endfacet
facet normal -0 0 -1
  outer loop
    vertex -6.760873814986333 -1.613943915894481 -0.620000000000013
    vertex -7.51623219266143 -1.850910546391203 -0.620000000000013
    vertex -7.46143928684597 -1.138118526550455 -0.620000000000013
  endloop
endfacet
facet normal 0 0 -1
  outer loop
    vertex 7.524375028503533 -1.242557910031367 -0.620000000000013
    vertex 7.513043478260863 -1.900838155172208 -0.620000000000013
    vertex 6.678260869565216 -1.687057054232103 -0.620000000000013
  endloop
endfacet
facet normal 0 0 -1
  outer loop
    vertex -7.524375028503394 1.242557910031485 -0.620000000000013
    vertex -7.513043478260859 1.900838155172195 -0.620000000000013
    vertex -6.678260869565198 1.687057054231918 -0.620000000000013
  endloop
endfacet
facet normal 0 0 -1
  outer loop
    vertex -8.69104846391588 -0.08344669858991516 -0.620000000000013
    vertex -8.761054242283516 0.9601445097035102 -0.620000000000013
    vertex -7.962711534445782 0.4945724675472847 -0.620000000000013
  endloop
endfacet
facet normal 0 -0 -1
  outer loop
    vertex 8.691048463915925 0.08344669858989606 -0.620000000000013
    vertex 8.761054242283597 -0.9601445097035799 -0.620000000000013
    vertex 7.962711534445907 -0.4945724675471452 -0.620000000000013
  endloop
endfacet
facet normal 0 0 -1
  outer loop
    vertex 2.886325809440725 -0.984744442960336 -0.620000000000013
    vertex 3.756521739130431 -0.9641141084640723 -0.620000000000013
    vertex 3.339130434782616 -1.687057054231978 -0.620000000000013
  endloop
endfacet
facet normal -5.31982e-15 4.27796e-15 -1
  outer loop
    vertex 2.08695652173918 -2.40999999999997 -0.6200000000000139
    vertex 2.498445605921285 -1.690679887402246 -0.620000000000013
    vertex 2.921739130434842 -2.40999999999997 -0.6200000000000183
  endloop
endfacet
facet normal -5.31982e-15 -1.8521e-15 -1
  outer loop
    vertex 1.25217391304352 -2.40999999999997 -0.6200000000000094
    vertex 1.668581514030361 -1.68784530384794 -0.620000000000013
    vertex 2.08695652173918 -2.40999999999997 -0.6200000000000139
  endloop
endfacet
facet normal -0 0 -1
  outer loop
    vertex 3.339130434782616 -1.687057054231978 -0.620000000000013
    vertex 2.498445605921285 -1.690679887402246 -0.620000000000013
    vertex 2.886325809440725 -0.984744442960336 -0.620000000000013
  endloop
endfacet
facet normal -3.18452e-17 7.38974e-15 -1
  outer loop
    vertex 2.921739130434842 -2.40999999999997 -0.6200000000000183
    vertex 2.498445605921285 -1.690679887402246 -0.620000000000013
    vertex 3.339130434782616 -1.687057054231978 -0.620000000000013
  endloop
endfacet
facet normal 4.20933e-18 1.23234e-15 -1
  outer loop
    vertex 2.08695652173918 -2.40999999999997 -0.6200000000000139
    vertex 1.668581514030361 -1.68784530384794 -0.620000000000013
    vertex 2.498445605921285 -1.690679887402246 -0.620000000000013
  endloop
endfacet
facet normal 0 -0 -1
  outer loop
    vertex 3.756521739130431 -0.9641141084640723 -0.620000000000013
    vertex 4.140988927761063 -1.70608462893239 -0.620000000000013
    vertex 3.339130434782616 -1.687057054231978 -0.620000000000013
  endloop
endfacet
facet normal 0 -0 -1
  outer loop
    vertex -1.225686219186173e-13 -0.2468423226721099 -0.620000000000013
    vertex 0.4173913043477793 -0.9659404292859912 -0.620000000000013
    vertex -0.4173913043478858 -0.9652078911378115 -0.620000000000013
  endloop
endfacet
facet normal -6.06514e-28 2.90247e-14 -1
  outer loop
    vertex -3.756521739130465 -2.40999999999997 -0.620000000000034
    vertex -4.173913043478319 -1.6870570542321 -0.620000000000013
    vertex -3.339130434782683 -1.687057054232082 -0.620000000000013
  endloop
endfacet
facet normal -0 0 -1
  outer loop
    vertex -5.426099941365371 -0.9648862403385783 -0.620000000000013
    vertex -5.853013751642669 -1.669623020472246 -0.620000000000013
    vertex -6.235456579591222 -0.9318509123680152 -0.620000000000013
  endloop
endfacet
facet normal 0 0 -1
  outer loop
    vertex -0.4173913043478858 -0.9652078911378115 -0.620000000000013
    vertex 0.4173913043477793 -0.9659404292859912 -0.620000000000013
    vertex 0 -1.68723935134435 -0.620000000000013
  endloop
endfacet
facet normal 0 0 -1
  outer loop
    vertex 0.8347826086955497 -0.2451818478656289 -0.620000000000013
    vertex 0.4173913043477793 -0.9659404292859912 -0.620000000000013
    vertex -1.225686219186173e-13 -0.2468423226721099 -0.620000000000013
  endloop
endfacet
facet normal 0 0 -1
  outer loop
    vertex -4.173913043478319 -1.6870570542321 -0.620000000000013
    vertex -3.75652173913052 -0.9641141084642129 -0.620000000000013
    vertex -3.339130434782683 -1.687057054232082 -0.620000000000013
  endloop
endfacet
facet normal 0 0 -1
  outer loop
    vertex -5.008695652173987 -1.687057054232161 -0.620000000000013
    vertex -5.853013751642669 -1.669623020472246 -0.620000000000013
    vertex -5.426099941365371 -0.9648862403385783 -0.620000000000013
  endloop
endfacet
facet normal 0 0 -1
  outer loop
    vertex -5.426099941365371 -0.9648862403385783 -0.620000000000013
    vertex -4.591306511966751 -0.9651343331760489 -0.620000000000013
    vertex -5.008695652173987 -1.687057054232161 -0.620000000000013
  endloop
endfacet
facet normal -0 0 -1
  outer loop
    vertex 0 -1.68723935134435 -0.620000000000013
    vertex -0.8347826086956953 -1.68726973419638 -0.620000000000013
    vertex -0.4173913043478858 -0.9652078911378115 -0.620000000000013
  endloop
endfacet
facet normal 0 -0 -1
  outer loop
    vertex -6.235456579591222 -0.9318509123680152 -0.620000000000013
    vertex -5.853013751642669 -1.669623020472246 -0.620000000000013
    vertex -6.760873814986333 -1.613943915894481 -0.620000000000013
  endloop
endfacet
facet normal 0 0 -1
  outer loop
    vertex -1.669565217391345 -1.687057054232068 -0.620000000000013
    vertex -1.252173913043569 -0.964480441581494 -0.620000000000013
    vertex -0.8347826086956953 -1.68726973419638 -0.620000000000013
  endloop
endfacet
facet normal 0 0 -1
  outer loop
    vertex -5.008695652173987 -1.687057054232161 -0.620000000000013
    vertex -4.591306511966751 -0.9651343331760489 -0.620000000000013
    vertex -4.173913043478319 -1.6870570542321 -0.620000000000013
  endloop
endfacet
facet normal 0 0 -1
  outer loop
    vertex -0.8347826086956953 -1.68726973419638 -0.620000000000013
    vertex -1.252173913043569 -0.964480441581494 -0.620000000000013
    vertex -0.4173913043478858 -0.9652078911378115 -0.620000000000013
  endloop
endfacet
facet normal -4.64832e-18 -4.91692e-15 -1
  outer loop
    vertex 0.83478260869569 -1.687057054232083 -0.620000000000013
    vertex 1.668581514030361 -1.68784530384794 -0.620000000000013
    vertex 1.25217391304352 -2.40999999999997 -0.6200000000000094
  endloop
endfacet
facet normal 5.05383e-15 3.19425e-14 -1
  outer loop
    vertex -4.591304347826118 -2.40999999999997 -0.6200000000000382
    vertex -4.173913043478319 -1.6870570542321 -0.620000000000013
    vertex -3.756521739130465 -2.40999999999997 -0.620000000000034
  endloop
endfacet
facet normal 0 0 -1
  outer loop
    vertex -2.086956521739234 -0.9641141084641538 -0.620000000000013
    vertex -1.252173913043569 -0.964480441581494 -0.620000000000013
    vertex -1.669565217391345 -1.687057054232068 -0.620000000000013
  endloop
endfacet
facet normal 0 0 -1
  outer loop
    vertex 0.4173913043477793 -0.9659404292859912 -0.620000000000013
    vertex 1.252009962483269 -0.9665094263449903 -0.620000000000013
    vertex 0.83478260869569 -1.687057054232083 -0.620000000000013
  endloop
endfacet
facet normal -0 0 -1
  outer loop
    vertex -1.669565217391345 -1.687057054232068 -0.620000000000013
    vertex -2.504347826087018 -1.687057054232072 -0.620000000000013
    vertex -2.086956521739234 -0.9641141084641538 -0.620000000000013
  endloop
endfacet
facet normal 0 0 -1
  outer loop
    vertex 2.414900960548783 1.662816463361086 -0.620000000000013
    vertex 3.324222623859594 1.683016955753541 -0.620000000000013
    vertex 2.921739130434858 0.9641141084641078 -0.620000000000013
  endloop
endfacet
facet normal 0 0 -1
  outer loop
    vertex 0.83478260869569 -1.687057054232083 -0.620000000000013
    vertex 1.252009962483269 -0.9665094263449903 -0.620000000000013
    vertex 1.668581514030361 -1.68784530384794 -0.620000000000013
  endloop
endfacet
facet normal 0 -0 -1
  outer loop
    vertex -2.921739130434876 -0.9641141084641869 -0.620000000000013
    vertex -2.504347826087018 -1.687057054232072 -0.620000000000013
    vertex -3.339130434782683 -1.687057054232082 -0.620000000000013
  endloop
endfacet
facet normal 0 0 -1
  outer loop
    vertex 3.756521739130493 0.9641141084641536 -0.620000000000013
    vertex 3.324222623859594 1.683016955753541 -0.620000000000013
    vertex 4.173913043478256 1.687057054232058 -0.620000000000013
  endloop
endfacet
facet normal 1.43635e-14 2.76426e-15 -1
  outer loop
    vertex 0.4173913043477853 2.409999999999921 -0.620000000000005
    vertex -6.927791673660977e-14 1.687057054232035 -0.620000000000013
    vertex -0.4173913043479218 2.409999999999921 -0.620000000000017
  endloop
endfacet
facet normal 0 0 -1
  outer loop
    vertex -2.086956521739234 -0.9641141084641538 -0.620000000000013
    vertex -2.504347826087018 -1.687057054232072 -0.620000000000013
    vertex -2.921739130434876 -0.9641141084641869 -0.620000000000013
  endloop
endfacet
facet normal 0 0 -1
  outer loop
    vertex 5.008695652173904 1.687057054232083 -0.620000000000013
    vertex 4.591304347826123 0.9641141084642113 -0.620000000000013
    vertex 4.173913043478256 1.687057054232058 -0.620000000000013
  endloop
endfacet
facet normal 1.42305e-14 -2.84176e-15 -1
  outer loop
    vertex -0.4173913043478479 -2.40999999999997 -0.6200000000000169
    vertex 0 -1.68723935134435 -0.620000000000013
    vertex 0.4173913043478578 -2.40999999999997 -0.620000000000005
  endloop
endfacet
facet normal 0 0 -1
  outer loop
    vertex 2.921739130434858 0.9641141084641078 -0.620000000000013
    vertex 3.324222623859594 1.683016955753541 -0.620000000000013
    vertex 3.756521739130493 0.9641141084641536 -0.620000000000013
  endloop
endfacet
facet normal 0 0 -1
  outer loop
    vertex -3.75652173913052 -0.9641141084642129 -0.620000000000013
    vertex -2.921739130434876 -0.9641141084641869 -0.620000000000013
    vertex -3.339130434782683 -1.687057054232082 -0.620000000000013
  endloop
endfacet
facet normal 2.89571e-18 1.13658e-14 -1
  outer loop
    vertex -1.669565217391345 -1.687057054232068 -0.620000000000013
    vertex -0.8347826086956953 -1.68726973419638 -0.620000000000013
    vertex -1.252173913043502 -2.40999999999997 -0.6200000000000212
  endloop
endfacet
facet normal 5.856e-28 -1.9657e-14 -1
  outer loop
    vertex 4.59130434782608 2.409999999999921 -0.6200000000000272
    vertex 5.008695652173904 1.687057054232083 -0.620000000000013
    vertex 4.173913043478256 1.687057054232058 -0.620000000000013
  endloop
endfacet
facet normal 0 0 -1
  outer loop
    vertex 0 -1.68723935134435 -0.620000000000013
    vertex 0.4173913043477793 -0.9659404292859912 -0.620000000000013
    vertex 0.83478260869569 -1.687057054232083 -0.620000000000013
  endloop
endfacet
facet normal 0 0 -1
  outer loop
    vertex -4.173913043478351 -0.2411711626963648 -0.620000000000013
    vertex -4.591304347826177 0.4496764846925494 -0.620000000000013
    vertex -3.756521739130569 0.4817717830714887 -0.620000000000013
  endloop
endfacet
facet normal -5.31982e-15 -1.65856e-14 -1
  outer loop
    vertex 4.59130434782608 2.409999999999921 -0.6200000000000272
    vertex 4.173913043478256 1.687057054232058 -0.620000000000013
    vertex 3.756521739130421 2.409999999999921 -0.6200000000000228
  endloop
endfacet
facet normal 7.64612e-16 3.70296e-14 -1
  outer loop
    vertex -5.426086956521722 -2.410000000000113 -0.6200000000000401
    vertex -5.853013751642669 -1.669623020472246 -0.620000000000013
    vertex -5.008695652173987 -1.687057054232161 -0.620000000000013
  endloop
endfacet
facet normal 5.18682e-15 8.37202e-15 -1
  outer loop
    vertex -1.252173913043502 -2.40999999999997 -0.6200000000000212
    vertex -0.8347826086956953 -1.68726973419638 -0.620000000000013
    vertex -0.4173913043478479 -2.40999999999997 -0.6200000000000169
  endloop
endfacet
facet normal 2.4149e-18 -1.10584e-14 -1
  outer loop
    vertex 0.4173913043478578 -2.40999999999997 -0.620000000000005
    vertex 0 -1.68723935134435 -0.620000000000013
    vertex 0.83478260869569 -1.687057054232083 -0.620000000000013
  endloop
endfacet
facet normal 0 0 -1
  outer loop
    vertex -3.75652173913052 -0.9641141084642129 -0.620000000000013
    vertex -4.173913043478351 -0.2411711626963648 -0.620000000000013
    vertex -3.339130434782729 -0.2411711626963409 -0.620000000000013
  endloop
endfacet
facet normal -0 0 -1
  outer loop
    vertex -4.173913043478351 -0.2411711626963648 -0.620000000000013
    vertex -5.008695652173953 -0.2465203790928747 -0.620000000000013
    vertex -4.591304347826177 0.4496764846925494 -0.620000000000013
  endloop
endfacet
facet normal -9.55981e-16 1.1609e-14 -1
  outer loop
    vertex 0.4173913043477853 2.409999999999921 -0.620000000000005
    vertex 0.9739130434781629 1.767257261023875 -0.620000000000013
    vertex -6.927791673660977e-14 1.687057054232035 -0.620000000000013
  endloop
endfacet
facet normal 0 0 -1
  outer loop
    vertex -4.173913043478319 -1.6870570542321 -0.620000000000013
    vertex -4.591306511966751 -0.9651343331760489 -0.620000000000013
    vertex -3.75652173913052 -0.9641141084642129 -0.620000000000013
  endloop
endfacet
facet normal -5.31982e-15 1.67851e-14 -1
  outer loop
    vertex 3.756521739130503 -2.40999999999997 -0.6200000000000228
    vertex 4.140988927761063 -1.70608462893239 -0.620000000000013
    vertex 4.591304347826163 -2.40999999999997 -0.6200000000000272
  endloop
endfacet
facet normal 0 -0 -1
  outer loop
    vertex 0.8347826086955497 -0.2451818478656289 -0.620000000000013
    vertex 1.252009962483269 -0.9665094263449903 -0.620000000000013
    vertex 0.4173913043477793 -0.9659404292859912 -0.620000000000013
  endloop
endfacet
facet normal -2.8798e-28 2.30355e-14 -1
  outer loop
    vertex -3.339130434782683 -1.687057054232082 -0.620000000000013
    vertex -2.504347826087018 -1.687057054232072 -0.620000000000013
    vertex -2.92173913043481 -2.40999999999997 -0.6200000000000296
  endloop
endfacet
facet normal -7.78581e-28 3.65887e-14 -1
  outer loop
    vertex -6.260869565217378 -2.410000000000131 -0.6200000000000401
    vertex -5.853013751642669 -1.669623020472246 -0.620000000000013
    vertex -5.426086956521722 -2.410000000000113 -0.6200000000000401
  endloop
endfacet
facet normal 3.25136e-16 1.37019e-14 -1
  outer loop
    vertex 3.339130434782616 -1.687057054231978 -0.620000000000013
    vertex 4.140988927761063 -1.70608462893239 -0.620000000000013
    vertex 3.756521739130503 -2.40999999999997 -0.6200000000000228
  endloop
endfacet
facet normal -6.17528e-16 1.97932e-14 -1
  outer loop
    vertex 4.591304347826163 -2.40999999999997 -0.6200000000000272
    vertex 4.140988927761063 -1.70608462893239 -0.620000000000013
    vertex 5.023630883834603 -1.678547159981439 -0.620000000000013
  endloop
endfacet
facet normal 5.31982e-15 -1.28885e-14 -1
  outer loop
    vertex 6.260869565217351 2.409999999999956 -0.6200000000000203
    vertex 5.857247085106398 1.674871531175833 -0.620000000000013
    vertex 5.426086956521688 2.409999999999953 -0.6200000000000248
  endloop
endfacet
facet normal -7.24124e-28 3.40296e-14 -1
  outer loop
    vertex -7.095652173913035 -2.410000000000148 -0.6200000000000401
    vertex -6.760873814986333 -1.613943915894481 -0.620000000000013
    vertex -6.260869565217378 -2.410000000000131 -0.6200000000000401
  endloop
endfacet
facet normal -0 0 -1
  outer loop
    vertex 5.008695652173985 0.2465203790928805 -0.620000000000013
    vertex 4.501322743495908 -0.4734616333782922 -0.620000000000013
    vertex 4.173913043478356 0.2732664610752664 -0.620000000000013
  endloop
endfacet
facet normal -0 0 -1
  outer loop
    vertex 4.591304347826123 0.9641141084642113 -0.620000000000013
    vertex 3.756521739130493 0.9641141084641536 -0.620000000000013
    vertex 4.173913043478256 1.687057054232058 -0.620000000000013
  endloop
endfacet
facet normal -1.95681e-19 5.37642e-15 -1
  outer loop
    vertex -0.4173913043478479 -2.40999999999997 -0.6200000000000169
    vertex -0.8347826086956953 -1.68726973419638 -0.620000000000013
    vertex 0 -1.68723935134435 -0.620000000000013
  endloop
endfacet
facet normal 5.18682e-15 2.60301e-14 -1
  outer loop
    vertex -3.756521739130465 -2.40999999999997 -0.620000000000034
    vertex -3.339130434782683 -1.687057054232082 -0.620000000000013
    vertex -2.92173913043481 -2.40999999999997 -0.6200000000000296
  endloop
endfacet
facet normal 0 0 -1
  outer loop
    vertex -4.591304347826177 0.4496764846925494 -0.620000000000013
    vertex -4.31304347826097 1.11916530565115 -0.620000000000013
    vertex -3.756521739130569 0.4817717830714887 -0.620000000000013
  endloop
endfacet
facet normal 2.26092e-15 3.61657e-14 -1
  outer loop
    vertex -5.426086956521722 -2.410000000000113 -0.6200000000000401
    vertex -5.008695652173987 -1.687057054232161 -0.620000000000013
    vertex -4.591304347826118 -2.40999999999997 -0.6200000000000382
  endloop
endfacet
facet normal 5.31982e-15 -5.86333e-15 -1
  outer loop
    vertex 7.095652173913011 2.409999999999959 -0.6200000000000159
    vertex 6.760873814986359 1.613943915894452 -0.620000000000013
    vertex 6.260869565217351 2.409999999999956 -0.6200000000000203
  endloop
endfacet
facet normal 0 0 -1
  outer loop
    vertex -3.75652173913052 -0.9641141084642129 -0.620000000000013
    vertex -3.339130434782729 -0.2411711626963409 -0.620000000000013
    vertex -2.921739130434876 -0.9641141084641869 -0.620000000000013
  endloop
endfacet
facet normal 5.05383e-15 2.01177e-14 -1
  outer loop
    vertex -2.92173913043481 -2.40999999999997 -0.6200000000000296
    vertex -2.504347826087018 -1.687057054232072 -0.620000000000013
    vertex -2.086956521739157 -2.40999999999997 -0.6200000000000254
  endloop
endfacet
facet normal -0 0 -1
  outer loop
    vertex -3.75652173913052 -0.9641141084642129 -0.620000000000013
    vertex -4.591306511966751 -0.9651343331760489 -0.620000000000013
    vertex -4.173913043478351 -0.2411711626963648 -0.620000000000013
  endloop
endfacet
facet normal 0 0 -1
  outer loop
    vertex -4.173913043478351 -0.2411711626963648 -0.620000000000013
    vertex -3.756521739130569 0.4817717830714887 -0.620000000000013
    vertex -3.339130434782729 -0.2411711626963409 -0.620000000000013
  endloop
endfacet
facet normal -8.88857e-29 1.71998e-14 -1
  outer loop
    vertex -2.086956521739157 -2.40999999999997 -0.6200000000000254
    vertex -2.504347826087018 -1.687057054232072 -0.620000000000013
    vertex -1.669565217391345 -1.687057054232068 -0.620000000000013
  endloop
endfacet
facet normal 6.4081e-17 -1.34772e-14 -1
  outer loop
    vertex 4.173913043478256 1.687057054232058 -0.620000000000013
    vertex 3.324222623859594 1.683016955753541 -0.620000000000013
    vertex 3.756521739130421 2.409999999999921 -0.6200000000000228
  endloop
endfacet
facet normal 0 -0 -1
  outer loop
    vertex 4.591304347826123 0.9641141084642113 -0.620000000000013
    vertex 5.008695652173985 0.2465203790928805 -0.620000000000013
    vertex 4.173913043478356 0.2732664610752664 -0.620000000000013
  endloop
endfacet
facet normal 0 0 -1
  outer loop
    vertex 4.591304347826123 0.9641141084642113 -0.620000000000013
    vertex 4.173913043478356 0.2732664610752664 -0.620000000000013
    vertex 3.756521739130493 0.9641141084641536 -0.620000000000013
  endloop
endfacet
facet normal 5.05383e-15 -2.01177e-14 -1
  outer loop
    vertex -2.086956521739238 2.40999999999992 -0.6200000000000254
    vertex -2.504347826087068 1.687057054232036 -0.620000000000013
    vertex -2.921739130434896 2.409999999999921 -0.6200000000000296
  endloop
endfacet
facet normal 0 0 -1
  outer loop
    vertex -1.252173913043658 0.4764225666751534 -0.620000000000013
    vertex -1.80869565217408 1.118273769585151 -0.620000000000013
    vertex -0.8347826086958641 1.204714728839548 -0.620000000000013
  endloop
endfacet
facet normal -5.31982e-15 1.04428e-14 -1
  outer loop
    vertex 2.921739130434842 -2.40999999999997 -0.6200000000000183
    vertex 3.339130434782616 -1.687057054231978 -0.620000000000013
    vertex 3.756521739130503 -2.40999999999997 -0.6200000000000228
  endloop
endfacet
facet normal 7.97357e-28 -3.74711e-14 -1
  outer loop
    vertex -6.260869565217385 2.409999999999809 -0.6200000000000401
    vertex -6.678260869565198 1.687057054231918 -0.620000000000013
    vertex -7.095652173913042 2.409999999999791 -0.6200000000000401
  endloop
endfacet
facet normal 0 -0 -1
  outer loop
    vertex 2.086956521738969 0.481771783071816 -0.620000000000013
    vertex 2.504347826086834 -0.2411711626960438 -0.620000000000013
    vertex 1.669565217391192 -0.247811149848892 -0.620000000000013
  endloop
endfacet
facet normal 0 0 -1
  outer loop
    vertex -0.4173913043478858 -0.9652078911378115 -0.620000000000013
    vertex -1.252173913043569 -0.964480441581494 -0.620000000000013
    vertex -0.8347826086957948 -0.2420626987622958 -0.620000000000013
  endloop
endfacet
facet normal 0 0 -1
  outer loop
    vertex 1.252173913043318 0.4459425453244172 -0.620000000000013
    vertex 2.086956521738969 0.481771783071816 -0.620000000000013
    vertex 1.669565217391192 -0.247811149848892 -0.620000000000013
  endloop
endfacet
facet normal -5.31982e-15 -7.98564e-15 -1
  outer loop
    vertex 0.4173913043478578 -2.40999999999997 -0.620000000000005
    vertex 0.83478260869569 -1.687057054232083 -0.620000000000013
    vertex 1.25217391304352 -2.40999999999997 -0.6200000000000094
  endloop
endfacet
facet normal 0 0 -1
  outer loop
    vertex 2.504347826086834 -0.2411711626960438 -0.620000000000013
    vertex 2.086956521739058 -0.9652207729894053 -0.620000000000013
    vertex 1.669565217391192 -0.247811149848892 -0.620000000000013
  endloop
endfacet
facet normal -5.31982e-15 -3.52361e-15 -1
  outer loop
    vertex 2.921739130434763 2.409999999999921 -0.6200000000000183
    vertex 2.414900960548783 1.662816463361086 -0.620000000000013
    vertex 2.086956521739104 2.409999999999921 -0.6200000000000139
  endloop
endfacet
facet normal 5.05383e-15 1.4282e-14 -1
  outer loop
    vertex -2.086956521739157 -2.40999999999997 -0.6200000000000254
    vertex -1.669565217391345 -1.687057054232068 -0.620000000000013
    vertex -1.252173913043502 -2.40999999999997 -0.6200000000000212
  endloop
endfacet
facet normal 1.60865e-16 -7.24133e-15 -1
  outer loop
    vertex 2.921739130434763 2.409999999999921 -0.6200000000000183
    vertex 3.324222623859594 1.683016955753541 -0.620000000000013
    vertex 2.414900960548783 1.662816463361086 -0.620000000000013
  endloop
endfacet
facet normal 0 0 -1
  outer loop
    vertex -1.252173913043658 0.4764225666751534 -0.620000000000013
    vertex -0.8347826086958641 1.204714728839548 -0.620000000000013
    vertex -0.4173913043480031 0.4486363592823093 -0.620000000000013
  endloop
endfacet
facet normal -0 0 -1
  outer loop
    vertex -1.225686219186173e-13 -0.2468423226721099 -0.620000000000013
    vertex -0.4173913043478858 -0.9652078911378115 -0.620000000000013
    vertex -0.8347826086957948 -0.2420626987622958 -0.620000000000013
  endloop
endfacet
facet normal 0 -0 -1
  outer loop
    vertex 1.252173913043318 0.4459425453244172 -0.620000000000013
    vertex 1.669565217391192 -0.247811149848892 -0.620000000000013
    vertex 0.8347826086955497 -0.2451818478656289 -0.620000000000013
  endloop
endfacet
facet normal 0 0 -1
  outer loop
    vertex 1.252173913043318 0.4459425453244172 -0.620000000000013
    vertex 1.669565217391106 1.204714728839678 -0.620000000000013
    vertex 2.086956521738969 0.481771783071816 -0.620000000000013
  endloop
endfacet
facet normal -5.31982e-15 7.83052e-15 -1
  outer loop
    vertex 1.252173913043445 2.409999999999921 -0.6200000000000094
    vertex 0.9739130434781629 1.767257261023875 -0.620000000000013
    vertex 0.4173913043477853 2.409999999999921 -0.620000000000005
  endloop
endfacet
facet normal 0 -0 -1
  outer loop
    vertex 2.504347826086834 -0.2411711626960438 -0.620000000000013
    vertex 2.886325809440725 -0.984744442960336 -0.620000000000013
    vertex 2.086956521739058 -0.9652207729894053 -0.620000000000013
  endloop
endfacet
facet normal 5.31982e-15 7.06422e-15 -1
  outer loop
    vertex 6.260869565217391 -2.409999999999984 -0.6200000000000203
    vertex 6.678260869565216 -1.687057054232103 -0.620000000000013
    vertex 7.095652173913042 -2.40999999999998 -0.6200000000000159
  endloop
endfacet
facet normal 0 0 -1
  outer loop
    vertex 0.4173913043476549 0.4633788320308145 -0.620000000000013
    vertex 1.252173913043318 0.4459425453244172 -0.620000000000013
    vertex 0.8347826086955497 -0.2451818478656289 -0.620000000000013
  endloop
endfacet
facet normal 0 -0 -1
  outer loop
    vertex 5.008695652173985 0.2465203790928805 -0.620000000000013
    vertex 5.411090022466803 -0.4476467784056237 -0.620000000000013
    vertex 4.501322743495908 -0.4734616333782922 -0.620000000000013
  endloop
endfacet
facet normal 0 0 -1
  outer loop
    vertex -1.252173913043658 0.4764225666751534 -0.620000000000013
    vertex -0.4173913043480031 0.4486363592823093 -0.620000000000013
    vertex -0.8347826086957948 -0.2420626987622958 -0.620000000000013
  endloop
endfacet
facet normal -0 0 -1
  outer loop
    vertex -0.8347826086957948 -0.2420626987622958 -0.620000000000013
    vertex -1.252173913043569 -0.964480441581494 -0.620000000000013
    vertex -1.669565217391447 -0.2411711626962552 -0.620000000000013
  endloop
endfacet
facet normal 0 -0 -1
  outer loop
    vertex 0.4173913043476549 0.4633788320308145 -0.620000000000013
    vertex 0.8347826086955497 -0.2451818478656289 -0.620000000000013
    vertex -1.225686219186173e-13 -0.2468423226721099 -0.620000000000013
  endloop
endfacet
facet normal 0 -0 -1
  outer loop
    vertex -1.252173913043658 0.4764225666751534 -0.620000000000013
    vertex -0.8347826086957948 -0.2420626987622958 -0.620000000000013
    vertex -1.669565217391447 -0.2411711626962552 -0.620000000000013
  endloop
endfacet
facet normal 0 0 -1
  outer loop
    vertex -2.086956521739308 0.4496764846926564 -0.620000000000013
    vertex -1.80869565217408 1.118273769585151 -0.620000000000013
    vertex -1.252173913043658 0.4764225666751534 -0.620000000000013
  endloop
endfacet
facet normal 0 -0 -1
  outer loop
    vertex -0.4173913043480031 0.4486363592823093 -0.620000000000013
    vertex -1.225686219186173e-13 -0.2468423226721099 -0.620000000000013
    vertex -0.8347826086957948 -0.2420626987622958 -0.620000000000013
  endloop
endfacet
facet normal 0 0 -1
  outer loop
    vertex -2.504347826087091 -0.2411711626963022 -0.620000000000013
    vertex -2.086956521739308 0.4496764846926564 -0.620000000000013
    vertex -1.669565217391447 -0.2411711626962552 -0.620000000000013
  endloop
endfacet
facet normal -5.31982e-15 -1.02756e-14 -1
  outer loop
    vertex 3.756521739130421 2.409999999999921 -0.6200000000000228
    vertex 3.324222623859594 1.683016955753541 -0.620000000000013
    vertex 2.921739130434763 2.409999999999921 -0.6200000000000183
  endloop
endfacet
facet normal -2.54068e-27 3.48604e-14 -1
  outer loop
    vertex -5.008695652173987 -1.687057054232161 -0.620000000000013
    vertex -4.173913043478319 -1.6870570542321 -0.620000000000013
    vertex -4.591304347826118 -2.40999999999997 -0.6200000000000382
  endloop
endfacet
facet normal 2.9259e-15 1.76989e-14 -1
  outer loop
    vertex 4.591304347826163 -2.40999999999997 -0.6200000000000272
    vertex 5.023630883834603 -1.678547159981439 -0.620000000000013
    vertex 5.426086956521738 -2.409999999999987 -0.6200000000000248
  endloop
endfacet
facet normal 0 0 -1
  outer loop
    vertex -5.008695652173953 -0.2465203790928747 -0.620000000000013
    vertex -5.426086956521776 0.4436825869580141 -0.620000000000013
    vertex -4.591304347826177 0.4496764846925494 -0.620000000000013
  endloop
endfacet
facet normal 0 0 -1
  outer loop
    vertex -2.086956521739308 0.4496764846926564 -0.620000000000013
    vertex -1.252173913043658 0.4764225666751534 -0.620000000000013
    vertex -1.669565217391447 -0.2411711626962552 -0.620000000000013
  endloop
endfacet
facet normal 0 0 -1
  outer loop
    vertex -0.4173913043480031 0.4486363592823093 -0.620000000000013
    vertex 0.4173913043476549 0.4633788320308145 -0.620000000000013
    vertex -1.225686219186173e-13 -0.2468423226721099 -0.620000000000013
  endloop
endfacet
facet normal 0 -0 -1
  outer loop
    vertex -1.669565217391447 -0.2411711626962552 -0.620000000000013
    vertex -1.252173913043569 -0.964480441581494 -0.620000000000013
    vertex -2.086956521739234 -0.9641141084641538 -0.620000000000013
  endloop
endfacet
facet normal -0 0 -1
  outer loop
    vertex 2.886325809440725 -0.984744442960336 -0.620000000000013
    vertex 2.498445605921285 -1.690679887402246 -0.620000000000013
    vertex 2.086956521739058 -0.9652207729894053 -0.620000000000013
  endloop
endfacet
facet normal -2.31842e-16 -1.61446e-14 -1
  outer loop
    vertex 5.426086956521688 2.409999999999953 -0.6200000000000248
    vertex 5.857247085106398 1.674871531175833 -0.620000000000013
    vertex 5.008695652173904 1.687057054232083 -0.620000000000013
  endloop
endfacet
facet normal 2.26092e-15 -3.61657e-14 -1
  outer loop
    vertex -4.591304347826212 2.409999999999921 -0.6200000000000382
    vertex -5.008695652173891 1.687057054232112 -0.620000000000013
    vertex -5.426086956521729 2.409999999999827 -0.6200000000000401
  endloop
endfacet
facet normal 0 0 -1
  outer loop
    vertex -5.008695652173953 -0.2465203790928747 -0.620000000000013
    vertex -5.426099941365371 -0.9648862403385783 -0.620000000000013
    vertex -5.843692043335096 -0.2485343254787655 -0.620000000000013
  endloop
endfacet
facet normal 0 0 -1
  outer loop
    vertex -2.504347826087091 -0.2411711626963022 -0.620000000000013
    vertex -1.669565217391447 -0.2411711626962552 -0.620000000000013
    vertex -2.086956521739234 -0.9641141084641538 -0.620000000000013
  endloop
endfacet
facet normal 0 0 -1
  outer loop
    vertex -3.339130434782729 -0.2411711626963409 -0.620000000000013
    vertex -2.504347826087091 -0.2411711626963022 -0.620000000000013
    vertex -2.921739130434876 -0.9641141084641869 -0.620000000000013
  endloop
endfacet
facet normal 0 0 -1
  outer loop
    vertex 4.173913043478356 0.2732664610752664 -0.620000000000013
    vertex 3.388364473867505 0.2962519681245506 -0.620000000000013
    vertex 3.756521739130493 0.9641141084641536 -0.620000000000013
  endloop
endfacet
facet normal 0 -0 -1
  outer loop
    vertex -2.504347826087091 -0.2411711626963022 -0.620000000000013
    vertex -2.086956521739234 -0.9641141084641538 -0.620000000000013
    vertex -2.921739130434876 -0.9641141084641869 -0.620000000000013
  endloop
endfacet
facet normal 0 0 -1
  outer loop
    vertex 5.008695652173985 0.2465203790928805 -0.620000000000013
    vertex 5.84119255432597 0.2478736269041972 -0.620000000000013
    vertex 5.411090022466803 -0.4476467784056237 -0.620000000000013
  endloop
endfacet
facet normal 0 -0 -1
  outer loop
    vertex 5.008695652173904 1.687057054232083 -0.620000000000013
    vertex 5.428000809470621 0.9640918013889164 -0.620000000000013
    vertex 4.591304347826123 0.9641141084642113 -0.620000000000013
  endloop
endfacet
facet normal 2.9259e-15 -1.79677e-14 -1
  outer loop
    vertex 5.426086956521688 2.409999999999953 -0.6200000000000248
    vertex 5.008695652173904 1.687057054232083 -0.620000000000013
    vertex 4.59130434782608 2.409999999999921 -0.6200000000000272
  endloop
endfacet
facet normal 0 0 -1
  outer loop
    vertex -5.426099941365371 -0.9648862403385783 -0.620000000000013
    vertex -6.235456579591222 -0.9318509123680152 -0.620000000000013
    vertex -5.843692043335096 -0.2485343254787655 -0.620000000000013
  endloop
endfacet
facet normal -6.4808e-16 -9.61178e-15 -1
  outer loop
    vertex 6.760873814986359 1.613943915894452 -0.620000000000013
    vertex 5.857247085106398 1.674871531175833 -0.620000000000013
    vertex 6.260869565217351 2.409999999999956 -0.6200000000000203
  endloop
endfacet
facet normal 0 0 -1
  outer loop
    vertex -4.31304347826097 1.11916530565115 -0.620000000000013
    vertex -3.359006211180263 1.220166650514744 -0.620000000000013
    vertex -3.756521739130569 0.4817717830714887 -0.620000000000013
  endloop
endfacet
facet normal 0 -0 -1
  outer loop
    vertex -5.008695652173953 -0.2465203790928747 -0.620000000000013
    vertex -4.591306511966751 -0.9651343331760489 -0.620000000000013
    vertex -5.426099941365371 -0.9648862403385783 -0.620000000000013
  endloop
endfacet
facet normal 0 0 -1
  outer loop
    vertex -4.173913043478351 -0.2411711626963648 -0.620000000000013
    vertex -4.591306511966751 -0.9651343331760489 -0.620000000000013
    vertex -5.008695652173953 -0.2465203790928747 -0.620000000000013
  endloop
endfacet
facet normal 0 0 -1
  outer loop
    vertex -2.504347826087091 -0.2411711626963022 -0.620000000000013
    vertex -2.925051759834522 0.4469025885753455 -0.620000000000013
    vertex -2.086956521739308 0.4496764846926564 -0.620000000000013
  endloop
endfacet
facet normal -0 0 -1
  outer loop
    vertex -5.008695652173953 -0.2465203790928747 -0.620000000000013
    vertex -5.843692043335096 -0.2485343254787655 -0.620000000000013
    vertex -5.426086956521776 0.4436825869580141 -0.620000000000013
  endloop
endfacet
facet normal 0 0 -1
  outer loop
    vertex 3.388364473867505 0.2962519681245506 -0.620000000000013
    vertex 2.921739130434858 0.9641141084641078 -0.620000000000013
    vertex 3.756521739130493 0.9641141084641536 -0.620000000000013
  endloop
endfacet
facet normal 0 0 -1
  outer loop
    vertex 4.591304347826123 0.9641141084642113 -0.620000000000013
    vertex 5.428000809470621 0.9640918013889164 -0.620000000000013
    vertex 5.008695652173985 0.2465203790928805 -0.620000000000013
  endloop
endfacet
facet normal 0 0 -1
  outer loop
    vertex -3.756521739130569 0.4817717830714887 -0.620000000000013
    vertex -2.925051759834522 0.4469025885753455 -0.620000000000013
    vertex -3.339130434782729 -0.2411711626963409 -0.620000000000013
  endloop
endfacet
facet normal 0 -0 -1
  outer loop
    vertex -3.359006211180263 1.220166650514744 -0.620000000000013
    vertex -2.925051759834522 0.4469025885753455 -0.620000000000013
    vertex -3.756521739130569 0.4817717830714887 -0.620000000000013
  endloop
endfacet
facet normal -0 0 -1
  outer loop
    vertex 1.669565217391192 -0.247811149848892 -0.620000000000013
    vertex 1.252009962483269 -0.9665094263449903 -0.620000000000013
    vertex 0.8347826086955497 -0.2451818478656289 -0.620000000000013
  endloop
endfacet
facet normal 0 0 -1
  outer loop
    vertex -3.339130434782729 -0.2411711626963409 -0.620000000000013
    vertex -2.925051759834522 0.4469025885753455 -0.620000000000013
    vertex -2.504347826087091 -0.2411711626963022 -0.620000000000013
  endloop
endfacet
facet normal 0 0 -1
  outer loop
    vertex 5.008695652173985 0.2465203790928805 -0.620000000000013
    vertex 5.428000809470621 0.9640918013889164 -0.620000000000013
    vertex 5.84119255432597 0.2478736269041972 -0.620000000000013
  endloop
endfacet
facet normal -0 0 -1
  outer loop
    vertex 5.857247085106398 1.674871531175833 -0.620000000000013
    vertex 5.428000809470621 0.9640918013889164 -0.620000000000013
    vertex 5.008695652173904 1.687057054232083 -0.620000000000013
  endloop
endfacet
facet normal 2.17065e-15 3.5393e-14 -1
  outer loop
    vertex -6.760873814986333 -1.613943915894481 -0.620000000000013
    vertex -5.853013751642669 -1.669623020472246 -0.620000000000013
    vertex -6.260869565217378 -2.410000000000131 -0.6200000000000401
  endloop
endfacet
facet normal -0 0 -1
  outer loop
    vertex 2.086956521739058 -0.9652207729894053 -0.620000000000013
    vertex 1.252009962483269 -0.9665094263449903 -0.620000000000013
    vertex 1.669565217391192 -0.247811149848892 -0.620000000000013
  endloop
endfacet
facet normal 0 0 -1
  outer loop
    vertex 2.498445605921285 -1.690679887402246 -0.620000000000013
    vertex 1.668581514030361 -1.68784530384794 -0.620000000000013
    vertex 2.086956521739058 -0.9652207729894053 -0.620000000000013
  endloop
endfacet
facet normal 0 0 -1
  outer loop
    vertex 1.668581514030361 -1.68784530384794 -0.620000000000013
    vertex 1.252009962483269 -0.9665094263449903 -0.620000000000013
    vertex 2.086956521739058 -0.9652207729894053 -0.620000000000013
  endloop
endfacet
facet normal 0 -0 -1
  outer loop
    vertex 5.857247085106398 1.674871531175833 -0.620000000000013
    vertex 6.260869565217336 0.9641141084642957 -0.620000000000013
    vertex 5.428000809470621 0.9640918013889164 -0.620000000000013
  endloop
endfacet
facet normal 0 0 -1
  outer loop
    vertex 5.428000809470621 0.9640918013889164 -0.620000000000013
    vertex 6.260869565217336 0.9641141084642957 -0.620000000000013
    vertex 5.84119255432597 0.2478736269041972 -0.620000000000013
  endloop
endfacet
facet normal -0 0 -1
  outer loop
    vertex 6.760873814986359 1.613943915894452 -0.620000000000013
    vertex 6.260869565217336 0.9641141084642957 -0.620000000000013
    vertex 5.857247085106398 1.674871531175833 -0.620000000000013
  endloop
endfacet
facet normal 0 0 -1
  outer loop
    vertex 6.259405971827478 -0.4435571750482223 -0.620000000000013
    vertex 5.843478260869739 -1.206195857207585 -0.620000000000013
    vertex 5.411090022466803 -0.4476467784056237 -0.620000000000013
  endloop
endfacet
facet normal 0 0 -1
  outer loop
    vertex -6.262322042338075 0.4427863600445523 -0.620000000000013
    vertex -5.843478260869588 1.206195857207597 -0.620000000000013
    vertex -5.426086956521776 0.4436825869580141 -0.620000000000013
  endloop
endfacet
facet normal 0 0 -1
  outer loop
    vertex -7.962711534445782 0.4945724675472847 -0.620000000000013
    vertex -7.524375028503394 1.242557910031485 -0.620000000000013
    vertex -7.10061763442569 0.4523222854740898 -0.620000000000013
  endloop
endfacet
facet normal -0 0 -1
  outer loop
    vertex 7.962711534445907 -0.4945724675471452 -0.620000000000013
    vertex 7.524375028503533 -1.242557910031367 -0.620000000000013
    vertex 7.099981190465135 -0.4524905189073631 -0.620000000000013
  endloop
endfacet
facet normal 0 0 -1
  outer loop
    vertex -7.46143928684597 -1.138118526550455 -0.620000000000013
    vertex -6.890764374580107 -0.8468180124571352 -0.620000000000013
    vertex -6.760873814986333 -1.613943915894481 -0.620000000000013
  endloop
endfacet
facet normal -0 0 -1
  outer loop
    vertex 7.461439286846227 1.13811852655059 -0.620000000000013
    vertex 6.890764374580234 0.846818012457319 -0.620000000000013
    vertex 6.760873814986359 1.613943915894452 -0.620000000000013
  endloop
endfacet
facet normal 0 -0 -1
  outer loop
    vertex 5.84119255432597 0.2478736269041972 -0.620000000000013
    vertex 6.259405971827478 -0.4435571750482223 -0.620000000000013
    vertex 5.411090022466803 -0.4476467784056237 -0.620000000000013
  endloop
endfacet
facet normal 0 0 -1
  outer loop
    vertex -5.843692043335096 -0.2485343254787655 -0.620000000000013
    vertex -6.262322042338075 0.4427863600445523 -0.620000000000013
    vertex -5.426086956521776 0.4436825869580141 -0.620000000000013
  endloop
endfacet
facet normal 8.03013e-15 5.38674e-16 -1
  outer loop
    vertex 9.6 -0.4820000000000059 -0.620000000000006
    vertex 8.761054242283597 -0.9601445097035799 -0.620000000000013
    vertex 8.691048463915925 0.08344669858989606 -0.620000000000013
  endloop
endfacet
facet normal 0 0 -1
  outer loop
    vertex -9.6 0.481999999999976 -0.620000000000013
    vertex -8.761054242283516 0.9601445097035102 -0.620000000000013
    vertex -8.69104846391588 -0.08344669858991516 -0.620000000000013
  endloop
endfacet
facet normal -0 0 -1
  outer loop
    vertex -5.843692043335096 -0.2485343254787655 -0.620000000000013
    vertex -6.235456579591222 -0.9318509123680152 -0.620000000000013
    vertex -6.64783104241079 -0.2298659258068541 -0.620000000000013
  endloop
endfacet
facet normal 0 0 -1
  outer loop
    vertex 5.84119255432597 0.2478736269041972 -0.620000000000013
    vertex 6.260869565217336 0.9641141084642957 -0.620000000000013
    vertex 6.646928449157555 0.2296273402105591 -0.620000000000013
  endloop
endfacet
facet normal 0 0 -1
  outer loop
    vertex 5.84119255432597 0.2478736269041972 -0.620000000000013
    vertex 6.646928449157555 0.2296273402105591 -0.620000000000013
    vertex 6.259405971827478 -0.4435571750482223 -0.620000000000013
  endloop
endfacet
facet normal 0 0 -1
  outer loop
    vertex -5.843692043335096 -0.2485343254787655 -0.620000000000013
    vertex -6.64783104241079 -0.2298659258068541 -0.620000000000013
    vertex -6.262322042338075 0.4427863600445523 -0.620000000000013
  endloop
endfacet
facet normal 0 -0 -1
  outer loop
    vertex 6.646928449157555 0.2296273402105591 -0.620000000000013
    vertex 7.099981190465135 -0.4524905189073631 -0.620000000000013
    vertex 6.259405971827478 -0.4435571750482223 -0.620000000000013
  endloop
endfacet
facet normal 0 0 -1
  outer loop
    vertex -6.64783104241079 -0.2298659258068541 -0.620000000000013
    vertex -7.10061763442569 0.4523222854740898 -0.620000000000013
    vertex -6.262322042338075 0.4427863600445523 -0.620000000000013
  endloop
endfacet
facet normal 7.9448e-28 -3.73359e-14 -1
  outer loop
    vertex -7.930434782608697 2.409999999999774 -0.6200000000000401
    vertex -8.318492152593491 1.684438956473453 -0.620000000000013
    vertex -8.765217391304354 2.409999999999756 -0.6200000000000401
  endloop
endfacet
facet normal 5.31982e-15 5.07844e-15 -1
  outer loop
    vertex 8.765217391304336 2.409999999999966 -0.620000000000007
    vertex 8.332760904953117 1.682490289510586 -0.620000000000013
    vertex 7.930434782608675 2.409999999999963 -0.6200000000000114
  endloop
endfacet
facet normal -7.92352e-28 3.72358e-14 -1
  outer loop
    vertex -8.765217391304347 -2.410000000000184 -0.6200000000000401
    vertex -8.332760904953126 -1.682490289510763 -0.620000000000013
    vertex -7.930434782608691 -2.410000000000166 -0.6200000000000401
  endloop
endfacet
facet normal 5.31982e-15 -4.98746e-15 -1
  outer loop
    vertex 7.930434782608695 -2.409999999999977 -0.6200000000000114
    vertex 8.318492152593519 -1.684438956473631 -0.620000000000013
    vertex 8.765217391304347 -2.409999999999973 -0.620000000000007
  endloop
endfacet
facet normal 0 0 -1
  outer loop
    vertex 6.646928449157555 0.2296273402105591 -0.620000000000013
    vertex 7.561829158941718 0.2877044717694783 -0.620000000000013
    vertex 7.099981190465135 -0.4524905189073631 -0.620000000000013
  endloop
endfacet
facet normal -0 0 -1
  outer loop
    vertex -6.64783104241079 -0.2298659258068541 -0.620000000000013
    vertex -7.56198620355528 -0.2877459839152774 -0.620000000000013
    vertex -7.10061763442569 0.4523222854740898 -0.620000000000013
  endloop
endfacet
facet normal 0 -0 -1
  outer loop
    vertex 7.561829158941718 0.2877044717694783 -0.620000000000013
    vertex 7.962711534445907 -0.4945724675471452 -0.620000000000013
    vertex 7.099981190465135 -0.4524905189073631 -0.620000000000013
  endloop
endfacet
facet normal 0 0 -1
  outer loop
    vertex -7.56198620355528 -0.2877459839152774 -0.620000000000013
    vertex -7.962711534445782 0.4945724675472847 -0.620000000000013
    vertex -7.10061763442569 0.4523222854740898 -0.620000000000013
  endloop
endfacet
facet normal -0 0 -1
  outer loop
    vertex 8.318492152593519 -1.684438956473631 -0.620000000000013
    vertex 7.513043478260863 -1.900838155172208 -0.620000000000013
    vertex 7.524375028503533 -1.242557910031367 -0.620000000000013
  endloop
endfacet
facet normal 0 0 -1
  outer loop
    vertex -8.318492152593491 1.684438956473453 -0.620000000000013
    vertex -7.513043478260859 1.900838155172195 -0.620000000000013
    vertex -7.524375028503394 1.242557910031485 -0.620000000000013
  endloop
endfacet
facet normal 0 0 -1
  outer loop
    vertex -9.599999999999998 1.445999999999958 -0.620000000000013
    vertex -9.008952757236273 1.782116693235323 -0.620000000000013
    vertex -8.761054242283516 0.9601445097035102 -0.620000000000013
  endloop
endfacet
facet normal 1.01014e-14 3.04649e-15 -1
  outer loop
    vertex 9.6 -1.445999999999988 -0.620000000000006
    vertex 9.008952757236292 -1.782116693235428 -0.620000000000013
    vertex 8.761054242283597 -0.9601445097035799 -0.620000000000013
  endloop
endfacet
facet normal 0 0 -1
  outer loop
    vertex -9.6 -0.4820000000000059 -0.620000000000013
    vertex -8.923443501183028 -1.111967828987199 -0.620000000000013
    vertex -9.6 -1.445999999999988 -0.620000000000013
  endloop
endfacet
facet normal 1.03382e-14 1.90501e-29 -1
  outer loop
    vertex 9.6 0.481999999999976 -0.620000000000006
    vertex 8.9234397620256 1.111966840602717 -0.620000000000013
    vertex 9.599999999999998 1.445999999999958 -0.620000000000006
  endloop
endfacet
facet normal 0 0 -1
  outer loop
    vertex -7.524375028503394 1.242557910031485 -0.620000000000013
    vertex -6.681810767140389 1.006183893397928 -0.620000000000013
    vertex -7.10061763442569 0.4523222854740898 -0.620000000000013
  endloop
endfacet
facet normal 0 0 -1
  outer loop
    vertex 7.524375028503533 -1.242557910031367 -0.620000000000013
    vertex 6.681100264246217 -1.006371703085328 -0.620000000000013
    vertex 7.099981190465135 -0.4524905189073631 -0.620000000000013
  endloop
endfacet
facet normal 0 0 -1
  outer loop
    vertex 5.843478260869739 -1.206195857207585 -0.620000000000013
    vertex 5.025105376696755 -0.9881323938602253 -0.620000000000013
    vertex 5.411090022466803 -0.4476467784056237 -0.620000000000013
  endloop
endfacet
facet normal 0 0 -1
  outer loop
    vertex -5.843478260869588 1.206195857207597 -0.620000000000013
    vertex -5.036521739130481 0.9811554577482848 -0.620000000000013
    vertex -5.426086956521776 0.4436825869580141 -0.620000000000013
  endloop
endfacet
facet normal 0 0 -1
  outer loop
    vertex -4.591304347826177 0.4496764846925494 -0.620000000000013
    vertex -5.036521739130481 0.9811554577482848 -0.620000000000013
    vertex -4.31304347826097 1.11916530565115 -0.620000000000013
  endloop
endfacet
facet normal -1.73789e-15 -6.53189e-15 -1
  outer loop
    vertex -6.927791673660977e-14 1.687057054232035 -0.620000000000013
    vertex -0.8182194616978435 1.90475396670895 -0.620000000000013
    vertex -0.4173913043479218 2.409999999999921 -0.620000000000017
  endloop
endfacet
facet normal -7.19213e-15 -2.71879e-14 -1
  outer loop
    vertex -2.504347826087068 1.687057054232036 -0.620000000000013
    vertex -3.320579710145044 1.902978669446105 -0.620000000000013
    vertex -2.921739130434896 2.409999999999921 -0.6200000000000296
  endloop
endfacet
facet normal 0 0 -1
  outer loop
    vertex 4.501322743495908 -0.4734616333782922 -0.620000000000013
    vertex 3.789354501758147 -0.2463807635582507 -0.620000000000013
    vertex 4.173913043478356 0.2732664610752664 -0.620000000000013
  endloop
endfacet
facet normal 0 0 -1
  outer loop
    vertex -2.086956521739308 0.4496764846926564 -0.620000000000013
    vertex -2.536811594203048 0.9844153095199868 -0.620000000000013
    vertex -1.80869565217408 1.118273769585151 -0.620000000000013
  endloop
endfacet
facet normal 2.54176e-15 -1.86673e-14 -1
  outer loop
    vertex -2.086956521739238 2.40999999999992 -0.6200000000000254
    vertex -1.586749482401782 1.811998050473326 -0.620000000000013
    vertex -2.504347826087068 1.687057054232036 -0.620000000000013
  endloop
endfacet
facet normal -4.26895e-16 -1.37607e-15 -1
  outer loop
    vertex 2.414900960548783 1.662816463361086 -0.620000000000013
    vertex 1.67950193124012 1.890957690644896 -0.620000000000013
    vertex 2.086956521739104 2.409999999999921 -0.6200000000000139
  endloop
endfacet
facet normal 3.94389e-15 -3.71374e-14 -1
  outer loop
    vertex -4.591304347826212 2.409999999999921 -0.6200000000000382
    vertex -4.061283643892436 1.787669642483907 -0.620000000000013
    vertex -5.008695652173891 1.687057054232112 -0.620000000000013
  endloop
endfacet
facet normal 0 0 -1
  outer loop
    vertex 1.252173913043318 0.4459425453244172 -0.620000000000013
    vertex 0.718840579710001 1.088589400673491 -0.620000000000013
    vertex 1.669565217391106 1.204714728839678 -0.620000000000013
  endloop
endfacet
facet normal 0 0 -1
  outer loop
    vertex -0.8347826086958641 1.204714728839548 -0.620000000000013
    vertex -1.63424829224823e-13 0.9631859825901241 -0.620000000000013
    vertex -0.4173913043480031 0.4486363592823093 -0.620000000000013
  endloop
endfacet
facet normal -1.04863e-15 5.98141e-15 -1
  outer loop
    vertex 1.252173913043445 2.409999999999921 -0.6200000000000094
    vertex 1.67950193124012 1.890957690644896 -0.620000000000013
    vertex 0.9739130434781629 1.767257261023875 -0.620000000000013
  endloop
endfacet
facet normal 0 0 -1
  outer loop
    vertex -3.359006211180263 1.220166650514744 -0.620000000000013
    vertex -2.536811594203048 0.9844153095199868 -0.620000000000013
    vertex -2.925051759834522 0.4469025885753455 -0.620000000000013
  endloop
endfacet
facet normal -1.00218e-14 -4.32571e-14 -1
  outer loop
    vertex -5.008695652173891 1.687057054232112 -0.620000000000013
    vertex -5.843478260869544 1.880458329582678 -0.620000000000013
    vertex -5.426086956521729 2.409999999999827 -0.6200000000000401
  endloop
endfacet
facet normal -2.7108e-15 1.17007e-14 -1
  outer loop
    vertex 6.260869565217391 -2.409999999999984 -0.6200000000000203
    vertex 5.843478260869551 -1.88045832958274 -0.620000000000013
    vertex 6.678260869565216 -1.687057054232103 -0.620000000000013
  endloop
endfacet
facet normal 1.00218e-14 -4.32571e-14 -1
  outer loop
    vertex -6.260869565217385 2.409999999999809 -0.6200000000000401
    vertex -5.843478260869544 1.880458329582678 -0.620000000000013
    vertex -6.678260869565198 1.687057054231918 -0.620000000000013
  endloop
endfacet
facet normal 4.58348e-15 1.86109e-14 -1
  outer loop
    vertex 5.023630883834603 -1.678547159981439 -0.620000000000013
    vertex 5.843478260869551 -1.88045832958274 -0.620000000000013
    vertex 5.426086956521738 -2.409999999999987 -0.6200000000000248
  endloop
endfacet
facet normal -1.22981e-14 3.92015e-14 -1
  outer loop
    vertex -7.095652173913035 -2.410000000000148 -0.6200000000000401
    vertex -7.51623219266143 -1.850910546391203 -0.620000000000013
    vertex -6.760873814986333 -1.613943915894481 -0.620000000000013
  endloop
endfacet
facet normal 1.31045e-15 -4.17721e-15 -1
  outer loop
    vertex 7.095652173913011 2.409999999999959 -0.6200000000000159
    vertex 7.516232192661478 1.85091054639111 -0.620000000000013
    vertex 6.760873814986359 1.613943915894452 -0.620000000000013
  endloop
endfacet
facet normal 0 -0 -1
  outer loop
    vertex 6.259405971827478 -0.4435571750482223 -0.620000000000013
    vertex 6.681100264246217 -1.006371703085328 -0.620000000000013
    vertex 5.843478260869739 -1.206195857207585 -0.620000000000013
  endloop
endfacet
facet normal 0 0 -1
  outer loop
    vertex -6.262322042338075 0.4427863600445523 -0.620000000000013
    vertex -6.681810767140389 1.006183893397928 -0.620000000000013
    vertex -5.843478260869588 1.206195857207597 -0.620000000000013
  endloop
endfacet
facet normal 0 0 -1
  outer loop
    vertex 2.886325809440725 -0.984744442960336 -0.620000000000013
    vertex 3.143536664879523 -0.3392973018532506 -0.620000000000013
    vertex 3.756521739130431 -0.9641141084640723 -0.620000000000013
  endloop
endfacet
facet normal 0 0 -1
  outer loop
    vertex 4.140988927761063 -1.70608462893239 -0.620000000000013
    vertex 4.489513934183751 -1.162067984923284 -0.620000000000013
    vertex 5.023630883834603 -1.678547159981439 -0.620000000000013
  endloop
endfacet
facet normal 1.19995e-15 4.68561e-15 -1
  outer loop
    vertex 6.678260869565216 -1.687057054232103 -0.620000000000013
    vertex 7.513043478260863 -1.900838155172208 -0.620000000000013
    vertex 7.095652173913042 -2.40999999999998 -0.6200000000000159
  endloop
endfacet
facet normal -1.1261e-14 -4.39726e-14 -1
  outer loop
    vertex -6.678260869565198 1.687057054231918 -0.620000000000013
    vertex -7.513043478260859 1.900838155172195 -0.620000000000013
    vertex -7.095652173913042 2.409999999999791 -0.6200000000000401
  endloop
endfacet
facet normal 0 0 -1
  outer loop
    vertex -9.6 2.40999999999994 -0.620000000000013
    vertex -9.008952757236273 1.782116693235323 -0.620000000000013
    vertex -9.599999999999998 1.445999999999958 -0.620000000000013
  endloop
endfacet
facet normal 1.18339e-14 0 -1
  outer loop
    vertex 9.6 -2.40999999999997 -0.620000000000006
    vertex 9.008952757236292 -1.782116693235428 -0.620000000000013
    vertex 9.6 -1.445999999999988 -0.620000000000006
  endloop
endfacet
facet normal 0 0 -1
  outer loop
    vertex -7.56198620355528 -0.2877459839152774 -0.620000000000013
    vertex -6.890764374580107 -0.8468180124571352 -0.620000000000013
    vertex -7.46143928684597 -1.138118526550455 -0.620000000000013
  endloop
endfacet
facet normal 0 0 -1
  outer loop
    vertex 7.561829158941718 0.2877044717694783 -0.620000000000013
    vertex 6.890764374580234 0.846818012457319 -0.620000000000013
    vertex 7.461439286846227 1.13811852655059 -0.620000000000013
  endloop
endfacet
facet normal 0 0 -1
  outer loop
    vertex -6.760873814986333 -1.613943915894481 -0.620000000000013
    vertex -6.890764374580107 -0.8468180124571352 -0.620000000000013
    vertex -6.235456579591222 -0.9318509123680152 -0.620000000000013
  endloop
endfacet
facet normal 0 -0 -1
  outer loop
    vertex 6.760873814986359 1.613943915894452 -0.620000000000013
    vertex 6.890764374580234 0.846818012457319 -0.620000000000013
    vertex 6.260869565217336 0.9641141084642957 -0.620000000000013
  endloop
endfacet
facet normal 0 -0 -1
  outer loop
    vertex 8.761054242283597 -0.9601445097035799 -0.620000000000013
    vertex 9.008952757236292 -1.782116693235428 -0.620000000000013
    vertex 8.318492152593519 -1.684438956473631 -0.620000000000013
  endloop
endfacet
facet normal 0 0 -1
  outer loop
    vertex -8.761054242283516 0.9601445097035102 -0.620000000000013
    vertex -9.008952757236273 1.782116693235323 -0.620000000000013
    vertex -8.318492152593491 1.684438956473453 -0.620000000000013
  endloop
endfacet
facet normal 8.66929e-15 4.20301e-14 -1
  outer loop
    vertex -8.332760904953126 -1.682490289510763 -0.620000000000013
    vertex -7.51623219266143 -1.850910546391203 -0.620000000000013
    vertex -7.930434782608691 -2.410000000000166 -0.6200000000000401
  endloop
endfacet
facet normal 4.97418e-16 2.41156e-15 -1
  outer loop
    vertex 8.332760904953117 1.682490289510586 -0.620000000000013
    vertex 7.516232192661478 1.85091054639111 -0.620000000000013
    vertex 7.930434782608675 2.409999999999963 -0.6200000000000114
  endloop
endfacet
facet normal 1.25863e-14 -2.31927e-29 -1
  outer loop
    vertex 9.599999999999998 1.445999999999958 -0.620000000000006
    vertex 9.044283611656608 1.812091426022634 -0.620000000000013
    vertex 9.6 2.40999999999994 -0.620000000000006
  endloop
endfacet
facet normal 0 0 -1
  outer loop
    vertex -9.6 -1.445999999999988 -0.620000000000013
    vertex -9.044284359488101 -1.812091623699621 -0.620000000000013
    vertex -9.6 -2.40999999999997 -0.620000000000013
  endloop
endfacet
facet normal -0 0 -1
  outer loop
    vertex -7.524375028503394 1.242557910031485 -0.620000000000013
    vertex -8.141658239456547 1.095428460938933 -0.620000000000013
    vertex -8.318492152593491 1.684438956473453 -0.620000000000013
  endloop
endfacet
facet normal 0 0 -1
  outer loop
    vertex 7.524375028503533 -1.242557910031367 -0.620000000000013
    vertex 8.141658239456641 -1.095428460938931 -0.620000000000013
    vertex 8.318492152593519 -1.684438956473631 -0.620000000000013
  endloop
endfacet
facet normal 6.7213e-16 -2.5017e-15 -1
  outer loop
    vertex 7.930434782608695 -2.409999999999977 -0.6200000000000114
    vertex 7.513043478260863 -1.900838155172208 -0.620000000000013
    vertex 8.318492152593519 -1.684438956473631 -0.620000000000013
  endloop
endfacet
facet normal 1.17143e-14 -4.36011e-14 -1
  outer loop
    vertex -7.930434782608697 2.409999999999774 -0.6200000000000401
    vertex -7.513043478260859 1.900838155172195 -0.620000000000013
    vertex -8.318492152593491 1.684438956473453 -0.620000000000013
  endloop
endfacet
facet normal 0 0 -1
  outer loop
    vertex 6.646928449157555 0.2296273402105591 -0.620000000000013
    vertex 6.890764374580234 0.846818012457319 -0.620000000000013
    vertex 7.561829158941718 0.2877044717694783 -0.620000000000013
  endloop
endfacet
facet normal 0 0 -1
  outer loop
    vertex -6.64783104241079 -0.2298659258068541 -0.620000000000013
    vertex -6.890764374580107 -0.8468180124571352 -0.620000000000013
    vertex -7.56198620355528 -0.2877459839152774 -0.620000000000013
  endloop
endfacet
facet normal -3.24509e-14 -3.05471e-14 -1
  outer loop
    vertex -8.765217391304354 2.409999999999756 -0.6200000000000401
    vertex -9.008952757236273 1.782116693235323 -0.620000000000013
    vertex -9.6 2.40999999999994 -0.620000000000013
  endloop
endfacet
facet normal 1.19696e-15 -1.00129e-14 -1
  outer loop
    vertex 8.765217391304347 -2.409999999999973 -0.620000000000007
    vertex 9.008952757236292 -1.782116693235428 -0.620000000000013
    vertex 9.6 -2.40999999999997 -0.620000000000006
  endloop
endfacet
facet normal -1.68327e-15 9.24131e-15 -1
  outer loop
    vertex 8.765217391304336 2.409999999999966 -0.620000000000007
    vertex 9.044283611656608 1.812091426022634 -0.620000000000013
    vertex 8.332760904953117 1.682490289510586 -0.620000000000013
  endloop
endfacet
facet normal -7.60589e-15 4.1757e-14 -1
  outer loop
    vertex -8.765217391304347 -2.410000000000184 -0.6200000000000401
    vertex -9.044284359488101 -1.812091623699621 -0.620000000000013
    vertex -8.332760904953126 -1.682490289510763 -0.620000000000013
  endloop
endfacet
facet normal 0 0 -1
  outer loop
    vertex -8.332760904953126 -1.682490289510763 -0.620000000000013
    vertex -8.923443501183028 -1.111967828987199 -0.620000000000013
    vertex -8.189528539051153 -0.8753012593808618 -0.620000000000013
  endloop
endfacet
facet normal 0 -0 -1
  outer loop
    vertex 8.332760904953117 1.682490289510586 -0.620000000000013
    vertex 8.9234397620256 1.111966840602717 -0.620000000000013
    vertex 8.189497130128506 0.8752929569516734 -0.620000000000013
  endloop
endfacet
facet normal 0 0 -1
  outer loop
    vertex 3.756521739130431 -0.9641141084640723 -0.620000000000013
    vertex 3.143536664879523 -0.3392973018532506 -0.620000000000013
    vertex 3.789354501758147 -0.2463807635582507 -0.620000000000013
  endloop
endfacet
facet normal 0 0 -1
  outer loop
    vertex 5.023630883834603 -1.678547159981439 -0.620000000000013
    vertex 4.489513934183751 -1.162067984923284 -0.620000000000013
    vertex 5.025105376696755 -0.9881323938602253 -0.620000000000013
  endloop
endfacet
facet normal -1.03104e-27 4.84528e-14 -1
  outer loop
    vertex -7.930434782608691 -2.410000000000166 -0.6200000000000401
    vertex -7.51623219266143 -1.850910546391203 -0.620000000000013
    vertex -7.095652173913035 -2.410000000000148 -0.6200000000000401
  endloop
endfacet
facet normal 5.31982e-15 -1.16112e-15 -1
  outer loop
    vertex 7.930434782608675 2.409999999999963 -0.6200000000000114
    vertex 7.516232192661478 1.85091054639111 -0.620000000000013
    vertex 7.095652173913011 2.409999999999959 -0.6200000000000159
  endloop
endfacet
facet normal 0 0 -1
  outer loop
    vertex 8.332760904953117 1.682490289510586 -0.620000000000013
    vertex 9.044283611656608 1.812091426022634 -0.620000000000013
    vertex 8.9234397620256 1.111966840602717 -0.620000000000013
  endloop
endfacet
facet normal -0 0 -1
  outer loop
    vertex -8.332760904953126 -1.682490289510763 -0.620000000000013
    vertex -9.044284359488101 -1.812091623699621 -0.620000000000013
    vertex -8.923443501183028 -1.111967828987199 -0.620000000000013
  endloop
endfacet
facet normal 5.05383e-15 -3.61921e-14 -1
  outer loop
    vertex -3.756521739130554 2.409999999999921 -0.620000000000034
    vertex -4.061283643892436 1.787669642483907 -0.620000000000013
    vertex -4.591304347826212 2.409999999999921 -0.6200000000000382
  endloop
endfacet
facet normal 0 0 -1
  outer loop
    vertex 5.411090022466803 -0.4476467784056237 -0.620000000000013
    vertex 5.025105376696755 -0.9881323938602253 -0.620000000000013
    vertex 4.501322743495908 -0.4734616333782922 -0.620000000000013
  endloop
endfacet
facet normal 0 0 -1
  outer loop
    vertex -5.426086956521776 0.4436825869580141 -0.620000000000013
    vertex -5.036521739130481 0.9811554577482848 -0.620000000000013
    vertex -4.591304347826177 0.4496764846925494 -0.620000000000013
  endloop
endfacet
facet normal 5.6821e-15 -3.64997e-14 -1
  outer loop
    vertex -3.756521739130554 2.409999999999921 -0.620000000000034
    vertex -3.320579710145044 1.902978669446105 -0.620000000000013
    vertex -4.061283643892436 1.787669642483907 -0.620000000000013
  endloop
endfacet
facet normal 5.18682e-15 -3.69256e-14 -1
  outer loop
    vertex -2.921739130434896 2.409999999999921 -0.6200000000000296
    vertex -3.320579710145044 1.902978669446105 -0.620000000000013
    vertex -3.756521739130554 2.409999999999921 -0.620000000000034
  endloop
endfacet
facet normal 0 0 -1
  outer loop
    vertex -2.925051759834522 0.4469025885753455 -0.620000000000013
    vertex -2.536811594203048 0.9844153095199868 -0.620000000000013
    vertex -2.086956521739308 0.4496764846926564 -0.620000000000013
  endloop
endfacet
facet normal 5.18682e-15 -1.64548e-14 -1
  outer loop
    vertex -1.25217391304358 2.40999999999992 -0.6200000000000211
    vertex -1.586749482401782 1.811998050473326 -0.620000000000013
    vertex -2.086956521739238 2.40999999999992 -0.6200000000000254
  endloop
endfacet
facet normal -0 0 -1
  outer loop
    vertex 4.173913043478356 0.2732664610752664 -0.620000000000013
    vertex 3.789354501758147 -0.2463807635582507 -0.620000000000013
    vertex 3.388364473867505 0.2962519681245506 -0.620000000000013
  endloop
endfacet
facet normal 1.75418e-15 -1.45343e-14 -1
  outer loop
    vertex -1.25217391304358 2.40999999999992 -0.6200000000000211
    vertex -0.8182194616978435 1.90475396670895 -0.620000000000013
    vertex -1.586749482401782 1.811998050473326 -0.620000000000013
  endloop
endfacet
facet normal 4.92083e-15 -1.18145e-14 -1
  outer loop
    vertex -0.4173913043479218 2.409999999999921 -0.620000000000017
    vertex -0.8182194616978435 1.90475396670895 -0.620000000000013
    vertex -1.25217391304358 2.40999999999992 -0.6200000000000211
  endloop
endfacet
facet normal 0 0 -1
  outer loop
    vertex -1.63424829224823e-13 0.9631859825901241 -0.620000000000013
    vertex 0.718840579710001 1.088589400673491 -0.620000000000013
    vertex 0.4173913043476549 0.4633788320308145 -0.620000000000013
  endloop
endfacet
facet normal 0 0 -1
  outer loop
    vertex -0.4173913043480031 0.4486363592823093 -0.620000000000013
    vertex -1.63424829224823e-13 0.9631859825901241 -0.620000000000013
    vertex 0.4173913043476549 0.4633788320308145 -0.620000000000013
  endloop
endfacet
facet normal 0 0 -1
  outer loop
    vertex 0.4173913043476549 0.4633788320308145 -0.620000000000013
    vertex 0.718840579710001 1.088589400673491 -0.620000000000013
    vertex 1.252173913043318 0.4459425453244172 -0.620000000000013
  endloop
endfacet
facet normal -5.31982e-15 2.46494e-15 -1
  outer loop
    vertex 2.086956521739104 2.409999999999921 -0.6200000000000139
    vertex 1.67950193124012 1.890957690644896 -0.620000000000013
    vertex 1.252173913043445 2.409999999999921 -0.6200000000000094
  endloop
endfacet
facet normal 5.31982e-15 1.80305e-14 -1
  outer loop
    vertex 5.426086956521738 -2.409999999999987 -0.6200000000000248
    vertex 5.843478260869551 -1.88045832958274 -0.620000000000013
    vertex 6.260869565217391 -2.409999999999984 -0.6200000000000203
  endloop
endfacet
facet normal 1.08857e-27 -5.11564e-14 -1
  outer loop
    vertex -5.426086956521729 2.409999999999827 -0.6200000000000401
    vertex -5.843478260869544 1.880458329582678 -0.620000000000013
    vertex -6.260869565217385 2.409999999999809 -0.6200000000000401
  endloop
endfacet
facet normal -0 0 -1
  outer loop
    vertex 7.099981190465135 -0.4524905189073631 -0.620000000000013
    vertex 6.681100264246217 -1.006371703085328 -0.620000000000013
    vertex 6.259405971827478 -0.4435571750482223 -0.620000000000013
  endloop
endfacet
facet normal 0 0 -1
  outer loop
    vertex -7.10061763442569 0.4523222854740898 -0.620000000000013
    vertex -6.681810767140389 1.006183893397928 -0.620000000000013
    vertex -6.262322042338075 0.4427863600445523 -0.620000000000013
  endloop
endfacet
facet normal 5.31982e-15 1.30829e-15 -1
  outer loop
    vertex 7.095652173913042 -2.40999999999998 -0.6200000000000159
    vertex 7.513043478260863 -1.900838155172208 -0.620000000000013
    vertex 7.930434782608695 -2.409999999999977 -0.6200000000000114
  endloop
endfacet
facet normal 1.13214e-27 -5.3204e-14 -1
  outer loop
    vertex -7.095652173913042 2.409999999999791 -0.6200000000000401
    vertex -7.513043478260859 1.900838155172195 -0.620000000000013
    vertex -7.930434782608697 2.409999999999774 -0.6200000000000401
  endloop
endfacet
facet normal -0 0 -1
  outer loop
    vertex 3.388364473867505 0.2962519681245506 -0.620000000000013
    vertex 3.143536664879523 -0.3392973018532506 -0.620000000000013
    vertex 2.713002376015661 0.3612575617182938 -0.620000000000013
  endloop
endfacet
facet normal 0 0 -1
  outer loop
    vertex 2.921739130434858 0.9641141084641078 -0.620000000000013
    vertex 2.312692956704788 1.045345452718564 -0.620000000000013
    vertex 2.414900960548783 1.662816463361086 -0.620000000000013
  endloop
endfacet
facet normal 0 0 -1
  outer loop
    vertex 3.388364473867505 0.2962519681245506 -0.620000000000013
    vertex 2.713002376015661 0.3612575617182938 -0.620000000000013
    vertex 2.921739130434858 0.9641141084641078 -0.620000000000013
  endloop
endfacet
facet normal 0 0 -1
  outer loop
    vertex 2.713002376015661 0.3612575617182938 -0.620000000000013
    vertex 2.312692956704788 1.045345452718564 -0.620000000000013
    vertex 2.921739130434858 0.9641141084641078 -0.620000000000013
  endloop
endfacet
facet normal 0 0 -1
  outer loop
    vertex 2.086956521738969 0.481771783071816 -0.620000000000013
    vertex 2.713002376015661 0.3612575617182938 -0.620000000000013
    vertex 2.504347826086834 -0.2411711626960438 -0.620000000000013
  endloop
endfacet
facet normal 0 0 -1
  outer loop
    vertex 1.669565217391106 1.204714728839678 -0.620000000000013
    vertex 2.312692956704788 1.045345452718564 -0.620000000000013
    vertex 2.086956521738969 0.481771783071816 -0.620000000000013
  endloop
endfacet
facet normal 0 0 -1
  outer loop
    vertex 2.086956521738969 0.481771783071816 -0.620000000000013
    vertex 2.312692956704788 1.045345452718564 -0.620000000000013
    vertex 2.713002376015661 0.3612575617182938 -0.620000000000013
  endloop
endfacet
facet normal 0 -0 -1
  outer loop
    vertex 2.713002376015661 0.3612575617182938 -0.620000000000013
    vertex 3.143536664879523 -0.3392973018532506 -0.620000000000013
    vertex 2.504347826086834 -0.2411711626960438 -0.620000000000013
  endloop
endfacet
facet normal 0 0 -1
  outer loop
    vertex 3.756521739130431 -0.9641141084640723 -0.620000000000013
    vertex 4.489513934183751 -1.162067984923284 -0.620000000000013
    vertex 4.140988927761063 -1.70608462893239 -0.620000000000013
  endloop
endfacet
facet normal 0 0 -1
  outer loop
    vertex 2.504347826086834 -0.2411711626960438 -0.620000000000013
    vertex 3.143536664879523 -0.3392973018532506 -0.620000000000013
    vertex 2.886325809440725 -0.984744442960336 -0.620000000000013
  endloop
endfacet
facet normal 0 0 -1
  outer loop
    vertex 8.318492152593519 -1.684438956473631 -0.620000000000013
    vertex 8.141658239456641 -1.095428460938931 -0.620000000000013
    vertex 8.761054242283597 -0.9601445097035799 -0.620000000000013
  endloop
endfacet
facet normal 0 -0 -1
  outer loop
    vertex -8.318492152593491 1.684438956473453 -0.620000000000013
    vertex -8.141658239456547 1.095428460938933 -0.620000000000013
    vertex -8.761054242283516 0.9601445097035102 -0.620000000000013
  endloop
endfacet
facet normal -0 0 -1
  outer loop
    vertex 8.761054242283597 -0.9601445097035799 -0.620000000000013
    vertex 8.141658239456641 -1.095428460938931 -0.620000000000013
    vertex 7.962711534445907 -0.4945724675471452 -0.620000000000013
  endloop
endfacet
facet normal 0 0 -1
  outer loop
    vertex -8.761054242283516 0.9601445097035102 -0.620000000000013
    vertex -8.141658239456547 1.095428460938933 -0.620000000000013
    vertex -7.962711534445782 0.4945724675472847 -0.620000000000013
  endloop
endfacet
facet normal 0 0 -1
  outer loop
    vertex -6.235456579591222 -0.9318509123680152 -0.620000000000013
    vertex -6.890764374580107 -0.8468180124571352 -0.620000000000013
    vertex -6.64783104241079 -0.2298659258068541 -0.620000000000013
  endloop
endfacet
facet normal 0 0 -1
  outer loop
    vertex 6.260869565217336 0.9641141084642957 -0.620000000000013
    vertex 6.890764374580234 0.846818012457319 -0.620000000000013
    vertex 6.646928449157555 0.2296273402105591 -0.620000000000013
  endloop
endfacet
facet normal 0 -0 -1
  outer loop
    vertex 7.962711534445907 -0.4945724675471452 -0.620000000000013
    vertex 8.141658239456641 -1.095428460938931 -0.620000000000013
    vertex 7.524375028503533 -1.242557910031367 -0.620000000000013
  endloop
endfacet
facet normal 0 0 -1
  outer loop
    vertex -7.962711534445782 0.4945724675472847 -0.620000000000013
    vertex -8.141658239456547 1.095428460938933 -0.620000000000013
    vertex -7.524375028503394 1.242557910031485 -0.620000000000013
  endloop
endfacet
facet normal -1.28045e-15 -9.05122e-15 -1
  outer loop
    vertex 8.318492152593519 -1.684438956473631 -0.620000000000013
    vertex 9.008952757236292 -1.782116693235428 -0.620000000000013
    vertex 8.765217391304347 -2.409999999999973 -0.620000000000007
  endloop
endfacet
facet normal -5.78576e-15 -4.08981e-14 -1
  outer loop
    vertex -8.318492152593491 1.684438956473453 -0.620000000000013
    vertex -9.008952757236273 1.782116693235323 -0.620000000000013
    vertex -8.765217391304354 2.409999999999756 -0.6200000000000401
  endloop
endfacet
facet normal -3.24509e-14 3.01609e-14 -1
  outer loop
    vertex -9.6 -2.40999999999997 -0.620000000000013
    vertex -9.044284359488101 -1.812091623699621 -0.620000000000013
    vertex -8.765217391304347 -2.410000000000184 -0.6200000000000401
  endloop
endfacet
facet normal 1.19696e-15 1.05856e-14 -1
  outer loop
    vertex 9.6 2.40999999999994 -0.620000000000006
    vertex 9.044283611656608 1.812091426022634 -0.620000000000013
    vertex 8.765217391304336 2.409999999999966 -0.620000000000007
  endloop
endfacet
facet normal 1.13013e-14 -1.95064e-15 -1
  outer loop
    vertex 8.9234397620256 1.111966840602717 -0.620000000000013
    vertex 9.044283611656608 1.812091426022634 -0.620000000000013
    vertex 9.599999999999998 1.445999999999958 -0.620000000000006
  endloop
endfacet
facet normal 0 0 -1
  outer loop
    vertex -8.923443501183028 -1.111967828987199 -0.620000000000013
    vertex -9.044284359488101 -1.812091623699621 -0.620000000000013
    vertex -9.6 -1.445999999999988 -0.620000000000013
  endloop
endfacet
facet normal -0 0 -1
  outer loop
    vertex 5.025105376696755 -0.9881323938602253 -0.620000000000013
    vertex 4.489513934183751 -1.162067984923284 -0.620000000000013
    vertex 4.501322743495908 -0.4734616333782922 -0.620000000000013
  endloop
endfacet
facet normal -0 0 -1
  outer loop
    vertex 3.789354501758147 -0.2463807635582507 -0.620000000000013
    vertex 3.143536664879523 -0.3392973018532506 -0.620000000000013
    vertex 3.388364473867505 0.2962519681245506 -0.620000000000013
  endloop
endfacet
facet normal 0 1 0
  outer loop
    vertex 1.250000000000004 2.48999999999985 0.008312163512971815
    vertex 1.240587428115953 2.48999999999985 -0.9283796081581142
    vertex 0.412744761715004 2.48999999999985 -0.8051051021517677
  endloop
endfacet
facet normal 0 1 0
  outer loop
    vertex 0.412744761715004 2.48999999999985 -0.8051051021517677
    vertex 0.4158822856763358 2.48999999999985 0.1343038449748364
    vertex 1.250000000000004 2.48999999999985 0.008312163512971815
  endloop
endfacet
facet normal 0 1 0
  outer loop
    vertex -2.063723808574819 2.48999999999985 -0.8114522255382735
    vertex -1.250000000000002 2.48999999999985 0.01894933886699091
    vertex -1.238234285144879 2.48999999999985 -0.8051051021517701
  endloop
endfacet
facet normal 0 1 0
  outer loop
    vertex 0.412744761715004 2.48999999999985 -0.8051051021517677
    vertex -0.4135291427052827 2.48999999999985 -0.9283796081581155
    vertex -0.4166666666666625 2.48999999999985 0.008312163512971815
  endloop
endfacet
facet normal -0 1 0
  outer loop
    vertex -2.08333333333333 2.48999999999985 0.008312163512971815
    vertex -1.250000000000002 2.48999999999985 0.01894933886699091
    vertex -2.063723808574819 2.48999999999985 -0.8114522255382735
  endloop
endfacet
facet normal -0 1 0
  outer loop
    vertex -0.4166666666666625 2.48999999999985 0.008312163512971815
    vertex 0.4158822856763358 2.48999999999985 0.1343038449748364
    vertex 0.412744761715004 2.48999999999985 -0.8051051021517677
  endloop
endfacet
facet normal -0 1 0
  outer loop
    vertex 2.063723808574887 2.48999999999985 -0.8051051021517677
    vertex 2.083333333333336 2.48999999999985 0.01886918102801727
    vertex 2.889213332004815 2.48999999999985 -0.8113314543595813
  endloop
endfacet
facet normal 0 1 0
  outer loop
    vertex -0.4166666666666625 2.48999999999985 0.008312163512971815
    vertex -0.4135291427052827 2.48999999999985 -0.9283796081581155
    vertex -1.238234285144879 2.48999999999985 -0.8051051021517701
  endloop
endfacet
facet normal 0 1 -0
  outer loop
    vertex 2.889213332004815 2.48999999999985 -0.8113314543595813
    vertex 2.083333333333336 2.48999999999985 0.01886918102801727
    vertex 2.916666666666668 2.48999999999985 0.008312163512971815
  endloop
endfacet
facet normal 0 1 -0
  outer loop
    vertex -1.238234285144879 2.48999999999985 -0.8051051021517701
    vertex -1.250000000000002 2.48999999999985 0.01894933886699091
    vertex -0.4166666666666625 2.48999999999985 0.008312163512971815
  endloop
endfacet
facet normal 0 1 0
  outer loop
    vertex -3.714702855434694 2.48999999999985 -0.8111704261213215
    vertex -2.916666666666669 2.48999999999985 0.01874894426953388
    vertex -2.889213332004757 2.48999999999985 -0.8051051021517708
  endloop
endfacet
facet normal 0 1 0
  outer loop
    vertex 2.063723808574887 2.48999999999985 -0.8051051021517677
    vertex 1.240587428115953 2.48999999999985 -0.9283796081581142
    vertex 1.250000000000004 2.48999999999985 0.008312163512971815
  endloop
endfacet
facet normal -0 1 0
  outer loop
    vertex -3.750000000000001 2.48999999999985 0.008312163512971704
    vertex -2.916666666666669 2.48999999999985 0.01874894426953388
    vertex -3.714702855434694 2.48999999999985 -0.8111704261213215
  endloop
endfacet
facet normal -0 1 0
  outer loop
    vertex 1.250000000000004 2.48999999999985 0.008312163512971815
    vertex 2.083333333333336 2.48999999999985 0.01886918102801727
    vertex 2.063723808574887 2.48999999999985 -0.8051051021517677
  endloop
endfacet
facet normal -0 1 0
  outer loop
    vertex 3.714702855434753 2.48999999999985 -0.8051051021517668
    vertex 3.75 2.48999999999985 0.01858862859157517
    vertex 4.540192378864701 2.48999999999985 -0.8109691408234978
  endloop
endfacet
facet normal 0 1 0
  outer loop
    vertex -2.08333333333333 2.48999999999985 0.008312163512971815
    vertex -2.063723808574819 2.48999999999985 -0.8114522255382735
    vertex -2.889213332004757 2.48999999999985 -0.8051051021517708
  endloop
endfacet
facet normal 0 1 -0
  outer loop
    vertex 4.540192378864701 2.48999999999985 -0.8109691408234978
    vertex 3.75 2.48999999999985 0.01858862859157517
    vertex 4.583333333333323 2.48999999999985 0.008312163512971815
  endloop
endfacet
facet normal 0 1 -0
  outer loop
    vertex -2.889213332004757 2.48999999999985 -0.8051051021517708
    vertex -2.916666666666669 2.48999999999985 0.01874894426953388
    vertex -2.08333333333333 2.48999999999985 0.008312163512971815
  endloop
endfacet
facet normal 0 1 0
  outer loop
    vertex -5.365681902294578 2.48999999999985 -0.8107275984661044
    vertex -4.583333333333332 2.48999999999985 0.01838823399410816
    vertex -4.540192378864638 2.48999999999985 -0.805105102151771
  endloop
endfacet
facet normal 0 1 0
  outer loop
    vertex 3.714702855434753 2.48999999999985 -0.8051051021517668
    vertex 2.889213332004815 2.48999999999985 -0.8113314543595813
    vertex 2.916666666666668 2.48999999999985 0.008312163512971815
  endloop
endfacet
facet normal -0 1 0
  outer loop
    vertex -5.416666666666669 2.48999999999985 0.008312163512971815
    vertex -4.583333333333332 2.48999999999985 0.01838823399410816
    vertex -5.365681902294578 2.48999999999985 -0.8107275984661044
  endloop
endfacet
facet normal -0 1 0
  outer loop
    vertex 2.916666666666668 2.48999999999985 0.008312163512971815
    vertex 3.75 2.48999999999985 0.01858862859157517
    vertex 3.714702855434753 2.48999999999985 -0.8051051021517668
  endloop
endfacet
facet normal -0 1 0
  outer loop
    vertex 5.365681902294638 2.48999999999985 -0.8051051021517666
    vertex 5.416666666666686 2.48999999999985 0.01814776047716049
    vertex 6.191171425724571 2.48999999999985 -0.8104457990491543
  endloop
endfacet
facet normal 0 1 0
  outer loop
    vertex -3.750000000000001 2.48999999999985 0.008312163512971704
    vertex -3.714702855434694 2.48999999999985 -0.8111704261213215
    vertex -4.540192378864638 2.48999999999985 -0.805105102151771
  endloop
endfacet
facet normal 0 1 -0
  outer loop
    vertex -4.540192378864638 2.48999999999985 -0.805105102151771
    vertex -4.583333333333332 2.48999999999985 0.01838823399410816
    vertex -3.750000000000001 2.48999999999985 0.008312163512971704
  endloop
endfacet
facet normal 0 1 -0
  outer loop
    vertex 6.191171425724571 2.48999999999985 -0.8104457990491543
    vertex 5.416666666666686 2.48999999999985 0.01814776047716049
    vertex 6.249999999999998 2.48999999999985 0.008312163512971815
  endloop
endfacet
facet normal 0 1 0
  outer loop
    vertex 10 2.48999999999985 0.730000000000003
    vertex 9.589382470814554 2.48999999999985 0.365407159221756
    vertex 9.166666666666664 2.48999999999985 0.730000000000003
  endloop
endfacet
facet normal 0 1 0
  outer loop
    vertex -9.166666666666668 2.48999999999985 0.730000000000003
    vertex -9.589382470814558 2.48999999999985 0.3654071592217496
    vertex -10 2.48999999999985 0.730000000000003
  endloop
endfacet
facet normal 0 1 0
  outer loop
    vertex -7.016660949154458 2.48999999999985 -0.8101237425726286
    vertex -6.250000000000002 2.48999999999985 0.01786720804071418
    vertex -6.191171425724519 2.48999999999985 -0.8051051021517712
  endloop
endfacet
facet normal 0 1 0
  outer loop
    vertex 5.365681902294638 2.48999999999985 -0.8051051021517666
    vertex 4.540192378864701 2.48999999999985 -0.8109691408234978
    vertex 4.583333333333323 2.48999999999985 0.008312163512971815
  endloop
endfacet
facet normal -0 1 0
  outer loop
    vertex 4.583333333333323 2.48999999999985 0.008312163512971815
    vertex 5.416666666666686 2.48999999999985 0.01814776047716049
    vertex 5.365681902294638 2.48999999999985 -0.8051051021517666
  endloop
endfacet
facet normal -0 1 0
  outer loop
    vertex -7.083333333333334 2.48999999999985 0.008312163512971815
    vertex -6.250000000000002 2.48999999999985 0.01786720804071418
    vertex -7.016660949154458 2.48999999999985 -0.8101237425726286
  endloop
endfacet
facet normal 0 1 -0
  outer loop
    vertex 7.812747405673273 2.48999999999985 -0.7468028873441617
    vertex 7.119742047004403 2.48999999999985 0.007302395008620399
    vertex 7.916666666666663 2.48999999999985 0.008312163512971815
  endloop
endfacet
facet normal 0 1 0
  outer loop
    vertex -5.416666666666669 2.48999999999985 0.008312163512971815
    vertex -5.365681902294578 2.48999999999985 -0.8107275984661044
    vertex -6.191171425724519 2.48999999999985 -0.8051051021517712
  endloop
endfacet
facet normal 0 1 -0
  outer loop
    vertex -6.191171425724519 2.48999999999985 -0.8051051021517712
    vertex -6.250000000000002 2.48999999999985 0.01786720804071418
    vertex -5.416666666666669 2.48999999999985 0.008312163512971815
  endloop
endfacet
facet normal 0 1 0
  outer loop
    vertex 6.249999999999998 2.48999999999985 0.008312163512971815
    vertex 7.119742047004403 2.48999999999985 0.007302395008620399
    vertex 7.016660949154504 2.48999999999985 -0.8051051021517657
  endloop
endfacet
facet normal 0 1 0
  outer loop
    vertex 7.016660949154504 2.48999999999985 -0.8051051021517657
    vertex 7.119742047004403 2.48999999999985 0.007302395008620399
    vertex 7.812747405673273 2.48999999999985 -0.7468028873441617
  endloop
endfacet
facet normal 0 1 0
  outer loop
    vertex 7.016660949154504 2.48999999999985 -0.8051051021517657
    vertex 6.191171425724571 2.48999999999985 -0.8104457990491543
    vertex 6.249999999999998 2.48999999999985 0.008312163512971815
  endloop
endfacet
facet normal 0 1 -0
  outer loop
    vertex -7.811218749607272 2.48999999999985 -0.7455952541551492
    vertex -7.916666666666667 2.48999999999985 0.01718586640935371
    vertex -7.083333333333334 2.48999999999985 0.008312163512971815
  endloop
endfacet
facet normal 0 1 0
  outer loop
    vertex -7.083333333333334 2.48999999999985 0.008312163512971815
    vertex -7.016660949154458 2.48999999999985 -0.8101237425726286
    vertex -7.811218749607272 2.48999999999985 -0.7455952541551492
  endloop
endfacet
facet normal 0 1 0
  outer loop
    vertex -10 2.48999999999985 0.730000000000003
    vertex -9.589382470814558 2.48999999999985 0.3654071592217496
    vertex -10 2.48999999999985 0.3299999999999971
  endloop
endfacet
facet normal 0 1 -0
  outer loop
    vertex 10 2.48999999999985 0.3299999999999971
    vertex 9.589382470814554 2.48999999999985 0.365407159221756
    vertex 10 2.48999999999985 0.730000000000003
  endloop
endfacet
facet normal 0 1 0
  outer loop
    vertex 8.333333333333332 2.48999999999985 0.730000000000003
    vertex 7.916666666666663 2.48999999999985 0.008312163512971815
    vertex 7.5 2.48999999999985 0.730000000000003
  endloop
endfacet
facet normal 0 1 0
  outer loop
    vertex 6.666666666666664 2.48999999999985 0.730000000000003
    vertex 7.119742047004403 2.48999999999985 0.007302395008620399
    vertex 6.249999999999998 2.48999999999985 0.008312163512971815
  endloop
endfacet
facet normal 0 1 0
  outer loop
    vertex 8.254895234299422 2.48999999999985 -1.52
    vertex 8.603746642805733 2.48999999999985 -0.9025953174113126
    vertex 9.080384757729361 2.48999999999985 -1.52
  endloop
endfacet
facet normal 0 1 0
  outer loop
    vertex -9.080384757729311 2.48999999999985 -1.52000000000001
    vertex -8.602676207695598 2.48999999999985 -0.9022735427063673
    vertex -8.25489523429937 2.48999999999985 -1.520000000000009
  endloop
endfacet
facet normal 0 1 0
  outer loop
    vertex 7.916666666666663 2.48999999999985 0.008312163512971815
    vertex 7.119742047004403 2.48999999999985 0.007302395008620399
    vertex 7.5 2.48999999999985 0.730000000000003
  endloop
endfacet
facet normal 0 1 0
  outer loop
    vertex 0 2.48999999999985 0.730000000000003
    vertex -0.4166666666666625 2.48999999999985 0.008312163512971815
    vertex -0.8333333333333357 2.48999999999985 0.730000000000003
  endloop
endfacet
facet normal 0 1 0
  outer loop
    vertex 5 2.48999999999985 0.730000000000003
    vertex 4.583333333333323 2.48999999999985 0.008312163512971815
    vertex 4.166666666666664 2.48999999999985 0.7300000000000029
  endloop
endfacet
facet normal 0 1 0
  outer loop
    vertex -5 2.48999999999985 0.730000000000003
    vertex -5.416666666666669 2.48999999999985 0.008312163512971815
    vertex -5.833333333333336 2.48999999999985 0.730000000000003
  endloop
endfacet
facet normal 0 1 0
  outer loop
    vertex 6.666666666666664 2.48999999999985 0.730000000000003
    vertex 6.249999999999998 2.48999999999985 0.008312163512971815
    vertex 5.833333333333332 2.48999999999985 0.730000000000003
  endloop
endfacet
facet normal 0 1 0
  outer loop
    vertex -1.666666666666668 2.48999999999985 0.730000000000003
    vertex -2.08333333333333 2.48999999999985 0.008312163512971815
    vertex -2.5 2.48999999999985 0.730000000000003
  endloop
endfacet
facet normal 0 1 0
  outer loop
    vertex 1.666666666666664 2.48999999999985 0.730000000000003
    vertex 1.250000000000004 2.48999999999985 0.008312163512971815
    vertex 0.8333333333333321 2.48999999999985 0.730000000000003
  endloop
endfacet
facet normal 0 1 0
  outer loop
    vertex 3.333333333333332 2.48999999999985 0.730000000000003
    vertex 2.916666666666668 2.48999999999985 0.008312163512971815
    vertex 2.5 2.48999999999985 0.730000000000003
  endloop
endfacet
facet normal 0 1 0
  outer loop
    vertex -6.666666666666668 2.48999999999985 0.730000000000003
    vertex -7.083333333333334 2.48999999999985 0.008312163512971815
    vertex -7.5 2.48999999999985 0.730000000000003
  endloop
endfacet
facet normal 0 1 0
  outer loop
    vertex -3.333333333333335 2.48999999999985 0.730000000000003
    vertex -3.750000000000001 2.48999999999985 0.008312163512971704
    vertex -4.166666666666668 2.48999999999985 0.730000000000003
  endloop
endfacet
facet normal 0 1 -0
  outer loop
    vertex 8.603746642805733 2.48999999999985 -0.9025953174113126
    vertex 8.333376589623144 2.48999999999985 -0.3765709727265925
    vertex 9.035364194982391 2.48999999999985 -0.3644044980285053
  endloop
endfacet
facet normal -0 1 0
  outer loop
    vertex 7.016660949154504 2.48999999999985 -0.8051051021517657
    vertex 7.812747405673273 2.48999999999985 -0.7468028873441617
    vertex 7.429405710869482 2.48999999999985 -1.520000000000001
  endloop
endfacet
facet normal 0 1 0
  outer loop
    vertex 7.429405710869482 2.48999999999985 -1.520000000000001
    vertex 7.812747405673273 2.48999999999985 -0.7468028873441617
    vertex 8.254895234299422 2.48999999999985 -1.52
  endloop
endfacet
facet normal 0 1 0
  outer loop
    vertex -4.952937140579609 2.48999999999985 -1.520000000000008
    vertex -4.540192378864638 2.48999999999985 -0.805105102151771
    vertex -4.127447617149666 2.48999999999985 -1.520000000000007
  endloop
endfacet
facet normal 0 1 0
  outer loop
    vertex -3.301958093719727 2.48999999999985 -1.520000000000007
    vertex -2.889213332004757 2.48999999999985 -0.8051051021517708
    vertex -2.476468570289786 2.48999999999985 -1.520000000000006
  endloop
endfacet
facet normal 0 1 0
  outer loop
    vertex 1.650979046859911 2.48999999999985 -1.520000000000004
    vertex 2.063723808574887 2.48999999999985 -0.8051051021517677
    vertex 2.47646857028985 2.48999999999985 -1.520000000000004
  endloop
endfacet
facet normal 0 1 0
  outer loop
    vertex 4.952937140579666 2.48999999999985 -1.520000000000002
    vertex 5.365681902294638 2.48999999999985 -0.8051051021517666
    vertex 5.778426664009604 2.48999999999985 -1.520000000000002
  endloop
endfacet
facet normal 0 1 0
  outer loop
    vertex 6.603916187439544 2.48999999999985 -1.520000000000001
    vertex 7.016660949154504 2.48999999999985 -0.8051051021517657
    vertex 7.429405710869482 2.48999999999985 -1.520000000000001
  endloop
endfacet
facet normal 0 1 0
  outer loop
    vertex -6.603916187439488 2.48999999999985 -1.520000000000008
    vertex -6.191171425724519 2.48999999999985 -0.8051051021517712
    vertex -5.778426664009547 2.48999999999985 -1.520000000000008
  endloop
endfacet
facet normal 0 1 0
  outer loop
    vertex 3.019806626980426e-14 2.48999999999985 -1.520000000000005
    vertex 0.412744761715004 2.48999999999985 -0.8051051021517677
    vertex 0.8254895234299697 2.48999999999985 -1.520000000000004
  endloop
endfacet
facet normal 0 1 0
  outer loop
    vertex -8.25489523429937 2.48999999999985 -1.520000000000009
    vertex -7.811218749607272 2.48999999999985 -0.7455952541551492
    vertex -7.429405710869429 2.48999999999985 -1.520000000000009
  endloop
endfacet
facet normal 0 1 0
  outer loop
    vertex -1.650979046859848 2.48999999999985 -1.520000000000006
    vertex -1.238234285144879 2.48999999999985 -0.8051051021517701
    vertex -0.8254895234299102 2.48999999999985 -1.520000000000005
  endloop
endfacet
facet normal 0 1 0
  outer loop
    vertex 3.301958093719788 2.48999999999985 -1.520000000000003
    vertex 3.714702855434753 2.48999999999985 -0.8051051021517668
    vertex 4.127447617149727 2.48999999999985 -1.520000000000003
  endloop
endfacet
facet normal 0 1 0
  outer loop
    vertex -7.083333333333334 2.48999999999985 0.008312163512971815
    vertex -7.916666666666667 2.48999999999985 0.01718586640935371
    vertex -7.5 2.48999999999985 0.730000000000003
  endloop
endfacet
facet normal 0 1 0
  outer loop
    vertex -6.666666666666668 2.48999999999985 0.730000000000003
    vertex -6.250000000000002 2.48999999999985 0.01786720804071418
    vertex -7.083333333333334 2.48999999999985 0.008312163512971815
  endloop
endfacet
facet normal 0 1 0
  outer loop
    vertex -5.416666666666669 2.48999999999985 0.008312163512971815
    vertex -6.250000000000002 2.48999999999985 0.01786720804071418
    vertex -5.833333333333336 2.48999999999985 0.730000000000003
  endloop
endfacet
facet normal 0 1 0
  outer loop
    vertex -9.034962626067712 2.48999999999985 -0.364268105328144
    vertex -8.330006862203353 2.48999999999985 -0.3754396277673522
    vertex -8.602676207695598 2.48999999999985 -0.9022735427063673
  endloop
endfacet
facet normal 0 1 0
  outer loop
    vertex 5 2.48999999999985 0.730000000000003
    vertex 5.416666666666686 2.48999999999985 0.01814776047716049
    vertex 4.583333333333323 2.48999999999985 0.008312163512971815
  endloop
endfacet
facet normal 0 1 0
  outer loop
    vertex 6.249999999999998 2.48999999999985 0.008312163512971815
    vertex 5.416666666666686 2.48999999999985 0.01814776047716049
    vertex 5.833333333333332 2.48999999999985 0.730000000000003
  endloop
endfacet
facet normal 0 1 0
  outer loop
    vertex -5 2.48999999999985 0.730000000000003
    vertex -4.583333333333332 2.48999999999985 0.01838823399410816
    vertex -5.416666666666669 2.48999999999985 0.008312163512971815
  endloop
endfacet
facet normal 0 1 0
  outer loop
    vertex -3.750000000000001 2.48999999999985 0.008312163512971704
    vertex -4.583333333333332 2.48999999999985 0.01838823399410816
    vertex -4.166666666666668 2.48999999999985 0.730000000000003
  endloop
endfacet
facet normal 0 1 0
  outer loop
    vertex 3.333333333333332 2.48999999999985 0.730000000000003
    vertex 3.75 2.48999999999985 0.01858862859157517
    vertex 2.916666666666668 2.48999999999985 0.008312163512971815
  endloop
endfacet
facet normal 0 1 0
  outer loop
    vertex 4.583333333333323 2.48999999999985 0.008312163512971815
    vertex 3.75 2.48999999999985 0.01858862859157517
    vertex 4.166666666666664 2.48999999999985 0.7300000000000029
  endloop
endfacet
facet normal 0 1 0
  outer loop
    vertex -2.08333333333333 2.48999999999985 0.008312163512971815
    vertex -2.916666666666669 2.48999999999985 0.01874894426953388
    vertex -2.5 2.48999999999985 0.730000000000003
  endloop
endfacet
facet normal 0 1 0
  outer loop
    vertex -3.333333333333335 2.48999999999985 0.730000000000003
    vertex -2.916666666666669 2.48999999999985 0.01874894426953388
    vertex -3.750000000000001 2.48999999999985 0.008312163512971704
  endloop
endfacet
facet normal 0 1 0
  outer loop
    vertex 1.666666666666664 2.48999999999985 0.730000000000003
    vertex 2.083333333333336 2.48999999999985 0.01886918102801727
    vertex 1.250000000000004 2.48999999999985 0.008312163512971815
  endloop
endfacet
facet normal 0 1 0
  outer loop
    vertex 2.916666666666668 2.48999999999985 0.008312163512971815
    vertex 2.083333333333336 2.48999999999985 0.01886918102801727
    vertex 2.5 2.48999999999985 0.730000000000003
  endloop
endfacet
facet normal 0 1 0
  outer loop
    vertex -0.4166666666666625 2.48999999999985 0.008312163512971815
    vertex -1.250000000000002 2.48999999999985 0.01894933886699091
    vertex -0.8333333333333357 2.48999999999985 0.730000000000003
  endloop
endfacet
facet normal 0 1 0
  outer loop
    vertex -1.666666666666668 2.48999999999985 0.730000000000003
    vertex -1.250000000000002 2.48999999999985 0.01894933886699091
    vertex -2.08333333333333 2.48999999999985 0.008312163512971815
  endloop
endfacet
facet normal 0 1 0
  outer loop
    vertex 1.250000000000004 2.48999999999985 0.008312163512971815
    vertex 0.4158822856763358 2.48999999999985 0.1343038449748364
    vertex 0.8333333333333321 2.48999999999985 0.730000000000003
  endloop
endfacet
facet normal 0 1 0
  outer loop
    vertex 0 2.48999999999985 0.730000000000003
    vertex 0.4158822856763358 2.48999999999985 0.1343038449748364
    vertex -0.4166666666666625 2.48999999999985 0.008312163512971815
  endloop
endfacet
facet normal 0 1 0
  outer loop
    vertex 7.5 2.48999999999985 0.730000000000003
    vertex 7.119742047004403 2.48999999999985 0.007302395008620399
    vertex 6.666666666666664 2.48999999999985 0.730000000000003
  endloop
endfacet
facet normal 0 1 0
  outer loop
    vertex -7.811218749607272 2.48999999999985 -0.7455952541551492
    vertex -7.016660949154458 2.48999999999985 -0.8101237425726286
    vertex -7.429405710869429 2.48999999999985 -1.520000000000009
  endloop
endfacet
facet normal 0 1 -0
  outer loop
    vertex -6.603916187439488 2.48999999999985 -1.520000000000008
    vertex -7.016660949154458 2.48999999999985 -0.8101237425726286
    vertex -6.191171425724519 2.48999999999985 -0.8051051021517712
  endloop
endfacet
facet normal 0 1 -0
  outer loop
    vertex 6.603916187439544 2.48999999999985 -1.520000000000001
    vertex 6.191171425724571 2.48999999999985 -0.8104457990491543
    vertex 7.016660949154504 2.48999999999985 -0.8051051021517657
  endloop
endfacet
facet normal 0 1 0
  outer loop
    vertex 5.365681902294638 2.48999999999985 -0.8051051021517666
    vertex 6.191171425724571 2.48999999999985 -0.8104457990491543
    vertex 5.778426664009604 2.48999999999985 -1.520000000000002
  endloop
endfacet
facet normal 0 1 -0
  outer loop
    vertex -4.952937140579609 2.48999999999985 -1.520000000000008
    vertex -5.365681902294578 2.48999999999985 -0.8107275984661044
    vertex -4.540192378864638 2.48999999999985 -0.805105102151771
  endloop
endfacet
facet normal 0 1 0
  outer loop
    vertex -6.191171425724519 2.48999999999985 -0.8051051021517712
    vertex -5.365681902294578 2.48999999999985 -0.8107275984661044
    vertex -5.778426664009547 2.48999999999985 -1.520000000000008
  endloop
endfacet
facet normal 0 1 0
  outer loop
    vertex 3.714702855434753 2.48999999999985 -0.8051051021517668
    vertex 4.540192378864701 2.48999999999985 -0.8109691408234978
    vertex 4.127447617149727 2.48999999999985 -1.520000000000003
  endloop
endfacet
facet normal 0 1 -0
  outer loop
    vertex 4.952937140579666 2.48999999999985 -1.520000000000002
    vertex 4.540192378864701 2.48999999999985 -0.8109691408234978
    vertex 5.365681902294638 2.48999999999985 -0.8051051021517666
  endloop
endfacet
facet normal 0 1 0
  outer loop
    vertex -4.540192378864638 2.48999999999985 -0.805105102151771
    vertex -3.714702855434694 2.48999999999985 -0.8111704261213215
    vertex -4.127447617149666 2.48999999999985 -1.520000000000007
  endloop
endfacet
facet normal 0 1 -0
  outer loop
    vertex -3.301958093719727 2.48999999999985 -1.520000000000007
    vertex -3.714702855434694 2.48999999999985 -0.8111704261213215
    vertex -2.889213332004757 2.48999999999985 -0.8051051021517708
  endloop
endfacet
facet normal 0 1 -0
  outer loop
    vertex 3.301958093719788 2.48999999999985 -1.520000000000003
    vertex 2.889213332004815 2.48999999999985 -0.8113314543595813
    vertex 3.714702855434753 2.48999999999985 -0.8051051021517668
  endloop
endfacet
facet normal 0 1 0
  outer loop
    vertex 2.063723808574887 2.48999999999985 -0.8051051021517677
    vertex 2.889213332004815 2.48999999999985 -0.8113314543595813
    vertex 2.47646857028985 2.48999999999985 -1.520000000000004
  endloop
endfacet
facet normal 0 1 -0
  outer loop
    vertex -1.650979046859848 2.48999999999985 -1.520000000000006
    vertex -2.063723808574819 2.48999999999985 -0.8114522255382735
    vertex -1.238234285144879 2.48999999999985 -0.8051051021517701
  endloop
endfacet
facet normal 0 1 0
  outer loop
    vertex -2.889213332004757 2.48999999999985 -0.8051051021517708
    vertex -2.063723808574819 2.48999999999985 -0.8114522255382735
    vertex -2.476468570289786 2.48999999999985 -1.520000000000006
  endloop
endfacet
facet normal 0 1 -0
  outer loop
    vertex 1.650979046859911 2.48999999999985 -1.520000000000004
    vertex 1.240587428115953 2.48999999999985 -0.9283796081581142
    vertex 2.063723808574887 2.48999999999985 -0.8051051021517677
  endloop
endfacet
facet normal 0 1 0
  outer loop
    vertex 0.412744761715004 2.48999999999985 -0.8051051021517677
    vertex 1.240587428115953 2.48999999999985 -0.9283796081581142
    vertex 0.8254895234299697 2.48999999999985 -1.520000000000004
  endloop
endfacet
facet normal 0 1 -0
  outer loop
    vertex 3.019806626980426e-14 2.48999999999985 -1.520000000000005
    vertex -0.4135291427052827 2.48999999999985 -0.9283796081581155
    vertex 0.412744761715004 2.48999999999985 -0.8051051021517677
  endloop
endfacet
facet normal 0 1 0
  outer loop
    vertex -1.238234285144879 2.48999999999985 -0.8051051021517701
    vertex -0.4135291427052827 2.48999999999985 -0.9283796081581155
    vertex -0.8254895234299102 2.48999999999985 -1.520000000000005
  endloop
endfacet
facet normal 0 1 0
  outer loop
    vertex -7.429405710869429 2.48999999999985 -1.520000000000009
    vertex -7.016660949154458 2.48999999999985 -0.8101237425726286
    vertex -6.603916187439488 2.48999999999985 -1.520000000000008
  endloop
endfacet
facet normal 0 1 0
  outer loop
    vertex 5.778426664009604 2.48999999999985 -1.520000000000002
    vertex 6.191171425724571 2.48999999999985 -0.8104457990491543
    vertex 6.603916187439544 2.48999999999985 -1.520000000000001
  endloop
endfacet
facet normal 0 1 0
  outer loop
    vertex -5.778426664009547 2.48999999999985 -1.520000000000008
    vertex -5.365681902294578 2.48999999999985 -0.8107275984661044
    vertex -4.952937140579609 2.48999999999985 -1.520000000000008
  endloop
endfacet
facet normal 0 1 0
  outer loop
    vertex 4.127447617149727 2.48999999999985 -1.520000000000003
    vertex 4.540192378864701 2.48999999999985 -0.8109691408234978
    vertex 4.952937140579666 2.48999999999985 -1.520000000000002
  endloop
endfacet
facet normal 0 1 0
  outer loop
    vertex -7.5 2.48999999999985 0.730000000000003
    vertex -7.916666666666667 2.48999999999985 0.01718586640935371
    vertex -8.333333333333332 2.48999999999985 0.730000000000003
  endloop
endfacet
facet normal 0 1 0
  outer loop
    vertex -4.127447617149666 2.48999999999985 -1.520000000000007
    vertex -3.714702855434694 2.48999999999985 -0.8111704261213215
    vertex -3.301958093719727 2.48999999999985 -1.520000000000007
  endloop
endfacet
facet normal 0 1 0
  outer loop
    vertex 2.47646857028985 2.48999999999985 -1.520000000000004
    vertex 2.889213332004815 2.48999999999985 -0.8113314543595813
    vertex 3.301958093719788 2.48999999999985 -1.520000000000003
  endloop
endfacet
facet normal 0 1 0
  outer loop
    vertex -2.476468570289786 2.48999999999985 -1.520000000000006
    vertex -2.063723808574819 2.48999999999985 -0.8114522255382735
    vertex -1.650979046859848 2.48999999999985 -1.520000000000006
  endloop
endfacet
facet normal 0 1 0
  outer loop
    vertex 0.8254895234299697 2.48999999999985 -1.520000000000004
    vertex 1.240587428115953 2.48999999999985 -0.9283796081581142
    vertex 1.650979046859911 2.48999999999985 -1.520000000000004
  endloop
endfacet
facet normal 0 1 0
  outer loop
    vertex -0.8254895234299102 2.48999999999985 -1.520000000000005
    vertex -0.4135291427052827 2.48999999999985 -0.9283796081581155
    vertex 3.019806626980426e-14 2.48999999999985 -1.520000000000005
  endloop
endfacet
facet normal 0 1 0
  outer loop
    vertex -5.833333333333336 2.48999999999985 0.730000000000003
    vertex -6.250000000000002 2.48999999999985 0.01786720804071418
    vertex -6.666666666666668 2.48999999999985 0.730000000000003
  endloop
endfacet
facet normal 0 1 0
  outer loop
    vertex 5.833333333333332 2.48999999999985 0.730000000000003
    vertex 5.416666666666686 2.48999999999985 0.01814776047716049
    vertex 5 2.48999999999985 0.730000000000003
  endloop
endfacet
facet normal 0 1 0
  outer loop
    vertex -4.166666666666668 2.48999999999985 0.730000000000003
    vertex -4.583333333333332 2.48999999999985 0.01838823399410816
    vertex -5 2.48999999999985 0.730000000000003
  endloop
endfacet
facet normal 0 1 0
  outer loop
    vertex 4.166666666666664 2.48999999999985 0.7300000000000029
    vertex 3.75 2.48999999999985 0.01858862859157517
    vertex 3.333333333333332 2.48999999999985 0.730000000000003
  endloop
endfacet
facet normal 0 1 0
  outer loop
    vertex -2.5 2.48999999999985 0.730000000000003
    vertex -2.916666666666669 2.48999999999985 0.01874894426953388
    vertex -3.333333333333335 2.48999999999985 0.730000000000003
  endloop
endfacet
facet normal 0 1 0
  outer loop
    vertex 2.5 2.48999999999985 0.730000000000003
    vertex 2.083333333333336 2.48999999999985 0.01886918102801727
    vertex 1.666666666666664 2.48999999999985 0.730000000000003
  endloop
endfacet
facet normal 0 1 0
  outer loop
    vertex -0.8333333333333357 2.48999999999985 0.730000000000003
    vertex -1.250000000000002 2.48999999999985 0.01894933886699091
    vertex -1.666666666666668 2.48999999999985 0.730000000000003
  endloop
endfacet
facet normal 0 1 0
  outer loop
    vertex 0.8333333333333321 2.48999999999985 0.730000000000003
    vertex 0.4158822856763358 2.48999999999985 0.1343038449748364
    vertex 0 2.48999999999985 0.730000000000003
  endloop
endfacet
facet normal 0 1 0
  outer loop
    vertex 9.166666666666664 2.48999999999985 0.730000000000003
    vertex 8.597635569849166 2.48999999999985 0.09627980827546057
    vertex 8.333333333333332 2.48999999999985 0.730000000000003
  endloop
endfacet
facet normal 0 1 0
  outer loop
    vertex -8.333333333333332 2.48999999999985 0.730000000000003
    vertex -8.598423492725306 2.48999999999985 0.09685909847852114
    vertex -9.166666666666668 2.48999999999985 0.730000000000003
  endloop
endfacet
facet normal 0 1 0
  outer loop
    vertex 9.166666666666664 2.48999999999985 0.730000000000003
    vertex 9.18920695937368 2.48999999999985 0.1296994174276382
    vertex 8.597635569849166 2.48999999999985 0.09627980827546057
  endloop
endfacet
facet normal 0 1 0
  outer loop
    vertex 9.035364194982391 2.48999999999985 -0.3644044980285053
    vertex 8.333376589623144 2.48999999999985 -0.3765709727265925
    vertex 8.597635569849166 2.48999999999985 0.09627980827546057
  endloop
endfacet
facet normal 0 1 0
  outer loop
    vertex -8.598423492725306 2.48999999999985 0.09685909847852114
    vertex -9.189246383247307 2.48999999999985 0.129772446295318
    vertex -9.166666666666668 2.48999999999985 0.730000000000003
  endloop
endfacet
facet normal 0 1 0
  outer loop
    vertex -8.598423492725306 2.48999999999985 0.09685909847852114
    vertex -8.330006862203353 2.48999999999985 -0.3754396277673522
    vertex -9.034962626067712 2.48999999999985 -0.364268105328144
  endloop
endfacet
facet normal 0 1 -0
  outer loop
    vertex 9.6 2.48999999999985 -0.07000000000000291
    vertex 9.589382470814554 2.48999999999985 0.365407159221756
    vertex 10 2.48999999999985 0.3299999999999971
  endloop
endfacet
facet normal -0 1 0
  outer loop
    vertex -10 2.48999999999985 0.3299999999999971
    vertex -9.589382470814558 2.48999999999985 0.3654071592217496
    vertex -9.6 2.48999999999985 -0.07000000000000291
  endloop
endfacet
facet normal 0 1 0
  outer loop
    vertex 7.812747405673273 2.48999999999985 -0.7468028873441617
    vertex 8.603746642805733 2.48999999999985 -0.9025953174113126
    vertex 8.254895234299422 2.48999999999985 -1.52
  endloop
endfacet
facet normal 0 1 -0
  outer loop
    vertex -8.25489523429937 2.48999999999985 -1.520000000000009
    vertex -8.602676207695598 2.48999999999985 -0.9022735427063673
    vertex -7.811218749607272 2.48999999999985 -0.7455952541551492
  endloop
endfacet
facet normal -0 1 0
  outer loop
    vertex 8.603746642805733 2.48999999999985 -0.9025953174113126
    vertex 9.079873898879372 2.48999999999985 -0.851749953859956
    vertex 9.080384757729361 2.48999999999985 -1.52
  endloop
endfacet
facet normal 0 1 0
  outer loop
    vertex -9.080384757729311 2.48999999999985 -1.52000000000001
    vertex -9.079505897873155 2.48999999999985 -0.8516354120086314
    vertex -8.602676207695598 2.48999999999985 -0.9022735427063673
  endloop
endfacet
facet normal 0 1 -0
  outer loop
    vertex 9.6 2.48999999999985 -0.620000000000007
    vertex 9.035364194982391 2.48999999999985 -0.3644044980285053
    vertex 9.6 2.48999999999985 -0.07000000000000291
  endloop
endfacet
facet normal 0 1 0
  outer loop
    vertex -9.6 2.48999999999985 -0.07000000000000291
    vertex -9.034962626067712 2.48999999999985 -0.364268105328144
    vertex -9.6 2.48999999999985 -0.620000000000003
  endloop
endfacet
facet normal 0 1 0
  outer loop
    vertex 8.333333333333332 2.48999999999985 0.730000000000003
    vertex 8.597635569849166 2.48999999999985 0.09627980827546057
    vertex 7.916666666666663 2.48999999999985 0.008312163512971815
  endloop
endfacet
facet normal 0 1 0
  outer loop
    vertex 9.035364194982391 2.48999999999985 -0.3644044980285053
    vertex 9.079873898879372 2.48999999999985 -0.851749953859956
    vertex 8.603746642805733 2.48999999999985 -0.9025953174113126
  endloop
endfacet
facet normal 0 1 0
  outer loop
    vertex -8.602676207695598 2.48999999999985 -0.9022735427063673
    vertex -9.079505897873155 2.48999999999985 -0.8516354120086314
    vertex -9.034962626067712 2.48999999999985 -0.364268105328144
  endloop
endfacet
facet normal 0 1 0
  outer loop
    vertex -7.916666666666667 2.48999999999985 0.01718586640935371
    vertex -8.598423492725306 2.48999999999985 0.09685909847852114
    vertex -8.333333333333332 2.48999999999985 0.730000000000003
  endloop
endfacet
facet normal 0 1 0
  outer loop
    vertex 7.916666666666663 2.48999999999985 0.008312163512971815
    vertex 8.333376589623144 2.48999999999985 -0.3765709727265925
    vertex 7.812747405673273 2.48999999999985 -0.7468028873441617
  endloop
endfacet
facet normal 0 1 0
  outer loop
    vertex -7.811218749607272 2.48999999999985 -0.7455952541551492
    vertex -8.330006862203353 2.48999999999985 -0.3754396277673522
    vertex -7.916666666666667 2.48999999999985 0.01718586640935371
  endloop
endfacet
facet normal 0 1 0
  outer loop
    vertex 9.6 2.48999999999985 -0.620000000000007
    vertex 9.079873898879372 2.48999999999985 -0.851749953859956
    vertex 9.035364194982391 2.48999999999985 -0.3644044980285053
  endloop
endfacet
facet normal 0 1 0
  outer loop
    vertex -9.034962626067712 2.48999999999985 -0.364268105328144
    vertex -9.079505897873155 2.48999999999985 -0.8516354120086314
    vertex -9.6 2.48999999999985 -0.620000000000003
  endloop
endfacet
facet normal -0 1 0
  outer loop
    vertex 8.597635569849166 2.48999999999985 0.09627980827546057
    vertex 9.18920695937368 2.48999999999985 0.1296994174276382
    vertex 9.035364194982391 2.48999999999985 -0.3644044980285053
  endloop
endfacet
facet normal 0 1 -0
  outer loop
    vertex -9.034962626067712 2.48999999999985 -0.364268105328144
    vertex -9.189246383247307 2.48999999999985 0.129772446295318
    vertex -8.598423492725306 2.48999999999985 0.09685909847852114
  endloop
endfacet
facet normal -0 1 0
  outer loop
    vertex 7.812747405673273 2.48999999999985 -0.7468028873441617
    vertex 8.333376589623144 2.48999999999985 -0.3765709727265925
    vertex 8.603746642805733 2.48999999999985 -0.9025953174113126
  endloop
endfacet
facet normal 0 1 0
  outer loop
    vertex -8.602676207695598 2.48999999999985 -0.9022735427063673
    vertex -8.330006862203353 2.48999999999985 -0.3754396277673522
    vertex -7.811218749607272 2.48999999999985 -0.7455952541551492
  endloop
endfacet
facet normal 0 1 0
  outer loop
    vertex 9.035364194982391 2.48999999999985 -0.3644044980285053
    vertex 9.18920695937368 2.48999999999985 0.1296994174276382
    vertex 9.6 2.48999999999985 -0.07000000000000291
  endloop
endfacet
facet normal -0 1 0
  outer loop
    vertex -9.6 2.48999999999985 -0.07000000000000291
    vertex -9.189246383247307 2.48999999999985 0.129772446295318
    vertex -9.034962626067712 2.48999999999985 -0.364268105328144
  endloop
endfacet
facet normal 0 1 0
  outer loop
    vertex 8.597635569849166 2.48999999999985 0.09627980827546057
    vertex 8.333376589623144 2.48999999999985 -0.3765709727265925
    vertex 7.916666666666663 2.48999999999985 0.008312163512971815
  endloop
endfacet
facet normal 0 1 0
  outer loop
    vertex -7.916666666666667 2.48999999999985 0.01718586640935371
    vertex -8.330006862203353 2.48999999999985 -0.3754396277673522
    vertex -8.598423492725306 2.48999999999985 0.09685909847852114
  endloop
endfacet
facet normal 0 1 0
  outer loop
    vertex 9.589382470814554 2.48999999999985 0.365407159221756
    vertex 9.18920695937368 2.48999999999985 0.1296994174276382
    vertex 9.166666666666664 2.48999999999985 0.730000000000003
  endloop
endfacet
facet normal 0 1 0
  outer loop
    vertex -9.166666666666668 2.48999999999985 0.730000000000003
    vertex -9.189246383247307 2.48999999999985 0.129772446295318
    vertex -9.589382470814558 2.48999999999985 0.3654071592217496
  endloop
endfacet
facet normal 0 1 0
  outer loop
    vertex 9.6 2.48999999999985 -0.07000000000000291
    vertex 9.18920695937368 2.48999999999985 0.1296994174276382
    vertex 9.589382470814554 2.48999999999985 0.365407159221756
  endloop
endfacet
facet normal 0 1 0
  outer loop
    vertex -9.589382470814558 2.48999999999985 0.3654071592217496
    vertex -9.189246383247307 2.48999999999985 0.129772446295318
    vertex -9.6 2.48999999999985 -0.07000000000000291
  endloop
endfacet
facet normal 0 1 0
  outer loop
    vertex -9.6 2.48999999999985 -0.620000000000003
    vertex -9.079505897873155 2.48999999999985 -0.8516354120086314
    vertex -9.080384757729311 2.48999999999985 -1.52000000000001
  endloop
endfacet
facet normal 0 1 -0
  outer loop
    vertex 9.080384757729361 2.48999999999985 -1.52
    vertex 9.079873898879372 2.48999999999985 -0.851749953859956
    vertex 9.6 2.48999999999985 -0.620000000000007
  endloop
endfacet
facet normal 0 -1 0
  outer loop
    vertex 0.4127447617150022 -2.48999999999986 -0.8051051021517681
    vertex 1.240587428115953 -2.48999999999986 -0.9283796081581162
    vertex 1.250000000000004 -2.48999999999986 0.00831216351296582
  endloop
endfacet
facet normal -0 -1 0
  outer loop
    vertex 1.250000000000004 -2.48999999999986 0.00831216351296582
    vertex 0.4158822856763358 -2.48999999999986 0.1343038449748315
    vertex 0.4127447617150022 -2.48999999999986 -0.8051051021517681
  endloop
endfacet
facet normal -0 -1 0
  outer loop
    vertex -1.238234285144879 -2.48999999999986 -0.8051051021517706
    vertex -1.250000000000002 -2.48999999999986 0.01894933886698802
    vertex -2.063723808574823 -2.48999999999986 -0.8114522255382763
  endloop
endfacet
facet normal 0 -1 0
  outer loop
    vertex -0.4166666666666607 -2.48999999999986 0.00831216351296582
    vertex -0.4135291427052845 -2.48999999999986 -0.9283796081581166
    vertex 0.4127447617150022 -2.48999999999986 -0.8051051021517681
  endloop
endfacet
facet normal 0 -1 0
  outer loop
    vertex -2.063723808574823 -2.48999999999986 -0.8114522255382763
    vertex -1.250000000000002 -2.48999999999986 0.01894933886698802
    vertex -2.083333333333332 -2.48999999999986 0.00831216351296582
  endloop
endfacet
facet normal 0 -1 0
  outer loop
    vertex 0.4127447617150022 -2.48999999999986 -0.8051051021517681
    vertex 0.4158822856763358 -2.48999999999986 0.1343038449748315
    vertex -0.4166666666666607 -2.48999999999986 0.00831216351296582
  endloop
endfacet
facet normal 0 -1 0
  outer loop
    vertex 2.889213332004822 -2.48999999999986 -0.8113314543595864
    vertex 2.083333333333334 -2.48999999999986 0.01886918102801338
    vertex 2.063723808574883 -2.48999999999986 -0.8051051021517686
  endloop
endfacet
facet normal 0 -1 0
  outer loop
    vertex -1.238234285144879 -2.48999999999986 -0.8051051021517706
    vertex -0.4135291427052845 -2.48999999999986 -0.9283796081581166
    vertex -0.4166666666666607 -2.48999999999986 0.00831216351296582
  endloop
endfacet
facet normal -0 -1 0
  outer loop
    vertex 2.916666666666671 -2.48999999999986 0.00831216351296582
    vertex 2.083333333333334 -2.48999999999986 0.01886918102801338
    vertex 2.889213332004822 -2.48999999999986 -0.8113314543595864
  endloop
endfacet
facet normal -0 -1 0
  outer loop
    vertex -0.4166666666666607 -2.48999999999986 0.00831216351296582
    vertex -1.250000000000002 -2.48999999999986 0.01894933886698802
    vertex -1.238234285144879 -2.48999999999986 -0.8051051021517706
  endloop
endfacet
facet normal -0 -1 0
  outer loop
    vertex -2.889213332004761 -2.48999999999986 -0.8051051021517688
    vertex -2.916666666666669 -2.48999999999986 0.01874894426953178
    vertex -3.714702855434697 -2.48999999999986 -0.8111704261213242
  endloop
endfacet
facet normal 0 -1 -0
  outer loop
    vertex 1.250000000000004 -2.48999999999986 0.00831216351296582
    vertex 1.240587428115953 -2.48999999999986 -0.9283796081581162
    vertex 2.063723808574883 -2.48999999999986 -0.8051051021517686
  endloop
endfacet
facet normal 0 -1 0
  outer loop
    vertex -3.714702855434697 -2.48999999999986 -0.8111704261213242
    vertex -2.916666666666669 -2.48999999999986 0.01874894426953178
    vertex -3.750000000000001 -2.48999999999986 0.008312163512965709
  endloop
endfacet
facet normal 0 -1 0
  outer loop
    vertex 2.063723808574883 -2.48999999999986 -0.8051051021517686
    vertex 2.083333333333334 -2.48999999999986 0.01886918102801338
    vertex 1.250000000000004 -2.48999999999986 0.00831216351296582
  endloop
endfacet
facet normal 0 -1 0
  outer loop
    vertex 4.540192378864685 -2.48999999999986 -0.8109691408235009
    vertex 3.750000000000002 -2.48999999999986 0.01858862859156563
    vertex 3.714702855434751 -2.48999999999986 -0.8051051021517677
  endloop
endfacet
facet normal 0 -1 0
  outer loop
    vertex -2.889213332004761 -2.48999999999986 -0.8051051021517688
    vertex -2.063723808574823 -2.48999999999986 -0.8114522255382763
    vertex -2.083333333333332 -2.48999999999986 0.00831216351296582
  endloop
endfacet
facet normal -0 -1 0
  outer loop
    vertex 4.583333333333323 -2.48999999999986 0.00831216351296582
    vertex 3.750000000000002 -2.48999999999986 0.01858862859156563
    vertex 4.540192378864685 -2.48999999999986 -0.8109691408235009
  endloop
endfacet
facet normal -0 -1 0
  outer loop
    vertex -2.083333333333332 -2.48999999999986 0.00831216351296582
    vertex -2.916666666666669 -2.48999999999986 0.01874894426953178
    vertex -2.889213332004761 -2.48999999999986 -0.8051051021517688
  endloop
endfacet
facet normal -0 -1 0
  outer loop
    vertex -4.540192378864643 -2.48999999999986 -0.8051051021517703
    vertex -4.583333333333333 -2.48999999999986 0.01838823399410494
    vertex -5.365681902294581 -2.48999999999986 -0.8107275984661075
  endloop
endfacet
facet normal 0 -1 -0
  outer loop
    vertex 2.916666666666671 -2.48999999999986 0.00831216351296582
    vertex 2.889213332004822 -2.48999999999986 -0.8113314543595864
    vertex 3.714702855434751 -2.48999999999986 -0.8051051021517677
  endloop
endfacet
facet normal 0 -1 0
  outer loop
    vertex -5.365681902294581 -2.48999999999986 -0.8107275984661075
    vertex -4.583333333333333 -2.48999999999986 0.01838823399410494
    vertex -5.416666666666668 -2.48999999999986 0.00831216351296582
  endloop
endfacet
facet normal 0 -1 0
  outer loop
    vertex 3.714702855434751 -2.48999999999986 -0.8051051021517677
    vertex 3.750000000000002 -2.48999999999986 0.01858862859156563
    vertex 2.916666666666671 -2.48999999999986 0.00831216351296582
  endloop
endfacet
facet normal 0 -1 0
  outer loop
    vertex 6.191171425724574 -2.48999999999986 -0.810445799049158
    vertex 5.416666666666684 -2.48999999999986 0.01814776047715827
    vertex 5.365681902294638 -2.48999999999986 -0.8051051021517663
  endloop
endfacet
facet normal 0 -1 0
  outer loop
    vertex -4.540192378864643 -2.48999999999986 -0.8051051021517703
    vertex -3.714702855434697 -2.48999999999986 -0.8111704261213242
    vertex -3.750000000000001 -2.48999999999986 0.008312163512965709
  endloop
endfacet
facet normal -0 -1 0
  outer loop
    vertex -3.750000000000001 -2.48999999999986 0.008312163512965709
    vertex -4.583333333333333 -2.48999999999986 0.01838823399410494
    vertex -4.540192378864643 -2.48999999999986 -0.8051051021517703
  endloop
endfacet
facet normal -0 -1 0
  outer loop
    vertex 6.249999999999998 -2.48999999999986 0.00831216351296582
    vertex 5.416666666666684 -2.48999999999986 0.01814776047715827
    vertex 6.191171425724574 -2.48999999999986 -0.810445799049158
  endloop
endfacet
facet normal 0 -1 0
  outer loop
    vertex 9.166666666666664 -2.48999999999986 0.729999999999997
    vertex 9.589382470814554 -2.48999999999986 0.3654071592217532
    vertex 10 -2.48999999999986 0.729999999999999
  endloop
endfacet
facet normal 0 -1 0
  outer loop
    vertex -10 -2.48999999999986 0.729999999999999
    vertex -9.589382470814558 -2.48999999999986 0.3654071592217473
    vertex -9.166666666666668 -2.48999999999986 0.729999999999997
  endloop
endfacet
facet normal -0 -1 0
  outer loop
    vertex -6.19117142572452 -2.48999999999986 -0.8051051021517717
    vertex -6.250000000000002 -2.48999999999986 0.01786720804071096
    vertex -7.016660949154459 -2.48999999999986 -0.8101237425726315
  endloop
endfacet
facet normal 0 -1 -0
  outer loop
    vertex 4.583333333333323 -2.48999999999986 0.00831216351296582
    vertex 4.540192378864685 -2.48999999999986 -0.8109691408235009
    vertex 5.365681902294638 -2.48999999999986 -0.8051051021517663
  endloop
endfacet
facet normal 0 -1 0
  outer loop
    vertex 5.365681902294638 -2.48999999999986 -0.8051051021517663
    vertex 5.416666666666684 -2.48999999999986 0.01814776047715827
    vertex 4.583333333333323 -2.48999999999986 0.00831216351296582
  endloop
endfacet
facet normal 0 -1 0
  outer loop
    vertex -7.016660949154459 -2.48999999999986 -0.8101237425726315
    vertex -6.250000000000002 -2.48999999999986 0.01786720804071096
    vertex -7.083333333333333 -2.48999999999986 0.00831216351296582
  endloop
endfacet
facet normal 0 -1 0
  outer loop
    vertex 7.916666666666666 -2.48999999999986 0.00831216351296582
    vertex 7.119742047004396 -2.48999999999986 0.007302395008615625
    vertex 7.81274740567328 -2.48999999999986 -0.7468028873441688
  endloop
endfacet
facet normal 0 -1 0
  outer loop
    vertex -6.19117142572452 -2.48999999999986 -0.8051051021517717
    vertex -5.365681902294581 -2.48999999999986 -0.8107275984661075
    vertex -5.416666666666668 -2.48999999999986 0.00831216351296582
  endloop
endfacet
facet normal -0 -1 0
  outer loop
    vertex -5.416666666666668 -2.48999999999986 0.00831216351296582
    vertex -6.250000000000002 -2.48999999999986 0.01786720804071096
    vertex -6.19117142572452 -2.48999999999986 -0.8051051021517717
  endloop
endfacet
facet normal 0 -1 0
  outer loop
    vertex 7.016660949154497 -2.48999999999986 -0.8051051021517657
    vertex 7.119742047004396 -2.48999999999986 0.007302395008615625
    vertex 6.249999999999998 -2.48999999999986 0.00831216351296582
  endloop
endfacet
facet normal -0 -1 0
  outer loop
    vertex 7.81274740567328 -2.48999999999986 -0.7468028873441688
    vertex 7.119742047004396 -2.48999999999986 0.007302395008615625
    vertex 7.016660949154497 -2.48999999999986 -0.8051051021517657
  endloop
endfacet
facet normal 0 -1 -0
  outer loop
    vertex 6.249999999999998 -2.48999999999986 0.00831216351296582
    vertex 6.191171425724574 -2.48999999999986 -0.810445799049158
    vertex 7.016660949154497 -2.48999999999986 -0.8051051021517657
  endloop
endfacet
facet normal -0 -1 0
  outer loop
    vertex -7.083333333333333 -2.48999999999986 0.00831216351296582
    vertex -7.916666666666666 -2.48999999999986 0.01718586640935049
    vertex -7.811218749607271 -2.48999999999986 -0.7455952541551512
  endloop
endfacet
facet normal 0 -1 0
  outer loop
    vertex -7.811218749607271 -2.48999999999986 -0.7455952541551512
    vertex -7.016660949154459 -2.48999999999986 -0.8101237425726315
    vertex -7.083333333333333 -2.48999999999986 0.00831216351296582
  endloop
endfacet
facet normal 0 -1 0
  outer loop
    vertex -10 -2.48999999999986 0.3299999999999971
    vertex -9.589382470814558 -2.48999999999986 0.3654071592217473
    vertex -10 -2.48999999999986 0.729999999999999
  endloop
endfacet
facet normal 0 -1 -0
  outer loop
    vertex 10 -2.48999999999986 0.729999999999999
    vertex 9.589382470814554 -2.48999999999986 0.3654071592217532
    vertex 10 -2.48999999999986 0.3299999999999971
  endloop
endfacet
facet normal 0 -1 0
  outer loop
    vertex 7.5 -2.48999999999986 0.729999999999997
    vertex 7.916666666666666 -2.48999999999986 0.00831216351296582
    vertex 8.333333333333332 -2.48999999999986 0.729999999999997
  endloop
endfacet
facet normal 0 -1 0
  outer loop
    vertex 6.249999999999998 -2.48999999999986 0.00831216351296582
    vertex 7.119742047004396 -2.48999999999986 0.007302395008615625
    vertex 6.666666666666664 -2.48999999999986 0.729999999999997
  endloop
endfacet
facet normal -0 -1 0
  outer loop
    vertex 9.080384757729361 -2.48999999999986 -1.52
    vertex 8.603746642805737 -2.48999999999986 -0.9025953174113186
    vertex 8.254895234299418 -2.48999999999986 -1.52
  endloop
endfacet
facet normal -0 -1 0
  outer loop
    vertex -8.25489523429937 -2.48999999999986 -1.520000000000009
    vertex -8.602676207695598 -2.48999999999986 -0.9022735427063688
    vertex -9.080384757729311 -2.48999999999986 -1.52000000000001
  endloop
endfacet
facet normal 0 -1 -0
  outer loop
    vertex 7.5 -2.48999999999986 0.729999999999997
    vertex 7.119742047004396 -2.48999999999986 0.007302395008615625
    vertex 7.916666666666666 -2.48999999999986 0.00831216351296582
  endloop
endfacet
facet normal 0 -1 0
  outer loop
    vertex -0.8333333333333357 -2.48999999999986 0.729999999999997
    vertex -0.4166666666666607 -2.48999999999986 0.00831216351296582
    vertex 0 -2.48999999999986 0.729999999999997
  endloop
endfacet
facet normal 0 -1 0
  outer loop
    vertex 4.166666666666664 -2.48999999999986 0.729999999999997
    vertex 4.583333333333323 -2.48999999999986 0.00831216351296582
    vertex 5 -2.48999999999986 0.729999999999997
  endloop
endfacet
facet normal 0 -1 0
  outer loop
    vertex -5.833333333333336 -2.48999999999986 0.729999999999997
    vertex -5.416666666666668 -2.48999999999986 0.00831216351296582
    vertex -5 -2.48999999999986 0.729999999999997
  endloop
endfacet
facet normal 0 -1 0
  outer loop
    vertex 0.8333333333333321 -2.48999999999986 0.729999999999997
    vertex 1.250000000000004 -2.48999999999986 0.00831216351296582
    vertex 1.666666666666664 -2.48999999999986 0.729999999999997
  endloop
endfacet
facet normal 0 -1 0
  outer loop
    vertex 2.5 -2.48999999999986 0.729999999999997
    vertex 2.916666666666671 -2.48999999999986 0.00831216351296582
    vertex 3.333333333333332 -2.48999999999986 0.729999999999997
  endloop
endfacet
facet normal 0 -1 0
  outer loop
    vertex 5.833333333333332 -2.48999999999986 0.7299999999999971
    vertex 6.249999999999998 -2.48999999999986 0.00831216351296582
    vertex 6.666666666666664 -2.48999999999986 0.729999999999997
  endloop
endfacet
facet normal 0 -1 0
  outer loop
    vertex -7.5 -2.48999999999986 0.729999999999997
    vertex -7.083333333333333 -2.48999999999986 0.00831216351296582
    vertex -6.666666666666668 -2.48999999999986 0.729999999999997
  endloop
endfacet
facet normal 0 -1 0
  outer loop
    vertex -2.5 -2.48999999999986 0.729999999999997
    vertex -2.083333333333332 -2.48999999999986 0.00831216351296582
    vertex -1.666666666666668 -2.48999999999986 0.729999999999997
  endloop
endfacet
facet normal 0 -1 0
  outer loop
    vertex -4.166666666666668 -2.48999999999986 0.729999999999997
    vertex -3.750000000000001 -2.48999999999986 0.008312163512965709
    vertex -3.333333333333335 -2.48999999999986 0.729999999999997
  endloop
endfacet
facet normal 0 -1 0
  outer loop
    vertex 9.035364194982391 -2.48999999999986 -0.3644044980285093
    vertex 8.333376589623166 -2.48999999999986 -0.3765709727266062
    vertex 8.603746642805737 -2.48999999999986 -0.9025953174113186
  endloop
endfacet
facet normal 0 -1 0
  outer loop
    vertex 7.429405710869481 -2.48999999999986 -1.520000000000001
    vertex 7.81274740567328 -2.48999999999986 -0.7468028873441688
    vertex 7.016660949154497 -2.48999999999986 -0.8051051021517657
  endloop
endfacet
facet normal -0 -1 0
  outer loop
    vertex 8.254895234299418 -2.48999999999986 -1.52
    vertex 7.81274740567328 -2.48999999999986 -0.7468028873441688
    vertex 7.429405710869481 -2.48999999999986 -1.520000000000001
  endloop
endfacet
facet normal -0 -1 0
  outer loop
    vertex -7.429405710869429 -2.48999999999986 -1.520000000000009
    vertex -7.811218749607271 -2.48999999999986 -0.7455952541551512
    vertex -8.25489523429937 -2.48999999999986 -1.520000000000009
  endloop
endfacet
facet normal -0 -1 0
  outer loop
    vertex 7.429405710869481 -2.48999999999986 -1.520000000000001
    vertex 7.016660949154497 -2.48999999999986 -0.8051051021517657
    vertex 6.60391618743954 -2.48999999999986 -1.520000000000001
  endloop
endfacet
facet normal -0 -1 0
  outer loop
    vertex 5.778426664009602 -2.48999999999986 -1.520000000000002
    vertex 5.365681902294638 -2.48999999999986 -0.8051051021517663
    vertex 4.952937140579662 -2.48999999999986 -1.520000000000002
  endloop
endfacet
facet normal -0 -1 0
  outer loop
    vertex 2.476468570289848 -2.48999999999986 -1.520000000000004
    vertex 2.063723808574883 -2.48999999999986 -0.8051051021517686
    vertex 1.650979046859908 -2.48999999999986 -1.520000000000004
  endloop
endfacet
facet normal -0 -1 0
  outer loop
    vertex -5.778426664009549 -2.48999999999986 -1.520000000000008
    vertex -6.19117142572452 -2.48999999999986 -0.8051051021517717
    vertex -6.60391618743949 -2.48999999999986 -1.520000000000009
  endloop
endfacet
facet normal -0 -1 0
  outer loop
    vertex -2.476468570289789 -2.48999999999986 -1.520000000000006
    vertex -2.889213332004761 -2.48999999999986 -0.8051051021517688
    vertex -3.30195809371973 -2.48999999999986 -1.520000000000007
  endloop
endfacet
facet normal -0 -1 0
  outer loop
    vertex 0.8254895234299697 -2.48999999999986 -1.520000000000004
    vertex 0.4127447617150022 -2.48999999999986 -0.8051051021517681
    vertex 3.019806626980426e-14 -2.48999999999986 -1.520000000000005
  endloop
endfacet
facet normal -0 -1 0
  outer loop
    vertex -0.8254895234299111 -2.48999999999986 -1.520000000000005
    vertex -1.238234285144879 -2.48999999999986 -0.8051051021517706
    vertex -1.650979046859848 -2.48999999999986 -1.520000000000006
  endloop
endfacet
facet normal -0 -1 0
  outer loop
    vertex -4.12744761714967 -2.48999999999986 -1.520000000000007
    vertex -4.540192378864643 -2.48999999999986 -0.8051051021517703
    vertex -4.952937140579611 -2.48999999999986 -1.520000000000008
  endloop
endfacet
facet normal -0 -1 0
  outer loop
    vertex 4.127447617149723 -2.48999999999986 -1.520000000000003
    vertex 3.714702855434751 -2.48999999999986 -0.8051051021517677
    vertex 3.301958093719784 -2.48999999999986 -1.520000000000003
  endloop
endfacet
facet normal 0 -1 -0
  outer loop
    vertex -7.5 -2.48999999999986 0.729999999999997
    vertex -7.916666666666666 -2.48999999999986 0.01718586640935049
    vertex -7.083333333333333 -2.48999999999986 0.00831216351296582
  endloop
endfacet
facet normal 0 -1 -0
  outer loop
    vertex -5.833333333333336 -2.48999999999986 0.729999999999997
    vertex -6.250000000000002 -2.48999999999986 0.01786720804071096
    vertex -5.416666666666668 -2.48999999999986 0.00831216351296582
  endloop
endfacet
facet normal 0 -1 0
  outer loop
    vertex -7.083333333333333 -2.48999999999986 0.00831216351296582
    vertex -6.250000000000002 -2.48999999999986 0.01786720804071096
    vertex -6.666666666666668 -2.48999999999986 0.729999999999997
  endloop
endfacet
facet normal 0 -1 0
  outer loop
    vertex -8.602676207695598 -2.48999999999986 -0.9022735427063688
    vertex -8.330006862203351 -2.48999999999986 -0.3754396277673553
    vertex -9.03496262606771 -2.48999999999986 -0.3642681053281449
  endloop
endfacet
facet normal 0 -1 0
  outer loop
    vertex 4.583333333333323 -2.48999999999986 0.00831216351296582
    vertex 5.416666666666684 -2.48999999999986 0.01814776047715827
    vertex 5 -2.48999999999986 0.729999999999997
  endloop
endfacet
facet normal 0 -1 -0
  outer loop
    vertex 5.833333333333332 -2.48999999999986 0.7299999999999971
    vertex 5.416666666666684 -2.48999999999986 0.01814776047715827
    vertex 6.249999999999998 -2.48999999999986 0.00831216351296582
  endloop
endfacet
facet normal 0 -1 0
  outer loop
    vertex -5.416666666666668 -2.48999999999986 0.00831216351296582
    vertex -4.583333333333333 -2.48999999999986 0.01838823399410494
    vertex -5 -2.48999999999986 0.729999999999997
  endloop
endfacet
facet normal 0 -1 -0
  outer loop
    vertex -4.166666666666668 -2.48999999999986 0.729999999999997
    vertex -4.583333333333333 -2.48999999999986 0.01838823399410494
    vertex -3.750000000000001 -2.48999999999986 0.008312163512965709
  endloop
endfacet
facet normal 0 -1 0
  outer loop
    vertex 2.916666666666671 -2.48999999999986 0.00831216351296582
    vertex 3.750000000000002 -2.48999999999986 0.01858862859156563
    vertex 3.333333333333332 -2.48999999999986 0.729999999999997
  endloop
endfacet
facet normal 0 -1 -0
  outer loop
    vertex 4.166666666666664 -2.48999999999986 0.729999999999997
    vertex 3.750000000000002 -2.48999999999986 0.01858862859156563
    vertex 4.583333333333323 -2.48999999999986 0.00831216351296582
  endloop
endfacet
facet normal 0 -1 -0
  outer loop
    vertex -2.5 -2.48999999999986 0.729999999999997
    vertex -2.916666666666669 -2.48999999999986 0.01874894426953178
    vertex -2.083333333333332 -2.48999999999986 0.00831216351296582
  endloop
endfacet
facet normal 0 -1 0
  outer loop
    vertex -3.750000000000001 -2.48999999999986 0.008312163512965709
    vertex -2.916666666666669 -2.48999999999986 0.01874894426953178
    vertex -3.333333333333335 -2.48999999999986 0.729999999999997
  endloop
endfacet
facet normal 0 -1 -0
  outer loop
    vertex 2.5 -2.48999999999986 0.729999999999997
    vertex 2.083333333333334 -2.48999999999986 0.01886918102801338
    vertex 2.916666666666671 -2.48999999999986 0.00831216351296582
  endloop
endfacet
facet normal 0 -1 0
  outer loop
    vertex 1.250000000000004 -2.48999999999986 0.00831216351296582
    vertex 2.083333333333334 -2.48999999999986 0.01886918102801338
    vertex 1.666666666666664 -2.48999999999986 0.729999999999997
  endloop
endfacet
facet normal 0 -1 -0
  outer loop
    vertex -0.8333333333333357 -2.48999999999986 0.729999999999997
    vertex -1.250000000000002 -2.48999999999986 0.01894933886698802
    vertex -0.4166666666666607 -2.48999999999986 0.00831216351296582
  endloop
endfacet
facet normal 0 -1 0
  outer loop
    vertex -2.083333333333332 -2.48999999999986 0.00831216351296582
    vertex -1.250000000000002 -2.48999999999986 0.01894933886698802
    vertex -1.666666666666668 -2.48999999999986 0.729999999999997
  endloop
endfacet
facet normal 0 -1 -0
  outer loop
    vertex 0.8333333333333321 -2.48999999999986 0.729999999999997
    vertex 0.4158822856763358 -2.48999999999986 0.1343038449748315
    vertex 1.250000000000004 -2.48999999999986 0.00831216351296582
  endloop
endfacet
facet normal 0 -1 0
  outer loop
    vertex -0.4166666666666607 -2.48999999999986 0.00831216351296582
    vertex 0.4158822856763358 -2.48999999999986 0.1343038449748315
    vertex 0 -2.48999999999986 0.729999999999997
  endloop
endfacet
facet normal 0 -1 0
  outer loop
    vertex 6.666666666666664 -2.48999999999986 0.729999999999997
    vertex 7.119742047004396 -2.48999999999986 0.007302395008615625
    vertex 7.5 -2.48999999999986 0.729999999999997
  endloop
endfacet
facet normal 0 -1 0
  outer loop
    vertex -7.429405710869429 -2.48999999999986 -1.520000000000009
    vertex -7.016660949154459 -2.48999999999986 -0.8101237425726315
    vertex -7.811218749607271 -2.48999999999986 -0.7455952541551512
  endloop
endfacet
facet normal 0 -1 0
  outer loop
    vertex -6.19117142572452 -2.48999999999986 -0.8051051021517717
    vertex -7.016660949154459 -2.48999999999986 -0.8101237425726315
    vertex -6.60391618743949 -2.48999999999986 -1.520000000000009
  endloop
endfacet
facet normal 0 -1 0
  outer loop
    vertex 5.778426664009602 -2.48999999999986 -1.520000000000002
    vertex 6.191171425724574 -2.48999999999986 -0.810445799049158
    vertex 5.365681902294638 -2.48999999999986 -0.8051051021517663
  endloop
endfacet
facet normal 0 -1 0
  outer loop
    vertex 7.016660949154497 -2.48999999999986 -0.8051051021517657
    vertex 6.191171425724574 -2.48999999999986 -0.810445799049158
    vertex 6.60391618743954 -2.48999999999986 -1.520000000000001
  endloop
endfacet
facet normal 0 -1 0
  outer loop
    vertex -4.540192378864643 -2.48999999999986 -0.8051051021517703
    vertex -5.365681902294581 -2.48999999999986 -0.8107275984661075
    vertex -4.952937140579611 -2.48999999999986 -1.520000000000008
  endloop
endfacet
facet normal 0 -1 0
  outer loop
    vertex -5.778426664009549 -2.48999999999986 -1.520000000000008
    vertex -5.365681902294581 -2.48999999999986 -0.8107275984661075
    vertex -6.19117142572452 -2.48999999999986 -0.8051051021517717
  endloop
endfacet
facet normal 0 -1 0
  outer loop
    vertex 5.365681902294638 -2.48999999999986 -0.8051051021517663
    vertex 4.540192378864685 -2.48999999999986 -0.8109691408235009
    vertex 4.952937140579662 -2.48999999999986 -1.520000000000002
  endloop
endfacet
facet normal 0 -1 0
  outer loop
    vertex 4.127447617149723 -2.48999999999986 -1.520000000000003
    vertex 4.540192378864685 -2.48999999999986 -0.8109691408235009
    vertex 3.714702855434751 -2.48999999999986 -0.8051051021517677
  endloop
endfacet
facet normal 0 -1 0
  outer loop
    vertex -4.12744761714967 -2.48999999999986 -1.520000000000007
    vertex -3.714702855434697 -2.48999999999986 -0.8111704261213242
    vertex -4.540192378864643 -2.48999999999986 -0.8051051021517703
  endloop
endfacet
facet normal 0 -1 0
  outer loop
    vertex -2.889213332004761 -2.48999999999986 -0.8051051021517688
    vertex -3.714702855434697 -2.48999999999986 -0.8111704261213242
    vertex -3.30195809371973 -2.48999999999986 -1.520000000000007
  endloop
endfacet
facet normal 0 -1 0
  outer loop
    vertex 2.476468570289848 -2.48999999999986 -1.520000000000004
    vertex 2.889213332004822 -2.48999999999986 -0.8113314543595864
    vertex 2.063723808574883 -2.48999999999986 -0.8051051021517686
  endloop
endfacet
facet normal 0 -1 0
  outer loop
    vertex 3.714702855434751 -2.48999999999986 -0.8051051021517677
    vertex 2.889213332004822 -2.48999999999986 -0.8113314543595864
    vertex 3.301958093719784 -2.48999999999986 -1.520000000000003
  endloop
endfacet
facet normal 0 -1 0
  outer loop
    vertex -1.238234285144879 -2.48999999999986 -0.8051051021517706
    vertex -2.063723808574823 -2.48999999999986 -0.8114522255382763
    vertex -1.650979046859848 -2.48999999999986 -1.520000000000006
  endloop
endfacet
facet normal 0 -1 0
  outer loop
    vertex -2.476468570289789 -2.48999999999986 -1.520000000000006
    vertex -2.063723808574823 -2.48999999999986 -0.8114522255382763
    vertex -2.889213332004761 -2.48999999999986 -0.8051051021517688
  endloop
endfacet
facet normal 0 -1 0
  outer loop
    vertex 2.063723808574883 -2.48999999999986 -0.8051051021517686
    vertex 1.240587428115953 -2.48999999999986 -0.9283796081581162
    vertex 1.650979046859908 -2.48999999999986 -1.520000000000004
  endloop
endfacet
facet normal 0 -1 0
  outer loop
    vertex 0.8254895234299697 -2.48999999999986 -1.520000000000004
    vertex 1.240587428115953 -2.48999999999986 -0.9283796081581162
    vertex 0.4127447617150022 -2.48999999999986 -0.8051051021517681
  endloop
endfacet
facet normal 0 -1 0
  outer loop
    vertex 0.4127447617150022 -2.48999999999986 -0.8051051021517681
    vertex -0.4135291427052845 -2.48999999999986 -0.9283796081581166
    vertex 3.019806626980426e-14 -2.48999999999986 -1.520000000000005
  endloop
endfacet
facet normal 0 -1 0
  outer loop
    vertex -0.8254895234299111 -2.48999999999986 -1.520000000000005
    vertex -0.4135291427052845 -2.48999999999986 -0.9283796081581166
    vertex -1.238234285144879 -2.48999999999986 -0.8051051021517706
  endloop
endfacet
facet normal -0 -1 0
  outer loop
    vertex -6.60391618743949 -2.48999999999986 -1.520000000000009
    vertex -7.016660949154459 -2.48999999999986 -0.8101237425726315
    vertex -7.429405710869429 -2.48999999999986 -1.520000000000009
  endloop
endfacet
facet normal -0 -1 0
  outer loop
    vertex 6.60391618743954 -2.48999999999986 -1.520000000000001
    vertex 6.191171425724574 -2.48999999999986 -0.810445799049158
    vertex 5.778426664009602 -2.48999999999986 -1.520000000000002
  endloop
endfacet
facet normal -0 -1 0
  outer loop
    vertex -4.952937140579611 -2.48999999999986 -1.520000000000008
    vertex -5.365681902294581 -2.48999999999986 -0.8107275984661075
    vertex -5.778426664009549 -2.48999999999986 -1.520000000000008
  endloop
endfacet
facet normal -0 -1 0
  outer loop
    vertex 4.952937140579662 -2.48999999999986 -1.520000000000002
    vertex 4.540192378864685 -2.48999999999986 -0.8109691408235009
    vertex 4.127447617149723 -2.48999999999986 -1.520000000000003
  endloop
endfacet
facet normal 0 -1 0
  outer loop
    vertex -8.333333333333332 -2.48999999999986 0.729999999999997
    vertex -7.916666666666666 -2.48999999999986 0.01718586640935049
    vertex -7.5 -2.48999999999986 0.729999999999997
  endloop
endfacet
facet normal 0 -1 0
  outer loop
    vertex -3.30195809371973 -2.48999999999986 -1.520000000000007
    vertex -3.714702855434697 -2.48999999999986 -0.8111704261213242
    vertex -4.12744761714967 -2.48999999999986 -1.520000000000007
  endloop
endfacet
facet normal -0 -1 0
  outer loop
    vertex 3.301958093719784 -2.48999999999986 -1.520000000000003
    vertex 2.889213332004822 -2.48999999999986 -0.8113314543595864
    vertex 2.476468570289848 -2.48999999999986 -1.520000000000004
  endloop
endfacet
facet normal -0 -1 0
  outer loop
    vertex -1.650979046859848 -2.48999999999986 -1.520000000000006
    vertex -2.063723808574823 -2.48999999999986 -0.8114522255382763
    vertex -2.476468570289789 -2.48999999999986 -1.520000000000006
  endloop
endfacet
facet normal -0 -1 0
  outer loop
    vertex 1.650979046859908 -2.48999999999986 -1.520000000000004
    vertex 1.240587428115953 -2.48999999999986 -0.9283796081581162
    vertex 0.8254895234299697 -2.48999999999986 -1.520000000000004
  endloop
endfacet
facet normal -0 -1 0
  outer loop
    vertex 3.019806626980426e-14 -2.48999999999986 -1.520000000000005
    vertex -0.4135291427052845 -2.48999999999986 -0.9283796081581166
    vertex -0.8254895234299111 -2.48999999999986 -1.520000000000005
  endloop
endfacet
facet normal 0 -1 0
  outer loop
    vertex -6.666666666666668 -2.48999999999986 0.729999999999997
    vertex -6.250000000000002 -2.48999999999986 0.01786720804071096
    vertex -5.833333333333336 -2.48999999999986 0.729999999999997
  endloop
endfacet
facet normal 0 -1 0
  outer loop
    vertex 5 -2.48999999999986 0.729999999999997
    vertex 5.416666666666684 -2.48999999999986 0.01814776047715827
    vertex 5.833333333333332 -2.48999999999986 0.7299999999999971
  endloop
endfacet
facet normal 0 -1 0
  outer loop
    vertex -5 -2.48999999999986 0.729999999999997
    vertex -4.583333333333333 -2.48999999999986 0.01838823399410494
    vertex -4.166666666666668 -2.48999999999986 0.729999999999997
  endloop
endfacet
facet normal 0 -1 0
  outer loop
    vertex 3.333333333333332 -2.48999999999986 0.729999999999997
    vertex 3.750000000000002 -2.48999999999986 0.01858862859156563
    vertex 4.166666666666664 -2.48999999999986 0.729999999999997
  endloop
endfacet
facet normal 0 -1 0
  outer loop
    vertex -3.333333333333335 -2.48999999999986 0.729999999999997
    vertex -2.916666666666669 -2.48999999999986 0.01874894426953178
    vertex -2.5 -2.48999999999986 0.729999999999997
  endloop
endfacet
facet normal 0 -1 0
  outer loop
    vertex 1.666666666666664 -2.48999999999986 0.729999999999997
    vertex 2.083333333333334 -2.48999999999986 0.01886918102801338
    vertex 2.5 -2.48999999999986 0.729999999999997
  endloop
endfacet
facet normal 0 -1 0
  outer loop
    vertex -1.666666666666668 -2.48999999999986 0.729999999999997
    vertex -1.250000000000002 -2.48999999999986 0.01894933886698802
    vertex -0.8333333333333357 -2.48999999999986 0.729999999999997
  endloop
endfacet
facet normal 0 -1 0
  outer loop
    vertex 0 -2.48999999999986 0.729999999999997
    vertex 0.4158822856763358 -2.48999999999986 0.1343038449748315
    vertex 0.8333333333333321 -2.48999999999986 0.729999999999997
  endloop
endfacet
facet normal 0 -1 0
  outer loop
    vertex 8.333333333333332 -2.48999999999986 0.729999999999997
    vertex 8.597635569849176 -2.48999999999986 0.09627980827546301
    vertex 9.166666666666664 -2.48999999999986 0.729999999999997
  endloop
endfacet
facet normal 0 -1 0
  outer loop
    vertex -9.166666666666668 -2.48999999999986 0.729999999999997
    vertex -8.598423492725303 -2.48999999999986 0.09685909847851559
    vertex -8.333333333333332 -2.48999999999986 0.729999999999997
  endloop
endfacet
facet normal 0 -1 0
  outer loop
    vertex 8.597635569849176 -2.48999999999986 0.09627980827546301
    vertex 9.18920695937368 -2.48999999999986 0.129699417427636
    vertex 9.166666666666664 -2.48999999999986 0.729999999999997
  endloop
endfacet
facet normal 0 -1 -0
  outer loop
    vertex 8.597635569849176 -2.48999999999986 0.09627980827546301
    vertex 8.333376589623166 -2.48999999999986 -0.3765709727266062
    vertex 9.035364194982391 -2.48999999999986 -0.3644044980285093
  endloop
endfacet
facet normal 0 -1 -0
  outer loop
    vertex -9.166666666666668 -2.48999999999986 0.729999999999997
    vertex -9.189246383247307 -2.48999999999986 0.1297724462953167
    vertex -8.598423492725303 -2.48999999999986 0.09685909847851559
  endloop
endfacet
facet normal 0 -1 0
  outer loop
    vertex -9.03496262606771 -2.48999999999986 -0.3642681053281449
    vertex -8.330006862203351 -2.48999999999986 -0.3754396277673553
    vertex -8.598423492725303 -2.48999999999986 0.09685909847851559
  endloop
endfacet
facet normal 0 -1 0
  outer loop
    vertex -9.6 -2.48999999999986 -0.07000000000000291
    vertex -9.589382470814558 -2.48999999999986 0.3654071592217473
    vertex -10 -2.48999999999986 0.3299999999999971
  endloop
endfacet
facet normal -0 -1 0
  outer loop
    vertex 10 -2.48999999999986 0.3299999999999971
    vertex 9.589382470814554 -2.48999999999986 0.3654071592217532
    vertex 9.6 -2.48999999999986 -0.07000000000000291
  endloop
endfacet
facet normal 0 -1 0
  outer loop
    vertex 8.254895234299418 -2.48999999999986 -1.52
    vertex 8.603746642805737 -2.48999999999986 -0.9025953174113186
    vertex 7.81274740567328 -2.48999999999986 -0.7468028873441688
  endloop
endfacet
facet normal 0 -1 0
  outer loop
    vertex -7.811218749607271 -2.48999999999986 -0.7455952541551512
    vertex -8.602676207695598 -2.48999999999986 -0.9022735427063688
    vertex -8.25489523429937 -2.48999999999986 -1.520000000000009
  endloop
endfacet
facet normal 0 -1 0
  outer loop
    vertex 9.080384757729361 -2.48999999999986 -1.52
    vertex 9.079873898879372 -2.48999999999986 -0.8517499538599587
    vertex 8.603746642805737 -2.48999999999986 -0.9025953174113186
  endloop
endfacet
facet normal -0 -1 0
  outer loop
    vertex -8.602676207695598 -2.48999999999986 -0.9022735427063688
    vertex -9.079505897873155 -2.48999999999986 -0.8516354120086318
    vertex -9.080384757729311 -2.48999999999986 -1.52000000000001
  endloop
endfacet
facet normal 0 -1 -0
  outer loop
    vertex 9.6 -2.48999999999986 -0.07000000000000291
    vertex 9.035364194982391 -2.48999999999986 -0.3644044980285093
    vertex 9.6 -2.48999999999986 -0.620000000000007
  endloop
endfacet
facet normal 0 -1 0
  outer loop
    vertex -9.6 -2.48999999999986 -0.620000000000003
    vertex -9.03496262606771 -2.48999999999986 -0.3642681053281449
    vertex -9.6 -2.48999999999986 -0.07000000000000291
  endloop
endfacet
facet normal 0 -1 0
  outer loop
    vertex 7.916666666666666 -2.48999999999986 0.00831216351296582
    vertex 8.597635569849176 -2.48999999999986 0.09627980827546301
    vertex 8.333333333333332 -2.48999999999986 0.729999999999997
  endloop
endfacet
facet normal 0 -1 0
  outer loop
    vertex 8.603746642805737 -2.48999999999986 -0.9025953174113186
    vertex 9.079873898879372 -2.48999999999986 -0.8517499538599587
    vertex 9.035364194982391 -2.48999999999986 -0.3644044980285093
  endloop
endfacet
facet normal 0 -1 -0
  outer loop
    vertex -9.03496262606771 -2.48999999999986 -0.3642681053281449
    vertex -9.079505897873155 -2.48999999999986 -0.8516354120086318
    vertex -8.602676207695598 -2.48999999999986 -0.9022735427063688
  endloop
endfacet
facet normal 0 -1 -0
  outer loop
    vertex -8.333333333333332 -2.48999999999986 0.729999999999997
    vertex -8.598423492725303 -2.48999999999986 0.09685909847851559
    vertex -7.916666666666666 -2.48999999999986 0.01718586640935049
  endloop
endfacet
facet normal 0 -1 0
  outer loop
    vertex 7.81274740567328 -2.48999999999986 -0.7468028873441688
    vertex 8.333376589623166 -2.48999999999986 -0.3765709727266062
    vertex 7.916666666666666 -2.48999999999986 0.00831216351296582
  endloop
endfacet
facet normal 0 -1 -0
  outer loop
    vertex -7.916666666666666 -2.48999999999986 0.01718586640935049
    vertex -8.330006862203351 -2.48999999999986 -0.3754396277673553
    vertex -7.811218749607271 -2.48999999999986 -0.7455952541551512
  endloop
endfacet
facet normal 0 -1 0
  outer loop
    vertex 9.035364194982391 -2.48999999999986 -0.3644044980285093
    vertex 9.079873898879372 -2.48999999999986 -0.8517499538599587
    vertex 9.6 -2.48999999999986 -0.620000000000007
  endloop
endfacet
facet normal 0 -1 0
  outer loop
    vertex -9.6 -2.48999999999986 -0.620000000000003
    vertex -9.079505897873155 -2.48999999999986 -0.8516354120086318
    vertex -9.03496262606771 -2.48999999999986 -0.3642681053281449
  endloop
endfacet
facet normal 0 -1 0
  outer loop
    vertex 9.035364194982391 -2.48999999999986 -0.3644044980285093
    vertex 9.18920695937368 -2.48999999999986 0.129699417427636
    vertex 8.597635569849176 -2.48999999999986 0.09627980827546301
  endloop
endfacet
facet normal -0 -1 0
  outer loop
    vertex -8.598423492725303 -2.48999999999986 0.09685909847851559
    vertex -9.189246383247307 -2.48999999999986 0.1297724462953167
    vertex -9.03496262606771 -2.48999999999986 -0.3642681053281449
  endloop
endfacet
facet normal 0 -1 0
  outer loop
    vertex 8.603746642805737 -2.48999999999986 -0.9025953174113186
    vertex 8.333376589623166 -2.48999999999986 -0.3765709727266062
    vertex 7.81274740567328 -2.48999999999986 -0.7468028873441688
  endloop
endfacet
facet normal -0 -1 0
  outer loop
    vertex -7.811218749607271 -2.48999999999986 -0.7455952541551512
    vertex -8.330006862203351 -2.48999999999986 -0.3754396277673553
    vertex -8.602676207695598 -2.48999999999986 -0.9022735427063688
  endloop
endfacet
facet normal -0 -1 0
  outer loop
    vertex 9.6 -2.48999999999986 -0.07000000000000291
    vertex 9.18920695937368 -2.48999999999986 0.129699417427636
    vertex 9.035364194982391 -2.48999999999986 -0.3644044980285093
  endloop
endfacet
facet normal 0 -1 0
  outer loop
    vertex -9.03496262606771 -2.48999999999986 -0.3642681053281449
    vertex -9.189246383247307 -2.48999999999986 0.1297724462953167
    vertex -9.6 -2.48999999999986 -0.07000000000000291
  endloop
endfacet
facet normal 0 -1 0
  outer loop
    vertex 7.916666666666666 -2.48999999999986 0.00831216351296582
    vertex 8.333376589623166 -2.48999999999986 -0.3765709727266062
    vertex 8.597635569849176 -2.48999999999986 0.09627980827546301
  endloop
endfacet
facet normal 0 -1 0
  outer loop
    vertex -8.598423492725303 -2.48999999999986 0.09685909847851559
    vertex -8.330006862203351 -2.48999999999986 -0.3754396277673553
    vertex -7.916666666666666 -2.48999999999986 0.01718586640935049
  endloop
endfacet
facet normal 0 -1 0
  outer loop
    vertex 9.166666666666664 -2.48999999999986 0.729999999999997
    vertex 9.18920695937368 -2.48999999999986 0.129699417427636
    vertex 9.589382470814554 -2.48999999999986 0.3654071592217532
  endloop
endfacet
facet normal 0 -1 0
  outer loop
    vertex -9.589382470814558 -2.48999999999986 0.3654071592217473
    vertex -9.189246383247307 -2.48999999999986 0.1297724462953167
    vertex -9.166666666666668 -2.48999999999986 0.729999999999997
  endloop
endfacet
facet normal 0 -1 -0
  outer loop
    vertex 9.589382470814554 -2.48999999999986 0.3654071592217532
    vertex 9.18920695937368 -2.48999999999986 0.129699417427636
    vertex 9.6 -2.48999999999986 -0.07000000000000291
  endloop
endfacet
facet normal 0 -1 0
  outer loop
    vertex -9.6 -2.48999999999986 -0.07000000000000291
    vertex -9.189246383247307 -2.48999999999986 0.1297724462953167
    vertex -9.589382470814558 -2.48999999999986 0.3654071592217473
  endloop
endfacet
facet normal 0 -1 0
  outer loop
    vertex 9.6 -2.48999999999986 -0.620000000000007
    vertex 9.079873898879372 -2.48999999999986 -0.8517499538599587
    vertex 9.080384757729361 -2.48999999999986 -1.52
  endloop
endfacet
facet normal 0 -1 0
  outer loop
    vertex -9.080384757729311 -2.48999999999986 -1.52000000000001
    vertex -9.079505897873155 -2.48999999999986 -0.8516354120086318
    vertex -9.6 -2.48999999999986 -0.620000000000003
  endloop
endfacet
endsolid Created by Gmsh
