10001 0
0.0 1.840914757025628E-01
0.1 2.400279913114187E-01
0.2 2.963525959864055E-01
0.3 3.529774469264484E-01
0.4 4.097342804158001E-01
0.5 4.663438055949051E-01
0.6 5.223918603210522E-01
0.7 5.773157848361025E-01
0.8 6.304036880035148E-01
0.9 6.808081926610886E-01
1.0 7.275749453544871E-01
1.1 7.696847787113767E-01
1.2 8.061070518167709E-01
1.3 8.358604954483057E-01
1.4 8.580769733988395E-01
1.5 8.720630336269108E-01
1.6 8.773540263071591E-01
1.7 8.737559335631371E-01
1.8 8.613708692225089E-01
1.9 8.406034065962693E-01
2.0 8.121463818019770E-01
2.1 7.769464749186320E-01
2.2 7.361515491794051E-01
2.3 6.910432825095437E-01
2.4 6.429599173909486E-01
2.5 5.932148666578171E-01
2.6 5.430173586196736E-01
2.7 4.934012390144470E-01
2.8 4.451674683259623E-01
2.9 3.988448045915698E-01
3.0 3.546717291312778E-01
3.1 3.126009750556390E-01
3.2 2.723261992183219E-01
3.3 2.333285520010977E-01
3.4 1.949392981038584E-01
3.5 1.564133616584083E-01
3.6 1.170078188667297E-01
3.7 7.605901185797397E-02
3.8 3.305213573167350E-02
3.9 -1.232216201176935E-02
4.0 -6.012849721408921E-02
4.1 -1.101676295781239E-01
4.2 -1.619786652753477E-01
4.3 -2.148619800327194E-01
4.4 -2.679205872689381E-01
4.5 -3.201162293523628E-01
4.6 -3.703353710105289E-01
4.7 -4.174596099120227E-01
4.8 -4.604348380749106E-01
4.9 -4.983337929693499E-01
5.0 -5.304073895564665E-01
5.1 -5.561213455363055E-01
5.2 -5.751759919707137E-01
5.3 -5.875086696863548E-01
5.4 -5.932796095426273E-01
5.5 -5.928435474051360E-01
5.6 -5.867104149974199E-01
5.7 -5.754991856421972E-01
5.8 -5.598892844490851E-01
5.9 -5.405738806366600E-01
6.0 -5.182188905442006E-01
6.1 -4.934306956875429E-01
6.2 -4.667345134756736E-01
6.3 -4.385641622887395E-01
6.4 -4.092627603363105E-01
6.5 -3.790928092030656E-01
6.6 -3.482532439962469E-01
6.7 -3.169004637290315E-01
6.8 -2.851701369942040E-01
6.9 -2.531967214733097E-01
7.0 -2.211281163766889E-01
7.1 -1.891336250648378E-01
7.2 -1.574043532978207E-01
7.3 -1.261462002215160E-01
7.4 -9.556659969941819E-02
7.5 -6.585702799620376E-02
7.6 -3.717391422655354E-02
7.7 -9.620901432868846E-03
7.8 1.676463000148446E-02
7.9 4.201825080749587E-02
8.0 6.624655811652062E-02
8.1 8.961575934388594E-02
8.2 1.123309831766285E-01
8.3 1.346076688035109E-01
8.4 1.566374323582332E-01
8.5 1.785516573345842E-01
8.6 2.003866054020035E-01
8.7 2.220540249126855E-01
8.8 2.433210108237766E-01
8.9 2.638022455753263E-01
9.0 2.829667695154759E-01
9.1 3.001601723430901E-01
9.2 3.146416741726056E-01
9.3 3.256341065576011E-01
9.4 3.323834483694730E-01
9.5 3.342234519267653E-01
9.6 3.306401264279467E-01
9.7 3.213305145595431E-01
9.8 3.062503521399924E-01
9.9 2.856458444485614E-01
10.0 2.600658863078792E-01
10.1 2.303525137803265E-01
10.2 1.976090858129146E-01
10.3 1.631475112281247E-01
10.4 1.284176041224533E-01
10.5 9.492321399073669E-02
10.6 6.413099567718535E-02
10.7 3.737844622505024E-02
10.8 1.578806666261609E-02
10.9 1.941777591981803E-04
11.0 -8.911950847783970E-03
11.1 -1.141434260238186E-02
11.2 -7.579321546517017E-03
11.3 1.963384289466048E-03
11.4 1.626411238906737E-02
11.5 3.411807779308500E-02
11.6 5.414665859705776E-02
11.7 7.488904383194496E-02
11.8 9.489738968940709E-02
11.9 1.128284453981035E-01
12.0 1.275249950141476E-01
12.1 1.380813784969794E-01
12.2 1.438887220458665E-01
12.3 1.446572034727290E-01
12.4 1.404145562789118E-01
12.5 1.314819153087479E-01
12.6 1.184298671498340E-01
12.7 1.020190442132409E-01
12.8 8.313067421218820E-02
12.9 6.269308531502840E-02
13.0 4.161023408365658E-02
13.1 2.069787724105368E-02
13.2 6.321028421509920E-04
13.3 -1.808633588874692E-02
13.4 -3.514995736930083E-02
13.5 -5.044445229788820E-02
13.6 -6.403181811904213E-02
13.7 -7.611939273323104E-02
13.8 -8.701854882786543E-02
13.9 -9.709751919528649E-02
14.0 -1.067330956969016E-01
14.1 -1.162657718127552E-01
14.2 -1.259623137990089E-01
14.3 -1.359888182374278E-01
14.4 -1.463961437030544E-01
14.5 -1.571183104890324E-01
14.6 -1.679831718300641E-01
14.7 -1.787334956474226E-01
14.8 -1.890556645528779E-01
14.9 -1.986125852376485E-01
15.0 -2.070771453091414E-01
15.1 -2.141626784308712E-01
15.2 -2.196473726869736E-01
15.3 -2.233903241791479E-01
15.4 -2.253379124468463E-01
15.5 -2.255202525016242E-01
15.6 -2.240385483838686E-01
15.7 -2.210451267796458E-01
15.8 -2.167186718807188E-01
15.9 -2.112376428351445E-01
16.0 -2.047549910288961E-01
16.1 -1.973770976766858E-01
16.2 -1.891493481736928E-01
16.3 -1.800500045738266E-01
16.4 -1.699931124645418E-01
16.5 -1.588401809369757E-01
16.6 -1.464194084053509E-01
16.7 -1.325503928966343E-01
16.8 -1.170716493565944E-01
16.9 -9.986792222953955E-02
17.0 -8.089426397275724E-02
17.1 -6.019415192817705E-02
17.2 -3.790950730347708E-02
17.3 -1.428130166871675E-02
17.4 1.035959443411822E-02
17.5 3.561064753802731E-02
17.6 6.102334430587369E-02
17.7 8.613387265961353E-02
17.8 1.104957782260961E-01
17.9 1.337112982832792E-01
18.0 1.554581311854853E-01
18.1 1.755087854133596E-01
18.2 1.937403357088414E-01
18.3 2.101333312687358E-01
18.4 2.247596659364515E-01
18.5 2.377603304756563E-01
18.6 2.493150143400986E-01
18.7 2.596064055763658E-01
18.8 2.687826640263360E-01
18.9 2.769218496069479E-01
19.0 2.840020387177874E-01
19.1 2.898804557778147E-01
19.2 2.942842154249272E-01
19.3 2.968142770443717E-01
19.4 2.969630454176671E-01
19.5 2.941448150051905E-01
19.6 2.877370636852340E-01
19.7 2.771295645073020E-01
19.8 2.617774975891727E-01
19.9 2.412542826533417E-01
20.0 2.152997604316894E-01
20.1 1.838596392712182E-01
20.2 1.471127681386380E-01
20.3 1.054837428102065E-01
20.4 5.963951508768194E-02
20.5 1.046995264966164E-02
20.6 -4.094642309978702E-02
20.7 -9.338912439100015E-02
20.8 -1.455514553202900E-01
20.9 -1.961013225450832E-01
21.0 -2.437427636999916E-01
21.1 -2.872739124106218E-01
21.2 -3.256375308173141E-01
21.3 -3.579609671367179E-01
21.4 -3.835833653094398E-01
21.5 -4.020690737082936E-01
21.6 -4.132073657812219E-01
21.7 -4.169996909165073E-01
21.8 -4.136366202380403E-01
21.9 -4.034673580130370E-01
22.0 -3.869650978609789E-01
22.1 -3.646915863585210E-01
22.2 -3.372640187994969E-01
22.3 -3.053268672110259E-01
22.4 -2.695304903843487E-01
22.5 -2.305174811563783E-01
22.6 -1.889167611150817E-01
22.7 -1.453445337811007E-01
22.8 -1.004104440107062E-01
22.9 -5.472673843694043E-02
23.0 -8.917931371726615E-03
23.1 3.637152236070283E-02
23.2 8.047376616102728E-02
23.3 1.226999805084025E-01
23.4 1.623496886512928E-01
23.5 1.987270592199411E-01
23.6 2.311634726110415E-01
23.7 2.590448186496422E-01
23.8 2.818413412765560E-01
23.9 2.991374104193745E-01
24.0 3.106584284346546E-01
24.1 3.162921886813487E-01
24.2 3.161023885324790E-01
24.3 3.103326224584125E-01
24.4 2.993999827008990E-01
24.5 2.838782974352334E-01
24.6 2.644719508357106E-01
24.7 2.419820662585097E-01
24.8 2.172675104033342E-01
24.9 1.912036260075075E-01
25.0 1.646417788560414E-01
25.1 1.383726939162296E-01
25.2 1.130961660771790E-01
25.3 8.939910173956463E-02
25.4 6.774304066429201E-02
25.5 4.846140310148381E-02
25.6 3.176579518205604E-02
25.7 1.775987669848700E-02
25.8 6.458632448951661E-03
25.9 -2.189542426515250E-03
26.0 -8.280688069742853E-03
26.1 -1.193566592446868E-02
26.2 -1.328528205325694E-02
26.3 -1.246169725578358E-02
26.4 -9.596857745013603E-03
26.5 -4.827780502585993E-03
26.6 1.692361910108329E-03
26.7 9.779196780956807E-03
26.8 1.920058069611054E-02
26.9 2.966127274940517E-02
27.0 4.079165622785463E-02
27.1 5.214303425121480E-02
27.2 6.319144973478052E-02
27.3 7.335115785286067E-02
27.4 8.199788502638264E-02
27.5 8.850093703802044E-02
27.6 9.226217567423174E-02
27.7 9.275897456209121E-02
27.8 8.958758734543387E-02
27.9 8.250299264292710E-02
28.0 7.145127086113140E-02
28.1 5.659093572954717E-02
28.2 3.830037093215315E-02
28.3 1.716955736821630E-02
28.4 -6.024463357183994E-03
28.5 -3.035756516649620E-02
28.6 -5.481175366550600E-02
28.7 -7.833817416572905E-02
28.8 -9.992545994550732E-02
28.9 -1.186683088829777E-01
29.0 -1.338309303816652E-01
29.1 -1.449002079942873E-01
29.2 -1.516240729582564E-01
29.3 -1.540316370009652E-01
29.4 -1.524330096421062E-01
29.5 -1.473983159003010E-01
29.6 -1.397171037205865E-01
29.7 -1.303409454905068E-01
29.8 -1.203134558286655E-01
29.9 -1.106930439378646E-01
30.0 -1.024743942317439E-01
30.1 -9.651485916140803E-02
30.2 -9.347162922274183E-02
30.3 -9.375473618987404E-02
30.4 -9.749970786723951E-02
30.5 -1.045621244522087E-01
30.6 -1.145345554562872E-01
30.7 -1.267845280388271E-01
30.8 -1.405104447334145E-01
30.9 -1.548108763247499E-01
31.0 -1.687615303489464E-01
31.1 -1.814935336657785E-01
31.2 -1.922665268494490E-01
31.3 -2.005304635108043E-01
31.4 -2.059709091462783E-01
31.5 -2.085339694703652E-01
31.6 -2.084286389027241E-01
31.7 -2.061062101917937E-01
31.8 -2.022182744218947E-01
31.9 -1.975566119971249E-01
32.0 -1.929797844062888E-01
32.1 -1.893323601150765E-01
32.2 -1.873633541086337E-01
32.3 -1.876505769999632E-01
32.4 -1.905371672030716E-01
32.5 -1.960856532953950E-01
32.6 -2.040535389270006E-01
32.7 -2.138927292509430E-01
32.8 -2.247732605791676E-01
32.9 -2.356299022825275E-01
33.0 -2.452284218626996E-01
33.1 -2.522467800144668E-01
33.2 -2.553653700110876E-01
33.3 -2.533597216110573E-01
33.4 -2.451889032179541E-01
33.5 -2.300731857914961E-01
33.6 -2.075553458559408E-01
33.7 -1.775412133423175E-01
33.8 -1.403166122910903E-01
33.9 -9.653957553473706E-02
34.0 -4.720850307788528E-02
34.1 6.391358526851550E-03
34.2 6.275923891155578E-02
34.3 1.202629079117987E-01
34.4 1.772296323127906E-01
34.5 2.320378330839843E-01
34.6 2.832033637451836E-01
34.7 3.294548772961717E-01
34.8 3.697936750015983E-01
34.9 4.035346536645745E-01
35.0 4.303263878402698E-01
35.1 4.501498878946704E-01
35.2 4.632970503122755E-01
35.3 4.703311566880440E-01
35.4 4.720328908505658E-01
35.5 4.693361592981678E-01
35.6 4.632584739828846E-01
35.7 4.548307716230228E-01
35.8 4.450313109497721E-01
35.9 4.347277446744848E-01
36.0 4.246306636929403E-01
36.1 4.152609298368755E-01
36.2 4.069320321053689E-01
36.3 3.997476037822296E-01
36.4 3.936132039161045E-01
36.5 3.882605659969270E-01
36.6 3.832818043348515E-01
36.7 3.781705818626885E-01
36.8 3.723669997370181E-01
36.9 3.653029678647740E-01
37.0 3.564450373371394E-01
37.1 3.453320869011208E-01
37.2 3.316058111795054E-01
37.3 3.150326067618969E-01
37.4 2.955161396637601E-01
37.5 2.731005521043888E-01
37.6 2.479648819088325E-01
37.7 2.204097865475569E-01
37.8 1.908380589596302E-01
37.9 1.597306785102053E-01
38.0 1.276202539138747E-01
38.1 9.506369255552907E-02
38.2 6.261578820755562E-02
38.3 3.080517938490052E-02
38.4 1.138206381703762E-04
38.5 -2.903924194996437E-02
38.6 -5.630936322306575E-02
38.7 -8.143298103503589E-02
38.8 -1.042297229308392E-01
38.9 -1.246004322645133E-01
39.0 -1.425218034837029E-01
39.1 -1.580384404257242E-01
39.2 -1.712532044593527E-01
39.3 -1.823167056030714E-01
39.4 -1.914167176976453E-01
39.5 -1.987681795582460E-01
39.6 -2.046042908940341E-01
39.7 -2.091690386423418E-01
39.8 -2.127113101586460E-01
39.9 -2.154805775469248E-01
40.0 -2.177239839566533E-01
40.1 -2.196845375959582E-01
40.2 -2.216000298641196E-01
40.3 -2.237022451566622E-01
40.4 -2.262160235858192E-01
40.5 -2.293577733719439E-01
40.6 -2.333331035877538E-01
40.7 -2.383333543501799E-01
40.8 -2.445309323006001E-01
40.9 -2.520735043327352E-01
41.0 -2.610772507935594E-01
41.1 -2.716195189713460E-01
41.2 -2.837313369319968E-01
41.3 -2.973903359891208E-01
41.4 -3.125146784271657E-01
41.5 -3.289585892652417E-01
41.6 -3.465100438207014E-01
41.7 -3.648910672778447E-01
41.8 -3.837609629633789E-01
41.9 -4.027226109523137E-01
42.0 -4.213317797248108E-01
42.1 -4.391091852387713E-01
42.2 -4.555548299429011E-01
42.3 -4.701639752510327E-01
42.4 -4.824439601452842E-01
42.5 -4.919309888232574E-01
42.6 -4.982059810027415E-01
42.7 -5.009086144102930E-01
42.8 -4.997487896505557E-01
42.9 -4.945149072077045E-01
43.0 -4.850785537560737E-01
43.1 -4.713954348608164E-01
43.2 -4.535026449446213E-01
43.3 -4.315126128298338E-01
43.4 -4.056042820552804E-01
43.5 -3.760122611979058E-01
43.6 -3.430147958327001E-01
43.7 -3.069214607286357E-01
43.8 -2.680614445364413E-01
43.9 -2.267732021178963E-01
44.0 -1.833960906228586E-01
44.1 -1.382643988357227E-01
44.2 -9.170394389896773E-02
44.3 -4.403116661514406E-02
44.4 4.445571871509289E-03
44.5 5.342298251287696E-02
44.6 1.025987613817758E-01
44.7 1.516671311808822E-01
44.8 2.003147250374930E-01
44.9 2.482174626020850E-01
45.0 2.950389425962773E-01
45.1 3.404307016270801E-01
45.2 3.840344846249167E-01
45.3 4.254864588714422E-01
45.4 4.644231031965292E-01
45.5 5.004883369898854E-01
45.6 5.333413370438062E-01
45.7 5.626644354163746E-01
45.8 5.881705033885284E-01
45.9 6.096093029402037E-01
46.0 6.267724187662983E-01
46.1 6.394965553937287E-01
46.2 6.476651756351681E-01
46.3 6.512086461695792E-01
46.4 6.501032211493449E-01
46.5 6.443693154390570E-01
46.6 6.340695800379108E-01
46.7 6.193072844904901E-01
46.8 6.002254333061943E-01
46.9 5.770069022331150E-01
47.0 5.498756898616091E-01
47.1 5.190991609371223E-01
47.2 4.849909347042963E-01
47.3 4.479138711214309E-01
47.4 4.082824553778037E-01
47.5 3.665637984717914E-01
47.6 3.232764739506854E-01
47.7 2.789865052286459E-01
47.8 2.343000016399670E-01
47.9 1.898522022711790E-01
48.0 1.462930034084633E-01
48.1 1.042693896766983E-01
48.2 6.440552751712951E-02
48.3 2.728157794087473E-02
48.4 -6.587489137433731E-03
48.5 -3.677167149218536E-02
48.6 -6.294288843058191E-02
48.7 -8.488781912639652E-02
48.8 -1.025155766881973E-01
48.9 -1.158595200175841E-01
49.0 -1.250729355879261E-01
49.1 -1.304187940087661E-01
49.2 -1.322542591645015E-01
49.3 -1.310110564037068E-01
49.4 -1.271731486086949E-01
49.5 -1.212533894531547E-01
49.6 -1.137708965445899E-01
49.7 -1.052308014714215E-01
49.8 -9.610779202824402E-02
49.9 -8.683448238482211E-02
50.0 -7.779516216900877E-02
50.1 -6.932492941072536E-02
50.2 -6.171365686989647E-02
50.3 -5.521373130130564E-02
50.4 -5.005009334582694E-02
50.5 -4.643083719005695E-02
50.6 -4.455653693363816E-02
50.7 -4.462656783145823E-02
50.8 -4.684098400088792E-02
50.9 -5.139697953001778E-02
51.0 -5.847955897132415E-02
51.1 -6.824672264754400E-02
51.2 -8.081016806635753E-02
51.3 -9.621315205718843E-02
51.4 -1.144076813844901E-01
51.5 -1.352335428167981E-01
51.6 -1.584018011529076E-01
51.7 -1.834852587176480E-01
51.8 -2.099179779812909E-01
51.9 -2.370053398440196E-01
52.0 -2.639452867146516E-01
52.1 -2.898604452679983E-01
52.2 -3.138398178288366E-01
52.3 -3.349877620308609E-01
52.4 -3.524771356502856E-01
52.5 -3.656028507502818E-01
52.6 -3.738317276351298E-01
52.7 -3.768445126048489E-01
52.8 -3.745662457647034E-01
52.9 -3.671818283855732E-01
53.0 -3.551346057233615E-01
53.1 -3.391069850219138E-01
53.2 -3.199834605108772E-01
53.3 -2.987978118684904E-01
53.4 -2.766675660686650E-01
53.5 -2.547199523732832E-01
53.6 -2.340144350983283E-01
53.7 -2.154673973362414E-01
53.8 -1.997846172810757E-01
53.9 -1.874068063570655E-01
54.0 -1.784726798511352E-01
54.1 -1.728028564834156E-01
54.2 -1.699064157798400E-01
54.3 -1.690102898163041E-01
54.4 -1.691099551894846E-01
54.5 -1.690382559050716E-01
54.6 -1.675477590009757E-01
54.7 -1.634009388320794E-01
54.8 -1.554617958514575E-01
54.9 -1.427823023899834E-01
55.0 -1.246773550254294E-01
55.1 -1.007826846013284E-01
55.2 -7.109137592136890E-02
55.3 -3.596618996881061E-02
55.4 3.873355206481827E-03
55.5 4.738833882576908E-02
55.6 9.327962748280462E-02
55.7 1.400647039940457E-01
55.8 1.861666600375772E-01
55.9 2.300090176818337E-01
56.0 2.701096680171336E-01
56.1 3.051673477698682E-01
56.2 3.341347029625092E-01
56.3 3.562730591480912E-01
56.4 3.711854426290938E-01
56.5 3.788260612607352E-01
56.6 3.794862241676448E-01
56.7 3.737584174875447E-01
56.8 3.624818232916374E-01
56.9 3.466738518689064E-01
57.0 3.274531593574473E-01
57.1 3.059600812774720E-01
57.2 2.832804026160944E-01
57.3 2.603779195695041E-01
57.4 2.380403759552810E-01
57.5 2.168421592074485E-01
57.6 1.971257214203583E-01
57.7 1.790021697134478E-01
57.8 1.623699715621277E-01
57.9 1.469493633373011E-01
58.0 1.323289374782221E-01
58.1 1.180200954539057E-01
58.2 1.035146406063215E-01
58.3 8.834076520524199E-02
58.4 7.211304469413604E-02
58.5 5.457274371061116E-02
58.6 3.561569192228732E-02
58.7 1.530611324270608E-02
58.8 -6.124010573629778E-03
58.9 -2.828929322259156E-02
59.0 -5.067722161163674E-02
59.1 -7.268372539322332E-02
59.2 -9.365482688994800E-02
59.3 -1.129308759500986E-01
59.4 -1.298898909348633E-01
59.5 -1.439868245015771E-01
59.6 -1.547861081399177E-01
59.7 -1.619855415178782E-01
59.8 -1.654304088989687E-01
59.9 -1.651175479500387E-01
60.0 -1.611898915786896E-01
60.1 -1.539226857062784E-01
60.2 -1.437031045032895E-01
60.3 -1.310053075155946E-01
60.4 -1.163630986217133E-01
60.5 -1.003422634642643E-01
60.6 -8.351440665875157E-02
60.7 -6.643372392838318E-02
60.8 -4.961767809951207E-02
60.9 -3.353205627057376E-02
61.0 -1.858042125028082E-02
61.1 -5.097579244526279E-03
61.2 6.653597967885058E-03
61.3 1.648281457516829E-02
61.4 2.427129910445362E-02
61.5 2.996980718891080E-02
61.6 3.359623467076579E-02
61.7 3.523314368524119E-02
61.8 3.502522950381284E-02
61.9 3.317650050104158E-02
62.0 2.994674482944590E-02
62.1 2.564674434804685E-02
62.2 2.063168681758721E-02
62.3 1.529232580975662E-02
62.4 1.004363487192862E-02
62.5 5.310976237667270E-03
62.6 1.514122558324779E-03
62.7 -9.502060538167587E-04
62.8 -1.726338948488516E-03
62.9 -5.170206082900880E-04
63.0 2.901129074980922E-03
63.1 8.665316466411497E-03
63.2 1.681854264578266E-02
63.3 2.730666476438710E-02
63.4 3.998099206253228E-02
63.5 5.460640237015575E-02
63.6 7.087448076753905E-02
63.7 8.842071822706780E-02
63.8 1.068444131707644E-01
63.9 1.257296367396124E-01
64.0 1.446654873276181E-01
64.1 1.632638922207287E-01
64.2 1.811734185030078E-01
64.3 1.980879190612207E-01
64.4 2.137493332946304E-01
64.5 2.279445425499926E-01
64.6 2.404967934673772E-01
64.7 2.512527890050223E-01
64.8 2.600670477819065E-01
64.9 2.667854944221510E-01
65.0 2.712304251080229E-01
65.1 2.731889677185850E-01
65.2 2.724069178363710E-01
65.3 2.685893938698277E-01
65.4 2.614091495418315E-01
65.5 2.505226601890459E-01
65.6 2.355933238560382E-01
65.7 2.163203596752125E-01
65.8 1.924713162097384E-01
65.9 1.639155874410706E-01
66.0 1.306560281558239E-01
66.1 9.285570061739128E-02
66.2 5.085698641009646E-02
66.3 5.190753803988049E-03
66.4 -4.342604869950402E-02
66.5 -9.410514945922763E-02
66.6 -1.458138820554872E-01
66.7 -1.974131253935479E-01
66.8 -2.477041758375156E-01
66.9 -2.954816922388630E-01
67.0 -3.395892864195240E-01
67.1 -3.789740279437155E-01
67.2 -4.127361243642261E-01
67.3 -4.401703329194129E-01
67.4 -4.607962371245212E-01
67.5 -4.743753373045163E-01
67.6 -4.809138920954381E-01
67.7 -4.806515268268746E-01
67.8 -4.740367042786799E-01
67.9 -4.616911424604482E-01
68.0 -4.443660787667571E-01
68.1 -4.228938506368696E-01
68.2 -3.981385410060284E-01
68.3 -3.709493989302163E-01
68.4 -3.421203958466825E-01
68.5 -3.123586473754577E-01
68.6 -2.822635754820225E-01
68.7 -2.523176822371591E-01
68.8 -2.228887436558826E-01
68.9 -1.942422049529055E-01
69.0 -1.665616588510012E-01
69.1 -1.399745970174283E-01
69.2 -1.145802035752612E-01
69.3 -9.047584714909422E-02
69.4 -6.777913460128790E-02
69.5 -4.664289722317232E-02
69.6 -2.726124298517513E-02
69.7 -9.865757289498570E-03
69.8 5.288017291901848E-03
69.9 1.794264134034891E-02
70.0 2.786724329910981E-02
70.1 3.488948474625073E-02
70.2 3.892761610688070E-02
70.3 4.001902100942014E-02
70.4 3.834179575414588E-02
70.5 3.422639372479944E-02
70.6 2.815514803035886E-02
70.7 2.074850664990503E-02
70.8 1.273798779427661E-02
70.9 4.927088583908783E-03
71.0 -1.857449969352601E-03
71.1 -6.820609457366077E-03
71.2 -9.256124996107689E-03
71.3 -8.600987134395683E-03
71.4 -4.482771033429839E-03
71.5 3.244508243460378E-03
71.6 1.447959625888843E-02
71.7 2.887078983669482E-02
71.8 4.583155293006912E-02
71.9 6.457474171638637E-02
72.0 8.416373415369327E-02
72.1 1.035773527630795E-01
72.2 1.217842609455011E-01
72.3 1.378216047220781E-01
72.4 1.508721432365420E-01
72.5 1.603340135800073E-01
72.6 1.658776260126643E-01
72.7 1.674849668274913E-01
72.8 1.654677461713244E-01
72.9 1.604622850161703E-01
73.0 1.534006829547487E-01
73.1 1.454595244286185E-01
73.2 1.379890367412713E-01
73.3 1.324270836093920E-01
73.4 1.302035511182258E-01
73.5 1.326414687185412E-01
73.6 1.408615451339890E-01
73.7 1.556966600976104E-01
73.8 1.776222457055460E-01
73.9 2.067074588274087E-01
74.0 2.425906629975276E-01
74.1 2.844811048908077E-01
74.2 3.311869053161817E-01
74.3 3.811677151566454E-01
74.4 4.326087397874073E-01
74.5 4.835114280877513E-01
74.6 5.317950524204006E-01
74.7 5.754027463074716E-01
74.8 6.124053585971833E-01
74.9 6.410967348457185E-01
75.0 6.600747230598595E-01
75.1 6.683032653891011E-01
75.2 6.651522969961957E-01
75.3 6.504137256074363E-01
75.4 6.242933958068035E-01
75.5 5.873805335510477E-01
75.6 5.405976068224351E-01
75.7 4.851347296941360E-01
75.8 4.223736018486824E-01
75.9 3.538064620251484E-01
76.0 2.809556191346680E-01
76.1 2.052988158251948E-01
76.2 1.282050114806637E-01
76.3 5.088420540039313E-02
76.4 -2.564626356392040E-02
76.5 -1.005778138174028E-01
76.6 -1.733093215571704E-01
76.7 -2.434298938984173E-01
76.8 -3.106882829806345E-01
76.9 -3.749523726505306E-01
77.0 -4.361627419647714E-01
77.1 -4.942845609298590E-01
77.2 -5.492619975197480E-01
77.3 -6.009789294149263E-01
77.4 -6.492290996209493E-01
77.5 -6.936979910826213E-01
77.6 -7.339576939079451E-01
77.7 -7.694749796561552E-01
77.8 -7.996317614167751E-01
77.9 -8.237561823976413E-01
78.0 -8.411618054134059E-01
78.1 -8.511918221104384E-01
78.2 -8.532648969235989E-01
78.3 -8.469192196341531E-01
78.4 -8.318515548125207E-01
78.5 -8.079485203286138E-01
78.6 -7.753079582297524E-01
78.7 -7.342490249450002E-01
78.8 -6.853104614901948E-01
78.9 -6.292373428630039E-01
79.0 -5.669573861661810E-01
79.1 -4.995485632271488E-01
79.2 -4.282002706654590E-01
79.3 -3.541706276375153E-01
79.4 -2.787425839185126E-01
79.5 -2.031814301085378E-01
79.6 -1.286960248763188E-01
79.7 -5.640562241086092E-02
79.8 1.268636134296301E-02
79.9 7.771091333694498E-02
80.0 1.379442083221662E-01
80.1 1.928110835430683E-01
80.2 2.418821678134486E-01
80.3 2.848660027234822E-01
80.4 3.215977198343045E-01
80.5 3.520259049573529E-01
80.6 3.761991911383397E-01
80.7 3.942538913751456E-01
80.8 4.064036378430282E-01
80.9 4.129315732289358E-01
81.0 4.141851844627795E-01
81.1 4.105734247425598E-01
81.2 4.025653797543508E-01
81.3 3.906894365407621E-01
81.4 3.755317381441798E-01
81.5 3.577326723927419E-01
81.6 3.379802547224525E-01
81.7 3.169995151650163E-01
81.8 2.955373682705852E-01
81.9 2.743429003552880E-01
82.0 2.541435110837477E-01
82.1 2.356178507749215E-01
82.2 2.193669542222478E-01
82.3 2.058853419709100E-01
82.4 1.955341028792240E-01
82.5 1.885180589981864E-01
82.6 1.848690291489580E-01
82.7 1.844369487640648E-01
82.8 1.868901827345668E-01
82.9 1.917258111629769E-01
83.0 1.982900131511150E-01
83.1 2.058079684843899E-01
83.2 2.134219945106626E-01
83.3 2.202359905114095E-01
83.4 2.253637266060608E-01
83.5 2.279781340053738E-01
83.6 2.273585628723292E-01
83.7 2.229329941521161E-01
83.8 2.143124278671196E-01
83.9 2.013151115046660E-01
84.0 1.839788913051486E-01
84.1 1.625607253714109E-01
84.2 1.375232381774962E-01
84.3 1.095090614165312E-01
84.4 7.930453337568900E-02
84.5 4.779505713793440E-02
84.6 1.591499236884356E-02
84.7 -1.540466749016774E-02
84.8 -4.528743061128700E-02
84.9 -7.295794221181418E-02
85.0 -9.778113156048598E-02
85.1 -1.192914180815297E-01
85.2 -1.372102332668977E-01
85.3 -1.514509455891003E-01
85.4 -1.621111662004759E-01
85.5 -1.694532980991258E-01
85.6 -1.738750052388981E-01
85.7 -1.758719608128910E-01
85.8 -1.759957357783709E-01
85.9 -1.748099736851860E-01
86.0 -1.728480468001091E-01
86.1 -1.705752003420152E-01
86.2 -1.683577835220432E-01
86.3 -1.664415719871452E-01
86.4 -1.649404542305443E-01
86.5 -1.638359428136834E-01
86.6 -1.629871436575501E-01
86.7 -1.621500374965987E-01
86.8 -1.610042564964516E-01
86.9 -1.591850263069100E-01
87.0 -1.563176264374772E-01
87.1 -1.520516206260346E-01
87.2 -1.460922269589266E-01
87.3 -1.382265202664456E-01
87.4 -1.283426557530916E-01
87.5 -1.164409282515965E-01
87.6 -1.026361814053799E-01
87.7 -8.715179576539858E-02
87.8 -7.030615433885244E-02
87.9 -5.249305349468319E-02
88.0 -3.415795069380941E-02
88.1 -1.577218585290935E-02
88.2 2.192636306396720E-03
88.3 1.928805927926912E-02
88.4 3.510825999965945E-02
88.5 4.930434754139933E-02
88.6 6.159277985547076E-02
88.7 7.175781171770490E-02
88.8 7.964848391410029E-02
88.9 8.517119311846989E-02
89.0 8.827929463766999E-02
89.1 8.896144770541646E-02
89.2 8.723049104007748E-02
89.3 8.311452717722154E-02
89.4 7.665160718140725E-02
89.5 6.788896886630441E-02
89.6 5.688723216666777E-02
89.7 4.372934632729945E-02
89.8 2.853347310498300E-02
89.9 1.146843760299440E-02
90.0 -7.230060865502408E-03
90.1 -2.724456485932103E-02
90.2 -4.816447513513943E-02
90.3 -6.948021716164285E-02
90.4 -9.058467653244909E-02
90.5 -1.107831034157265E-01
90.6 -1.293120182296705E-01
90.7 -1.453668859484411E-01
90.8 -1.581375277705414E-01
90.9 -1.668494745245449E-01
91.0 -1.708088038904318E-01
91.1 -1.694475047548046E-01
91.2 -1.623661266047400E-01
91.3 -1.493704333991567E-01
91.4 -1.304990039632642E-01
91.5 -1.060391975692317E-01
91.6 -7.652960577636915E-02
91.7 -4.274799222401991E-02
91.8 -5.684717393877822E-03
91.9 3.349731921442427E-02
92.0 7.351419137314349E-02
92.1 1.130210075516944E-01
92.2 1.506769285829219E-01
92.3 1.852111084807012E-01
92.4 2.154853718581098E-01
92.5 2.405495921866270E-01
92.6 2.596861840813283E-01
92.7 2.724408403101680E-01
92.8 2.786375792681818E-01
92.9 2.783772525364461E-01
93.0 2.720198137861520E-01
93.1 2.601517825659891E-01
93.2 2.435413631389702E-01
93.3 2.230845209445554E-01
93.4 1.997459129209756E-01
93.5 1.744988675634215E-01
93.6 1.482685939236588E-01
93.7 1.218824683268092E-01
93.8 9.603063065917215E-02
93.9 7.123926851689970E-02
94.0 4.785794575608444E-02
94.1 2.606122362177924E-02
94.2 5.863715758824677E-03
94.3 -1.285329946116336E-02
94.4 -3.030643488031385E-02
94.5 -4.676925880046227E-02
94.6 -6.252954118809440E-02
94.7 -7.784838514064632E-02
94.8 -9.292467442090541E-02
94.9 -1.078677197410304E-01
95.0 -1.226802116373271E-01
95.1 -1.372526533841783E-01
95.2 -1.513694332095311E-01
95.3 -1.647256867559204E-01
95.4 -1.769531826739961E-01
95.5 -1.876527125185422E-01
95.6 -1.964299421697236E-01
95.7 -2.029314275179061E-01
95.8 -2.068775306744526E-01
95.9 -2.080892884500069E-01
96.0 -2.065068522623003E-01
96.1 -2.021978866902920E-01
96.2 -1.953552144511143E-01
96.3 -1.862839495888598E-01
96.4 -1.753792849699024E-01
96.5 -1.630969146706542E-01
96.6 -1.499187063475808E-01
96.7 -1.363166389795506E-01
96.8 -1.227181538483783E-01
96.9 -1.094759211077575E-01
97.0 -9.684461490038211E-02
97.1 -8.496665384510255E-02
97.2 -7.386805769811253E-02
97.3 -6.346466672248763E-02
97.4 -5.357804789473704E-02
97.5 -4.395955312966732E-02
97.6 -3.432027514027725E-02
97.7 -2.436412996066956E-02
97.8 -1.382102721889002E-02
97.9 -2.477093669088955E-03
98.0 9.800808076666036E-03
98.1 2.304849967257964E-02
98.2 3.719735490905193E-02
98.3 5.207726223361629E-02
98.4 6.742940666820441E-02
98.5 8.292769574282544E-02
98.6 9.820685650261345E-02
98.7 1.128946073652273E-01
98.8 1.266449161429996E-01
98.9 1.391692301837355E-01
99.0 1.502627190640099E-01
99.1 1.598229925437212E-01
99.2 1.678594106869620E-01
99.3 1.744919325250176E-01
99.4 1.799393818768610E-01
99.5 1.844979619206507E-01
99.6 1.885117394816341E-01
99.7 1.923375665565986E-01
99.8 1.963074432872102E-01
99.9 2.006916045305417E-01
100.0 2.056656050259232E-01
100.1 2.112843845886254E-01
100.2 2.174657386655200E-01
100.3 2.239848480826912E-01
100.4 2.304806011684850E-01
100.5 2.364734512852578E-01
100.6 2.413935791585297E-01
100.7 2.446172570473291E-01
100.8 2.455086168263352E-01
100.9 2.434635670377901E-01
101.0 2.379524246229620E-01
101.1 2.285579406170395E-01
101.2 2.150057950067118E-01
101.3 1.971852787004769E-01
101.4 1.751587128563411E-01
101.5 1.491591036757439E-01
101.6 1.195765101555944E-01
101.7 8.693452659663774E-02
101.8 5.185906952958581E-02
101.9 1.504224132804748E-02
102.0 -2.279562992479131E-02
102.1 -6.094262952854357E-02
102.2 -9.872766734725227E-02
102.3 -1.355462505171144E-01
102.4 -1.708779135109085E-01
102.5 -2.042944504228141E-01
102.6 -2.354590055873512E-01
102.7 -2.641169661067156E-01
102.8 -2.900803798688230E-01
102.9 -3.132082216308141E-01
103.0 -3.333851911212823E-01
103.1 -3.505018165868710E-01
103.2 -3.644384461053287E-01
103.3 -3.750552552274347E-01
103.4 -3.821897261188617E-01
103.5 -3.856622246502738E-01
103.6 -3.852893975693371E-01
103.7 -3.809042198321581E-01
103.8 -3.723807301718113E-01
103.9 -3.596608805373591E-01
104.0 -3.427805557664628E-01
104.1 -3.218917352982666E-01
104.2 -2.972779841151305E-01
104.3 -2.693609624787521E-01
104.4 -2.386963930176544E-01
104.5 -2.059588547918346E-01
104.6 -1.719158039811465E-01
104.7 -1.373922554763992E-01
104.8 -1.032285018715871E-01
104.9 -7.023400537552141E-02
105.0 -3.914109793563704E-02
105.1 -1.056231139140333E-02
105.2 1.504499380344958E-02
105.3 3.740352193244460E-02
105.4 5.642806854150532E-02
105.5 7.222332012892028E-02
105.6 8.506724838024754E-02
105.7 9.538115249292155E-02
105.8 1.036885774274826E-01
105.9 1.105663464162813E-01
106.0 1.165916991171492E-01
106.1 1.222899496998240E-01
106.2 1.280871269933580E-01
106.3 1.342717190442358E-01
106.4 1.409689385278029E-01
106.5 1.481299076626059E-01
106.6 1.555369143526894E-01
106.7 1.628245196577798E-01
106.8 1.695149176076914E-01
106.9 1.750646817613979E-01
107.0 1.789189908627024E-01
107.1 1.805687027721080E-01
107.2 1.796053095526141E-01
107.3 1.757688925095860E-01
107.4 1.689847033247653E-01
107.5 1.593848888135782E-01
107.6 1.473130811560527E-01
107.7 1.333109936304069E-01
107.8 1.180876751859378E-01
107.9 1.024735573404118E-01
108.0 8.736274705971479E-02
108.1 7.364806511974278E-02
108.2 6.215400906653545E-02
108.3 5.357307196347657E-02
108.4 4.841064741685151E-02
108.5 4.694311118371491E-02
108.6 4.919264085958283E-02
108.7 5.492100200299098E-02
108.8 6.364300218166570E-02
108.9 7.465872134440624E-02
109.0 8.710210118221724E-02
109.1 1.000021458754251E-01
109.2 1.123519635576284E-01
109.3 1.231802476949413E-01
109.4 1.316196127781571E-01
109.5 1.369664738585016E-01
109.6 1.387278701419573E-01
109.7 1.366517179068281E-01
109.8 1.307383447900411E-01
109.9 1.212326899725444E-01
110.0 1.085981236124764E-01
110.1 9.347431246442335E-02
110.2 7.662281452010684E-02
110.3 5.886502077361146E-02
110.4 4.101760211888543E-02
110.5 2.383072356047121E-02
110.6 7.933953500957368E-03
110.7 -6.205942639865777E-03
110.8 -1.831220933589155E-02
110.9 -2.830850682774213E-02
111.0 -3.631215222529342E-02
111.1 -4.261127018669956E-02
111.2 -4.762824384257446E-02
111.3 -5.187294174454816E-02
111.4 -5.588996291007597E-02
111.5 -6.020453100337630E-02
111.6 -6.527165552151512E-02
111.7 -7.143277299279122E-02
111.8 -7.888332878722071E-02
111.9 -8.765373352530761E-02
112.0 -9.760492277708868E-02
112.1 -1.084384736310069E-01
112.2 -1.197199991133022E-01
112.3 -1.309134571564503E-01
112.4 -1.414231649042841E-01
112.5 -1.506397682708992E-01
112.6 -1.579862187369720E-01
112.7 -1.629599607989062E-01
112.8 -1.651680094379894E-01
112.9 -1.643523443425922E-01
113.0 -1.604039905385357E-01
113.1 -1.533652024028553E-01
113.2 -1.434202219822043E-01
113.3 -1.308760478132180E-01
113.4 -1.161354428944971E-01
113.5 -9.966496451435659E-02
113.6 -8.196107285893757E-02
113.7 -6.351735560232526E-02
113.8 -4.479560580913595E-02
113.9 -2.620295011464015E-02
114.0 -8.076504376249535E-03
114.1 9.323789008862922E-03
114.2 2.581433052248580E-02
114.3 4.128000737564835E-02
114.4 5.566092124693168E-02
114.5 6.893575499806948E-02
114.6 8.110404532034815E-02
114.7 9.216959288796854E-02
114.8 1.021269704871328E-01
114.9 1.109526176368840E-01
115.0 1.186013918167117E-01
115.1 1.250087497714518E-01
115.2 1.300980325156574E-01
115.3 1.337916989199922E-01
115.4 1.360248613162411E-01
115.5 1.367591739260527E-01
115.6 1.359950429231016E-01
115.7 1.337802746360076E-01
115.8 1.302136412750965E-01
115.9 1.254423850469185E-01
116.0 1.196533466474465E-01
116.1 1.130581250233568E-01
116.2 1.058733778915408E-01
116.3 9.829798387095777E-02
116.4 9.048924261122782E-02
116.5 8.254053914420612E-02
116.6 7.446291270412241E-02
116.7 6.617274111244134E-02
116.8 5.748729581843640E-02
116.9 4.812927838654363E-02
117.0 3.774067387643657E-02
117.1 2.590542075204884E-02
117.2 1.217957793701652E-02
117.3 -3.873055962606419E-03
117.4 -2.264247968343383E-02
117.5 -4.443413794310521E-02
117.6 -6.943373278695594E-02
117.7 -9.767808142359977E-02
117.8 -1.290344862277290E-01
117.9 -1.631904489328334E-01
118.0 -1.996547667812571E-01
118.1 -2.377701631103288E-01
118.2 -2.767367062486136E-01
118.3 -3.156444373330800E-01
118.4 -3.535129320675072E-01
118.5 -3.893350228860976E-01
118.6 -4.221216474607902E-01
118.7 -4.509447859922290E-01
118.8 -4.749756986922696E-01
118.9 -4.935161488585661E-01
119.0 -5.060209484509079E-01
119.1 -5.121109292122732E-01
119.2 -5.115762509511859E-01
119.3 -5.043707350475377E-01
119.4 -4.905985856780395E-01
119.5 -4.704953750264688E-01
119.6 -4.444054798322747E-01
119.7 -4.127582434177444E-01
119.8 -3.760450003499375E-01
119.9 -3.347987624293363E-01
120.0 -2.895778663036753E-01
120.1 -2.409542811570672E-01
120.2 -1.895066352587118E-01
120.3 -1.358174108712757E-01
120.4 -8.047324206611577E-02
120.5 -2.406688272509735E-02
120.6 3.280077008619200E-02
120.7 8.952019117679910E-02
120.8 1.454756537585635E-01
120.9 2.000515442413638E-01
121.0 2.526430131271757E-01
121.1 3.026708050940251E-01
121.2 3.495994962982177E-01
121.3 3.929578089334106E-01
121.4 4.323592347252467E-01
121.5 4.675209316832803E-01
121.6 4.982787969761834E-01
121.7 5.245967779618766E-01
121.8 5.465688559628344E-01
121.9 5.644126945253055E-01
122.0 5.784546377288610E-01
122.1 5.891065119609660E-01
122.2 5.968354548624905E-01
122.3 6.021286941444620E-01
122.4 6.054557578129554E-01
122.5 6.072309586898234E-01
122.6 6.077791198193422E-01
122.7 6.073073744719317E-01
122.8 6.058854893967012E-01
122.9 6.034365504008353E-01
123.0 5.997390639265160E-01
123.1 5.944406325192618E-01
123.2 5.870824323611881E-01
123.3 5.771328378778970E-01
123.4 5.640277790974301E-01
123.5 5.472148489547638E-01
123.6 5.261978507149889E-01
123.7 5.005784197196806E-01
123.8 4.700915745691359E-01
123.9 4.346325321521188E-01
124.0 3.942728174827201E-01
124.1 3.492645530356636E-01
124.2 3.000327496318619E-01
124.3 2.471563615199712E-01
124.4 1.913397321256076E-01
124.5 1.333767715445760E-01
124.6 7.411071375202496E-02
124.7 1.439256125088440E-02
124.8 -4.495867958638177E-02
124.9 -1.031911314105243E-01
125.0 -1.596481966941161E-01
125.1 -2.137880466213042E-01
125.2 -2.651935548750720E-01
125.3 -3.135726133808294E-01
125.4 -3.587495664449774E-01
125.5 -4.006491985620358E-01
125.6 -4.392752509037412E-01
125.7 -4.746857798729230E-01
125.8 -5.069677856309617E-01
125.9 -5.362134281317444E-01
126.0 -5.624998328343379E-01
126.1 -5.858740063979575E-01
126.2 -6.063437871968939E-01
126.3 -6.238751083452130E-01
126.4 -6.383952168350386E-01
126.5 -6.498009326033899E-01
126.6 -6.579705977121388E-01
126.7 -6.627780959910008E-01
126.8 -6.641072375046565E-01
126.9 -6.618649009414661E-01
127.0 -6.559915925363485E-01
127.1 -6.464684778577625E-01
127.2 -6.333204253296331E-01
127.3 -6.166151125940530E-01
127.4 -5.964587316369775E-01
127.5 -5.729892328070363E-01
127.6 -5.463683276451030E-01
127.7 -5.167735958334323E-01
127.8 -4.843919994624447E-01
127.9 -4.494159032610576E-01
128.0 -4.120423551180227E-01
128.1 -3.724759350782766E-01
128.2 -3.309349823250881E-01
128.3 -2.876605140339391E-01
128.4 -2.429267135231329E-01
128.5 -1.970515386582453E-01
128.6 -1.504058251934962E-01
128.7 -1.034192589211756E-01
128.8 -5.658177263618205E-02
128.9 -1.043927762473840E-02
129.0 3.441686480381062E-02
129.1 7.736663323385005E-02
129.2 1.177837650394695E-01
129.3 1.550625589796346E-01
129.4 1.886472865561143E-01
129.5 2.180620464562217E-01
129.6 2.429386884958825E-01
129.7 2.630404359317726E-01
129.8 2.782790559325772E-01
129.9 2.887238548714519E-01
130.0 2.946013755358342E-01
130.1 2.962853977625925E-01
130.2 2.942776299519273E-01
130.3 2.891802567277671E-01
130.4 2.816622071948863E-01
130.5 2.724215640186398E-01
130.6 2.621468929768307E-01
130.7 2.514803996703918E-01
130.8 2.409856991655444E-01
130.9 2.311226220895372E-01
131.0 2.222309055743733E-01
131.1 2.145238774004704E-01
131.2 2.080924000405283E-01
131.3 2.029184710961064E-01
131.4 1.988970541304949E-01
131.5 1.958640117733961E-01
131.6 1.936274936520405E-01
131.7 1.919998417807910E-01
131.8 1.908270420128511E-01
131.9 1.900129759866869E-01
132.0 1.895361947204330E-01
132.1 1.894576023826228E-01
132.2 1.899182488718819E-01
132.3 1.911273122104614E-01
132.4 1.933412296764911E-01
132.5 1.968357338877023E-01
132.6 2.018731977988171E-01
132.7 2.086681351826110E-01
132.8 2.173539031459320E-01
132.9 2.279535943678031E-01
133.0 2.403577953209509E-01
133.1 2.543113507525659E-01
133.2 2.694105611691648E-01
133.3 2.851114106661666E-01
133.4 3.007485478939313E-01
133.5 3.155638967317412E-01
133.6 3.287430251166544E-01
133.7 3.394568105019954E-01
133.8 3.469055539286524E-01
133.9 3.503625386736392E-01
134.0 3.492141106638200E-01
134.1 3.429936628087853E-01
134.2 3.314074021176355E-01
134.3 3.143504197940048E-01
134.4 2.919123128284457E-01
134.5 2.643723582385499E-01
134.6 2.321849559985029E-01
134.7 1.959566779102792E-01
134.8 1.564167420665085E-01
134.9 1.143830453683257E-01
135.0 7.072601546403000E-02
135.1 2.633249107371490E-02
135.2 -1.792837560629773E-02
135.3 -6.123554715537381E-02
135.4 -1.028416488553945E-01
135.5 -1.420929049774352E-01
135.6 -1.784432082648805E-01
135.7 -2.114624972982565E-01
135.8 -2.408399652365086E-01
135.9 -2.663828674597170E-01
136.0 -2.880118238589678E-01
136.1 -3.057535259536873E-01
136.2 -3.197316737281710E-01
136.3 -3.301568059574166E-01
136.4 -3.373154813970149E-01
136.5 -3.415590500352949E-01
136.6 -3.432920561623471E-01
136.7 -3.429601661617380E-01
136.8 -3.410374338387533E-01
136.9 -3.380127151112245E-01
137.0 -3.343751215611542E-01
137.1 -3.305985476962407E-01
137.2 -3.271254997118871E-01
137.3 -3.243506673261710E-01
137.4 -3.226048846533080E-01
137.5 -3.221402909458208E-01
137.6 -3.231176008914401E-01
137.7 -3.255964073552752E-01
137.8 -3.295293566513414E-01
137.9 -3.347608579729139E-01
138.0 -3.410307258706449E-01
138.1 -3.479828290672819E-01
138.2 -3.551784598822939E-01
138.3 -3.621137806005743E-01
138.4 -3.682403822228196E-01
138.5 -3.729877408048576E-01
138.6 -3.757862046485441E-01
138.7 -3.760891104565423E-01
138.8 -3.733927153712683E-01
138.9 -3.672528393126998E-01
139.0 -3.572974206721745E-01
139.1 -3.432345698595346E-01
139.2 -3.248561228803712E-01
139.3 -3.020371097916313E-01
139.4 -2.747319187019339E-01
139.5 -2.429682167640574E-01
139.6 -2.068398548273707E-01
139.7 -1.665000125441231E-01
139.8 -1.221557295186823E-01
139.9 -7.406472364442666E-02
140.0 -2.253504213006318E-02
140.1 3.207234192175092E-02
140.2 8.933834083232813E-02
140.3 1.487787765970543E-01
140.4 2.098368111439776E-01
140.5 2.718762557585862E-01
140.6 3.341773694970712E-01
140.7 3.959367269449858E-01
140.8 4.562725327993605E-01
140.9 5.142363938614516E-01
141.0 5.688320539106545E-01
141.1 6.190409938855866E-01
141.2 6.638541503228766E-01
141.3 7.023083673416710E-01
141.4 7.335256313871286E-01
141.5 7.567526992673790E-01
141.6 7.713984653081064E-01
141.7 7.770663554854542E-01
141.8 7.735792007690069E-01
141.9 7.609944250966053E-01
142.0 7.396079625710121E-01
142.1 7.099460529697521E-01
142.2 6.727448991872370E-01
142.3 6.289190393340361E-01
142.4 5.795201197991657E-01
142.5 5.256884848791534E-01
142.6 4.686005621290448E-01
142.7 4.094153716300892E-01
142.8 3.492235901649137E-01
142.9 2.890024460530039E-01
143.0 2.295793164720577E-01
143.1 1.716062763203181E-01
143.2 1.155470540192287E-01
143.3 6.167694720798366E-02
143.4 1.009531109160604E-02
143.5 -3.925067167475544E-02
143.6 -8.653302739369838E-02
143.7 -1.320035496326077E-01
143.8 -1.759510063111001E-01
143.9 -2.186582876873292E-01
144.0 -2.603626973500002E-01
144.1 -3.012222547048196E-01
144.2 -3.412903314590198E-01
144.3 -3.805002341993797E-01
144.4 -4.186605306935435E-01
144.5 -4.554610665483512E-01
144.6 -4.904888002421870E-01
144.7 -5.232518628184800E-01
144.8 -5.532096785033469E-01
144.9 -5.798066049765044E-01
145.0 -6.025063906866296E-01
145.1 -6.208248065800794E-01
145.2 -6.343580775553807E-01
145.3 -6.428051847471050E-01
145.4 -6.459826895783921E-01
145.5 -6.438313910811216E-01
145.6 -6.364148112825042E-01
145.7 -6.239101519434520E-01
145.8 -6.065929273688029E-01
145.9 -5.848169097218094E-01
146.0 -5.589912954294658E-01
146.1 -5.295570988936288E-01
146.2 -4.969647033884337E-01
146.3 -4.616542641033177E-01
146.4 -4.240402929969649E-01
146.5 -3.845012974963667E-01
146.6 -3.433748392221072E-01
146.7 -3.009578709337306E-01
146.8 -2.575117437329905E-01
146.9 -2.132708903662559E-01
147.0 -1.684539134994307E-01
147.1 -1.232756584100738E-01
147.2 -7.795883398511069E-02
147.3 -3.274385866338238E-02
147.4 1.210416731333862E-02
147.5 5.629215036461676E-02
147.6 9.949977244392612E-02
147.7 1.413843711585503E-01
147.8 1.815895856926549E-01
147.9 2.197570904345839E-01
148.0 2.555404747372404E-01
148.1 2.886201511794872E-01
148.2 3.187180959025208E-01
148.3 3.456112443142864E-01
148.4 3.691424768618524E-01
148.5 3.892283189707901E-01
148.6 4.058627277768895E-01
148.7 4.191166238950643E-01
148.8 4.291331260692031E-01
148.9 4.361187379006474E-01
149.0 4.403309993114628E-01
149.1 4.420633351462748E-01
149.2 4.416279981451682E-01
149.3 4.393381070923321E-01
149.4 4.354898215896703E-01
149.5 4.303456750310665E-01
149.6 4.241200126053424E-01
149.7 4.169673594340449E-01
149.8 4.089743844429960E-01
149.9 4.001559379011923E-01
150.0 3.904554341622178E-01
150.1 3.797496348452627E-01
150.2 3.678576696044778E-01
150.3 3.545539192232409E-01
150.4 3.395841860924024E-01
150.5 3.226843971199406E-01
150.6 3.036009308174306E-01
150.7 2.821115409754982E-01
150.8 2.580457713386087E-01
150.9 2.313037261400086E-01
151.0 2.018720865434451E-01
151.1 1.698363476262244E-01
151.2 1.353883966872836E-01
151.3 9.882876014828787E-02
151.4 6.056310778594318E-02
151.5 2.109290955803832E-02
151.6 -1.899952272512689E-02
151.7 -5.907102802319492E-02
151.8 -9.844170408878238E-02
151.9 -1.364219087039727E-01
152.0 -1.723406877215181E-01
152.1 -2.055740008068150E-01
152.2 -2.355710530318245E-01
152.3 -2.618770900554810E-01
152.4 -2.841511811807590E-01
152.5 -3.021777938721817E-01
152.6 -3.158713417951569E-01
152.7 -3.252733435915887E-01
152.8 -3.305423311836980E-01
152.9 -3.319371584092466E-01
153.0 -3.297948441812800E-01
153.1 -3.245045001449146E-01
153.2 -3.164792053891238E-01
153.3 -3.061278712219870E-01
153.4 -2.938291678734713E-01
153.5 -2.799094544215867E-01
153.6 -2.646263682752123E-01
153.7 -2.481593092241942E-01
153.8 -2.306075254192379E-01
153.9 -2.119959145969119E-01
154.0 -1.922880401567177E-01
154.1 -1.714052780817561E-01
154.2 -1.492505057344477E-01
154.3 -1.257343603835681E-01
154.4 -1.008018677335265E-01
154.5 -7.445719002714965E-02
154.6 -4.678437611763453E-02
154.7 -1.796230332846638E-02
154.8 1.172754107642612E-02
154.9 4.190121968693064E-02
155.0 7.208058976163279E-02
155.1 1.017091275322220E-01
155.2 1.301742201511249E-01
155.3 1.568343018431554E-01
155.4 1.810488376526413E-01
155.5 2.022089550951938E-01
155.6 2.197665076941227E-01
155.7 2.332595248635070E-01
155.8 2.423323432230964E-01
155.9 2.467491932236574E-01
156.0 2.464005875096413E-01
156.1 2.413024709255712E-01
156.2 2.315886901172047E-01
156.3 2.174978686200124E-01
156.4 1.993561833282271E-01
156.5 1.775577938295285E-01
156.6 1.525447556801839E-01
156.7 1.247881476940605E-01
156.8 9.477187466713154E-02
156.9 6.298019998467648E-02
157.0 2.988956023888794E-02
157.1 -4.035331132974176E-03
157.2 -3.834161504805906E-02
157.3 -7.258563731388601E-02
157.4 -1.063288440634537E-01
157.5 -1.391337314170827E-01
157.6 -1.705613630282895E-01
157.7 -2.001717900219535E-01
157.8 -2.275283600430535E-01
157.9 -2.522064183811445E-01
158.0 -2.738063321275181E-01
158.1 -2.919701664442180E-01
158.2 -3.064007738381944E-01
158.3 -3.168815854200439E-01
158.4 -3.232950728468377E-01
158.5 -3.256377234346113E-01
158.6 -3.240294636408889E-01
158.7 -3.187157819715237E-01
158.8 -3.100613237176187E-01
158.9 -2.985344181376634E-01
159.0 -2.846827970136316E-01
159.1 -2.691016017549782E-01
159.2 -2.523955769335059E-01
159.3 -2.351380335508318E-01
159.4 -2.178296647074463E-01
159.5 -2.008605527491535E-01
159.6 -1.844786831781269E-01
159.7 -1.687679632525146E-01
159.8 -1.536381448817870E-01
159.9 -1.388282106108170E-01
160.0 -1.239237599437703E-01
160.1 -1.083878113739776E-01
160.2 -9.160330573390811E-02
160.3 -7.292455562722079E-02
160.4 -5.173402641109157E-02
160.5 -2.750023672936961E-02
160.6 1.677085649849739E-04
160.7 3.147335828031066E-02
160.8 6.639788816737759E-02
160.9 1.046799862938736E-01
161.0 1.458127643874667E-01
161.1 1.890585411711665E-01
161.2 2.334809717476667E-01
161.3 2.779926310286585E-01
161.4 3.214149110481133E-01
161.5 3.625460662701351E-01
161.6 4.002325257775593E-01
161.7 4.334382504267002E-01
161.8 4.613069806739133E-01
161.9 4.832126975963268E-01
162.0 4.987944726821181E-01
162.1 5.079730468905400E-01
162.2 5.109478655388869E-01
162.3 5.081747929431200E-01
162.4 5.003262195036470E-01
162.5 4.882366339717371E-01
162.6 4.728378546258922E-01
162.7 4.550889037145846E-01
162.8 4.359059051506363E-01
162.9 4.160973535923953E-01
163.0 3.963096461771687E-01
163.1 3.769869235478468E-01
163.2 3.583481034557670E-01
163.3 3.403826032016163E-01
163.4 3.228647497207985E-01
163.5 3.053853902191298E-01
163.6 2.873978625478290E-01
163.7 2.682743722618856E-01
163.8 2.473680414695990E-01
163.9 2.240755044678393E-01
164.0 1.978949555096189E-01
164.1 1.684749988451270E-01
164.2 1.356504703242735E-01
164.3 9.946252273875403E-02
164.4 6.016159864097598E-02
164.5 1.819334311890769E-02
164.6 -2.583108361224273E-02
164.7 -7.117756365401939E-02
164.8 -1.170406889455281E-01
164.9 -1.626000721536102E-01
165.0 -2.070765057092520E-01
165.1 -2.497832469388306E-01
165.2 -2.901681722190939E-01
165.3 -3.278433578145668E-01
165.4 -3.625997390870550E-01
165.5 -3.944057803677665E-01
165.6 -4.233904477844769E-01
165.7 -4.498121040928068E-01
165.8 -4.740161292224818E-01
165.9 -4.963850166210373E-01
166.0 -5.172853277098058E-01
166.1 -5.370161552849040E-01
166.2 -5.557636319032710E-01
166.3 -5.735655327828638E-01
166.4 -5.902892059666006E-01
166.5 -6.056249830341288E-01
166.6 -6.190959694387183E-01
166.7 -6.300837855996364E-01
166.8 -6.378685340226279E-01
166.9 -6.416801061466934E-01
167.0 -6.407570058650409E-01
167.1 -6.344082266872365E-01
167.2 -6.220734243114617E-01
167.3 -6.033766966984645E-01
167.4 -5.781697119025331E-01
167.5 -5.465606749285570E-01
167.6 -5.089266396378974E-01
167.7 -4.659078719799001E-01
167.8 -4.183842655435021E-01
167.9 -3.674351029272071E-01
168.0 -3.142846517922119E-01
168.1 -2.602370965893949E-01
168.2 -2.066050647501373E-01
168.3 -1.546364584274923E-01
168.4 -1.054444216659468E-01
168.5 -5.994505476783514E-02
168.6 -1.880695340727678E-02
168.7 1.758415748913305E-02
168.8 4.914344483962314E-02
168.9 7.608655076500054E-02
169.0 9.891085866585771E-02
169.1 1.183597475131898E-01
169.2 1.353722172423424E-01
169.3 1.510211680704560E-01
169.4 1.664442833577301E-01
169.5 1.827718611286816E-01
169.6 2.010560448440327E-01
169.7 2.222057207578292E-01
169.8 2.469308976640573E-01
169.9 2.756997025438896E-01
170.0 3.087102639765699E-01
170.1 3.458787755187938E-01
170.2 3.868440004427334E-01
170.3 4.309874650089932E-01
170.4 4.774676540507560E-01
170.5 5.252657267088922E-01
170.6 5.732396574143350E-01
170.7 6.201833099781860E-01
170.8 6.648867882739350E-01
170.9 7.061944773552539E-01
171.0 7.430574808125724E-01
171.1 7.745776469879064E-01
171.2 8.000410201763523E-01
171.3 8.189393063792444E-01
171.4 8.309787544219281E-01
171.5 8.360766683118274E-01
171.6 8.343465331817924E-01
171.7 8.260734074917283E-01
171.8 8.116817685289881E-01
171.9 7.916983668840049E-01
172.0 7.667128303903145E-01
172.1 7.373387534591258E-01
172.2 7.041778208627988E-01
172.3 6.677891647346175E-01
172.4 6.286656691274122E-01
172.5 5.872183554004496E-01
172.6 5.437693470455500E-01
172.7 4.985532699568447E-01
172.8 4.517263386718973E-01
172.9 4.033818522039501E-01
173.0 3.535704097301898E-01
173.1 3.023228827775543E-01
173.2 2.496740622883444E-01
173.3 1.956849401552860E-01
173.4 1.404617778998506E-01
173.5 8.417044152259003E-02
173.6 2.704491304788568E-02
173.7 -3.061060955987073E-02
173.8 -8.842608170025079E-02
173.9 -1.459759895527942E-01
174.0 -2.027948077636915E-01
174.1 -2.583962299765632E-01
174.2 -3.122946000750074E-01
174.3 -3.640268403329844E-01
174.4 -4.131731812538887E-01
174.5 -4.593751425265720E-01
174.6 -5.023494800656729E-01
174.7 -5.418971757285250E-01
174.8 -5.779069717033409E-01
174.9 -6.103534036874765E-01
175.0 -6.392897271812455E-01
175.1 -6.648365225694699E-01
175.2 -6.871670750589001E-01
175.3 -7.064908304657168E-01
175.4 -7.230363124314586E-01
175.5 -7.370348468882366E-01
175.6 -7.487062826386215E-01
175.7 -7.582476403302506E-01
175.8 -7.658252922309445E-01
175.9 -7.715709047150627E-01
176.0 -7.755810002285912E-01
176.1 -7.779196516517181E-01
176.2 -7.786235419917803E-01
176.3 -7.777084323664248E-01
176.4 -7.751759985404171E-01
176.5 -7.710200275865917E-01
176.6 -7.652311070688285E-01
176.7 -7.577991741758824E-01
176.8 -7.487135967274620E-01
176.9 -7.379608000807492E-01
177.0 -7.255197977565527E-01
177.1 -7.113562925295840E-01
177.2 -6.954162551775936E-01
177.3 -6.776200327443582E-01
177.4 -6.578580688114072E-01
177.5 -6.359892277314201E-01
177.6 -6.118425079092883E-01
177.7 -5.852226227216196E-01
177.8 -5.559195487519176E-01
177.9 -5.237217250519275E-01
178.0 -4.884321744346568E-01
178.1 -4.498864498737591E-01
178.2 -4.079710246720036E-01
178.3 -3.626405763324565E-01
178.4 -3.139325833247459E-01
178.5 -2.619777711752628E-01
178.6 -2.070052058574986E-01
178.7 -1.493412208753692E-01
178.8 -8.940184968402641E-02
178.9 -2.767897693288308E-02
179.0 3.527902662137912E-02
179.1 9.889090955543335E-02
179.2 1.625686866814101E-01
179.3 2.257443355685297E-01
179.4 2.878949194022530E-01
179.5 3.485640611419383E-01
179.6 4.073779246285110E-01
179.7 4.640542580994728E-01
179.8 5.184035957917630E-01
179.9 5.703223520154991E-01
180.0 6.197782274420942E-01
180.1 6.667890219585395E-01
180.2 7.113965541852580E-01
180.3 7.536378708659141E-01
180.4 7.935162451282891E-01
180.5 8.309745795371192E-01
180.6 8.658737324561034E-01
180.7 8.979779767631583E-01
180.8 9.269492984984996E-01
180.9 9.523515860405931E-01
181.0 9.736649979319486E-01
181.1 9.903099890725237E-01
181.2 1.001679684884547E+00
181.3 1.007178584813423E+00
181.4 1.006265007850629E+00
181.5 9.984943106403835E-01
181.6 9.835597455694884E-01
181.7 9.613278971796066E-01
181.8 9.318659369243800E-01
181.9 8.954584471692505E-01
182.0 8.526122474710963E-01
182.1 8.040484584229932E-01
182.2 7.506819005360604E-01
182.3 6.935887834661822E-01
182.4 6.339644311404803E-01
182.5 5.730734537954176E-01
182.6 5.121952718528385E-01
182.7 4.525681860762610E-01
182.8 3.953352568550371E-01
182.9 3.414951030568397E-01
183.0 2.918603744376650E-01
183.1 2.470261224900510E-01
183.2 2.073496358665278E-01
183.3 1.729425689939029E-01
183.4 1.436754305992730E-01
183.5 1.191937661746325E-01
183.6 9.894471355368685E-02
183.7 8.221207397658245E-02
183.8 6.815765145316453E-02
183.9 5.586638748409019E-02
184.0 4.439275981468610E-02
184.1 3.280601407382860E-02
184.2 2.023203636138763E-02
184.3 5.890025247517298E-03
184.4 -1.087745002693839E-02
184.5 -3.058194767714770E-02
184.6 -5.357467216961916E-02
184.7 -8.004002380122201E-02
184.8 -1.099967848753826E-01
184.9 -1.433062129727785E-01
185.0 -1.796860570047641E-01
185.1 -2.187293415319463E-01
185.2 -2.599266766746417E-01
185.3 -3.026908369202873E-01
185.4 -3.463824005664243E-01
185.5 -3.903353387121042E-01
185.6 -4.338815744985863E-01
185.7 -4.763736865492152E-01
185.8 -5.172050940814947E-01
185.9 -5.558272262903178E-01
186.0 -5.917633392744545E-01
186.1 -6.246187962480375E-01
186.2 -6.540877690021246E-01
186.3 -6.799564494511753E-01
186.4 -7.021029786627823E-01
186.5 -7.204944055734246E-01
186.6 -7.351810762726797E-01
186.7 -7.462889239323781E-01
186.8 -7.540101750681774E-01
186.9 -7.585930055982559E-01
187.0 -7.603306665248253E-01
187.1 -7.595505520277391E-01
187.2 -7.566036028482956E-01
187.3 -7.518543287888118E-01
187.4 -7.456716032772648E-01
187.5 -7.384202410745954E-01
187.6 -7.304532311010351E-01
187.7 -7.221043756538420E-01
187.8 -7.136810009704558E-01
187.9 -7.054563667113447E-01
188.0 -6.976614247090148E-01
188.1 -6.904756663372218E-01
188.2 -6.840169525970317E-01
188.3 -6.783304335107737E-01
188.4 -6.733769180202397E-01
188.5 -6.690213296521517E-01
188.6 -6.650221485837071E-01
188.7 -6.610229660238877E-01
188.8 -6.565474302901678E-01
188.9 -6.509989167915303E-01
189.0 -6.436661837549289E-01
189.1 -6.337360686676683E-01
189.2 -6.203139354801945E-01
189.3 -6.024521112657050E-01
189.4 -5.791859784676417E-01
189.5 -5.495767528876635E-01
189.6 -5.127593263094661E-01
189.7 -4.679929411076438E-01
189.8 -4.147119497553417E-01
189.9 -3.525735495824859E-01
190.0 -2.814992193325535E-01
190.1 -2.017066531127057E-01
190.2 -1.137293063894663E-01
190.3 -1.842123508424996E-02
190.4 8.305430122722694E-02
190.5 1.892530319423492E-01
190.6 2.984941383015630E-01
190.7 4.089193357007763E-01
190.8 5.185638448776462E-01
190.9 6.254355738868594E-01
191.0 7.275980987027154E-01
191.1 8.232525780313611E-01
191.2 9.108136166267460E-01
191.3 9.889743259056698E-01
191.4 1.056756418221578E+00
191.5 1.113542080529140E+00
191.6 1.159085545979727E+00
191.7 1.193503636564196E+00
191.8 1.217245987241750E+00
191.9 1.231047073336881E+00
192.0 1.235863438657538E+00
192.1 1.232800560214557E+00
192.2 1.223034501824252E+00
192.3 1.207733842737460E+00
192.4 1.187987288100703E+00
192.5 1.164741877900577E+00
192.6 1.138755845913789E+00
192.7 1.110569006964470E+00
192.8 1.080492162262663E+00
192.9 1.048615520012923E+00
193.0 1.014834652405917E+00
193.1 9.788911703397263E-01
193.2 9.404242026479660E-01
193.3 8.990280058755131E-01
193.4 8.543106644494569E-01
193.5 8.059488968793287E-01
193.6 7.537344530635112E-01
193.7 6.976084273816141E-01
193.8 6.376809470242522E-01
193.9 5.742350249059803E-01
194.0 5.077147750970015E-01
194.1 4.386995533427587E-01
194.2 3.678667877716543E-01
194.3 2.959472020523095E-01
194.4 2.236767257453006E-01
194.5 1.517495860048407E-01
194.6 8.077686788248850E-02
194.7 1.125424024826606E-02
194.8 -5.645837216154127E-02
194.9 -1.221435469064709E-01
195.0 -1.857192187537717E-01
195.1 -2.472186030973426E-01
195.2 -3.067593609058311E-01
195.3 -3.645051667081247E-01
195.4 -4.206235279908858E-01
195.5 -4.752440287899104E-01
195.6 -5.284211048123526E-01
195.7 -5.801050105787763E-01
195.8 -6.301238542165242E-01
195.9 -6.781785269109418E-01
196.0 -7.238511398005408E-01
196.1 -7.666263142709248E-01
196.2 -8.059234695012343E-01
196.3 -8.411372245977600E-01
196.4 -8.716822758468999E-01
196.5 -8.970386913036815E-01
196.6 -9.167935222080326E-01
196.7 -9.306749657065193E-01
196.8 -9.385759931044407E-01
196.9 -9.405653175614987E-01
197.0 -9.368847242479692E-01
197.1 -9.279330168104744E-01
197.2 -9.142380318518212E-01
197.3 -8.964192270549027E-01
197.4 -8.751441617764124E-01
197.5 -8.510826877934402E-01
197.6 -8.248628088312940E-01
197.7 -7.970319409770360E-01
197.8 -7.680267373149907E-01
197.9 -7.381537865743718E-01
198.0 -7.075824413689293E-01
198.1 -6.763498793719374E-01
198.2 -6.443773617877461E-01
198.3 -6.114956369823328E-01
198.4 -5.774766398017420E-01
198.5 -5.420681337859296E-01
198.6 -5.050277800001480E-01
198.7 -4.661533049532865E-01
198.8 -4.253059588447317E-01
198.9 -3.824252495313162E-01
199.0 -3.375339253526292E-01
199.1 -2.907332603509631E-01
199.2 -2.421897582061070E-01
199.3 -1.921153276078516E-01
199.4 -1.407436952570937E-01
199.5 -8.830623849125462E-02
199.6 -3.501049231283170E-02
199.7 1.897569588084597E-02
199.8 7.353200197094134E-02
199.9 1.285839726871164E-01
200.0 1.840914757025695E-01
200.1 2.400279913114322E-01
200.2 2.963525959864194E-01
200.3 3.529774469264629E-01
200.4 4.097342804158069E-01
200.5 4.663438055949120E-01
200.6 5.223918603210753E-01
200.7 5.773157848361169E-01
200.8 6.304036880035286E-01
200.9 6.808081926610964E-01
201.0 7.275749453544885E-01
201.1 7.696847787113907E-01
201.2 8.061070518167812E-01
201.3 8.358604954483143E-01
201.4 8.580769733988359E-01
201.5 8.720630336269076E-01
201.6 8.773540263071519E-01
201.7 8.737559335631288E-01
201.8 8.613708692225031E-01
201.9 8.406034065962619E-01
202.0 8.121463818019672E-01
202.1 7.769464749186065E-01
202.2 7.361515491793873E-01
202.3 6.910432825095247E-01
202.4 6.429599173909316E-01
202.5 5.932148666578004E-01
202.6 5.430173586196390E-01
202.7 4.934012390144237E-01
202.8 4.451674683259415E-01
202.9 3.988448045915524E-01
203.0 3.546717291312689E-01
203.1 3.126009750556081E-01
203.2 2.723261992183064E-01
203.3 2.333285520010824E-01
203.4 1.949392981038530E-01
203.5 1.564133616584008E-01
203.6 1.170078188667236E-01
203.7 7.605901185796023E-02
203.8 3.305213573165418E-02
203.9 -1.232216201178169E-02
204.0 -6.012849721409488E-02
204.1 -1.101676295781439E-01
204.2 -1.619786652753615E-01
204.3 -2.148619800327337E-01
204.4 -2.679205872689452E-01
204.5 -3.201162293523686E-01
204.6 -3.703353710105441E-01
204.7 -4.174596099120380E-01
204.8 -4.604348380749169E-01
204.9 -4.983337929693484E-01
205.0 -5.304073895564672E-01
205.1 -5.561213455363156E-01
205.2 -5.751759919707173E-01
205.3 -5.875086696863515E-01
205.4 -5.932796095426268E-01
205.5 -5.928435474051328E-01
205.6 -5.867104149974152E-01
205.7 -5.754991856421877E-01
205.8 -5.598892844490821E-01
205.9 -5.405738806366518E-01
206.0 -5.182188905441971E-01
206.1 -4.934306956875307E-01
206.2 -4.667345134756665E-01
206.3 -4.385641622887336E-01
206.4 -4.092627603363094E-01
206.5 -3.790928092030648E-01
206.6 -3.482532439962435E-01
206.7 -3.169004637290302E-01
206.8 -2.851701369941995E-01
206.9 -2.531967214733060E-01
207.0 -2.211281163766896E-01
207.1 -1.891336250648293E-01
207.2 -1.574043532978199E-01
207.3 -1.261462002215133E-01
207.4 -9.556659969940820E-02
207.5 -6.585702799619496E-02
207.6 -3.717391422654302E-02
207.7 -9.620901432863149E-03
207.8 1.676463000148947E-02
207.9 4.201825080749824E-02
208.0 6.624655811652769E-02
208.1 8.961575934389587E-02
208.2 1.123309831766386E-01
208.3 1.346076688035234E-01
208.4 1.566374323582435E-01
208.5 1.785516573345945E-01
208.6 2.003866054020232E-01
208.7 2.220540249127002E-01
208.8 2.433210108237932E-01
208.9 2.638022455753370E-01
209.0 2.829667695154918E-01
209.1 3.001601723431072E-01
209.2 3.146416741726200E-01
209.3 3.256341065576174E-01
209.4 3.323834483694780E-01
209.5 3.342234519267681E-01
209.6 3.306401264279523E-01
209.7 3.213305145595416E-01
209.8 3.062503521399847E-01
209.9 2.856458444485527E-01
210.0 2.600658863078706E-01
210.1 2.303525137803148E-01
210.2 1.976090858128985E-01
210.3 1.631475112281081E-01
210.4 1.284176041224294E-01
210.5 9.492321399072590E-02
210.6 6.413099567716712E-02
210.7 3.737844622504202E-02
210.8 1.578806666261581E-02
210.9 1.941777591960539E-04
211.0 -8.911950847784945E-03
211.1 -1.141434260238255E-02
211.2 -7.579321546510174E-03
211.3 1.963384289471748E-03
211.4 1.626411238906811E-02
211.5 3.411807779308916E-02
211.6 5.414665859705860E-02
211.7 7.488904383195050E-02
211.8 9.489738968940718E-02
211.9 1.128284453980964E-01
212.0 1.275249950141483E-01
212.1 1.380813784969764E-01
212.2 1.438887220458605E-01
212.3 1.446572034727160E-01
212.4 1.404145562789027E-01
212.5 1.314819153087351E-01
212.6 1.184298671498205E-01
212.7 1.020190442132314E-01
212.8 8.313067421216448E-02
212.9 6.269308531501554E-02
213.0 4.161023408364681E-02
213.1 2.069787724103988E-02
213.2 6.321028421457870E-04
213.3 -1.808633588875395E-02
213.4 -3.514995736930638E-02
213.5 -5.044445229789553E-02
213.6 -6.403181811905048E-02
213.7 -7.611939273323676E-02
213.8 -8.701854882787126E-02
213.9 -9.709751919528464E-02
214.0 -1.067330956968998E-01
214.1 -1.162657718127533E-01
214.2 -1.259623137990066E-01
214.3 -1.359888182374300E-01
214.4 -1.463961437030535E-01
214.5 -1.571183104890274E-01
214.6 -1.679831718300624E-01
214.7 -1.787334956474154E-01
214.8 -1.890556645528725E-01
214.9 -1.986125852376404E-01
215.0 -2.070771453091329E-01
215.1 -2.141626784308611E-01
215.2 -2.196473726869588E-01
215.3 -2.233903241791361E-01
215.4 -2.253379124468331E-01
215.5 -2.255202525016146E-01
215.6 -2.240385483838610E-01
215.7 -2.210451267796469E-01
215.8 -2.167186718807030E-01
215.9 -2.112376428351316E-01
216.0 -2.047549910288900E-01
216.1 -1.973770976766772E-01
216.2 -1.891493481736885E-01
216.3 -1.800500045738211E-01
216.4 -1.699931124645473E-01
216.5 -1.588401809369683E-01
216.6 -1.464194084053480E-01
216.7 -1.325503928966284E-01
216.8 -1.170716493565869E-01
216.9 -9.986792222954548E-02
217.0 -8.089426397276010E-02
217.1 -6.019415192816727E-02
217.2 -3.790950730347147E-02
217.3 -1.428130166871512E-02
217.4 1.035959443412043E-02
217.5 3.561064753802547E-02
217.6 6.102334430588347E-02
217.7 8.613387265961771E-02
217.8 1.104957782260971E-01
217.9 1.337112982832779E-01
218.0 1.554581311854877E-01
218.1 1.755087854133730E-01
218.2 1.937403357088507E-01
218.3 2.101333312687452E-01
218.4 2.247596659364514E-01
218.5 2.377603304756599E-01
218.6 2.493150143401009E-01
218.7 2.596064055763723E-01
218.8 2.687826640263401E-01
218.9 2.769218496069542E-01
219.0 2.840020387177862E-01
219.1 2.898804557778272E-01
219.2 2.942842154249376E-01
219.3 2.968142770443772E-01
219.4 2.969630454176715E-01
219.5 2.941448150051905E-01
219.6 2.877370636852279E-01
219.7 2.771295645072990E-01
219.8 2.617774975891720E-01
219.9 2.412542826533381E-01
220.0 2.152997604316864E-01
220.1 1.838596392712023E-01
220.2 1.471127681386225E-01
220.3 1.054837428101871E-01
220.4 5.963951508766434E-02
220.5 1.046995264965032E-02
220.6 -4.094642309982373E-02
220.7 -9.338912439103082E-02
220.8 -1.455514553203122E-01
220.9 -1.961013225451018E-01
221.0 -2.437427637000087E-01
221.1 -2.872739124106495E-01
221.2 -3.256375308173361E-01
221.3 -3.579609671367488E-01
221.4 -3.835833653094545E-01
221.5 -4.020690737083077E-01
221.6 -4.132073657812313E-01
221.7 -4.169996909165164E-01
221.8 -4.136366202380508E-01
221.9 -4.034673580130460E-01
222.0 -3.869650978609850E-01
222.1 -3.646915863585180E-01
222.2 -3.372640187994926E-01
222.3 -3.053268672110193E-01
222.4 -2.695304903843443E-01
222.5 -2.305174811563872E-01
222.6 -1.889167611150759E-01
222.7 -1.453445337810945E-01
222.8 -1.004104440106953E-01
222.9 -5.472673843693231E-02
223.0 -8.917931371722468E-03
223.1 3.637152236072001E-02
223.2 8.047376616104131E-02
223.3 1.226999805084097E-01
223.4 1.623496886513036E-01
223.5 1.987270592199494E-01
223.6 2.311634726110557E-01
223.7 2.590448186496530E-01
223.8 2.818413412765614E-01
223.9 2.991374104193774E-01
224.0 3.106584284346588E-01
224.1 3.162921886813511E-01
224.2 3.161023885324759E-01
224.3 3.103326224584094E-01
224.4 2.993999827008971E-01
224.5 2.838782974352354E-01
224.6 2.644719508357044E-01
224.7 2.419820662585027E-01
224.8 2.172675104033333E-01
224.9 1.912036260075076E-01
225.0 1.646417788560406E-01
225.1 1.383726939162262E-01
225.2 1.130961660771820E-01
225.3 8.939910173955976E-02
225.4 6.774304066429412E-02
225.5 4.846140310149864E-02
225.6 3.176579518206085E-02
225.7 1.775987669849497E-02
225.8 6.458632448967824E-03
225.9 -2.189542426506828E-03
226.0 -8.280688069733718E-03
226.1 -1.193566592445733E-02
226.2 -1.328528205323549E-02
226.3 -1.246169725577027E-02
226.4 -9.596857744997052E-03
226.5 -4.827780502571889E-03
226.6 1.692361910131930E-03
226.7 9.779196780977266E-03
226.8 1.920058069612259E-02
226.9 2.966127274942390E-02
227.0 4.079165622787356E-02
227.1 5.214303425123000E-02
227.2 6.319144973479643E-02
227.3 7.335115785287546E-02
227.4 8.199788502639475E-02
227.5 8.850093703802786E-02
227.6 9.226217567423428E-02
227.7 9.275897456209056E-02
227.8 8.958758734543475E-02
227.9 8.250299264292560E-02
228.0 7.145127086112515E-02
228.1 5.659093572953409E-02
228.2 3.830037093214117E-02
228.3 1.716955736819967E-02
228.4 -6.024463357195090E-03
228.5 -3.035756516651063E-02
228.6 -5.481175366552860E-02
228.7 -7.833817416574668E-02
228.8 -9.992545994552554E-02
228.9 -1.186683088829854E-01
229.0 -1.338309303816738E-01
229.1 -1.449002079943003E-01
229.2 -1.516240729582727E-01
229.3 -1.540316370009757E-01
229.4 -1.524330096421091E-01
229.5 -1.473983159003028E-01
229.6 -1.397171037205930E-01
229.7 -1.303409454905159E-01
229.8 -1.203134558286671E-01
229.9 -1.106930439378675E-01
230.0 -1.024743942317544E-01
230.1 -9.651485916140666E-02
230.2 -9.347162922275179E-02
230.3 -9.375473618988897E-02
230.4 -9.749970786725515E-02
230.5 -1.045621244522195E-01
230.6 -1.145345554562944E-01
230.7 -1.267845280388357E-01
230.8 -1.405104447334179E-01
230.9 -1.548108763247691E-01
231.0 -1.687615303489624E-01
231.1 -1.814935336657892E-01
231.2 -1.922665268494609E-01
231.3 -2.005304635108041E-01
231.4 -2.059709091462779E-01
231.5 -2.085339694703674E-01
231.6 -2.084286389027248E-01
231.7 -2.061062101917870E-01
231.8 -2.022182744218880E-01
231.9 -1.975566119971165E-01
232.0 -1.929797844062754E-01
232.1 -1.893323601150699E-01
232.2 -1.873633541086302E-01
232.3 -1.876505769999586E-01
232.4 -1.905371672030750E-01
232.5 -1.960856532953871E-01
232.6 -2.040535389270008E-01
232.7 -2.138927292509409E-01
232.8 -2.247732605791699E-01
232.9 -2.356299022825226E-01
233.0 -2.452284218627006E-01
233.1 -2.522467800144678E-01
233.2 -2.553653700110869E-01
233.3 -2.533597216110566E-01
233.4 -2.451889032179533E-01
233.5 -2.300731857914959E-01
233.6 -2.075553458559330E-01
233.7 -1.775412133423010E-01
233.8 -1.403166122910841E-01
233.9 -9.653957553473012E-02
234.0 -4.720850307787778E-02
234.1 6.391358526877311E-03
234.2 6.275923891157925E-02
234.3 1.202629079118088E-01
234.4 1.772296323127925E-01
234.5 2.320378330840033E-01
234.6 2.832033637452094E-01
234.7 3.294548772961892E-01
234.8 3.697936750016106E-01
234.9 4.035346536645751E-01
235.0 4.303263878402744E-01
235.1 4.501498878946804E-01
235.2 4.632970503122843E-01
235.3 4.703311566880446E-01
235.4 4.720328908505657E-01
235.5 4.693361592981664E-01
235.6 4.632584739828821E-01
235.7 4.548307716230302E-01
235.8 4.450313109497676E-01
235.9 4.347277446744808E-01
236.0 4.246306636929424E-01
236.1 4.152609298368697E-01
236.2 4.069320321053702E-01
236.3 3.997476037822339E-01
236.4 3.936132039161087E-01
236.5 3.882605659969300E-01
236.6 3.832818043348575E-01
236.7 3.781705818626872E-01
236.8 3.723669997370208E-01
236.9 3.653029678647853E-01
237.0 3.564450373371516E-01
237.1 3.453320869011205E-01
237.2 3.316058111795037E-01
237.3 3.150326067618966E-01
237.4 2.955161396637533E-01
237.5 2.731005521043877E-01
237.6 2.479648819088242E-01
237.7 2.204097865475520E-01
237.8 1.908380589596233E-01
237.9 1.597306785102016E-01
238.0 1.276202539138711E-01
238.1 9.506369255551886E-02
238.2 6.261578820753975E-02
238.3 3.080517938488837E-02
238.4 1.138206381667303E-04
238.5 -2.903924194996165E-02
238.6 -5.630936322307682E-02
238.7 -8.143298103504483E-02
238.8 -1.042297229308478E-01
238.9 -1.246004322645142E-01
239.0 -1.425218034837131E-01
239.1 -1.580384404257318E-01
239.2 -1.712532044593664E-01
239.3 -1.823167056030773E-01
239.4 -1.914167176976474E-01
239.5 -1.987681795582560E-01
239.6 -2.046042908940318E-01
239.7 -2.091690386423372E-01
239.8 -2.127113101586512E-01
239.9 -2.154805775469296E-01
240.0 -2.177239839566589E-01
240.1 -2.196845375959615E-01
240.2 -2.216000298641238E-01
240.3 -2.237022451566579E-01
240.4 -2.262160235858143E-01
240.5 -2.293577733719403E-01
240.6 -2.333331035877542E-01
240.7 -2.383333543501768E-01
240.8 -2.445309323005984E-01
240.9 -2.520735043327326E-01
241.0 -2.610772507935587E-01
241.1 -2.716195189713577E-01
241.2 -2.837313369320075E-01
241.3 -2.973903359891239E-01
241.4 -3.125146784271662E-01
241.5 -3.289585892652439E-01
241.6 -3.465100438207144E-01
241.7 -3.648910672778569E-01
241.8 -3.837609629633824E-01
241.9 -4.027226109523164E-01
242.0 -4.213317797248131E-01
242.1 -4.391091852387730E-01
242.2 -4.555548299429140E-01
242.3 -4.701639752510370E-01
242.4 -4.824439601452871E-01
242.5 -4.919309888232581E-01
242.6 -4.982059810027460E-01
242.7 -5.009086144102990E-01
242.8 -4.997487896505526E-01
242.9 -4.945149072077077E-01
243.0 -4.850785537560804E-01
243.1 -4.713954348608160E-01
243.2 -4.535026449446121E-01
243.3 -4.315126128298267E-01
243.4 -4.056042820552817E-01
243.5 -3.760122611979028E-01
243.6 -3.430147958326819E-01
243.7 -3.069214607286291E-01
243.8 -2.680614445364387E-01
243.9 -2.267732021179051E-01
244.0 -1.833960906228571E-01
244.1 -1.382643988357067E-01
244.2 -9.170394389896137E-02
244.3 -4.403116661513826E-02
244.4 4.445571871508427E-03
244.5 5.342298251288174E-02
244.6 1.025987613817964E-01
244.7 1.516671311808940E-01
244.8 2.003147250375009E-01
244.9 2.482174626020873E-01
245.0 2.950389425962862E-01
245.1 3.404307016270927E-01
245.2 3.840344846249222E-01
245.3 4.254864588714505E-01
245.4 4.644231031965366E-01
245.5 5.004883369898891E-01
245.6 5.333413370438183E-01
245.7 5.626644354163713E-01
245.8 5.881705033885269E-01
245.9 6.096093029402117E-01
246.0 6.267724187662987E-01
246.1 6.394965553937281E-01
246.2 6.476651756351586E-01
246.3 6.512086461695732E-01
246.4 6.501032211493324E-01
246.5 6.443693154390473E-01
246.6 6.340695800378984E-01
246.7 6.193072844904837E-01
246.8 6.002254333061914E-01
246.9 5.770069022331121E-01
247.0 5.498756898616085E-01
247.1 5.190991609371153E-01
247.2 4.849909347042918E-01
247.3 4.479138711214292E-01
247.4 4.082824553778063E-01
247.5 3.665637984717969E-01
247.6 3.232764739506779E-01
247.7 2.789865052286400E-01
247.8 2.343000016399616E-01
247.9 1.898522022711812E-01
248.0 1.462930034084650E-01
248.1 1.042693896766934E-01
248.2 6.440552751712948E-02
248.3 2.728157794087343E-02
248.4 -6.587489137426621E-03
248.5 -3.677167149218602E-02
248.6 -6.294288843058476E-02
248.7 -8.488781912639289E-02
248.8 -1.025155766881903E-01
248.9 -1.158595200175871E-01
249.0 -1.250729355879282E-01
249.1 -1.304187940087676E-01
249.2 -1.322542591644978E-01
249.3 -1.310110564037013E-01
249.4 -1.271731486086868E-01
249.5 -1.212533894531465E-01
249.6 -1.137708965445884E-01
249.7 -1.052308014714174E-01
249.8 -9.610779202823871E-02
249.9 -8.683448238482133E-02
250.0 -7.779516216900112E-02
250.1 -6.932492941072708E-02
250.2 -6.171365686989189E-02
250.3 -5.521373130130346E-02
250.4 -5.005009334583146E-02
250.5 -4.643083719006563E-02
250.6 -4.455653693364647E-02
250.7 -4.462656783146680E-02
250.8 -4.684098400090088E-02
250.9 -5.139697953002793E-02
251.0 -5.847955897133190E-02
251.1 -6.824672264755054E-02
251.2 -8.081016806636240E-02
251.3 -9.621315205719765E-02
251.4 -1.144076813845085E-01
251.5 -1.352335428168100E-01
251.6 -1.584018011529223E-01
251.7 -1.834852587176603E-01
251.8 -2.099179779812965E-01
251.9 -2.370053398440358E-01
252.0 -2.639452867146612E-01
252.1 -2.898604452680129E-01
252.2 -3.138398178288480E-01
252.3 -3.349877620308694E-01
252.4 -3.524771356502908E-01
252.5 -3.656028507502898E-01
252.6 -3.738317276351353E-01
252.7 -3.768445126048493E-01
252.8 -3.745662457647064E-01
252.9 -3.671818283855763E-01
253.0 -3.551346057233618E-01
253.1 -3.391069850218988E-01
253.2 -3.199834605108716E-01
253.3 -2.987978118684871E-01
253.4 -2.766675660686574E-01
253.5 -2.547199523732813E-01
253.6 -2.340144350983094E-01
253.7 -2.154673973362371E-01
253.8 -1.997846172810707E-01
253.9 -1.874068063570555E-01
254.0 -1.784726798511355E-01
254.1 -1.728028564834202E-01
254.2 -1.699064157798404E-01
254.3 -1.690102898162943E-01
254.4 -1.691099551894773E-01
254.5 -1.690382559050750E-01
254.6 -1.675477590009792E-01
254.7 -1.634009388320829E-01
254.8 -1.554617958514649E-01
254.9 -1.427823023899848E-01
255.0 -1.246773550254153E-01
255.1 -1.007826846013189E-01
255.2 -7.109137592135456E-02
255.3 -3.596618996880020E-02
255.4 3.873355206489909E-03
255.5 4.738833882577264E-02
255.6 9.327962748282992E-02
255.7 1.400647039940607E-01
255.8 1.861666600375988E-01
255.9 2.300090176818482E-01
256.0 2.701096680171465E-01
256.1 3.051673477698881E-01
256.2 3.341347029625177E-01
256.3 3.562730591481023E-01
256.4 3.711854426291101E-01
256.5 3.788260612607440E-01
256.6 3.794862241676510E-01
256.7 3.737584174875517E-01
256.8 3.624818232916400E-01
256.9 3.466738518689017E-01
257.0 3.274531593574502E-01
257.1 3.059600812774704E-01
257.2 2.832804026161040E-01
257.3 2.603779195695002E-01
257.4 2.380403759552739E-01
257.5 2.168421592074406E-01
257.6 1.971257214203488E-01
257.7 1.790021697134500E-01
257.8 1.623699715621313E-01
257.9 1.469493633372948E-01
258.0 1.323289374782167E-01
258.1 1.180200954538954E-01
258.2 1.035146406063144E-01
258.3 8.834076520524306E-02
258.4 7.211304469412422E-02
258.5 5.457274371060800E-02
258.6 3.561569192227723E-02
258.7 1.530611324269771E-02
258.8 -6.124010573645782E-03
258.9 -2.828929322260032E-02
259.0 -5.067722161163855E-02
259.1 -7.268372539324161E-02
259.2 -9.365482688995647E-02
259.3 -1.129308759501093E-01
259.4 -1.298898909348811E-01
259.5 -1.439868245015895E-01
259.6 -1.547861081399283E-01
259.7 -1.619855415178847E-01
259.8 -1.654304088989821E-01
259.9 -1.651175479500470E-01
260.0 -1.611898915786970E-01
260.1 -1.539226857062840E-01
260.2 -1.437031045032977E-01
260.3 -1.310053075156014E-01
260.4 -1.163630986217143E-01
260.5 -1.003422634642724E-01
260.6 -8.351440665874653E-02
260.7 -6.643372392839374E-02
260.8 -4.961767809950838E-02
260.9 -3.353205627057246E-02
261.0 -1.858042125028066E-02
261.1 -5.097579244523408E-03
261.2 6.653597967883138E-03
261.3 1.648281457516572E-02
261.4 2.427129910445615E-02
261.5 2.996980718890897E-02
261.6 3.359623467076065E-02
261.7 3.523314368523255E-02
261.8 3.502522950380305E-02
261.9 3.317650050104074E-02
262.0 2.994674482944340E-02
262.1 2.564674434803784E-02
262.2 2.063168681757553E-02
262.3 1.529232580975613E-02
262.4 1.004363487192061E-02
262.5 5.310976237665216E-03
262.6 1.514122558320706E-03
262.7 -9.502060538188915E-04
262.8 -1.726338948484328E-03
262.9 -5.170206082847815E-04
263.0 2.901129074989677E-03
263.1 8.665316466416401E-03
263.2 1.681854264578738E-02
263.3 2.730666476440431E-02
263.4 3.998099206254554E-02
263.5 5.460640237016888E-02
263.6 7.087448076755383E-02
263.7 8.842071822708765E-02
263.8 1.068444131707810E-01
263.9 1.257296367396455E-01
264.0 1.446654873276338E-01
264.1 1.632638922207558E-01
264.2 1.811734185030178E-01
264.3 1.980879190612370E-01
264.4 2.137493332946581E-01
264.5 2.279445425500089E-01
264.6 2.404967934673997E-01
264.7 2.512527890050374E-01
264.8 2.600670477819191E-01
264.9 2.667854944221559E-01
265.0 2.712304251080327E-01
265.1 2.731889677186012E-01
265.2 2.724069178363807E-01
265.3 2.685893938698276E-01
265.4 2.614091495418235E-01
265.5 2.505226601890405E-01
265.6 2.355933238560296E-01
265.7 2.163203596752054E-01
265.8 1.924713162097298E-01
265.9 1.639155874410505E-01
266.0 1.306560281558149E-01
266.1 9.285570061737738E-02
266.2 5.085698641009039E-02
266.3 5.190753803972761E-03
266.4 -4.342604869952808E-02
266.5 -9.410514945924227E-02
266.6 -1.458138820555130E-01
266.7 -1.974131253935559E-01
266.8 -2.477041758375390E-01
266.9 -2.954816922388900E-01
267.0 -3.395892864195440E-01
267.1 -3.789740279437355E-01
267.2 -4.127361243642342E-01
267.3 -4.401703329194297E-01
267.4 -4.607962371245350E-01
267.5 -4.743753373045218E-01
267.6 -4.809138920954533E-01
267.7 -4.806515268268868E-01
267.8 -4.740367042786946E-01
267.9 -4.616911424604387E-01
268.0 -4.443660787667578E-01
268.1 -4.228938506368718E-01
268.2 -3.981385410060360E-01
268.3 -3.709493989302237E-01
268.4 -3.421203958466736E-01
268.5 -3.123586473754565E-01
268.6 -2.822635754820230E-01
268.7 -2.523176822371503E-01
268.8 -2.228887436558857E-01
268.9 -1.942422049529058E-01
269.0 -1.665616588510038E-01
269.1 -1.399745970174178E-01
269.2 -1.145802035752626E-01
269.3 -9.047584714908559E-02
269.4 -6.777913460128411E-02
269.5 -4.664289722317482E-02
269.6 -2.726124298517433E-02
269.7 -9.865757289512767E-03
269.8 5.288017291904978E-03
269.9 1.794264134035227E-02
270.0 2.786724329910447E-02
270.1 3.488948474625263E-02
270.2 3.892761610688174E-02
270.3 4.001902100941741E-02
270.4 3.834179575414429E-02
270.5 3.422639372479962E-02
270.6 2.815514803035615E-02
270.7 2.074850664990218E-02
270.8 1.273798779427786E-02
270.9 4.927088583904293E-03
271.0 -1.857449969348021E-03
271.1 -6.820609457357955E-03
271.2 -9.256124996098866E-03
271.3 -8.600987134387098E-03
271.4 -4.482771033412313E-03
271.5 3.244508243476809E-03
271.6 1.447959625891123E-02
271.7 2.887078983671299E-02
271.8 4.583155293009501E-02
271.9 6.457474171641246E-02
272.0 8.416373415371523E-02
272.1 1.035773527631033E-01
272.2 1.217842609455139E-01
272.3 1.378216047220926E-01
272.4 1.508721432365607E-01
272.5 1.603340135800190E-01
272.6 1.658776260126745E-01
272.7 1.674849668274919E-01
272.8 1.654677461713273E-01
272.9 1.604622850161704E-01
273.0 1.534006829547508E-01
273.1 1.454595244286138E-01
273.2 1.379890367412703E-01
273.3 1.324270836093815E-01
273.4 1.302035511182297E-01
273.5 1.326414687185353E-01
273.6 1.408615451339972E-01
273.7 1.556966600976104E-01
273.8 1.776222457055462E-01
273.9 2.067074588274206E-01
274.0 2.425906629975340E-01
274.1 2.844811048908255E-01
274.2 3.311869053161798E-01
274.3 3.811677151566742E-01
274.4 4.326087397874383E-01
274.5 4.835114280877701E-01
274.6 5.317950524204155E-01
274.7 5.754027463074811E-01
274.8 6.124053585972095E-01
274.9 6.410967348457378E-01
275.0 6.600747230598659E-01
275.1 6.683032653891067E-01
275.2 6.651522969962014E-01
275.3 6.504137256074349E-01
275.4 6.242933958067901E-01
275.5 5.873805335510381E-01
275.6 5.405976068224150E-01
275.7 4.851347296941332E-01
275.8 4.223736018486547E-01
275.9 3.538064620251056E-01
276.0 2.809556191346524E-01
276.1 2.052988158251618E-01
276.2 1.282050114806497E-01
276.3 5.088420540035662E-02
276.4 -2.564626356396513E-02
276.5 -1.005778138174271E-01
276.6 -1.733093215572029E-01
276.7 -2.434298938984324E-01
276.8 -3.106882829806574E-01
276.9 -3.749523726505668E-01
277.0 -4.361627419647869E-01
277.1 -4.942845609298827E-01
277.2 -5.492619975197462E-01
277.3 -6.009789294149470E-01
277.4 -6.492290996209806E-01
277.5 -6.936979910826333E-01
277.6 -7.339576939079601E-01
277.7 -7.694749796561640E-01
277.8 -7.996317614167966E-01
277.9 -8.237561823976637E-01
278.0 -8.411618054134224E-01
278.1 -8.511918221104449E-01
278.2 -8.532648969236043E-01
278.3 -8.469192196341541E-01
278.4 -8.318515548125246E-01
278.5 -8.079485203286154E-01
278.6 -7.753079582297537E-01
278.7 -7.342490249450000E-01
278.8 -6.853104614901823E-01
278.9 -6.292373428629873E-01
279.0 -5.669573861661722E-01
279.1 -4.995485632271265E-01
279.2 -4.282002706654567E-01
279.3 -3.541706276375021E-01
279.4 -2.787425839184729E-01
279.5 -2.031814301085128E-01
279.6 -1.286960248762952E-01
279.7 -5.640562241086539E-02
279.8 1.268636134298011E-02
279.9 7.771091333698099E-02
280.0 1.379442083221801E-01
280.1 1.928110835430843E-01
280.2 2.418821678134501E-01
280.3 2.848660027234874E-01
280.4 3.215977198343205E-01
280.5 3.520259049573646E-01
280.6 3.761991911383513E-01
280.7 3.942538913751521E-01
280.8 4.064036378430366E-01
280.9 4.129315732289442E-01
281.0 4.141851844627870E-01
281.1 4.105734247425573E-01
281.2 4.025653797543567E-01
281.3 3.906894365407682E-01
281.4 3.755317381441793E-01
281.5 3.577326723927439E-01
281.6 3.379802547224474E-01
281.7 3.169995151650200E-01
281.8 2.955373682705849E-01
281.9 2.743429003552923E-01
282.0 2.541435110837465E-01
282.1 2.356178507749285E-01
282.2 2.193669542222608E-01
282.3 2.058853419709209E-01
282.4 1.955341028792436E-01
282.5 1.885180589981919E-01
282.6 1.848690291489705E-01
282.7 1.844369487640748E-01
282.8 1.868901827345780E-01
282.9 1.917258111629851E-01
283.0 1.982900131511239E-01
283.1 2.058079684844067E-01
283.2 2.134219945106652E-01
283.3 2.202359905114172E-01
283.4 2.253637266060621E-01
283.5 2.279781340053693E-01
283.6 2.273585628723206E-01
283.7 2.229329941521105E-01
283.8 2.143124278671102E-01
283.9 2.013151115046483E-01
284.0 1.839788913051281E-01
284.1 1.625607253713887E-01
284.2 1.375232381774844E-01
284.3 1.095090614165067E-01
284.4 7.930453337566803E-02
284.5 4.779505713791669E-02
284.6 1.591499236882100E-02
284.7 -1.540466749018104E-02
284.8 -4.528743061130086E-02
284.9 -7.295794221182668E-02
285.0 -9.778113156049421E-02
285.1 -1.192914180815397E-01
285.2 -1.372102332669011E-01
285.3 -1.514509455891023E-01
285.4 -1.621111662004793E-01
285.5 -1.694532980991179E-01
285.6 -1.738750052388971E-01
285.7 -1.758719608128833E-01
285.8 -1.759957357783697E-01
285.9 -1.748099736851814E-01
286.0 -1.728480468001045E-01
286.1 -1.705752003420138E-01
286.2 -1.683577835220465E-01
286.3 -1.664415719871463E-01
286.4 -1.649404542305404E-01
286.5 -1.638359428136870E-01
286.6 -1.629871436575490E-01
286.7 -1.621500374965966E-01
286.8 -1.610042564964575E-01
286.9 -1.591850263069109E-01
287.0 -1.563176264374786E-01
287.1 -1.520516206260377E-01
287.2 -1.460922269589274E-01
287.3 -1.382265202664468E-01
287.4 -1.283426557530906E-01
287.5 -1.164409282516020E-01
287.6 -1.026361814053840E-01
287.7 -8.715179576540480E-02
287.8 -7.030615433884467E-02
287.9 -5.249305349468290E-02
288.0 -3.415795069379829E-02
288.1 -1.577218585290507E-02
288.2 2.192636306393879E-03
288.3 1.928805927927862E-02
288.4 3.510825999968067E-02
288.5 4.930434754141157E-02
288.6 6.159277985548259E-02
288.7 7.175781171770972E-02
288.8 7.964848391410233E-02
288.9 8.517119311848048E-02
289.0 8.827929463768212E-02
289.1 8.896144770541477E-02
289.2 8.723049104008586E-02
289.3 8.311452717722663E-02
289.4 7.665160718140696E-02
289.5 6.788896886629621E-02
289.6 5.688723216667534E-02
289.7 4.372934632730464E-02
289.8 2.853347310497302E-02
289.9 1.146843760298847E-02
290.0 -7.230060865502777E-03
290.1 -2.724456485933313E-02
290.2 -4.816447513514112E-02
290.3 -6.948021716164147E-02
290.4 -9.058467653246212E-02
290.5 -1.107831034157324E-01
290.6 -1.293120182296738E-01
290.7 -1.453668859484481E-01
290.8 -1.581375277705404E-01
290.9 -1.668494745245453E-01
291.0 -1.708088038904276E-01
291.1 -1.694475047548044E-01
291.2 -1.623661266047391E-01
291.3 -1.493704333991578E-01
291.4 -1.304990039632594E-01
291.5 -1.060391975692215E-01
291.6 -7.652960577635003E-02
291.7 -4.274799222402013E-02
291.8 -5.684717393869849E-03
291.9 3.349731921444304E-02
292.0 7.351419137316130E-02
292.1 1.130210075517166E-01
292.2 1.506769285829226E-01
292.3 1.852111084807087E-01
292.4 2.154853718581313E-01
292.5 2.405495921866336E-01
292.6 2.596861840813297E-01
292.7 2.724408403101616E-01
292.8 2.786375792681902E-01
292.9 2.783772525364404E-01
293.0 2.720198137861539E-01
293.1 2.601517825659757E-01
293.2 2.435413631389608E-01
293.3 2.230845209445420E-01
293.4 1.997459129209634E-01
293.5 1.744988675634155E-01
293.6 1.482685939236439E-01
293.7 1.218824683268026E-01
293.8 9.603063065915372E-02
293.9 7.123926851688456E-02
294.0 4.785794575607318E-02
294.1 2.606122362176203E-02
294.2 5.863715758825070E-03
294.3 -1.285329946117420E-02
294.4 -3.030643488033321E-02
294.5 -4.676925880046677E-02
294.6 -6.252954118809453E-02
294.7 -7.784838514064936E-02
294.8 -9.292467442090842E-02
294.9 -1.078677197410322E-01
295.0 -1.226802116373196E-01
295.1 -1.372526533841772E-01
295.2 -1.513694332095253E-01
295.3 -1.647256867559154E-01
295.4 -1.769531826739980E-01
295.5 -1.876527125185351E-01
295.6 -1.964299421697185E-01
295.7 -2.029314275179003E-01
295.8 -2.068775306744489E-01
295.9 -2.080892884499963E-01
296.0 -2.065068522623026E-01
296.1 -2.021978866902849E-01
296.2 -1.953552144511145E-01
296.3 -1.862839495888557E-01
296.4 -1.753792849698990E-01
296.5 -1.630969146706505E-01
296.6 -1.499187063475800E-01
296.7 -1.363166389795446E-01
296.8 -1.227181538483807E-01
296.9 -1.094759211077535E-01
297.0 -9.684461490037559E-02
297.1 -8.496665384510349E-02
297.2 -7.386805769812130E-02
297.3 -6.346466672249387E-02
297.4 -5.357804789473245E-02
297.5 -4.395955312966550E-02
297.6 -3.432027514027518E-02
297.7 -2.436412996065997E-02
297.8 -1.382102721888564E-02
297.9 -2.477093669078978E-03
298.0 9.800808076673632E-03
298.1 2.304849967259328E-02
298.2 3.719735490905993E-02
298.3 5.207726223361726E-02
298.4 6.742940666821326E-02
298.5 8.292769574283476E-02
298.6 9.820685650262775E-02
298.7 1.128946073652282E-01
298.8 1.266449161429941E-01
298.9 1.391692301837461E-01
299.0 1.502627190640131E-01
299.1 1.598229925437237E-01
299.2 1.678594106869650E-01
299.3 1.744919325250182E-01
299.4 1.799393818768641E-01
299.5 1.844979619206492E-01
299.6 1.885117394816349E-01
299.7 1.923375665565954E-01
299.8 1.963074432872141E-01
299.9 2.006916045305435E-01
300.0 2.056656050259245E-01
300.1 2.112843845886280E-01
300.2 2.174657386655158E-01
300.3 2.239848480826991E-01
300.4 2.304806011684801E-01
300.5 2.364734512852516E-01
300.6 2.413935791585327E-01
300.7 2.446172570473231E-01
300.8 2.455086168263302E-01
300.9 2.434635670377779E-01
301.0 2.379524246229449E-01
301.1 2.285579406170245E-01
301.2 2.150057950066992E-01
301.3 1.971852787004703E-01
301.4 1.751587128563252E-01
301.5 1.491591036757343E-01
301.6 1.195765101555773E-01
301.7 8.693452659663783E-02
301.8 5.185906952958674E-02
301.9 1.504224132803191E-02
302.0 -2.279562992479496E-02
302.1 -6.094262952855364E-02
302.2 -9.872766734725413E-02
302.3 -1.355462505171251E-01
302.4 -1.708779135109199E-01
302.5 -2.042944504228091E-01
302.6 -2.354590055873605E-01
302.7 -2.641169661067098E-01
302.8 -2.900803798688231E-01
302.9 -3.132082216308101E-01
303.0 -3.333851911212747E-01
303.1 -3.505018165868700E-01
303.2 -3.644384461053224E-01
303.3 -3.750552552274360E-01
303.4 -3.821897261188693E-01
303.5 -3.856622246502803E-01
303.6 -3.852893975693297E-01
303.7 -3.809042198321569E-01
303.8 -3.723807301718106E-01
303.9 -3.596608805373495E-01
304.0 -3.427805557664468E-01
304.1 -3.218917352982610E-01
304.2 -2.972779841151251E-01
304.3 -2.693609624787397E-01
304.4 -2.386963930176262E-01
304.5 -2.059588547918224E-01
304.6 -1.719158039811237E-01
304.7 -1.373922554763952E-01
304.8 -1.032285018715849E-01
304.9 -7.023400537550532E-02
305.0 -3.914109793563406E-02
305.1 -1.056231139139489E-02
305.2 1.504499380345133E-02
305.3 3.740352193245060E-02
305.4 5.642806854151586E-02
305.5 7.222332012892040E-02
305.6 8.506724838025000E-02
305.7 9.538115249291869E-02
305.8 1.036885774274780E-01
305.9 1.105663464162735E-01
306.0 1.165916991171495E-01
306.1 1.222899496998285E-01
306.2 1.280871269933508E-01
306.3 1.342717190442333E-01
306.4 1.409689385278064E-01
306.5 1.481299076626041E-01
306.6 1.555369143526835E-01
306.7 1.628245196577893E-01
306.8 1.695149176076824E-01
306.9 1.750646817613948E-01
307.0 1.789189908626862E-01
307.1 1.805687027721059E-01
307.2 1.796053095526021E-01
307.3 1.757688925095764E-01
307.4 1.689847033247533E-01
307.5 1.593848888135571E-01
307.6 1.473130811560328E-01
307.7 1.333109936303812E-01
307.8 1.180876751859263E-01
307.9 1.024735573403894E-01
308.0 8.736274705970463E-02
308.1 7.364806511972427E-02
308.2 6.215400906651579E-02
308.3 5.357307196347055E-02
308.4 4.841064741683788E-02
308.5 4.694311118370717E-02
308.6 4.919264085958003E-02
308.7 5.492100200300097E-02
308.8 6.364300218166793E-02
308.9 7.465872134440772E-02
309.0 8.710210118223224E-02
309.1 1.000021458754297E-01
309.2 1.123519635576361E-01
309.3 1.231802476949464E-01
309.4 1.316196127781656E-01
309.5 1.369664738585146E-01
309.6 1.387278701419604E-01
309.7 1.366517179068330E-01
309.8 1.307383447900475E-01
309.9 1.212326899725382E-01
310.0 1.085981236124819E-01
310.1 9.347431246442801E-02
310.2 7.662281452009656E-02
310.3 5.886502077361591E-02
310.4 4.101760211888048E-02
310.5 2.383072356046935E-02
310.6 7.933953500950549E-03
310.7 -6.205942639860663E-03
310.8 -1.831220933588918E-02
310.9 -2.830850682773685E-02
311.0 -3.631215222528943E-02
311.1 -4.261127018669841E-02
311.2 -4.762824384257465E-02
311.3 -5.187294174453857E-02
311.4 -5.588996291006742E-02
311.5 -6.020453100337392E-02
311.6 -6.527165552150646E-02
311.7 -7.143277299279371E-02
311.8 -7.888332878721607E-02
311.9 -8.765373352530932E-02
312.0 -9.760492277709086E-02
312.1 -1.084384736310030E-01
312.2 -1.197199991133079E-01
312.3 -1.309134571564471E-01
312.4 -1.414231649042918E-01
312.5 -1.506397682708985E-01
312.6 -1.579862187369573E-01
312.7 -1.629599607989053E-01
312.8 -1.651680094379834E-01
312.9 -1.643523443425799E-01
313.0 -1.604039905385337E-01
313.1 -1.533652024028387E-01
313.2 -1.434202219821951E-01
313.3 -1.308760478132048E-01
313.4 -1.161354428944805E-01
313.5 -9.966496451435074E-02
313.6 -8.196107285893642E-02
313.7 -6.351735560230432E-02
313.8 -4.479560580912809E-02
313.9 -2.620295011462692E-02
314.0 -8.076504376247910E-03
314.1 9.323789008875408E-03
314.2 2.581433052249989E-02
314.3 4.128000737565145E-02
314.4 5.566092124693846E-02
314.5 6.893575499807963E-02
314.6 8.110404532035403E-02
314.7 9.216959288797535E-02
314.8 1.021269704871359E-01
314.9 1.109526176368859E-01
315.0 1.186013918167063E-01
315.1 1.250087497714574E-01
315.2 1.300980325156577E-01
315.3 1.337916989199862E-01
315.4 1.360248613162400E-01
315.5 1.367591739260476E-01
315.6 1.359950429230901E-01
315.7 1.337802746360001E-01
315.8 1.302136412750813E-01
315.9 1.254423850469114E-01
316.0 1.196533466474312E-01
316.1 1.130581250233622E-01
316.2 1.058733778915314E-01
316.3 9.829798387094425E-02
316.4 9.048924261122715E-02
316.5 8.254053914419915E-02
316.6 7.446291270411065E-02
316.7 6.617274111242874E-02
316.8 5.748729581843232E-02
316.9 4.812927838652916E-02
317.0 3.774067387642287E-02
317.1 2.590542075202881E-02
317.2 1.217957793699424E-02
317.3 -3.873055962622146E-03
317.4 -2.264247968345866E-02
317.5 -4.443413794311193E-02
317.6 -6.943373278697634E-02
317.7 -9.767808142362373E-02
317.8 -1.290344862277517E-01
317.9 -1.631904489328571E-01
318.0 -1.996547667812707E-01
318.1 -2.377701631103496E-01
318.2 -2.767367062486495E-01
318.3 -3.156444373330987E-01
318.4 -3.535129320675363E-01
318.5 -3.893350228861154E-01
318.6 -4.221216474608119E-01
318.7 -4.509447859922529E-01
318.8 -4.749756986922705E-01
318.9 -4.935161488585754E-01
319.0 -5.060209484509016E-01
319.1 -5.121109292122757E-01
319.2 -5.115762509511769E-01
319.3 -5.043707350475289E-01
319.4 -4.905985856780147E-01
319.5 -4.704953750264445E-01
319.6 -4.444054798322558E-01
319.7 -4.127582434177100E-01
319.8 -3.760450003499149E-01
319.9 -3.347987624293055E-01
320.0 -2.895778663036552E-01
320.1 -2.409542811570397E-01
320.2 -1.895066352586789E-01
320.3 -1.358174108712625E-01
320.4 -8.047324206608085E-02
320.5 -2.406688272508959E-02
320.6 3.280077008621014E-02
320.7 8.952019117681971E-02
320.8 1.454756537585697E-01
320.9 2.000515442413875E-01
321.0 2.526430131271865E-01
321.1 3.026708050940479E-01
321.2 3.495994962982346E-01
321.3 3.929578089334117E-01
321.4 4.323592347252573E-01
321.5 4.675209316832830E-01
321.6 4.982787969762017E-01
321.7 5.245967779618924E-01
321.8 5.465688559628389E-01
321.9 5.644126945253184E-01
322.0 5.784546377288636E-01
322.1 5.891065119609835E-01
322.2 5.968354548625052E-01
322.3 6.021286941444731E-01
322.4 6.054557578129617E-01
322.5 6.072309586898376E-01
322.6 6.077791198193502E-01
322.7 6.073073744719484E-01
322.8 6.058854893967008E-01
322.9 6.034365504008447E-01
323.0 5.997390639265234E-01
323.1 5.944406325192720E-01
323.2 5.870824323611896E-01
323.3 5.771328378778897E-01
323.4 5.640277790974276E-01
323.5 5.472148489547649E-01
323.6 5.261978507149936E-01
323.7 5.005784197196693E-01
323.8 4.700915745691300E-01
323.9 4.346325321520957E-01
324.0 3.942728174827097E-01
324.1 3.492645530356469E-01
324.2 3.000327496318293E-01
324.3 2.471563615199548E-01
324.4 1.913397321255761E-01
324.5 1.333767715445652E-01
324.6 7.411071375200738E-02
324.7 1.439256125084620E-02
324.8 -4.495867958639803E-02
324.9 -1.031911314105530E-01
325.0 -1.596481966941340E-01
325.1 -2.137880466213256E-01
325.2 -2.651935548750969E-01
325.3 -3.135726133808530E-01
325.4 -3.587495664449931E-01
325.5 -4.006491985620524E-01
325.6 -4.392752509037425E-01
325.7 -4.746857798729348E-01
325.8 -5.069677856309495E-01
325.9 -5.362134281317602E-01
326.0 -5.624998328343497E-01
326.1 -5.858740063979718E-01
326.2 -6.063437871968924E-01
326.3 -6.238751083452108E-01
326.4 -6.383952168350491E-01
326.5 -6.498009326033926E-01
326.6 -6.579705977121520E-01
326.7 -6.627780959910118E-01
326.8 -6.641072375046660E-01
326.9 -6.618649009414646E-01
327.0 -6.559915925363493E-01
327.1 -6.464684778577661E-01
327.2 -6.333204253296245E-01
327.3 -6.166151125940647E-01
327.4 -5.964587316369681E-01
327.5 -5.729892328070405E-01
327.6 -5.463683276450985E-01
327.7 -5.167735958334083E-01
327.8 -4.843919994624407E-01
327.9 -4.494159032610508E-01
328.0 -4.120423551180190E-01
328.1 -3.724759350782607E-01
328.2 -3.309349823250781E-01
328.3 -2.876605140339332E-01
328.4 -2.429267135231184E-01
328.5 -1.970515386582402E-01
328.6 -1.504058251934818E-01
328.7 -1.034192589211455E-01
328.8 -5.658177263617944E-02
328.9 -1.043927762471186E-02
329.0 3.441686480381888E-02
329.1 7.736663323387291E-02
329.2 1.177837650394775E-01
329.3 1.550625589796353E-01
329.4 1.886472865561228E-01
329.5 2.180620464562247E-01
329.6 2.429386884959038E-01
329.7 2.630404359317702E-01
329.8 2.782790559325859E-01
329.9 2.887238548714632E-01
330.0 2.946013755358386E-01
330.1 2.962853977625984E-01
330.2 2.942776299519389E-01
330.3 2.891802567277649E-01
330.4 2.816622071948869E-01
330.5 2.724215640186357E-01
330.6 2.621468929768371E-01
330.7 2.514803996703864E-01
330.8 2.409856991655470E-01
330.9 2.311226220895231E-01
331.0 2.222309055743749E-01
331.1 2.145238774004687E-01
331.2 2.080924000405312E-01
331.3 2.029184710961187E-01
331.4 1.988970541304924E-01
331.5 1.958640117734046E-01
331.6 1.936274936520456E-01
331.7 1.919998417808070E-01
331.8 1.908270420128577E-01
331.9 1.900129759866945E-01
332.0 1.895361947204285E-01
332.1 1.894576023826255E-01
332.2 1.899182488718791E-01
332.3 1.911273122104582E-01
332.4 1.933412296764891E-01
332.5 1.968357338877021E-01
332.6 2.018731977988187E-01
332.7 2.086681351826127E-01
332.8 2.173539031459394E-01
332.9 2.279535943678040E-01
333.0 2.403577953209524E-01
333.1 2.543113507525772E-01
333.2 2.694105611691764E-01
333.3 2.851114106661686E-01
333.4 3.007485478939410E-01
333.5 3.155638967317542E-01
333.6 3.287430251166690E-01
333.7 3.394568105020126E-01
333.8 3.469055539286598E-01
333.9 3.503625386736483E-01
334.0 3.492141106638236E-01
334.1 3.429936628087887E-01
334.2 3.314074021176286E-01
334.3 3.143504197940005E-01
334.4 2.919123128284324E-01
334.5 2.643723582385340E-01
334.6 2.321849559984862E-01
334.7 1.959566779102523E-01
334.8 1.564167420664989E-01
334.9 1.143830453683036E-01
335.0 7.072601546402094E-02
335.1 2.633249107369269E-02
335.2 -1.792837560631121E-02
335.3 -6.123554715537763E-02
335.4 -1.028416488554175E-01
335.5 -1.420929049774391E-01
335.6 -1.784432082649003E-01
335.7 -2.114624972982727E-01
335.8 -2.408399652365188E-01
335.9 -2.663828674597229E-01
336.0 -2.880118238589613E-01
336.1 -3.057535259536975E-01
336.2 -3.197316737281710E-01
336.3 -3.301568059574161E-01
336.4 -3.373154813970181E-01
336.5 -3.415590500353003E-01
336.6 -3.432920561623417E-01
336.7 -3.429601661617378E-01
336.8 -3.410374338387480E-01
336.9 -3.380127151112258E-01
337.0 -3.343751215611526E-01
337.1 -3.305985476962461E-01
337.2 -3.271254997118890E-01
337.3 -3.243506673261715E-01
337.4 -3.226048846533070E-01
337.5 -3.221402909458312E-01
337.6 -3.231176008914523E-01
337.7 -3.255964073552882E-01
337.8 -3.295293566513425E-01
337.9 -3.347608579729271E-01
338.0 -3.410307258706517E-01
338.1 -3.479828290672944E-01
338.2 -3.551784598823125E-01
338.3 -3.621137806005817E-01
338.4 -3.682403822228278E-01
338.5 -3.729877408048657E-01
338.6 -3.757862046485417E-01
338.7 -3.760891104565521E-01
338.8 -3.733927153712802E-01
338.9 -3.672528393127023E-01
339.0 -3.572974206721763E-01
339.1 -3.432345698595261E-01
339.2 -3.248561228803667E-01
339.3 -3.020371097916310E-01
339.4 -2.747319187019315E-01
339.5 -2.429682167640509E-01
339.6 -2.068398548273540E-01
339.7 -1.665000125441013E-01
339.8 -1.221557295186620E-01
339.9 -7.406472364440111E-02
340.0 -2.253504213005276E-02
340.1 3.207234192177327E-02
340.2 8.933834083236501E-02
340.3 1.487787765970650E-01
340.4 2.098368111440041E-01
340.5 2.718762557585924E-01
340.6 3.341773694971006E-01
340.7 3.959367269450207E-01
340.8 4.562725327993706E-01
340.9 5.142363938614861E-01
341.0 5.688320539106728E-01
341.1 6.190409938856024E-01
341.2 6.638541503228861E-01
341.3 7.023083673416788E-01
341.4 7.335256313871547E-01
341.5 7.567526992673868E-01
341.6 7.713984653081246E-01
341.7 7.770663554854513E-01
341.8 7.735792007690073E-01
341.9 7.609944250965986E-01
342.0 7.396079625710160E-01
342.1 7.099460529697422E-01
342.2 6.727448991872370E-01
342.3 6.289190393340243E-01
342.4 5.795201197991426E-01
342.5 5.256884848791459E-01
342.6 4.686005621290220E-01
342.7 4.094153716300595E-01
342.8 3.492235901649054E-01
342.9 2.890024460529748E-01
343.0 2.295793164720501E-01
343.1 1.716062763202911E-01
343.2 1.155470540192019E-01
343.3 6.167694720798567E-02
343.4 1.009531109158751E-02
343.5 -3.925067167476422E-02
343.6 -8.653302739371775E-02
343.7 -1.320035496326305E-01
343.8 -1.759510063111006E-01
343.9 -2.186582876873354E-01
344.0 -2.603626973500102E-01
344.1 -3.012222547048371E-01
344.2 -3.412903314590357E-01
344.3 -3.805002341993887E-01
344.4 -4.186605306935683E-01
344.5 -4.554610665483566E-01
344.6 -4.904888002422126E-01
344.7 -5.232518628185023E-01
344.8 -5.532096785033592E-01
344.9 -5.798066049765134E-01
345.0 -6.025063906866399E-01
345.1 -6.208248065801074E-01
345.2 -6.343580775553870E-01
345.3 -6.428051847471111E-01
345.4 -6.459826895783978E-01
345.5 -6.438313910811374E-01
345.6 -6.364148112824952E-01
345.7 -6.239101519434482E-01
345.8 -6.065929273688119E-01
345.9 -5.848169097218023E-01
346.0 -5.589912954294655E-01
346.1 -5.295570988936231E-01
346.2 -4.969647033884204E-01
346.3 -4.616542641033110E-01
346.4 -4.240402929969554E-01
346.5 -3.845012974963676E-01
346.6 -3.433748392220933E-01
346.7 -3.009578709337240E-01
346.8 -2.575117437329918E-01
346.9 -2.132708903662389E-01
347.0 -1.684539134994277E-01
347.1 -1.232756584100637E-01
347.2 -7.795883398509673E-02
347.3 -3.274385866337829E-02
347.4 1.210416731336101E-02
347.5 5.629215036463363E-02
347.6 9.949977244394620E-02
347.7 1.413843711585701E-01
347.8 1.815895856926591E-01
347.9 2.197570904346001E-01
348.0 2.555404747372510E-01
348.1 2.886201511795068E-01
348.2 3.187180959025453E-01
348.3 3.456112443142997E-01
348.4 3.691424768618594E-01
348.5 3.892283189707892E-01
348.6 4.058627277768907E-01
348.7 4.191166238950693E-01
348.8 4.291331260692081E-01
348.9 4.361187379006456E-01
349.0 4.403309993114576E-01
349.1 4.420633351462613E-01
349.2 4.416279981451648E-01
349.3 4.393381070923255E-01
349.4 4.354898215896569E-01
349.5 4.303456750310716E-01
349.6 4.241200126053307E-01
349.7 4.169673594340439E-01
349.8 4.089743844429909E-01
349.9 4.001559379011930E-01
350.0 3.904554341622147E-01
350.1 3.797496348452659E-01
350.2 3.678576696044617E-01
350.3 3.545539192232431E-01
350.4 3.395841860924059E-01
350.5 3.226843971199381E-01
350.6 3.036009308174237E-01
350.7 2.821115409754936E-01
350.8 2.580457713386076E-01
350.9 2.313037261400067E-01
351.0 2.018720865434488E-01
351.1 1.698363476262219E-01
351.2 1.353883966872680E-01
351.3 9.882876014828916E-02
351.4 6.056310778592284E-02
351.5 2.109290955803619E-02
351.6 -1.899952272514585E-02
351.7 -5.907102802320856E-02
351.8 -9.844170408877942E-02
351.9 -1.364219087039910E-01
352.0 -1.723406877215345E-01
352.1 -2.055740008068358E-01
352.2 -2.355710530318334E-01
352.3 -2.618770900554862E-01
352.4 -2.841511811807693E-01
352.5 -3.021777938721889E-01
352.6 -3.158713417951493E-01
352.7 -3.252733435915924E-01
352.8 -3.305423311836949E-01
352.9 -3.319371584092409E-01
353.0 -3.297948441812728E-01
353.1 -3.245045001449027E-01
353.2 -3.164792053891141E-01
353.3 -3.061278712219740E-01
353.4 -2.938291678734617E-01
353.5 -2.799094544215676E-01
353.6 -2.646263682751983E-01
353.7 -2.481593092241799E-01
353.8 -2.306075254192302E-01
353.9 -2.119959145969048E-01
354.0 -1.922880401567148E-01
354.1 -1.714052780817614E-01
354.2 -1.492505057344378E-01
354.3 -1.257343603835711E-01
354.4 -1.008018677335154E-01
354.5 -7.445719002715442E-02
354.6 -4.678437611763131E-02
354.7 -1.796230332845268E-02
354.8 1.172754107642326E-02
354.9 4.190121968694058E-02
355.0 7.208058976162729E-02
355.1 1.017091275322276E-01
355.2 1.301742201511239E-01
355.3 1.568343018431621E-01
355.4 1.810488376526484E-01
355.5 2.022089550951897E-01
355.6 2.197665076941259E-01
355.7 2.332595248635120E-01
355.8 2.423323432230834E-01
355.9 2.467491932236535E-01
356.0 2.464005875096398E-01
356.1 2.413024709255614E-01
356.2 2.315886901171996E-01
356.3 2.174978686200044E-01
356.4 1.993561833282035E-01
356.5 1.775577938295177E-01
356.6 1.525447556801629E-01
356.7 1.247881476940400E-01
356.8 9.477187466711576E-02
356.9 6.298019998463665E-02
357.0 2.988956023888202E-02
357.1 -4.035331132990065E-03
357.2 -3.834161504808160E-02
357.3 -7.258563731389468E-02
357.4 -1.063288440634727E-01
357.5 -1.391337314170911E-01
357.6 -1.705613630282959E-01
357.7 -2.001717900219637E-01
357.8 -2.275283600430496E-01
357.9 -2.522064183811591E-01
358.0 -2.738063321275079E-01
358.1 -2.919701664442334E-01
358.2 -3.064007738382034E-01
358.3 -3.168815854200538E-01
358.4 -3.232950728468305E-01
358.5 -3.256377234346106E-01
358.6 -3.240294636408952E-01
358.7 -3.187157819715174E-01
358.8 -3.100613237176126E-01
358.9 -2.985344181376532E-01
359.0 -2.846827970136239E-01
359.1 -2.691016017549654E-01
359.2 -2.523955769334962E-01
359.3 -2.351380335508286E-01
359.4 -2.178296647074355E-01
359.5 -2.008605527491391E-01
359.6 -1.844786831781191E-01
359.7 -1.687679632525024E-01
359.8 -1.536381448817779E-01
359.9 -1.388282106108102E-01
360.0 -1.239237599437635E-01
360.1 -1.083878113739637E-01
360.2 -9.160330573389490E-02
360.3 -7.292455562720250E-02
360.4 -5.173402641107604E-02
360.5 -2.750023672935784E-02
360.6 1.677085649928346E-04
360.7 3.147335828032435E-02
360.8 6.639788816738257E-02
360.9 1.046799862938955E-01
361.0 1.458127643874797E-01
361.1 1.890585411711815E-01
361.2 2.334809717476885E-01
361.3 2.779926310286581E-01
361.4 3.214149110481310E-01
361.5 3.625460662701381E-01
361.6 4.002325257775555E-01
361.7 4.334382504267042E-01
361.8 4.613069806739034E-01
361.9 4.832126975963257E-01
362.0 4.987944726821157E-01
362.1 5.079730468905275E-01
362.2 5.109478655388776E-01
362.3 5.081747929431086E-01
362.4 5.003262195036460E-01
362.5 4.882366339717243E-01
362.6 4.728378546258825E-01
362.7 4.550889037145732E-01
362.8 4.359059051506234E-01
362.9 4.160973535923857E-01
363.0 3.963096461771650E-01
363.1 3.769869235478455E-01
363.2 3.583481034557615E-01
363.3 3.403826032016132E-01
363.4 3.228647497207973E-01
363.5 3.053853902191362E-01
363.6 2.873978625478398E-01
363.7 2.682743722618856E-01
363.8 2.473680414696030E-01
363.9 2.240755044678496E-01
364.0 1.978949555096157E-01
364.1 1.684749988451358E-01
364.2 1.356504703242634E-01
364.3 9.946252273875505E-02
364.4 6.016159864096566E-02
364.5 1.819334311890002E-02
364.6 -2.583108361224356E-02
364.7 -7.117756365402506E-02
364.8 -1.170406889455259E-01
364.9 -1.626000721536288E-01
365.0 -2.070765057092526E-01
365.1 -2.497832469388269E-01
365.2 -2.901681722191118E-01
365.3 -3.278433578145599E-01
365.4 -3.625997390870715E-01
365.5 -3.944057803677679E-01
365.6 -4.233904477844831E-01
365.7 -4.498121040928165E-01
365.8 -4.740161292224739E-01
365.9 -4.963850166210463E-01
366.0 -5.172853277098136E-01
366.1 -5.370161552849081E-01
366.2 -5.557636319032835E-01
366.3 -5.735655327828583E-01
366.4 -5.902892059666177E-01
366.5 -6.056249830341376E-01
366.6 -6.190959694387207E-01
366.7 -6.300837855996475E-01
366.8 -6.378685340226417E-01
366.9 -6.416801061467026E-01
367.0 -6.407570058650394E-01
367.1 -6.344082266872306E-01
367.2 -6.220734243114604E-01
367.3 -6.033766966984682E-01
367.4 -5.781697119025214E-01
367.5 -5.465606749285539E-01
367.6 -5.089266396379076E-01
367.7 -4.659078719798909E-01
367.8 -4.183842655435047E-01
367.9 -3.674351029271898E-01
368.0 -3.142846517922144E-01
368.1 -2.602370965893980E-01
368.2 -2.066050647501367E-01
368.3 -1.546364584275004E-01
368.4 -1.054444216659467E-01
368.5 -5.994505476783137E-02
368.6 -1.880695340729146E-02
368.7 1.758415748913606E-02
368.8 4.914344483961813E-02
368.9 7.608655076499031E-02
369.0 9.891085866584756E-02
369.1 1.183597475131813E-01
369.2 1.353722172423334E-01
369.3 1.510211680704533E-01
369.4 1.664442833577229E-01
369.5 1.827718611286757E-01
369.6 2.010560448440169E-01
369.7 2.222057207578455E-01
369.8 2.469308976640681E-01
369.9 2.756997025439097E-01
370.0 3.087102639765742E-01
370.1 3.458787755187991E-01
370.2 3.868440004427598E-01
370.3 4.309874650089980E-01
370.4 4.774676540507877E-01
370.5 5.252657267089115E-01
370.6 5.732396574143485E-01
370.7 6.201833099782045E-01
370.8 6.648867882739431E-01
370.9 7.061944773552786E-01
371.0 7.430574808125787E-01
371.1 7.745776469879144E-01
371.2 8.000410201763661E-01
371.3 8.189393063792446E-01
371.4 8.309787544219389E-01
371.5 8.360766683118241E-01
371.6 8.343465331817957E-01
371.7 8.260734074917248E-01
371.8 8.116817685289780E-01
371.9 7.916983668839968E-01
372.0 7.667128303903228E-01
372.1 7.373387534591346E-01
372.2 7.041778208627811E-01
372.3 6.677891647346129E-01
372.4 6.286656691274015E-01
372.5 5.872183554004505E-01
372.6 5.437693470455542E-01
372.7 4.985532699568362E-01
372.8 4.517263386718934E-01
372.9 4.033818522039319E-01
373.0 3.535704097301825E-01
373.1 3.023228827775440E-01
373.2 2.496740622883213E-01
373.3 1.956849401552798E-01
373.4 1.404617778998220E-01
373.5 8.417044152257878E-02
373.6 2.704491304787976E-02
373.7 -3.061060955988808E-02
373.8 -8.842608170025387E-02
373.9 -1.459759895528223E-01
374.0 -2.027948077636947E-01
374.1 -2.583962299765747E-01
374.2 -3.122946000750322E-01
374.3 -3.640268403330028E-01
374.4 -4.131731812539133E-01
374.5 -4.593751425265883E-01
374.6 -5.023494800656924E-01
374.7 -5.418971757285481E-01
374.8 -5.779069717033528E-01
374.9 -6.103534036874904E-01
375.0 -6.392897271812504E-01
375.1 -6.648365225694770E-01
375.2 -6.871670750589048E-01
375.3 -7.064908304657315E-01
375.4 -7.230363124314676E-01
375.5 -7.370348468882396E-01
375.6 -7.487062826386197E-01
375.7 -7.582476403302628E-01
375.8 -7.658252922309531E-01
375.9 -7.715709047150588E-01
376.0 -7.755810002285840E-01
376.1 -7.779196516517336E-01
376.2 -7.786235419917807E-01
376.3 -7.777084323664295E-01
376.4 -7.751759985404203E-01
376.5 -7.710200275865901E-01
376.6 -7.652311070688351E-01
376.7 -7.577991741758797E-01
376.8 -7.487135967274628E-01
376.9 -7.379608000807414E-01
377.0 -7.255197977565554E-01
377.1 -7.113562925295875E-01
377.2 -6.954162551775975E-01
377.3 -6.776200327443495E-01
377.4 -6.578580688114106E-01
377.5 -6.359892277314210E-01
377.6 -6.118425079092833E-01
377.7 -5.852226227216183E-01
377.8 -5.559195487519174E-01
377.9 -5.237217250519154E-01
378.0 -4.884321744346545E-01
378.1 -4.498864498737602E-01
378.2 -4.079710246719884E-01
378.3 -3.626405763324534E-01
378.4 -3.139325833247216E-01
378.5 -2.619777711752483E-01
378.6 -2.070052058575015E-01
378.7 -1.493412208753480E-01
378.8 -8.940184968401349E-02
378.9 -2.767897693285513E-02
379.0 3.527902662138514E-02
379.1 9.889090955543754E-02
379.2 1.625686866814407E-01
379.3 2.257443355685384E-01
379.4 2.878949194022735E-01
379.5 3.485640611419487E-01
379.6 4.073779246285206E-01
379.7 4.640542580994791E-01
379.8 5.184035957917695E-01
379.9 5.703223520155168E-01
380.0 6.197782274421000E-01
380.1 6.667890219585249E-01
380.2 7.113965541852757E-01
380.3 7.536378708659178E-01
380.4 7.935162451282917E-01
380.5 8.309745795371158E-01
380.6 8.658737324561209E-01
380.7 8.979779767631796E-01
380.8 9.269492984985070E-01
380.9 9.523515860406203E-01
381.0 9.736649979319539E-01
381.1 9.903099890725425E-01
381.2 1.001679684884559E+00
381.3 1.007178584813434E+00
381.4 1.006265007850640E+00
381.5 9.984943106403967E-01
381.6 9.835597455695057E-01
381.7 9.613278971796108E-01
381.8 9.318659369243842E-01
381.9 8.954584471692388E-01
382.0 8.526122474710884E-01
382.1 8.040484584229862E-01
382.2 7.506819005360306E-01
382.3 6.935887834661666E-01
382.4 6.339644311404464E-01
382.5 5.730734537953996E-01
382.6 5.121952718528127E-01
382.7 4.525681860762324E-01
382.8 3.953352568550159E-01
382.9 3.414951030567998E-01
383.0 2.918603744376503E-01
383.1 2.470261224900393E-01
383.2 2.073496358665101E-01
383.3 1.729425689938863E-01
383.4 1.436754305992584E-01
383.5 1.191937661746355E-01
383.6 9.894471355368362E-02
383.7 8.221207397656617E-02
383.8 6.815765145316016E-02
383.9 5.586638748408101E-02
384.0 4.439275981468045E-02
384.1 3.280601407382960E-02
384.2 2.023203636138707E-02
384.3 5.890025247513066E-03
384.4 -1.087745002694554E-02
384.5 -3.058194767715111E-02
384.6 -5.357467216961999E-02
384.7 -8.004002380123991E-02
384.8 -1.099967848753904E-01
384.9 -1.433062129727869E-01
385.0 -1.796860570047780E-01
385.1 -2.187293415319605E-01
385.2 -2.599266766746610E-01
385.3 -3.026908369202965E-01
385.4 -3.463824005664495E-01
385.5 -3.903353387121134E-01
385.6 -4.338815744986009E-01
385.7 -4.763736865492324E-01
385.8 -5.172050940815046E-01
385.9 -5.558272262903502E-01
386.0 -5.917633392744727E-01
386.1 -6.246187962480456E-01
386.2 -6.540877690021479E-01
386.3 -6.799564494511839E-01
386.4 -7.021029786627974E-01
386.5 -7.204944055734367E-01
386.6 -7.351810762726892E-01
386.7 -7.462889239323818E-01
386.8 -7.540101750681797E-01
386.9 -7.585930055982577E-01
387.0 -7.603306665248183E-01
387.1 -7.595505520277370E-01
387.2 -7.566036028482864E-01
387.3 -7.518543287888034E-01
387.4 -7.456716032772530E-01
387.5 -7.384202410745745E-01
387.6 -7.304532311010219E-01
387.7 -7.221043756538245E-01
387.8 -7.136810009704421E-01
387.9 -7.054563667113334E-01
388.0 -6.976614247090079E-01
388.1 -6.904756663372182E-01
388.2 -6.840169525970092E-01
388.3 -6.783304335107541E-01
388.4 -6.733769180202229E-01
388.5 -6.690213296521366E-01
388.6 -6.650221485836940E-01
388.7 -6.610229660238851E-01
388.8 -6.565474302901587E-01
388.9 -6.509989167915278E-01
389.0 -6.436661837549200E-01
389.1 -6.337360686676646E-01
389.2 -6.203139354801850E-01
389.3 -6.024521112657014E-01
389.4 -5.791859784676320E-01
389.5 -5.495767528876621E-01
389.6 -5.127593263094476E-01
389.7 -4.679929411076050E-01
389.8 -4.147119497553375E-01
389.9 -3.525735495824572E-01
390.0 -2.814992193325398E-01
390.1 -2.017066531126946E-01
390.2 -1.137293063894233E-01
390.3 -1.842123508422832E-02
390.4 8.305430122727400E-02
390.5 1.892530319423630E-01
390.6 2.984941383015819E-01
390.7 4.089193357008162E-01
390.8 5.185638448776562E-01
390.9 6.254355738868940E-01
391.0 7.275980987027219E-01
391.1 8.232525780313592E-01
391.2 9.108136166267625E-01
391.3 9.889743259056690E-01
391.4 1.056756418221586E+00
391.5 1.113542080529133E+00
391.6 1.159085545979722E+00
391.7 1.193503636564179E+00
391.8 1.217245987241730E+00
391.9 1.231047073336860E+00
392.0 1.235863438657512E+00
392.1 1.232800560214532E+00
392.2 1.223034501824248E+00
392.3 1.207733842737443E+00
392.4 1.187987288100679E+00
392.5 1.164741877900573E+00
392.6 1.138755845913780E+00
392.7 1.110569006964447E+00
392.8 1.080492162262653E+00
392.9 1.048615520012907E+00
393.0 1.014834652405908E+00
393.1 9.788911703397172E-01
393.2 9.404242026479536E-01
393.3 8.990280058755065E-01
393.4 8.543106644494335E-01
393.5 8.059488968793083E-01
393.6 7.537344530635033E-01
393.7 6.976084273815844E-01
393.8 6.376809470242339E-01
393.9 5.742350249059520E-01
394.0 5.077147750969773E-01
394.1 4.386995533427558E-01
394.2 3.678667877716197E-01
394.3 2.959472020523012E-01
394.4 2.236767257452754E-01
394.5 1.517495860048290E-01
394.6 8.077686788248647E-02
394.7 1.125424024824046E-02
394.8 -5.645837216155391E-02
394.9 -1.221435469064889E-01
395.0 -1.857192187537717E-01
395.1 -2.472186030973534E-01
395.2 -3.067593609058379E-01
395.3 -3.645051667081260E-01
395.4 -4.206235279909006E-01
395.5 -4.752440287899122E-01
395.6 -5.284211048123587E-01
395.7 -5.801050105787845E-01
395.8 -6.301238542165258E-01
395.9 -6.781785269109611E-01
396.0 -7.238511398005528E-01
396.1 -7.666263142709226E-01
396.2 -8.059234695012534E-01
396.3 -8.411372245977604E-01
396.4 -8.716822758468959E-01
396.5 -8.970386913036740E-01
396.6 -9.167935222080403E-01
396.7 -9.306749657065105E-01
396.8 -9.385759931044327E-01
396.9 -9.405653175614903E-01
397.0 -9.368847242479589E-01
397.1 -9.279330168104745E-01
397.2 -9.142380318517925E-01
397.3 -8.964192270548977E-01
397.4 -8.751441617763920E-01
397.5 -8.510826877934146E-01
397.6 -8.248628088312718E-01
397.7 -7.970319409770105E-01
397.8 -7.680267373149874E-01
397.9 -7.381537865743429E-01
398.0 -7.075824413689021E-01
398.1 -6.763498793719229E-01
398.2 -6.443773617877157E-01
398.3 -6.114956369823101E-01
398.4 -5.774766398017172E-01
398.5 -5.420681337859227E-01
398.6 -5.050277800001416E-01
398.7 -4.661533049532686E-01
398.8 -4.253059588447251E-01
398.9 -3.824252495312832E-01
399.0 -3.375339253526288E-01
399.1 -2.907332603509560E-01
399.2 -2.421897582060931E-01
399.3 -1.921153276078378E-01
399.4 -1.407436952570715E-01
399.5 -8.830623849125778E-02
399.6 -3.501049231282374E-02
399.7 1.897569588086553E-02
399.8 7.353200197093594E-02
399.9 1.285839726871466E-01
400.0 1.840914757025719E-01
400.1 2.400279913114418E-01
400.2 2.963525959864292E-01
400.3 3.529774469264698E-01
400.4 4.097342804158267E-01
400.5 4.663438055949191E-01
400.6 5.223918603210753E-01
400.7 5.773157848361302E-01
400.8 6.304036880035241E-01
400.9 6.808081926611128E-01
401.0 7.275749453544854E-01
401.1 7.696847787113936E-01
401.2 8.061070518167882E-01
401.3 8.358604954482988E-01
401.4 8.580769733988296E-01
401.5 8.720630336268979E-01
401.6 8.773540263071400E-01
401.7 8.737559335631020E-01
401.8 8.613708692224824E-01
401.9 8.406034065962364E-01
402.0 8.121463818019381E-01
402.1 7.769464749185754E-01
402.2 7.361515491793424E-01
402.3 6.910432825095060E-01
402.4 6.429599173908885E-01
402.5 5.932148666577887E-01
402.6 5.430173586196413E-01
402.7 4.934012390143913E-01
402.8 4.451674683259296E-01
402.9 3.988448045915318E-01
403.0 3.546717291312473E-01
403.1 3.126009750556106E-01
403.2 2.723261992182887E-01
403.3 2.333285520010890E-01
403.4 1.949392981038355E-01
403.5 1.564133616583944E-01
403.6 1.170078188667174E-01
403.7 7.605901185795384E-02
403.8 3.305213573164838E-02
403.9 -1.232216201179323E-02
404.0 -6.012849721409671E-02
404.1 -1.101676295781518E-01
404.2 -1.619786652753840E-01
404.3 -2.148619800327394E-01
404.4 -2.679205872689698E-01
404.5 -3.201162293523785E-01
404.6 -3.703353710105546E-01
404.7 -4.174596099120566E-01
404.8 -4.604348380749205E-01
404.9 -4.983337929693674E-01
405.0 -5.304073895564668E-01
405.1 -5.561213455363011E-01
405.2 -5.751759919707178E-01
405.3 -5.875086696863437E-01
405.4 -5.932796095426210E-01
405.5 -5.928435474051184E-01
405.6 -5.867104149974127E-01
405.7 -5.754991856421797E-01
405.8 -5.598892844490581E-01
405.9 -5.405738806366324E-01
406.0 -5.182188905441873E-01
406.1 -4.934306956875227E-01
406.2 -4.667345134756398E-01
406.3 -4.385641622887341E-01
406.4 -4.092627603362851E-01
406.5 -3.790928092030467E-01
406.6 -3.482532439962279E-01
406.7 -3.169004637289947E-01
406.8 -2.851701369941954E-01
406.9 -2.531967214732754E-01
407.0 -2.211281163766747E-01
407.1 -1.891336250648165E-01
407.2 -1.574043532977994E-01
407.3 -1.261462002214908E-01
407.4 -9.556659969937768E-02
407.5 -6.585702799618558E-02
407.6 -3.717391422651749E-02
407.7 -9.620901432839661E-03
407.8 1.676463000151823E-02
407.9 4.201825080752900E-02
408.0 6.624655811655011E-02
408.1 8.961575934392457E-02
408.2 1.123309831766626E-01
408.3 1.346076688035453E-01
408.4 1.566374323582588E-01
408.5 1.785516573346168E-01
408.6 2.003866054020350E-01
408.7 2.220540249127262E-01
408.8 2.433210108237988E-01
408.9 2.638022455753656E-01
409.0 2.829667695155034E-01
409.1 3.001601723431074E-01
409.2 3.146416741726316E-01
409.3 3.256341065576193E-01
409.4 3.323834483694899E-01
409.5 3.342234519267656E-01
409.6 3.306401264279447E-01
409.7 3.213305145595254E-01
409.8 3.062503521399753E-01
409.9 2.856458444485293E-01
410.0 2.600658863078507E-01
410.1 2.303525137802955E-01
410.2 1.976090858128783E-01
410.3 1.631475112280960E-01
410.4 1.284176041224138E-01
410.5 9.492321399071292E-02
410.6 6.413099567715445E-02
410.7 3.737844622502284E-02
410.8 1.578806666259184E-02
410.9 1.941777591827638E-04
411.0 -8.911950847799973E-03
411.1 -1.141434260240103E-02
411.2 -7.579321546519188E-03
411.3 1.963384289460791E-03
411.4 1.626411238907308E-02
411.5 3.411807779308703E-02
411.6 5.414665859707227E-02
411.7 7.488904383195660E-02
411.8 9.489738968939547E-02
411.9 1.128284453981082E-01
412.0 1.275249950141383E-01
412.1 1.380813784969722E-01
412.2 1.438887220458509E-01
412.3 1.446572034727127E-01
412.4 1.404145562788885E-01
412.5 1.314819153087178E-01
412.6 1.184298671498078E-01
412.7 1.020190442132121E-01
412.8 8.313067421214657E-02
412.9 6.269308531500629E-02
413.0 4.161023408363565E-02
413.1 2.069787724102072E-02
413.2 6.321028421165959E-04
413.3 -1.808633588877079E-02
413.4 -3.514995736933605E-02
413.5 -5.044445229792025E-02
413.6 -6.403181811906471E-02
413.7 -7.611939273325369E-02
413.8 -8.701854882788455E-02
413.9 -9.709751919530731E-02
414.0 -1.067330956969180E-01
414.1 -1.162657718127637E-01
414.2 -1.259623137990190E-01
414.3 -1.359888182374319E-01
414.4 -1.463961437030657E-01
414.5 -1.571183104890312E-01
414.6 -1.679831718300675E-01
414.7 -1.787334956474251E-01
414.8 -1.890556645528649E-01
414.9 -1.986125852376405E-01
415.0 -2.070771453091313E-01
415.1 -2.141626784308586E-01
415.2 -2.196473726869563E-01
415.3 -2.233903241791377E-01
415.4 -2.253379124468313E-01
415.5 -2.255202525015956E-01
415.6 -2.240385483838478E-01
415.7 -2.210451267796215E-01
415.8 -2.167186718807070E-01
415.9 -2.112376428351184E-01
416.0 -2.047549910288781E-01
416.1 -1.973770976766719E-01
416.2 -1.891493481736800E-01
416.3 -1.800500045738063E-01
416.4 -1.699931124645248E-01
416.5 -1.588401809369608E-01
416.6 -1.464194084053302E-01
416.7 -1.325503928966072E-01
416.8 -1.170716493565692E-01
416.9 -9.986792222952233E-02
417.0 -8.089426397274782E-02
417.1 -6.019415192815127E-02
417.2 -3.790950730345979E-02
417.3 -1.428130166869355E-02
417.4 1.035959443413438E-02
417.5 3.561064753803826E-02
417.6 6.102334430589289E-02
417.7 8.613387265964068E-02
417.8 1.104957782261086E-01
417.9 1.337112982833008E-01
418.0 1.554581311854926E-01
418.1 1.755087854133637E-01
418.2 1.937403357088626E-01
418.3 2.101333312687662E-01
418.4 2.247596659364752E-01
418.5 2.377603304756754E-01
418.6 2.493150143401270E-01
418.7 2.596064055763880E-01
418.8 2.687826640263533E-01
418.9 2.769218496069620E-01
419.0 2.840020387178068E-01
419.1 2.898804557778310E-01
419.2 2.942842154249536E-01
419.3 2.968142770443977E-01
419.4 2.969630454176742E-01
419.5 2.941448150052043E-01
419.6 2.877370636852388E-01
419.7 2.771295645073081E-01
419.8 2.617774975891752E-01
419.9 2.412542826533396E-01
420.0 2.152997604316838E-01
420.1 1.838596392711845E-01
420.2 1.471127681386063E-01
420.3 1.054837428101824E-01
420.4 5.963951508764660E-02
420.5 1.046995264963368E-02
420.6 -4.094642309982930E-02
420.7 -9.338912439105028E-02
420.8 -1.455514553203323E-01
420.9 -1.961013225451277E-01
421.0 -2.437427637000192E-01
421.1 -2.872739124106575E-01
421.2 -3.256375308173697E-01
421.3 -3.579609671367407E-01
421.4 -3.835833653094751E-01
421.5 -4.020690737083176E-01
421.6 -4.132073657812480E-01
421.7 -4.169996909165176E-01
421.8 -4.136366202380587E-01
421.9 -4.034673580130571E-01
422.0 -3.869650978609920E-01
422.1 -3.646915863585282E-01
422.2 -3.372640187994971E-01
422.3 -3.053268672110393E-01
422.4 -2.695304903843445E-01
422.5 -2.305174811563856E-01
422.6 -1.889167611150705E-01
422.7 -1.453445337810773E-01
422.8 -1.004104440107028E-01
422.9 -5.472673843692322E-02
423.0 -8.917931371720426E-03
423.1 3.637152236070907E-02
423.2 8.047376616105349E-02
423.3 1.226999805084059E-01
423.4 1.623496886513209E-01
423.5 1.987270592199448E-01
423.6 2.311634726110432E-01
423.7 2.590448186496573E-01
423.8 2.818413412765533E-01
423.9 2.991374104193839E-01
424.0 3.106584284346551E-01
424.1 3.162921886813365E-01
424.2 3.161023885324711E-01
424.3 3.103326224584078E-01
424.4 2.993999827008945E-01
424.5 2.838782974352350E-01
424.6 2.644719508357103E-01
424.7 2.419820662584961E-01
424.8 2.172675104033190E-01
424.9 1.912036260074948E-01
425.0 1.646417788560443E-01
425.1 1.383726939162316E-01
425.2 1.130961660771753E-01
425.3 8.939910173956964E-02
425.4 6.774304066429414E-02
425.5 4.846140310149213E-02
425.6 3.176579518207886E-02
425.7 1.775987669849776E-02
425.8 6.458632448974549E-03
425.9 -2.189542426518038E-03
426.0 -8.280688069729078E-03
426.1 -1.193566592446017E-02
426.2 -1.328528205323300E-02
426.3 -1.246169725576073E-02
426.4 -9.596857744986576E-03
426.5 -4.827780502567301E-03
426.6 1.692361910128163E-03
426.7 9.779196780979360E-03
426.8 1.920058069613563E-02
426.9 2.966127274943060E-02
427.0 4.079165622788240E-02
427.1 5.214303425123365E-02
427.2 6.319144973480752E-02
427.3 7.335115785288338E-02
427.4 8.199788502640253E-02
427.5 8.850093703803458E-02
427.6 9.226217567423492E-02
427.7 9.275897456209585E-02
427.8 8.958758734543965E-02
427.9 8.250299264292306E-02
428.0 7.145127086112482E-02
428.1 5.659093572953508E-02
428.2 3.830037093212839E-02
428.3 1.716955736820888E-02
428.4 -6.024463357213952E-03
428.5 -3.035756516651445E-02
428.6 -5.481175366552400E-02
428.7 -7.833817416575055E-02
428.8 -9.992545994552007E-02
428.9 -1.186683088829978E-01
429.0 -1.338309303816651E-01
429.1 -1.449002079943018E-01
429.2 -1.516240729582640E-01
429.3 -1.540316370009672E-01
429.4 -1.524330096420940E-01
429.5 -1.473983159002966E-01
429.6 -1.397171037205751E-01
429.7 -1.303409454904938E-01
429.8 -1.203134558286572E-01
429.9 -1.106930439378545E-01
430.0 -1.024743942317391E-01
430.1 -9.651485916139645E-02
430.2 -9.347162922276443E-02
430.3 -9.375473618988196E-02
430.4 -9.749970786725484E-02
430.5 -1.045621244522258E-01
430.6 -1.145345554563063E-01
430.7 -1.267845280388394E-01
430.8 -1.405104447334340E-01
430.9 -1.548108763247830E-01
431.0 -1.687615303489619E-01
431.1 -1.814935336657976E-01
431.2 -1.922665268494689E-01
431.3 -2.005304635108061E-01
431.4 -2.059709091462735E-01
431.5 -2.085339694703665E-01
431.6 -2.084286389027240E-01
431.7 -2.061062101917975E-01
431.8 -2.022182744218972E-01
431.9 -1.975566119971183E-01
432.0 -1.929797844062835E-01
432.1 -1.893323601150648E-01
432.2 -1.873633541086218E-01
432.3 -1.876505769999609E-01
432.4 -1.905371672030767E-01
432.5 -1.960856532954025E-01
432.6 -2.040535389270154E-01
432.7 -2.138927292509604E-01
432.8 -2.247732605791798E-01
432.9 -2.356299022825327E-01
433.0 -2.452284218627068E-01
433.1 -2.522467800144730E-01
433.2 -2.553653700110944E-01
433.3 -2.533597216110663E-01
433.4 -2.451889032179531E-01
433.5 -2.300731857915003E-01
433.6 -2.075553458559250E-01
433.7 -1.775412133422957E-01
433.8 -1.403166122910756E-01
433.9 -9.653957553469482E-02
434.0 -4.720850307786769E-02
434.1 6.391358526889601E-03
434.2 6.275923891160379E-02
434.3 1.202629079118265E-01
434.4 1.772296323128343E-01
434.5 2.320378330839985E-01
434.6 2.832033637452084E-01
434.7 3.294548772962137E-01
434.8 3.697936750016269E-01
434.9 4.035346536645931E-01
435.0 4.303263878402810E-01
435.1 4.501498878946693E-01
435.2 4.632970503122766E-01
435.3 4.703311566880373E-01
435.4 4.720328908505595E-01
435.5 4.693361592981629E-01
435.6 4.632584739828658E-01
435.7 4.548307716230133E-01
435.8 4.450313109497585E-01
435.9 4.347277446744783E-01
436.0 4.246306636929407E-01
436.1 4.152609298368764E-01
436.2 4.069320321053747E-01
436.3 3.997476037822239E-01
436.4 3.936132039161022E-01
436.5 3.882605659969436E-01
436.6 3.832818043348649E-01
436.7 3.781705818626972E-01
436.8 3.723669997370317E-01
436.9 3.653029678647859E-01
437.0 3.564450373371416E-01
437.1 3.453320869011257E-01
437.2 3.316058111795011E-01
437.3 3.150326067619034E-01
437.4 2.955161396637625E-01
437.5 2.731005521043910E-01
437.6 2.479648819088381E-01
437.7 2.204097865475445E-01
437.8 1.908380589596325E-01
437.9 1.597306785101952E-01
438.0 1.276202539138797E-01
438.1 9.506369255551068E-02
438.2 6.261578820752785E-02
438.3 3.080517938490106E-02
438.4 1.138206381605808E-04
438.5 -2.903924194997043E-02
438.6 -5.630936322308210E-02
438.7 -8.143298103504724E-02
438.8 -1.042297229308469E-01
438.9 -1.246004322645157E-01
439.0 -1.425218034837001E-01
439.1 -1.580384404257207E-01
439.2 -1.712532044593648E-01
439.3 -1.823167056030673E-01
439.4 -1.914167176976502E-01
439.5 -1.987681795582430E-01
439.6 -2.046042908940373E-01
439.7 -2.091690386423302E-01
439.8 -2.127113101586472E-01
439.9 -2.154805775469369E-01
440.0 -2.177239839566607E-01
440.1 -2.196845375959567E-01
440.2 -2.216000298641205E-01
440.3 -2.237022451566655E-01
440.4 -2.262160235858217E-01
440.5 -2.293577733719476E-01
440.6 -2.333331035877727E-01
440.7 -2.383333543501980E-01
440.8 -2.445309323006196E-01
440.9 -2.520735043327612E-01
441.0 -2.610772507935675E-01
441.1 -2.716195189713589E-01
441.2 -2.837313369320175E-01
441.3 -2.973903359891406E-01
441.4 -3.125146784271807E-01
441.5 -3.289585892652514E-01
441.6 -3.465100438207092E-01
441.7 -3.648910672778677E-01
441.8 -3.837609629633818E-01
441.9 -4.027226109523390E-01
442.0 -4.213317797248202E-01
442.1 -4.391091852387816E-01
442.2 -4.555548299429202E-01
442.3 -4.701639752510369E-01
442.4 -4.824439601452925E-01
442.5 -4.919309888232578E-01
442.6 -4.982059810027337E-01
442.7 -5.009086144102900E-01
442.8 -4.997487896505406E-01
442.9 -4.945149072076973E-01
443.0 -4.850785537560577E-01
443.1 -4.713954348607967E-01
443.2 -4.535026449446019E-01
443.3 -4.315126128298187E-01
443.4 -4.056042820552602E-01
443.5 -3.760122611978919E-01
443.6 -3.430147958326655E-01
443.7 -3.069214607285881E-01
443.8 -2.680614445364156E-01
443.9 -2.267732021178680E-01
444.0 -1.833960906228414E-01
444.1 -1.382643988357024E-01
444.2 -9.170394389893390E-02
444.3 -4.403116661511695E-02
444.4 4.445571871550240E-03
444.5 5.342298251290129E-02
444.6 1.025987613817955E-01
444.7 1.516671311809241E-01
444.8 2.003147250375061E-01
444.9 2.482174626021061E-01
445.0 2.950389425962890E-01
445.1 3.404307016271035E-01
445.2 3.840344846249439E-01
445.3 4.254864588714605E-01
445.4 4.644231031965465E-01
445.5 5.004883369898938E-01
445.6 5.333413370438179E-01
445.7 5.626644354163882E-01
445.8 5.881705033885365E-01
445.9 6.096093029402119E-01
446.0 6.267724187662828E-01
446.1 6.394965553937257E-01
446.2 6.476651756351713E-01
446.3 6.512086461695757E-01
446.4 6.501032211493256E-01
446.5 6.443693154390484E-01
446.6 6.340695800378962E-01
446.7 6.193072844904667E-01
446.8 6.002254333061755E-01
446.9 5.770069022330885E-01
447.0 5.498756898615900E-01
447.1 5.190991609371003E-01
447.2 4.849909347042657E-01
447.3 4.479138711214216E-01
447.4 4.082824553777792E-01
447.5 3.665637984717820E-01
447.6 3.232764739506840E-01
447.7 2.789865052286283E-01
447.8 2.343000016399559E-01
447.9 1.898522022711636E-01
448.0 1.462930034084607E-01
448.1 1.042693896766961E-01
448.2 6.440552751710575E-02
448.3 2.728157794087906E-02
448.4 -6.587489137432492E-03
448.5 -3.677167149218890E-02
448.6 -6.294288843058299E-02
448.7 -8.488781912639791E-02
448.8 -1.025155766881929E-01
448.9 -1.158595200175798E-01
449.0 -1.250729355879207E-01
449.1 -1.304187940087579E-01
449.2 -1.322542591644914E-01
449.3 -1.310110564036961E-01
449.4 -1.271731486086797E-01
449.5 -1.212533894531382E-01
449.6 -1.137708965445931E-01
449.7 -1.052308014714141E-01
449.8 -9.610779202824310E-02
449.9 -8.683448238480564E-02
450.0 -7.779516216901208E-02
450.1 -6.932492941071926E-02
450.2 -6.171365686988657E-02
450.3 -5.521373130131757E-02
450.4 -5.005009334582627E-02
450.5 -4.643083719006726E-02
450.6 -4.455653693364216E-02
450.7 -4.462656783147086E-02
450.8 -4.684098400089887E-02
450.9 -5.139697953003362E-02
451.0 -5.847955897134817E-02
451.1 -6.824672264756339E-02
451.2 -8.081016806637521E-02
451.3 -9.621315205719612E-02
451.4 -1.144076813845143E-01
451.5 -1.352335428168117E-01
451.6 -1.584018011529246E-01
451.7 -1.834852587176705E-01
451.8 -2.099179779813063E-01
451.9 -2.370053398440443E-01
452.0 -2.639452867146593E-01
452.1 -2.898604452680206E-01
452.2 -3.138398178288647E-01
452.3 -3.349877620308608E-01
452.4 -3.524771356502904E-01
452.5 -3.656028507502802E-01
452.6 -3.738317276351260E-01
452.7 -3.768445126048288E-01
452.8 -3.745662457646882E-01
452.9 -3.671818283855646E-01
453.0 -3.551346057233550E-01
453.1 -3.391069850219006E-01
453.2 -3.199834605108525E-01
453.3 -2.987978118684840E-01
453.4 -2.766675660686542E-01
453.5 -2.547199523732713E-01
453.6 -2.340144350983151E-01
453.7 -2.154673973362196E-01
453.8 -1.997846172810671E-01
453.9 -1.874068063570468E-01
454.0 -1.784726798511344E-01
454.1 -1.728028564834078E-01
454.2 -1.699064157798455E-01
454.3 -1.690102898163090E-01
454.4 -1.691099551894843E-01
454.5 -1.690382559050788E-01
454.6 -1.675477590009815E-01
454.7 -1.634009388320801E-01
454.8 -1.554617958514561E-01
454.9 -1.427823023899851E-01
455.0 -1.246773550254202E-01
455.1 -1.007826846012983E-01
455.2 -7.109137592133596E-02
455.3 -3.596618996879079E-02
455.4 3.873355206509277E-03
455.5 4.738833882579678E-02
455.6 9.327962748284285E-02
455.7 1.400647039940891E-01
455.8 1.861666600375875E-01
455.9 2.300090176818821E-01
456.0 2.701096680171554E-01
456.1 3.051673477698995E-01
456.2 3.341347029625360E-01
456.3 3.562730591481105E-01
456.4 3.711854426291131E-01
456.5 3.788260612607386E-01
456.6 3.794862241676643E-01
456.7 3.737584174875506E-01
456.8 3.624818232916292E-01
456.9 3.466738518688975E-01
457.0 3.274531593574499E-01
457.1 3.059600812774619E-01
457.2 2.832804026160743E-01
457.3 2.603779195695038E-01
457.4 2.380403759552754E-01
457.5 2.168421592074362E-01
457.6 1.971257214203460E-01
457.7 1.790021697134370E-01
457.8 1.623699715621203E-01
457.9 1.469493633372967E-01
458.0 1.323289374782247E-01
458.1 1.180200954539027E-01
458.2 1.035146406063067E-01
458.3 8.834076520522929E-02
458.4 7.211304469412012E-02
458.5 5.457274371058501E-02
458.6 3.561569192226502E-02
458.7 1.530611324269032E-02
458.8 -6.124010573639739E-03
458.9 -2.828929322260455E-02
459.0 -5.067722161165474E-02
459.1 -7.268372539324848E-02
459.2 -9.365482688996660E-02
459.3 -1.129308759501241E-01
459.4 -1.298898909348815E-01
459.5 -1.439868245015885E-01
459.6 -1.547861081399294E-01
459.7 -1.619855415179099E-01
459.8 -1.654304088989766E-01
459.9 -1.651175479500440E-01
460.0 -1.611898915786944E-01
460.1 -1.539226857062903E-01
460.2 -1.437031045032892E-01
460.3 -1.310053075155952E-01
460.4 -1.163630986217217E-01
460.5 -1.003422634642655E-01
460.6 -8.351440665874707E-02
460.7 -6.643372392837923E-02
460.8 -4.961767809950732E-02
460.9 -3.353205627056598E-02
461.0 -1.858042125026701E-02
461.1 -5.097579244520726E-03
461.2 6.653597967888876E-03
461.3 1.648281457517662E-02
461.4 2.427129910445391E-02
461.5 2.996980718891024E-02
461.6 3.359623467075665E-02
461.7 3.523314368524300E-02
461.8 3.502522950380065E-02
461.9 3.317650050104502E-02
462.0 2.994674482945519E-02
462.1 2.564674434804708E-02
462.2 2.063168681758501E-02
462.3 1.529232580976012E-02
462.4 1.004363487192867E-02
462.5 5.310976237662655E-03
462.6 1.514122558327126E-03
462.7 -9.502060538153457E-04
462.8 -1.726338948492514E-03
462.9 -5.170206082849137E-04
463.0 2.901129074996076E-03
463.1 8.665316466421734E-03
463.2 1.681854264578627E-02
463.3 2.730666476439949E-02
463.4 3.998099206255911E-02
463.5 5.460640237016518E-02
463.6 7.087448076756346E-02
463.7 8.842071822708830E-02
463.8 1.068444131707870E-01
463.9 1.257296367396261E-01
464.0 1.446654873276471E-01
464.1 1.632638922207537E-01
464.2 1.811734185030454E-01
464.3 1.980879190612404E-01
464.4 2.137493332946415E-01
464.5 2.279445425500065E-01
464.6 2.404967934673813E-01
464.7 2.512527890050362E-01
464.8 2.600670477819205E-01
464.9 2.667854944221542E-01
465.0 2.712304251080389E-01
465.1 2.731889677185889E-01
465.2 2.724069178363759E-01
465.3 2.685893938698337E-01
465.4 2.614091495418325E-01
465.5 2.505226601890355E-01
465.6 2.355933238560272E-01
465.7 2.163203596751987E-01
465.8 1.924713162097166E-01
465.9 1.639155874410452E-01
466.0 1.306560281557966E-01
466.1 9.285570061735535E-02
466.2 5.085698641004181E-02
466.3 5.190753803944636E-03
466.4 -4.342604869955404E-02
466.5 -9.410514945926979E-02
466.6 -1.458138820555461E-01
466.7 -1.974131253935968E-01
466.8 -2.477041758375720E-01
466.9 -2.954816922389170E-01
467.0 -3.395892864195605E-01
467.1 -3.789740279437606E-01
467.2 -4.127361243642611E-01
467.3 -4.401703329194441E-01
467.4 -4.607962371245241E-01
467.5 -4.743753373045330E-01
467.6 -4.809138920954640E-01
467.7 -4.806515268268828E-01
467.8 -4.740367042786803E-01
467.9 -4.616911424604388E-01
468.0 -4.443660787667527E-01
468.1 -4.228938506368597E-01
468.2 -3.981385410060106E-01
468.3 -3.709493989302112E-01
468.4 -3.421203958466580E-01
468.5 -3.123586473754574E-01
468.6 -2.822635754820143E-01
468.7 -2.523176822371431E-01
468.8 -2.228887436558745E-01
468.9 -1.942422049528835E-01
469.0 -1.665616588510048E-01
469.1 -1.399745970174293E-01
469.2 -1.145802035752553E-01
469.3 -9.047584714908340E-02
469.4 -6.777913460128646E-02
469.5 -4.664289722317962E-02
469.6 -2.726124298516560E-02
469.7 -9.865757289480675E-03
469.8 5.288017291904949E-03
469.9 1.794264134034648E-02
470.0 2.786724329911818E-02
470.1 3.488948474624519E-02
470.2 3.892761610686703E-02
470.3 4.001902100942569E-02
470.4 3.834179575413597E-02
470.5 3.422639372480060E-02
470.6 2.815514803035443E-02
470.7 2.074850664989864E-02
470.8 1.273798779427216E-02
470.9 4.927088583909951E-03
471.0 -1.857449969337687E-03
471.1 -6.820609457351902E-03
471.2 -9.256124996095278E-03
471.3 -8.600987134367579E-03
471.4 -4.482771033405664E-03
471.5 3.244508243492277E-03
471.6 1.447959625893004E-02
471.7 2.887078983671722E-02
471.8 4.583155293010426E-02
471.9 6.457474171642696E-02
472.0 8.416373415374505E-02
472.1 1.035773527631264E-01
472.2 1.217842609455436E-01
472.3 1.378216047221046E-01
472.4 1.508721432365732E-01
472.5 1.603340135800204E-01
472.6 1.658776260126889E-01
472.7 1.674849668274908E-01
472.8 1.654677461713275E-01
472.9 1.604622850161520E-01
473.0 1.534006829547352E-01
473.1 1.454595244286092E-01
473.2 1.379890367412428E-01
473.3 1.324270836093859E-01
473.4 1.302035511182008E-01
473.5 1.326414687185261E-01
473.6 1.408615451339735E-01
473.7 1.556966600976090E-01
473.8 1.776222457055354E-01
473.9 2.067074588274091E-01
474.0 2.425906629975440E-01
474.1 2.844811048908262E-01
474.2 3.311869053162145E-01
474.3 3.811677151566653E-01
474.4 4.326087397874505E-01
474.5 4.835114280877700E-01
474.6 5.317950524204258E-01
474.7 5.754027463075110E-01
474.8 6.124053585972133E-01
474.9 6.410967348457420E-01
475.0 6.600747230598708E-01
475.1 6.683032653891153E-01
475.2 6.651522969961815E-01
475.3 6.504137256074229E-01
475.4 6.242933958067781E-01
475.5 5.873805335510166E-01
475.6 5.405976068224054E-01
475.7 4.851347296940816E-01
475.8 4.223736018486339E-01
475.9 3.538064620250811E-01
476.0 2.809556191346339E-01
476.1 2.052988158251332E-01
476.2 1.282050114805878E-01
476.3 5.088420540033924E-02
476.4 -2.564626356399136E-02
476.5 -1.005778138174573E-01
476.6 -1.733093215572179E-01
476.7 -2.434298938984889E-01
476.8 -3.106882829806712E-01
476.9 -3.749523726505847E-01
477.0 -4.361627419648194E-01
477.1 -4.942845609298941E-01
477.2 -5.492619975198042E-01
477.3 -6.009789294149613E-01
477.4 -6.492290996209877E-01
477.5 -6.936979910826522E-01
477.6 -7.339576939079888E-01
477.7 -7.694749796562023E-01
477.8 -7.996317614167996E-01
477.9 -8.237561823976607E-01
478.0 -8.411618054134233E-01
478.1 -8.511918221104687E-01
478.2 -8.532648969236135E-01
478.3 -8.469192196341623E-01
478.4 -8.318515548125145E-01
478.5 -8.079485203286125E-01
478.6 -7.753079582297432E-01
478.7 -7.342490249449507E-01
478.8 -6.853104614901748E-01
478.9 -6.292373428629636E-01
479.0 -5.669573861661493E-01
479.1 -4.995485632271148E-01
479.2 -4.282002706653723E-01
479.3 -3.541706276374709E-01
479.4 -2.787425839184274E-01
479.5 -2.031814301084778E-01
479.6 -1.286960248762737E-01
479.7 -5.640562241077818E-02
479.8 1.268636134300899E-02
479.9 7.771091333701216E-02
480.0 1.379442083222172E-01
480.1 1.928110835431163E-01
480.2 2.418821678134939E-01
480.3 2.848660027235024E-01
480.4 3.215977198343480E-01
480.5 3.520259049573753E-01
480.6 3.761991911383628E-01
480.7 3.942538913751654E-01
480.8 4.064036378430417E-01
480.9 4.129315732289279E-01
481.0 4.141851844627922E-01
481.1 4.105734247425661E-01
481.2 4.025653797543581E-01
481.3 3.906894365407556E-01
481.4 3.755317381441758E-01
481.5 3.577326723927447E-01
481.6 3.379802547224491E-01
481.7 3.169995151649926E-01
481.8 2.955373682705840E-01
481.9 2.743429003552647E-01
482.0 2.541435110837435E-01
482.1 2.356178507749262E-01
482.2 2.193669542222363E-01
482.3 2.058853419709235E-01
482.4 1.955341028792249E-01
482.5 1.885180589981960E-01
482.6 1.848690291489618E-01
482.7 1.844369487640725E-01
482.8 1.868901827345824E-01
482.9 1.917258111629908E-01
483.0 1.982900131511411E-01
483.1 2.058079684844009E-01
483.2 2.134219945106798E-01
483.3 2.202359905114145E-01
483.4 2.253637266060649E-01
483.5 2.279781340053801E-01
483.6 2.273585628723280E-01
483.7 2.229329941521064E-01
483.8 2.143124278671071E-01
483.9 2.013151115046490E-01
484.0 1.839788913051168E-01
484.1 1.625607253713956E-01
484.2 1.375232381774514E-01
484.3 1.095090614164981E-01
484.4 7.930453337564815E-02
484.5 4.779505713789578E-02
484.6 1.591499236880000E-02
484.7 -1.540466749022089E-02
484.8 -4.528743061131087E-02
484.9 -7.295794221184637E-02
485.0 -9.778113156051324E-02
485.1 -1.192914180815508E-01
485.2 -1.372102332669267E-01
485.3 -1.514509455891224E-01
485.4 -1.621111662004808E-01
485.5 -1.694532980991323E-01
485.6 -1.738750052388998E-01
485.7 -1.758719608128963E-01
485.8 -1.759957357783825E-01
485.9 -1.748099736851982E-01
486.0 -1.728480468001210E-01
486.1 -1.705752003420170E-01
486.2 -1.683577835220534E-01
486.3 -1.664415719871433E-01
486.4 -1.649404542305454E-01
486.5 -1.638359428137035E-01
486.6 -1.629871436575646E-01
486.7 -1.621500374966204E-01
486.8 -1.610042564964701E-01
486.9 -1.591850263069317E-01
487.0 -1.563176264374878E-01
487.1 -1.520516206260510E-01
487.2 -1.460922269589315E-01
487.3 -1.382265202664544E-01
487.4 -1.283426557530976E-01
487.5 -1.164409282516096E-01
487.6 -1.026361814053855E-01
487.7 -8.715179576540115E-02
487.8 -7.030615433885076E-02
487.9 -5.249305349467064E-02
488.0 -3.415795069381255E-02
488.1 -1.577218585290033E-02
488.2 2.192636306418096E-03
488.3 1.928805927928920E-02
488.4 3.510825999968821E-02
488.5 4.930434754143445E-02
488.6 6.159277985549075E-02
488.7 7.175781171773996E-02
488.8 7.964848391410875E-02
488.9 8.517119311850881E-02
489.0 8.827929463769675E-02
489.1 8.896144770545089E-02
489.2 8.723049104010956E-02
489.3 8.311452717724724E-02
489.4 7.665160718143273E-02
489.5 6.788896886631827E-02
489.6 5.688723216669063E-02
489.7 4.372934632732137E-02
489.8 2.853347310499755E-02
489.9 1.146843760298924E-02
490.0 -7.230060865494029E-03
490.1 -2.724456485932016E-02
490.2 -4.816447513512764E-02
490.3 -6.948021716164629E-02
490.4 -9.058467653246274E-02
490.5 -1.107831034157253E-01
490.6 -1.293120182296867E-01
490.7 -1.453668859484595E-01
490.8 -1.581375277705460E-01
490.9 -1.668494745245460E-01
491.0 -1.708088038904311E-01
491.1 -1.694475047548039E-01
491.2 -1.623661266047223E-01
491.3 -1.493704333991595E-01
491.4 -1.304990039632647E-01
491.5 -1.060391975692236E-01
491.6 -7.652960577634782E-02
491.7 -4.274799222399548E-02
491.8 -5.684717393855723E-03
491.9 3.349731921445406E-02
492.0 7.351419137316861E-02
492.1 1.130210075517183E-01
492.2 1.506769285829375E-01
492.3 1.852111084806976E-01
492.4 2.154853718581208E-01
492.5 2.405495921866371E-01
492.6 2.596861840813167E-01
492.7 2.724408403101523E-01
492.8 2.786375792681563E-01
492.9 2.783772525364215E-01
493.0 2.720198137861133E-01
493.1 2.601517825659798E-01
493.2 2.435413631389204E-01
493.3 2.230845209445242E-01
493.4 1.997459129209378E-01
493.5 1.744988675633956E-01
493.6 1.482685939236315E-01
493.7 1.218824683267693E-01
493.8 9.603063065915379E-02
493.9 7.123926851686538E-02
494.0 4.785794575607026E-02
494.1 2.606122362177043E-02
494.2 5.863715758815293E-03
494.3 -1.285329946117424E-02
494.4 -3.030643488032778E-02
494.5 -4.676925880047294E-02
494.6 -6.252954118810095E-02
494.7 -7.784838514064968E-02
494.8 -9.292467442090845E-02
494.9 -1.078677197410287E-01
495.0 -1.226802116373260E-01
495.1 -1.372526533841806E-01
495.2 -1.513694332095344E-01
495.3 -1.647256867559078E-01
495.4 -1.769531826739913E-01
495.5 -1.876527125185395E-01
495.6 -1.964299421697219E-01
495.7 -2.029314275179062E-01
495.8 -2.068775306744562E-01
495.9 -2.080892884500097E-01
496.0 -2.065068522622931E-01
496.1 -2.021978866903017E-01
496.2 -1.953552144511245E-01
496.3 -1.862839495888524E-01
496.4 -1.753792849698858E-01
496.5 -1.630969146706729E-01
496.6 -1.499187063475908E-01
496.7 -1.363166389795529E-01
496.8 -1.227181538483904E-01
496.9 -1.094759211077625E-01
497.0 -9.684461490038121E-02
497.1 -8.496665384509519E-02
497.2 -7.386805769812228E-02
497.3 -6.346466672249614E-02
497.4 -5.357804789473992E-02
497.5 -4.395955312967189E-02
497.6 -3.432027514028660E-02
497.7 -2.436412996066304E-02
497.8 -1.382102721889272E-02
497.9 -2.477093669087411E-03
498.0 9.800808076665623E-03
498.1 2.304849967259386E-02
498.2 3.719735490905569E-02
498.3 5.207726223362180E-02
498.4 6.742940666821925E-02
498.5 8.292769574282906E-02
498.6 9.820685650262595E-02
498.7 1.128946073652416E-01
498.8 1.266449161430208E-01
498.9 1.391692301837607E-01
499.0 1.502627190640139E-01
499.1 1.598229925437419E-01
499.2 1.678594106869890E-01
499.3 1.744919325250278E-01
499.4 1.799393818768752E-01
499.5 1.844979619206746E-01
499.6 1.885117394816433E-01
499.7 1.923375665566319E-01
499.8 1.963074432872303E-01
499.9 2.006916045305527E-01
500.0 2.056656050259436E-01
500.1 2.112843845886289E-01
500.2 2.174657386655396E-01
500.3 2.239848480826959E-01
500.4 2.304806011684905E-01
500.5 2.364734512852708E-01
500.6 2.413935791585335E-01
500.7 2.446172570473484E-01
500.8 2.455086168263445E-01
500.9 2.434635670377897E-01
501.0 2.379524246229804E-01
501.1 2.285579406170409E-01
501.2 2.150057950067191E-01
501.3 1.971852787004770E-01
501.4 1.751587128563306E-01
501.5 1.491591036757471E-01
501.6 1.195765101555729E-01
501.7 8.693452659661495E-02
501.8 5.185906952956559E-02
501.9 1.504224132803206E-02
502.0 -2.279562992480879E-02
502.1 -6.094262952855050E-02
502.2 -9.872766734727553E-02
502.3 -1.355462505171312E-01
502.4 -1.708779135109335E-01
502.5 -2.042944504228269E-01
502.6 -2.354590055873678E-01
502.7 -2.641169661067295E-01
502.8 -2.900803798688251E-01
502.9 -3.132082216308315E-01
503.0 -3.333851911212882E-01
503.1 -3.505018165868813E-01
503.2 -3.644384461053350E-01
503.3 -3.750552552274403E-01
503.4 -3.821897261188708E-01
503.5 -3.856622246502734E-01
503.6 -3.852893975693440E-01
503.7 -3.809042198321640E-01
503.8 -3.723807301718127E-01
503.9 -3.596608805373465E-01
504.0 -3.427805557664669E-01
504.1 -3.218917352982708E-01
504.2 -2.972779841151172E-01
504.3 -2.693609624787414E-01
504.4 -2.386963930176351E-01
504.5 -2.059588547918452E-01
504.6 -1.719158039811348E-01
504.7 -1.373922554763694E-01
504.8 -1.032285018715865E-01
504.9 -7.023400537549776E-02
505.0 -3.914109793563505E-02
505.1 -1.056231139140610E-02
505.2 1.504499380347513E-02
505.3 3.740352193245222E-02
505.4 5.642806854152133E-02
505.5 7.222332012892281E-02
505.6 8.506724838024120E-02
505.7 9.538115249293062E-02
505.8 1.036885774274754E-01
505.9 1.105663464162748E-01
506.0 1.165916991171537E-01
506.1 1.222899496998377E-01
506.2 1.280871269933657E-01
506.3 1.342717190442288E-01
506.4 1.409689385278047E-01
506.5 1.481299076625930E-01
506.6 1.555369143526837E-01
506.7 1.628245196577783E-01
506.8 1.695149176077087E-01
506.9 1.750646817614074E-01
507.0 1.789189908627029E-01
507.1 1.805687027721053E-01
507.2 1.796053095526043E-01
507.3 1.757688925095772E-01
507.4 1.689847033247454E-01
507.5 1.593848888135647E-01
507.6 1.473130811560340E-01
507.7 1.333109936303827E-01
507.8 1.180876751859127E-01
507.9 1.024735573403965E-01
508.0 8.736274705968099E-02
508.1 7.364806511972147E-02
508.2 6.215400906651775E-02
508.3 5.357307196345629E-02
508.4 4.841064741683880E-02
508.5 4.694311118369448E-02
508.6 4.919264085957557E-02
508.7 5.492100200299112E-02
508.8 6.364300218166791E-02
508.9 7.465872134441956E-02
509.0 8.710210118223831E-02
509.1 1.000021458754299E-01
509.2 1.123519635576574E-01
509.3 1.231802476949519E-01
509.4 1.316196127781704E-01
509.5 1.369664738585178E-01
509.6 1.387278701419766E-01
509.7 1.366517179068338E-01
509.8 1.307383447900492E-01
509.9 1.212326899725572E-01
510.0 1.085981236124752E-01
510.1 9.347431246442563E-02
510.2 7.662281452010766E-02
510.3 5.886502077362950E-02
510.4 4.101760211888467E-02
510.5 2.383072356048476E-02
510.6 7.933953500958865E-03
510.7 -6.205942639863493E-03
510.8 -1.831220933587642E-02
510.9 -2.830850682773038E-02
511.0 -3.631215222528376E-02
511.1 -4.261127018668773E-02
511.2 -4.762824384255929E-02
511.3 -5.187294174452974E-02
511.4 -5.588996291007418E-02
511.5 -6.020453100335973E-02
511.6 -6.527165552150183E-02
511.7 -7.143277299278840E-02
511.8 -7.888332878720844E-02
511.9 -8.765373352532049E-02
512.0 -9.760492277708301E-02
512.1 -1.084384736310040E-01
512.2 -1.197199991132979E-01
512.3 -1.309134571564275E-01
512.4 -1.414231649042869E-01
512.5 -1.506397682708888E-01
512.6 -1.579862187369952E-01
512.7 -1.629599607989093E-01
512.8 -1.651680094379816E-01
512.9 -1.643523443425984E-01
513.0 -1.604039905385340E-01
513.1 -1.533652024028494E-01
513.2 -1.434202219821938E-01
513.3 -1.308760478132078E-01
513.4 -1.161354428945112E-01
513.5 -9.966496451434320E-02
513.6 -8.196107285892795E-02
513.7 -6.351735560231107E-02
513.8 -4.479560580912661E-02
513.9 -2.620295011463989E-02
514.0 -8.076504376244650E-03
514.1 9.323789008859999E-03
514.2 2.581433052248070E-02
514.3 4.128000737565072E-02
514.4 5.566092124691809E-02
514.5 6.893575499806814E-02
514.6 8.110404532034464E-02
514.7 9.216959288797799E-02
514.8 1.021269704871419E-01
514.9 1.109526176368696E-01
515.0 1.186013918167070E-01
515.1 1.250087497714519E-01
515.2 1.300980325156518E-01
515.3 1.337916989199955E-01
515.4 1.360248613162409E-01
515.5 1.367591739260345E-01
515.6 1.359950429230952E-01
515.7 1.337802746359974E-01
515.8 1.302136412750910E-01
515.9 1.254423850469020E-01
516.0 1.196533466474325E-01
516.1 1.130581250233538E-01
516.2 1.058733778915344E-01
516.3 9.829798387093404E-02
516.4 9.048924261121545E-02
516.5 8.254053914418950E-02
516.6 7.446291270408781E-02
516.7 6.617274111241478E-02
516.8 5.748729581840266E-02
516.9 4.812927838651289E-02
517.0 3.774067387641817E-02
517.1 2.590542075203053E-02
517.2 1.217957793699455E-02
517.3 -3.873055962643514E-03
517.4 -2.264247968345200E-02
517.5 -4.443413794311593E-02
517.6 -6.943373278697505E-02
517.7 -9.767808142364010E-02
517.8 -1.290344862277641E-01
517.9 -1.631904489328457E-01
518.0 -1.996547667812810E-01
518.1 -2.377701631103663E-01
518.2 -2.767367062486485E-01
518.3 -3.156444373331175E-01
518.4 -3.535129320675046E-01
518.5 -3.893350228861129E-01
518.6 -4.221216474607890E-01
518.7 -4.509447859922462E-01
518.8 -4.749756986922913E-01
518.9 -4.935161488585700E-01
519.0 -5.060209484509036E-01
519.1 -5.121109292122593E-01
519.2 -5.115762509511712E-01
519.3 -5.043707350475197E-01
519.4 -4.905985856780157E-01
519.5 -4.704953750264407E-01
519.6 -4.444054798322306E-01
519.7 -4.127582434176846E-01
519.8 -3.760450003498921E-01
519.9 -3.347987624293108E-01
520.0 -2.895778663036331E-01
520.1 -2.409542811570240E-01
520.2 -1.895066352586529E-01
520.3 -1.358174108712062E-01
520.4 -8.047324206608758E-02
520.5 -2.406688272505431E-02
520.6 3.280077008624004E-02
520.7 8.952019117685493E-02
520.8 1.454756537586207E-01
520.9 2.000515442413725E-01
521.0 2.526430131271947E-01
521.1 3.026708050940476E-01
521.2 3.495994962982494E-01
521.3 3.929578089334512E-01
521.4 4.323592347252467E-01
521.5 4.675209316832976E-01
521.6 4.982787969761867E-01
521.7 5.245967779619001E-01
521.8 5.465688559628593E-01
521.9 5.644126945253074E-01
522.0 5.784546377288745E-01
522.1 5.891065119609709E-01
522.2 5.968354548624888E-01
522.3 6.021286941444710E-01
522.4 6.054557578129489E-01
522.5 6.072309586898273E-01
522.6 6.077791198193531E-01
522.7 6.073073744719357E-01
522.8 6.058854893967049E-01
522.9 6.034365504008504E-01
523.0 5.997390639265235E-01
523.1 5.944406325192627E-01
523.2 5.870824323611975E-01
523.3 5.771328378779046E-01
523.4 5.640277790974467E-01
523.5 5.472148489547646E-01
523.6 5.261978507149833E-01
523.7 5.005784197196557E-01
523.8 4.700915745691185E-01
523.9 4.346325321521145E-01
524.0 3.942728174827089E-01
524.1 3.492645530356359E-01
524.2 3.000327496318200E-01
524.3 2.471563615199135E-01
524.4 1.913397321255990E-01
524.5 1.333767715445431E-01
524.6 7.411071375199769E-02
524.7 1.439256125081344E-02
524.8 -4.495867958645156E-02
524.9 -1.031911314105352E-01
525.0 -1.596481966941377E-01
525.1 -2.137880466213377E-01
525.2 -2.651935548751154E-01
525.3 -3.135726133808857E-01
525.4 -3.587495664449908E-01
525.5 -4.006491985620436E-01
525.6 -4.392752509037826E-01
525.7 -4.746857798729457E-01
525.8 -5.069677856310033E-01
525.9 -5.362134281317651E-01
526.0 -5.624998328343622E-01
526.1 -5.858740063979676E-01
526.2 -6.063437871969166E-01
526.3 -6.238751083452511E-01
526.4 -6.383952168350568E-01
526.5 -6.498009326034020E-01
526.6 -6.579705977121533E-01
526.7 -6.627780959910181E-01
526.8 -6.641072375046675E-01
526.9 -6.618649009414919E-01
527.0 -6.559915925363609E-01
527.1 -6.464684778577848E-01
527.2 -6.333204253296361E-01
527.3 -6.166151125940625E-01
527.4 -5.964587316369928E-01
527.5 -5.729892328070419E-01
527.6 -5.463683276451042E-01
527.7 -5.167735958334225E-01
527.8 -4.843919994624343E-01
527.9 -4.494159032610658E-01
528.0 -4.120423551180215E-01
528.1 -3.724759350782610E-01
528.2 -3.309349823250753E-01
528.3 -2.876605140339113E-01
528.4 -2.429267135231280E-01
528.5 -1.970515386582249E-01
528.6 -1.504058251934682E-01
528.7 -1.034192589211296E-01
528.8 -5.658177263613324E-02
528.9 -1.043927762471148E-02
529.0 3.441686480383922E-02
529.1 7.736663323389879E-02
529.2 1.177837650395245E-01
529.3 1.550625589796937E-01
529.4 1.886472865561382E-01
529.5 2.180620464562701E-01
529.6 2.429386884959250E-01
529.7 2.630404359318180E-01
529.8 2.782790559326138E-01
529.9 2.887238548714655E-01
530.0 2.946013755358637E-01
530.1 2.962853977626317E-01
530.2 2.942776299519533E-01
530.3 2.891802567277753E-01
530.4 2.816622071949060E-01
530.5 2.724215640186594E-01
530.6 2.621468929768350E-01
530.7 2.514803996704061E-01
530.8 2.409856991655376E-01
530.9 2.311226220895512E-01
531.0 2.222309055743857E-01
531.1 2.145238774004851E-01
531.2 2.080924000405367E-01
531.3 2.029184710961080E-01
531.4 1.988970541304907E-01
531.5 1.958640117733915E-01
531.6 1.936274936520347E-01
531.7 1.919998417807865E-01
531.8 1.908270420128427E-01
531.9 1.900129759866841E-01
532.0 1.895361947204294E-01
532.1 1.894576023826279E-01
532.2 1.899182488718783E-01
532.3 1.911273122104648E-01
532.4 1.933412296764874E-01
532.5 1.968357338877008E-01
532.6 2.018731977988082E-01
532.7 2.086681351826128E-01
532.8 2.173539031459346E-01
532.9 2.279535943677847E-01
533.0 2.403577953209509E-01
533.1 2.543113507525648E-01
533.2 2.694105611691694E-01
533.3 2.851114106661843E-01
533.4 3.007485478939421E-01
533.5 3.155638967317521E-01
533.6 3.287430251166593E-01
533.7 3.394568105019865E-01
533.8 3.469055539286575E-01
533.9 3.503625386736315E-01
534.0 3.492141106638173E-01
534.1 3.429936628087831E-01
534.2 3.314074021176286E-01
534.3 3.143504197939879E-01
534.4 2.919123128284518E-01
534.5 2.643723582385450E-01
534.6 2.321849559984739E-01
534.7 1.959566779102496E-01
534.8 1.564167420664774E-01
534.9 1.143830453683230E-01
535.0 7.072601546401575E-02
535.1 2.633249107368693E-02
535.2 -1.792837560631828E-02
535.3 -6.123554715540199E-02
535.4 -1.028416488554077E-01
535.5 -1.420929049774419E-01
535.6 -1.784432082649086E-01
535.7 -2.114624972982735E-01
535.8 -2.408399652365358E-01
535.9 -2.663828674597118E-01
536.0 -2.880118238589832E-01
536.1 -3.057535259537025E-01
536.2 -3.197316737281826E-01
536.3 -3.301568059574218E-01
536.4 -3.373154813970083E-01
536.5 -3.415590500353036E-01
536.6 -3.432920561623417E-01
536.7 -3.429601661617374E-01
536.8 -3.410374338387528E-01
536.9 -3.380127151112367E-01
537.0 -3.343751215611671E-01
537.1 -3.305985476962621E-01
537.2 -3.271254997119062E-01
537.3 -3.243506673261913E-01
537.4 -3.226048846533278E-01
537.5 -3.221402909458387E-01
537.6 -3.231176008914477E-01
537.7 -3.255964073552907E-01
537.8 -3.295293566513714E-01
537.9 -3.347608579729333E-01
538.0 -3.410307258706592E-01
538.1 -3.479828290672948E-01
538.2 -3.551784598823071E-01
538.3 -3.621137806005904E-01
538.4 -3.682403822228371E-01
538.5 -3.729877408048649E-01
538.6 -3.757862046485628E-01
538.7 -3.760891104565620E-01
538.8 -3.733927153712640E-01
538.9 -3.672528393127086E-01
539.0 -3.572974206721574E-01
539.1 -3.432345698595121E-01
539.2 -3.248561228803399E-01
539.3 -3.020371097915948E-01
539.4 -2.747319187019301E-01
539.5 -2.429682167640296E-01
539.6 -2.068398548273185E-01
539.7 -1.665000125440890E-01
539.8 -1.221557295186231E-01
539.9 -7.406472364440288E-02
540.0 -2.253504213002954E-02
540.1 3.207234192181189E-02
540.2 8.933834083239671E-02
540.3 1.487787765971258E-01
540.4 2.098368111440079E-01
540.5 2.718762557586259E-01
540.6 3.341773694971274E-01
540.7 3.959367269450474E-01
540.8 4.562725327994326E-01
540.9 5.142363938614678E-01
541.0 5.688320539106876E-01
541.1 6.190409938856419E-01
541.2 6.638541503229033E-01
541.3 7.023083673416993E-01
541.4 7.335256313871372E-01
541.5 7.567526992673931E-01
541.6 7.713984653081142E-01
541.7 7.770663554854472E-01
541.8 7.735792007689940E-01
541.9 7.609944250965976E-01
542.0 7.396079625709910E-01
542.1 7.099460529697292E-01
542.2 6.727448991872134E-01
542.3 6.289190393339833E-01
542.4 5.795201197991575E-01
542.5 5.256884848791238E-01
542.6 4.686005621290003E-01
542.7 4.094153716300482E-01
542.8 3.492235901648584E-01
542.9 2.890024460529930E-01
543.0 2.295793164720303E-01
543.1 1.716062763202839E-01
543.2 1.155470540192199E-01
543.3 6.167694720793388E-02
543.4 1.009531109161530E-02
543.5 -3.925067167476032E-02
543.6 -8.653302739371785E-02
543.7 -1.320035496326291E-01
543.8 -1.759510063111475E-01
543.9 -2.186582876873371E-01
544.0 -2.603626973500060E-01
544.1 -3.012222547048437E-01
544.2 -3.412903314590416E-01
544.3 -3.805002341994119E-01
544.4 -4.186605306935542E-01
544.5 -4.554610665483551E-01
544.6 -4.904888002422098E-01
544.7 -5.232518628185067E-01
544.8 -5.532096785033814E-01
544.9 -5.798066049765038E-01
545.0 -6.025063906866507E-01
545.1 -6.208248065801020E-01
545.2 -6.343580775553946E-01
545.3 -6.428051847471130E-01
545.4 -6.459826895784099E-01
545.5 -6.438313910811274E-01
545.6 -6.364148112824980E-01
545.7 -6.239101519434496E-01
545.8 -6.065929273687932E-01
545.9 -5.848169097218061E-01
546.0 -5.589912954294646E-01
546.1 -5.295570988936180E-01
546.2 -4.969647033884173E-01
546.3 -4.616542641033024E-01
546.4 -4.240402929969594E-01
546.5 -3.845012974963519E-01
546.6 -3.433748392220871E-01
546.7 -3.009578709337095E-01
546.8 -2.575117437329582E-01
546.9 -2.132708903662540E-01
547.0 -1.684539134994137E-01
547.1 -1.232756584100475E-01
547.2 -7.795883398508321E-02
547.3 -3.274385866335192E-02
547.4 1.210416731333711E-02
547.5 5.629215036464338E-02
547.6 9.949977244394895E-02
547.7 1.413843711585841E-01
547.8 1.815895856926931E-01
547.9 2.197570904345869E-01
548.0 2.555404747372605E-01
548.1 2.886201511795123E-01
548.2 3.187180959025433E-01
548.3 3.456112443143253E-01
548.4 3.691424768618384E-01
548.5 3.892283189707884E-01
548.6 4.058627277768925E-01
548.7 4.191166238950664E-01
548.8 4.291331260692082E-01
548.9 4.361187379006397E-01
549.0 4.403309993114439E-01
549.1 4.420633351462733E-01
549.2 4.416279981451655E-01
549.3 4.393381070923256E-01
549.4 4.354898215896652E-01
549.5 4.303456750310491E-01
549.6 4.241200126053382E-01
549.7 4.169673594340337E-01
549.8 4.089743844430006E-01
549.9 4.001559379011957E-01
550.0 3.904554341622183E-01
550.1 3.797496348452584E-01
550.2 3.678576696044779E-01
550.3 3.545539192232397E-01
550.4 3.395841860924139E-01
550.5 3.226843971199475E-01
550.6 3.036009308174290E-01
550.7 2.821115409755083E-01
550.8 2.580457713385974E-01
550.9 2.313037261400083E-01
551.0 2.018720865434553E-01
551.1 1.698363476262265E-01
551.2 1.353883966872760E-01
551.3 9.882876014827417E-02
551.4 6.056310778596206E-02
551.5 2.109290955804480E-02
551.6 -1.899952272514534E-02
551.7 -5.907102802321689E-02
551.8 -9.844170408881876E-02
551.9 -1.364219087039747E-01
552.0 -1.723406877215432E-01
552.1 -2.055740008068400E-01
552.2 -2.355710530318446E-01
552.3 -2.618770900555156E-01
552.4 -2.841511811807468E-01
552.5 -3.021777938721870E-01
552.6 -3.158713417951522E-01
552.7 -3.252733435915998E-01
552.8 -3.305423311837090E-01
552.9 -3.319371584092520E-01
553.0 -3.297948441812734E-01
553.1 -3.245045001449211E-01
553.2 -3.164792053891157E-01
553.3 -3.061278712219631E-01
553.4 -2.938291678734800E-01
553.5 -2.799094544215799E-01
553.6 -2.646263682752015E-01
553.7 -2.481593092241912E-01
553.8 -2.306075254192079E-01
553.9 -2.119959145969121E-01
554.0 -1.922880401567147E-01
554.1 -1.714052780817552E-01
554.2 -1.492505057344325E-01
554.3 -1.257343603835478E-01
554.4 -1.008018677335308E-01
554.5 -7.445719002715669E-02
554.6 -4.678437611762308E-02
554.7 -1.796230332844252E-02
554.8 1.172754107644243E-02
554.9 4.190121968693038E-02
555.0 7.208058976164522E-02
555.1 1.017091275322140E-01
555.2 1.301742201511275E-01
555.3 1.568343018431642E-01
555.4 1.810488376526363E-01
555.5 2.022089550951934E-01
555.6 2.197665076941118E-01
555.7 2.332595248634993E-01
555.8 2.423323432230839E-01
555.9 2.467491932236435E-01
556.0 2.464005875096248E-01
556.1 2.413024709255553E-01
556.2 2.315886901171813E-01
556.3 2.174978686199892E-01
556.4 1.993561833282296E-01
556.5 1.775577938295228E-01
556.6 1.525447556801701E-01
556.7 1.247881476940289E-01
556.8 9.477187466708534E-02
556.9 6.298019998467738E-02
557.0 2.988956023888525E-02
557.1 -4.035331132982815E-03
557.2 -3.834161504808662E-02
557.3 -7.258563731391134E-02
557.4 -1.063288440634496E-01
557.5 -1.391337314170887E-01
557.6 -1.705613630282841E-01
557.7 -2.001717900219827E-01
557.8 -2.275283600430943E-01
557.9 -2.522064183811435E-01
558.0 -2.738063321275309E-01
558.1 -2.919701664442228E-01
558.2 -3.064007738382008E-01
558.3 -3.168815854200605E-01
558.4 -3.232950728468164E-01
558.5 -3.256377234346094E-01
558.6 -3.240294636408745E-01
558.7 -3.187157819715027E-01
558.8 -3.100613237176034E-01
558.9 -2.985344181376562E-01
559.0 -2.846827970136084E-01
559.1 -2.691016017549732E-01
559.2 -2.523955769334801E-01
559.3 -2.351380335508119E-01
559.4 -2.178296647074240E-01
559.5 -2.008605527491266E-01
559.6 -1.844786831781052E-01
559.7 -1.687679632524874E-01
559.8 -1.536381448817511E-01
559.9 -1.388282106108154E-01
560.0 -1.239237599437538E-01
560.1 -1.083878113739538E-01
560.2 -9.160330573388646E-02
560.3 -7.292455562720211E-02
560.4 -5.173402641106618E-02
560.5 -2.750023672934434E-02
560.6 1.677085650087077E-04
560.7 3.147335828034412E-02
560.8 6.639788816742583E-02
560.9 1.046799862939086E-01
561.0 1.458127643874973E-01
561.1 1.890585411711968E-01
561.2 2.334809717477121E-01
561.3 2.779926310287066E-01
561.4 3.214149110481169E-01
561.5 3.625460662701452E-01
561.6 4.002325257775592E-01
561.7 4.334382504267240E-01
561.8 4.613069806739298E-01
561.9 4.832126975963152E-01
562.0 4.987944726821029E-01
562.1 5.079730468905229E-01
562.2 5.109478655388845E-01
562.3 5.081747929430899E-01
562.4 5.003262195036275E-01
562.5 4.882366339717199E-01
562.6 4.728378546258679E-01
562.7 4.550889037145505E-01
562.8 4.359059051506149E-01
562.9 4.160973535923878E-01
563.0 3.963096461771611E-01
563.1 3.769869235478281E-01
563.2 3.583481034557313E-01
563.3 3.403826032016052E-01
563.4 3.228647497207920E-01
563.5 3.053853902191057E-01
563.6 2.873978625478188E-01
563.7 2.682743722618673E-01
563.8 2.473680414695655E-01
563.9 2.240755044678382E-01
564.0 1.978949555095935E-01
564.1 1.684749988451133E-01
564.2 1.356504703242410E-01
564.3 9.946252273870472E-02
564.4 6.016159864096824E-02
564.5 1.819334311888661E-02
564.6 -2.583108361228007E-02
564.7 -7.117756365405620E-02
564.8 -1.170406889455979E-01
564.9 -1.626000721536274E-01
565.0 -2.070765057092799E-01
565.1 -2.497832469388759E-01
565.2 -2.901681722191347E-01
565.3 -3.278433578146057E-01
565.4 -3.625997390870715E-01
565.5 -3.944057803677737E-01
565.6 -4.233904477844877E-01
565.7 -4.498121040928514E-01
565.8 -4.740161292225331E-01
565.9 -4.963850166210545E-01
566.0 -5.172853277098219E-01
566.1 -5.370161552849210E-01
566.2 -5.557636319033042E-01
566.3 -5.735655327828880E-01
566.4 -5.902892059666042E-01
566.5 -6.056249830341280E-01
566.6 -6.190959694387159E-01
566.7 -6.300837855996499E-01
566.8 -6.378685340226390E-01
566.9 -6.416801061466724E-01
567.0 -6.407570058650319E-01
567.1 -6.344082266872274E-01
567.2 -6.220734243114390E-01
567.3 -6.033766966984345E-01
567.4 -5.781697119025182E-01
567.5 -5.465606749285269E-01
567.6 -5.089266396378654E-01
567.7 -4.659078719798615E-01
567.8 -4.183842655434547E-01
567.9 -3.674351029271873E-01
568.0 -3.142846517921645E-01
568.1 -2.602370965893605E-01
568.2 -2.066050647501032E-01
568.3 -1.546364584274441E-01
568.4 -1.054444216659494E-01
568.5 -5.994505476779761E-02
568.6 -1.880695340726454E-02
568.7 1.758415748916154E-02
568.8 4.914344483965172E-02
568.9 7.608655076498659E-02
569.0 9.891085866586366E-02
569.1 1.183597475132025E-01
569.2 1.353722172423401E-01
569.3 1.510211680704611E-01
569.4 1.664442833577435E-01
569.5 1.827718611286920E-01
569.6 2.010560448440443E-01
569.7 2.222057207578571E-01
569.8 2.469308976640909E-01
569.9 2.756997025439136E-01
570.0 3.087102639765761E-01
570.1 3.458787755188142E-01
570.2 3.868440004427667E-01
570.3 4.309874650090443E-01
570.4 4.774676540507761E-01
570.5 5.252657267089101E-01
570.6 5.732396574143619E-01
570.7 6.201833099782303E-01
570.8 6.648867882739795E-01
570.9 7.061944773552694E-01
571.0 7.430574808125868E-01
571.1 7.745776469879228E-01
571.2 8.000410201763756E-01
571.3 8.189393063792655E-01
571.4 8.309787544219271E-01
571.5 8.360766683118225E-01
571.6 8.343465331817884E-01
571.7 8.260734074917258E-01
571.8 8.116817685289743E-01
571.9 7.916983668840074E-01
572.0 7.667128303903065E-01
572.1 7.373387534591161E-01
572.2 7.041778208627816E-01
572.3 6.677891647346009E-01
572.4 6.286656691274133E-01
572.5 5.872183554004258E-01
572.6 5.437693470455324E-01
572.7 4.985532699568131E-01
572.8 4.517263386718560E-01
572.9 4.033818522039611E-01
573.0 3.535704097301727E-01
573.1 3.023228827775349E-01
573.2 2.496740622883276E-01
573.3 1.956849401552341E-01
573.4 1.404617778998488E-01
573.5 8.417044152257068E-02
573.6 2.704491304785336E-02
573.7 -3.061060955991481E-02
573.8 -8.842608170031895E-02
573.9 -1.459759895528172E-01
574.0 -2.027948077637040E-01
574.1 -2.583962299765860E-01
574.2 -3.122946000750434E-01
574.3 -3.640268403330370E-01
574.4 -4.131731812538900E-01
574.5 -4.593751425265873E-01
574.6 -5.023494800656984E-01
574.7 -5.418971757285649E-01
574.8 -5.779069717033932E-01
574.9 -6.103534036874879E-01
575.0 -6.392897271812705E-01
575.1 -6.648365225694842E-01
575.2 -6.871670750589306E-01
575.3 -7.064908304657481E-01
575.4 -7.230363124314682E-01
575.5 -7.370348468882445E-01
575.6 -7.487062826386336E-01
575.7 -7.582476403302664E-01
575.8 -7.658252922309746E-01
575.9 -7.715709047150667E-01
576.0 -7.755810002286192E-01
576.1 -7.779196516517497E-01
576.2 -7.786235419917986E-01
576.3 -7.777084323664465E-01
576.4 -7.751759985404468E-01
576.5 -7.710200275866057E-01
576.6 -7.652311070688513E-01
576.7 -7.577991741758895E-01
576.8 -7.487135967274769E-01
576.9 -7.379608000807562E-01
577.0 -7.255197977565604E-01
577.1 -7.113562925295994E-01
577.2 -6.954162551775991E-01
577.3 -6.776200327443661E-01
577.4 -6.578580688114313E-01
577.5 -6.359892277314120E-01
577.6 -6.118425079092922E-01
577.7 -5.852226227216101E-01
577.8 -5.559195487518929E-01
577.9 -5.237217250519326E-01
578.0 -4.884321744346302E-01
578.1 -4.498864498737448E-01
578.2 -4.079710246719749E-01
578.3 -3.626405763324059E-01
578.4 -3.139325833247248E-01
578.5 -2.619777711752220E-01
578.6 -2.070052058574492E-01
578.7 -1.493412208753004E-01
578.8 -8.940184968394728E-02
578.9 -2.767897693284807E-02
579.0 3.527902662142553E-02
579.1 9.889090955547977E-02
579.2 1.625686866814764E-01
579.3 2.257443355686195E-01
579.4 2.878949194022939E-01
579.5 3.485640611419977E-01
579.6 4.073779246285458E-01
579.7 4.640542580995167E-01
579.8 5.184035957918384E-01
579.9 5.703223520155221E-01
580.0 6.197782274421352E-01
580.1 6.667890219585898E-01
580.2 7.113965541853032E-01
580.3 7.536378708659784E-01
580.4 7.935162451282900E-01
580.5 8.309745795371457E-01
580.6 8.658737324561496E-01
580.7 8.979779767632002E-01
580.8 9.269492984985406E-01
580.9 9.523515860406236E-01
581.0 9.736649979319807E-01
581.1 9.903099890725577E-01
581.2 1.001679684884581E+00
581.3 1.007178584813462E+00
581.4 1.006265007850659E+00
581.5 9.984943106404034E-01
581.6 9.835597455694954E-01
581.7 9.613278971796068E-01
581.8 9.318659369243578E-01
581.9 8.954584471692556E-01
582.0 8.526122474710749E-01
582.1 8.040484584229632E-01
582.2 7.506819005360079E-01
582.3 6.935887834660880E-01
582.4 6.339644311404452E-01
582.5 5.730734537953508E-01
582.6 5.121952718527699E-01
582.7 4.525681860761784E-01
582.8 3.953352568549503E-01
582.9 3.414951030568066E-01
583.0 2.918603744376136E-01
583.1 2.470261224900106E-01
583.2 2.073496358664657E-01
583.3 1.729425689938589E-01
583.4 1.436754305992516E-01
583.5 1.191937661746132E-01
583.6 9.894471355364301E-02
583.7 8.221207397655617E-02
583.8 6.815765145311857E-02
583.9 5.586638748405799E-02
584.0 4.439275981465392E-02
584.1 3.280601407381074E-02
584.2 2.023203636134880E-02
584.3 5.890025247507334E-03
584.4 -1.087745002694527E-02
584.5 -3.058194767716253E-02
584.6 -5.357467216963503E-02
584.7 -8.004002380124188E-02
584.8 -1.099967848754308E-01
584.9 -1.433062129727835E-01
585.0 -1.796860570048017E-01
585.1 -2.187293415319860E-01
585.2 -2.599266766746863E-01
585.3 -3.026908369203340E-01
585.4 -3.463824005664358E-01
585.5 -3.903353387121264E-01
585.6 -4.338815744986028E-01
585.7 -4.763736865492452E-01
585.8 -5.172050940815338E-01
585.9 -5.558272262903160E-01
586.0 -5.917633392744764E-01
586.1 -6.246187962480577E-01
586.2 -6.540877690021509E-01
586.3 -6.799564494511956E-01
586.4 -7.021029786627795E-01
586.5 -7.204944055734298E-01
586.6 -7.351810762726859E-01
586.7 -7.462889239323761E-01
586.8 -7.540101750681741E-01
586.9 -7.585930055982506E-01
587.0 -7.603306665248075E-01
587.1 -7.595505520277346E-01
587.2 -7.566036028482730E-01
587.3 -7.518543287887978E-01
587.4 -7.456716032772431E-01
587.5 -7.384202410745820E-01
587.6 -7.304532311010181E-01
587.7 -7.221043756538212E-01
587.8 -7.136810009704171E-01
587.9 -7.054563667113271E-01
588.0 -6.976614247089914E-01
588.1 -6.904756663371974E-01
588.2 -6.840169525969982E-01
588.3 -6.783304335107524E-01
588.4 -6.733769180202115E-01
588.5 -6.690213296521266E-01
588.6 -6.650221485836967E-01
588.7 -6.610229660238743E-01
588.8 -6.565474302901653E-01
588.9 -6.509989167915321E-01
589.0 -6.436661837549166E-01
589.1 -6.337360686676577E-01
589.2 -6.203139354801862E-01
589.3 -6.024521112656971E-01
589.4 -5.791859784676572E-01
589.5 -5.495767528876346E-01
589.6 -5.127593263094411E-01
589.7 -4.679929411076056E-01
589.8 -4.147119497552959E-01
589.9 -3.525735495824788E-01
590.0 -2.814992193325278E-01
590.1 -2.017066531126646E-01
590.2 -1.137293063893927E-01
590.3 -1.842123508415455E-02
590.4 8.305430122723922E-02
590.5 1.892530319424043E-01
590.6 2.984941383016047E-01
590.7 4.089193357008525E-01
590.8 5.185638448777405E-01
590.9 6.254355738868693E-01
591.0 7.275980987027590E-01
591.1 8.232525780313915E-01
591.2 9.108136166267965E-01
591.3 9.889743259057298E-01
591.4 1.056756418221580E+00
591.5 1.113542080529147E+00
591.6 1.159085545979725E+00
591.7 1.193503636564213E+00
591.8 1.217245987241763E+00
591.9 1.231047073336866E+00
592.0 1.235863438657518E+00
592.1 1.232800560214536E+00
592.2 1.223034501824234E+00
592.3 1.207733842737431E+00
592.4 1.187987288100693E+00
592.5 1.164741877900552E+00
592.6 1.138755845913769E+00
592.7 1.110569006964447E+00
592.8 1.080492162262626E+00
592.9 1.048615520012913E+00
593.0 1.014834652405874E+00
593.1 9.788911703396957E-01
593.2 9.404242026479354E-01
593.3 8.990280058754748E-01
593.4 8.543106644494441E-01
593.5 8.059488968793012E-01
593.6 7.537344530634699E-01
593.7 6.976084273815660E-01
593.8 6.376809470241810E-01
593.9 5.742350249059622E-01
594.0 5.077147750969447E-01
594.1 4.386995533427239E-01
594.2 3.678667877716104E-01
594.3 2.959472020522308E-01
594.4 2.236767257452900E-01
594.5 1.517495860048019E-01
594.6 8.077686788245357E-02
594.7 1.125424024821568E-02
594.8 -5.645837216159144E-02
594.9 -1.221435469065002E-01
595.0 -1.857192187538015E-01
595.1 -2.472186030973726E-01
595.2 -3.067593609058697E-01
595.3 -3.645051667081863E-01
595.4 -4.206235279908994E-01
595.5 -4.752440287899394E-01
595.6 -5.284211048123852E-01
595.7 -5.801050105788254E-01
595.8 -6.301238542165782E-01
595.9 -6.781785269109475E-01
596.0 -7.238511398005582E-01
596.1 -7.666263142709453E-01
596.2 -8.059234695012688E-01
596.3 -8.411372245977886E-01
596.4 -8.716822758468977E-01
596.5 -8.970386913037048E-01
596.6 -9.167935222080390E-01
596.7 -9.306749657065355E-01
596.8 -9.385759931044355E-01
596.9 -9.405653175614781E-01
597.0 -9.368847242479512E-01
597.1 -9.279330168104485E-01
597.2 -9.142380318518010E-01
597.3 -8.964192270548637E-01
597.4 -8.751441617763794E-01
597.5 -8.510826877933958E-01
597.6 -8.248628088312403E-01
597.7 -7.970319409769927E-01
597.8 -7.680267373149335E-01
597.9 -7.381537865743399E-01
598.0 -7.075824413688863E-01
598.1 -6.763498793719057E-01
598.2 -6.443773617876939E-01
598.3 -6.114956369822621E-01
598.4 -5.774766398017140E-01
598.5 -5.420681337858901E-01
598.6 -5.050277800001129E-01
598.7 -4.661533049532389E-01
598.8 -4.253059588446778E-01
598.9 -3.824252495312926E-01
599.0 -3.375339253526105E-01
599.1 -2.907332603509389E-01
599.2 -2.421897582060617E-01
599.3 -1.921153276078028E-01
599.4 -1.407436952570811E-01
599.5 -8.830623849123832E-02
599.6 -3.501049231280776E-02
599.7 1.897569588088689E-02
599.8 7.353200197099721E-02
599.9 1.285839726871094E-01
600.0 1.840914757025834E-01
600.1 2.400279913114468E-01
600.2 2.963525959864558E-01
600.3 3.529774469265218E-01
600.4 4.097342804158103E-01
600.5 4.663438055949248E-01
600.6 5.223918603210981E-01
600.7 5.773157848361481E-01
600.8 6.304036880035772E-01
600.9 6.808081926610914E-01
601.0 7.275749453544801E-01
601.1 7.696847787113895E-01
601.2 8.061070518167783E-01
601.3 8.358604954483178E-01
601.4 8.580769733988270E-01
601.5 8.720630336268812E-01
601.6 8.773540263071304E-01
601.7 8.737559335631008E-01
601.8 8.613708692224560E-01
601.9 8.406034065962378E-01
602.0 8.121463818019177E-01
602.1 7.769464749185621E-01
602.2 7.361515491793279E-01
602.3 6.910432825094476E-01
602.4 6.429599173909010E-01
602.5 5.932148666577548E-01
602.6 5.430173586196100E-01
602.7 4.934012390143880E-01
602.8 4.451674683258849E-01
602.9 3.988448045915544E-01
603.0 3.546717291312399E-01
603.1 3.126009750555995E-01
603.2 2.723261992182765E-01
603.3 2.333285520010387E-01
603.4 1.949392981038332E-01
603.5 1.564133616583926E-01
603.6 1.170078188666925E-01
603.7 7.605901185793409E-02
603.8 3.305213573161842E-02
603.9 -1.232216201178939E-02
604.0 -6.012849721411753E-02
604.1 -1.101676295781820E-01
604.2 -1.619786652754085E-01
604.3 -2.148619800327899E-01
604.4 -2.679205872689619E-01
604.5 -3.201162293524203E-01
604.6 -3.703353710105818E-01
604.7 -4.174596099120695E-01
604.8 -4.604348380749501E-01
604.9 -4.983337929693505E-01
605.0 -5.304073895564647E-01
605.1 -5.561213455363244E-01
605.2 -5.751759919707126E-01
605.3 -5.875086696863533E-01
605.4 -5.932796095426159E-01
605.5 -5.928435474051165E-01
605.6 -5.867104149973997E-01
605.7 -5.754991856421670E-01
605.8 -5.598892844490608E-01
605.9 -5.405738806366321E-01
606.0 -5.182188905441751E-01
606.1 -4.934306956875145E-01
606.2 -4.667345134756465E-01
606.3 -4.385641622886879E-01
606.4 -4.092627603363088E-01
606.5 -3.790928092030317E-01
606.6 -3.482532439962275E-01
606.7 -3.169004637289945E-01
606.8 -2.851701369941710E-01
606.9 -2.531967214733000E-01
607.0 -2.211281163766690E-01
607.1 -1.891336250648141E-01
607.2 -1.574043532977817E-01
607.3 -1.261462002214745E-01
607.4 -9.556659969939066E-02
607.5 -6.585702799617482E-02
607.6 -3.717391422651575E-02
607.7 -9.620901432820074E-03
607.8 1.676463000154011E-02
607.9 4.201825080753682E-02
608.0 6.624655811656835E-02
608.1 8.961575934392020E-02
608.2 1.123309831766870E-01
608.3 1.346076688035749E-01
608.4 1.566374323582836E-01
608.5 1.785516573346287E-01
608.6 2.003866054020661E-01
608.7 2.220540249127669E-01
608.8 2.433210108238340E-01
608.9 2.638022455753791E-01
609.0 2.829667695155291E-01
609.1 3.001601723431328E-01
609.2 3.146416741726527E-01
609.3 3.256341065576516E-01
609.4 3.323834483694802E-01
609.5 3.342234519267726E-01
609.6 3.306401264279509E-01
609.7 3.213305145595051E-01
609.8 3.062503521399588E-01
609.9 2.856458444485396E-01
610.0 2.600658863078384E-01
610.1 2.303525137802819E-01
610.2 1.976090858128499E-01
610.3 1.631475112280415E-01
610.4 1.284176041224276E-01
610.5 9.492321399067642E-02
610.6 6.413099567715098E-02
610.7 3.737844622500014E-02
610.8 1.578806666255689E-02
610.9 1.941777591740095E-04
611.0 -8.911950847800727E-03
611.1 -1.141434260240830E-02
611.2 -7.579321546511822E-03
611.3 1.963384289470817E-03
611.4 1.626411238903992E-02
611.5 3.411807779309661E-02
611.6 5.414665859707004E-02
611.7 7.488904383197177E-02
611.8 9.489738968941223E-02
611.9 1.128284453980985E-01
612.0 1.275249950141433E-01
612.1 1.380813784969852E-01
612.2 1.438887220458583E-01
612.3 1.446572034727119E-01
612.4 1.404145562788738E-01
612.5 1.314819153086957E-01
612.6 1.184298671498064E-01
612.7 1.020190442132038E-01
612.8 8.313067421214274E-02
612.9 6.269308531499733E-02
613.0 4.161023408360177E-02
613.1 2.069787724102241E-02
613.2 6.321028421046987E-04
613.3 -1.808633588879425E-02
613.4 -3.514995736934533E-02
613.5 -5.044445229793278E-02
613.6 -6.403181811905934E-02
613.7 -7.611939273326737E-02
613.8 -8.701854882789511E-02
613.9 -9.709751919530722E-02
614.0 -1.067330956969073E-01
614.1 -1.162657718127719E-01
614.2 -1.259623137990203E-01
614.3 -1.359888182374283E-01
614.4 -1.463961437030663E-01
614.5 -1.571183104890329E-01
614.6 -1.679831718300763E-01
614.7 -1.787334956474143E-01
614.8 -1.890556645528730E-01
614.9 -1.986125852376352E-01
615.0 -2.070771453091018E-01
615.1 -2.141626784308404E-01
615.2 -2.196473726869583E-01
615.3 -2.233903241791211E-01
615.4 -2.253379124468078E-01
615.5 -2.255202525015904E-01
615.6 -2.240385483838478E-01
615.7 -2.210451267796132E-01
615.8 -2.167186718806909E-01
615.9 -2.112376428351052E-01
616.0 -2.047549910288825E-01
616.1 -1.973770976766581E-01
616.2 -1.891493481736614E-01
616.3 -1.800500045737838E-01
616.4 -1.699931124644918E-01
616.5 -1.588401809369548E-01
616.6 -1.464194084053188E-01
616.7 -1.325503928965917E-01
616.8 -1.170716493565670E-01
616.9 -9.986792222951456E-02
617.0 -8.089426397272541E-02
617.1 -6.019415192815734E-02
617.2 -3.790950730345307E-02
617.3 -1.428130166869440E-02
617.4 1.035959443415660E-02
617.5 3.561064753805114E-02
617.6 6.102334430589402E-02
617.7 8.613387265964048E-02
617.8 1.104957782261256E-01
617.9 1.337112982832991E-01
618.0 1.554581311854925E-01
618.1 1.755087854133701E-01
618.2 1.937403357088539E-01
618.3 2.101333312687537E-01
618.4 2.247596659364667E-01
618.5 2.377603304756704E-01
618.6 2.493150143400973E-01
618.7 2.596064055763713E-01
618.8 2.687826640263584E-01
618.9 2.769218496069736E-01
619.0 2.840020387177903E-01
619.1 2.898804557778342E-01
619.2 2.942842154249392E-01
619.3 2.968142770443813E-01
619.4 2.969630454176831E-01
619.5 2.941448150051993E-01
619.6 2.877370636852467E-01
619.7 2.771295645073255E-01
619.8 2.617774975891556E-01
619.9 2.412542826533217E-01
620.0 2.152997604316931E-01
620.1 1.838596392711997E-01
620.2 1.471127681385990E-01
620.3 1.054837428101462E-01
620.4 5.963951508759850E-02
620.5 1.046995264963973E-02
620.6 -4.094642309984664E-02
620.7 -9.338912439104573E-02
620.8 -1.455514553203686E-01
620.9 -1.961013225451636E-01
621.0 -2.437427637000227E-01
621.1 -2.872739124106775E-01
621.2 -3.256375308173742E-01
621.3 -3.579609671367682E-01
621.4 -3.835833653095007E-01
621.5 -4.020690737083369E-01
621.6 -4.132073657812390E-01
621.7 -4.169996909165276E-01
621.8 -4.136366202380470E-01
621.9 -4.034673580130491E-01
622.0 -3.869650978609878E-01
622.1 -3.646915863585144E-01
622.2 -3.372640187994962E-01
622.3 -3.053268672109982E-01
622.4 -2.695304903843171E-01
622.5 -2.305174811563947E-01
622.6 -1.889167611150696E-01
622.7 -1.453445337810687E-01
622.8 -1.004104440106711E-01
622.9 -5.472673843690168E-02
623.0 -8.917931371718002E-03
623.1 3.637152236074526E-02
623.2 8.047376616107524E-02
623.3 1.226999805084466E-01
623.4 1.623496886513426E-01
623.5 1.987270592199500E-01
623.6 2.311634726110599E-01
623.7 2.590448186496664E-01
623.8 2.818413412765755E-01
623.9 2.991374104193866E-01
624.0 3.106584284346509E-01
624.1 3.162921886813498E-01
624.2 3.161023885324655E-01
624.3 3.103326224583880E-01
624.4 2.993999827008756E-01
624.5 2.838782974352116E-01
624.6 2.644719508356912E-01
624.7 2.419820662584743E-01
624.8 2.172675104033051E-01
624.9 1.912036260074754E-01
625.0 1.646417788560353E-01
625.1 1.383726939162273E-01
625.2 1.130961660771733E-01
625.3 8.939910173954872E-02
625.4 6.774304066430094E-02
625.5 4.846140310149761E-02
625.6 3.176579518207154E-02
625.7 1.775987669850080E-02
625.8 6.458632448961346E-03
625.9 -2.189542426504766E-03
626.0 -8.280688069740243E-03
626.1 -1.193566592445587E-02
626.2 -1.328528205323192E-02
626.3 -1.246169725575935E-02
626.4 -9.596857744988687E-03
626.5 -4.827780502559754E-03
626.6 1.692361910138637E-03
626.7 9.779196780994162E-03
626.8 1.920058069615141E-02
626.9 2.966127274945405E-02
627.0 4.079165622787177E-02
627.1 5.214303425125346E-02
627.2 6.319144973482041E-02
627.3 7.335115785288651E-02
627.4 8.199788502642283E-02
627.5 8.850093703805091E-02
627.6 9.226217567425697E-02
627.7 9.275897456211243E-02
627.8 8.958758734544864E-02
627.9 8.250299264291781E-02
628.0 7.145127086112342E-02
628.1 5.659093572955703E-02
628.2 3.830037093212591E-02
628.3 1.716955736819277E-02
628.4 -6.024463357216757E-03
628.5 -3.035756516651423E-02
628.6 -5.481175366554485E-02
628.7 -7.833817416574455E-02
628.8 -9.992545994555793E-02
628.9 -1.186683088830107E-01
629.0 -1.338309303816803E-01
629.1 -1.449002079943126E-01
629.2 -1.516240729582464E-01
629.3 -1.540316370009636E-01
629.4 -1.524330096421005E-01
629.5 -1.473983159002959E-01
629.6 -1.397171037205727E-01
629.7 -1.303409454904886E-01
629.8 -1.203134558286453E-01
629.9 -1.106930439378578E-01
630.0 -1.024743942317385E-01
630.1 -9.651485916141697E-02
630.2 -9.347162922274123E-02
630.3 -9.375473618989129E-02
630.4 -9.749970786725232E-02
630.5 -1.045621244522443E-01
630.6 -1.145345554563050E-01
630.7 -1.267845280388779E-01
630.8 -1.405104447334429E-01
630.9 -1.548108763247871E-01
631.0 -1.687615303489763E-01
631.1 -1.814935336658000E-01
631.2 -1.922665268494796E-01
631.3 -2.005304635108344E-01
631.4 -2.059709091462982E-01
631.5 -2.085339694703747E-01
631.6 -2.084286389027351E-01
631.7 -2.061062101917922E-01
631.8 -2.022182744219027E-01
631.9 -1.975566119971340E-01
632.0 -1.929797844062983E-01
632.1 -1.893323601150771E-01
632.2 -1.873633541086329E-01
632.3 -1.876505769999752E-01
632.4 -1.905371672030770E-01
632.5 -1.960856532954113E-01
632.6 -2.040535389270144E-01
632.7 -2.138927292509510E-01
632.8 -2.247732605791814E-01
632.9 -2.356299022825568E-01
633.0 -2.452284218627144E-01
633.1 -2.522467800144794E-01
633.2 -2.553653700110918E-01
633.3 -2.533597216110632E-01
633.4 -2.451889032179394E-01
633.5 -2.300731857914768E-01
633.6 -2.075553458559061E-01
633.7 -1.775412133422716E-01
633.8 -1.403166122910323E-01
633.9 -9.653957553464526E-02
634.0 -4.720850307784931E-02
634.1 6.391358526924100E-03
634.2 6.275923891164155E-02
634.3 1.202629079118594E-01
634.4 1.772296323128669E-01
634.5 2.320378330840144E-01
634.6 2.832033637452409E-01
634.7 3.294548772962237E-01
634.8 3.697936750016523E-01
634.9 4.035346536646175E-01
635.0 4.303263878402742E-01
635.1 4.501498878946822E-01
635.2 4.632970503122838E-01
635.3 4.703311566880546E-01
635.4 4.720328908505582E-01
635.5 4.693361592981636E-01
635.6 4.632584739828801E-01
635.7 4.548307716230170E-01
635.8 4.450313109497775E-01
635.9 4.347277446744764E-01
636.0 4.246306636929429E-01
636.1 4.152609298368792E-01
636.2 4.069320321053799E-01
636.3 3.997476037822409E-01
636.4 3.936132039161165E-01
636.5 3.882605659969567E-01
636.6 3.832818043348689E-01
636.7 3.781705818627041E-01
636.8 3.723669997370158E-01
636.9 3.653029678647820E-01
637.0 3.564450373371491E-01
637.1 3.453320869011144E-01
637.2 3.316058111795166E-01
637.3 3.150326067618896E-01
637.4 2.955161396637451E-01
637.5 2.731005521043789E-01
637.6 2.479648819088301E-01
637.7 2.204097865475309E-01
637.8 1.908380589595859E-01
637.9 1.597306785101603E-01
638.0 1.276202539138501E-01
638.1 9.506369255549854E-02
638.2 6.261578820752312E-02
638.3 3.080517938484652E-02
638.4 1.138206381307006E-04
638.5 -2.903924194997689E-02
638.6 -5.630936322308937E-02
638.7 -8.143298103506741E-02
638.8 -1.042297229308644E-01
638.9 -1.246004322645404E-01
639.0 -1.425218034837037E-01
639.1 -1.580384404257297E-01
639.2 -1.712532044593661E-01
639.3 -1.823167056030736E-01
639.4 -1.914167176976592E-01
639.5 -1.987681795582525E-01
639.6 -2.046042908940259E-01
639.7 -2.091690386423506E-01
639.8 -2.127113101586639E-01
639.9 -2.154805775469231E-01
640.0 -2.177239839566695E-01
640.1 -2.196845375959524E-01
640.2 -2.216000298641328E-01
640.3 -2.237022451566768E-01
640.4 -2.262160235858145E-01
640.5 -2.293577733719625E-01
640.6 -2.333331035877682E-01
640.7 -2.383333543501893E-01
640.8 -2.445309323006132E-01
640.9 -2.520735043327547E-01
641.0 -2.610772507935718E-01
641.1 -2.716195189713672E-01
641.2 -2.837313369320184E-01
641.3 -2.973903359891520E-01
641.4 -3.125146784271896E-01
641.5 -3.289585892652499E-01
641.6 -3.465100438207272E-01
641.7 -3.648910672778677E-01
641.8 -3.837609629634213E-01
641.9 -4.027226109523415E-01
642.0 -4.213317797248294E-01
642.1 -4.391091852387893E-01
642.2 -4.555548299429198E-01
642.3 -4.701639752510476E-01
642.4 -4.824439601453006E-01
642.5 -4.919309888232549E-01
642.6 -4.982059810027347E-01
642.7 -5.009086144102852E-01
642.8 -4.997487896505376E-01
642.9 -4.945149072076881E-01
643.0 -4.850785537560697E-01
643.1 -4.713954348607985E-01
643.2 -4.535026449446014E-01
643.3 -4.315126128298216E-01
643.4 -4.056042820552341E-01
643.5 -3.760122611978965E-01
643.6 -3.430147958326428E-01
643.7 -3.069214607285851E-01
643.8 -2.680614445363857E-01
643.9 -2.267732021178410E-01
644.0 -1.833960906228392E-01
644.1 -1.382643988356806E-01
644.2 -9.170394389891354E-02
644.3 -4.403116661508262E-02
644.4 4.445571871571998E-03
644.5 5.342298251289592E-02
644.6 1.025987613818095E-01
644.7 1.516671311809275E-01
644.8 2.003147250375609E-01
644.9 2.482174626021529E-01
645.0 2.950389425963150E-01
645.1 3.404307016270971E-01
645.2 3.840344846249573E-01
645.3 4.254864588714733E-01
645.4 4.644231031965868E-01
645.5 5.004883369899009E-01
645.6 5.333413370438285E-01
645.7 5.626644354164043E-01
645.8 5.881705033885427E-01
645.9 6.096093029402286E-01
646.0 6.267724187663082E-01
646.1 6.394965553937249E-01
646.2 6.476651756351715E-01
646.3 6.512086461695693E-01
646.4 6.501032211493385E-01
646.5 6.443693154390524E-01
646.6 6.340695800378809E-01
646.7 6.193072844904630E-01
646.8 6.002254333061577E-01
646.9 5.770069022330687E-01
647.0 5.498756898616014E-01
647.1 5.190991609371088E-01
647.2 4.849909347042687E-01
647.3 4.479138711213895E-01
647.4 4.082824553777595E-01
647.5 3.665637984717887E-01
647.6 3.232764739506701E-01
647.7 2.789865052286207E-01
647.8 2.343000016399395E-01
647.9 1.898522022711314E-01
648.0 1.462930034084824E-01
648.1 1.042693896766983E-01
648.2 6.440552751711012E-02
648.3 2.728157794084255E-02
648.4 -6.587489137458278E-03
648.5 -3.677167149219673E-02
648.6 -6.294288843058179E-02
648.7 -8.488781912640690E-02
648.8 -1.025155766882033E-01
648.9 -1.158595200175950E-01
649.0 -1.250729355879325E-01
649.1 -1.304187940087688E-01
649.2 -1.322542591645122E-01
649.3 -1.310110564037207E-01
649.4 -1.271731486086806E-01
649.5 -1.212533894531765E-01
649.6 -1.137708965445835E-01
649.7 -1.052308014714126E-01
649.8 -9.610779202824561E-02
649.9 -8.683448238481924E-02
650.0 -7.779516216900841E-02
650.1 -6.932492941074257E-02
650.2 -6.171365686990140E-02
650.3 -5.521373130132098E-02
650.4 -5.005009334584305E-02
650.5 -4.643083719006982E-02
650.6 -4.455653693365422E-02
650.7 -4.462656783147107E-02
650.8 -4.684098400090821E-02
650.9 -5.139697953005189E-02
651.0 -5.847955897135770E-02
651.1 -6.824672264756226E-02
651.2 -8.081016806639338E-02
651.3 -9.621315205723403E-02
651.4 -1.144076813845204E-01
651.5 -1.352335428168144E-01
651.6 -1.584018011529300E-01
651.7 -1.834852587176838E-01
651.8 -2.099179779813224E-01
651.9 -2.370053398440652E-01
652.0 -2.639452867146705E-01
652.1 -2.898604452680168E-01
652.2 -3.138398178288667E-01
652.3 -3.349877620309062E-01
652.4 -3.524771356502852E-01
652.5 -3.656028507502824E-01
652.6 -3.738317276351178E-01
652.7 -3.768445126048303E-01
652.8 -3.745662457646768E-01
652.9 -3.671818283855518E-01
653.0 -3.551346057233206E-01
653.1 -3.391069850218859E-01
653.2 -3.199834605108542E-01
653.3 -2.987978118684648E-01
653.4 -2.766675660686397E-01
653.5 -2.547199523732573E-01
653.6 -2.340144350982980E-01
653.7 -2.154673973362036E-01
653.8 -1.997846172810518E-01
653.9 -1.874068063570325E-01
654.0 -1.784726798511022E-01
654.1 -1.728028564834167E-01
654.2 -1.699064157798150E-01
654.3 -1.690102898162995E-01
654.4 -1.691099551894824E-01
654.5 -1.690382559050686E-01
654.6 -1.675477590009687E-01
654.7 -1.634009388320828E-01
654.8 -1.554617958514606E-01
654.9 -1.427823023899434E-01
655.0 -1.246773550254117E-01
655.1 -1.007826846012936E-01
655.2 -7.109137592131666E-02
655.3 -3.596618996876031E-02
655.4 3.873355206546227E-03
655.5 4.738833882581477E-02
655.6 9.327962748284194E-02
655.7 1.400647039940991E-01
655.8 1.861666600376424E-01
655.9 2.300090176818889E-01
656.0 2.701096680171557E-01
656.1 3.051673477698935E-01
656.2 3.341347029625403E-01
656.3 3.562730591481230E-01
656.4 3.711854426291032E-01
656.5 3.788260612607275E-01
656.6 3.794862241676409E-01
656.7 3.737584174875484E-01
656.8 3.624818232916205E-01
656.9 3.466738518688677E-01
657.0 3.274531593574538E-01
657.1 3.059600812774594E-01
657.2 2.832804026160686E-01
657.3 2.603779195694793E-01
657.4 2.380403759552501E-01
657.5 2.168421592074274E-01
657.6 1.971257214203430E-01
657.7 1.790021697134347E-01
657.8 1.623699715621088E-01
657.9 1.469493633372764E-01
658.0 1.323289374782031E-01
658.1 1.180200954538905E-01
658.2 1.035146406063041E-01
658.3 8.834076520520455E-02
658.4 7.211304469411151E-02
658.5 5.457274371059073E-02
658.6 3.561569192225757E-02
658.7 1.530611324267674E-02
658.8 -6.124010573674117E-03
658.9 -2.828929322262718E-02
659.0 -5.067722161164846E-02
659.1 -7.268372539325467E-02
659.2 -9.365482688998357E-02
659.3 -1.129308759501393E-01
659.4 -1.298898909349041E-01
659.5 -1.439868245015810E-01
659.6 -1.547861081399348E-01
659.7 -1.619855415178947E-01
659.8 -1.654304088989783E-01
659.9 -1.651175479500271E-01
660.0 -1.611898915786914E-01
660.1 -1.539226857062667E-01
660.2 -1.437031045032716E-01
660.3 -1.310053075155793E-01
660.4 -1.163630986216831E-01
660.5 -1.003422634642491E-01
660.6 -8.351440665873103E-02
660.7 -6.643372392837588E-02
660.8 -4.961767809949089E-02
660.9 -3.353205627055002E-02
661.0 -1.858042125025533E-02
661.1 -5.097579244502972E-03
661.2 6.653597967900894E-03
661.3 1.648281457517083E-02
661.4 2.427129910444902E-02
661.5 2.996980718891585E-02
661.6 3.359623467076276E-02
661.7 3.523314368523604E-02
661.8 3.502522950379230E-02
661.9 3.317650050103726E-02
662.0 2.994674482944828E-02
662.1 2.564674434802623E-02
662.2 2.063168681757346E-02
662.3 1.529232580972605E-02
662.4 1.004363487189001E-02
662.5 5.310976237657049E-03
662.6 1.514122558310788E-03
662.7 -9.502060538364703E-04
662.8 -1.726338948487284E-03
662.9 -5.170206082805878E-04
663.0 2.901129075001692E-03
663.1 8.665316466417938E-03
663.2 1.681854264580141E-02
663.3 2.730666476441826E-02
663.4 3.998099206256602E-02
663.5 5.460640237017814E-02
663.6 7.087448076756027E-02
663.7 8.842071822710749E-02
663.8 1.068444131708049E-01
663.9 1.257296367396608E-01
664.0 1.446654873276389E-01
664.1 1.632638922207901E-01
664.2 1.811734185030428E-01
664.3 1.980879190612531E-01
664.4 2.137493332946569E-01
664.5 2.279445425500142E-01
664.6 2.404967934674135E-01
664.7 2.512527890050250E-01
664.8 2.600670477819289E-01
664.9 2.667854944221442E-01
665.0 2.712304251080403E-01
665.1 2.731889677185864E-01
665.2 2.724069178363870E-01
665.3 2.685893938698330E-01
665.4 2.614091495418281E-01
665.5 2.505226601890504E-01
665.6 2.355933238560351E-01
665.7 2.163203596751924E-01
665.8 1.924713162097041E-01
665.9 1.639155874410339E-01
666.0 1.306560281557927E-01
666.1 9.285570061736727E-02
666.2 5.085698641004723E-02
666.3 5.190753803924053E-03
666.4 -4.342604869957475E-02
666.5 -9.410514945925219E-02
666.6 -1.458138820555432E-01
666.7 -1.974131253936097E-01
666.8 -2.477041758375888E-01
666.9 -2.954816922389366E-01
667.0 -3.395892864195579E-01
667.1 -3.789740279437546E-01
667.2 -4.127361243642516E-01
667.3 -4.401703329194473E-01
667.4 -4.607962371245419E-01
667.5 -4.743753373045281E-01
667.6 -4.809138920954434E-01
667.7 -4.806515268268719E-01
667.8 -4.740367042786793E-01
667.9 -4.616911424604312E-01
668.0 -4.443660787667499E-01
668.1 -4.228938506368898E-01
668.2 -3.981385410060111E-01
668.3 -3.709493989302043E-01
668.4 -3.421203958466715E-01
668.5 -3.123586473754608E-01
668.6 -2.822635754820113E-01
668.7 -2.523176822371508E-01
668.8 -2.228887436558561E-01
668.9 -1.942422049528736E-01
669.0 -1.665616588509957E-01
669.1 -1.399745970174290E-01
669.2 -1.145802035752692E-01
669.3 -9.047584714907117E-02
669.4 -6.777913460126733E-02
669.5 -4.664289722318084E-02
669.6 -2.726124298517446E-02
669.7 -9.865757289499684E-03
669.8 5.288017291896195E-03
669.9 1.794264134033861E-02
670.0 2.786724329909719E-02
670.1 3.488948474624968E-02
670.2 3.892761610686991E-02
670.3 4.001902100940792E-02
670.4 3.834179575413292E-02
670.5 3.422639372480271E-02
670.6 2.815514803034692E-02
670.7 2.074850664990315E-02
670.8 1.273798779426850E-02
670.9 4.927088583911094E-03
671.0 -1.857449969331572E-03
671.1 -6.820609457337069E-03
671.2 -9.256124996092518E-03
671.3 -8.600987134357242E-03
671.4 -4.482771033372079E-03
671.5 3.244508243508203E-03
671.6 1.447959625895676E-02
671.7 2.887078983676703E-02
671.8 4.583155293013851E-02
671.9 6.457474171646464E-02
672.0 8.416373415375457E-02
672.1 1.035773527631473E-01
672.2 1.217842609455559E-01
672.3 1.378216047221412E-01
672.4 1.508721432365944E-01
672.5 1.603340135800380E-01
672.6 1.658776260126862E-01
672.7 1.674849668274969E-01
672.8 1.654677461713192E-01
672.9 1.604622850161499E-01
673.0 1.534006829547345E-01
673.1 1.454595244285995E-01
673.2 1.379890367412449E-01
673.3 1.324270836093707E-01
673.4 1.302035511182118E-01
673.5 1.326414687185279E-01
673.6 1.408615451339821E-01
673.7 1.556966600976128E-01
673.8 1.776222457055584E-01
673.9 2.067074588274524E-01
674.0 2.425906629975481E-01
674.1 2.844811048908397E-01
674.2 3.311869053162365E-01
674.3 3.811677151567301E-01
674.4 4.326087397874920E-01
674.5 4.835114280878030E-01
674.6 5.317950524204518E-01
674.7 5.754027463075262E-01
674.8 6.124053585972461E-01
674.9 6.410967348457777E-01
675.0 6.600747230598695E-01
675.1 6.683032653891045E-01
675.2 6.651522969961754E-01
675.3 6.504137256073931E-01
675.4 6.242933958067326E-01
675.5 5.873805335510019E-01
675.6 5.405976068223688E-01
675.7 4.851347296940519E-01
675.8 4.223736018485728E-01
675.9 3.538064620250045E-01
676.0 2.809556191345975E-01
676.1 2.052988158251226E-01
676.2 1.282050114805395E-01
676.3 5.088420540023942E-02
676.4 -2.564626356407052E-02
676.5 -1.005778138174902E-01
676.6 -1.733093215572619E-01
676.7 -2.434298938985140E-01
676.8 -3.106882829807445E-01
676.9 -3.749523726506567E-01
677.0 -4.361627419648367E-01
677.1 -4.942845609299192E-01
677.2 -5.492619975198414E-01
677.3 -6.009789294149991E-01
677.4 -6.492290996210553E-01
677.5 -6.936979910826638E-01
677.6 -7.339576939079955E-01
677.7 -7.694749796562140E-01
677.8 -7.996317614168063E-01
677.9 -8.237561823976921E-01
678.0 -8.411618054134261E-01
678.1 -8.511918221104625E-01
678.2 -8.532648969236157E-01
678.3 -8.469192196341497E-01
678.4 -8.318515548124994E-01
678.5 -8.079485203286048E-01
678.6 -7.753079582297315E-01
678.7 -7.342490249449639E-01
678.8 -6.853104614901266E-01
678.9 -6.292373428629071E-01
679.0 -5.669573861661442E-01
679.1 -4.995485632270631E-01
679.2 -4.282002706653737E-01
679.3 -3.541706276374099E-01
679.4 -2.787425839183692E-01
679.5 -2.031814301084599E-01
679.6 -1.286960248762587E-01
679.7 -5.640562241077002E-02
679.8 1.268636134308791E-02
679.9 7.771091333704420E-02
680.0 1.379442083222429E-01
680.1 1.928110835431407E-01
680.2 2.418821678134975E-01
680.3 2.848660027235592E-01
680.4 3.215977198343958E-01
680.5 3.520259049573792E-01
680.6 3.761991911383874E-01
680.7 3.942538913751751E-01
680.8 4.064036378430748E-01
680.9 4.129315732289641E-01
681.0 4.141851844627911E-01
681.1 4.105734247425724E-01
681.2 4.025653797543656E-01
681.3 3.906894365407593E-01
681.4 3.755317381441856E-01
681.5 3.577326723927549E-01
681.6 3.379802547224594E-01
681.7 3.169995151650187E-01
681.8 2.955373682705747E-01
681.9 2.743429003552765E-01
682.0 2.541435110837404E-01
682.1 2.356178507749195E-01
682.2 2.193669542222435E-01
682.3 2.058853419709125E-01
682.4 1.955341028792201E-01
682.5 1.885180589981979E-01
682.6 1.848690291489706E-01
682.7 1.844369487640806E-01
682.8 1.868901827345834E-01
682.9 1.917258111629988E-01
683.0 1.982900131511244E-01
683.1 2.058079684844185E-01
683.2 2.134219945106686E-01
683.3 2.202359905114086E-01
683.4 2.253637266060619E-01
683.5 2.279781340053662E-01
683.6 2.273585628723073E-01
683.7 2.229329941520871E-01
683.8 2.143124278670999E-01
683.9 2.013151115046199E-01
684.0 1.839788913051099E-01
684.1 1.625607253713580E-01
684.2 1.375232381774259E-01
684.3 1.095090614164497E-01
684.4 7.930453337562544E-02
684.5 4.779505713787324E-02
684.6 1.591499236878233E-02
684.7 -1.540466749021616E-02
684.8 -4.528743061134254E-02
684.9 -7.295794221188355E-02
685.0 -9.778113156051058E-02
685.1 -1.192914180815686E-01
685.2 -1.372102332669402E-01
685.3 -1.514509455891433E-01
685.4 -1.621111662004958E-01
685.5 -1.694532980991440E-01
685.6 -1.738750052389051E-01
685.7 -1.758719608128993E-01
685.8 -1.759957357783659E-01
685.9 -1.748099736851817E-01
686.0 -1.728480468001139E-01
686.1 -1.705752003420178E-01
686.2 -1.683577835220482E-01
686.3 -1.664415719871564E-01
686.4 -1.649404542305562E-01
686.5 -1.638359428137283E-01
686.6 -1.629871436575727E-01
686.7 -1.621500374966252E-01
686.8 -1.610042564964832E-01
686.9 -1.591850263069320E-01
687.0 -1.563176264375108E-01
687.1 -1.520516206260639E-01
687.2 -1.460922269589470E-01
687.3 -1.382265202664653E-01
687.4 -1.283426557530996E-01
687.5 -1.164409282515998E-01
687.6 -1.026361814053891E-01
687.7 -8.715179576540467E-02
687.8 -7.030615433881986E-02
687.9 -5.249305349463289E-02
688.0 -3.415795069380663E-02
688.1 -1.577218585288645E-02
688.2 2.192636306446445E-03
688.3 1.928805927931691E-02
688.4 3.510825999970907E-02
688.5 4.930434754142898E-02
688.6 6.159277985550299E-02
688.7 7.175781171773163E-02
688.8 7.964848391415129E-02
688.9 8.517119311850285E-02
689.0 8.827929463772138E-02
689.1 8.896144770544086E-02
689.2 8.723049104010473E-02
689.3 8.311452717726468E-02
689.4 7.665160718143961E-02
689.5 6.788896886633801E-02
689.6 5.688723216669486E-02
689.7 4.372934632730642E-02
689.8 2.853347310498965E-02
689.9 1.146843760301597E-02
690.0 -7.230060865506014E-03
690.1 -2.724456485931744E-02
690.2 -4.816447513515213E-02
690.3 -6.948021716164532E-02
690.4 -9.058467653246213E-02
690.5 -1.107831034157285E-01
690.6 -1.293120182296794E-01
690.7 -1.453668859484564E-01
690.8 -1.581375277705480E-01
690.9 -1.668494745245431E-01
691.0 -1.708088038904303E-01
691.1 -1.694475047548005E-01
691.2 -1.623661266047482E-01
691.3 -1.493704333991262E-01
691.4 -1.304990039632228E-01
691.5 -1.060391975692191E-01
691.6 -7.652960577633990E-02
691.7 -4.274799222400655E-02
691.8 -5.684717393822012E-03
691.9 3.349731921449121E-02
692.0 7.351419137314855E-02
692.1 1.130210075517398E-01
692.2 1.506769285829413E-01
692.3 1.852111084807183E-01
692.4 2.154853718581284E-01
692.5 2.405495921866330E-01
692.6 2.596861840813224E-01
692.7 2.724408403101591E-01
692.8 2.786375792681648E-01
692.9 2.783772525364330E-01
693.0 2.720198137861051E-01
693.1 2.601517825659524E-01
693.2 2.435413631389348E-01
693.3 2.230845209444935E-01
693.4 1.997459129209190E-01
693.5 1.744988675633716E-01
693.6 1.482685939236263E-01
693.7 1.218824683267622E-01
693.8 9.603063065911856E-02
693.9 7.123926851684323E-02
694.0 4.785794575605571E-02
694.1 2.606122362174625E-02
694.2 5.863715758800944E-03
694.3 -1.285329946120152E-02
694.4 -3.030643488035078E-02
694.5 -4.676925880046474E-02
694.6 -6.252954118809788E-02
694.7 -7.784838514066386E-02
694.8 -9.292467442090316E-02
694.9 -1.078677197410403E-01
695.0 -1.226802116373165E-01
695.1 -1.372526533841754E-01
695.2 -1.513694332095194E-01
695.3 -1.647256867559423E-01
695.4 -1.769531826739948E-01
695.5 -1.876527125185536E-01
695.6 -1.964299421697060E-01
695.7 -2.029314275179114E-01
695.8 -2.068775306744628E-01
695.9 -2.080892884499852E-01
696.0 -2.065068522622965E-01
696.1 -2.021978866902799E-01
696.2 -1.953552144511072E-01
696.3 -1.862839495888396E-01
696.4 -1.753792849699099E-01
696.5 -1.630969146706530E-01
696.6 -1.499187063475960E-01
696.7 -1.363166389795527E-01
696.8 -1.227181538483881E-01
696.9 -1.094759211077431E-01
697.0 -9.684461490037830E-02
697.1 -8.496665384509590E-02
697.2 -7.386805769813162E-02
697.3 -6.346466672250517E-02
697.4 -5.357804789473909E-02
697.5 -4.395955312968337E-02
697.6 -3.432027514029125E-02
697.7 -2.436412996067789E-02
697.8 -1.382102721888638E-02
697.9 -2.477093669091314E-03
698.0 9.800808076674454E-03
698.1 2.304849967257989E-02
698.2 3.719735490906848E-02
698.3 5.207726223362778E-02
698.4 6.742940666823180E-02
698.5 8.292769574282437E-02
698.6 9.820685650261922E-02
698.7 1.128946073652352E-01
698.8 1.266449161430082E-01
698.9 1.391692301837713E-01
699.0 1.502627190640134E-01
699.1 1.598229925437421E-01
699.2 1.678594106869909E-01
699.3 1.744919325250453E-01
699.4 1.799393818768877E-01
699.5 1.844979619206701E-01
699.6 1.885117394816588E-01
699.7 1.923375665566024E-01
699.8 1.963074432872402E-01
699.9 2.006916045305623E-01
700.0 2.056656050259380E-01
700.1 2.112843845886390E-01
700.2 2.174657386655410E-01
700.3 2.239848480827135E-01
700.4 2.304806011684998E-01
700.5 2.364734512852765E-01
700.6 2.413935791585662E-01
700.7 2.446172570473332E-01
700.8 2.455086168263543E-01
700.9 2.434635670378060E-01
701.0 2.379524246229658E-01
701.1 2.285579406170264E-01
701.2 2.150057950066925E-01
701.3 1.971852787004570E-01
701.4 1.751587128563139E-01
701.5 1.491591036757106E-01
701.6 1.195765101555611E-01
701.7 8.693452659660177E-02
701.8 5.185906952954310E-02
701.9 1.504224132800112E-02
702.0 -2.279562992479941E-02
702.1 -6.094262952856136E-02
702.2 -9.872766734728823E-02
702.3 -1.355462505171542E-01
702.4 -1.708779135109390E-01
702.5 -2.042944504228329E-01
702.6 -2.354590055873783E-01
702.7 -2.641169661067457E-01
702.8 -2.900803798688398E-01
702.9 -3.132082216308489E-01
703.0 -3.333851911212970E-01
703.1 -3.505018165868916E-01
703.2 -3.644384461053220E-01
703.3 -3.750552552274391E-01
703.4 -3.821897261188764E-01
703.5 -3.856622246502850E-01
703.6 -3.852893975693384E-01
703.7 -3.809042198321593E-01
703.8 -3.723807301718101E-01
703.9 -3.596608805373362E-01
704.0 -3.427805557664591E-01
704.1 -3.218917352982293E-01
704.2 -2.972779841151258E-01
704.3 -2.693609624787280E-01
704.4 -2.386963930175978E-01
704.5 -2.059588547918285E-01
704.6 -1.719158039811154E-01
704.7 -1.373922554763746E-01
704.8 -1.032285018715551E-01
704.9 -7.023400537547377E-02
705.0 -3.914109793563591E-02
705.1 -1.056231139138791E-02
705.2 1.504499380347009E-02
705.3 3.740352193247016E-02
705.4 5.642806854151461E-02
705.5 7.222332012891290E-02
705.6 8.506724838024761E-02
705.7 9.538115249293110E-02
705.8 1.036885774274790E-01
705.9 1.105663464162923E-01
706.0 1.165916991171669E-01
706.1 1.222899496998262E-01
706.2 1.280871269933520E-01
706.3 1.342717190442411E-01
706.4 1.409689385278063E-01
706.5 1.481299076626294E-01
706.6 1.555369143527044E-01
706.7 1.628245196577991E-01
706.8 1.695149176077028E-01
706.9 1.750646817614269E-01
707.0 1.789189908626977E-01
707.1 1.805687027721122E-01
707.2 1.796053095526252E-01
707.3 1.757688925095878E-01
707.4 1.689847033247510E-01
707.5 1.593848888135575E-01
707.6 1.473130811560339E-01
707.7 1.333109936303838E-01
707.8 1.180876751859100E-01
707.9 1.024735573403758E-01
708.0 8.736274705967463E-02
708.1 7.364806511970259E-02
708.2 6.215400906652473E-02
708.3 5.357307196344668E-02
708.4 4.841064741684866E-02
708.5 4.694311118368281E-02
708.6 4.919264085958187E-02
708.7 5.492100200300724E-02
708.8 6.364300218165936E-02
708.9 7.465872134442253E-02
709.0 8.710210118223270E-02
709.1 1.000021458754302E-01
709.2 1.123519635576521E-01
709.3 1.231802476949829E-01
709.4 1.316196127781561E-01
709.5 1.369664738585180E-01
709.6 1.387278701419518E-01
709.7 1.366517179068426E-01
709.8 1.307383447900440E-01
709.9 1.212326899725530E-01
710.0 1.085981236124751E-01
710.1 9.347431246443710E-02
710.2 7.662281452008360E-02
710.3 5.886502077359208E-02
710.4 4.101760211888288E-02
710.5 2.383072356046377E-02
710.6 7.933953500948197E-03
710.7 -6.205942639858349E-03
710.8 -1.831220933588751E-02
710.9 -2.830850682771491E-02
711.0 -3.631215222527484E-02
711.1 -4.261127018669850E-02
711.2 -4.762824384255244E-02
711.3 -5.187294174452962E-02
711.4 -5.588996291007406E-02
711.5 -6.020453100336183E-02
711.6 -6.527165552152009E-02
711.7 -7.143277299279414E-02
711.8 -7.888332878723710E-02
711.9 -8.765373352531360E-02
712.0 -9.760492277710331E-02
712.1 -1.084384736310135E-01
712.2 -1.197199991133155E-01
712.3 -1.309134571564459E-01
712.4 -1.414231649043018E-01
712.5 -1.506397682709057E-01
712.6 -1.579862187369847E-01
712.7 -1.629599607989211E-01
712.8 -1.651680094379803E-01
712.9 -1.643523443425959E-01
713.0 -1.604039905385206E-01
713.1 -1.533652024028337E-01
713.2 -1.434202219821980E-01
713.3 -1.308760478132170E-01
713.4 -1.161354428944709E-01
713.5 -9.966496451433496E-02
713.6 -8.196107285889161E-02
713.7 -6.351735560229937E-02
713.8 -4.479560580913654E-02
713.9 -2.620295011462068E-02
714.0 -8.076504376245991E-03
714.1 9.323789008876895E-03
714.2 2.581433052250759E-02
714.3 4.128000737566891E-02
714.4 5.566092124694052E-02
714.5 6.893575499807546E-02
714.6 8.110404532034240E-02
714.7 9.216959288798911E-02
714.8 1.021269704871403E-01
714.9 1.109526176368906E-01
715.0 1.186013918167098E-01
715.1 1.250087497714449E-01
715.2 1.300980325156518E-01
715.3 1.337916989199780E-01
715.4 1.360248613162262E-01
715.5 1.367591739260510E-01
715.6 1.359950429230939E-01
715.7 1.337802746359858E-01
715.8 1.302136412750662E-01
715.9 1.254423850468834E-01
716.0 1.196533466474133E-01
716.1 1.130581250233282E-01
716.2 1.058733778915218E-01
716.3 9.829798387092969E-02
716.4 9.048924261118767E-02
716.5 8.254053914416515E-02
716.6 7.446291270408857E-02
716.7 6.617274111240556E-02
716.8 5.748729581840988E-02
716.9 4.812927838649581E-02
717.0 3.774067387640589E-02
717.1 2.590542075201813E-02
717.2 1.217957793697472E-02
717.3 -3.873055962666263E-03
717.4 -2.264247968347776E-02
717.5 -4.443413794312512E-02
717.6 -6.943373278701168E-02
717.7 -9.767808142363336E-02
717.8 -1.290344862277744E-01
717.9 -1.631904489328994E-01
718.0 -1.996547667812867E-01
718.1 -2.377701631103596E-01
718.2 -2.767367062486408E-01
718.3 -3.156444373331105E-01
718.4 -3.535129320675488E-01
718.5 -3.893350228860994E-01
718.6 -4.221216474608044E-01
718.7 -4.509447859922452E-01
718.8 -4.749756986922761E-01
718.9 -4.935161488585546E-01
719.0 -5.060209484509001E-01
719.1 -5.121109292122482E-01
719.2 -5.115762509511591E-01
719.3 -5.043707350475015E-01
719.4 -4.905985856779855E-01
719.5 -4.704953750264253E-01
719.6 -4.444054798322258E-01
719.7 -4.127582434176725E-01
719.8 -3.760450003498585E-01
719.9 -3.347987624292413E-01
720.0 -2.895778663036401E-01
720.1 -2.409542811570017E-01
720.2 -1.895066352586157E-01
720.3 -1.358174108712079E-01
720.4 -8.047324206603097E-02
720.5 -2.406688272504336E-02
720.6 3.280077008624328E-02
720.7 8.952019117683696E-02
720.8 1.454756537586296E-01
720.9 2.000515442414374E-01
721.0 2.526430131272087E-01
721.1 3.026708050940662E-01
721.2 3.495994962982598E-01
721.3 3.929578089334633E-01
721.4 4.323592347252933E-01
721.5 4.675209316832873E-01
721.6 4.982787969761995E-01
721.7 5.245967779618915E-01
721.8 5.465688559628623E-01
721.9 5.644126945253144E-01
722.0 5.784546377288534E-01
722.1 5.891065119609566E-01
722.2 5.968354548624867E-01
722.3 6.021286941444693E-01
722.4 6.054557578129822E-01
722.5 6.072309586898311E-01
722.6 6.077791198193584E-01
722.7 6.073073744719296E-01
722.8 6.058854893966833E-01
722.9 6.034365504008664E-01
723.0 5.997390639265204E-01
723.1 5.944406325192673E-01
723.2 5.870824323612059E-01
723.3 5.771328378778868E-01
723.4 5.640277790974209E-01
723.5 5.472148489547722E-01
723.6 5.261978507149659E-01
723.7 5.005784197196639E-01
723.8 4.700915745690958E-01
723.9 4.346325321520702E-01
724.0 3.942728174826943E-01
724.1 3.492645530356219E-01
724.2 3.000327496317868E-01
724.3 2.471563615198850E-01
724.4 1.913397321254980E-01
724.5 1.333767715445304E-01
724.6 7.411071375194810E-02
724.7 1.439256125079291E-02
724.8 -4.495867958645505E-02
724.9 -1.031911314106213E-01
725.0 -1.596481966941697E-01
725.1 -2.137880466213409E-01
725.2 -2.651935548751445E-01
725.3 -3.135726133808919E-01
725.4 -3.587495664450632E-01
725.5 -4.006491985620645E-01
725.6 -4.392752509037849E-01
725.7 -4.746857798729729E-01
725.8 -5.069677856309865E-01
725.9 -5.362134281317930E-01
726.0 -5.624998328343620E-01
726.1 -5.858740063979783E-01
726.2 -6.063437871969058E-01
726.3 -6.238751083452351E-01
726.4 -6.383952168350727E-01
726.5 -6.498009326034164E-01
726.6 -6.579705977121479E-01
726.7 -6.627780959910028E-01
726.8 -6.641072375046918E-01
726.9 -6.618649009414613E-01
727.0 -6.559915925363565E-01
727.1 -6.464684778577673E-01
727.2 -6.333204253296083E-01
727.3 -6.166151125940604E-01
727.4 -5.964587316369653E-01
727.5 -5.729892328070270E-01
727.6 -5.463683276450879E-01
727.7 -5.167735958334149E-01
727.8 -4.843919994624108E-01
727.9 -4.494159032610107E-01
728.0 -4.120423551180055E-01
728.1 -3.724759350782437E-01
728.2 -3.309349823250501E-01
728.3 -2.876605140338795E-01
728.4 -2.429267135230662E-01
728.5 -1.970515386582246E-01
728.6 -1.504058251934552E-01
728.7 -1.034192589211372E-01
728.8 -5.658177263613010E-02
728.9 -1.043927762465589E-02
729.0 3.441686480384473E-02
729.1 7.736663323389470E-02
729.2 1.177837650395310E-01
729.3 1.550625589797000E-01
729.4 1.886472865561746E-01
729.5 2.180620464562706E-01
729.6 2.429386884959251E-01
729.7 2.630404359318174E-01
729.8 2.782790559326336E-01
729.9 2.887238548714833E-01
730.0 2.946013755358827E-01
730.1 2.962853977626125E-01
730.2 2.942776299519546E-01
730.3 2.891802567278010E-01
730.4 2.816622071948965E-01
730.5 2.724215640186666E-01
730.6 2.621468929768480E-01
730.7 2.514803996703850E-01
730.8 2.409856991655283E-01
730.9 2.311226220895200E-01
731.0 2.222309055743823E-01
731.1 2.145238774004520E-01
731.2 2.080924000405190E-01
731.3 2.029184710961096E-01
731.4 1.988970541304824E-01
731.5 1.958640117733958E-01
731.6 1.936274936520344E-01
731.7 1.919998417807809E-01
731.8 1.908270420128434E-01
731.9 1.900129759866857E-01
732.0 1.895361947204304E-01
732.1 1.894576023826260E-01
732.2 1.899182488718766E-01
732.3 1.911273122104486E-01
732.4 1.933412296764956E-01
732.5 1.968357338877003E-01
732.6 2.018731977988108E-01
732.7 2.086681351826027E-01
732.8 2.173539031459502E-01
732.9 2.279535943678087E-01
733.0 2.403577953209432E-01
733.1 2.543113507525497E-01
733.2 2.694105611691477E-01
733.3 2.851114106661726E-01
733.4 3.007485478939464E-01
733.5 3.155638967317497E-01
733.6 3.287430251166500E-01
733.7 3.394568105019838E-01
733.8 3.469055539286315E-01
733.9 3.503625386736547E-01
734.0 3.492141106638247E-01
734.1 3.429936628087833E-01
734.2 3.314074021176001E-01
734.3 3.143504197939639E-01
734.4 2.919123128283974E-01
734.5 2.643723582385196E-01
734.6 2.321849559984695E-01
734.7 1.959566779102363E-01
734.8 1.564167420664333E-01
734.9 1.143830453682503E-01
735.0 7.072601546400258E-02
735.1 2.633249107365336E-02
735.2 -1.792837560634050E-02
735.3 -6.123554715545176E-02
735.4 -1.028416488554549E-01
735.5 -1.420929049774602E-01
735.6 -1.784432082649154E-01
735.7 -2.114624972982921E-01
735.8 -2.408399652365437E-01
735.9 -2.663828674597467E-01
736.0 -2.880118238589567E-01
736.1 -3.057535259537119E-01
736.2 -3.197316737281656E-01
736.3 -3.301568059574279E-01
736.4 -3.373154813970305E-01
736.5 -3.415590500352959E-01
736.6 -3.432920561623469E-01
736.7 -3.429601661617261E-01
736.8 -3.410374338387490E-01
736.9 -3.380127151112375E-01
737.0 -3.343751215611568E-01
737.1 -3.305985476962401E-01
737.2 -3.271254997119014E-01
737.3 -3.243506673261698E-01
737.4 -3.226048846533201E-01
737.5 -3.221402909458552E-01
737.6 -3.231176008914493E-01
737.7 -3.255964073553012E-01
737.8 -3.295293566513760E-01
737.9 -3.347608579729559E-01
738.0 -3.410307258706723E-01
738.1 -3.479828290672999E-01
738.2 -3.551784598823159E-01
738.3 -3.621137806005904E-01
738.4 -3.682403822228426E-01
738.5 -3.729877408048701E-01
738.6 -3.757862046485524E-01
738.7 -3.760891104565439E-01
738.8 -3.733927153712604E-01
738.9 -3.672528393126907E-01
739.0 -3.572974206721501E-01
739.1 -3.432345698595327E-01
739.2 -3.248561228803574E-01
739.3 -3.020371097915818E-01
739.4 -2.747319187018753E-01
739.5 -2.429682167640290E-01
739.6 -2.068398548273091E-01
739.7 -1.665000125440731E-01
739.8 -1.221557295186075E-01
739.9 -7.406472364432978E-02
740.0 -2.253504213000240E-02
740.1 3.207234192184122E-02
740.2 8.933834083241615E-02
740.3 1.487787765971720E-01
740.4 2.098368111441042E-01
740.5 2.718762557586531E-01
740.6 3.341773694971638E-01
740.7 3.959367269450612E-01
740.8 4.562725327994702E-01
740.9 5.142363938615694E-01
741.0 5.688320539107092E-01
741.1 6.190409938856399E-01
741.2 6.638541503229007E-01
741.3 7.023083673417055E-01
741.4 7.335256313871644E-01
741.5 7.567526992673861E-01
741.6 7.713984653081122E-01
741.7 7.770663554854385E-01
741.8 7.735792007689822E-01
741.9 7.609944250965508E-01
742.0 7.396079625709947E-01
742.1 7.099460529696946E-01
742.2 6.727448991871829E-01
742.3 6.289190393339771E-01
742.4 5.795201197990709E-01
742.5 5.256884848791283E-01
742.6 4.686005621289873E-01
742.7 4.094153716300305E-01
742.8 3.492235901648407E-01
742.9 2.890024460529153E-01
743.0 2.295793164720276E-01
743.1 1.716062763202756E-01
743.2 1.155470540191911E-01
743.3 6.167694720791713E-02
743.4 1.009531109153320E-02
743.5 -3.925067167478478E-02
743.6 -8.653302739373563E-02
743.7 -1.320035496326212E-01
743.8 -1.759510063111383E-01
743.9 -2.186582876873858E-01
744.0 -2.603626973500139E-01
744.1 -3.012222547048369E-01
744.2 -3.412903314590460E-01
744.3 -3.805002341994100E-01
744.4 -4.186605306935924E-01
744.5 -4.554610665483374E-01
744.6 -4.904888002422092E-01
744.7 -5.232518628184899E-01
744.8 -5.532096785033670E-01
744.9 -5.798066049765251E-01
745.0 -6.025063906866177E-01
745.1 -6.208248065800768E-01
745.2 -6.343580775553780E-01
745.3 -6.428051847471136E-01
745.4 -6.459826895783778E-01
745.5 -6.438313910811140E-01
745.6 -6.364148112824896E-01
745.7 -6.239101519434354E-01
745.8 -6.065929273687648E-01
745.9 -5.848169097217634E-01
746.0 -5.589912954294540E-01
746.1 -5.295570988935991E-01
746.2 -4.969647033884120E-01
746.3 -4.616542641032694E-01
746.4 -4.240402929969095E-01
746.5 -3.845012974963493E-01
746.6 -3.433748392220558E-01
746.7 -3.009578709337130E-01
746.8 -2.575117437329390E-01
746.9 -2.132708903661889E-01
747.0 -1.684539134994046E-01
747.1 -1.232756584100535E-01
747.2 -7.795883398509838E-02
747.3 -3.274385866332775E-02
747.4 1.210416731337414E-02
747.5 5.629215036462595E-02
747.6 9.949977244394650E-02
747.7 1.413843711585575E-01
747.8 1.815895856926739E-01
747.9 2.197570904346088E-01
748.0 2.555404747372185E-01
748.1 2.886201511794843E-01
748.2 3.187180959025077E-01
748.3 3.456112443142940E-01
748.4 3.691424768618429E-01
748.5 3.892283189707565E-01
748.6 4.058627277768807E-01
748.7 4.191166238950367E-01
748.8 4.291331260691948E-01
748.9 4.361187379006301E-01
749.0 4.403309993114375E-01
749.1 4.420633351462545E-01
749.2 4.416279981451282E-01
749.3 4.393381070922895E-01
749.4 4.354898215896373E-01
749.5 4.303456750310237E-01
749.6 4.241200126053120E-01
749.7 4.169673594340274E-01
749.8 4.089743844429725E-01
749.9 4.001559379011658E-01
750.0 3.904554341621975E-01
750.1 3.797496348452544E-01
750.2 3.678576696044680E-01
750.3 3.545539192232595E-01
750.4 3.395841860923807E-01
750.5 3.226843971199404E-01
750.6 3.036009308174323E-01
750.7 2.821115409755001E-01
750.8 2.580457713386144E-01
750.9 2.313037261400043E-01
751.0 2.018720865434403E-01
751.1 1.698363476262268E-01
751.2 1.353883966872881E-01
751.3 9.882876014826569E-02
751.4 6.056310778592104E-02
751.5 2.109290955803108E-02
751.6 -1.899952272515204E-02
751.7 -5.907102802322917E-02
751.8 -9.844170408877959E-02
751.9 -1.364219087040094E-01
752.0 -1.723406877215357E-01
752.1 -2.055740008068276E-01
752.2 -2.355710530318470E-01
752.3 -2.618770900555055E-01
752.4 -2.841511811807685E-01
752.5 -3.021777938722021E-01
752.6 -3.158713417951609E-01
752.7 -3.252733435915945E-01
752.8 -3.305423311836881E-01
752.9 -3.319371584092127E-01
753.0 -3.297948441812715E-01
753.1 -3.245045001448867E-01
753.2 -3.164792053890960E-01
753.3 -3.061278712219524E-01
753.4 -2.938291678734377E-01
753.5 -2.799094544215398E-01
753.6 -2.646263682751834E-01
753.7 -2.481593092241690E-01
753.8 -2.306075254191977E-01
753.9 -2.119959145968738E-01
754.0 -1.922880401566762E-01
754.1 -1.714052780817171E-01
754.2 -1.492505057344062E-01
754.3 -1.257343603835280E-01
754.4 -1.008018677334875E-01
754.5 -7.445719002713891E-02
754.6 -4.678437611758979E-02
754.7 -1.796230332844120E-02
754.8 1.172754107646660E-02
754.9 4.190121968696895E-02
755.0 7.208058976165463E-02
755.1 1.017091275322316E-01
755.2 1.301742201511165E-01
755.3 1.568343018431703E-01
755.4 1.810488376526409E-01
755.5 2.022089550951998E-01
755.6 2.197665076941152E-01
755.7 2.332595248634759E-01
755.8 2.423323432230721E-01
755.9 2.467491932236109E-01
756.0 2.464005875096080E-01
756.1 2.413024709255229E-01
756.2 2.315886901171504E-01
756.3 2.174978686199470E-01
756.4 1.993561833281483E-01
756.5 1.775577938294829E-01
756.6 1.525447556801396E-01
756.7 1.247881476940030E-01
756.8 9.477187466707004E-02
756.9 6.298019998459596E-02
757.0 2.988956023885092E-02
757.1 -4.035331133003596E-03
757.2 -3.834161504811944E-02
757.3 -7.258563731394341E-02
757.4 -1.063288440635065E-01
757.5 -1.391337314171184E-01
757.6 -1.705613630283196E-01
757.7 -2.001717900219915E-01
757.8 -2.275283600430946E-01
757.9 -2.522064183811818E-01
758.0 -2.738063321275347E-01
758.1 -2.919701664442292E-01
758.2 -3.064007738382162E-01
758.3 -3.168815854200759E-01
758.4 -3.232950728468758E-01
758.5 -3.256377234346257E-01
758.6 -3.240294636408915E-01
758.7 -3.187157819715099E-01
758.8 -3.100613237176003E-01
758.9 -2.985344181376632E-01
759.0 -2.846827970136069E-01
759.1 -2.691016017549588E-01
759.2 -2.523955769334819E-01
759.3 -2.351380335507985E-01
759.4 -2.178296647074076E-01
759.5 -2.008605527491150E-01
759.6 -1.844786831780995E-01
759.7 -1.687679632524855E-01
759.8 -1.536381448817429E-01
759.9 -1.388282106107551E-01
760.0 -1.239237599437409E-01
760.1 -1.083878113739268E-01
760.2 -9.160330573384948E-02
760.3 -7.292455562716468E-02
760.4 -5.173402641101978E-02
760.5 -2.750023672932755E-02
760.6 1.677085650380703E-04
760.7 3.147335828036005E-02
760.8 6.639788816744520E-02
760.9 1.046799862939733E-01
761.0 1.458127643875248E-01
761.1 1.890585411712310E-01
761.2 2.334809717477312E-01
761.3 2.779926310287594E-01
761.4 3.214149110482082E-01
761.5 3.625460662701763E-01
761.6 4.002325257775907E-01
761.7 4.334382504267558E-01
761.8 4.613069806739565E-01
761.9 4.832126975963658E-01
762.0 4.987944726821257E-01
762.1 5.079730468905443E-01
762.2 5.109478655388744E-01
762.3 5.081747929431043E-01
762.4 5.003262195036138E-01
762.5 4.882366339717265E-01
762.6 4.728378546258835E-01
762.7 4.550889037145580E-01
762.8 4.359059051506041E-01
762.9 4.160973535923645E-01
763.0 3.963096461771743E-01
763.1 3.769869235478520E-01
763.2 3.583481034557595E-01
763.3 3.403826032016054E-01
763.4 3.228647497207816E-01
763.5 3.053853902191236E-01
763.6 2.873978625478174E-01
763.7 2.682743722618673E-01
763.8 2.473680414695755E-01
763.9 2.240755044677963E-01
764.0 1.978949555095893E-01
764.1 1.684749988450826E-01
764.2 1.356504703242297E-01
764.3 9.946252273868500E-02
764.4 6.016159864089713E-02
764.5 1.819334311885214E-02
764.6 -2.583108361229452E-02
764.7 -7.117756365410018E-02
764.8 -1.170406889456263E-01
764.9 -1.626000721537108E-01
765.0 -2.070765057093298E-01
765.1 -2.497832469388927E-01
765.2 -2.901681722191728E-01
765.3 -3.278433578146550E-01
765.4 -3.625997390871478E-01
765.5 -3.944057803678253E-01
765.6 -4.233904477845298E-01
765.7 -4.498121040928716E-01
765.8 -4.740161292225377E-01
765.9 -4.963850166211004E-01
766.0 -5.172853277098618E-01
766.1 -5.370161552849477E-01
766.2 -5.557636319033261E-01
766.3 -5.735655327829139E-01
766.4 -5.902892059666420E-01
766.5 -6.056249830341770E-01
766.6 -6.190959694387708E-01
766.7 -6.300837855996767E-01
766.8 -6.378685340226662E-01
766.9 -6.416801061467186E-01
767.0 -6.407570058650434E-01
767.1 -6.344082266872331E-01
767.2 -6.220734243114470E-01
767.3 -6.033766966984525E-01
767.4 -5.781697119024964E-01
767.5 -5.465606749285067E-01
767.6 -5.089266396378355E-01
767.7 -4.659078719798223E-01
767.8 -4.183842655434172E-01
767.9 -3.674351029270961E-01
768.0 -3.142846517921293E-01
768.1 -2.602370965893387E-01
768.2 -2.066050647500595E-01
768.3 -1.546364584273971E-01
768.4 -1.054444216658615E-01
768.5 -5.994505476780771E-02
768.6 -1.880695340721208E-02
768.7 1.758415748920115E-02
768.8 4.914344483969604E-02
768.9 7.608655076507068E-02
769.0 9.891085866586836E-02
769.1 1.183597475132263E-01
769.2 1.353722172423763E-01
769.3 1.510211680705045E-01
769.4 1.664442833577895E-01
769.5 1.827718611286930E-01
769.6 2.010560448440445E-01
769.7 2.222057207578930E-01
769.8 2.469308976640973E-01
769.9 2.756997025439651E-01
770.0 3.087102639766236E-01
770.1 3.458787755188394E-01
770.2 3.868440004428033E-01
770.3 4.309874650090716E-01
770.4 4.774676540508634E-01
770.5 5.252657267089390E-01
770.6 5.732396574143902E-01
770.7 6.201833099782449E-01
770.8 6.648867882740024E-01
770.9 7.061944773553275E-01
771.0 7.430574808126109E-01
771.1 7.745776469879310E-01
771.2 8.000410201763726E-01
771.3 8.189393063792565E-01
771.4 8.309787544219476E-01
771.5 8.360766683118311E-01
771.6 8.343465331817865E-01
771.7 8.260734074917111E-01
771.8 8.116817685289657E-01
771.9 7.916983668839739E-01
772.0 7.667128303903203E-01
772.1 7.373387534590976E-01
772.2 7.041778208627649E-01
772.3 6.677891647345721E-01
772.4 6.286656691273667E-01
772.5 5.872183554004358E-01
772.6 5.437693470455167E-01
772.7 4.985532699568080E-01
772.8 4.517263386718365E-01
772.9 4.033818522038701E-01
773.0 3.535704097301397E-01
773.1 3.023228827775040E-01
773.2 2.496740622882761E-01
773.3 1.956849401552131E-01
773.4 1.404617778997586E-01
773.5 8.417044152253647E-02
773.6 2.704491304783871E-02
773.7 -3.061060955994798E-02
773.8 -8.842608170033883E-02
773.9 -1.459759895528862E-01
774.0 -2.027948077637230E-01
774.1 -2.583962299766162E-01
774.2 -3.122946000750842E-01
774.3 -3.640268403330612E-01
774.4 -4.131731812539776E-01
774.5 -4.593751425266167E-01
774.6 -5.023494800657173E-01
774.7 -5.418971757285744E-01
774.8 -5.779069717033841E-01
774.9 -6.103534036875279E-01
775.0 -6.392897271812895E-01
775.1 -6.648365225694965E-01
775.2 -6.871670750589145E-01
775.3 -7.064908304657451E-01
775.4 -7.230363124314836E-01
775.5 -7.370348468882612E-01
775.6 -7.487062826386459E-01
775.7 -7.582476403302851E-01
775.8 -7.658252922309569E-01
775.9 -7.715709047150722E-01
776.0 -7.755810002285883E-01
776.1 -7.779196516517313E-01
776.2 -7.786235419917890E-01
776.3 -7.777084323664538E-01
776.4 -7.751759985404175E-01
776.5 -7.710200275865965E-01
776.6 -7.652311070688246E-01
776.7 -7.577991741758868E-01
776.8 -7.487135967274675E-01
776.9 -7.379608000807445E-01
777.0 -7.255197977565665E-01
777.1 -7.113562925295804E-01
777.2 -6.954162551776079E-01
777.3 -6.776200327443564E-01
777.4 -6.578580688113731E-01
777.5 -6.359892277314221E-01
777.6 -6.118425079093031E-01
777.7 -5.852226227215882E-01
777.8 -5.559195487518840E-01
777.9 -5.237217250518844E-01
778.0 -4.884321744346201E-01
778.1 -4.498864498737261E-01
778.2 -4.079710246719700E-01
778.3 -3.626405763324056E-01
778.4 -3.139325833246465E-01
778.5 -2.619777711752225E-01
778.6 -2.070052058574516E-01
778.7 -1.493412208752919E-01
778.8 -8.940184968392670E-02
778.9 -2.767897693277644E-02
779.0 3.527902662143506E-02
779.1 9.889090955551647E-02
779.2 1.625686866815048E-01
779.3 2.257443355685960E-01
779.4 2.878949194023506E-01
779.5 3.485640611419885E-01
779.6 4.073779246285431E-01
779.7 4.640542580995251E-01
779.8 5.184035957918351E-01
779.9 5.703223520155856E-01
780.0 6.197782274421330E-01
780.1 6.667890219585750E-01
780.2 7.113965541853107E-01
780.3 7.536378708659701E-01
780.4 7.935162451283487E-01
780.5 8.309745795371672E-01
780.6 8.658737324561353E-01
780.7 8.979779767632079E-01
780.8 9.269492984985643E-01
780.9 9.523515860406612E-01
781.0 9.736649979319819E-01
781.1 9.903099890725428E-01
781.2 1.001679684884577E+00
781.3 1.007178584813435E+00
781.4 1.006265007850639E+00
781.5 9.984943106403915E-01
781.6 9.835597455694920E-01
781.7 9.613278971795862E-01
781.8 9.318659369243389E-01
781.9 8.954584471692020E-01
782.0 8.526122474710709E-01
782.1 8.040484584229545E-01
782.2 7.506819005360059E-01
782.3 6.935887834660949E-01
782.4 6.339644311403783E-01
782.5 5.730734537953628E-01
782.6 5.121952718527431E-01
782.7 4.525681860761708E-01
782.8 3.953352568549294E-01
782.9 3.414951030567357E-01
783.0 2.918603744376105E-01
783.1 2.470261224899934E-01
783.2 2.073496358664565E-01
783.3 1.729425689938662E-01
783.4 1.436754305992003E-01
783.5 1.191937661746253E-01
783.6 9.894471355369602E-02
783.7 8.221207397656480E-02
783.8 6.815765145315568E-02
783.9 5.586638748407242E-02
784.0 4.439275981467486E-02
784.1 3.280601407382525E-02
784.2 2.023203636139124E-02
784.3 5.890025247501865E-03
784.4 -1.087745002693927E-02
784.5 -3.058194767715578E-02
784.6 -5.357467216963532E-02
784.7 -8.004002380123999E-02
784.8 -1.099967848754213E-01
784.9 -1.433062129728208E-01
785.0 -1.796860570047800E-01
785.1 -2.187293415319731E-01
785.2 -2.599266766746778E-01
785.3 -3.026908369203564E-01
785.4 -3.463824005665027E-01
785.5 -3.903353387121367E-01
785.6 -4.338815744986058E-01
785.7 -4.763736865492600E-01
785.8 -5.172050940815497E-01
785.9 -5.558272262903893E-01
786.0 -5.917633392744760E-01
786.1 -6.246187962480649E-01
786.2 -6.540877690021430E-01
786.3 -6.799564494512091E-01
786.4 -7.021029786628104E-01
786.5 -7.204944055734230E-01
786.6 -7.351810762726789E-01
786.7 -7.462889239323872E-01
786.8 -7.540101750681708E-01
786.9 -7.585930055982606E-01
787.0 -7.603306665248174E-01
787.1 -7.595505520277197E-01
787.2 -7.566036028482811E-01
787.3 -7.518543287887802E-01
787.4 -7.456716032772340E-01
787.5 -7.384202410745805E-01
787.6 -7.304532311009981E-01
787.7 -7.221043756538129E-01
787.8 -7.136810009704383E-01
787.9 -7.054563667113257E-01
788.0 -6.976614247090026E-01
788.1 -6.904756663372169E-01
788.2 -6.840169525970319E-01
788.3 -6.783304335107460E-01
788.4 -6.733769180202349E-01
788.5 -6.690213296521774E-01
788.6 -6.650221485837287E-01
788.7 -6.610229660238963E-01
788.8 -6.565474302901820E-01
788.9 -6.509989167915476E-01
789.0 -6.436661837549442E-01
789.1 -6.337360686676832E-01
789.2 -6.203139354802071E-01
789.3 -6.024521112657206E-01
789.4 -5.791859784676301E-01
789.5 -5.495767528876582E-01
789.6 -5.127593263094469E-01
789.7 -4.679929411076093E-01
789.8 -4.147119497552607E-01
789.9 -3.525735495824032E-01
790.0 -2.814992193325377E-01
790.1 -2.017066531126413E-01
790.2 -1.137293063893609E-01
790.3 -1.842123508412333E-02
790.4 8.305430122738511E-02
790.5 1.892530319424256E-01
790.6 2.984941383016576E-01
790.7 4.089193357008875E-01
790.8 5.185638448777863E-01
790.9 6.254355738870230E-01
791.0 7.275980987028031E-01
791.1 8.232525780314152E-01
791.2 9.108136166268397E-01
791.3 9.889743259057832E-01
791.4 1.056756418221687E+00
791.5 1.113542080529188E+00
791.6 1.159085545979767E+00
791.7 1.193503636564238E+00
791.8 1.217245987241801E+00
791.9 1.231047073336898E+00
792.0 1.235863438657573E+00
792.1 1.232800560214573E+00
792.2 1.223034501824254E+00
792.3 1.207733842737459E+00
792.4 1.187987288100694E+00
792.5 1.164741877900589E+00
792.6 1.138755845913787E+00
792.7 1.110569006964463E+00
792.8 1.080492162262638E+00
792.9 1.048615520012900E+00
793.0 1.014834652405900E+00
793.1 9.788911703397251E-01
793.2 9.404242026479469E-01
793.3 8.990280058754591E-01
793.4 8.543106644493903E-01
793.5 8.059488968792931E-01
793.6 7.537344530634646E-01
793.7 6.976084273815414E-01
793.8 6.376809470241622E-01
793.9 5.742350249058957E-01
794.0 5.077147750969628E-01
794.1 4.386995533426991E-01
794.2 3.678667877715846E-01
794.3 2.959472020522119E-01
794.4 2.236767257451614E-01
794.5 1.517495860047890E-01
794.6 8.077686788243393E-02
794.7 1.125424024817630E-02
794.8 -5.645837216163672E-02
794.9 -1.221435469065931E-01
795.0 -1.857192187538247E-01
795.1 -2.472186030974061E-01
795.2 -3.067593609059146E-01
795.3 -3.645051667082106E-01
795.4 -4.206235279910098E-01
795.5 -4.752440287899762E-01
795.6 -5.284211048124235E-01
795.7 -5.801050105788441E-01
795.8 -6.301238542166165E-01
795.9 -6.781785269110475E-01
796.0 -7.238511398006156E-01
796.1 -7.666263142709748E-01
796.2 -8.059234695012966E-01
796.3 -8.411372245978198E-01
796.4 -8.716822758469703E-01
796.5 -8.970386913037225E-01
796.6 -9.167935222080830E-01
796.7 -9.306749657065376E-01
796.8 -9.385759931044499E-01
796.9 -9.405653175615084E-01
797.0 -9.368847242479459E-01
797.1 -9.279330168104507E-01
797.2 -9.142380318518002E-01
797.3 -8.964192270548704E-01
797.4 -8.751441617763508E-01
797.5 -8.510826877933860E-01
797.6 -8.248628088312699E-01
797.7 -7.970319409769996E-01
797.8 -7.680267373149304E-01
797.9 -7.381537865742699E-01
798.0 -7.075824413688733E-01
798.1 -6.763498793718834E-01
798.2 -6.443773617876641E-01
798.3 -6.114956369822501E-01
798.4 -5.774766398016785E-01
798.5 -5.420681337858508E-01
798.6 -5.050277800000693E-01
798.7 -4.661533049532155E-01
798.8 -4.253059588446428E-01
798.9 -3.824252495312234E-01
799.0 -3.375339253526033E-01
799.1 -2.907332603509218E-01
799.2 -2.421897582060371E-01
799.3 -1.921153276077697E-01
799.4 -1.407436952570008E-01
799.5 -8.830623849121545E-02
799.6 -3.501049231279665E-02
799.7 1.897569588090677E-02
799.8 7.353200197102672E-02
799.9 1.285839726872081E-01
800.0 1.840914757026139E-01
800.1 2.400279913114793E-01
800.2 2.963525959864848E-01
800.3 3.529774469265227E-01
800.4 4.097342804158822E-01
800.5 4.663438055949582E-01
800.6 5.223918603211261E-01
800.7 5.773157848361722E-01
800.8 6.304036880036037E-01
800.9 6.808081926611880E-01
801.0 7.275749453545368E-01
801.1 7.696847787114273E-01
801.2 8.061070518168072E-01
801.3 8.358604954483527E-01
801.4 8.580769733988444E-01
801.5 8.720630336268846E-01
801.6 8.773540263071506E-01
801.7 8.737559335630934E-01
801.8 8.613708692224548E-01
801.9 8.406034065961892E-01
802.0 8.121463818018926E-01
802.1 7.769464749185717E-01
802.2 7.361515491793116E-01
802.3 6.910432825094551E-01
802.4 6.429599173908433E-01
802.5 5.932148666577235E-01
802.6 5.430173586195771E-01
802.7 4.934012390143639E-01
802.8 4.451674683258597E-01
802.9 3.988448045914568E-01
803.0 3.546717291312539E-01
803.1 3.126009750555794E-01
803.2 2.723261992182604E-01
803.3 2.333285520010465E-01
803.4 1.949392981037696E-01
803.5 1.564133616583742E-01
803.6 1.170078188666699E-01
803.7 7.605901185790530E-02
803.8 3.305213573158958E-02
803.9 -1.232216201187886E-02
804.0 -6.012849721413891E-02
804.1 -1.101676295781904E-01
804.2 -1.619786652754364E-01
804.3 -2.148619800328097E-01
804.4 -2.679205872690384E-01
804.5 -3.201162293524043E-01
804.6 -3.703353710106136E-01
804.7 -4.174596099120927E-01
804.8 -4.604348380749784E-01
804.9 -4.983337929694085E-01
805.0 -5.304073895565090E-01
805.1 -5.561213455363190E-01
805.2 -5.751759919707370E-01
805.3 -5.875086696863608E-01
805.4 -5.932796095426109E-01
805.5 -5.928435474051351E-01
805.6 -5.867104149974045E-01
805.7 -5.754991856421697E-01
805.8 -5.598892844490513E-01
805.9 -5.405738806366301E-01
806.0 -5.182188905441578E-01
806.1 -4.934306956875292E-01
806.2 -4.667345134756477E-01
806.3 -4.385641622887036E-01
806.4 -4.092627603362511E-01
806.5 -3.790928092030514E-01
806.6 -3.482532439962382E-01
806.7 -3.169004637290028E-01
806.8 -2.851701369941529E-01
806.9 -2.531967214732544E-01
807.0 -2.211281163766427E-01
807.1 -1.891336250647900E-01
807.2 -1.574043532977765E-01
807.3 -1.261462002214724E-01
807.4 -9.556659969934934E-02
807.5 -6.585702799613886E-02
807.6 -3.717391422648193E-02
807.7 -9.620901432794924E-03
807.8 1.676463000156151E-02
807.9 4.201825080758786E-02
808.0 6.624655811657974E-02
808.1 8.961575934397438E-02
808.2 1.123309831767244E-01
808.3 1.346076688036032E-01
808.4 1.566374323583208E-01
808.5 1.785516573346749E-01
808.6 2.003866054020928E-01
808.7 2.220540249127819E-01
808.8 2.433210108238660E-01
808.9 2.638022455754201E-01
809.0 2.829667695155762E-01
809.1 3.001601723431598E-01
809.2 3.146416741726945E-01
809.3 3.256341065576722E-01
809.4 3.323834483695227E-01
809.5 3.342234519268123E-01
809.6 3.306401264279747E-01
809.7 3.213305145595687E-01
809.8 3.062503521399974E-01
809.9 2.856458444485187E-01
810.0 2.600658863078439E-01
810.1 2.303525137802949E-01
810.2 1.976090858128344E-01
810.3 1.631475112280228E-01
810.4 1.284176041223508E-01
810.5 9.492321399065423E-02
810.6 6.413099567709886E-02
810.7 3.737844622498706E-02
810.8 1.578806666256515E-02
810.9 1.941777591492298E-04
811.0 -8.911950847835078E-03
811.1 -1.141434260241026E-02
811.2 -7.579321546535321E-03
811.3 1.963384289454434E-03
811.4 1.626411238905848E-02
811.5 3.411807779308528E-02
811.6 5.414665859702507E-02
811.7 7.488904383193179E-02
811.8 9.489738968940219E-02
811.9 1.128284453980972E-01
812.0 1.275249950141216E-01
812.1 1.380813784969393E-01
812.2 1.438887220458439E-01
812.3 1.446572034727036E-01
812.4 1.404145562788297E-01
812.5 1.314819153086977E-01
812.6 1.184298671497614E-01
812.7 1.020190442131618E-01
812.8 8.313067421212957E-02
812.9 6.269308531494375E-02
813.0 4.161023408356457E-02
813.1 2.069787724097120E-02
813.2 6.321028420883616E-04
813.3 -1.808633588880704E-02
813.4 -3.514995736937523E-02
813.5 -5.044445229792455E-02
813.6 -6.403181811907231E-02
813.7 -7.611939273327868E-02
813.8 -8.701854882790963E-02
813.9 -9.709751919533299E-02
814.0 -1.067330956969121E-01
814.1 -1.162657718127742E-01
814.2 -1.259623137990231E-01
814.3 -1.359888182374430E-01
814.4 -1.463961437030551E-01
814.5 -1.571183104890255E-01
814.6 -1.679831718300767E-01
814.7 -1.787334956474250E-01
814.8 -1.890556645528841E-01
814.9 -1.986125852376482E-01
815.0 -2.070771453091290E-01
815.1 -2.141626784308206E-01
815.2 -2.196473726869554E-01
815.3 -2.233903241791188E-01
815.4 -2.253379124468114E-01
815.5 -2.255202525015707E-01
815.6 -2.240385483838326E-01
815.7 -2.210451267796208E-01
815.8 -2.167186718806637E-01
815.9 -2.112376428350823E-01
816.0 -2.047549910288481E-01
816.1 -1.973770976766561E-01
816.2 -1.891493481736504E-01
816.3 -1.800500045737723E-01
816.4 -1.699931124645205E-01
816.5 -1.588401809369357E-01
816.6 -1.464194084052903E-01
816.7 -1.325503928965715E-01
816.8 -1.170716493565464E-01
816.9 -9.986792222948429E-02
817.0 -8.089426397273460E-02
817.1 -6.019415192812079E-02
817.2 -3.790950730342977E-02
817.3 -1.428130166865337E-02
817.4 1.035959443417592E-02
817.5 3.561064753804430E-02
817.6 6.102334430591393E-02
817.7 8.613387265965958E-02
817.8 1.104957782261343E-01
817.9 1.337112982833140E-01
818.0 1.554581311854992E-01
818.1 1.755087854133758E-01
818.2 1.937403357088396E-01
818.3 2.101333312687613E-01
818.4 2.247596659364842E-01
818.5 2.377603304756514E-01
818.6 2.493150143401003E-01
818.7 2.596064055763919E-01
818.8 2.687826640263452E-01
818.9 2.769218496069465E-01
819.0 2.840020387177947E-01
819.1 2.898804557778110E-01
819.2 2.942842154249460E-01
819.3 2.968142770443873E-01
819.4 2.969630454176532E-01
819.5 2.941448150051847E-01
819.6 2.877370636852247E-01
819.7 2.771295645072847E-01
819.8 2.617774975891358E-01
819.9 2.412542826532853E-01
820.0 2.152997604316506E-01
820.1 1.838596392711714E-01
820.2 1.471127681385664E-01
820.3 1.054837428101097E-01
820.4 5.963951508758868E-02
820.5 1.046995264960116E-02
820.6 -4.094642309987984E-02
820.7 -9.338912439110161E-02
820.8 -1.455514553204292E-01
820.9 -1.961013225452086E-01
821.0 -2.437427637000567E-01
821.1 -2.872739124107093E-01
821.2 -3.256375308173969E-01
821.3 -3.579609671367898E-01
821.4 -3.835833653095352E-01
821.5 -4.020690737083321E-01
821.6 -4.132073657812434E-01
821.7 -4.169996909165337E-01
821.8 -4.136366202380487E-01
821.9 -4.034673580130373E-01
822.0 -3.869650978609880E-01
822.1 -3.646915863585105E-01
822.2 -3.372640187995032E-01
822.3 -3.053268672109978E-01
822.4 -2.695304903843154E-01
822.5 -2.305174811563668E-01
822.6 -1.889167611150428E-01
822.7 -1.453445337810489E-01
822.8 -1.004104440106494E-01
822.9 -5.472673843686129E-02
823.0 -8.917931371698259E-03
823.1 3.637152236074031E-02
823.2 8.047376616107078E-02
823.3 1.226999805084679E-01
823.4 1.623496886513444E-01
823.5 1.987270592199640E-01
823.6 2.311634726110855E-01
823.7 2.590448186496704E-01
823.8 2.818413412765831E-01
823.9 2.991374104194012E-01
824.0 3.106584284346562E-01
824.1 3.162921886813723E-01
824.2 3.161023885324769E-01
824.3 3.103326224584071E-01
824.4 2.993999827009000E-01
824.5 2.838782974352232E-01
824.6 2.644719508356753E-01
824.7 2.419820662584898E-01
824.8 2.172675104033219E-01
824.9 1.912036260074689E-01
825.0 1.646417788560559E-01
825.1 1.383726939162070E-01
825.2 1.130961660771751E-01
825.3 8.939910173955029E-02
825.4 6.774304066426622E-02
825.5 4.846140310152439E-02
825.6 3.176579518208689E-02
825.7 1.775987669850905E-02
825.8 6.458632448995232E-03
825.9 -2.189542426469329E-03
826.0 -8.280688069701368E-03
826.1 -1.193566592441000E-02
826.2 -1.328528205320354E-02
826.3 -1.246169725573327E-02
826.4 -9.596857744962403E-03
826.5 -4.827780502538715E-03
826.6 1.692361910166459E-03
826.7 9.779196780985905E-03
826.8 1.920058069616679E-02
826.9 2.966127274945730E-02
827.0 4.079165622789527E-02
827.1 5.214303425126383E-02
827.2 6.319144973483566E-02
827.3 7.335115785290000E-02
827.4 8.199788502641332E-02
827.5 8.850093703805700E-02
827.6 9.226217567425535E-02
827.7 9.275897456208737E-02
827.8 8.958758734543389E-02
827.9 8.250299264290192E-02
828.0 7.145127086111339E-02
828.1 5.659093572952519E-02
828.2 3.830037093213697E-02
828.3 1.716955736815385E-02
828.4 -6.024463357263998E-03
828.5 -3.035756516655698E-02
828.6 -5.481175366557887E-02
828.7 -7.833817416580270E-02
828.8 -9.992545994559128E-02
828.9 -1.186683088830554E-01
829.0 -1.338309303817266E-01
829.1 -1.449002079943267E-01
829.2 -1.516240729583300E-01
829.3 -1.540316370010261E-01
829.4 -1.524330096421410E-01
829.5 -1.473983159003502E-01
829.6 -1.397171037206265E-01
829.7 -1.303409454905476E-01
829.8 -1.203134558287044E-01
829.9 -1.106930439378995E-01
830.0 -1.024743942317961E-01
830.1 -9.651485916141223E-02
830.2 -9.347162922277383E-02
830.3 -9.375473618990385E-02
830.4 -9.749970786731371E-02
830.5 -1.045621244522356E-01
830.6 -1.145345554563228E-01
830.7 -1.267845280388894E-01
830.8 -1.405104447334683E-01
830.9 -1.548108763247923E-01
831.0 -1.687615303489897E-01
831.1 -1.814935336658235E-01
831.2 -1.922665268495087E-01
831.3 -2.005304635108231E-01
831.4 -2.059709091463003E-01
831.5 -2.085339694703822E-01
831.6 -2.084286389027313E-01
831.7 -2.061062101917761E-01
831.8 -2.022182744218770E-01
831.9 -1.975566119971108E-01
832.0 -1.929797844062799E-01
832.1 -1.893323601150661E-01
832.2 -1.873633541086481E-01
832.3 -1.876505769999588E-01
832.4 -1.905371672030470E-01
832.5 -1.960856532953747E-01
832.6 -2.040535389269907E-01
832.7 -2.138927292509429E-01
832.8 -2.247732605791663E-01
832.9 -2.356299022825302E-01
833.0 -2.452284218626928E-01
833.1 -2.522467800144535E-01
833.2 -2.553653700110559E-01
833.3 -2.533597216110595E-01
833.4 -2.451889032179168E-01
833.5 -2.300731857914646E-01
833.6 -2.075553458559063E-01
833.7 -1.775412133422613E-01
833.8 -1.403166122910398E-01
833.9 -9.653957553463360E-02
834.0 -4.720850307781475E-02
834.1 6.391358526921563E-03
834.2 6.275923891167019E-02
834.3 1.202629079119316E-01
834.4 1.772296323129152E-01
834.5 2.320378330840800E-01
834.6 2.832033637452559E-01
834.7 3.294548772962634E-01
834.8 3.697936750016834E-01
834.9 4.035346536646452E-01
835.0 4.303263878403111E-01
835.1 4.501498878947102E-01
835.2 4.632970503123018E-01
835.3 4.703311566880754E-01
835.4 4.720328908505734E-01
835.5 4.693361592981456E-01
835.6 4.632584739828992E-01
835.7 4.548307716230203E-01
835.8 4.450313109497563E-01
835.9 4.347277446744705E-01
836.0 4.246306636929492E-01
836.1 4.152609298368820E-01
836.2 4.069320321053826E-01
836.3 3.997476037822255E-01
836.4 3.936132039161198E-01
836.5 3.882605659969512E-01
836.6 3.832818043348590E-01
836.7 3.781705818627169E-01
836.8 3.723669997370219E-01
836.9 3.653029678647781E-01
837.0 3.564450373371548E-01
837.1 3.453320869011420E-01
837.2 3.316058111795065E-01
837.3 3.150326067618580E-01
837.4 2.955161396637144E-01
837.5 2.731005521043667E-01
837.6 2.479648819087748E-01
837.7 2.204097865474946E-01
837.8 1.908380589595717E-01
837.9 1.597306785101172E-01
838.0 1.276202539137923E-01
838.1 9.506369255547023E-02
838.2 6.261578820746885E-02
838.3 3.080517938481242E-02
838.4 1.138206380981697E-04
838.5 -2.903924195000840E-02
838.6 -5.630936322310866E-02
838.7 -8.143298103510409E-02
838.8 -1.042297229309079E-01
838.9 -1.246004322645693E-01
839.0 -1.425218034837288E-01
839.1 -1.580384404257409E-01
839.2 -1.712532044593983E-01
839.3 -1.823167056031064E-01
839.4 -1.914167176976626E-01
839.5 -1.987681795582888E-01
839.6 -2.046042908940610E-01
839.7 -2.091690386423542E-01
839.8 -2.127113101586435E-01
839.9 -2.154805775469602E-01
840.0 -2.177239839566593E-01
840.1 -2.196845375959761E-01
840.2 -2.216000298641727E-01
840.3 -2.237022451566808E-01
840.4 -2.262160235858321E-01
840.5 -2.293577733719482E-01
840.6 -2.333331035877568E-01
840.7 -2.383333543502068E-01
840.8 -2.445309323006069E-01
840.9 -2.520735043327248E-01
841.0 -2.610772507935670E-01
841.1 -2.716195189713727E-01
841.2 -2.837313369320082E-01
841.3 -2.973903359891363E-01
841.4 -3.125146784271778E-01
841.5 -3.289585892652391E-01
841.6 -3.465100438207200E-01
841.7 -3.648910672778572E-01
841.8 -3.837609629633978E-01
841.9 -4.027226109523197E-01
842.0 -4.213317797248052E-01
842.1 -4.391091852387521E-01
842.2 -4.555548299429136E-01
842.3 -4.701639752510431E-01
842.4 -4.824439601452795E-01
842.5 -4.919309888232427E-01
842.6 -4.982059810027181E-01
842.7 -5.009086144102857E-01
842.8 -4.997487896505426E-01
842.9 -4.945149072076677E-01
843.0 -4.850785537560279E-01
843.1 -4.713954348607767E-01
843.2 -4.535026449445749E-01
843.3 -4.315126128297726E-01
843.4 -4.056042820552266E-01
843.5 -3.760122611978541E-01
843.6 -3.430147958326725E-01
843.7 -3.069214607285913E-01
843.8 -2.680614445363612E-01
843.9 -2.267732021178290E-01
844.0 -1.833960906228189E-01
844.1 -1.382643988356846E-01
844.2 -9.170394389889222E-02
844.3 -4.403116661506703E-02
844.4 4.445571871577896E-03
844.5 5.342298251292844E-02
844.6 1.025987613818133E-01
844.7 1.516671311809440E-01
844.8 2.003147250375379E-01
844.9 2.482174626021524E-01
845.0 2.950389425963067E-01
845.1 3.404307016271172E-01
845.2 3.840344846250011E-01
845.3 4.254864588714894E-01
845.4 4.644231031965949E-01
845.5 5.004883369899171E-01
845.6 5.333413370438245E-01
845.7 5.626644354164018E-01
845.8 5.881705033885418E-01
845.9 6.096093029402364E-01
846.0 6.267724187662869E-01
846.1 6.394965553937032E-01
846.2 6.476651756351638E-01
846.3 6.512086461695715E-01
846.4 6.501032211493214E-01
846.5 6.443693154390203E-01
846.6 6.340695800378816E-01
846.7 6.193072844904499E-01
846.8 6.002254333061620E-01
846.9 5.770069022330627E-01
847.0 5.498756898615610E-01
847.1 5.190991609370736E-01
847.2 4.849909347042323E-01
847.3 4.479138711213639E-01
847.4 4.082824553777663E-01
847.5 3.665637984717865E-01
847.6 3.232764739506463E-01
847.7 2.789865052285914E-01
847.8 2.343000016399075E-01
847.9 1.898522022711401E-01
848.0 1.462930034084525E-01
848.1 1.042693896766708E-01
848.2 6.440552751711766E-02
848.3 2.728157794083688E-02
848.4 -6.587489137472268E-03
848.5 -3.677167149221092E-02
848.6 -6.294288843058952E-02
848.7 -8.488781912640497E-02
848.8 -1.025155766882293E-01
848.9 -1.158595200175858E-01
849.0 -1.250729355879323E-01
849.1 -1.304187940087975E-01
849.2 -1.322542591645190E-01
849.3 -1.310110564037040E-01
849.4 -1.271731486086767E-01
849.5 -1.212533894531654E-01
849.6 -1.137708965446041E-01
849.7 -1.052308014714105E-01
849.8 -9.610779202824736E-02
849.9 -8.683448238482046E-02
850.0 -7.779516216899914E-02
850.1 -6.932492941074651E-02
850.2 -6.171365686991585E-02
850.3 -5.521373130131225E-02
850.4 -5.005009334583158E-02
850.5 -4.643083719006677E-02
850.6 -4.455653693365850E-02
850.7 -4.462656783144765E-02
850.8 -4.684098400088726E-02
850.9 -5.139697953002722E-02
851.0 -5.847955897132938E-02
851.1 -6.824672264753684E-02
851.2 -8.081016806637109E-02
851.3 -9.621315205722684E-02
851.4 -1.144076813845279E-01
851.5 -1.352335428168149E-01
851.6 -1.584018011529232E-01
851.7 -1.834852587176838E-01
851.8 -2.099179779813306E-01
851.9 -2.370053398440606E-01
852.0 -2.639452867146625E-01
852.1 -2.898604452680147E-01
852.2 -3.138398178288276E-01
852.3 -3.349877620308722E-01
852.4 -3.524771356503033E-01
852.5 -3.656028507502548E-01
852.6 -3.738317276351169E-01
852.7 -3.768445126048128E-01
852.8 -3.745662457646606E-01
852.9 -3.671818283855435E-01
853.0 -3.551346057233064E-01
853.1 -3.391069850218797E-01
853.2 -3.199834605108140E-01
853.3 -2.987978118684117E-01
853.4 -2.766675660686053E-01
853.5 -2.547199523732416E-01
853.6 -2.340144350982936E-01
853.7 -2.154673973362056E-01
853.8 -1.997846172810788E-01
853.9 -1.874068063570512E-01
854.0 -1.784726798511340E-01
854.1 -1.728028564834111E-01
854.2 -1.699064157798484E-01
854.3 -1.690102898163192E-01
854.4 -1.691099551894888E-01
854.5 -1.690382559050994E-01
854.6 -1.675477590009821E-01
854.7 -1.634009388320588E-01
854.8 -1.554617958514472E-01
854.9 -1.427823023899603E-01
855.0 -1.246773550254048E-01
855.1 -1.007826846012991E-01
855.2 -7.109137592134100E-02
855.3 -3.596618996874400E-02
855.4 3.873355206556325E-03
855.5 4.738833882582422E-02
855.6 9.327962748285967E-02
855.7 1.400647039940891E-01
855.8 1.861666600376648E-01
855.9 2.300090176819171E-01
856.0 2.701096680171552E-01
856.1 3.051673477699061E-01
856.2 3.341347029625527E-01
856.3 3.562730591481356E-01
856.4 3.711854426291091E-01
856.5 3.788260612607449E-01
856.6 3.794862241676358E-01
856.7 3.737584174875091E-01
856.8 3.624818232915895E-01
856.9 3.466738518688544E-01
857.0 3.274531593574352E-01
857.1 3.059600812774375E-01
857.2 2.832804026160440E-01
857.3 2.603779195694592E-01
857.4 2.380403759552486E-01
857.5 2.168421592074119E-01
857.6 1.971257214203217E-01
857.7 1.790021697134225E-01
857.8 1.623699715621033E-01
857.9 1.469493633372723E-01
858.0 1.323289374782053E-01
858.1 1.180200954538806E-01
858.2 1.035146406062930E-01
858.3 8.834076520520770E-02
858.4 7.211304469408750E-02
858.5 5.457274371059472E-02
858.6 3.561569192224422E-02
858.7 1.530611324265638E-02
858.8 -6.124010573687068E-03
858.9 -2.828929322263608E-02
859.0 -5.067722161167266E-02
859.1 -7.268372539326548E-02
859.2 -9.365482689001089E-02
859.3 -1.129308759501441E-01
859.4 -1.298898909349182E-01
859.5 -1.439868245015964E-01
859.6 -1.547861081399476E-01
859.7 -1.619855415178805E-01
859.8 -1.654304088989782E-01
859.9 -1.651175479500440E-01
860.0 -1.611898915786706E-01
860.1 -1.539226857062927E-01
860.2 -1.437031045032513E-01
860.3 -1.310053075155465E-01
860.4 -1.163630986216746E-01
860.5 -1.003422634642235E-01
860.6 -8.351440665871071E-02
860.7 -6.643372392834074E-02
860.8 -4.961767809949427E-02
860.9 -3.353205627053267E-02
861.0 -1.858042125025567E-02
861.1 -5.097579244499053E-03
861.2 6.653597967922678E-03
861.3 1.648281457518925E-02
861.4 2.427129910446834E-02
861.5 2.996980718892224E-02
861.6 3.359623467077232E-02
861.7 3.523314368525127E-02
861.8 3.502522950382355E-02
861.9 3.317650050103237E-02
862.0 2.994674482943684E-02
862.1 2.564674434800421E-02
862.2 2.063168681755371E-02
862.3 1.529232580974821E-02
862.4 1.004363487191748E-02
862.5 5.310976237642114E-03
862.6 1.514122558318710E-03
862.7 -9.502060538250263E-04
862.8 -1.726338948507479E-03
862.9 -5.170206082960971E-04
863.0 2.901129074991709E-03
863.1 8.665316466425299E-03
863.2 1.681854264583342E-02
863.3 2.730666476442315E-02
863.4 3.998099206257157E-02
863.5 5.460640237018733E-02
863.6 7.087448076758825E-02
863.7 8.842071822713825E-02
863.8 1.068444131708098E-01
863.9 1.257296367396866E-01
864.0 1.446654873276677E-01
864.1 1.632638922207577E-01
864.2 1.811734185030593E-01
864.3 1.980879190612800E-01
864.4 2.137493332947052E-01
864.5 2.279445425500023E-01
864.6 2.404967934674005E-01
864.7 2.512527890050510E-01
864.8 2.600670477819431E-01
864.9 2.667854944221477E-01
865.0 2.712304251080298E-01
865.1 2.731889677186088E-01
865.2 2.724069178363713E-01
865.3 2.685893938698588E-01
865.4 2.614091495418286E-01
865.5 2.505226601890569E-01
865.6 2.355933238560338E-01
865.7 2.163203596751934E-01
865.8 1.924713162097160E-01
865.9 1.639155874410247E-01
866.0 1.306560281558068E-01
866.1 9.285570061736033E-02
866.2 5.085698641004088E-02
866.3 5.190753803935820E-03
866.4 -4.342604869958062E-02
866.5 -9.410514945926944E-02
866.6 -1.458138820555530E-01
866.7 -1.974131253936348E-01
866.8 -2.477041758376013E-01
866.9 -2.954816922389651E-01
867.0 -3.395892864195951E-01
867.1 -3.789740279437842E-01
867.2 -4.127361243642873E-01
867.3 -4.401703329194886E-01
867.4 -4.607962371245597E-01
867.5 -4.743753373045638E-01
867.6 -4.809138920954684E-01
867.7 -4.806515268268985E-01
867.8 -4.740367042787126E-01
867.9 -4.616911424604577E-01
868.0 -4.443660787667706E-01
868.1 -4.228938506369029E-01
868.2 -3.981385410060373E-01
868.3 -3.709493989302010E-01
868.4 -3.421203958466805E-01
868.5 -3.123586473754790E-01
868.6 -2.822635754820391E-01
868.7 -2.523176822371350E-01
868.8 -2.228887436558401E-01
868.9 -1.942422049529041E-01
869.0 -1.665616588510010E-01
869.1 -1.399745970174193E-01
869.2 -1.145802035752597E-01
869.3 -9.047584714906269E-02
869.4 -6.777913460128729E-02
869.5 -4.664289722317645E-02
869.6 -2.726124298519834E-02
869.7 -9.865757289492088E-03
869.8 5.288017291891354E-03
869.9 1.794264134035293E-02
870.0 2.786724329909713E-02
870.1 3.488948474624538E-02
870.2 3.892761610690095E-02
870.3 4.001902100938215E-02
870.4 3.834179575415690E-02
870.5 3.422639372478434E-02
870.6 2.815514803035435E-02
870.7 2.074850664991420E-02
870.8 1.273798779426421E-02
870.9 4.927088583912572E-03
871.0 -1.857449969343637E-03
871.1 -6.820609457354667E-03
871.2 -9.256124996077827E-03
871.3 -8.600987134341632E-03
871.4 -4.482771033363890E-03
871.5 3.244508243535665E-03
871.6 1.447959625896671E-02
871.7 2.887078983677604E-02
871.8 4.583155293017872E-02
871.9 6.457474171646151E-02
872.0 8.416373415377612E-02
872.1 1.035773527631611E-01
872.2 1.217842609455718E-01
872.3 1.378216047221286E-01
872.4 1.508721432365948E-01
872.5 1.603340135800280E-01
872.6 1.658776260126776E-01
872.7 1.674849668275208E-01
872.8 1.654677461713216E-01
872.9 1.604622850161677E-01
873.0 1.534006829547374E-01
873.1 1.454595244286070E-01
873.2 1.379890367412236E-01
873.3 1.324270836093469E-01
873.4 1.302035511181888E-01
873.5 1.326414687185327E-01
873.6 1.408615451339828E-01
873.7 1.556966600976323E-01
873.8 1.776222457055922E-01
873.9 2.067074588274976E-01
874.0 2.425906629975822E-01
874.1 2.844811048908744E-01
874.2 3.311869053162799E-01
874.3 3.811677151567516E-01
874.4 4.326087397875300E-01
874.5 4.835114280878602E-01
874.6 5.317950524204743E-01
874.7 5.754027463075506E-01
874.8 6.124053585972504E-01
874.9 6.410967348457615E-01
875.0 6.600747230598768E-01
875.1 6.683032653891131E-01
875.2 6.651522969961920E-01
875.3 6.504137256074112E-01
875.4 6.242933958067216E-01
875.5 5.873805335510064E-01
875.6 5.405976068223842E-01
875.7 4.851347296940383E-01
875.8 4.223736018485786E-01
875.9 3.538064620249997E-01
876.0 2.809556191345789E-01
876.1 2.052988158250789E-01
876.2 1.282050114805436E-01
876.3 5.088420540023385E-02
876.4 -2.564626356407574E-02
876.5 -1.005778138174910E-01
876.6 -1.733093215572555E-01
876.7 -2.434298938985375E-01
876.8 -3.106882829807440E-01
876.9 -3.749523726506502E-01
877.0 -4.361627419648627E-01
877.1 -4.942845609299408E-01
877.2 -5.492619975198304E-01
877.3 -6.009789294150184E-01
877.4 -6.492290996210569E-01
877.5 -6.936979910826678E-01
877.6 -7.339576939080160E-01
877.7 -7.694749796562345E-01
877.8 -7.996317614168142E-01
877.9 -8.237561823977040E-01
878.0 -8.411618054134443E-01
878.1 -8.511918221104882E-01
878.2 -8.532648969236128E-01
878.3 -8.469192196341550E-01
878.4 -8.318515548125236E-01
878.5 -8.079485203285981E-01
878.6 -7.753079582297416E-01
878.7 -7.342490249449625E-01
878.8 -6.853104614901135E-01
878.9 -6.292373428629304E-01
879.0 -5.669573861661258E-01
879.1 -4.995485632270915E-01
879.2 -4.282002706653577E-01
879.3 -3.541706276374097E-01
879.4 -2.787425839183532E-01
879.5 -2.031814301084726E-01
879.6 -1.286960248762267E-01
879.7 -5.640562241076921E-02
879.8 1.268636134306477E-02
879.9 7.771091333705792E-02
880.0 1.379442083222193E-01
880.1 1.928110835431081E-01
880.2 2.418821678135070E-01
880.3 2.848660027235471E-01
880.4 3.215977198343862E-01
880.5 3.520259049573813E-01
880.6 3.761991911383795E-01
880.7 3.942538913751686E-01
880.8 4.064036378430714E-01
880.9 4.129315732289620E-01
881.0 4.141851844628126E-01
881.1 4.105734247425609E-01
881.2 4.025653797543485E-01
881.3 3.906894365407697E-01
881.4 3.755317381441715E-01
881.5 3.577326723927527E-01
881.6 3.379802547224697E-01
881.7 3.169995151650192E-01
881.8 2.955373682705736E-01
881.9 2.743429003552835E-01
882.0 2.541435110837356E-01
882.1 2.356178507749323E-01
882.2 2.193669542222647E-01
882.3 2.058853419709223E-01
882.4 1.955341028792420E-01
882.5 1.885180589982005E-01
882.6 1.848690291490084E-01
882.7 1.844369487641052E-01
882.8 1.868901827346003E-01
882.9 1.917258111630033E-01
883.0 1.982900131511380E-01
883.1 2.058079684844152E-01
883.2 2.134219945106612E-01
883.3 2.202359905114118E-01
883.4 2.253637266060771E-01
883.5 2.279781340053558E-01
883.6 2.273585628723186E-01
883.7 2.229329941520930E-01
883.8 2.143124278670719E-01
883.9 2.013151115045876E-01
884.0 1.839788913051091E-01
884.1 1.625607253713440E-01
884.2 1.375232381774235E-01
884.3 1.095090614164547E-01
884.4 7.930453337560865E-02
884.5 4.779505713787785E-02
884.6 1.591499236877079E-02
884.7 -1.540466749024482E-02
884.8 -4.528743061134557E-02
884.9 -7.295794221187960E-02
885.0 -9.778113156056670E-02
885.1 -1.192914180815854E-01
885.2 -1.372102332669357E-01
885.3 -1.514509455891269E-01
885.4 -1.621111662005081E-01
885.5 -1.694532980991444E-01
885.6 -1.738750052388995E-01
885.7 -1.758719608129002E-01
885.8 -1.759957357783647E-01
885.9 -1.748099736851800E-01
886.0 -1.728480468001017E-01
886.1 -1.705752003419980E-01
886.2 -1.683577835220355E-01
886.3 -1.664415719871552E-01
886.4 -1.649404542305354E-01
886.5 -1.638359428136904E-01
886.6 -1.629871436575671E-01
886.7 -1.621500374965897E-01
886.8 -1.610042564964602E-01
886.9 -1.591850263069199E-01
887.0 -1.563176264374624E-01
887.1 -1.520516206260316E-01
887.2 -1.460922269589235E-01
887.3 -1.382265202664396E-01
887.4 -1.283426557530550E-01
887.5 -1.164409282515886E-01
887.6 -1.026361814053480E-01
887.7 -8.715179576537294E-02
887.8 -7.030615433879729E-02
887.9 -5.249305349459898E-02
888.0 -3.415795069374429E-02
888.1 -1.577218585286868E-02
888.2 2.192636306454609E-03
888.3 1.928805927932749E-02
888.4 3.510825999972934E-02
888.5 4.930434754146297E-02
888.6 6.159277985552935E-02
888.7 7.175781171777658E-02
888.8 7.964848391410365E-02
888.9 8.517119311852278E-02
889.0 8.827929463768100E-02
889.1 8.896144770546574E-02
889.2 8.723049104008168E-02
889.3 8.311452717723439E-02
889.4 7.665160718141402E-02
889.5 6.788896886630230E-02
889.6 5.688723216669048E-02
889.7 4.372934632727427E-02
889.8 2.853347310495465E-02
889.9 1.146843760295242E-02
890.0 -7.230060865487767E-03
890.1 -2.724456485933114E-02
890.2 -4.816447513517882E-02
890.3 -6.948021716169411E-02
890.4 -9.058467653248715E-02
890.5 -1.107831034157564E-01
890.6 -1.293120182297000E-01
890.7 -1.453668859484999E-01
890.8 -1.581375277705687E-01
890.9 -1.668494745245671E-01
891.0 -1.708088038904566E-01
891.1 -1.694475047548067E-01
891.2 -1.623661266047576E-01
891.3 -1.493704333991480E-01
891.4 -1.304990039632341E-01
891.5 -1.060391975691926E-01
891.6 -7.652960577633088E-02
891.7 -4.274799222398114E-02
891.8 -5.684717393810559E-03
891.9 3.349731921448917E-02
892.0 7.351419137315331E-02
892.1 1.130210075517408E-01
892.2 1.506769285829579E-01
892.3 1.852111084807340E-01
892.4 2.154853718581371E-01
892.5 2.405495921866470E-01
892.6 2.596861840813522E-01
892.7 2.724408403101477E-01
892.8 2.786375792681599E-01
892.9 2.783772525364284E-01
893.0 2.720198137861092E-01
893.1 2.601517825659125E-01
893.2 2.435413631389131E-01
893.3 2.230845209444937E-01
893.4 1.997459129208912E-01
893.5 1.744988675633679E-01
893.6 1.482685939235958E-01
893.7 1.218824683267298E-01
893.8 9.603063065909163E-02
893.9 7.123926851681184E-02
894.0 4.785794575604710E-02
894.1 2.606122362171885E-02
894.2 5.863715758755017E-03
894.3 -1.285329946119917E-02
894.4 -3.030643488036230E-02
894.5 -4.676925880049966E-02
894.6 -6.252954118811926E-02
894.7 -7.784838514064486E-02
894.8 -9.292467442091173E-02
894.9 -1.078677197410462E-01
895.0 -1.226802116373162E-01
895.1 -1.372526533841600E-01
895.2 -1.513694332095218E-01
895.3 -1.647256867559186E-01
895.4 -1.769531826739900E-01
895.5 -1.876527125185410E-01
895.6 -1.964299421696755E-01
895.7 -2.029314275178855E-01
895.8 -2.068775306744178E-01
895.9 -2.080892884499737E-01
896.0 -2.065068522622612E-01
896.1 -2.021978866902377E-01
896.2 -1.953552144510660E-01
896.3 -1.862839495887746E-01
896.4 -1.753792849698489E-01
896.5 -1.630969146706295E-01
896.6 -1.499187063475364E-01
896.7 -1.363166389795091E-01
896.8 -1.227181538483342E-01
896.9 -1.094759211077164E-01
897.0 -9.684461490033101E-02
897.1 -8.496665384508846E-02
897.2 -7.386805769807864E-02
897.3 -6.346466672246596E-02
897.4 -5.357804789469504E-02
897.5 -4.395955312964368E-02
897.6 -3.432027514025557E-02
897.7 -2.436412996064395E-02
897.8 -1.382102721888268E-02
897.9 -2.477093669069920E-03
898.0 9.800808076673113E-03
898.1 2.304849967259257E-02
898.2 3.719735490906639E-02
898.3 5.207726223362349E-02
898.4 6.742940666824412E-02
898.5 8.292769574282609E-02
898.6 9.820685650261093E-02
898.7 1.128946073652371E-01
898.8 1.266449161430119E-01
898.9 1.391692301837533E-01
899.0 1.502627190640350E-01
899.1 1.598229925437463E-01
899.2 1.678594106869565E-01
899.3 1.744919325250382E-01
899.4 1.799393818768453E-01
899.5 1.844979619206410E-01
899.6 1.885117394816398E-01
899.7 1.923375665565715E-01
899.8 1.963074432872361E-01
899.9 2.006916045305324E-01
900.0 2.056656050259194E-01
900.1 2.112843845886192E-01
900.2 2.174657386654803E-01
900.3 2.239848480826880E-01
900.4 2.304806011684895E-01
900.5 2.364734512852795E-01
900.6 2.413935791585239E-01
900.7 2.446172570473218E-01
900.8 2.455086168263114E-01
900.9 2.434635670377656E-01
901.0 2.379524246229718E-01
901.1 2.285579406170194E-01
901.2 2.150057950066750E-01
901.3 1.971852787004131E-01
901.4 1.751587128562944E-01
901.5 1.491591036757037E-01
901.6 1.195765101555671E-01
901.7 8.693452659659344E-02
901.8 5.185906952951872E-02
901.9 1.504224132795459E-02
902.0 -2.279562992482356E-02
902.1 -6.094262952859465E-02
902.2 -9.872766734732014E-02
902.3 -1.355462505171739E-01
902.4 -1.708779135109787E-01
902.5 -2.042944504228388E-01
902.6 -2.354590055874146E-01
902.7 -2.641169661067686E-01
902.8 -2.900803798688468E-01
902.9 -3.132082216308721E-01
903.0 -3.333851911212916E-01
903.1 -3.505018165868903E-01
903.2 -3.644384461053510E-01
903.3 -3.750552552274625E-01
903.4 -3.821897261189078E-01
903.5 -3.856622246502909E-01
903.6 -3.852893975693271E-01
903.7 -3.809042198321301E-01
903.8 -3.723807301718220E-01
903.9 -3.596608805373562E-01
904.0 -3.427805557664734E-01
904.1 -3.218917352982450E-01
904.2 -2.972779841150999E-01
904.3 -2.693609624787054E-01
904.4 -2.386963930176006E-01
904.5 -2.059588547918102E-01
904.6 -1.719158039811365E-01
904.7 -1.373922554763500E-01
904.8 -1.032285018715204E-01
904.9 -7.023400537546098E-02
905.0 -3.914109793560379E-02
905.1 -1.056231139133764E-02
905.2 1.504499380351339E-02
905.3 3.740352193248935E-02
905.4 5.642806854155735E-02
905.5 7.222332012893400E-02
905.6 8.506724838029281E-02
905.7 9.538115249296125E-02
905.8 1.036885774275587E-01
905.9 1.105663464163324E-01
906.0 1.165916991171970E-01
906.1 1.222899496998904E-01
906.2 1.280871269934115E-01
906.3 1.342717190442898E-01
906.4 1.409689385278572E-01
906.5 1.481299076626671E-01
906.6 1.555369143527102E-01
906.7 1.628245196578253E-01
906.8 1.695149176077111E-01
906.9 1.750646817614478E-01
907.0 1.789189908627135E-01
907.1 1.805687027721190E-01
907.2 1.796053095526270E-01
907.3 1.757688925095957E-01
907.4 1.689847033247573E-01
907.5 1.593848888135855E-01
907.6 1.473130811560588E-01
907.7 1.333109936303881E-01
907.8 1.180876751858894E-01
907.9 1.024735573403776E-01
908.0 8.736274705969024E-02
908.1 7.364806511971271E-02
908.2 6.215400906649234E-02
908.3 5.357307196348337E-02
908.4 4.841064741682977E-02
908.5 4.694311118370518E-02
908.6 4.919264085958287E-02
908.7 5.492100200299585E-02
908.8 6.364300218166859E-02
908.9 7.465872134443557E-02
909.0 8.710210118222793E-02
909.1 1.000021458754086E-01
909.2 1.123519635576189E-01
909.3 1.231802476949638E-01
909.4 1.316196127781526E-01
909.5 1.369664738585017E-01
909.6 1.387278701419561E-01
909.7 1.366517179068104E-01
909.8 1.307383447900224E-01
909.9 1.212326899725051E-01
910.0 1.085981236124393E-01
910.1 9.347431246437823E-02
910.2 7.662281452007691E-02
910.3 5.886502077355697E-02
910.4 4.101760211880882E-02
910.5 2.383072356046676E-02
910.6 7.933953500914984E-03
910.7 -6.205942639876367E-03
910.8 -1.831220933594030E-02
910.9 -2.830850682777387E-02
911.0 -3.631215222532735E-02
911.1 -4.261127018673581E-02
911.2 -4.762824384257580E-02
911.3 -5.187294174456055E-02
911.4 -5.588996291007570E-02
911.5 -6.020453100336835E-02
911.6 -6.527165552154106E-02
911.7 -7.143277299280955E-02
911.8 -7.888332878723846E-02
911.9 -8.765373352535577E-02
912.0 -9.760492277711461E-02
912.1 -1.084384736310398E-01
912.2 -1.197199991133166E-01
912.3 -1.309134571564703E-01
912.4 -1.414231649043005E-01
912.5 -1.506397682709373E-01
912.6 -1.579862187369794E-01
912.7 -1.629599607989200E-01
912.8 -1.651680094379885E-01
912.9 -1.643523443426064E-01
913.0 -1.604039905385667E-01
913.1 -1.533652024028598E-01
913.2 -1.434202219821591E-01
913.3 -1.308760478132157E-01
913.4 -1.161354428944616E-01
913.5 -9.966496451434667E-02
913.6 -8.196107285892382E-02
913.7 -6.351735560229237E-02
913.8 -4.479560580910722E-02
913.9 -2.620295011459257E-02
914.0 -8.076504376221630E-03
914.1 9.323789008878192E-03
914.2 2.581433052251965E-02
914.3 4.128000737566186E-02
914.4 5.566092124697544E-02
914.5 6.893575499808782E-02
914.6 8.110404532037292E-02
914.7 9.216959288798267E-02
914.8 1.021269704871430E-01
914.9 1.109526176369251E-01
915.0 1.186013918167386E-01
915.1 1.250087497714571E-01
915.2 1.300980325156786E-01
915.3 1.337916989200087E-01
915.4 1.360248613162731E-01
915.5 1.367591739260760E-01
915.6 1.359950429231233E-01
915.7 1.337802746360286E-01
915.8 1.302136412751217E-01
915.9 1.254423850469254E-01
916.0 1.196533466474650E-01
916.1 1.130581250233775E-01
916.2 1.058733778915387E-01
916.3 9.829798387096199E-02
916.4 9.048924261122596E-02
916.5 8.254053914421437E-02
916.6 7.446291270414537E-02
916.7 6.617274111244660E-02
916.8 5.748729581845480E-02
916.9 4.812927838652554E-02
917.0 3.774067387646637E-02
917.1 2.590542075205030E-02
917.2 1.217957793700506E-02
917.3 -3.873055962631502E-03
917.4 -2.264247968345233E-02
917.5 -4.443413794309192E-02
917.6 -6.943373278696931E-02
917.7 -9.767808142361419E-02
917.8 -1.290344862277738E-01
917.9 -1.631904489328705E-01
918.0 -1.996547667812717E-01
918.1 -2.377701631103580E-01
918.2 -2.767367062486629E-01
918.3 -3.156444373331332E-01
918.4 -3.535129320675767E-01
918.5 -3.893350228861094E-01
918.6 -4.221216474608394E-01
918.7 -4.509447859922421E-01
918.8 -4.749756986922896E-01
918.9 -4.935161488585861E-01
919.0 -5.060209484508839E-01
919.1 -5.121109292122815E-01
919.2 -5.115762509511554E-01
919.3 -5.043707350475127E-01
919.4 -4.905985856780004E-01
919.5 -4.704953750264452E-01
919.6 -4.444054798322455E-01
919.7 -4.127582434176726E-01
919.8 -3.760450003498831E-01
919.9 -3.347987624292901E-01
920.0 -2.895778663036482E-01
920.1 -2.409542811570186E-01
920.2 -1.895066352586533E-01
920.3 -1.358174108712273E-01
920.4 -8.047324206604210E-02
920.5 -2.406688272510999E-02
920.6 3.280077008620593E-02
920.7 8.952019117683888E-02
920.8 1.454756537585863E-01
920.9 2.000515442414395E-01
921.0 2.526430131271855E-01
921.1 3.026708050940153E-01
921.2 3.495994962982205E-01
921.3 3.929578089334173E-01
921.4 4.323592347252606E-01
921.5 4.675209316832799E-01
921.6 4.982787969761843E-01
921.7 5.245967779618801E-01
921.8 5.465688559628062E-01
921.9 5.644126945253007E-01
922.0 5.784546377288388E-01
922.1 5.891065119609618E-01
922.2 5.968354548625184E-01
922.3 6.021286941444359E-01
922.4 6.054557578129605E-01
922.5 6.072309586898215E-01
922.6 6.077791198193326E-01
922.7 6.073073744719546E-01
922.8 6.058854893966970E-01
922.9 6.034365504008480E-01
923.0 5.997390639265232E-01
923.1 5.944406325192878E-01
923.2 5.870824323611948E-01
923.3 5.771328378778944E-01
923.4 5.640277790974503E-01
923.5 5.472148489547690E-01
923.6 5.261978507149712E-01
923.7 5.005784197196523E-01
923.8 4.700915745690967E-01
923.9 4.346325321520700E-01
924.0 3.942728174826838E-01
924.1 3.492645530356213E-01
924.2 3.000327496317847E-01
924.3 2.471563615198556E-01
924.4 1.913397321254831E-01
924.5 1.333767715445202E-01
924.6 7.411071375194657E-02
924.7 1.439256125078998E-02
924.8 -4.495867958648993E-02
924.9 -1.031911314106449E-01
925.0 -1.596481966941649E-01
925.1 -2.137880466213860E-01
925.2 -2.651935548751509E-01
925.3 -3.135726133809056E-01
925.4 -3.587495664450404E-01
925.5 -4.006491985620401E-01
925.6 -4.392752509037459E-01
925.7 -4.746857798729557E-01
925.8 -5.069677856309888E-01
925.9 -5.362134281317815E-01
926.0 -5.624998328343429E-01
926.1 -5.858740063979552E-01
926.2 -6.063437871969052E-01
926.3 -6.238751083451981E-01
926.4 -6.383952168350265E-01
926.5 -6.498009326033765E-01
926.6 -6.579705977121122E-01
926.7 -6.627780959909572E-01
926.8 -6.641072375046309E-01
926.9 -6.618649009414311E-01
927.0 -6.559915925363119E-01
927.1 -6.464684778577406E-01
927.2 -6.333204253295767E-01
927.3 -6.166151125940418E-01
927.4 -5.964587316369220E-01
927.5 -5.729892328070070E-01
927.6 -5.463683276450717E-01
927.7 -5.167735958333702E-01
927.8 -4.843919994623807E-01
927.9 -4.494159032609845E-01
928.0 -4.120423551179576E-01
928.1 -3.724759350782424E-01
928.2 -3.309349823250159E-01
928.3 -2.876605140338744E-01
928.4 -2.429267135230571E-01
928.5 -1.970515386582292E-01
928.6 -1.504058251934500E-01
928.7 -1.034192589211232E-01
928.8 -5.658177263613379E-02
928.9 -1.043927762469219E-02
929.0 3.441686480383951E-02
929.1 7.736663323388622E-02
929.2 1.177837650394981E-01
929.3 1.550625589796832E-01
929.4 1.886472865561804E-01
929.5 2.180620464561998E-01
929.6 2.429386884959137E-01
929.7 2.630404359317970E-01
929.8 2.782790559325971E-01
929.9 2.887238548714677E-01
930.0 2.946013755358218E-01
930.1 2.962853977625927E-01
930.2 2.942776299518991E-01
930.3 2.891802567277345E-01
930.4 2.816622071948669E-01
930.5 2.724215640185988E-01
930.6 2.621468929768228E-01
930.7 2.514803996703588E-01
930.8 2.409856991654903E-01
930.9 2.311226220894901E-01
931.0 2.222309055743703E-01
931.1 2.145238774004517E-01
931.2 2.080924000405196E-01
931.3 2.029184710960748E-01
931.4 1.988970541304981E-01
931.5 1.958640117733572E-01
931.6 1.936274936520059E-01
931.7 1.919998417807878E-01
931.8 1.908270420128335E-01
931.9 1.900129759866722E-01
932.0 1.895361947204142E-01
932.1 1.894576023826182E-01
932.2 1.899182488718866E-01
932.3 1.911273122104549E-01
932.4 1.933412296764812E-01
932.5 1.968357338876961E-01
932.6 2.018731977988293E-01
932.7 2.086681351825925E-01
932.8 2.173539031459481E-01
932.9 2.279535943678104E-01
933.0 2.403577953209638E-01
933.1 2.543113507525830E-01
933.2 2.694105611691713E-01
933.3 2.851114106661932E-01
933.4 3.007485478939660E-01
933.5 3.155638967317724E-01
933.6 3.287430251166800E-01
933.7 3.394568105020195E-01
933.8 3.469055539286929E-01
933.9 3.503625386736449E-01
934.0 3.492141106638162E-01
934.1 3.429936628087660E-01
934.2 3.314074021176083E-01
934.3 3.143504197939683E-01
934.4 2.919123128284031E-01
934.5 2.643723582385356E-01
934.6 2.321849559984562E-01
934.7 1.959566779102545E-01
934.8 1.564167420664726E-01
934.9 1.143830453682428E-01
935.0 7.072601546401242E-02
935.1 2.633249107366807E-02
935.2 -1.792837560634941E-02
935.3 -6.123554715542338E-02
935.4 -1.028416488554496E-01
935.5 -1.420929049774470E-01
935.6 -1.784432082649259E-01
935.7 -2.114624972982783E-01
935.8 -2.408399652365100E-01
935.9 -2.663828674597212E-01
936.0 -2.880118238589529E-01
936.1 -3.057535259536747E-01
936.2 -3.197316737281453E-01
936.3 -3.301568059574060E-01
936.4 -3.373154813969902E-01
936.5 -3.415590500352521E-01
936.6 -3.432920561622893E-01
936.7 -3.429601661616869E-01
936.8 -3.410374338387299E-01
936.9 -3.380127151111940E-01
937.0 -3.343751215611382E-01
937.1 -3.305985476962090E-01
937.2 -3.271254997118825E-01
937.3 -3.243506673261545E-01
937.4 -3.226048846533135E-01
937.5 -3.221402909458161E-01
937.6 -3.231176008914760E-01
937.7 -3.255964073552869E-01
937.8 -3.295293566513661E-01
937.9 -3.347608579729339E-01
938.0 -3.410307258706736E-01
938.1 -3.479828290673092E-01
938.2 -3.551784598822968E-01
938.3 -3.621137806006151E-01
938.4 -3.682403822228683E-01
938.5 -3.729877408048957E-01
938.6 -3.757862046485522E-01
938.7 -3.760891104565787E-01
938.8 -3.733927153712874E-01
938.9 -3.672528393127026E-01
939.0 -3.572974206721765E-01
939.1 -3.432345698595151E-01
939.2 -3.248561228803740E-01
939.3 -3.020371097916335E-01
939.4 -2.747319187019098E-01
939.5 -2.429682167640444E-01
939.6 -2.068398548273415E-01
939.7 -1.665000125440942E-01
939.8 -1.221557295186559E-01
939.9 -7.406472364433341E-02
940.0 -2.253504213003733E-02
940.1 3.207234192179267E-02
940.2 8.933834083237208E-02
940.3 1.487787765971436E-01
940.4 2.098368111440521E-01
940.5 2.718762557586467E-01
940.6 3.341773694971471E-01
940.7 3.959367269450239E-01
940.8 4.562725327994200E-01
940.9 5.142363938615365E-01
941.0 5.688320539106712E-01
941.1 6.190409938856104E-01
941.2 6.638541503229151E-01
941.3 7.023083673417191E-01
941.4 7.335256313871775E-01
941.5 7.567526992673669E-01
941.6 7.713984653080983E-01
941.7 7.770663554854517E-01
941.8 7.735792007689648E-01
941.9 7.609944250965646E-01
942.0 7.396079625709832E-01
942.1 7.099460529696880E-01
942.2 6.727448991871522E-01
942.3 6.289190393339292E-01
942.4 5.795201197990654E-01
942.5 5.256884848790950E-01
942.6 4.686005621289900E-01
942.7 4.094153716300193E-01
942.8 3.492235901648304E-01
942.9 2.890024460529086E-01
943.0 2.295793164720181E-01
943.1 1.716062763202579E-01
943.2 1.155470540191618E-01
943.3 6.167694720794023E-02
943.4 1.009531109151283E-02
943.5 -3.925067167477218E-02
943.6 -8.653302739371133E-02
943.7 -1.320035496326172E-01
943.8 -1.759510063111237E-01
943.9 -2.186582876873797E-01
944.0 -2.603626973499947E-01
944.1 -3.012222547048382E-01
944.2 -3.412903314590525E-01
944.3 -3.805002341993782E-01
944.4 -4.186605306935582E-01
944.5 -4.554610665483413E-01
944.6 -4.904888002422005E-01
944.7 -5.232518628184920E-01
944.8 -5.532096785033660E-01
944.9 -5.798066049765392E-01
945.0 -6.025063906866323E-01
945.1 -6.208248065800738E-01
945.2 -6.343580775553826E-01
945.3 -6.428051847471015E-01
945.4 -6.459826895783993E-01
945.5 -6.438313910811048E-01
945.6 -6.364148112824803E-01
945.7 -6.239101519434156E-01
945.8 -6.065929273687707E-01
945.9 -5.848169097217730E-01
946.0 -5.589912954294418E-01
946.1 -5.295570988935699E-01
946.2 -4.969647033884005E-01
946.3 -4.616542641032788E-01
946.4 -4.240402929969070E-01
946.5 -3.845012974963299E-01
946.6 -3.433748392220697E-01
946.7 -3.009578709336914E-01
946.8 -2.575117437329213E-01
946.9 -2.132708903661857E-01
947.0 -1.684539134993666E-01
947.1 -1.232756584100103E-01
947.2 -7.795883398505965E-02
947.3 -3.274385866330232E-02
947.4 1.210416731341994E-02
947.5 5.629215036464327E-02
947.6 9.949977244395025E-02
947.7 1.413843711585880E-01
947.8 1.815895856926700E-01
947.9 2.197570904346377E-01
948.0 2.555404747372699E-01
948.1 2.886201511795048E-01
948.2 3.187180959025369E-01
948.3 3.456112443142725E-01
948.4 3.691424768618788E-01
948.5 3.892283189707700E-01
948.6 4.058627277768911E-01
948.7 4.191166238950657E-01
948.8 4.291331260691713E-01
948.9 4.361187379006327E-01
949.0 4.403309993114463E-01
949.1 4.420633351462532E-01
949.2 4.416279981451331E-01
949.3 4.393381070923267E-01
949.4 4.354898215896438E-01
949.5 4.303456750310177E-01
949.6 4.241200126053030E-01
949.7 4.169673594340019E-01
949.8 4.089743844429721E-01
949.9 4.001559379011536E-01
950.0 3.904554341622081E-01
950.1 3.797496348452216E-01
950.2 3.678576696044590E-01
950.3 3.545539192232015E-01
950.4 3.395841860923631E-01
950.5 3.226843971199320E-01
950.6 3.036009308174029E-01
950.7 2.821115409754641E-01
950.8 2.580457713385939E-01
950.9 2.313037261399715E-01
951.0 2.018720865434160E-01
951.1 1.698363476262025E-01
951.2 1.353883966872556E-01
951.3 9.882876014825089E-02
951.4 6.056310778588063E-02
951.5 2.109290955801888E-02
951.6 -1.899952272517035E-02
951.7 -5.907102802320803E-02
951.8 -9.844170408883028E-02
951.9 -1.364219087040318E-01
952.0 -1.723406877215333E-01
952.1 -2.055740008068611E-01
952.2 -2.355710530318524E-01
952.3 -2.618770900555323E-01
952.4 -2.841511811807978E-01
952.5 -3.021777938721902E-01
952.6 -3.158713417951491E-01
952.7 -3.252733435915628E-01
952.8 -3.305423311836754E-01
952.9 -3.319371584092164E-01
953.0 -3.297948441812344E-01
953.1 -3.245045001448610E-01
953.2 -3.164792053890516E-01
953.3 -3.061278712219104E-01
953.4 -2.938291678734202E-01
953.5 -2.799094544215376E-01
953.6 -2.646263682751661E-01
953.7 -2.481593092241573E-01
953.8 -2.306075254191716E-01
953.9 -2.119959145968262E-01
954.0 -1.922880401566519E-01
954.1 -1.714052780817097E-01
954.2 -1.492505057343778E-01
954.3 -1.257343603835054E-01
954.4 -1.008018677334722E-01
954.5 -7.445719002709598E-02
954.6 -4.678437611756954E-02
954.7 -1.796230332841177E-02
954.8 1.172754107646161E-02
954.9 4.190121968698861E-02
955.0 7.208058976164526E-02
955.1 1.017091275322560E-01
955.2 1.301742201511634E-01
955.3 1.568343018431823E-01
955.4 1.810488376526677E-01
955.5 2.022089550952006E-01
955.6 2.197665076941138E-01
955.7 2.332595248634973E-01
955.8 2.423323432230716E-01
955.9 2.467491932236175E-01
956.0 2.464005875095950E-01
956.1 2.413024709255369E-01
956.2 2.315886901171219E-01
956.3 2.174978686199557E-01
956.4 1.993561833281531E-01
956.5 1.775577938294649E-01
956.6 1.525447556800962E-01
956.7 1.247881476939801E-01
956.8 9.477187466704924E-02
956.9 6.298019998456554E-02
957.0 2.988956023882726E-02
957.1 -4.035331133030208E-03
957.2 -3.834161504816665E-02
957.3 -7.258563731396060E-02
957.4 -1.063288440635527E-01
957.5 -1.391337314171421E-01
957.6 -1.705613630283381E-01
957.7 -2.001717900220115E-01
957.8 -2.275283600431141E-01
957.9 -2.522064183811922E-01
958.0 -2.738063321275688E-01
958.1 -2.919701664442753E-01
958.2 -3.064007738382197E-01
958.3 -3.168815854200616E-01
958.4 -3.232950728468446E-01
958.5 -3.256377234345988E-01
958.6 -3.240294636408905E-01
958.7 -3.187157819714986E-01
958.8 -3.100613237175971E-01
958.9 -2.985344181376263E-01
959.0 -2.846827970136229E-01
959.1 -2.691016017549601E-01
959.2 -2.523955769334799E-01
959.3 -2.351380335507527E-01
959.4 -2.178296647073988E-01
959.5 -2.008605527491378E-01
959.6 -1.844786831780900E-01
959.7 -1.687679632524751E-01
959.8 -1.536381448817317E-01
959.9 -1.388282106107789E-01
960.0 -1.239237599437303E-01
960.1 -1.083878113739393E-01
960.2 -9.160330573388063E-02
960.3 -7.292455562716410E-02
960.4 -5.173402641102930E-02
960.5 -2.750023672935068E-02
960.6 1.677085649994452E-04
960.7 3.147335828035623E-02
960.8 6.639788816744256E-02
960.9 1.046799862939840E-01
961.0 1.458127643875188E-01
961.1 1.890585411712286E-01
961.2 2.334809717477405E-01
961.3 2.779926310287273E-01
961.4 3.214149110481735E-01
961.5 3.625460662701779E-01
961.6 4.002325257776116E-01
961.7 4.334382504267397E-01
961.8 4.613069806739369E-01
961.9 4.832126975963593E-01
962.0 4.987944726821314E-01
962.1 5.079730468905362E-01
962.2 5.109478655388935E-01
962.3 5.081747929430953E-01
962.4 5.003262195036131E-01
962.5 4.882366339717136E-01
962.6 4.728378546258549E-01
962.7 4.550889037145442E-01
962.8 4.359059051505765E-01
962.9 4.160973535923407E-01
963.0 3.963096461771439E-01
963.1 3.769869235478314E-01
963.2 3.583481034557713E-01
963.3 3.403826032016017E-01
963.4 3.228647497207862E-01
963.5 3.053853902191399E-01
963.6 2.873978625478559E-01
963.7 2.682743722618763E-01
963.8 2.473680414695885E-01
963.9 2.240755044678228E-01
964.0 1.978949555096224E-01
964.1 1.684749988451431E-01
964.2 1.356504703242544E-01
964.3 9.946252273870981E-02
964.4 6.016159864093007E-02
964.5 1.819334311885638E-02
964.6 -2.583108361227672E-02
964.7 -7.117756365406412E-02
964.8 -1.170406889456101E-01
964.9 -1.626000721536775E-01
965.0 -2.070765057093185E-01
965.1 -2.497832469388775E-01
965.2 -2.901681722191649E-01
965.3 -3.278433578146426E-01
965.4 -3.625997390871126E-01
965.5 -3.944057803678298E-01
965.6 -4.233904477845187E-01
965.7 -4.498121040928795E-01
965.8 -4.740161292225101E-01
965.9 -4.963850166211194E-01
966.0 -5.172853277098534E-01
966.1 -5.370161552849594E-01
966.2 -5.557636319033569E-01
966.3 -5.735655327829385E-01
966.4 -5.902892059666767E-01
966.5 -6.056249830341682E-01
966.6 -6.190959694387728E-01
966.7 -6.300837855996695E-01
966.8 -6.378685340226437E-01
966.9 -6.416801061467137E-01
967.0 -6.407570058650781E-01
967.1 -6.344082266872489E-01
967.2 -6.220734243114774E-01
967.3 -6.033766966984804E-01
967.4 -5.781697119024936E-01
967.5 -5.465606749285208E-01
967.6 -5.089266396378738E-01
967.7 -4.659078719798528E-01
967.8 -4.183842655434161E-01
967.9 -3.674351029271228E-01
968.0 -3.142846517921682E-01
968.1 -2.602370965893353E-01
968.2 -2.066050647500717E-01
968.3 -1.546364584274110E-01
968.4 -1.054444216658649E-01
968.5 -5.994505476777764E-02
968.6 -1.880695340725227E-02
968.7 1.758415748919320E-02
968.8 4.914344483968468E-02
968.9 7.608655076506823E-02
969.0 9.891085866589445E-02
969.1 1.183597475132260E-01
969.2 1.353722172423757E-01
969.3 1.510211680704879E-01
969.4 1.664442833577412E-01
969.5 1.827718611287113E-01
969.6 2.010560448440684E-01
969.7 2.222057207578799E-01
969.8 2.469308976641293E-01
969.9 2.756997025439716E-01
970.0 3.087102639766223E-01
970.1 3.458787755188437E-01
970.2 3.868440004428249E-01
970.3 4.309874650090869E-01
970.4 4.774676540508764E-01
970.5 5.252657267089631E-01
970.6 5.732396574144147E-01
970.7 6.201833099782642E-01
970.8 6.648867882740030E-01
970.9 7.061944773553620E-01
971.0 7.430574808126044E-01
971.1 7.745776469879393E-01
971.2 8.000410201763943E-01
971.3 8.189393063792542E-01
971.4 8.309787544219390E-01
971.5 8.360766683118136E-01
971.6 8.343465331817946E-01
971.7 8.260734074917012E-01
971.8 8.116817685289579E-01
971.9 7.916983668839620E-01
972.0 7.667128303902691E-01
972.1 7.373387534590887E-01
972.2 7.041778208627735E-01
972.3 6.677891647345874E-01
972.4 6.286656691273541E-01
972.5 5.872183554004292E-01
972.6 5.437693470455306E-01
972.7 4.985532699567956E-01
972.8 4.517263386718143E-01
972.9 4.033818522038884E-01
973.0 3.535704097301179E-01
973.1 3.023228827775174E-01
973.2 2.496740622882932E-01
973.3 1.956849401552133E-01
973.4 1.404617778997581E-01
973.5 8.417044152249774E-02
973.6 2.704491304786150E-02
973.7 -3.061060955996525E-02
973.8 -8.842608170035711E-02
973.9 -1.459759895529199E-01
974.0 -2.027948077637437E-01
974.1 -2.583962299766318E-01
974.2 -3.122946000751050E-01
974.3 -3.640268403330512E-01
974.4 -4.131731812539784E-01
974.5 -4.593751425266316E-01
974.6 -5.023494800657082E-01
974.7 -5.418971757285829E-01
974.8 -5.779069717033971E-01
974.9 -6.103534036875368E-01
975.0 -6.392897271812553E-01
975.1 -6.648365225694929E-01
975.2 -6.871670750589162E-01
975.3 -7.064908304657607E-01
975.4 -7.230363124315147E-01
975.5 -7.370348468882472E-01
975.6 -7.487062826386426E-01
975.7 -7.582476403302419E-01
975.8 -7.658252922309505E-01
975.9 -7.715709047150677E-01
976.0 -7.755810002286034E-01
976.1 -7.779196516517283E-01
976.2 -7.786235419917966E-01
976.3 -7.777084323664339E-01
976.4 -7.751759985404143E-01
976.5 -7.710200275866034E-01
976.6 -7.652311070688202E-01
976.7 -7.577991741758616E-01
976.8 -7.487135967274703E-01
976.9 -7.379608000807352E-01
977.0 -7.255197977565734E-01
977.1 -7.113562925295880E-01
977.2 -6.954162551775712E-01
977.3 -6.776200327443365E-01
977.4 -6.578580688113800E-01
977.5 -6.359892277314196E-01
977.6 -6.118425079092819E-01
977.7 -5.852226227216070E-01
977.8 -5.559195487519007E-01
977.9 -5.237217250518893E-01
978.0 -4.884321744346387E-01
978.1 -4.498864498737349E-01
978.2 -4.079710246719508E-01
978.3 -3.626405763323990E-01
978.4 -3.139325833246368E-01
978.5 -2.619777711752211E-01
978.6 -2.070052058574834E-01
978.7 -1.493412208752698E-01
978.8 -8.940184968392083E-02
978.9 -2.767897693276888E-02
979.0 3.527902662146119E-02
979.1 9.889090955549587E-02
979.2 1.625686866815051E-01
979.3 2.257443355686209E-01
979.4 2.878949194024002E-01
979.5 3.485640611419871E-01
979.6 4.073779246285893E-01
979.7 4.640542580995322E-01
979.8 5.184035957918322E-01
979.9 5.703223520156075E-01
980.0 6.197782274421508E-01
980.1 6.667890219586244E-01
980.2 7.113965541853019E-01
980.3 7.536378708659955E-01
980.4 7.935162451283849E-01
980.5 8.309745795371563E-01
980.6 8.658737324561687E-01
980.7 8.979779767632242E-01
980.8 9.269492984985404E-01
980.9 9.523515860406701E-01
981.0 9.736649979320071E-01
981.1 9.903099890725530E-01
981.2 1.001679684884569E+00
981.3 1.007178584813445E+00
981.4 1.006265007850652E+00
981.5 9.984943106404043E-01
981.6 9.835597455695092E-01
981.7 9.613278971795803E-01
981.8 9.318659369243454E-01
981.9 8.954584471691889E-01
982.0 8.526122474710591E-01
982.1 8.040484584229651E-01
982.2 7.506819005360048E-01
982.3 6.935887834660882E-01
982.4 6.339644311403598E-01
982.5 5.730734537953316E-01
982.6 5.121952718527570E-01
982.7 4.525681860761852E-01
982.8 3.953352568549503E-01
982.9 3.414951030567468E-01
983.0 2.918603744376300E-01
983.1 2.470261224899888E-01
983.2 2.073496358664639E-01
983.3 1.729425689938534E-01
983.4 1.436754305992106E-01
983.5 1.191937661745990E-01
983.6 9.894471355365449E-02
983.7 8.221207397655016E-02
983.8 6.815765145313822E-02
983.9 5.586638748408430E-02
984.0 4.439275981467698E-02
984.1 3.280601407383278E-02
984.2 2.023203636136764E-02
984.3 5.890025247504609E-03
984.4 -1.087745002699234E-02
984.5 -3.058194767714272E-02
984.6 -5.357467216962991E-02
984.7 -8.004002380123500E-02
984.8 -1.099967848753993E-01
984.9 -1.433062129728372E-01
985.0 -1.796860570047935E-01
985.1 -2.187293415320076E-01
985.2 -2.599266766746927E-01
985.3 -3.026908369203709E-01
985.4 -3.463824005665090E-01
985.5 -3.903353387121431E-01
985.6 -4.338815744986329E-01
985.7 -4.763736865492721E-01
985.8 -5.172050940815976E-01
985.9 -5.558272262904010E-01
986.0 -5.917633392745109E-01
986.1 -6.246187962480845E-01
986.2 -6.540877690021468E-01
986.3 -6.799564494512160E-01
986.4 -7.021029786628223E-01
986.5 -7.204944055734603E-01
986.6 -7.351810762726917E-01
986.7 -7.462889239323772E-01
986.8 -7.540101750681915E-01
986.9 -7.585930055982557E-01
987.0 -7.603306665247975E-01
987.1 -7.595505520277356E-01
987.2 -7.566036028482490E-01
987.3 -7.518543287887766E-01
987.4 -7.456716032772169E-01
987.5 -7.384202410745481E-01
987.6 -7.304532311009825E-01
987.7 -7.221043756538026E-01
987.8 -7.136810009704193E-01
987.9 -7.054563667113020E-01
988.0 -6.976614247089913E-01
988.1 -6.904756663372258E-01
988.2 -6.840169525970051E-01
988.3 -6.783304335107486E-01
988.4 -6.733769180202431E-01
988.5 -6.690213296521929E-01
988.6 -6.650221485837237E-01
988.7 -6.610229660238776E-01
988.8 -6.565474302902314E-01
988.9 -6.509989167915502E-01
989.0 -6.436661837549578E-01
989.1 -6.337360686676800E-01
989.2 -6.203139354802235E-01
989.3 -6.024521112657300E-01
989.4 -5.791859784676076E-01
989.5 -5.495767528876612E-01
989.6 -5.127593263094559E-01
989.7 -4.679929411076087E-01
989.8 -4.147119497553127E-01
989.9 -3.525735495824007E-01
990.0 -2.814992193325095E-01
990.1 -2.017066531126158E-01
990.2 -1.137293063893707E-01
990.3 -1.842123508409123E-02
990.4 8.305430122740788E-02
990.5 1.892530319424559E-01
990.6 2.984941383016858E-01
990.7 4.089193357008937E-01
990.8 5.185638448778193E-01
990.9 6.254355738870522E-01
991.0 7.275980987028042E-01
991.1 8.232525780314354E-01
991.2 9.108136166268416E-01
991.3 9.889743259057755E-01
991.4 1.056756418221712E+00
991.5 1.113542080529212E+00
991.6 1.159085545979751E+00
991.7 1.193503636564263E+00
991.8 1.217245987241788E+00
991.9 1.231047073336901E+00
992.0 1.235863438657570E+00
992.1 1.232800560214558E+00
992.2 1.223034501824262E+00
992.3 1.207733842737462E+00
992.4 1.187987288100684E+00
992.5 1.164741877900584E+00
992.6 1.138755845913810E+00
992.7 1.110569006964459E+00
992.8 1.080492162262651E+00
992.9 1.048615520012888E+00
993.0 1.014834652405921E+00
993.1 9.788911703397080E-01
993.2 9.404242026479461E-01
993.3 8.990280058754667E-01
993.4 8.543106644493548E-01
993.5 8.059488968792766E-01
993.6 7.537344530634548E-01
993.7 6.976084273815492E-01
993.8 6.376809470242040E-01
993.9 5.742350249058784E-01
994.0 5.077147750969384E-01
994.1 4.386995533426880E-01
994.2 3.678667877715616E-01
994.3 2.959472020522036E-01
994.4 2.236767257451621E-01
994.5 1.517495860047485E-01
994.6 8.077686788242029E-02
994.7 1.125424024815786E-02
994.8 -5.645837216166940E-02
994.9 -1.221435469065901E-01
995.0 -1.857192187538395E-01
995.1 -2.472186030974129E-01
995.2 -3.067593609059087E-01
995.3 -3.645051667082342E-01
995.4 -4.206235279909998E-01
995.5 -4.752440287899700E-01
995.6 -5.284211048124384E-01
995.7 -5.801050105788484E-01
995.8 -6.301238542166122E-01
995.9 -6.781785269110637E-01
996.0 -7.238511398006152E-01
996.1 -7.666263142709981E-01
996.2 -8.059234695013111E-01
996.3 -8.411372245978298E-01
996.4 -8.716822758469472E-01
996.5 -8.970386913037387E-01
996.6 -9.167935222080785E-01
996.7 -9.306749657065502E-01
996.8 -9.385759931044650E-01
996.9 -9.405653175615086E-01
997.0 -9.368847242479534E-01
997.1 -9.279330168104707E-01
997.2 -9.142380318518050E-01
997.3 -8.964192270548766E-01
997.4 -8.751441617763536E-01
997.5 -8.510826877933798E-01
997.6 -8.248628088312407E-01
997.7 -7.970319409769793E-01
997.8 -7.680267373148896E-01
997.9 -7.381537865742496E-01
998.0 -7.075824413688799E-01
998.1 -6.763498793718362E-01
998.2 -6.443773617876347E-01
998.3 -6.114956369822531E-01
998.4 -5.774766398016400E-01
998.5 -5.420681337858662E-01
998.6 -5.050277800000682E-01
998.7 -4.661533049532234E-01
998.8 -4.253059588446494E-01
998.9 -3.824252495311903E-01
999.0 -3.375339253525695E-01
999.1 -2.907332603509007E-01
999.2 -2.421897582060552E-01
999.3 -1.921153276077499E-01
999.4 -1.407436952570205E-01
999.5 -8.830623849116960E-02
999.6 -3.501049231279161E-02
999.7 1.897569588090304E-02
999.8 7.353200197103664E-02
999.9 1.285839726872324E-01
1000.0 1.840914757025979E-01
